{
  "@id": "https://data.datatourisme.fr/13/87101b4b-a501-3b08-a5d2-c18d0253688e",
  "dc:identifier": "6424959",
  "@type": [
    "schema:FoodEstablishment",
    "schema:Winery",
    "BistroOrWineBar",
    "FoodEstablishment",
    "PlaceOfInterest",
    "PointOfInterest",
    "SportsAndLeisurePlace"
  ],
  "rdfs:comment": {
    "de": [
      "Cocktails, guter Sound, in einer untypischen Umgebung im historischen Zentrum von Porto-Vecchio."
    ],
    "en": [
      "Cocktails, good sound, in an atypical setting in the historic centre of Porto-Vecchio."
    ],
    "it": [
      "Cocktail, buon suono, in un ambiente atipico nel centro storico di Porto-Vecchio."
    ],
    "fr": [
      "Niché dans un des cinq bastions de la citadelle, l'Othello Bar vous invite sur sa terrasse panoramique. A déguster : cocktails, spiritueux et tapas dans un décor atypique avec vue sur la baie de Porto-Vecchio."
    ],
    "es": [
      "Enclavado en uno de los cinco bastiones de la ciudadela, el Othello Bar le invita a su terraza panorámica. Disfrute de cócteles, licores y tapas en un entorno atípico con vistas a la bahía de Porto-Vecchio."
    ],
    "nl": [
      "Cocktails, goed geluid, in een atypische omgeving in het historische centrum van Porto-Vecchio."
    ]
  },
  "rdfs:label": {
    "fr": [
      "L'Othello"
    ]
  },
  "hasBeenCreatedBy": {
    "@id": "https://data.datatourisme.fr/13/84c6494d-3085-3c63-a55c-db8cb047fadd",
    "dc:identifier": "1738",
    "schema:email": [
      "camillef.omt@gmail.com",
      "direction@destination-sudcorse.com",
      "gestion@destination-sudcorse.com",
      "promotion@destination-sudcorse.com",
      "webmaster@destination-sudcorse.com"
    ],
    "schema:legalName": "Porto Vecchio Tourisme",
    "@type": [
      "schema:Organization",
      "foaf:Agent",
      "Agent"
    ],
    "foaf:homepage": [
      "http://www.ot-portovecchio.com/"
    ]
  },
  "hasBeenPublishedBy": [
    {
      "@id": "https://data.datatourisme.fr/8a9feb4b-2cbd-3d2c-b507-bd6c6776b23b",
      "schema:legalName": "Apidae Tourisme Scic SA - source : Apidae Tourisme",
      "@type": [
        "schema:Organization",
        "foaf:Agent",
        "Agent"
      ],
      "foaf:homepage": [
        "https://www.apidae-tourisme.com/"
      ]
    }
  ],
  "hasContact": [
    {
      "@id": "https://data.datatourisme.fr/ba8ee630-7751-30d2-99dd-567ead9cdca1",
      "schema:email": [
        "citizenfadda@gmail.com"
      ],
      "@type": [
        "foaf:Agent",
        "Agent"
      ]
    }
  ],
  "hasDescription": [
    {
      "@id": "https://data.datatourisme.fr/6f42520f-a194-3595-be6d-b3f27d525fdd",
      "@type": [
        "Description"
      ],
      "hasTranslatedProperty": [
        {
          "@id": "https://data.datatourisme.fr/86ceecf9-43e6-31e3-8550-f0741d1bdea1",
          "dc:contributor": [
            "https://api.deepl.com/v2/translate"
          ],
          "rdf:language": [
            "es"
          ],
          "rdf:predicate": [
            "shortDescription"
          ]
        }
      ],
      "shortDescription": {
        "de": [
          "Cocktails, guter Sound, in einer untypischen Umgebung im historischen Zentrum von Porto-Vecchio."
        ],
        "en": [
          "Cocktails, good sound, in an atypical setting in the historic centre of Porto-Vecchio."
        ],
        "it": [
          "Cocktail, buon suono, in un ambiente atipico nel centro storico di Porto-Vecchio."
        ],
        "fr": [
          "Niché dans un des cinq bastions de la citadelle, l'Othello Bar vous invite sur sa terrasse panoramique. A déguster : cocktails, spiritueux et tapas dans un décor atypique avec vue sur la baie de Porto-Vecchio."
        ],
        "es": [
          "Enclavado en uno de los cinco bastiones de la ciudadela, el Othello Bar le invita a su terraza panorámica. Disfrute de cócteles, licores y tapas en un entorno atípico con vistas a la bahía de Porto-Vecchio."
        ],
        "nl": [
          "Cocktails, goed geluid, in een atypische omgeving in het historische centrum van Porto-Vecchio."
        ]
      }
    }
  ],
  "hasTranslatedProperty": [
    {
      "@id": "https://data.datatourisme.fr/8ab162c0-3d67-38d4-b96e-a2c1543b1de4",
      "dc:contributor": [
        "https://api.deepl.com/v2/translate"
      ],
      "rdf:language": [
        "es"
      ],
      "rdf:predicate": [
        {
          "@id": "rdfs:comment"
        }
      ]
    }
  ],
  "isLocatedAt": [
    {
      "@id": "https://data.datatourisme.fr/17f2b379-b968-3876-843d-5804787b0ae0",
      "schema:address": [
        {
          "@id": "https://data.datatourisme.fr/3ea10270-1f0c-3e86-ac63-5a8b5e6c8f92",
          "schema:addressLocality": "Porto-Vecchio",
          "schema:postalCode": "20137",
          "schema:streetAddress": [
            "65 rue Borgo"
          ],
          "@type": [
            "schema:PostalAddress",
            "PostalAddress"
          ],
          "hasAddressCity": {
            "@id": "kb:2A247",
            "@type": [
              "City"
            ],
            "rdfs:label": {
              "en": [
                "Porto-Vecchio"
              ],
              "fr": [
                "Porto-Vecchio"
              ]
            },
            "insee": "2A247",
            "isPartOfDepartment": {
              "@id": "kb:France942A",
              "@type": [
                "Department"
              ],
              "rdfs:label": {
                "en": [
                  "Corse-du-Sud"
                ],
                "fr": [
                  "Corse-du-Sud"
                ]
              },
              "insee": "2A",
              "isPartOfRegion": {
                "@id": "kb:France94",
                "@type": [
                  "Region"
                ],
                "rdfs:label": {
                  "en": [
                    "Corse"
                  ],
                  "fr": [
                    "Corse"
                  ]
                },
                "insee": "94",
                "isPartOfCountry": {
                  "@id": "kb:France",
                  "@type": [
                    "schema:Country"
                  ],
                  "rdfs:label": {
                    "de": [
                      "Frankreich"
                    ],
                    "pt": [
                      "França"
                    ],
                    "en": [
                      "France"
                    ],
                    "it": [
                      "Francia"
                    ],
                    "fr": [
                      "France"
                    ],
                    "nl": [
                      "Frankrijk"
                    ],
                    "es": [
                      "Francia"
                    ]
                  }
                }
              }
            }
          }
        }
      ],
      "schema:geo": {
        "@id": "https://data.datatourisme.fr/7aaf8f75-f61b-3c39-9043-1b678757ee72",
        "schema:latitude": "41.59",
        "schema:longitude": "9.2794",
        "@type": [
          "schema:GeoCoordinates"
        ]
      },
      "schema:openingHoursSpecification": [
        {
          "@id": "https://data.datatourisme.fr/f87e535a-636d-3343-ad63-8a03392e7511",
          "schema:validFrom": "2023-01-01T00:00:00",
          "schema:validThrough": "2023-12-31T23:59:59",
          "@type": [
            "schema:OpeningHoursSpecification"
          ]
        }
      ],
      "@type": [
        "schema:Place",
        "Place"
      ]
    }
  ],
  "isOwnedBy": [
    {
      "@id": "https://data.datatourisme.fr/f5f950f9-5eec-32b4-a357-2c969ccf4068",
      "schema:email": [
        "camillef.omt@gmail.com",
        "direction@destination-sudcorse.com",
        "gestion@destination-sudcorse.com",
        "promotion@destination-sudcorse.com",
        "webmaster@destination-sudcorse.com"
      ],
      "schema:legalName": "Porto Vecchio Tourisme",
      "@type": [
        "schema:Organization",
        "foaf:Agent",
        "Agent"
      ],
      "foaf:homepage": [
        "http://www.ot-portovecchio.com/"
      ]
    }
  ],
  "lastUpdate": "2023-02-22",
  "lastUpdateDatatourisme": "2023-03-27T05:53:20.019Z"
}