{
  "@id": "https://data.datatourisme.fr/13/3e7c00eb-209c-30bf-9432-51e0c74ca732",
  "dc:identifier": "5112676",
  "@type": [
    "schema:FoodEstablishment",
    "FoodEstablishment",
    "PlaceOfInterest",
    "PointOfInterest"
  ],
  "rdfs:comment": {
    "de": [
      "Baby und Pierre sind das, was man als \"Charaktere\" bezeichnet. In diesem Dorfrestaurant neben der Bar U Picciu Café mit ihrer oft sehr lebhaften Atmosphäre werden Sie sich nicht langweilen!"
    ],
    "en": [
      "Baby and Pierre are what we call \"characters\". You won't get bored in this village restaurant located next to the U Picciu Café bar with its often very lively atmosphere!"
    ],
    "it": [
      "Baby e Pierre sono ciò che chiamiamo \"personaggi\". Non vi annoierete in questo ristorante di paese situato accanto al bar U Picciu Café con la sua atmosfera spesso vivace!"
    ],
    "fr": [
      "Baby et Pierre sont ce que l'on appelle des \"personnages\". Vous ne vous ennuierez pas dans ce restaurant de village situé à côté du bar U Picciu Café à l'ambiance souvent très animée !"
    ],
    "es": [
      "Baby y Pierre son lo que llamamos \"personajes\". No se aburrirá en este restaurante de pueblo situado junto al bar U Picciu Café con su ambiente a menudo animado"
    ],
    "nl": [
      "Baby en Pierre zijn wat wij \"karakters\" noemen. U zult zich niet vervelen in dit dorpsrestaurant, gelegen naast de bar U Picciu Café met zijn vaak levendige sfeer!"
    ]
  },
  "rdfs:label": {
    "fr": [
      "U Picciu"
    ]
  },
  "hasBeenCreatedBy": {
    "@id": "https://data.datatourisme.fr/13/e4873aa9-a05c-35ed-8395-61d121516766",
    "dc:identifier": "1646",
    "schema:email": [
      "info@balagne-corsica.com"
    ],
    "schema:legalName": "Office de Tourisme Intercommunal Calvi - Balagne",
    "@type": [
      "schema:Organization",
      "foaf:Agent",
      "Agent"
    ],
    "foaf:homepage": [
      "https://www.balagne-corsica.com/"
    ]
  },
  "hasBeenPublishedBy": [
    {
      "@id": "https://data.datatourisme.fr/8a9feb4b-2cbd-3d2c-b507-bd6c6776b23b",
      "schema:legalName": "Apidae Tourisme Scic SA - source : Apidae Tourisme",
      "@type": [
        "schema:Organization",
        "foaf:Agent",
        "Agent"
      ],
      "foaf:homepage": [
        "https://www.apidae-tourisme.com/"
      ]
    }
  ],
  "hasContact": [
    {
      "@id": "https://data.datatourisme.fr/fc486a87-58c2-3088-9af3-57dd76fa45ac",
      "schema:telephone": [
        "+33 4 95 62 73 84"
      ],
      "@type": [
        "foaf:Agent",
        "Agent"
      ]
    }
  ],
  "hasDescription": [
    {
      "@id": "https://data.datatourisme.fr/8aae2a8e-6612-3c18-8433-69dc0fa5584e",
      "@type": [
        "Description"
      ],
      "hasTranslatedProperty": [
        {
          "@id": "https://data.datatourisme.fr/653e711e-eb51-3e2a-b211-f08b86715a2b",
          "dc:contributor": [
            "https://api.deepl.com/v2/translate"
          ],
          "rdf:language": [
            "en"
          ],
          "rdf:predicate": [
            "shortDescription"
          ]
        },
        {
          "@id": "https://data.datatourisme.fr/bab6cf4c-86a0-30c3-b6ad-532dd65e014f",
          "dc:contributor": [
            "https://api.deepl.com/v2/translate"
          ],
          "rdf:language": [
            "de"
          ],
          "rdf:predicate": [
            "shortDescription"
          ]
        },
        {
          "@id": "https://data.datatourisme.fr/d290e98a-70fa-322a-a9e3-dbc1e3e90735",
          "dc:contributor": [
            "https://api.deepl.com/v2/translate"
          ],
          "rdf:language": [
            "nl"
          ],
          "rdf:predicate": [
            "shortDescription"
          ]
        },
        {
          "@id": "https://data.datatourisme.fr/f13139f7-9107-3041-87f1-41b2cc1b8d7b",
          "dc:contributor": [
            "https://api.deepl.com/v2/translate"
          ],
          "rdf:language": [
            "it"
          ],
          "rdf:predicate": [
            "shortDescription"
          ]
        },
        {
          "@id": "https://data.datatourisme.fr/feb0090d-4fb6-3385-8f49-4d4eeb298be4",
          "dc:contributor": [
            "https://api.deepl.com/v2/translate"
          ],
          "rdf:language": [
            "es"
          ],
          "rdf:predicate": [
            "shortDescription"
          ]
        }
      ],
      "shortDescription": {
        "de": [
          "Baby und Pierre sind das, was man als \"Charaktere\" bezeichnet. In diesem Dorfrestaurant neben der Bar U Picciu Café mit ihrer oft sehr lebhaften Atmosphäre werden Sie sich nicht langweilen!"
        ],
        "en": [
          "Baby and Pierre are what we call \"characters\". You won't get bored in this village restaurant located next to the U Picciu Café bar with its often very lively atmosphere!"
        ],
        "it": [
          "Baby e Pierre sono ciò che chiamiamo \"personaggi\". Non vi annoierete in questo ristorante di paese situato accanto al bar U Picciu Café con la sua atmosfera spesso vivace!"
        ],
        "fr": [
          "Baby et Pierre sont ce que l'on appelle des \"personnages\". Vous ne vous ennuierez pas dans ce restaurant de village situé à côté du bar U Picciu Café à l'ambiance souvent très animée !"
        ],
        "es": [
          "Baby y Pierre son lo que llamamos \"personajes\". No se aburrirá en este restaurante de pueblo situado junto al bar U Picciu Café con su ambiente a menudo animado"
        ],
        "nl": [
          "Baby en Pierre zijn wat wij \"karakters\" noemen. U zult zich niet vervelen in dit dorpsrestaurant, gelegen naast de bar U Picciu Café met zijn vaak levendige sfeer!"
        ]
      }
    }
  ],
  "hasTranslatedProperty": [
    {
      "@id": "https://data.datatourisme.fr/3a83736e-3aba-3edb-a8ec-5dbafb94c438",
      "dc:contributor": [
        "https://api.deepl.com/v2/translate"
      ],
      "rdf:language": [
        "de"
      ],
      "rdf:predicate": [
        {
          "@id": "rdfs:comment"
        }
      ]
    },
    {
      "@id": "https://data.datatourisme.fr/5b555105-00ff-3364-bf17-6b053c8a3785",
      "dc:contributor": [
        "https://api.deepl.com/v2/translate"
      ],
      "rdf:language": [
        "es"
      ],
      "rdf:predicate": [
        {
          "@id": "rdfs:comment"
        }
      ]
    },
    {
      "@id": "https://data.datatourisme.fr/5c0f9030-7aa7-3dda-847b-d07575437a1e",
      "dc:contributor": [
        "https://api.deepl.com/v2/translate"
      ],
      "rdf:language": [
        "nl"
      ],
      "rdf:predicate": [
        {
          "@id": "rdfs:comment"
        }
      ]
    },
    {
      "@id": "https://data.datatourisme.fr/cf199cdc-21c0-3879-8dfb-5b5e94e311d5",
      "dc:contributor": [
        "https://api.deepl.com/v2/translate"
      ],
      "rdf:language": [
        "en"
      ],
      "rdf:predicate": [
        {
          "@id": "rdfs:comment"
        }
      ]
    },
    {
      "@id": "https://data.datatourisme.fr/ea13e5d2-5c9f-3330-9bb9-d3029f1a52ff",
      "dc:contributor": [
        "https://api.deepl.com/v2/translate"
      ],
      "rdf:language": [
        "it"
      ],
      "rdf:predicate": [
        {
          "@id": "rdfs:comment"
        }
      ]
    }
  ],
  "isLocatedAt": [
    {
      "@id": "https://data.datatourisme.fr/52d98d3a-0e37-367e-912f-6828d29e8b5d",
      "schema:address": [
        {
          "@id": "https://data.datatourisme.fr/9e13a22e-dab0-310d-b0d8-f9b81bde16f4",
          "schema:addressLocality": "Calenzana",
          "schema:postalCode": "20214",
          "schema:streetAddress": [
            "7 Place Prince Pierre"
          ],
          "@type": [
            "schema:PostalAddress",
            "PostalAddress"
          ],
          "hasAddressCity": {
            "@id": "kb:2B049",
            "@type": [
              "City"
            ],
            "rdfs:label": {
              "en": [
                "Calenzana"
              ],
              "fr": [
                "Calenzana"
              ]
            },
            "insee": "2B049",
            "isPartOfDepartment": {
              "@id": "kb:France942B",
              "@type": [
                "Department"
              ],
              "rdfs:label": {
                "en": [
                  "Haute-Corse"
                ],
                "fr": [
                  "Haute-Corse"
                ]
              },
              "insee": "2B",
              "isPartOfRegion": {
                "@id": "kb:France94",
                "@type": [
                  "Region"
                ],
                "rdfs:label": {
                  "en": [
                    "Corse"
                  ],
                  "fr": [
                    "Corse"
                  ]
                },
                "insee": "94",
                "isPartOfCountry": {
                  "@id": "kb:France",
                  "@type": [
                    "schema:Country"
                  ],
                  "rdfs:label": {
                    "de": [
                      "Frankreich"
                    ],
                    "pt": [
                      "França"
                    ],
                    "en": [
                      "France"
                    ],
                    "it": [
                      "Francia"
                    ],
                    "fr": [
                      "France"
                    ],
                    "nl": [
                      "Frankrijk"
                    ],
                    "es": [
                      "Francia"
                    ]
                  }
                }
              }
            }
          }
        }
      ],
      "schema:geo": {
        "@id": "https://data.datatourisme.fr/30ce6d91-5659-3aab-b15b-472dbc74c54e",
        "schema:latitude": "42.507866",
        "schema:longitude": "8.854438",
        "@type": [
          "schema:GeoCoordinates"
        ]
      },
      "schema:openingHoursSpecification": [
        {
          "@id": "https://data.datatourisme.fr/f87e535a-636d-3343-ad63-8a03392e7511",
          "schema:validFrom": "2023-01-01T00:00:00",
          "schema:validThrough": "2023-12-31T23:59:59",
          "@type": [
            "schema:OpeningHoursSpecification"
          ]
        }
      ],
      "@type": [
        "schema:Place",
        "Place"
      ]
    }
  ],
  "isOwnedBy": [
    {
      "@id": "https://data.datatourisme.fr/194c52e6-bbae-33dc-8464-caca97844fbb",
      "schema:email": [
        "info@balagne-corsica.com"
      ],
      "schema:legalName": "Office de Tourisme Intercommunal Calvi - Balagne",
      "@type": [
        "schema:Organization",
        "foaf:Agent",
        "Agent"
      ],
      "foaf:homepage": [
        "https://www.balagne-corsica.com/"
      ]
    }
  ],
  "lastUpdate": "2023-01-02",
  "lastUpdateDatatourisme": "2023-02-01T18:07:35.646Z"
}