{
  "@id": "https://data.datatourisme.fr/13/1560d8df-d8ae-3099-ba22-39c05d9a2a92",
  "dc:identifier": "4932608",
  "@type": [
    "schema:Accommodation",
    "schema:Hotel",
    "schema:LodgingBusiness",
    "Accommodation",
    "Hotel",
    "HotelTrade",
    "PlaceOfInterest",
    "PointOfInterest"
  ],
  "rdfs:comment": {
    "de": [
      "Zeitgenössisches Hotel mit großen, voll klimatisierten Zimmern und Apartments. Sie profitieren von seiner idealen Lage 30m vom Strand, 300m vom historischen Zentrum der Stadt und 100m vom Hafen entfernt."
    ],
    "en": [
      "Contemporary hotel with large rooms and fully air-conditioned apartments. You will enjoy its ideal location 30m from the beach, 300m from the historic city center and 100m from the port."
    ],
    "it": [
      "Questo hotel contemporaneo dispone di ampie camere e appartamenti con aria condizionata. L'hotel è situato in posizione ideale a 30 metri dalla spiaggia, a 300 metri dal centro storico e a 100 metri dal porto."
    ],
    "fr": [
      "Hôtel contemporain composé de grandes chambres et d'appartements entièrement climatisés. Vous profiterez de sa situation idéale à 30m de la plage, 300m du centre historique de la ville et 100m du port."
    ],
    "es": [
      "Este hotel contemporáneo cuenta con amplias habitaciones y pisos con aire acondicionado. El hotel está idealmente situado a 30 m de la playa, a 300 m del centro histórico de la ciudad y a 100 m del puerto."
    ],
    "nl": [
      "Dit eigentijdse hotel beschikt over grote kamers en appartementen met volledige airconditioning. Het hotel is ideaal gelegen op 30 meter van het strand, 300 meter van het historische stadscentrum en 100 meter van de haven."
    ]
  },
  "rdfs:label": {
    "fr": [
      "L'Escale Côté Port"
    ]
  },
  "hasBeenCreatedBy": {
    "@id": "https://data.datatourisme.fr/13/8d420fa3-5754-31f1-8199-69c88780314d",
    "dc:identifier": "1647",
    "schema:email": [
      "web@ileroussetourisme.com"
    ],
    "schema:legalName": "Office de Tourisme Intercommunal de L'Ile Rousse-Balagne",
    "@type": [
      "schema:Organization",
      "foaf:Agent",
      "Agent"
    ],
    "foaf:homepage": [
      "https://www.balagne-corsica.com/"
    ]
  },
  "hasBeenPublishedBy": [
    {
      "@id": "https://data.datatourisme.fr/8a9feb4b-2cbd-3d2c-b507-bd6c6776b23b",
      "schema:legalName": "Apidae Tourisme Scic SA - source : Apidae Tourisme",
      "@type": [
        "schema:Organization",
        "foaf:Agent",
        "Agent"
      ],
      "foaf:homepage": [
        "https://www.apidae-tourisme.com/"
      ]
    }
  ],
  "hasContact": [
    {
      "@id": "https://data.datatourisme.fr/bce25a79-05ca-3cfb-844e-631212f0c95d",
      "schema:email": [
        "coteport@hotelilerousse.com"
      ],
      "schema:telephone": [
        "+33 4 95 60 27 08"
      ],
      "@type": [
        "foaf:Agent",
        "Agent"
      ],
      "foaf:homepage": [
        "http://www.hotel-ilerousse.com/"
      ]
    }
  ],
  "hasDescription": [
    {
      "@id": "https://data.datatourisme.fr/3878dbf7-a350-3e82-a56d-17d38387f6fa",
      "@type": [
        "Description"
      ],
      "hasTranslatedProperty": [
        {
          "@id": "https://data.datatourisme.fr/00606d8a-8a3e-3baa-b2c0-e21a8a811b9b",
          "dc:contributor": [
            "https://api.deepl.com/v2/translate"
          ],
          "rdf:language": [
            "es"
          ],
          "rdf:predicate": [
            "shortDescription"
          ]
        },
        {
          "@id": "https://data.datatourisme.fr/51645a77-8e5a-3927-a9cc-727299848de1",
          "dc:contributor": [
            "https://api.deepl.com/v2/translate"
          ],
          "rdf:language": [
            "nl"
          ],
          "rdf:predicate": [
            "shortDescription"
          ]
        },
        {
          "@id": "https://data.datatourisme.fr/9a730aa5-7b3c-3368-aae3-c351d10cc8cf",
          "dc:contributor": [
            "https://api.deepl.com/v2/translate"
          ],
          "rdf:language": [
            "de"
          ],
          "rdf:predicate": [
            "shortDescription"
          ]
        }
      ],
      "shortDescription": {
        "de": [
          "Zeitgenössisches Hotel mit großen, voll klimatisierten Zimmern und Apartments. Sie profitieren von seiner idealen Lage 30m vom Strand, 300m vom historischen Zentrum der Stadt und 100m vom Hafen entfernt."
        ],
        "en": [
          "Contemporary hotel with large rooms and fully air-conditioned apartments. You will enjoy its ideal location 30m from the beach, 300m from the historic city center and 100m from the port."
        ],
        "it": [
          "Questo hotel contemporaneo dispone di ampie camere e appartamenti con aria condizionata. L'hotel è situato in posizione ideale a 30 metri dalla spiaggia, a 300 metri dal centro storico e a 100 metri dal porto."
        ],
        "fr": [
          "Hôtel contemporain composé de grandes chambres et d'appartements entièrement climatisés. Vous profiterez de sa situation idéale à 30m de la plage, 300m du centre historique de la ville et 100m du port."
        ],
        "es": [
          "Este hotel contemporáneo cuenta con amplias habitaciones y pisos con aire acondicionado. El hotel está idealmente situado a 30 m de la playa, a 300 m del centro histórico de la ciudad y a 100 m del puerto."
        ],
        "nl": [
          "Dit eigentijdse hotel beschikt over grote kamers en appartementen met volledige airconditioning. Het hotel is ideaal gelegen op 30 meter van het strand, 300 meter van het historische stadscentrum en 100 meter van de haven."
        ]
      }
    }
  ],
  "hasTranslatedProperty": [
    {
      "@id": "https://data.datatourisme.fr/38f928cf-ddb5-35c8-89b8-cb8c2046ac35",
      "dc:contributor": [
        "https://api.deepl.com/v2/translate"
      ],
      "rdf:language": [
        "es"
      ],
      "rdf:predicate": [
        {
          "@id": "rdfs:comment"
        }
      ]
    },
    {
      "@id": "https://data.datatourisme.fr/5ba3e715-dce6-3367-8aa4-2d973fc4123a",
      "dc:contributor": [
        "https://api.deepl.com/v2/translate"
      ],
      "rdf:language": [
        "de"
      ],
      "rdf:predicate": [
        {
          "@id": "rdfs:comment"
        }
      ]
    },
    {
      "@id": "https://data.datatourisme.fr/928de36b-a915-3895-9771-a0c3a54e6e2d",
      "dc:contributor": [
        "https://api.deepl.com/v2/translate"
      ],
      "rdf:language": [
        "nl"
      ],
      "rdf:predicate": [
        {
          "@id": "rdfs:comment"
        }
      ]
    }
  ],
  "isLocatedAt": [
    {
      "@id": "https://data.datatourisme.fr/84fc5535-a38b-322e-a29a-538ac5a44036",
      "schema:address": [
        {
          "@id": "https://data.datatourisme.fr/06cc4826-7222-3470-bc26-8ff9757177e4",
          "schema:addressLocality": "L'Île-Rousse",
          "schema:postalCode": "20220",
          "schema:streetAddress": [
            "Lotissement des îles"
          ],
          "@type": [
            "schema:PostalAddress",
            "PostalAddress"
          ],
          "hasAddressCity": {
            "@id": "kb:2B134",
            "@type": [
              "City"
            ],
            "rdfs:label": {
              "en": [
                "L'Île-Rousse"
              ],
              "fr": [
                "L'Île-Rousse"
              ]
            },
            "insee": "2B134",
            "isPartOfDepartment": {
              "@id": "kb:France942B",
              "@type": [
                "Department"
              ],
              "rdfs:label": {
                "en": [
                  "Haute-Corse"
                ],
                "fr": [
                  "Haute-Corse"
                ]
              },
              "insee": "2B",
              "isPartOfRegion": {
                "@id": "kb:France94",
                "@type": [
                  "Region"
                ],
                "rdfs:label": {
                  "en": [
                    "Corse"
                  ],
                  "fr": [
                    "Corse"
                  ]
                },
                "insee": "94",
                "isPartOfCountry": {
                  "@id": "kb:France",
                  "@type": [
                    "schema:Country"
                  ],
                  "rdfs:label": {
                    "de": [
                      "Frankreich"
                    ],
                    "pt": [
                      "França"
                    ],
                    "en": [
                      "France"
                    ],
                    "it": [
                      "Francia"
                    ],
                    "fr": [
                      "France"
                    ],
                    "nl": [
                      "Frankrijk"
                    ],
                    "es": [
                      "Francia"
                    ]
                  }
                }
              }
            }
          }
        }
      ],
      "schema:geo": {
        "@id": "https://data.datatourisme.fr/db5d6bd4-a4d1-3af5-b869-c6bcbed7b871",
        "schema:latitude": "42.637489",
        "schema:longitude": "8.933032",
        "@type": [
          "schema:GeoCoordinates"
        ]
      },
      "schema:openingHoursSpecification": [
        {
          "@id": "https://data.datatourisme.fr/06c64de4-f671-36cb-ac56-f707ed3bf1cd",
          "schema:validFrom": "2023-04-15T00:00:00",
          "schema:validThrough": "2023-10-31T23:59:59",
          "@type": [
            "schema:OpeningHoursSpecification"
          ]
        }
      ],
      "@type": [
        "schema:Place",
        "Place"
      ]
    }
  ],
  "isOwnedBy": [
    {
      "@id": "https://data.datatourisme.fr/252af22a-253d-33df-b9d7-204832749402",
      "schema:email": [
        "web@ileroussetourisme.com"
      ],
      "schema:legalName": "Office de Tourisme Intercommunal de L'Ile Rousse-Balagne",
      "@type": [
        "schema:Organization",
        "foaf:Agent",
        "Agent"
      ],
      "foaf:homepage": [
        "https://www.balagne-corsica.com/"
      ]
    }
  ],
  "lastUpdate": "2023-02-15",
  "lastUpdateDatatourisme": "2023-04-04T05:52:39.236Z",
  "offers": [
    {
      "@id": "https://data.datatourisme.fr/19668524-852d-36eb-9963-6c7ae2a6be06",
      "schema:priceSpecification": [
        {
          "@id": "https://data.datatourisme.fr/ea016656-d6e6-3321-8d37-d38c95360f14",
          "schema:maxPrice": [
            "12",
            "1200",
            "170",
            "38"
          ],
          "schema:minPrice": [
            "12",
            "38",
            "520",
            "75"
          ],
          "schema:priceCurrency": "EUR",
          "@type": [
            "schema:PriceSpecification",
            "PriceSpecification"
          ],
          "appliesOnPeriod": [
            {
              "@id": "https://data.datatourisme.fr/19de878d-6e3b-3d65-812c-5e8fb63aa9fd",
              "@type": [
                "Period"
              ],
              "endDate": "2023-10-31",
              "startDate": "2023-04-15"
            }
          ]
        }
      ],
      "@type": [
        "schema:Offer",
        "Offer"
      ]
    }
  ]
}