{
  "@id": "https://data.datatourisme.fr/13/8d3410ee-10c3-390b-b313-df31cfcc6fe5",
  "dc:identifier": "6354613",
  "@type": [
    "schema:LocalBusiness",
    "PlaceOfInterest",
    "PointOfInterest",
    "SightseeingBoat",
    "SportsAndLeisurePlace"
  ],
  "rdfs:comment": {
    "de": [
      "Katamaranfahrt durch das Naturreservat Bouches de Bonifacio"
    ],
    "en": [
      "Catamaran trip in the heart of the Bouches de Bonifacio Nature Reserve"
    ],
    "it": [
      "Gita in catamarano nel cuore della Riserva Naturale delle Bocche di Bonifacio"
    ],
    "fr": [
      "Balade en catamaran au cœur de la Réserve Naturelle des Bouches de Bonifacio"
    ],
    "es": [
      "Excursión en catamarán en el corazón del Parque Natural de Bouches de Bonifacio"
    ],
    "nl": [
      "Catamarantocht in het hart van het natuurreservaat Bouches de Bonifacio"
    ]
  },
  "rdfs:label": {
    "fr": [
      "Catamaran \"Privilège\""
    ]
  },
  "hasBeenCreatedBy": {
    "@id": "https://data.datatourisme.fr/13/84c6494d-3085-3c63-a55c-db8cb047fadd",
    "dc:identifier": "1738",
    "schema:email": [
      "camillef.omt@gmail.com",
      "direction@destination-sudcorse.com",
      "gestion@destination-sudcorse.com",
      "promotion@destination-sudcorse.com",
      "webmaster@destination-sudcorse.com"
    ],
    "schema:legalName": "Porto Vecchio Tourisme",
    "@type": [
      "schema:Organization",
      "foaf:Agent",
      "Agent"
    ],
    "foaf:homepage": [
      "http://www.ot-portovecchio.com/"
    ]
  },
  "hasBeenPublishedBy": [
    {
      "@id": "https://data.datatourisme.fr/8a9feb4b-2cbd-3d2c-b507-bd6c6776b23b",
      "schema:legalName": "Apidae Tourisme Scic SA - source : Apidae Tourisme",
      "@type": [
        "schema:Organization",
        "foaf:Agent",
        "Agent"
      ],
      "foaf:homepage": [
        "https://www.apidae-tourisme.com/"
      ]
    }
  ],
  "hasContact": [
    {
      "@id": "https://data.datatourisme.fr/fd573e13-057d-30c4-adfb-e608406f69ae",
      "schema:email": [
        "catamaranprivilege@gmail.com"
      ],
      "schema:telephone": [
        "+33 6 99 32 98 57"
      ],
      "@type": [
        "foaf:Agent",
        "Agent"
      ]
    }
  ],
  "hasDescription": [
    {
      "@id": "https://data.datatourisme.fr/23f548d1-1549-3df8-8747-0fe90a4f3206",
      "@type": [
        "Description"
      ],
      "hasTranslatedProperty": [
        {
          "@id": "https://data.datatourisme.fr/279c7b01-eac0-3683-b9a7-1691da207d3b",
          "dc:contributor": [
            "https://api.deepl.com/v2/translate"
          ],
          "rdf:language": [
            "it"
          ],
          "rdf:predicate": [
            "shortDescription"
          ]
        },
        {
          "@id": "https://data.datatourisme.fr/58d4fb19-1376-30dc-a9e1-dc30c3c4ff64",
          "dc:contributor": [
            "https://api.deepl.com/v2/translate"
          ],
          "rdf:language": [
            "en"
          ],
          "rdf:predicate": [
            "shortDescription"
          ]
        },
        {
          "@id": "https://data.datatourisme.fr/97ff071e-4ebf-3aff-a875-f223af6a29c0",
          "dc:contributor": [
            "https://api.deepl.com/v2/translate"
          ],
          "rdf:language": [
            "de"
          ],
          "rdf:predicate": [
            "shortDescription"
          ]
        },
        {
          "@id": "https://data.datatourisme.fr/9a5a4623-1c81-3f96-a7ca-8f00ab45ba19",
          "dc:contributor": [
            "https://api.deepl.com/v2/translate"
          ],
          "rdf:language": [
            "es"
          ],
          "rdf:predicate": [
            "shortDescription"
          ]
        },
        {
          "@id": "https://data.datatourisme.fr/cef1a78a-4f63-35ae-ba13-587a97600c97",
          "dc:contributor": [
            "https://api.deepl.com/v2/translate"
          ],
          "rdf:language": [
            "nl"
          ],
          "rdf:predicate": [
            "shortDescription"
          ]
        }
      ],
      "shortDescription": {
        "de": [
          "Katamaranfahrt durch das Naturreservat Bouches de Bonifacio"
        ],
        "en": [
          "Catamaran trip in the heart of the Bouches de Bonifacio Nature Reserve"
        ],
        "it": [
          "Gita in catamarano nel cuore della Riserva Naturale delle Bocche di Bonifacio"
        ],
        "fr": [
          "Balade en catamaran au cœur de la Réserve Naturelle des Bouches de Bonifacio"
        ],
        "es": [
          "Excursión en catamarán en el corazón del Parque Natural de Bouches de Bonifacio"
        ],
        "nl": [
          "Catamarantocht in het hart van het natuurreservaat Bouches de Bonifacio"
        ]
      }
    }
  ],
  "hasTranslatedProperty": [
    {
      "@id": "https://data.datatourisme.fr/0a421786-ed05-3fe3-bc81-deb6ad7e4079",
      "dc:contributor": [
        "https://api.deepl.com/v2/translate"
      ],
      "rdf:language": [
        "en"
      ],
      "rdf:predicate": [
        {
          "@id": "rdfs:comment"
        }
      ]
    },
    {
      "@id": "https://data.datatourisme.fr/69ef0deb-2fb3-3be4-977c-b1a56d6b1a31",
      "dc:contributor": [
        "https://api.deepl.com/v2/translate"
      ],
      "rdf:language": [
        "it"
      ],
      "rdf:predicate": [
        {
          "@id": "rdfs:comment"
        }
      ]
    },
    {
      "@id": "https://data.datatourisme.fr/95d7fcad-9132-3094-8ea8-139cf05df577",
      "dc:contributor": [
        "https://api.deepl.com/v2/translate"
      ],
      "rdf:language": [
        "es"
      ],
      "rdf:predicate": [
        {
          "@id": "rdfs:comment"
        }
      ]
    },
    {
      "@id": "https://data.datatourisme.fr/a3975ee8-bd63-3cb9-85be-87365021faaa",
      "dc:contributor": [
        "https://api.deepl.com/v2/translate"
      ],
      "rdf:language": [
        "de"
      ],
      "rdf:predicate": [
        {
          "@id": "rdfs:comment"
        }
      ]
    },
    {
      "@id": "https://data.datatourisme.fr/ba52cbb7-2f04-36ca-886b-679811f36f94",
      "dc:contributor": [
        "https://api.deepl.com/v2/translate"
      ],
      "rdf:language": [
        "nl"
      ],
      "rdf:predicate": [
        {
          "@id": "rdfs:comment"
        }
      ]
    }
  ],
  "isLocatedAt": [
    {
      "@id": "https://data.datatourisme.fr/a5295e2f-bb80-3c84-b9ee-63e15f6e3069",
      "schema:address": [
        {
          "@id": "https://data.datatourisme.fr/2588e335-969e-320d-91b1-f3a9bf5d248f",
          "schema:addressLocality": "Porto-Vecchio",
          "schema:postalCode": "20137",
          "schema:streetAddress": [
            "Port de plaisance"
          ],
          "@type": [
            "schema:PostalAddress",
            "PostalAddress"
          ],
          "hasAddressCity": {
            "@id": "kb:2A247",
            "@type": [
              "City"
            ],
            "rdfs:label": {
              "en": [
                "Porto-Vecchio"
              ],
              "fr": [
                "Porto-Vecchio"
              ]
            },
            "insee": "2A247",
            "isPartOfDepartment": {
              "@id": "kb:France942A",
              "@type": [
                "Department"
              ],
              "rdfs:label": {
                "en": [
                  "Corse-du-Sud"
                ],
                "fr": [
                  "Corse-du-Sud"
                ]
              },
              "insee": "2A",
              "isPartOfRegion": {
                "@id": "kb:France94",
                "@type": [
                  "Region"
                ],
                "rdfs:label": {
                  "en": [
                    "Corse"
                  ],
                  "fr": [
                    "Corse"
                  ]
                },
                "insee": "94",
                "isPartOfCountry": {
                  "@id": "kb:France",
                  "@type": [
                    "schema:Country"
                  ],
                  "rdfs:label": {
                    "de": [
                      "Frankreich"
                    ],
                    "pt": [
                      "França"
                    ],
                    "en": [
                      "France"
                    ],
                    "it": [
                      "Francia"
                    ],
                    "fr": [
                      "France"
                    ],
                    "nl": [
                      "Frankrijk"
                    ],
                    "es": [
                      "Francia"
                    ]
                  }
                }
              }
            }
          }
        }
      ],
      "schema:geo": {
        "@id": "https://data.datatourisme.fr/4f81c58b-784c-39c1-81e7-91e712bb3590",
        "schema:latitude": "41.589533",
        "schema:longitude": "9.285359",
        "@type": [
          "schema:GeoCoordinates"
        ]
      },
      "schema:openingHoursSpecification": [
        {
          "@id": "https://data.datatourisme.fr/ccdffaae-917f-39e0-b077-e16f9553c749",
          "schema:closes": "17:00:00",
          "schema:opens": "09:00:00",
          "schema:validFrom": "2023-06-01T00:00:00",
          "schema:validThrough": "2023-09-30T23:59:59",
          "@type": [
            "schema:OpeningHoursSpecification"
          ]
        }
      ],
      "@type": [
        "schema:Place",
        "Place"
      ]
    }
  ],
  "isOwnedBy": [
    {
      "@id": "https://data.datatourisme.fr/f5f950f9-5eec-32b4-a357-2c969ccf4068",
      "schema:email": [
        "camillef.omt@gmail.com",
        "direction@destination-sudcorse.com",
        "gestion@destination-sudcorse.com",
        "promotion@destination-sudcorse.com",
        "webmaster@destination-sudcorse.com"
      ],
      "schema:legalName": "Porto Vecchio Tourisme",
      "@type": [
        "schema:Organization",
        "foaf:Agent",
        "Agent"
      ],
      "foaf:homepage": [
        "http://www.ot-portovecchio.com/"
      ]
    }
  ],
  "lastUpdate": "2023-04-01",
  "lastUpdateDatatourisme": "2023-04-02T05:48:09.211Z",
  "offers": [
    {
      "@id": "https://data.datatourisme.fr/e5861e64-4ec4-3728-a0a4-105bb59be3d0",
      "schema:priceSpecification": [
        {
          "@id": "https://data.datatourisme.fr/d95d6daa-6b63-34a7-ac8d-3c0975dfe330",
          "schema:maxPrice": [
            "105"
          ],
          "schema:minPrice": [
            "105"
          ],
          "schema:priceCurrency": "EUR",
          "@type": [
            "schema:PriceSpecification",
            "PriceSpecification"
          ],
          "appliesOnPeriod": [
            {
              "@id": "https://data.datatourisme.fr/84cd7cce-5293-3953-99c6-48b032496c70",
              "@type": [
                "Period"
              ],
              "endDate": "2023-09-30",
              "startDate": "2023-06-01"
            }
          ]
        }
      ],
      "@type": [
        "schema:Offer",
        "Offer"
      ]
    }
  ]
}