{
  "@id": "https://data.datatourisme.fr/13/262ab102-dbe9-3201-92bb-1cd68808f47a",
  "dc:identifier": "5088703",
  "@type": [
    "schema:FoodEstablishment",
    "FoodEstablishment",
    "PlaceOfInterest",
    "PointOfInterest"
  ],
  "rdfs:comment": {
    "de": [
      "Die korsische Gastronomie auf altmodische Art und Weise und mit Trattoria-Flair in Calvi in der Balagne"
    ],
    "en": [
      "Corsican gastronomy way old-fashioned cuisine and trattoria spirit in Calvi in Balagne"
    ],
    "it": [
      "Gastronomia corsa alla vecchia maniera e spirito di trattoria a Calvi in Balagne"
    ],
    "fr": [
      "La gastronomie corse façon cuisine à l'ancienne et esprit trattoria à Calvi en Balagne"
    ],
    "es": [
      "Gastronomía corsa a la antigua usanza y espíritu de trattoria en Calvi en Balagne"
    ],
    "nl": [
      "Corsicaanse gastronomie op ouderwetse wijze en trattoria-geest in Calvi in Balagne"
    ]
  },
  "rdfs:label": {
    "fr": [
      "Tire-Bouchon"
    ]
  },
  "hasBeenCreatedBy": {
    "@id": "https://data.datatourisme.fr/13/e4873aa9-a05c-35ed-8395-61d121516766",
    "dc:identifier": "1646",
    "schema:email": [
      "info@balagne-corsica.com"
    ],
    "schema:legalName": "Office de Tourisme Intercommunal Calvi - Balagne",
    "@type": [
      "schema:Organization",
      "foaf:Agent",
      "Agent"
    ],
    "foaf:homepage": [
      "https://www.balagne-corsica.com/"
    ]
  },
  "hasBeenPublishedBy": [
    {
      "@id": "https://data.datatourisme.fr/8a9feb4b-2cbd-3d2c-b507-bd6c6776b23b",
      "schema:legalName": "Apidae Tourisme Scic SA - source : Apidae Tourisme",
      "@type": [
        "schema:Organization",
        "foaf:Agent",
        "Agent"
      ],
      "foaf:homepage": [
        "https://www.apidae-tourisme.com/"
      ]
    }
  ],
  "hasContact": [
    {
      "@id": "https://data.datatourisme.fr/bb405dd9-6e66-30dd-ae6f-642b8730148b",
      "schema:telephone": [
        "+33 4 95 65 25 41"
      ],
      "@type": [
        "foaf:Agent",
        "Agent"
      ]
    }
  ],
  "hasDescription": [
    {
      "@id": "https://data.datatourisme.fr/4ecbdb94-fc08-3cd9-837a-655d6e455515",
      "@type": [
        "Description"
      ],
      "hasTranslatedProperty": [
        {
          "@id": "https://data.datatourisme.fr/4d20e3bd-337b-334a-b1b4-598796251765",
          "dc:contributor": [
            "https://api.deepl.com/v2/translate"
          ],
          "rdf:language": [
            "de"
          ],
          "rdf:predicate": [
            "shortDescription"
          ]
        },
        {
          "@id": "https://data.datatourisme.fr/a2e8674c-6c10-3298-9e9e-7552436d57c0",
          "dc:contributor": [
            "https://api.deepl.com/v2/translate"
          ],
          "rdf:language": [
            "es"
          ],
          "rdf:predicate": [
            "shortDescription"
          ]
        },
        {
          "@id": "https://data.datatourisme.fr/cbd0729d-f906-326d-aacd-150df10e3324",
          "dc:contributor": [
            "https://api.deepl.com/v2/translate"
          ],
          "rdf:language": [
            "nl"
          ],
          "rdf:predicate": [
            "shortDescription"
          ]
        }
      ],
      "shortDescription": {
        "de": [
          "Die korsische Gastronomie auf altmodische Art und Weise und mit Trattoria-Flair in Calvi in der Balagne"
        ],
        "en": [
          "Corsican gastronomy way old-fashioned cuisine and trattoria spirit in Calvi in Balagne"
        ],
        "it": [
          "Gastronomia corsa alla vecchia maniera e spirito di trattoria a Calvi in Balagne"
        ],
        "fr": [
          "La gastronomie corse façon cuisine à l'ancienne et esprit trattoria à Calvi en Balagne"
        ],
        "es": [
          "Gastronomía corsa a la antigua usanza y espíritu de trattoria en Calvi en Balagne"
        ],
        "nl": [
          "Corsicaanse gastronomie op ouderwetse wijze en trattoria-geest in Calvi in Balagne"
        ]
      }
    }
  ],
  "hasTranslatedProperty": [
    {
      "@id": "https://data.datatourisme.fr/138efd95-728d-32a0-ba1a-21b1acec6889",
      "dc:contributor": [
        "https://api.deepl.com/v2/translate"
      ],
      "rdf:language": [
        "es"
      ],
      "rdf:predicate": [
        {
          "@id": "rdfs:comment"
        }
      ]
    },
    {
      "@id": "https://data.datatourisme.fr/7a5e6069-1815-3eee-9a31-992450c279c8",
      "dc:contributor": [
        "https://api.deepl.com/v2/translate"
      ],
      "rdf:language": [
        "de"
      ],
      "rdf:predicate": [
        {
          "@id": "rdfs:comment"
        }
      ]
    },
    {
      "@id": "https://data.datatourisme.fr/945d3d96-48b6-3ad6-be53-630944588983",
      "dc:contributor": [
        "https://api.deepl.com/v2/translate"
      ],
      "rdf:language": [
        "nl"
      ],
      "rdf:predicate": [
        {
          "@id": "rdfs:comment"
        }
      ]
    }
  ],
  "isLocatedAt": [
    {
      "@id": "https://data.datatourisme.fr/faf0586d-ddc3-3ecb-8507-fff227bf4d38",
      "schema:address": [
        {
          "@id": "https://data.datatourisme.fr/9f40d8c4-3895-374d-a454-524f07815cde",
          "schema:addressLocality": "Calvi",
          "schema:postalCode": "20260",
          "schema:streetAddress": [
            "Rue Clemenceau"
          ],
          "@type": [
            "schema:PostalAddress",
            "PostalAddress"
          ],
          "hasAddressCity": {
            "@id": "kb:2B050",
            "@type": [
              "City"
            ],
            "rdfs:label": {
              "en": [
                "Calvi"
              ],
              "fr": [
                "Calvi"
              ]
            },
            "insee": "2B050",
            "isPartOfDepartment": {
              "@id": "kb:France942B",
              "@type": [
                "Department"
              ],
              "rdfs:label": {
                "en": [
                  "Haute-Corse"
                ],
                "fr": [
                  "Haute-Corse"
                ]
              },
              "insee": "2B",
              "isPartOfRegion": {
                "@id": "kb:France94",
                "@type": [
                  "Region"
                ],
                "rdfs:label": {
                  "en": [
                    "Corse"
                  ],
                  "fr": [
                    "Corse"
                  ]
                },
                "insee": "94",
                "isPartOfCountry": {
                  "@id": "kb:France",
                  "@type": [
                    "schema:Country"
                  ],
                  "rdfs:label": {
                    "de": [
                      "Frankreich"
                    ],
                    "pt": [
                      "França"
                    ],
                    "en": [
                      "France"
                    ],
                    "it": [
                      "Francia"
                    ],
                    "fr": [
                      "France"
                    ],
                    "nl": [
                      "Frankrijk"
                    ],
                    "es": [
                      "Francia"
                    ]
                  }
                }
              }
            }
          }
        }
      ],
      "schema:geo": {
        "@id": "https://data.datatourisme.fr/1cfaa108-8734-3323-ab5c-73ad4d685281",
        "schema:latitude": "42.567242",
        "schema:longitude": "8.75874",
        "@type": [
          "schema:GeoCoordinates"
        ]
      },
      "schema:openingHoursSpecification": [
        {
          "@id": "https://data.datatourisme.fr/653ee982-b2f6-35a0-ba8e-b529c1fc260b",
          "schema:validFrom": "2023-04-01T00:00:00",
          "schema:validThrough": "2023-12-31T23:59:59",
          "@type": [
            "schema:OpeningHoursSpecification"
          ],
          "additionalInformation": {
            "de": [
              "Unverbindliche Öffnungszeiten - genaue Daten werden noch bestätigt"
            ],
            "en": [
              "Indicative opening period - Precise dates to be confirmed"
            ],
            "it": [
              "Periodo di apertura indicativo - date precise da confermare"
            ],
            "fr": [
              "Période d'ouverture à titre indicatif - Dates précises à confirmer"
            ],
            "es": [
              "Periodo de apertura indicativo - fechas precisas por confirmar"
            ],
            "nl": [
              "Indicatieve openingsperiode - precieze data nog te bevestigen"
            ]
          },
          "hasTranslatedProperty": [
            {
              "@id": "https://data.datatourisme.fr/04d7a54e-410b-3ab9-8275-9b6402a50a9a",
              "dc:contributor": [
                "https://api.deepl.com/v2/translate"
              ],
              "rdf:language": [
                "nl"
              ],
              "rdf:predicate": [
                "additionalInformation"
              ]
            },
            {
              "@id": "https://data.datatourisme.fr/234636fd-be07-36ec-ab01-06df2593e482",
              "dc:contributor": [
                "https://api.deepl.com/v2/translate"
              ],
              "rdf:language": [
                "es"
              ],
              "rdf:predicate": [
                "additionalInformation"
              ]
            },
            {
              "@id": "https://data.datatourisme.fr/294edaba-e615-3da3-8167-6eb44a4f7944",
              "dc:contributor": [
                "https://api.deepl.com/v2/translate"
              ],
              "rdf:language": [
                "de"
              ],
              "rdf:predicate": [
                "additionalInformation"
              ]
            },
            {
              "@id": "https://data.datatourisme.fr/46d4c608-f4b6-348f-a483-c37e841ef762",
              "dc:contributor": [
                "https://api.deepl.com/v2/translate"
              ],
              "rdf:language": [
                "en"
              ],
              "rdf:predicate": [
                "additionalInformation"
              ]
            },
            {
              "@id": "https://data.datatourisme.fr/f8722f4b-5203-3a59-9259-de399382d11e",
              "dc:contributor": [
                "https://api.deepl.com/v2/translate"
              ],
              "rdf:language": [
                "it"
              ],
              "rdf:predicate": [
                "additionalInformation"
              ]
            }
          ]
        }
      ],
      "@type": [
        "schema:Place",
        "Place"
      ]
    }
  ],
  "isOwnedBy": [
    {
      "@id": "https://data.datatourisme.fr/194c52e6-bbae-33dc-8464-caca97844fbb",
      "schema:email": [
        "info@balagne-corsica.com"
      ],
      "schema:legalName": "Office de Tourisme Intercommunal Calvi - Balagne",
      "@type": [
        "schema:Organization",
        "foaf:Agent",
        "Agent"
      ],
      "foaf:homepage": [
        "https://www.balagne-corsica.com/"
      ]
    }
  ],
  "lastUpdate": "2022-05-03",
  "lastUpdateDatatourisme": "2023-02-01T18:07:35.614Z"
}