{
  "@id": "https://data.datatourisme.fr/13/baf56824-5e48-32d7-b7e3-cc201596c93e",
  "dc:identifier": "5323636",
  "@type": [
    "CityHeritage",
    "CulturalSite",
    "PlaceOfInterest",
    "PointOfInterest"
  ],
  "rdfs:comment": {
    "de": [
      "Auf dem Hügel von Santa Suzanna und dem Berg Sant'Angelu empfängt Sie Santa Reparata. Entscheiden Sie sich!  Die Kombination aus Grün und Blau des Palazzi-Tals und des Golfs von L'Ile-Rousse oder das Grün der Bocage des Reginu-Tals."
    ],
    "en": [
      "Santa Reparata straddles the hills of Santa Suzanna and the Mont Sant'Angelu. Take your pick, between the blue-green blend of the Palazzi Valley and L'Ile-Rousse Bay, or the wooded countryside of the green Reginu Valley."
    ],
    "it": [
      "A cavallo tra la collina di Santa Suzanna e il Monte Sant'Angelu, Santa Reparata vi dà il benvenuto. Scegliete voi!  Il verde e il blu della Valle dei Palazzi e del Golfo di Ile-Rousse, o il verde della Valle del Reginu."
    ],
    "fr": [
      "C’est à cheval sur la colline de Santa Suzanna et le Mont Sant’Angelu que Santa Reparata vous accueille. Choisissez !  Le mariage du vert et du bleu de la Vallée de Palazzi et du golfe de L’Ile-Rousse, ou le vert du bocage de la Vallée du Reginu."
    ],
    "nl": [
      "Santa Reparata, gelegen op de heuvel van Santa Suzanna en de berg Sant'Angelu, heet u welkom. Kies maar!  Het groen en blauw van de Palazzi-vallei en de Golf van Ile-Rousse, of het groen van de Reginu-vallei."
    ],
    "es": [
      "A caballo entre la colina de Santa Suzanna y el monte Sant'Angelu, Santa Reparata le da la bienvenida. Elija su opción  El verde y el azul del valle de Palazzi y del golfo de Ile-Rousse, o el verde del valle de Reginu."
    ]
  },
  "rdfs:label": {
    "fr": [
      "Santa Reparata di Balagna"
    ]
  },
  "owl:sameAs": [
    "http://www.wikidata.org/entity/Q22949978"
  ],
  "hasBeenCreatedBy": {
    "@id": "https://data.datatourisme.fr/13/8d420fa3-5754-31f1-8199-69c88780314d",
    "dc:identifier": "1647",
    "schema:email": [
      "web@ileroussetourisme.com"
    ],
    "schema:legalName": "Office de Tourisme Intercommunal de L'Ile Rousse-Balagne",
    "@type": [
      "schema:Organization",
      "foaf:Agent",
      "Agent"
    ],
    "foaf:homepage": [
      "https://www.balagne-corsica.com/"
    ]
  },
  "hasBeenPublishedBy": [
    {
      "@id": "https://data.datatourisme.fr/8a9feb4b-2cbd-3d2c-b507-bd6c6776b23b",
      "schema:legalName": "Apidae Tourisme Scic SA - source : Apidae Tourisme",
      "@type": [
        "schema:Organization",
        "foaf:Agent",
        "Agent"
      ],
      "foaf:homepage": [
        "https://www.apidae-tourisme.com/"
      ]
    }
  ],
  "hasContact": [
    {
      "@id": "https://data.datatourisme.fr/2fcf08ee-fb37-3101-b56b-b56f6de8cd92",
      "schema:email": [
        "mairie.santareparata@wanadoo.fr"
      ],
      "schema:telephone": [
        "+33 4 95 60 08 68"
      ],
      "@type": [
        "foaf:Agent",
        "Agent"
      ],
      "foaf:homepage": [
        "http://www.santareparata.fr/"
      ]
    }
  ],
  "hasDescription": [
    {
      "@id": "https://data.datatourisme.fr/25ad7095-6b00-32ac-b88b-2e116b1903c5",
      "@type": [
        "Description"
      ],
      "hasTranslatedProperty": [
        {
          "@id": "https://data.datatourisme.fr/395ff88e-4204-322c-8795-c4f4d917818f",
          "dc:contributor": [
            "https://api.deepl.com/v2/translate"
          ],
          "rdf:language": [
            "it"
          ],
          "rdf:predicate": [
            "shortDescription"
          ]
        },
        {
          "@id": "https://data.datatourisme.fr/c5dd8545-294c-3f34-814e-9ed57d94fb18",
          "dc:contributor": [
            "https://api.deepl.com/v2/translate"
          ],
          "rdf:language": [
            "de"
          ],
          "rdf:predicate": [
            "shortDescription"
          ]
        },
        {
          "@id": "https://data.datatourisme.fr/e1cc1efb-6137-336e-b9cf-7e41d409da95",
          "dc:contributor": [
            "https://api.deepl.com/v2/translate"
          ],
          "rdf:language": [
            "nl"
          ],
          "rdf:predicate": [
            "shortDescription"
          ]
        },
        {
          "@id": "https://data.datatourisme.fr/f412f7d0-82e7-3e8a-bc30-546091591ffb",
          "dc:contributor": [
            "https://api.deepl.com/v2/translate"
          ],
          "rdf:language": [
            "es"
          ],
          "rdf:predicate": [
            "shortDescription"
          ]
        }
      ],
      "shortDescription": {
        "de": [
          "Auf dem Hügel von Santa Suzanna und dem Berg Sant'Angelu empfängt Sie Santa Reparata. Entscheiden Sie sich!  Die Kombination aus Grün und Blau des Palazzi-Tals und des Golfs von L'Ile-Rousse oder das Grün der Bocage des Reginu-Tals."
        ],
        "en": [
          "Santa Reparata straddles the hills of Santa Suzanna and the Mont Sant'Angelu. Take your pick, between the blue-green blend of the Palazzi Valley and L'Ile-Rousse Bay, or the wooded countryside of the green Reginu Valley."
        ],
        "it": [
          "A cavallo tra la collina di Santa Suzanna e il Monte Sant'Angelu, Santa Reparata vi dà il benvenuto. Scegliete voi!  Il verde e il blu della Valle dei Palazzi e del Golfo di Ile-Rousse, o il verde della Valle del Reginu."
        ],
        "fr": [
          "C’est à cheval sur la colline de Santa Suzanna et le Mont Sant’Angelu que Santa Reparata vous accueille. Choisissez !  Le mariage du vert et du bleu de la Vallée de Palazzi et du golfe de L’Ile-Rousse, ou le vert du bocage de la Vallée du Reginu."
        ],
        "nl": [
          "Santa Reparata, gelegen op de heuvel van Santa Suzanna en de berg Sant'Angelu, heet u welkom. Kies maar!  Het groen en blauw van de Palazzi-vallei en de Golf van Ile-Rousse, of het groen van de Reginu-vallei."
        ],
        "es": [
          "A caballo entre la colina de Santa Suzanna y el monte Sant'Angelu, Santa Reparata le da la bienvenida. Elija su opción  El verde y el azul del valle de Palazzi y del golfo de Ile-Rousse, o el verde del valle de Reginu."
        ]
      }
    }
  ],
  "hasRepresentation": [
    {
      "@id": "https://data.datatourisme.fr/ae4cd85f-138b-36e8-8c44-9142efe668c0",
      "ebucore:hasAnnotation": [
        {
          "@id": "https://data.datatourisme.fr/51b12e69-aaa3-39bf-8de5-03dbbec023ac",
          "ebucore:isCoveredBy": "CC BY-SA 3.0",
          "ebucore:title": [
            "Santa-Reparata-di-Balagna-église"
          ],
          "@type": [
            "ebucore:Annotation"
          ],
          "credits": [
            "Pierre Bona (https://commons.wikimedia.org/wiki/User:Pierre_Bona)"
          ]
        }
      ],
      "ebucore:hasRelatedResource": [
        {
          "@id": "https://data.datatourisme.fr/802994de-0622-35a9-a4ba-083658057f59",
          "ebucore:fileSize": [
            11728822
          ],
          "ebucore:hasMimeType": [
            {
              "@id": "kb:JPEG",
              "@type": [
                "ebucore:MimeType"
              ],
              "rdfs:comment": {
                "de": [
                  "JPEG-Bild"
                ],
                "pt": [
                  "Imagem JPEG"
                ],
                "en": [
                  "JPEG image file"
                ],
                "it": [
                  "Immagine JPEG"
                ],
                "fr": [
                  "Image JPEG"
                ],
                "nl": [
                  "JPEG-afbeelding"
                ],
                "es": [
                  "Imagen JPEG"
                ]
              },
              "rdfs:label": {
                "de": [
                  "image/jpeg"
                ],
                "pt": [
                  "image/jpeg"
                ],
                "en": [
                  "image/jpeg"
                ],
                "it": [
                  "image/jpeg"
                ],
                "fr": [
                  "image/jpeg"
                ],
                "nl": [
                  "image/jpeg"
                ],
                "es": [
                  "image/jpeg"
                ]
              }
            }
          ],
          "ebucore:height": 3411,
          "ebucore:locator": [
            "https://upload.wikimedia.org/wikipedia/commons/c/c2/Santa-Reparata-di-Balagna-%C3%A9glise.jpg"
          ],
          "ebucore:width": 3147,
          "@type": [
            "ebucore:Resource"
          ]
        }
      ],
      "@type": [
        "ebucore:EditorialObject"
      ]
    }
  ],
  "hasTheme": [
    {
      "@id": "kb:Culture",
      "@type": [
        "CulturalTheme"
      ],
      "rdfs:label": {
        "de": [
          "Kultur"
        ],
        "pt": [
          "Cultura"
        ],
        "en": [
          "Culture"
        ],
        "it": [
          "Cultura"
        ],
        "fr": [
          "Culture"
        ],
        "nl": [
          "Cultuur"
        ],
        "es": [
          "Cultura"
        ]
      }
    }
  ],
  "hasTranslatedProperty": [
    {
      "@id": "https://data.datatourisme.fr/2fb4e0fc-ff39-3628-a216-f0e76691518a",
      "dc:contributor": [
        "https://api.deepl.com/v2/translate"
      ],
      "rdf:language": [
        "de"
      ],
      "rdf:predicate": [
        {
          "@id": "rdfs:comment"
        }
      ]
    },
    {
      "@id": "https://data.datatourisme.fr/5ccb4fc1-a1f9-3e2c-a253-baa89f31b9c4",
      "dc:contributor": [
        "https://api.deepl.com/v2/translate"
      ],
      "rdf:language": [
        "nl"
      ],
      "rdf:predicate": [
        {
          "@id": "rdfs:comment"
        }
      ]
    },
    {
      "@id": "https://data.datatourisme.fr/7cbce6d1-35b8-34bb-9dc4-b6bd44ab5d03",
      "dc:contributor": [
        "https://api.deepl.com/v2/translate"
      ],
      "rdf:language": [
        "es"
      ],
      "rdf:predicate": [
        {
          "@id": "rdfs:comment"
        }
      ]
    },
    {
      "@id": "https://data.datatourisme.fr/a14e8c6f-f06c-3463-b6b2-633faa2c67a2",
      "dc:contributor": [
        "https://api.deepl.com/v2/translate"
      ],
      "rdf:language": [
        "it"
      ],
      "rdf:predicate": [
        {
          "@id": "rdfs:comment"
        }
      ]
    }
  ],
  "isLocatedAt": [
    {
      "@id": "https://data.datatourisme.fr/b129e655-e0ad-3d15-98fe-18d694f12787",
      "schema:address": [
        {
          "@id": "https://data.datatourisme.fr/4758bccc-4f29-36a8-9c24-d2496690ad52",
          "schema:addressLocality": "Santa-Reparata-di-Balagna",
          "schema:postalCode": "20220",
          "@type": [
            "schema:PostalAddress",
            "PostalAddress"
          ],
          "hasAddressCity": {
            "@id": "kb:2B316",
            "@type": [
              "City"
            ],
            "rdfs:label": {
              "en": [
                "Santa-Reparata-di-Balagna"
              ],
              "fr": [
                "Santa-Reparata-di-Balagna"
              ]
            },
            "insee": "2B316",
            "isPartOfDepartment": {
              "@id": "kb:France942B",
              "@type": [
                "Department"
              ],
              "rdfs:label": {
                "en": [
                  "Haute-Corse"
                ],
                "fr": [
                  "Haute-Corse"
                ]
              },
              "insee": "2B",
              "isPartOfRegion": {
                "@id": "kb:France94",
                "@type": [
                  "Region"
                ],
                "rdfs:label": {
                  "en": [
                    "Corse"
                  ],
                  "fr": [
                    "Corse"
                  ]
                },
                "insee": "94",
                "isPartOfCountry": {
                  "@id": "kb:France",
                  "@type": [
                    "schema:Country"
                  ],
                  "rdfs:label": {
                    "de": [
                      "Frankreich"
                    ],
                    "pt": [
                      "França"
                    ],
                    "en": [
                      "France"
                    ],
                    "it": [
                      "Francia"
                    ],
                    "fr": [
                      "France"
                    ],
                    "nl": [
                      "Frankrijk"
                    ],
                    "es": [
                      "Francia"
                    ]
                  }
                }
              }
            }
          }
        }
      ],
      "schema:geo": {
        "@id": "https://data.datatourisme.fr/933f8b32-85f6-375e-ac5e-b676a54835b1",
        "schema:latitude": "42.6042",
        "schema:longitude": "8.929852",
        "@type": [
          "schema:GeoCoordinates"
        ]
      },
      "schema:openingHoursSpecification": [
        {
          "@id": "https://data.datatourisme.fr/f87e535a-636d-3343-ad63-8a03392e7511",
          "schema:validFrom": "2023-01-01T00:00:00",
          "schema:validThrough": "2023-12-31T23:59:59",
          "@type": [
            "schema:OpeningHoursSpecification"
          ]
        }
      ],
      "@type": [
        "schema:Place",
        "Place"
      ]
    }
  ],
  "isOwnedBy": [
    {
      "@id": "https://data.datatourisme.fr/252af22a-253d-33df-b9d7-204832749402",
      "schema:email": [
        "web@ileroussetourisme.com"
      ],
      "schema:legalName": "Office de Tourisme Intercommunal de L'Ile Rousse-Balagne",
      "@type": [
        "schema:Organization",
        "foaf:Agent",
        "Agent"
      ],
      "foaf:homepage": [
        "https://www.balagne-corsica.com/"
      ]
    }
  ],
  "lastUpdate": "2021-01-06",
  "lastUpdateDatatourisme": "2023-02-22T06:42:37.902Z"
}