{
  "@id": "https://data.datatourisme.fr/13/ba98f8fe-c1e4-3867-80a7-d38da1b4e604",
  "dc:identifier": "4922986",
  "schema:endDate": [
    "2023-07-03"
  ],
  "schema:startDate": [
    "2023-06-30"
  ],
  "@type": [
    "schema:Event",
    "schema:MusicEvent",
    "Concert",
    "CulturalEvent",
    "EntertainmentAndEvent",
    "PointOfInterest"
  ],
  "rdfs:comment": {
    "de": [
      "Brauchen Sie eine Auszeit? Dann gehen Sie Anfang Juli nach Korsika und machen Sie eine Sommerfrische in der Balagne mit dem Festival Calvi On The Rocks!"
    ],
    "en": [
      "Need to unwind? Head for Corsica in early July for a rejuvenating summer festival in Balagne, as Calvi On The Rocks !"
    ],
    "it": [
      "Avete bisogno di rilassarvi? All'inizio di luglio, recatevi in Corsica per una cura di ringiovanimento estivo in Balagne con il festival Calvi On The Rocks!"
    ],
    "fr": [
      "Besoin de décompresser ? Direction la Corse début juillet pour une cure de jouvance estivale en Balagne avec le festival Calvi On The Rocks !"
    ],
    "es": [
      "¿Necesita desconectar? Vaya a Córcega a principios de julio para una cura de rejuvenecimiento estival en Balagne con el festival Calvi On The Rocks"
    ],
    "nl": [
      "Behoefte aan ontspanning? Ga begin juli naar Corsica voor een zomerse verjongingskuur in Balagne met het Calvi On The Rocks festival!"
    ]
  },
  "rdfs:label": {
    "en": [
      "Calvi on the Rocks Festival"
    ],
    "fr": [
      "Calvi on the Rocks"
    ]
  },
  "hasBeenCreatedBy": {
    "@id": "https://data.datatourisme.fr/13/e4873aa9-a05c-35ed-8395-61d121516766",
    "dc:identifier": "1646",
    "schema:email": [
      "info@balagne-corsica.com"
    ],
    "schema:legalName": "Office de Tourisme Intercommunal Calvi - Balagne",
    "@type": [
      "schema:Organization",
      "foaf:Agent",
      "Agent"
    ],
    "foaf:homepage": [
      "https://www.balagne-corsica.com/"
    ]
  },
  "hasBeenPublishedBy": [
    {
      "@id": "https://data.datatourisme.fr/8a9feb4b-2cbd-3d2c-b507-bd6c6776b23b",
      "schema:legalName": "Apidae Tourisme Scic SA - source : Apidae Tourisme",
      "@type": [
        "schema:Organization",
        "foaf:Agent",
        "Agent"
      ],
      "foaf:homepage": [
        "https://www.apidae-tourisme.com/"
      ]
    }
  ],
  "hasContact": [
    {
      "@id": "https://data.datatourisme.fr/b4825344-71ef-33ea-befa-14fc72c8756c",
      "schema:email": [
        "info@calviontherocks.com"
      ],
      "@type": [
        "foaf:Agent",
        "Agent"
      ],
      "foaf:homepage": [
        "https://www.calviontherocks.com/"
      ]
    }
  ],
  "hasDescription": [
    {
      "@id": "https://data.datatourisme.fr/d5523057-1a93-3ec0-90f5-ad6ba8be4496",
      "@type": [
        "Description"
      ],
      "hasTranslatedProperty": [
        {
          "@id": "https://data.datatourisme.fr/364a12a4-60ce-3696-b780-fbf2ca5f0800",
          "dc:contributor": [
            "https://api.deepl.com/v2/translate"
          ],
          "rdf:language": [
            "es"
          ],
          "rdf:predicate": [
            "shortDescription"
          ]
        },
        {
          "@id": "https://data.datatourisme.fr/3d0938a5-25da-3bce-a011-c5b4fc16f61b",
          "dc:contributor": [
            "https://api.deepl.com/v2/translate"
          ],
          "rdf:language": [
            "de"
          ],
          "rdf:predicate": [
            "shortDescription"
          ]
        },
        {
          "@id": "https://data.datatourisme.fr/afcbbdbb-a486-3b06-bf80-eaed18d57e4d",
          "dc:contributor": [
            "https://api.deepl.com/v2/translate"
          ],
          "rdf:language": [
            "nl"
          ],
          "rdf:predicate": [
            "shortDescription"
          ]
        }
      ],
      "shortDescription": {
        "de": [
          "Brauchen Sie eine Auszeit? Dann gehen Sie Anfang Juli nach Korsika und machen Sie eine Sommerfrische in der Balagne mit dem Festival Calvi On The Rocks!"
        ],
        "en": [
          "Need to unwind? Head for Corsica in early July for a rejuvenating summer festival in Balagne, as Calvi On The Rocks !"
        ],
        "it": [
          "Avete bisogno di rilassarvi? All'inizio di luglio, recatevi in Corsica per una cura di ringiovanimento estivo in Balagne con il festival Calvi On The Rocks!"
        ],
        "fr": [
          "Besoin de décompresser ? Direction la Corse début juillet pour une cure de jouvance estivale en Balagne avec le festival Calvi On The Rocks !"
        ],
        "es": [
          "¿Necesita desconectar? Vaya a Córcega a principios de julio para una cura de rejuvenecimiento estival en Balagne con el festival Calvi On The Rocks"
        ],
        "nl": [
          "Behoefte aan ontspanning? Ga begin juli naar Corsica voor een zomerse verjongingskuur in Balagne met het Calvi On The Rocks festival!"
        ]
      }
    }
  ],
  "hasTranslatedProperty": [
    {
      "@id": "https://data.datatourisme.fr/344b40ac-e577-3c85-a8b6-8122cee24c49",
      "dc:contributor": [
        "https://api.deepl.com/v2/translate"
      ],
      "rdf:language": [
        "es"
      ],
      "rdf:predicate": [
        {
          "@id": "rdfs:comment"
        }
      ]
    },
    {
      "@id": "https://data.datatourisme.fr/b0208417-8b2d-34f2-9f8e-46779b49ca1f",
      "dc:contributor": [
        "https://api.deepl.com/v2/translate"
      ],
      "rdf:language": [
        "nl"
      ],
      "rdf:predicate": [
        {
          "@id": "rdfs:comment"
        }
      ]
    },
    {
      "@id": "https://data.datatourisme.fr/b1dcb22d-7e3c-30e7-a9d2-c9ecca6f0602",
      "dc:contributor": [
        "https://api.deepl.com/v2/translate"
      ],
      "rdf:language": [
        "de"
      ],
      "rdf:predicate": [
        {
          "@id": "rdfs:comment"
        }
      ]
    }
  ],
  "isLocatedAt": [
    {
      "@id": "https://data.datatourisme.fr/39cade6e-3b91-3ac5-9a88-0cdca9fbe8b3",
      "schema:address": [
        {
          "@id": "https://data.datatourisme.fr/54719238-b112-3e39-9d23-b5467b30808c",
          "schema:addressLocality": "Calvi",
          "schema:postalCode": "20260",
          "schema:streetAddress": [
            "Calvi on the Rocks"
          ],
          "@type": [
            "schema:PostalAddress",
            "PostalAddress"
          ],
          "hasAddressCity": {
            "@id": "kb:2B050",
            "@type": [
              "City"
            ],
            "rdfs:label": {
              "en": [
                "Calvi"
              ],
              "fr": [
                "Calvi"
              ]
            },
            "insee": "2B050",
            "isPartOfDepartment": {
              "@id": "kb:France942B",
              "@type": [
                "Department"
              ],
              "rdfs:label": {
                "en": [
                  "Haute-Corse"
                ],
                "fr": [
                  "Haute-Corse"
                ]
              },
              "insee": "2B",
              "isPartOfRegion": {
                "@id": "kb:France94",
                "@type": [
                  "Region"
                ],
                "rdfs:label": {
                  "en": [
                    "Corse"
                  ],
                  "fr": [
                    "Corse"
                  ]
                },
                "insee": "94",
                "isPartOfCountry": {
                  "@id": "kb:France",
                  "@type": [
                    "schema:Country"
                  ],
                  "rdfs:label": {
                    "de": [
                      "Frankreich"
                    ],
                    "pt": [
                      "França"
                    ],
                    "en": [
                      "France"
                    ],
                    "it": [
                      "Francia"
                    ],
                    "fr": [
                      "France"
                    ],
                    "nl": [
                      "Frankrijk"
                    ],
                    "es": [
                      "Francia"
                    ]
                  }
                }
              }
            }
          }
        }
      ],
      "schema:geo": {
        "@id": "https://data.datatourisme.fr/514dc531-103e-3a1a-908e-ed9c80293f8d",
        "schema:latitude": "42.568068",
        "schema:longitude": "8.762271",
        "@type": [
          "schema:GeoCoordinates"
        ]
      },
      "schema:openingHoursSpecification": [
        {
          "@id": "https://data.datatourisme.fr/9d738c6c-cddb-33c7-b73a-20e14e27cfbb",
          "schema:validFrom": "2023-06-30T00:00:00",
          "schema:validThrough": "2023-07-03T23:59:59",
          "@type": [
            "schema:OpeningHoursSpecification"
          ]
        }
      ],
      "@type": [
        "schema:Place",
        "Place"
      ]
    }
  ],
  "isOwnedBy": [
    {
      "@id": "https://data.datatourisme.fr/194c52e6-bbae-33dc-8464-caca97844fbb",
      "schema:email": [
        "info@balagne-corsica.com"
      ],
      "schema:legalName": "Office de Tourisme Intercommunal Calvi - Balagne",
      "@type": [
        "schema:Organization",
        "foaf:Agent",
        "Agent"
      ],
      "foaf:homepage": [
        "https://www.balagne-corsica.com/"
      ]
    }
  ],
  "lastUpdate": "2023-03-21",
  "lastUpdateDatatourisme": "2023-03-22T07:00:06.349Z",
  "offers": [
    {
      "@id": "https://data.datatourisme.fr/8130d584-036c-361e-9099-c78ef7157feb",
      "schema:priceSpecification": [
        {
          "@id": "https://data.datatourisme.fr/3c0e5cf2-1f99-3e5c-8c57-8cb38324e0bb",
          "@type": [
            "schema:PriceSpecification",
            "PriceSpecification"
          ],
          "appliesOnPeriod": [
            {
              "@id": "https://data.datatourisme.fr/4e5d1589-e566-383f-ac79-7fdbb7519207",
              "@type": [
                "Period"
              ],
              "endDate": "2023-07-03",
              "startDate": "2023-06-30"
            }
          ]
        }
      ],
      "@type": [
        "schema:Offer",
        "Offer"
      ]
    }
  ],
  "takesPlaceAt": [
    {
      "@id": "https://data.datatourisme.fr/4e5d1589-e566-383f-ac79-7fdbb7519207",
      "@type": [
        "Period"
      ],
      "endDate": "2023-07-03",
      "startDate": "2023-06-30"
    }
  ]
}