{
  "@id": "https://data.datatourisme.fr/13/ba954710-d156-36bb-bbe5-0426757e47bb",
  "dc:identifier": "6424946",
  "@type": [
    "schema:FoodEstablishment",
    "schema:Winery",
    "BistroOrWineBar",
    "FoodEstablishment",
    "PlaceOfInterest",
    "PointOfInterest",
    "SportsAndLeisurePlace"
  ],
  "rdfs:comment": {
    "de": [
      "Wein- und Tapas-Bar im Herzen der Rue Borgu.\r\nDiese atypische Bar nimmt Sie mit auf eine musikalische Reise mit ihren Vinylplatten, Playlists und Live-Sessions, aber auch mit ihren Weinen aus allen Ecken der Insel und ihrer Auswahl an Wurst- und Käsesorten."
    ],
    "en": [
      "Wine and tapas bar in the heart of Borgu Street.\r\nThis atypical bar will make you travel musically with its vinyls, its playlists, its live sessions, but also with its wines from the four corners of the island and its selection of cold cuts and cheeses."
    ],
    "it": [
      "Wine and tapas bar nel cuore di Borgu Street.\r\nQuesto bar atipico vi accompagnerà in un viaggio musicale con i suoi vinili, le sue playlist e le sessioni dal vivo, ma anche con i suoi vini provenienti da tutta l'isola e la sua selezione di salumi e formaggi."
    ],
    "fr": [
      "Bar à vin, tapas au cœur de la rue Borgu. \r\nCe bar atypique vous fera voyager musicalement avec ses vinyles, ses playlists, ses sessions live, mais aussi avec ses vins des quatre coins de l'île et sa sélection de charcuterie et fromages."
    ],
    "nl": [
      "Wijn- en tapasbar in het hart van de Borgu-straat.\r\nDeze atypische bar neemt u mee op een muzikale reis met zijn vinyls, playlists en live sessies, maar ook met zijn wijnen van over het hele eiland en zijn selectie van vleeswaren en kazen."
    ],
    "es": [
      "Bar de vinos y tapas en el corazón de la calle Borgu.\r\nEste bar atípico te llevará en un viaje musical con sus vinilos, listas de reproducción y sesiones en directo, pero también con sus vinos de toda la isla y su selección de embutidos y quesos."
    ]
  },
  "rdfs:label": {
    "fr": [
      "Bar Le Vinyle"
    ]
  },
  "hasBeenCreatedBy": {
    "@id": "https://data.datatourisme.fr/13/84c6494d-3085-3c63-a55c-db8cb047fadd",
    "dc:identifier": "1738",
    "schema:email": [
      "camillef.omt@gmail.com",
      "direction@destination-sudcorse.com",
      "gestion@destination-sudcorse.com",
      "promotion@destination-sudcorse.com",
      "webmaster@destination-sudcorse.com"
    ],
    "schema:legalName": "Porto Vecchio Tourisme",
    "@type": [
      "schema:Organization",
      "foaf:Agent",
      "Agent"
    ],
    "foaf:homepage": [
      "http://www.ot-portovecchio.com/"
    ]
  },
  "hasBeenPublishedBy": [
    {
      "@id": "https://data.datatourisme.fr/8a9feb4b-2cbd-3d2c-b507-bd6c6776b23b",
      "schema:legalName": "Apidae Tourisme Scic SA - source : Apidae Tourisme",
      "@type": [
        "schema:Organization",
        "foaf:Agent",
        "Agent"
      ],
      "foaf:homepage": [
        "https://www.apidae-tourisme.com/"
      ]
    }
  ],
  "hasContact": [
    {
      "@id": "https://data.datatourisme.fr/7fda76c9-0e00-3821-835f-3e72aabb1098",
      "schema:email": [
        "barlevinyle@gmail.com"
      ],
      "schema:telephone": [
        "+33 7 85 02 97 99"
      ],
      "@type": [
        "foaf:Agent",
        "Agent"
      ]
    }
  ],
  "hasDescription": [
    {
      "@id": "https://data.datatourisme.fr/4466493e-6127-3d4b-80bc-9dc6422ae051",
      "@type": [
        "Description"
      ],
      "hasTranslatedProperty": [
        {
          "@id": "https://data.datatourisme.fr/15d9d526-9529-34a2-a75e-8b26356e6b43",
          "dc:contributor": [
            "https://api.deepl.com/v2/translate"
          ],
          "rdf:language": [
            "de"
          ],
          "rdf:predicate": [
            "shortDescription"
          ]
        },
        {
          "@id": "https://data.datatourisme.fr/29e61542-218f-302c-845b-80d03353b451",
          "dc:contributor": [
            "https://api.deepl.com/v2/translate"
          ],
          "rdf:language": [
            "nl"
          ],
          "rdf:predicate": [
            "shortDescription"
          ]
        },
        {
          "@id": "https://data.datatourisme.fr/7673a119-dcc5-30f2-99d1-2c3ad1062f8f",
          "dc:contributor": [
            "https://api.deepl.com/v2/translate"
          ],
          "rdf:language": [
            "it"
          ],
          "rdf:predicate": [
            "shortDescription"
          ]
        },
        {
          "@id": "https://data.datatourisme.fr/8057ac85-f766-35bd-af5c-946f2f451f2d",
          "dc:contributor": [
            "https://api.deepl.com/v2/translate"
          ],
          "rdf:language": [
            "es"
          ],
          "rdf:predicate": [
            "shortDescription"
          ]
        },
        {
          "@id": "https://data.datatourisme.fr/e2b06b5d-4c4a-3686-b8b8-b97fb6383da1",
          "dc:contributor": [
            "https://api.deepl.com/v2/translate"
          ],
          "rdf:language": [
            "en"
          ],
          "rdf:predicate": [
            "shortDescription"
          ]
        }
      ],
      "shortDescription": {
        "de": [
          "Wein- und Tapas-Bar im Herzen der Rue Borgu.\r\nDiese atypische Bar nimmt Sie mit auf eine musikalische Reise mit ihren Vinylplatten, Playlists und Live-Sessions, aber auch mit ihren Weinen aus allen Ecken der Insel und ihrer Auswahl an Wurst- und Käsesorten."
        ],
        "en": [
          "Wine and tapas bar in the heart of Borgu Street.\r\nThis atypical bar will make you travel musically with its vinyls, its playlists, its live sessions, but also with its wines from the four corners of the island and its selection of cold cuts and cheeses."
        ],
        "it": [
          "Wine and tapas bar nel cuore di Borgu Street.\r\nQuesto bar atipico vi accompagnerà in un viaggio musicale con i suoi vinili, le sue playlist e le sessioni dal vivo, ma anche con i suoi vini provenienti da tutta l'isola e la sua selezione di salumi e formaggi."
        ],
        "fr": [
          "Bar à vin, tapas au cœur de la rue Borgu. \r\nCe bar atypique vous fera voyager musicalement avec ses vinyles, ses playlists, ses sessions live, mais aussi avec ses vins des quatre coins de l'île et sa sélection de charcuterie et fromages."
        ],
        "nl": [
          "Wijn- en tapasbar in het hart van de Borgu-straat.\r\nDeze atypische bar neemt u mee op een muzikale reis met zijn vinyls, playlists en live sessies, maar ook met zijn wijnen van over het hele eiland en zijn selectie van vleeswaren en kazen."
        ],
        "es": [
          "Bar de vinos y tapas en el corazón de la calle Borgu.\r\nEste bar atípico te llevará en un viaje musical con sus vinilos, listas de reproducción y sesiones en directo, pero también con sus vinos de toda la isla y su selección de embutidos y quesos."
        ]
      }
    }
  ],
  "hasTranslatedProperty": [
    {
      "@id": "https://data.datatourisme.fr/3ba4650f-b941-3df7-9cb6-dc37855c2727",
      "dc:contributor": [
        "https://api.deepl.com/v2/translate"
      ],
      "rdf:language": [
        "it"
      ],
      "rdf:predicate": [
        {
          "@id": "rdfs:comment"
        }
      ]
    },
    {
      "@id": "https://data.datatourisme.fr/592d6cb2-2b10-341b-8410-d255618153d2",
      "dc:contributor": [
        "https://api.deepl.com/v2/translate"
      ],
      "rdf:language": [
        "nl"
      ],
      "rdf:predicate": [
        {
          "@id": "rdfs:comment"
        }
      ]
    },
    {
      "@id": "https://data.datatourisme.fr/686a9f55-8a21-3870-a7a1-6b6a5effa7bd",
      "dc:contributor": [
        "https://api.deepl.com/v2/translate"
      ],
      "rdf:language": [
        "es"
      ],
      "rdf:predicate": [
        {
          "@id": "rdfs:comment"
        }
      ]
    },
    {
      "@id": "https://data.datatourisme.fr/77e2e6a2-70bc-3540-ab58-4727f18ba1dd",
      "dc:contributor": [
        "https://api.deepl.com/v2/translate"
      ],
      "rdf:language": [
        "en"
      ],
      "rdf:predicate": [
        {
          "@id": "rdfs:comment"
        }
      ]
    },
    {
      "@id": "https://data.datatourisme.fr/d66c1f6a-8109-3deb-a564-adb48723ada7",
      "dc:contributor": [
        "https://api.deepl.com/v2/translate"
      ],
      "rdf:language": [
        "de"
      ],
      "rdf:predicate": [
        {
          "@id": "rdfs:comment"
        }
      ]
    }
  ],
  "isLocatedAt": [
    {
      "@id": "https://data.datatourisme.fr/857774fa-9b38-3a55-9bef-ecf1641334c0",
      "schema:address": [
        {
          "@id": "https://data.datatourisme.fr/a1bc5bbd-0eff-3bbe-98e3-c71333c5987a",
          "schema:addressLocality": "Porto-Vecchio",
          "schema:postalCode": "20137",
          "schema:streetAddress": [
            "10 rue Borgo"
          ],
          "@type": [
            "schema:PostalAddress",
            "PostalAddress"
          ],
          "hasAddressCity": {
            "@id": "kb:2A247",
            "@type": [
              "City"
            ],
            "rdfs:label": {
              "en": [
                "Porto-Vecchio"
              ],
              "fr": [
                "Porto-Vecchio"
              ]
            },
            "insee": "2A247",
            "isPartOfDepartment": {
              "@id": "kb:France942A",
              "@type": [
                "Department"
              ],
              "rdfs:label": {
                "en": [
                  "Corse-du-Sud"
                ],
                "fr": [
                  "Corse-du-Sud"
                ]
              },
              "insee": "2A",
              "isPartOfRegion": {
                "@id": "kb:France94",
                "@type": [
                  "Region"
                ],
                "rdfs:label": {
                  "en": [
                    "Corse"
                  ],
                  "fr": [
                    "Corse"
                  ]
                },
                "insee": "94",
                "isPartOfCountry": {
                  "@id": "kb:France",
                  "@type": [
                    "schema:Country"
                  ],
                  "rdfs:label": {
                    "de": [
                      "Frankreich"
                    ],
                    "pt": [
                      "França"
                    ],
                    "en": [
                      "France"
                    ],
                    "it": [
                      "Francia"
                    ],
                    "fr": [
                      "France"
                    ],
                    "nl": [
                      "Frankrijk"
                    ],
                    "es": [
                      "Francia"
                    ]
                  }
                }
              }
            }
          }
        }
      ],
      "schema:geo": {
        "@id": "https://data.datatourisme.fr/70a4a45f-db44-3b0a-86e2-29dae98fc3f6",
        "schema:latitude": "41.590537",
        "schema:longitude": "9.280046",
        "@type": [
          "schema:GeoCoordinates"
        ]
      },
      "schema:openingHoursSpecification": [
        {
          "@id": "https://data.datatourisme.fr/481758cb-fc17-3e01-a0a9-419ad2d26a3d",
          "schema:validFrom": "2023-05-01T00:00:00",
          "schema:validThrough": "2023-12-31T23:59:59",
          "@type": [
            "schema:OpeningHoursSpecification"
          ],
          "additionalInformation": {
            "de": [
              "Montag, Dienstag, Mittwoch, Donnerstag, Freitag, Sonntag: 18:00 bis 23:45 Uhr, 11:45 bis 14:30 Uhr\r\nSamstag: 18:00 bis 23:45 Uhr"
            ],
            "en": [
              "Monday, Tuesday, Wednesday, Thursday, Friday, Sunday: 6pm to 11:45pm, 11:45am to 2:30pm\r\nSaturday : 6pm to 11:45pm"
            ],
            "it": [
              "Lunedì, martedì, mercoledì, giovedì, venerdì, domenica: dalle 18:00 alle 23:45, dalle 11:45 alle 14:30\r\nSabato: dalle 18:00 alle 23:45"
            ],
            "fr": [
              "Lundi, Mardi, Mercredi, Jeudi, Vendredi, Dimanche : 18h à 23h45, 11h45 à 14h30\r\nSamedi : 18h à 23h45"
            ],
            "nl": [
              "Maandag, dinsdag, woensdag, donderdag, vrijdag, zondag: 18u tot 23u45, 11u45 tot 14u30\r\nZaterdag: 18u tot 23u45"
            ],
            "es": [
              "Lunes, martes, miércoles, jueves, viernes y domingo: de 18:00 a 23:45 y de 11:45 a 14:30\r\nSábado: de 18:00 a 23:45"
            ]
          },
          "hasTranslatedProperty": [
            {
              "@id": "https://data.datatourisme.fr/0141096d-8d4f-3494-ad4f-f860f56ead6f",
              "dc:contributor": [
                "https://api.deepl.com/v2/translate"
              ],
              "rdf:language": [
                "nl"
              ],
              "rdf:predicate": [
                "additionalInformation"
              ]
            },
            {
              "@id": "https://data.datatourisme.fr/7a1e3cb7-041f-31a6-b321-c963478e12e9",
              "dc:contributor": [
                "https://api.deepl.com/v2/translate"
              ],
              "rdf:language": [
                "es"
              ],
              "rdf:predicate": [
                "additionalInformation"
              ]
            },
            {
              "@id": "https://data.datatourisme.fr/7de01233-b50e-354b-95f0-fa01facea35e",
              "dc:contributor": [
                "https://api.deepl.com/v2/translate"
              ],
              "rdf:language": [
                "en"
              ],
              "rdf:predicate": [
                "additionalInformation"
              ]
            },
            {
              "@id": "https://data.datatourisme.fr/a9fc32fd-3133-385f-bbe3-081942ecd192",
              "dc:contributor": [
                "https://api.deepl.com/v2/translate"
              ],
              "rdf:language": [
                "it"
              ],
              "rdf:predicate": [
                "additionalInformation"
              ]
            },
            {
              "@id": "https://data.datatourisme.fr/cc808a3e-3a92-343f-9b13-d7629a2167eb",
              "dc:contributor": [
                "https://api.deepl.com/v2/translate"
              ],
              "rdf:language": [
                "de"
              ],
              "rdf:predicate": [
                "additionalInformation"
              ]
            }
          ]
        }
      ],
      "@type": [
        "schema:Place",
        "Place"
      ]
    }
  ],
  "isOwnedBy": [
    {
      "@id": "https://data.datatourisme.fr/f5f950f9-5eec-32b4-a357-2c969ccf4068",
      "schema:email": [
        "camillef.omt@gmail.com",
        "direction@destination-sudcorse.com",
        "gestion@destination-sudcorse.com",
        "promotion@destination-sudcorse.com",
        "webmaster@destination-sudcorse.com"
      ],
      "schema:legalName": "Porto Vecchio Tourisme",
      "@type": [
        "schema:Organization",
        "foaf:Agent",
        "Agent"
      ],
      "foaf:homepage": [
        "http://www.ot-portovecchio.com/"
      ]
    }
  ],
  "lastUpdate": "2023-02-22",
  "lastUpdateDatatourisme": "2023-03-27T05:53:20.105Z"
}