{
  "@id": "https://data.datatourisme.fr/13/ba1222db-4ad3-3008-bf9d-456d2b3c525c",
  "dc:identifier": "5164476",
  "@type": [
    "schema:Accommodation",
    "schema:LodgingBusiness",
    "Accommodation",
    "PlaceOfInterest",
    "PointOfInterest"
  ],
  "rdfs:comment": {
    "de": [
      "Mit direktem Zugang zum breiten Strand von Palombaggia genießen Sie einen privilegierten, noch erhaltenen Ort."
    ],
    "en": [
      "With direct access to the wide beach of Palombaggia, you enjoy a privileged place still preserved."
    ],
    "it": [
      "Con accesso diretto all'ampia spiaggia di Palombaggia, si gode di un luogo privilegiato ancora conservato."
    ],
    "fr": [
      "A 5 minutes à pieds de la grande plage Palombaggia, au cœur du maquis corse, vous profitez d'un lieu privilégié encore préservé.\r\nDepuis trois décennies le DOMAINE de la PUNTA vous accueille pour un séjour en toute sérénité.\r\nBienvenue chez nous !"
    ],
    "nl": [
      "Met directe toegang tot het brede strand van Palombaggia, geniet u van een bevoorrechte plek die nog steeds bewaard is gebleven."
    ],
    "es": [
      "A 5 minutos a pie de la gran playa de Palombaggia, en el corazón del maquis corso, podrá disfrutar de un lugar privilegiado y aún preservado.\r\nDesde hace tres décadas, el DOMAINE de la PUNTA le acoge para una estancia en toda serenidad.\r\n¡Bienvenido a nuestra casa!"
    ]
  },
  "rdfs:label": {
    "fr": [
      "Domaine de la Punta"
    ]
  },
  "hasBeenCreatedBy": {
    "@id": "https://data.datatourisme.fr/13/84c6494d-3085-3c63-a55c-db8cb047fadd",
    "dc:identifier": "1738",
    "schema:email": [
      "camillef.omt@gmail.com",
      "direction@destination-sudcorse.com",
      "gestion@destination-sudcorse.com",
      "promotion@destination-sudcorse.com",
      "webmaster@destination-sudcorse.com"
    ],
    "schema:legalName": "Porto Vecchio Tourisme",
    "@type": [
      "schema:Organization",
      "foaf:Agent",
      "Agent"
    ],
    "foaf:homepage": [
      "http://www.ot-portovecchio.com/"
    ]
  },
  "hasBeenPublishedBy": [
    {
      "@id": "https://data.datatourisme.fr/8a9feb4b-2cbd-3d2c-b507-bd6c6776b23b",
      "schema:legalName": "Apidae Tourisme Scic SA - source : Apidae Tourisme",
      "@type": [
        "schema:Organization",
        "foaf:Agent",
        "Agent"
      ],
      "foaf:homepage": [
        "https://www.apidae-tourisme.com/"
      ]
    }
  ],
  "hasContact": [
    {
      "@id": "https://data.datatourisme.fr/22e7f14c-c537-3706-b48e-37ecd8950090",
      "schema:email": [
        "domainedelapunta@gmail.com"
      ],
      "schema:telephone": [
        "+33 6 75 86 17 37"
      ],
      "@type": [
        "foaf:Agent",
        "Agent"
      ],
      "foaf:homepage": [
        "http://www.domainedelapunta.com/"
      ]
    }
  ],
  "hasDescription": [
    {
      "@id": "https://data.datatourisme.fr/4920dfce-5c7c-35f9-84a6-8ca25b391c08",
      "@type": [
        "Description"
      ],
      "hasTranslatedProperty": [
        {
          "@id": "https://data.datatourisme.fr/fad9fd06-5436-3eaf-be5b-e66c81fc5378",
          "dc:contributor": [
            "https://api.deepl.com/v2/translate"
          ],
          "rdf:language": [
            "es"
          ],
          "rdf:predicate": [
            "shortDescription"
          ]
        }
      ],
      "shortDescription": {
        "de": [
          "Mit direktem Zugang zum breiten Strand von Palombaggia genießen Sie einen privilegierten, noch erhaltenen Ort."
        ],
        "en": [
          "With direct access to the wide beach of Palombaggia, you enjoy a privileged place still preserved."
        ],
        "it": [
          "Con accesso diretto all'ampia spiaggia di Palombaggia, si gode di un luogo privilegiato ancora conservato."
        ],
        "fr": [
          "A 5 minutes à pieds de la grande plage Palombaggia, au cœur du maquis corse, vous profitez d'un lieu privilégié encore préservé.\r\nDepuis trois décennies le DOMAINE de la PUNTA vous accueille pour un séjour en toute sérénité.\r\nBienvenue chez nous !"
        ],
        "nl": [
          "Met directe toegang tot het brede strand van Palombaggia, geniet u van een bevoorrechte plek die nog steeds bewaard is gebleven."
        ],
        "es": [
          "A 5 minutos a pie de la gran playa de Palombaggia, en el corazón del maquis corso, podrá disfrutar de un lugar privilegiado y aún preservado.\r\nDesde hace tres décadas, el DOMAINE de la PUNTA le acoge para una estancia en toda serenidad.\r\n¡Bienvenido a nuestra casa!"
        ]
      }
    }
  ],
  "hasTranslatedProperty": [
    {
      "@id": "https://data.datatourisme.fr/89f0e39c-d415-3cd8-9ee0-23c67629b3fc",
      "dc:contributor": [
        "https://api.deepl.com/v2/translate"
      ],
      "rdf:language": [
        "es"
      ],
      "rdf:predicate": [
        {
          "@id": "rdfs:comment"
        }
      ]
    }
  ],
  "isLocatedAt": [
    {
      "@id": "https://data.datatourisme.fr/fa585c70-00e0-31fc-a2f0-f41b86313b01",
      "schema:address": [
        {
          "@id": "https://data.datatourisme.fr/a1674e85-f6d0-3767-b77f-7c11ad8ebb4b",
          "schema:addressLocality": "Porto-Vecchio",
          "schema:postalCode": "20137",
          "schema:streetAddress": [
            "Asciaghju",
            "Route de Palombaggia"
          ],
          "@type": [
            "schema:PostalAddress",
            "PostalAddress"
          ],
          "hasAddressCity": {
            "@id": "kb:2A247",
            "@type": [
              "City"
            ],
            "rdfs:label": {
              "en": [
                "Porto-Vecchio"
              ],
              "fr": [
                "Porto-Vecchio"
              ]
            },
            "insee": "2A247",
            "isPartOfDepartment": {
              "@id": "kb:France942A",
              "@type": [
                "Department"
              ],
              "rdfs:label": {
                "en": [
                  "Corse-du-Sud"
                ],
                "fr": [
                  "Corse-du-Sud"
                ]
              },
              "insee": "2A",
              "isPartOfRegion": {
                "@id": "kb:France94",
                "@type": [
                  "Region"
                ],
                "rdfs:label": {
                  "en": [
                    "Corse"
                  ],
                  "fr": [
                    "Corse"
                  ]
                },
                "insee": "94",
                "isPartOfCountry": {
                  "@id": "kb:France",
                  "@type": [
                    "schema:Country"
                  ],
                  "rdfs:label": {
                    "de": [
                      "Frankreich"
                    ],
                    "pt": [
                      "França"
                    ],
                    "en": [
                      "France"
                    ],
                    "it": [
                      "Francia"
                    ],
                    "fr": [
                      "France"
                    ],
                    "nl": [
                      "Frankrijk"
                    ],
                    "es": [
                      "Francia"
                    ]
                  }
                }
              }
            }
          }
        }
      ],
      "schema:geo": {
        "@id": "https://data.datatourisme.fr/e1148331-b1a0-3711-a146-c245c6f631df",
        "schema:latitude": "41.548",
        "schema:longitude": "9.3033",
        "@type": [
          "schema:GeoCoordinates"
        ]
      },
      "schema:openingHoursSpecification": [
        {
          "@id": "https://data.datatourisme.fr/0c138cdb-d102-31b4-84db-35c3e74dcbcc",
          "schema:validFrom": "2023-05-13T00:00:00",
          "schema:validThrough": "2023-10-07T23:59:59",
          "@type": [
            "schema:OpeningHoursSpecification"
          ],
          "additionalInformation": {
            "de": [
              "Montag, Dienstag, Mittwoch, Donnerstag, Freitag, Samstag, Sonntag: offen\n\nMontag, Dienstag, Mittwoch, Donnerstag, Freitag, Samstag, Sonntag: offen\n\nDie Sommervermietung erfolgt wochenweise von Samstag bis Samstag."
            ],
            "en": [
              "Monday, Tuesday, Wednesday, Thursday, Friday, Saturday, Sunday: open\n\nMonday, Tuesday, Wednesday, Thursday, Friday, Saturday, Sunday: open\n\nSummer rentals are by the week, from Saturday to Saturday."
            ],
            "it": [
              "Lunedì, martedì, mercoledì, giovedì, venerdì, sabato, domenica: aperto\n\nLunedì, martedì, mercoledì, giovedì, venerdì, sabato, domenica: aperto\n\nGli affitti estivi si intendono a settimana, da sabato a sabato."
            ],
            "fr": [
              "Lundi, Mardi, Mercredi, Jeudi, Vendredi, Samedi, Dimanche : ouvert\n\nLundi, Mardi, Mercredi, Jeudi, Vendredi, Samedi, Dimanche : ouvert\n\nLes location estivales se font à la semaine, du samedi au samedi."
            ],
            "nl": [
              "Maandag, dinsdag, woensdag, donderdag, vrijdag, zaterdag, zondag: open\n\nMaandag, dinsdag, woensdag, donderdag, vrijdag, zaterdag, zondag: open\n\nVerhuur in de zomer gebeurt per week, van zaterdag tot zaterdag."
            ],
            "es": [
              "Lunes, martes, miércoles, jueves, viernes, sábado y domingo: abierto\n\nLunes, martes, miércoles, jueves, viernes, sábado y domingo: abierto\n\nLos alquileres de verano son por semanas, de sábado a sábado."
            ]
          },
          "hasTranslatedProperty": [
            {
              "@id": "https://data.datatourisme.fr/1323731e-2c3b-35f1-ace0-8976879e8d99",
              "dc:contributor": [
                "https://api.deepl.com/v2/translate"
              ],
              "rdf:language": [
                "es"
              ],
              "rdf:predicate": [
                "additionalInformation"
              ]
            },
            {
              "@id": "https://data.datatourisme.fr/5319c357-5a75-39b2-a5f4-ac4eb308387c",
              "dc:contributor": [
                "https://api.deepl.com/v2/translate"
              ],
              "rdf:language": [
                "en"
              ],
              "rdf:predicate": [
                "additionalInformation"
              ]
            },
            {
              "@id": "https://data.datatourisme.fr/71ad6ea8-8b7f-3743-8fe4-4319509bd29c",
              "dc:contributor": [
                "https://api.deepl.com/v2/translate"
              ],
              "rdf:language": [
                "it"
              ],
              "rdf:predicate": [
                "additionalInformation"
              ]
            },
            {
              "@id": "https://data.datatourisme.fr/83851f81-de96-3d89-8330-bb5e3637571f",
              "dc:contributor": [
                "https://api.deepl.com/v2/translate"
              ],
              "rdf:language": [
                "de"
              ],
              "rdf:predicate": [
                "additionalInformation"
              ]
            },
            {
              "@id": "https://data.datatourisme.fr/8bd08d9b-dc6f-3123-8217-7ef6c321848e",
              "dc:contributor": [
                "https://api.deepl.com/v2/translate"
              ],
              "rdf:language": [
                "nl"
              ],
              "rdf:predicate": [
                "additionalInformation"
              ]
            }
          ]
        }
      ],
      "@type": [
        "schema:Place",
        "Place"
      ]
    }
  ],
  "isOwnedBy": [
    {
      "@id": "https://data.datatourisme.fr/f5f950f9-5eec-32b4-a357-2c969ccf4068",
      "schema:email": [
        "camillef.omt@gmail.com",
        "direction@destination-sudcorse.com",
        "gestion@destination-sudcorse.com",
        "promotion@destination-sudcorse.com",
        "webmaster@destination-sudcorse.com"
      ],
      "schema:legalName": "Porto Vecchio Tourisme",
      "@type": [
        "schema:Organization",
        "foaf:Agent",
        "Agent"
      ],
      "foaf:homepage": [
        "http://www.ot-portovecchio.com/"
      ]
    }
  ],
  "lastUpdate": "2023-02-06",
  "lastUpdateDatatourisme": "2023-02-07T06:39:35.144Z",
  "offers": [
    {
      "@id": "https://data.datatourisme.fr/44993da0-3d6e-3a0f-b505-91a12adac7d9",
      "schema:priceSpecification": [
        {
          "@id": "https://data.datatourisme.fr/e3b1e29e-af14-3bfe-91b0-dd1323f620ee",
          "@type": [
            "schema:PriceSpecification",
            "PriceSpecification"
          ],
          "appliesOnPeriod": [
            {
              "@id": "https://data.datatourisme.fr/7325c7ec-f115-33ad-aa1a-1e1663de0f28",
              "@type": [
                "Period"
              ],
              "endDate": "2023-09-30",
              "startDate": "2023-05-13"
            }
          ]
        }
      ],
      "@type": [
        "schema:Offer",
        "Offer"
      ]
    }
  ]
}