{
  "@id": "https://data.datatourisme.fr/13/6cc5a979-c003-3cdf-a8ee-dc07f5ad729e",
  "dc:identifier": "4927376",
  "@type": [
    "schema:Accommodation",
    "schema:FoodEstablishment",
    "schema:Hotel",
    "schema:LodgingBusiness",
    "schema:Restaurant",
    "Accommodation",
    "FoodEstablishment",
    "Hotel",
    "HotelRestaurant",
    "HotelTrade",
    "PlaceOfInterest",
    "PointOfInterest",
    "Restaurant"
  ],
  "rdfs:comment": {
    "de": [
      "Vor den Toren von Calvi wurde das ehemalige genuesische Landgut Paratella von Ludwig XV. dem Marquis Murat de Sistrière zugesprochen. In dieser Umgebung erwartet Sie heute Ihr charmantes Hotel auf Korsika. Wir wünschen Ihnen einen angenehmen Aufenthalt in der Balagne!"
    ],
    "en": [
      "At the gates of Calvi, the former Genoese domain of Paratella was granted by Louis XV to Mr Murat de Sistrière and it is in this setting that awaits you today your charming hotel in Corsica. Enjoy your stay in Balagne!"
    ],
    "it": [
      "Alle porte di Calvi, l'antico dominio genovese de La Paratella fu concesso da Luigi XV al marchese Murat de Sistrière ed è in questa cornice che vi aspetta oggi il vostro hotel di charme in Corsica. Godetevi il vostro soggiorno in Balagne!"
    ],
    "fr": [
      "Aux portes de Calvi, l'ancien domaine génois de la Paratella fut concédé par Louis XV au Marquis Murat de Sistrière et c'est dans ce décor que vous attend aujourd'hui votre hôtel de charme en Corse. Bon séjour en Balagne !"
    ],
    "nl": [
      "Aan de poorten van Calvi werd het voormalige Genuese domein van La Paratella door Lodewijk XV toegekend aan de markies Murat de Sistrière en het is in deze omgeving dat uw charmante hotel op Corsica vandaag op u wacht. Geniet van uw verblijf in Balagne!"
    ],
    "es": [
      "A las puertas de Calvi, el antiguo dominio genovés de La Paratella fue concedido por Luis XV al marqués Murat de Sistrière y es en este entorno donde le espera hoy su hotel con encanto en Córcega. ¡Disfrute de su estancia en Balagne!"
    ]
  },
  "rdfs:label": {
    "fr": [
      "La Signoria"
    ]
  },
  "hasBeenCreatedBy": {
    "@id": "https://data.datatourisme.fr/13/e4873aa9-a05c-35ed-8395-61d121516766",
    "dc:identifier": "1646",
    "schema:email": [
      "info@balagne-corsica.com"
    ],
    "schema:legalName": "Office de Tourisme Intercommunal Calvi - Balagne",
    "@type": [
      "schema:Organization",
      "foaf:Agent",
      "Agent"
    ],
    "foaf:homepage": [
      "https://www.balagne-corsica.com/"
    ]
  },
  "hasBeenPublishedBy": [
    {
      "@id": "https://data.datatourisme.fr/8a9feb4b-2cbd-3d2c-b507-bd6c6776b23b",
      "schema:legalName": "Apidae Tourisme Scic SA - source : Apidae Tourisme",
      "@type": [
        "schema:Organization",
        "foaf:Agent",
        "Agent"
      ],
      "foaf:homepage": [
        "https://www.apidae-tourisme.com/"
      ]
    }
  ],
  "hasContact": [
    {
      "@id": "https://data.datatourisme.fr/87d4bbed-0656-3ab6-81a5-e0010b189326",
      "schema:email": [
        "info@hotel-la-signoria.com"
      ],
      "schema:telephone": [
        "+33 4 95 65 93 00"
      ],
      "@type": [
        "foaf:Agent",
        "Agent"
      ],
      "foaf:homepage": [
        "https://www.hotel-la-signoria.com/"
      ]
    }
  ],
  "hasDescription": [
    {
      "@id": "https://data.datatourisme.fr/b33245ce-70c4-3b90-b7db-17b9d7a0ad99",
      "@type": [
        "Description"
      ],
      "hasTranslatedProperty": [
        {
          "@id": "https://data.datatourisme.fr/09ba1a8b-fb6f-3003-b1ad-ea3bf5861d6a",
          "dc:contributor": [
            "https://api.deepl.com/v2/translate"
          ],
          "rdf:language": [
            "nl"
          ],
          "rdf:predicate": [
            "shortDescription"
          ]
        },
        {
          "@id": "https://data.datatourisme.fr/f53dfec5-ff0b-3267-9e9b-091099776335",
          "dc:contributor": [
            "https://api.deepl.com/v2/translate"
          ],
          "rdf:language": [
            "es"
          ],
          "rdf:predicate": [
            "shortDescription"
          ]
        },
        {
          "@id": "https://data.datatourisme.fr/fb7541d1-3a73-3494-ad3a-3484b90fd243",
          "dc:contributor": [
            "https://api.deepl.com/v2/translate"
          ],
          "rdf:language": [
            "de"
          ],
          "rdf:predicate": [
            "shortDescription"
          ]
        }
      ],
      "shortDescription": {
        "de": [
          "Vor den Toren von Calvi wurde das ehemalige genuesische Landgut Paratella von Ludwig XV. dem Marquis Murat de Sistrière zugesprochen. In dieser Umgebung erwartet Sie heute Ihr charmantes Hotel auf Korsika. Wir wünschen Ihnen einen angenehmen Aufenthalt in der Balagne!"
        ],
        "en": [
          "At the gates of Calvi, the former Genoese domain of Paratella was granted by Louis XV to Mr Murat de Sistrière and it is in this setting that awaits you today your charming hotel in Corsica. Enjoy your stay in Balagne!"
        ],
        "it": [
          "Alle porte di Calvi, l'antico dominio genovese de La Paratella fu concesso da Luigi XV al marchese Murat de Sistrière ed è in questa cornice che vi aspetta oggi il vostro hotel di charme in Corsica. Godetevi il vostro soggiorno in Balagne!"
        ],
        "fr": [
          "Aux portes de Calvi, l'ancien domaine génois de la Paratella fut concédé par Louis XV au Marquis Murat de Sistrière et c'est dans ce décor que vous attend aujourd'hui votre hôtel de charme en Corse. Bon séjour en Balagne !"
        ],
        "nl": [
          "Aan de poorten van Calvi werd het voormalige Genuese domein van La Paratella door Lodewijk XV toegekend aan de markies Murat de Sistrière en het is in deze omgeving dat uw charmante hotel op Corsica vandaag op u wacht. Geniet van uw verblijf in Balagne!"
        ],
        "es": [
          "A las puertas de Calvi, el antiguo dominio genovés de La Paratella fue concedido por Luis XV al marqués Murat de Sistrière y es en este entorno donde le espera hoy su hotel con encanto en Córcega. ¡Disfrute de su estancia en Balagne!"
        ]
      }
    }
  ],
  "hasTranslatedProperty": [
    {
      "@id": "https://data.datatourisme.fr/021304a9-e4c7-3b3d-81ab-cc0e457eb09f",
      "dc:contributor": [
        "https://api.deepl.com/v2/translate"
      ],
      "rdf:language": [
        "es"
      ],
      "rdf:predicate": [
        {
          "@id": "rdfs:comment"
        }
      ]
    },
    {
      "@id": "https://data.datatourisme.fr/49a04655-0739-3c3d-beb3-d3dae4ce6172",
      "dc:contributor": [
        "https://api.deepl.com/v2/translate"
      ],
      "rdf:language": [
        "de"
      ],
      "rdf:predicate": [
        {
          "@id": "rdfs:comment"
        }
      ]
    },
    {
      "@id": "https://data.datatourisme.fr/ed97d7ad-cb23-3493-b650-dbae8dbc67de",
      "dc:contributor": [
        "https://api.deepl.com/v2/translate"
      ],
      "rdf:language": [
        "nl"
      ],
      "rdf:predicate": [
        {
          "@id": "rdfs:comment"
        }
      ]
    }
  ],
  "isLocatedAt": [
    {
      "@id": "https://data.datatourisme.fr/77b702ea-7112-3961-a73d-f937f55b2b2b",
      "schema:address": [
        {
          "@id": "https://data.datatourisme.fr/4c5ca207-eeb5-3907-8a91-85264b30fc7e",
          "schema:addressLocality": "Calvi",
          "schema:postalCode": "20260",
          "schema:streetAddress": [
            "Route de la Forêt de Bonifato"
          ],
          "@type": [
            "schema:PostalAddress",
            "PostalAddress"
          ],
          "hasAddressCity": {
            "@id": "kb:2B050",
            "@type": [
              "City"
            ],
            "rdfs:label": {
              "en": [
                "Calvi"
              ],
              "fr": [
                "Calvi"
              ]
            },
            "insee": "2B050",
            "isPartOfDepartment": {
              "@id": "kb:France942B",
              "@type": [
                "Department"
              ],
              "rdfs:label": {
                "en": [
                  "Haute-Corse"
                ],
                "fr": [
                  "Haute-Corse"
                ]
              },
              "insee": "2B",
              "isPartOfRegion": {
                "@id": "kb:France94",
                "@type": [
                  "Region"
                ],
                "rdfs:label": {
                  "en": [
                    "Corse"
                  ],
                  "fr": [
                    "Corse"
                  ]
                },
                "insee": "94",
                "isPartOfCountry": {
                  "@id": "kb:France",
                  "@type": [
                    "schema:Country"
                  ],
                  "rdfs:label": {
                    "de": [
                      "Frankreich"
                    ],
                    "pt": [
                      "França"
                    ],
                    "en": [
                      "France"
                    ],
                    "it": [
                      "Francia"
                    ],
                    "fr": [
                      "France"
                    ],
                    "nl": [
                      "Frankrijk"
                    ],
                    "es": [
                      "Francia"
                    ]
                  }
                }
              }
            }
          }
        }
      ],
      "schema:geo": {
        "@id": "https://data.datatourisme.fr/a597d46c-84b5-30a3-9e7c-68bd818ec9f0",
        "schema:latitude": "42.5372",
        "schema:longitude": "8.785338",
        "@type": [
          "schema:GeoCoordinates"
        ]
      },
      "schema:openingHoursSpecification": [
        {
          "@id": "https://data.datatourisme.fr/1e58c9bf-3daa-3564-abe5-451823b9e7ab",
          "schema:validFrom": "2023-04-08T00:00:00",
          "schema:validThrough": "2023-10-31T23:59:59",
          "@type": [
            "schema:OpeningHoursSpecification"
          ]
        }
      ],
      "@type": [
        "schema:Place",
        "Place"
      ]
    }
  ],
  "isOwnedBy": [
    {
      "@id": "https://data.datatourisme.fr/194c52e6-bbae-33dc-8464-caca97844fbb",
      "schema:email": [
        "info@balagne-corsica.com"
      ],
      "schema:legalName": "Office de Tourisme Intercommunal Calvi - Balagne",
      "@type": [
        "schema:Organization",
        "foaf:Agent",
        "Agent"
      ],
      "foaf:homepage": [
        "https://www.balagne-corsica.com/"
      ]
    }
  ],
  "lastUpdate": "2022-12-26",
  "lastUpdateDatatourisme": "2023-04-04T05:52:39.256Z",
  "offers": [
    {
      "@id": "https://data.datatourisme.fr/d6e75fe3-96a1-35cb-b213-6de3330c9bc1",
      "schema:priceSpecification": [
        {
          "@id": "https://data.datatourisme.fr/e8df2bbf-c50c-3394-bac3-fa5cd075dbb7",
          "schema:maxPrice": [
            "2"
          ],
          "schema:minPrice": [
            "2",
            "355",
            "395",
            "90"
          ],
          "schema:priceCurrency": "EUR",
          "@type": [
            "schema:PriceSpecification",
            "PriceSpecification"
          ],
          "appliesOnPeriod": [
            {
              "@id": "https://data.datatourisme.fr/739b0006-5b9c-3fa8-80cf-7035a4d80d14",
              "@type": [
                "Period"
              ],
              "endDate": "2023-10-31",
              "startDate": "2023-04-08"
            }
          ]
        }
      ],
      "@type": [
        "schema:Offer",
        "Offer"
      ]
    }
  ]
}