{
  "@id": "https://data.datatourisme.fr/13/6c41ba90-5910-3ea2-8ad4-75d07b9ce337",
  "dc:identifier": "6008269",
  "@type": [
    "schema:FoodEstablishment",
    "FoodEstablishment",
    "PlaceOfInterest",
    "PointOfInterest"
  ],
  "rdfs:comment": {
    "de": [
      "Mit Blick auf das Meer, im Hafen von Calvi auf Korsika, können Sie sich wie ein Seefahrer an Bord begeben und unsere Gerichte entdecken, die aus frischen und lokalen Produkten zubereitet werden."
    ],
    "en": [
      "Facing the sea, on the harbour of Calvi in Corsica, like navigators, let yourself be embarked on the discovery of our dishes made with fresh and local products."
    ],
    "it": [
      "Di fronte al mare, sul porto di Calvi in Corsica, come i marinai, lasciatevi condurre in un viaggio alla scoperta dei nostri piatti a base di prodotti freschi locali."
    ],
    "fr": [
      "Face à la mer, sur le port de Calvi en Corse, tels des navigateurs, laissez-vous embarquer à la découverte de nos plats réalisés à base de produits frais et locaux."
    ],
    "nl": [
      "Met uitzicht op de zee, aan de haven van Calvi op Corsica, als zeelieden, laat ons u meenemen op een ontdekkingsreis van onze gerechten gemaakt met verse lokale producten."
    ],
    "es": [
      "Frente al mar, en el puerto de Calvi, en Córcega, como los marineros, déjese llevar por un viaje de descubrimiento de nuestros platos elaborados con productos locales frescos."
    ]
  },
  "rdfs:label": {
    "fr": [
      "Captain Resto"
    ]
  },
  "hasBeenCreatedBy": {
    "@id": "https://data.datatourisme.fr/13/e4873aa9-a05c-35ed-8395-61d121516766",
    "dc:identifier": "1646",
    "schema:email": [
      "info@balagne-corsica.com"
    ],
    "schema:legalName": "Office de Tourisme Intercommunal Calvi - Balagne",
    "@type": [
      "schema:Organization",
      "foaf:Agent",
      "Agent"
    ],
    "foaf:homepage": [
      "https://www.balagne-corsica.com/"
    ]
  },
  "hasBeenPublishedBy": [
    {
      "@id": "https://data.datatourisme.fr/8a9feb4b-2cbd-3d2c-b507-bd6c6776b23b",
      "schema:legalName": "Apidae Tourisme Scic SA - source : Apidae Tourisme",
      "@type": [
        "schema:Organization",
        "foaf:Agent",
        "Agent"
      ],
      "foaf:homepage": [
        "https://www.apidae-tourisme.com/"
      ]
    }
  ],
  "hasContact": [
    {
      "@id": "https://data.datatourisme.fr/03bf47a2-1c4e-390d-ad72-7775d1cbd354",
      "schema:email": [
        "captainresto@orange.fr"
      ],
      "schema:telephone": [
        "+33 4 95 65 11 70"
      ],
      "@type": [
        "foaf:Agent",
        "Agent"
      ],
      "foaf:homepage": [
        "https://www.captainresto.fr/"
      ]
    }
  ],
  "hasDescription": [
    {
      "@id": "https://data.datatourisme.fr/bc282ecb-950f-345d-97b6-a34d5be1baab",
      "@type": [
        "Description"
      ],
      "hasTranslatedProperty": [
        {
          "@id": "https://data.datatourisme.fr/534157f2-170f-3657-93ce-16c6fd35c7e6",
          "dc:contributor": [
            "https://api.deepl.com/v2/translate"
          ],
          "rdf:language": [
            "de"
          ],
          "rdf:predicate": [
            "shortDescription"
          ]
        },
        {
          "@id": "https://data.datatourisme.fr/d4882ac7-53cc-378e-bdbc-00196379df17",
          "dc:contributor": [
            "https://api.deepl.com/v2/translate"
          ],
          "rdf:language": [
            "es"
          ],
          "rdf:predicate": [
            "shortDescription"
          ]
        },
        {
          "@id": "https://data.datatourisme.fr/d491ccfa-8da0-39c2-aeee-43319ef6905a",
          "dc:contributor": [
            "https://api.deepl.com/v2/translate"
          ],
          "rdf:language": [
            "nl"
          ],
          "rdf:predicate": [
            "shortDescription"
          ]
        }
      ],
      "shortDescription": {
        "de": [
          "Mit Blick auf das Meer, im Hafen von Calvi auf Korsika, können Sie sich wie ein Seefahrer an Bord begeben und unsere Gerichte entdecken, die aus frischen und lokalen Produkten zubereitet werden."
        ],
        "en": [
          "Facing the sea, on the harbour of Calvi in Corsica, like navigators, let yourself be embarked on the discovery of our dishes made with fresh and local products."
        ],
        "it": [
          "Di fronte al mare, sul porto di Calvi in Corsica, come i marinai, lasciatevi condurre in un viaggio alla scoperta dei nostri piatti a base di prodotti freschi locali."
        ],
        "fr": [
          "Face à la mer, sur le port de Calvi en Corse, tels des navigateurs, laissez-vous embarquer à la découverte de nos plats réalisés à base de produits frais et locaux."
        ],
        "nl": [
          "Met uitzicht op de zee, aan de haven van Calvi op Corsica, als zeelieden, laat ons u meenemen op een ontdekkingsreis van onze gerechten gemaakt met verse lokale producten."
        ],
        "es": [
          "Frente al mar, en el puerto de Calvi, en Córcega, como los marineros, déjese llevar por un viaje de descubrimiento de nuestros platos elaborados con productos locales frescos."
        ]
      }
    }
  ],
  "hasTheme": [
    {
      "@id": "kb:MediterraneanCuisine",
      "@type": [
        "CuisineCategory"
      ],
      "rdfs:label": {
        "de": [
          "Mediterrane Küche"
        ],
        "pt": [
          "Cozinha mediterrânica"
        ],
        "en": [
          "Mediterranean cuisine"
        ],
        "it": [
          "Cucina mediterranea"
        ],
        "fr": [
          "Cuisine méditerranéenne"
        ],
        "nl": [
          "Mediterrane keuken"
        ],
        "es": [
          "Cocina mediterránea"
        ]
      }
    }
  ],
  "hasTranslatedProperty": [
    {
      "@id": "https://data.datatourisme.fr/29d4e5f4-b77c-3d37-bf38-2ce8bce76d2c",
      "dc:contributor": [
        "https://api.deepl.com/v2/translate"
      ],
      "rdf:language": [
        "nl"
      ],
      "rdf:predicate": [
        {
          "@id": "rdfs:comment"
        }
      ]
    },
    {
      "@id": "https://data.datatourisme.fr/5b274a29-9042-3f76-ba60-abe79bb722e8",
      "dc:contributor": [
        "https://api.deepl.com/v2/translate"
      ],
      "rdf:language": [
        "de"
      ],
      "rdf:predicate": [
        {
          "@id": "rdfs:comment"
        }
      ]
    },
    {
      "@id": "https://data.datatourisme.fr/6796eb04-0d4c-33fb-8daf-250634547036",
      "dc:contributor": [
        "https://api.deepl.com/v2/translate"
      ],
      "rdf:language": [
        "es"
      ],
      "rdf:predicate": [
        {
          "@id": "rdfs:comment"
        }
      ]
    }
  ],
  "isLocatedAt": [
    {
      "@id": "https://data.datatourisme.fr/0e792ff0-4a7b-394b-8662-2e909edb5656",
      "schema:address": [
        {
          "@id": "https://data.datatourisme.fr/11ae0b90-4ee8-3c9a-b0f5-9050149a8517",
          "schema:addressLocality": "Calvi",
          "schema:postalCode": "20260",
          "schema:streetAddress": [
            "Port de Plaisance"
          ],
          "@type": [
            "schema:PostalAddress",
            "PostalAddress"
          ],
          "hasAddressCity": {
            "@id": "kb:2B050",
            "@type": [
              "City"
            ],
            "rdfs:label": {
              "en": [
                "Calvi"
              ],
              "fr": [
                "Calvi"
              ]
            },
            "insee": "2B050",
            "isPartOfDepartment": {
              "@id": "kb:France942B",
              "@type": [
                "Department"
              ],
              "rdfs:label": {
                "en": [
                  "Haute-Corse"
                ],
                "fr": [
                  "Haute-Corse"
                ]
              },
              "insee": "2B",
              "isPartOfRegion": {
                "@id": "kb:France94",
                "@type": [
                  "Region"
                ],
                "rdfs:label": {
                  "en": [
                    "Corse"
                  ],
                  "fr": [
                    "Corse"
                  ]
                },
                "insee": "94",
                "isPartOfCountry": {
                  "@id": "kb:France",
                  "@type": [
                    "schema:Country"
                  ],
                  "rdfs:label": {
                    "de": [
                      "Frankreich"
                    ],
                    "pt": [
                      "França"
                    ],
                    "en": [
                      "France"
                    ],
                    "it": [
                      "Francia"
                    ],
                    "fr": [
                      "France"
                    ],
                    "nl": [
                      "Frankrijk"
                    ],
                    "es": [
                      "Francia"
                    ]
                  }
                }
              }
            }
          }
        }
      ],
      "schema:geo": {
        "@id": "https://data.datatourisme.fr/f0bc7bcc-c470-3829-92b3-2e446b3b2cb9",
        "schema:latitude": "42.565401",
        "schema:longitude": "8.756932",
        "@type": [
          "schema:GeoCoordinates"
        ]
      },
      "schema:openingHoursSpecification": [
        {
          "@id": "https://data.datatourisme.fr/f5bccb50-1e10-311b-ad53-c82f7a641208",
          "schema:validFrom": "2023-04-01T00:00:00",
          "schema:validThrough": "2023-11-15T23:59:59",
          "@type": [
            "schema:OpeningHoursSpecification"
          ],
          "additionalInformation": {
            "de": [
              "Zeitraum zur Orientierung - genaue Daten werden noch bestätigt"
            ],
            "en": [
              "Indicative period - Specific dates to be confirmed"
            ],
            "it": [
              "Periodo indicativo - date precise da confermare"
            ],
            "fr": [
              "Période à titre indicatif - Dates précises à confirmer"
            ],
            "es": [
              "Periodo indicativo - fechas precisas por confirmar"
            ],
            "nl": [
              "Indicatieve periode - precieze data nog te bevestigen"
            ]
          },
          "hasTranslatedProperty": [
            {
              "@id": "https://data.datatourisme.fr/0781ec8d-fd14-3aca-9eec-34aa12f6b536",
              "dc:contributor": [
                "https://api.deepl.com/v2/translate"
              ],
              "rdf:language": [
                "it"
              ],
              "rdf:predicate": [
                "additionalInformation"
              ]
            },
            {
              "@id": "https://data.datatourisme.fr/1d66e9ae-5489-3d07-9182-8a91733a33c5",
              "dc:contributor": [
                "https://api.deepl.com/v2/translate"
              ],
              "rdf:language": [
                "nl"
              ],
              "rdf:predicate": [
                "additionalInformation"
              ]
            },
            {
              "@id": "https://data.datatourisme.fr/27cf8fcf-6d15-377c-9055-5701c3680bef",
              "dc:contributor": [
                "https://api.deepl.com/v2/translate"
              ],
              "rdf:language": [
                "es"
              ],
              "rdf:predicate": [
                "additionalInformation"
              ]
            },
            {
              "@id": "https://data.datatourisme.fr/c06e2305-c09e-359b-9250-360850b6555e",
              "dc:contributor": [
                "https://api.deepl.com/v2/translate"
              ],
              "rdf:language": [
                "en"
              ],
              "rdf:predicate": [
                "additionalInformation"
              ]
            },
            {
              "@id": "https://data.datatourisme.fr/e04cf7b1-e449-3eb4-bf17-bb62b6386a23",
              "dc:contributor": [
                "https://api.deepl.com/v2/translate"
              ],
              "rdf:language": [
                "de"
              ],
              "rdf:predicate": [
                "additionalInformation"
              ]
            }
          ]
        }
      ],
      "@type": [
        "schema:Place",
        "Place"
      ]
    }
  ],
  "isOwnedBy": [
    {
      "@id": "https://data.datatourisme.fr/194c52e6-bbae-33dc-8464-caca97844fbb",
      "schema:email": [
        "info@balagne-corsica.com"
      ],
      "schema:legalName": "Office de Tourisme Intercommunal Calvi - Balagne",
      "@type": [
        "schema:Organization",
        "foaf:Agent",
        "Agent"
      ],
      "foaf:homepage": [
        "https://www.balagne-corsica.com/"
      ]
    }
  ],
  "lastUpdate": "2022-06-22",
  "lastUpdateDatatourisme": "2023-04-04T05:52:39.348Z",
  "offers": [
    {
      "@id": "https://data.datatourisme.fr/703bb902-53d0-3e94-bbed-f59e5e82f535",
      "schema:priceSpecification": [
        {
          "@id": "https://data.datatourisme.fr/7baded93-4db9-354e-ad91-1bb7d065fc8d",
          "schema:maxPrice": [
            "12",
            "20"
          ],
          "schema:minPrice": [
            "12",
            "15",
            "20"
          ],
          "schema:priceCurrency": "EUR",
          "@type": [
            "schema:PriceSpecification",
            "PriceSpecification"
          ],
          "appliesOnPeriod": [
            {
              "@id": "https://data.datatourisme.fr/13a9ca27-505a-335f-bb8f-b85dd02f908d",
              "@type": [
                "Period"
              ],
              "endDate": "2022-11-15",
              "startDate": "2022-04-01"
            }
          ]
        }
      ],
      "@type": [
        "schema:Offer",
        "Offer"
      ]
    }
  ],
  "providesCuisineOfType": [
    {
      "@id": "kb:MediterraneanCuisine",
      "@type": [
        "CuisineCategory"
      ],
      "rdfs:label": {
        "de": [
          "Mediterrane Küche"
        ],
        "pt": [
          "Cozinha mediterrânica"
        ],
        "en": [
          "Mediterranean cuisine"
        ],
        "it": [
          "Cucina mediterranea"
        ],
        "fr": [
          "Cuisine méditerranéenne"
        ],
        "nl": [
          "Mediterrane keuken"
        ],
        "es": [
          "Cocina mediterránea"
        ]
      }
    }
  ]
}