{
  "@id": "https://data.datatourisme.fr/13/74bc336b-df5b-3089-8560-03e5f5e93e89",
  "dc:identifier": "5237672",
  "@type": [
    "schema:LocalBusiness",
    "CraftsmanShop",
    "PlaceOfInterest",
    "PointOfInterest",
    "Store"
  ],
  "rdfs:comment": {
    "de": [
      "Marie ist eine Designerin, die sich alles selbst beigebracht hat: Zeichnen und später Nähen gehörten schon immer wie selbstverständlich zu ihren Talenten. Doch erst als Maison MACCI das Licht der Welt erblickte, erkannte sie ihr Potenzial."
    ],
    "en": [
      "Marie is a talented, self-trained creator. Art and needlework have always been second nature to her. But she only understood her full potential with the creation of Maison MACCI."
    ],
    "it": [
      "Marie è una designer che ha imparato tutto da sola: il disegno, poi il cucito, hanno sempre fatto parte dei suoi talenti, come se fossero ovvi. Ma è da quando è stata creata la Maison MACCI che ha capito il suo potenziale."
    ],
    "fr": [
      "Marie est une créatrice qui a tout appris par elle même : le dessin, puis la couture, ont toujours fait partie de ses talents, comme des évidences. Mais c’est depuis que Maison MACCI a vu le jour qu’elle a compris son potentiel."
    ],
    "nl": [
      "Marie is een ontwerpster die alles zelf heeft geleerd: tekenen, daarna naaien, hebben altijd deel uitgemaakt van haar talenten, alsof ze vanzelfsprekend waren. Maar het is sinds de oprichting van Maison MACCI dat zij haar potentieel begrijpt."
    ],
    "es": [
      "Marie es una diseñadora que aprendió todo por sí misma: el dibujo y la costura siempre han formado parte de sus talentos, como si fueran obvios. Pero es desde la creación de la Maison MACCI cuando ha comprendido su potencial."
    ]
  },
  "rdfs:label": {
    "fr": [
      "Maison Macci"
    ]
  },
  "hasBeenCreatedBy": {
    "@id": "https://data.datatourisme.fr/13/e4873aa9-a05c-35ed-8395-61d121516766",
    "dc:identifier": "1646",
    "schema:email": [
      "info@balagne-corsica.com"
    ],
    "schema:legalName": "Office de Tourisme Intercommunal Calvi - Balagne",
    "@type": [
      "schema:Organization",
      "foaf:Agent",
      "Agent"
    ],
    "foaf:homepage": [
      "https://www.balagne-corsica.com/"
    ]
  },
  "hasBeenPublishedBy": [
    {
      "@id": "https://data.datatourisme.fr/8a9feb4b-2cbd-3d2c-b507-bd6c6776b23b",
      "schema:legalName": "Apidae Tourisme Scic SA - source : Apidae Tourisme",
      "@type": [
        "schema:Organization",
        "foaf:Agent",
        "Agent"
      ],
      "foaf:homepage": [
        "https://www.apidae-tourisme.com/"
      ]
    }
  ],
  "hasContact": [
    {
      "@id": "https://data.datatourisme.fr/cf505e92-0cda-3c36-b3c8-1918c65a0de4",
      "schema:email": [
        "maisonmacci@gmail.com"
      ],
      "schema:telephone": [
        "+33 6 33 83 56 39"
      ],
      "@type": [
        "foaf:Agent",
        "Agent"
      ],
      "foaf:homepage": [
        "https://maisonmacci.com/"
      ]
    }
  ],
  "hasDescription": [
    {
      "@id": "https://data.datatourisme.fr/2e93649e-fedc-3301-9261-2da801309ac2",
      "@type": [
        "Description"
      ],
      "hasTranslatedProperty": [
        {
          "@id": "https://data.datatourisme.fr/14a444ee-ee93-3400-9696-95677177c72a",
          "dc:contributor": [
            "https://api.deepl.com/v2/translate"
          ],
          "rdf:language": [
            "de"
          ],
          "rdf:predicate": [
            "shortDescription"
          ]
        },
        {
          "@id": "https://data.datatourisme.fr/566ebd80-1fdf-3490-a87a-873e46e01fbb",
          "dc:contributor": [
            "https://api.deepl.com/v2/translate"
          ],
          "rdf:language": [
            "nl"
          ],
          "rdf:predicate": [
            "shortDescription"
          ]
        },
        {
          "@id": "https://data.datatourisme.fr/7605ee5b-f974-3046-94e5-3f3521258e47",
          "dc:contributor": [
            "https://api.deepl.com/v2/translate"
          ],
          "rdf:language": [
            "es"
          ],
          "rdf:predicate": [
            "shortDescription"
          ]
        }
      ],
      "shortDescription": {
        "de": [
          "Marie ist eine Designerin, die sich alles selbst beigebracht hat: Zeichnen und später Nähen gehörten schon immer wie selbstverständlich zu ihren Talenten. Doch erst als Maison MACCI das Licht der Welt erblickte, erkannte sie ihr Potenzial."
        ],
        "en": [
          "Marie is a talented, self-trained creator. Art and needlework have always been second nature to her. But she only understood her full potential with the creation of Maison MACCI."
        ],
        "it": [
          "Marie è una designer che ha imparato tutto da sola: il disegno, poi il cucito, hanno sempre fatto parte dei suoi talenti, come se fossero ovvi. Ma è da quando è stata creata la Maison MACCI che ha capito il suo potenziale."
        ],
        "fr": [
          "Marie est une créatrice qui a tout appris par elle même : le dessin, puis la couture, ont toujours fait partie de ses talents, comme des évidences. Mais c’est depuis que Maison MACCI a vu le jour qu’elle a compris son potentiel."
        ],
        "nl": [
          "Marie is een ontwerpster die alles zelf heeft geleerd: tekenen, daarna naaien, hebben altijd deel uitgemaakt van haar talenten, alsof ze vanzelfsprekend waren. Maar het is sinds de oprichting van Maison MACCI dat zij haar potentieel begrijpt."
        ],
        "es": [
          "Marie es una diseñadora que aprendió todo por sí misma: el dibujo y la costura siempre han formado parte de sus talentos, como si fueran obvios. Pero es desde la creación de la Maison MACCI cuando ha comprendido su potencial."
        ]
      }
    }
  ],
  "hasTranslatedProperty": [
    {
      "@id": "https://data.datatourisme.fr/05e0c8bf-511e-31eb-9f8e-f37fb06c7edd",
      "dc:contributor": [
        "https://api.deepl.com/v2/translate"
      ],
      "rdf:language": [
        "es"
      ],
      "rdf:predicate": [
        {
          "@id": "rdfs:comment"
        }
      ]
    },
    {
      "@id": "https://data.datatourisme.fr/d32da91b-477f-334f-a736-18dbf353289d",
      "dc:contributor": [
        "https://api.deepl.com/v2/translate"
      ],
      "rdf:language": [
        "de"
      ],
      "rdf:predicate": [
        {
          "@id": "rdfs:comment"
        }
      ]
    },
    {
      "@id": "https://data.datatourisme.fr/d60468c5-6fef-3b96-a59b-cbeef1606556",
      "dc:contributor": [
        "https://api.deepl.com/v2/translate"
      ],
      "rdf:language": [
        "nl"
      ],
      "rdf:predicate": [
        {
          "@id": "rdfs:comment"
        }
      ]
    }
  ],
  "isLocatedAt": [
    {
      "@id": "https://data.datatourisme.fr/335c06ca-65d7-3f07-9305-24a384634553",
      "schema:address": [
        {
          "@id": "https://data.datatourisme.fr/edfd453d-31c6-3f6d-a1bb-f080e8285a6f",
          "schema:addressLocality": "Calvi",
          "schema:postalCode": "20260",
          "schema:streetAddress": [
            "13 rue des Anges"
          ],
          "@type": [
            "schema:PostalAddress",
            "PostalAddress"
          ],
          "hasAddressCity": {
            "@id": "kb:2B050",
            "@type": [
              "City"
            ],
            "rdfs:label": {
              "en": [
                "Calvi"
              ],
              "fr": [
                "Calvi"
              ]
            },
            "insee": "2B050",
            "isPartOfDepartment": {
              "@id": "kb:France942B",
              "@type": [
                "Department"
              ],
              "rdfs:label": {
                "en": [
                  "Haute-Corse"
                ],
                "fr": [
                  "Haute-Corse"
                ]
              },
              "insee": "2B",
              "isPartOfRegion": {
                "@id": "kb:France94",
                "@type": [
                  "Region"
                ],
                "rdfs:label": {
                  "en": [
                    "Corse"
                  ],
                  "fr": [
                    "Corse"
                  ]
                },
                "insee": "94",
                "isPartOfCountry": {
                  "@id": "kb:France",
                  "@type": [
                    "schema:Country"
                  ],
                  "rdfs:label": {
                    "de": [
                      "Frankreich"
                    ],
                    "pt": [
                      "França"
                    ],
                    "en": [
                      "France"
                    ],
                    "it": [
                      "Francia"
                    ],
                    "fr": [
                      "France"
                    ],
                    "nl": [
                      "Frankrijk"
                    ],
                    "es": [
                      "Francia"
                    ]
                  }
                }
              }
            }
          }
        }
      ],
      "schema:geo": {
        "@id": "https://data.datatourisme.fr/b0225dab-0359-3839-81f6-c5540d4df966",
        "schema:latitude": "42.567",
        "schema:longitude": "8.7592",
        "@type": [
          "schema:GeoCoordinates"
        ]
      },
      "schema:openingHoursSpecification": [
        {
          "@id": "https://data.datatourisme.fr/3f5aa39c-43d4-3f64-aecc-59a1b28bf109",
          "schema:validFrom": "2023-04-01T00:00:00",
          "schema:validThrough": "2023-10-31T23:59:59",
          "@type": [
            "schema:OpeningHoursSpecification"
          ],
          "additionalInformation": {
            "de": [
              "Unverbindliche Öffnungszeiten - genaue Daten werden noch bestätigt.\r\nZusätzliche Öffnungszeiten den ganzen Dezember über"
            ],
            "en": [
              "Indicative opening period - Precise dates to be confirmed.\r\nComplementary opening all December"
            ],
            "it": [
              "Periodo di apertura indicativo - date precise da confermare.\r\nApertura supplementare per tutto il mese di dicembre"
            ],
            "fr": [
              "Période d'ouverture à titre indicatif - Dates précises à confirmer.\r\nOuverture complémentaire tout le mois de décembre"
            ],
            "es": [
              "Periodo de apertura indicativo - fechas precisas por confirmar.\r\nApertura adicional durante todo el mes de diciembre"
            ],
            "nl": [
              "Indicatieve openingsperiode - precieze data nog te bevestigen.\r\nExtra openstelling in december"
            ]
          },
          "hasTranslatedProperty": [
            {
              "@id": "https://data.datatourisme.fr/02d0fb06-f420-3aa0-995d-33a5bddb1417",
              "dc:contributor": [
                "https://api.deepl.com/v2/translate"
              ],
              "rdf:language": [
                "nl"
              ],
              "rdf:predicate": [
                "additionalInformation"
              ]
            },
            {
              "@id": "https://data.datatourisme.fr/16d0b801-1fae-3370-a126-6c9dd2fa1e1d",
              "dc:contributor": [
                "https://api.deepl.com/v2/translate"
              ],
              "rdf:language": [
                "es"
              ],
              "rdf:predicate": [
                "additionalInformation"
              ]
            },
            {
              "@id": "https://data.datatourisme.fr/4b237352-6832-3f19-bb6f-fb098b3bae07",
              "dc:contributor": [
                "https://api.deepl.com/v2/translate"
              ],
              "rdf:language": [
                "de"
              ],
              "rdf:predicate": [
                "additionalInformation"
              ]
            },
            {
              "@id": "https://data.datatourisme.fr/61d3e9d8-7b04-3471-8a88-47d9e9b3d89d",
              "dc:contributor": [
                "https://api.deepl.com/v2/translate"
              ],
              "rdf:language": [
                "it"
              ],
              "rdf:predicate": [
                "additionalInformation"
              ]
            },
            {
              "@id": "https://data.datatourisme.fr/9bf25465-a669-388b-b9ea-fd17ed7b7d94",
              "dc:contributor": [
                "https://api.deepl.com/v2/translate"
              ],
              "rdf:language": [
                "en"
              ],
              "rdf:predicate": [
                "additionalInformation"
              ]
            }
          ]
        }
      ],
      "@type": [
        "schema:Place",
        "Place"
      ]
    }
  ],
  "isOwnedBy": [
    {
      "@id": "https://data.datatourisme.fr/194c52e6-bbae-33dc-8464-caca97844fbb",
      "schema:email": [
        "info@balagne-corsica.com"
      ],
      "schema:legalName": "Office de Tourisme Intercommunal Calvi - Balagne",
      "@type": [
        "schema:Organization",
        "foaf:Agent",
        "Agent"
      ],
      "foaf:homepage": [
        "https://www.balagne-corsica.com/"
      ]
    }
  ],
  "lastUpdate": "2022-06-03",
  "lastUpdateDatatourisme": "2023-02-01T18:07:36.052Z"
}