{
  "@id": "https://data.datatourisme.fr/13/8cb62fdc-cb26-3e41-b02b-6f23dba330db",
  "dc:identifier": "6327868",
  "@type": [
    "schema:LocalBusiness",
    "PlaceOfInterest",
    "PointOfInterest",
    "SightseeingBoat",
    "SportsAndLeisurePlace"
  ],
  "rdfs:comment": {
    "de": [
      "Erleben Sie eine einzigartige Erfahrung mit Eco-Voile und entdecken Sie die Kunst des Segelns mit einem bewohnbaren Segel für ein garantiertes Gefühl der Freiheit!"
    ],
    "en": [
      "Live a unique experience with Eco-Voile and discover the art of sailing with a house sail for a feeling of freedom!"
    ],
    "it": [
      "Vivete un'esperienza unica con Eco-Voile e scoprite l'arte di navigare con una vela abitabile per una sensazione di libertà garantita!"
    ],
    "fr": [
      "Vivez une expérience unique avec Eco-Voile et découvrez l’art de naviguer avec une voile habitable pour une sensation de liberté assurée !"
    ],
    "es": [
      "Viva una experiencia única con Eco-Voile y descubra el arte de navegar con una vela habitable para una sensación de libertad garantizada"
    ],
    "nl": [
      "Beleef een unieke ervaring met Eco-Voile en ontdek de kunst van het zeilen met een bewoonbaar zeil voor een gegarandeerd gevoel van vrijheid!"
    ]
  },
  "rdfs:label": {
    "fr": [
      "Eco-Voile"
    ]
  },
  "hasBeenCreatedBy": {
    "@id": "https://data.datatourisme.fr/13/84c6494d-3085-3c63-a55c-db8cb047fadd",
    "dc:identifier": "1738",
    "schema:email": [
      "camillef.omt@gmail.com",
      "direction@destination-sudcorse.com",
      "gestion@destination-sudcorse.com",
      "promotion@destination-sudcorse.com",
      "webmaster@destination-sudcorse.com"
    ],
    "schema:legalName": "Porto Vecchio Tourisme",
    "@type": [
      "schema:Organization",
      "foaf:Agent",
      "Agent"
    ],
    "foaf:homepage": [
      "http://www.ot-portovecchio.com/"
    ]
  },
  "hasBeenPublishedBy": [
    {
      "@id": "https://data.datatourisme.fr/8a9feb4b-2cbd-3d2c-b507-bd6c6776b23b",
      "schema:legalName": "Apidae Tourisme Scic SA - source : Apidae Tourisme",
      "@type": [
        "schema:Organization",
        "foaf:Agent",
        "Agent"
      ],
      "foaf:homepage": [
        "https://www.apidae-tourisme.com/"
      ]
    }
  ],
  "hasContact": [
    {
      "@id": "https://data.datatourisme.fr/7bcf95a6-1d5f-326f-8436-058d316a1995",
      "schema:email": [
        "ericsauvage77@gmail.com"
      ],
      "schema:telephone": [
        "+33 6 14 84 61 50"
      ],
      "@type": [
        "foaf:Agent",
        "Agent"
      ]
    }
  ],
  "hasDescription": [
    {
      "@id": "https://data.datatourisme.fr/79e972fa-b221-36e2-a04b-53e9c0886915",
      "@type": [
        "Description"
      ],
      "hasTranslatedProperty": [
        {
          "@id": "https://data.datatourisme.fr/232932f7-4eb9-3db1-a44a-823ebfaf381c",
          "dc:contributor": [
            "https://api.deepl.com/v2/translate"
          ],
          "rdf:language": [
            "nl"
          ],
          "rdf:predicate": [
            "shortDescription"
          ]
        },
        {
          "@id": "https://data.datatourisme.fr/3043e471-cfc5-35ee-a661-193f1046b649",
          "dc:contributor": [
            "https://api.deepl.com/v2/translate"
          ],
          "rdf:language": [
            "it"
          ],
          "rdf:predicate": [
            "shortDescription"
          ]
        },
        {
          "@id": "https://data.datatourisme.fr/a55069e1-55bf-31f7-9d37-85508d091c68",
          "dc:contributor": [
            "https://api.deepl.com/v2/translate"
          ],
          "rdf:language": [
            "en"
          ],
          "rdf:predicate": [
            "shortDescription"
          ]
        },
        {
          "@id": "https://data.datatourisme.fr/d25e79c3-e89a-39ca-a2a4-70c3e5a15db6",
          "dc:contributor": [
            "https://api.deepl.com/v2/translate"
          ],
          "rdf:language": [
            "de"
          ],
          "rdf:predicate": [
            "shortDescription"
          ]
        },
        {
          "@id": "https://data.datatourisme.fr/f1605fab-a605-3530-9531-254ad7dd885c",
          "dc:contributor": [
            "https://api.deepl.com/v2/translate"
          ],
          "rdf:language": [
            "es"
          ],
          "rdf:predicate": [
            "shortDescription"
          ]
        }
      ],
      "shortDescription": {
        "de": [
          "Erleben Sie eine einzigartige Erfahrung mit Eco-Voile und entdecken Sie die Kunst des Segelns mit einem bewohnbaren Segel für ein garantiertes Gefühl der Freiheit!"
        ],
        "en": [
          "Live a unique experience with Eco-Voile and discover the art of sailing with a house sail for a feeling of freedom!"
        ],
        "it": [
          "Vivete un'esperienza unica con Eco-Voile e scoprite l'arte di navigare con una vela abitabile per una sensazione di libertà garantita!"
        ],
        "fr": [
          "Vivez une expérience unique avec Eco-Voile et découvrez l’art de naviguer avec une voile habitable pour une sensation de liberté assurée !"
        ],
        "es": [
          "Viva una experiencia única con Eco-Voile y descubra el arte de navegar con una vela habitable para una sensación de libertad garantizada"
        ],
        "nl": [
          "Beleef een unieke ervaring met Eco-Voile en ontdek de kunst van het zeilen met een bewoonbaar zeil voor een gegarandeerd gevoel van vrijheid!"
        ]
      }
    }
  ],
  "hasTranslatedProperty": [
    {
      "@id": "https://data.datatourisme.fr/972282c1-3b54-39ca-a474-8ef8e1331561",
      "dc:contributor": [
        "https://api.deepl.com/v2/translate"
      ],
      "rdf:language": [
        "en"
      ],
      "rdf:predicate": [
        {
          "@id": "rdfs:comment"
        }
      ]
    },
    {
      "@id": "https://data.datatourisme.fr/b833d4a8-e8dd-35a6-ab72-84512a6753ae",
      "dc:contributor": [
        "https://api.deepl.com/v2/translate"
      ],
      "rdf:language": [
        "es"
      ],
      "rdf:predicate": [
        {
          "@id": "rdfs:comment"
        }
      ]
    },
    {
      "@id": "https://data.datatourisme.fr/bcb2df1b-1d8d-3225-ac3e-1a7e509a6c65",
      "dc:contributor": [
        "https://api.deepl.com/v2/translate"
      ],
      "rdf:language": [
        "nl"
      ],
      "rdf:predicate": [
        {
          "@id": "rdfs:comment"
        }
      ]
    },
    {
      "@id": "https://data.datatourisme.fr/bdda9d73-21db-3341-ac3c-7b7ca13b8993",
      "dc:contributor": [
        "https://api.deepl.com/v2/translate"
      ],
      "rdf:language": [
        "it"
      ],
      "rdf:predicate": [
        {
          "@id": "rdfs:comment"
        }
      ]
    },
    {
      "@id": "https://data.datatourisme.fr/ccf6df78-8765-38c4-a35f-24b293a2aa83",
      "dc:contributor": [
        "https://api.deepl.com/v2/translate"
      ],
      "rdf:language": [
        "de"
      ],
      "rdf:predicate": [
        {
          "@id": "rdfs:comment"
        }
      ]
    }
  ],
  "isLocatedAt": [
    {
      "@id": "https://data.datatourisme.fr/095637bd-c73c-3d60-9268-fda59bd84f25",
      "schema:address": [
        {
          "@id": "https://data.datatourisme.fr/e462f6ae-6012-3556-8d32-35432a4ac8ee",
          "schema:addressLocality": "Porto-Vecchio",
          "schema:postalCode": "20137",
          "schema:streetAddress": [
            "Pezza Cardo",
            "Route de Pezza Cardo"
          ],
          "@type": [
            "schema:PostalAddress",
            "PostalAddress"
          ],
          "hasAddressCity": {
            "@id": "kb:2A247",
            "@type": [
              "City"
            ],
            "rdfs:label": {
              "en": [
                "Porto-Vecchio"
              ],
              "fr": [
                "Porto-Vecchio"
              ]
            },
            "insee": "2A247",
            "isPartOfDepartment": {
              "@id": "kb:France942A",
              "@type": [
                "Department"
              ],
              "rdfs:label": {
                "en": [
                  "Corse-du-Sud"
                ],
                "fr": [
                  "Corse-du-Sud"
                ]
              },
              "insee": "2A",
              "isPartOfRegion": {
                "@id": "kb:France94",
                "@type": [
                  "Region"
                ],
                "rdfs:label": {
                  "en": [
                    "Corse"
                  ],
                  "fr": [
                    "Corse"
                  ]
                },
                "insee": "94",
                "isPartOfCountry": {
                  "@id": "kb:France",
                  "@type": [
                    "schema:Country"
                  ],
                  "rdfs:label": {
                    "de": [
                      "Frankreich"
                    ],
                    "pt": [
                      "França"
                    ],
                    "en": [
                      "France"
                    ],
                    "it": [
                      "Francia"
                    ],
                    "fr": [
                      "France"
                    ],
                    "nl": [
                      "Frankrijk"
                    ],
                    "es": [
                      "Francia"
                    ]
                  }
                }
              }
            }
          }
        }
      ],
      "schema:geo": {
        "@id": "https://data.datatourisme.fr/436b96f8-1923-3af4-9eef-c18a64eb9cc5",
        "schema:latitude": "41.621146",
        "schema:longitude": "9.304465",
        "@type": [
          "schema:GeoCoordinates"
        ]
      },
      "schema:openingHoursSpecification": [
        {
          "@id": "https://data.datatourisme.fr/f87e535a-636d-3343-ad63-8a03392e7511",
          "schema:validFrom": "2023-01-01T00:00:00",
          "schema:validThrough": "2023-12-31T23:59:59",
          "@type": [
            "schema:OpeningHoursSpecification"
          ]
        }
      ],
      "@type": [
        "schema:Place",
        "Place"
      ]
    }
  ],
  "isOwnedBy": [
    {
      "@id": "https://data.datatourisme.fr/f5f950f9-5eec-32b4-a357-2c969ccf4068",
      "schema:email": [
        "camillef.omt@gmail.com",
        "direction@destination-sudcorse.com",
        "gestion@destination-sudcorse.com",
        "promotion@destination-sudcorse.com",
        "webmaster@destination-sudcorse.com"
      ],
      "schema:legalName": "Porto Vecchio Tourisme",
      "@type": [
        "schema:Organization",
        "foaf:Agent",
        "Agent"
      ],
      "foaf:homepage": [
        "http://www.ot-portovecchio.com/"
      ]
    }
  ],
  "lastUpdate": "2023-04-01",
  "lastUpdateDatatourisme": "2023-04-02T05:48:09.325Z",
  "offers": [
    {
      "@id": "https://data.datatourisme.fr/ad435f5b-539d-3b29-8dce-76c47af3a404",
      "schema:priceSpecification": [
        {
          "@id": "https://data.datatourisme.fr/cec80a31-08af-354a-b2dc-2f08d0c00e19",
          "schema:minPrice": [
            "75"
          ],
          "schema:priceCurrency": "EUR",
          "@type": [
            "schema:PriceSpecification",
            "PriceSpecification"
          ],
          "appliesOnPeriod": [
            {
              "@id": "https://data.datatourisme.fr/a425afdf-3594-300b-b55e-1858bafa3fd4",
              "@type": [
                "Period"
              ],
              "endDate": "2023-12-31",
              "startDate": "2023-01-01"
            }
          ]
        }
      ],
      "@type": [
        "schema:Offer",
        "Offer"
      ]
    }
  ]
}