{
  "@id": "https://data.datatourisme.fr/13/8cbc6e76-25b1-319e-ad31-830409ce3048",
  "dc:identifier": "4963782",
  "@type": [
    "schema:Accommodation",
    "schema:LodgingBusiness",
    "Accommodation",
    "CollectiveAccommodation",
    "HolidayResort",
    "PlaceOfInterest",
    "PointOfInterest"
  ],
  "rdfs:comment": {
    "de": [
      "Ferienresidenz auf Korsika mit Pool , in Calvi in der Balagne, ruhig gelegen, in einem schattigen Park und in der Nähe des Meeres. Kostenlose WiFi-Internetverbindung.\r\nVersprechen eines Treffens mit ... Philippe und seine Rezeptionistin Maria"
    ],
    "en": [
      "Holiday residence in corsica with swimming pool located in Calvi in Balagne, in a quiet, shady park and close to the sea. Free Wifi internet connection.\r\nPromise of a meeting with... Philippe and his receptionist Maria"
    ],
    "it": [
      "Residenza per vacanze in Corsica con piscina, situata a Calvi in Balagne, in un parco tranquillo e ombreggiato e vicino al mare. Connessione internet WiFi gratuita.\r\nPromessa di un incontro con... Philippe e la sua segretaria Maria"
    ],
    "fr": [
      "Résidence de vacances en corse avec piscine , située à Calvi en Balagne, au calme, dans un parc ombragé et à proximité de la mer. Connexion internet WiFi gratuite.\r\nPromesse d'une rencontre avec... Philippe et sa réceptionniste Maria"
    ],
    "nl": [
      "Vakantiewoning in Corsica met zwembad, gelegen in Calvi in Balagne, in een rustig, schaduwrijk park en vlakbij de zee. Gratis WiFi internetverbinding.\r\nBelofte van een ontmoeting met... Philippe en zijn receptioniste Maria"
    ],
    "es": [
      "Residencia de vacaciones en Córcega con piscina, situada en Calvi en Balagne, en un parque tranquilo y sombreado y cerca del mar. Conexión a Internet WiFi gratuita.\r\nLa promesa de una reunión con... Philippe y su recepcionista María"
    ]
  },
  "rdfs:label": {
    "en": [
      "Les Pins"
    ],
    "fr": [
      "Les Pins"
    ]
  },
  "hasBeenCreatedBy": {
    "@id": "https://data.datatourisme.fr/13/e4873aa9-a05c-35ed-8395-61d121516766",
    "dc:identifier": "1646",
    "schema:email": [
      "info@balagne-corsica.com"
    ],
    "schema:legalName": "Office de Tourisme Intercommunal Calvi - Balagne",
    "@type": [
      "schema:Organization",
      "foaf:Agent",
      "Agent"
    ],
    "foaf:homepage": [
      "https://www.balagne-corsica.com/"
    ]
  },
  "hasBeenPublishedBy": [
    {
      "@id": "https://data.datatourisme.fr/8a9feb4b-2cbd-3d2c-b507-bd6c6776b23b",
      "schema:legalName": "Apidae Tourisme Scic SA - source : Apidae Tourisme",
      "@type": [
        "schema:Organization",
        "foaf:Agent",
        "Agent"
      ],
      "foaf:homepage": [
        "https://www.apidae-tourisme.com/"
      ]
    }
  ],
  "hasContact": [
    {
      "@id": "https://data.datatourisme.fr/796909fa-9897-3fce-b2af-790c1e51bd5e",
      "schema:email": [
        "residence-les-pins@calvi-location.fr"
      ],
      "schema:telephone": [
        "+33 4 95 65 26 95",
        "+33 4 95 65 28 20"
      ],
      "@type": [
        "foaf:Agent",
        "Agent"
      ],
      "foaf:homepage": [
        "http://www.residence-les-pins.com/",
        "https://www.calvi-location.fr/fr/motel-les-pins_4.html"
      ]
    }
  ],
  "hasDescription": [
    {
      "@id": "https://data.datatourisme.fr/615577c2-76e6-3dff-bbdc-50bff44108b5",
      "@type": [
        "Description"
      ],
      "hasTranslatedProperty": [
        {
          "@id": "https://data.datatourisme.fr/3505c659-5d44-3ee2-b718-949b92bd242a",
          "dc:contributor": [
            "https://api.deepl.com/v2/translate"
          ],
          "rdf:language": [
            "de"
          ],
          "rdf:predicate": [
            "shortDescription"
          ]
        },
        {
          "@id": "https://data.datatourisme.fr/adba5574-8a1a-30db-9c9d-9ca890d7a4d1",
          "dc:contributor": [
            "https://api.deepl.com/v2/translate"
          ],
          "rdf:language": [
            "nl"
          ],
          "rdf:predicate": [
            "shortDescription"
          ]
        },
        {
          "@id": "https://data.datatourisme.fr/bb9181b4-46eb-3602-b9dc-a14b779ddb08",
          "dc:contributor": [
            "https://api.deepl.com/v2/translate"
          ],
          "rdf:language": [
            "it"
          ],
          "rdf:predicate": [
            "shortDescription"
          ]
        },
        {
          "@id": "https://data.datatourisme.fr/bd2e8af4-38b5-3e18-b437-3b0273b43c49",
          "dc:contributor": [
            "https://api.deepl.com/v2/translate"
          ],
          "rdf:language": [
            "es"
          ],
          "rdf:predicate": [
            "shortDescription"
          ]
        }
      ],
      "shortDescription": {
        "de": [
          "Ferienresidenz auf Korsika mit Pool , in Calvi in der Balagne, ruhig gelegen, in einem schattigen Park und in der Nähe des Meeres. Kostenlose WiFi-Internetverbindung.\r\nVersprechen eines Treffens mit ... Philippe und seine Rezeptionistin Maria"
        ],
        "en": [
          "Holiday residence in corsica with swimming pool located in Calvi in Balagne, in a quiet, shady park and close to the sea. Free Wifi internet connection.\r\nPromise of a meeting with... Philippe and his receptionist Maria"
        ],
        "it": [
          "Residenza per vacanze in Corsica con piscina, situata a Calvi in Balagne, in un parco tranquillo e ombreggiato e vicino al mare. Connessione internet WiFi gratuita.\r\nPromessa di un incontro con... Philippe e la sua segretaria Maria"
        ],
        "fr": [
          "Résidence de vacances en corse avec piscine , située à Calvi en Balagne, au calme, dans un parc ombragé et à proximité de la mer. Connexion internet WiFi gratuite.\r\nPromesse d'une rencontre avec... Philippe et sa réceptionniste Maria"
        ],
        "nl": [
          "Vakantiewoning in Corsica met zwembad, gelegen in Calvi in Balagne, in een rustig, schaduwrijk park en vlakbij de zee. Gratis WiFi internetverbinding.\r\nBelofte van een ontmoeting met... Philippe en zijn receptioniste Maria"
        ],
        "es": [
          "Residencia de vacaciones en Córcega con piscina, situada en Calvi en Balagne, en un parque tranquilo y sombreado y cerca del mar. Conexión a Internet WiFi gratuita.\r\nLa promesa de una reunión con... Philippe y su recepcionista María"
        ]
      }
    }
  ],
  "hasTranslatedProperty": [
    {
      "@id": "https://data.datatourisme.fr/6c5e41af-ec78-38e7-a286-48cfd9f9d483",
      "dc:contributor": [
        "https://api.deepl.com/v2/translate"
      ],
      "rdf:language": [
        "it"
      ],
      "rdf:predicate": [
        {
          "@id": "rdfs:comment"
        }
      ]
    },
    {
      "@id": "https://data.datatourisme.fr/88d3af81-11a3-3016-99f1-e88bc15ec605",
      "dc:contributor": [
        "https://api.deepl.com/v2/translate"
      ],
      "rdf:language": [
        "de"
      ],
      "rdf:predicate": [
        {
          "@id": "rdfs:comment"
        }
      ]
    },
    {
      "@id": "https://data.datatourisme.fr/b2271ce8-fb32-3770-841e-3b372566f000",
      "dc:contributor": [
        "https://api.deepl.com/v2/translate"
      ],
      "rdf:language": [
        "nl"
      ],
      "rdf:predicate": [
        {
          "@id": "rdfs:comment"
        }
      ]
    },
    {
      "@id": "https://data.datatourisme.fr/f36af502-1de3-3a39-bfdc-30ff4dce0555",
      "dc:contributor": [
        "https://api.deepl.com/v2/translate"
      ],
      "rdf:language": [
        "es"
      ],
      "rdf:predicate": [
        {
          "@id": "rdfs:comment"
        }
      ]
    }
  ],
  "isLocatedAt": [
    {
      "@id": "https://data.datatourisme.fr/d5b4687a-61f3-3796-9293-12c4dd0713f3",
      "schema:address": [
        {
          "@id": "https://data.datatourisme.fr/8fc0e226-1b93-395d-92e3-a8d207dd6f1f",
          "schema:addressLocality": "Calvi",
          "schema:postalCode": "20260",
          "schema:streetAddress": [
            "Route de Porto (par la côte)"
          ],
          "@type": [
            "schema:PostalAddress",
            "PostalAddress"
          ],
          "hasAddressCity": {
            "@id": "kb:2B050",
            "@type": [
              "City"
            ],
            "rdfs:label": {
              "en": [
                "Calvi"
              ],
              "fr": [
                "Calvi"
              ]
            },
            "insee": "2B050",
            "isPartOfDepartment": {
              "@id": "kb:France942B",
              "@type": [
                "Department"
              ],
              "rdfs:label": {
                "en": [
                  "Haute-Corse"
                ],
                "fr": [
                  "Haute-Corse"
                ]
              },
              "insee": "2B",
              "isPartOfRegion": {
                "@id": "kb:France94",
                "@type": [
                  "Region"
                ],
                "rdfs:label": {
                  "en": [
                    "Corse"
                  ],
                  "fr": [
                    "Corse"
                  ]
                },
                "insee": "94",
                "isPartOfCountry": {
                  "@id": "kb:France",
                  "@type": [
                    "schema:Country"
                  ],
                  "rdfs:label": {
                    "de": [
                      "Frankreich"
                    ],
                    "pt": [
                      "França"
                    ],
                    "en": [
                      "France"
                    ],
                    "it": [
                      "Francia"
                    ],
                    "fr": [
                      "France"
                    ],
                    "nl": [
                      "Frankrijk"
                    ],
                    "es": [
                      "Francia"
                    ]
                  }
                }
              }
            }
          }
        }
      ],
      "schema:geo": {
        "@id": "https://data.datatourisme.fr/d94afe0a-d973-3eb5-9ec7-74ffea9faf81",
        "schema:latitude": "42.564269",
        "schema:longitude": "8.744466",
        "@type": [
          "schema:GeoCoordinates"
        ]
      },
      "schema:openingHoursSpecification": [
        {
          "@id": "https://data.datatourisme.fr/b555be65-e479-3b1c-babb-df5f79983308",
          "schema:validFrom": "2023-04-01T00:00:00",
          "schema:validThrough": "2023-10-31T23:59:59",
          "@type": [
            "schema:OpeningHoursSpecification"
          ],
          "additionalInformation": {
            "de": [
              "Unverbindliche Öffnungszeiten - genaue Daten werden noch bestätigt"
            ],
            "en": [
              "Indicative opening period - Precise dates to be confirmed"
            ],
            "it": [
              "Periodo di apertura indicativo - date precise da confermare"
            ],
            "fr": [
              "Période d'ouverture à titre indicatif - Dates précises à confirmer"
            ],
            "es": [
              "Periodo de apertura indicativo - fechas precisas por confirmar"
            ],
            "nl": [
              "Indicatieve openingsperiode - precieze data nog te bevestigen"
            ]
          },
          "hasTranslatedProperty": [
            {
              "@id": "https://data.datatourisme.fr/20931ed1-ad7a-34dd-a42d-74b5f2317721",
              "dc:contributor": [
                "https://api.deepl.com/v2/translate"
              ],
              "rdf:language": [
                "it"
              ],
              "rdf:predicate": [
                "additionalInformation"
              ]
            },
            {
              "@id": "https://data.datatourisme.fr/34250ca6-c30f-3a62-beda-59ceb87d5535",
              "dc:contributor": [
                "https://api.deepl.com/v2/translate"
              ],
              "rdf:language": [
                "de"
              ],
              "rdf:predicate": [
                "additionalInformation"
              ]
            },
            {
              "@id": "https://data.datatourisme.fr/83ea0fa7-caf5-338a-9844-42afd503c85b",
              "dc:contributor": [
                "https://api.deepl.com/v2/translate"
              ],
              "rdf:language": [
                "nl"
              ],
              "rdf:predicate": [
                "additionalInformation"
              ]
            },
            {
              "@id": "https://data.datatourisme.fr/b0c6a634-346a-38ca-a6c5-b4d0bbb6a72e",
              "dc:contributor": [
                "https://api.deepl.com/v2/translate"
              ],
              "rdf:language": [
                "en"
              ],
              "rdf:predicate": [
                "additionalInformation"
              ]
            },
            {
              "@id": "https://data.datatourisme.fr/f117fb4e-2bdf-344d-926b-a84e6a28add5",
              "dc:contributor": [
                "https://api.deepl.com/v2/translate"
              ],
              "rdf:language": [
                "es"
              ],
              "rdf:predicate": [
                "additionalInformation"
              ]
            }
          ]
        }
      ],
      "@type": [
        "schema:Place",
        "Place"
      ]
    }
  ],
  "isOwnedBy": [
    {
      "@id": "https://data.datatourisme.fr/194c52e6-bbae-33dc-8464-caca97844fbb",
      "schema:email": [
        "info@balagne-corsica.com"
      ],
      "schema:legalName": "Office de Tourisme Intercommunal Calvi - Balagne",
      "@type": [
        "schema:Organization",
        "foaf:Agent",
        "Agent"
      ],
      "foaf:homepage": [
        "https://www.balagne-corsica.com/"
      ]
    }
  ],
  "lastUpdate": "2020-01-20",
  "lastUpdateDatatourisme": "2023-04-04T05:52:39.398Z",
  "offers": [
    {
      "@id": "https://data.datatourisme.fr/17284741-2ec6-32d2-ab66-44d8db1b6127",
      "schema:priceSpecification": [
        {
          "@id": "https://data.datatourisme.fr/89b6172e-c18c-38c6-8c2f-68b3a62a9316",
          "schema:maxPrice": [
            "0.99",
            "5"
          ],
          "schema:minPrice": [
            "0.99",
            "365",
            "5",
            "71"
          ],
          "schema:priceCurrency": "EUR",
          "@type": [
            "schema:PriceSpecification",
            "PriceSpecification"
          ],
          "appliesOnPeriod": [
            {
              "@id": "https://data.datatourisme.fr/8cae4ef6-a5e3-32f6-bb4f-08cf086b2831",
              "@type": [
                "Period"
              ],
              "endDate": "2020-10-31",
              "startDate": "2020-04-01"
            }
          ]
        }
      ],
      "@type": [
        "schema:Offer",
        "Offer"
      ]
    }
  ]
}