{
  "@id": "https://data.datatourisme.fr/13/66eb134c-fb35-3bd6-8e69-598d20ba0fdd",
  "dc:identifier": "5966899",
  "@type": [
    "schema:LocalBusiness",
    "ActivityProvider",
    "PlaceOfInterest",
    "PointOfInterest",
    "Store"
  ],
  "rdfs:comment": {
    "de": [
      "Wir bieten Ihnen im Zentrum von Saint Cyprien sportliche Ausflüge mit Jet-Skis, freien Verleih von Quads und Ausflüge mit geländegängigen Elektrorollern zwischen Land und Meer."
    ],
    "en": [
      "We propose you at the center of Saint Cyprien of the sporting exits in jet-ski, free hiring of quads and excursions in electric scooters all ground between ground and sea."
    ],
    "it": [
      "Nel centro di Saint Cyprien, offriamo uscite in jet-ski, noleggio gratuito di quad e gite in scooter elettrico tra terra e mare."
    ],
    "fr": [
      "Nous vous proposons au centre de Saint Cyprien des sorties sportives en jet-ski, des locations libres de quads et des randonnées en trottinettes électriques tout terrain entre terre et mer."
    ],
    "nl": [
      "In het centrum van Saint Cyprien bieden we jetski-uitstapjes, gratis quadverhuur en all-terrain elektrische scootertochten tussen land en zee."
    ],
    "es": [
      "En el centro de Saint Cyprien, ofrecemos salidas en moto de agua, alquiler gratuito de quads y paseos en patinete eléctrico todoterreno entre tierra y mar."
    ]
  },
  "rdfs:label": {
    "fr": [
      "Jet Pearl Events"
    ]
  },
  "hasBeenCreatedBy": {
    "@id": "https://data.datatourisme.fr/13/84c6494d-3085-3c63-a55c-db8cb047fadd",
    "dc:identifier": "1738",
    "schema:email": [
      "camillef.omt@gmail.com",
      "direction@destination-sudcorse.com",
      "gestion@destination-sudcorse.com",
      "promotion@destination-sudcorse.com",
      "webmaster@destination-sudcorse.com"
    ],
    "schema:legalName": "Porto Vecchio Tourisme",
    "@type": [
      "schema:Organization",
      "foaf:Agent",
      "Agent"
    ],
    "foaf:homepage": [
      "http://www.ot-portovecchio.com/"
    ]
  },
  "hasBeenPublishedBy": [
    {
      "@id": "https://data.datatourisme.fr/8a9feb4b-2cbd-3d2c-b507-bd6c6776b23b",
      "schema:legalName": "Apidae Tourisme Scic SA - source : Apidae Tourisme",
      "@type": [
        "schema:Organization",
        "foaf:Agent",
        "Agent"
      ],
      "foaf:homepage": [
        "https://www.apidae-tourisme.com/"
      ]
    }
  ],
  "hasContact": [
    {
      "@id": "https://data.datatourisme.fr/94ba8c61-f973-3f9f-9369-aced2d079b2c",
      "schema:email": [
        "jetpearlevents@gmail.com"
      ],
      "schema:telephone": [
        "+33 6 29 77 19 71"
      ],
      "@type": [
        "foaf:Agent",
        "Agent"
      ]
    }
  ],
  "hasDescription": [
    {
      "@id": "https://data.datatourisme.fr/e47d5fe1-ce11-31f5-b086-9d296963e6fd",
      "@type": [
        "Description"
      ],
      "hasTranslatedProperty": [
        {
          "@id": "https://data.datatourisme.fr/07c2082d-2673-3c94-b031-0863f405623a",
          "dc:contributor": [
            "https://api.deepl.com/v2/translate"
          ],
          "rdf:language": [
            "de"
          ],
          "rdf:predicate": [
            "shortDescription"
          ]
        },
        {
          "@id": "https://data.datatourisme.fr/20e6dd8c-61de-370e-a05d-4368c773c17a",
          "dc:contributor": [
            "https://api.deepl.com/v2/translate"
          ],
          "rdf:language": [
            "es"
          ],
          "rdf:predicate": [
            "shortDescription"
          ]
        },
        {
          "@id": "https://data.datatourisme.fr/6acd5829-3253-3aca-b337-1189d4a8e32e",
          "dc:contributor": [
            "https://api.deepl.com/v2/translate"
          ],
          "rdf:language": [
            "nl"
          ],
          "rdf:predicate": [
            "shortDescription"
          ]
        },
        {
          "@id": "https://data.datatourisme.fr/7bb7f3a5-4121-3337-aac7-050eb633f78a",
          "dc:contributor": [
            "https://api.deepl.com/v2/translate"
          ],
          "rdf:language": [
            "it"
          ],
          "rdf:predicate": [
            "shortDescription"
          ]
        },
        {
          "@id": "https://data.datatourisme.fr/b0e33f78-21f1-3b33-a26c-f0a36ba4567f",
          "dc:contributor": [
            "https://api.deepl.com/v2/translate"
          ],
          "rdf:language": [
            "en"
          ],
          "rdf:predicate": [
            "shortDescription"
          ]
        }
      ],
      "shortDescription": {
        "de": [
          "Wir bieten Ihnen im Zentrum von Saint Cyprien sportliche Ausflüge mit Jet-Skis, freien Verleih von Quads und Ausflüge mit geländegängigen Elektrorollern zwischen Land und Meer."
        ],
        "en": [
          "We propose you at the center of Saint Cyprien of the sporting exits in jet-ski, free hiring of quads and excursions in electric scooters all ground between ground and sea."
        ],
        "it": [
          "Nel centro di Saint Cyprien, offriamo uscite in jet-ski, noleggio gratuito di quad e gite in scooter elettrico tra terra e mare."
        ],
        "fr": [
          "Nous vous proposons au centre de Saint Cyprien des sorties sportives en jet-ski, des locations libres de quads et des randonnées en trottinettes électriques tout terrain entre terre et mer."
        ],
        "nl": [
          "In het centrum van Saint Cyprien bieden we jetski-uitstapjes, gratis quadverhuur en all-terrain elektrische scootertochten tussen land en zee."
        ],
        "es": [
          "En el centro de Saint Cyprien, ofrecemos salidas en moto de agua, alquiler gratuito de quads y paseos en patinete eléctrico todoterreno entre tierra y mar."
        ]
      }
    }
  ],
  "hasTranslatedProperty": [
    {
      "@id": "https://data.datatourisme.fr/8e1c399b-1f9e-3869-95a6-cfd1dc1877fa",
      "dc:contributor": [
        "https://api.deepl.com/v2/translate"
      ],
      "rdf:language": [
        "it"
      ],
      "rdf:predicate": [
        {
          "@id": "rdfs:comment"
        }
      ]
    },
    {
      "@id": "https://data.datatourisme.fr/c00c792b-74ab-3f40-9a06-667ba7b0bd05",
      "dc:contributor": [
        "https://api.deepl.com/v2/translate"
      ],
      "rdf:language": [
        "de"
      ],
      "rdf:predicate": [
        {
          "@id": "rdfs:comment"
        }
      ]
    },
    {
      "@id": "https://data.datatourisme.fr/d8fe02e9-0498-3bf7-85e8-780f56cb6bc6",
      "dc:contributor": [
        "https://api.deepl.com/v2/translate"
      ],
      "rdf:language": [
        "en"
      ],
      "rdf:predicate": [
        {
          "@id": "rdfs:comment"
        }
      ]
    },
    {
      "@id": "https://data.datatourisme.fr/e57889b6-d99f-38a3-b5de-4b9f19bcf6fe",
      "dc:contributor": [
        "https://api.deepl.com/v2/translate"
      ],
      "rdf:language": [
        "nl"
      ],
      "rdf:predicate": [
        {
          "@id": "rdfs:comment"
        }
      ]
    },
    {
      "@id": "https://data.datatourisme.fr/f640acbd-ce3d-3209-96b1-59d582276859",
      "dc:contributor": [
        "https://api.deepl.com/v2/translate"
      ],
      "rdf:language": [
        "es"
      ],
      "rdf:predicate": [
        {
          "@id": "rdfs:comment"
        }
      ]
    }
  ],
  "isLocatedAt": [
    {
      "@id": "https://data.datatourisme.fr/4d81b152-6c2d-3838-b3e7-f99c8d88cc7c",
      "schema:address": [
        {
          "@id": "https://data.datatourisme.fr/b7f98422-0a78-37d0-8c88-11c0dcf4a160",
          "schema:addressLocality": "Lecci",
          "schema:postalCode": "20137",
          "schema:streetAddress": [
            "Centre de Saint Cyprien",
            "Parking de la plage"
          ],
          "@type": [
            "schema:PostalAddress",
            "PostalAddress"
          ],
          "hasAddressCity": {
            "@id": "kb:2A139",
            "@type": [
              "City"
            ],
            "rdfs:label": {
              "en": [
                "Lecci"
              ],
              "fr": [
                "Lecci"
              ]
            },
            "insee": "2A139",
            "isPartOfDepartment": {
              "@id": "kb:France942A",
              "@type": [
                "Department"
              ],
              "rdfs:label": {
                "en": [
                  "Corse-du-Sud"
                ],
                "fr": [
                  "Corse-du-Sud"
                ]
              },
              "insee": "2A",
              "isPartOfRegion": {
                "@id": "kb:France94",
                "@type": [
                  "Region"
                ],
                "rdfs:label": {
                  "en": [
                    "Corse"
                  ],
                  "fr": [
                    "Corse"
                  ]
                },
                "insee": "94",
                "isPartOfCountry": {
                  "@id": "kb:France",
                  "@type": [
                    "schema:Country"
                  ],
                  "rdfs:label": {
                    "de": [
                      "Frankreich"
                    ],
                    "pt": [
                      "França"
                    ],
                    "en": [
                      "France"
                    ],
                    "it": [
                      "Francia"
                    ],
                    "fr": [
                      "France"
                    ],
                    "nl": [
                      "Frankrijk"
                    ],
                    "es": [
                      "Francia"
                    ]
                  }
                }
              }
            }
          }
        }
      ],
      "schema:geo": {
        "@id": "https://data.datatourisme.fr/38066000-5ca9-39de-a253-39e55119808c",
        "schema:latitude": "41.638077",
        "schema:longitude": "9.347491",
        "@type": [
          "schema:GeoCoordinates"
        ]
      },
      "schema:openingHoursSpecification": [
        {
          "@id": "https://data.datatourisme.fr/db8322bd-5e24-3459-a3a7-ead7240a49a6",
          "schema:validFrom": "2023-06-30T00:00:00",
          "schema:validThrough": "2023-08-30T23:59:59",
          "@type": [
            "schema:OpeningHoursSpecification"
          ],
          "additionalInformation": {
            "de": [
              "Montag, Dienstag, Mittwoch, Donnerstag, Freitag, Samstag, Sonntag: offen"
            ],
            "en": [
              "Monday, Tuesday, Wednesday, Thursday, Friday, Saturday, Sunday: open"
            ],
            "it": [
              "Lunedì, martedì, mercoledì, giovedì, venerdì, sabato, domenica: aperto"
            ],
            "fr": [
              "Lundi, Mardi, Mercredi, Jeudi, Vendredi, Samedi, Dimanche : ouvert"
            ],
            "nl": [
              "Maandag, dinsdag, woensdag, donderdag, vrijdag, zaterdag, zondag: open"
            ],
            "es": [
              "Lunes, martes, miércoles, jueves, viernes, sábado y domingo: abierto"
            ]
          },
          "hasTranslatedProperty": [
            {
              "@id": "https://data.datatourisme.fr/099bec84-1d86-3f42-9a6d-f6fb45175fd8",
              "dc:contributor": [
                "https://api.deepl.com/v2/translate"
              ],
              "rdf:language": [
                "nl"
              ],
              "rdf:predicate": [
                "additionalInformation"
              ]
            },
            {
              "@id": "https://data.datatourisme.fr/3c3a135f-07f1-31ea-a349-5bd3dddb0521",
              "dc:contributor": [
                "https://api.deepl.com/v2/translate"
              ],
              "rdf:language": [
                "es"
              ],
              "rdf:predicate": [
                "additionalInformation"
              ]
            },
            {
              "@id": "https://data.datatourisme.fr/484e03ca-466b-3e1c-bb4e-ecea4c273519",
              "dc:contributor": [
                "https://api.deepl.com/v2/translate"
              ],
              "rdf:language": [
                "de"
              ],
              "rdf:predicate": [
                "additionalInformation"
              ]
            },
            {
              "@id": "https://data.datatourisme.fr/8915dcd7-7b67-341f-8859-0fbf8154db3e",
              "dc:contributor": [
                "https://api.deepl.com/v2/translate"
              ],
              "rdf:language": [
                "en"
              ],
              "rdf:predicate": [
                "additionalInformation"
              ]
            },
            {
              "@id": "https://data.datatourisme.fr/c7c6eae3-86dd-3cf5-8749-69b063334ab6",
              "dc:contributor": [
                "https://api.deepl.com/v2/translate"
              ],
              "rdf:language": [
                "it"
              ],
              "rdf:predicate": [
                "additionalInformation"
              ]
            }
          ]
        }
      ],
      "@type": [
        "schema:Place",
        "Place"
      ]
    }
  ],
  "isOwnedBy": [
    {
      "@id": "https://data.datatourisme.fr/f5f950f9-5eec-32b4-a357-2c969ccf4068",
      "schema:email": [
        "camillef.omt@gmail.com",
        "direction@destination-sudcorse.com",
        "gestion@destination-sudcorse.com",
        "promotion@destination-sudcorse.com",
        "webmaster@destination-sudcorse.com"
      ],
      "schema:legalName": "Porto Vecchio Tourisme",
      "@type": [
        "schema:Organization",
        "foaf:Agent",
        "Agent"
      ],
      "foaf:homepage": [
        "http://www.ot-portovecchio.com/"
      ]
    }
  ],
  "lastUpdate": "2023-03-31",
  "lastUpdateDatatourisme": "2023-04-01T05:50:20.126Z",
  "offers": [
    {
      "@id": "https://data.datatourisme.fr/bd2ee6da-07f0-3076-b558-c46e41b8b4ff",
      "schema:priceSpecification": [
        {
          "@id": "https://data.datatourisme.fr/383f35b5-3c56-3263-8e29-cbb886fcfafc",
          "schema:maxPrice": [
            "130"
          ],
          "schema:minPrice": [
            "35"
          ],
          "schema:priceCurrency": "EUR",
          "@type": [
            "schema:PriceSpecification",
            "PriceSpecification"
          ],
          "appliesOnPeriod": [
            {
              "@id": "https://data.datatourisme.fr/0c2fbe51-6555-3390-bc4d-41b5f411c369",
              "@type": [
                "Period"
              ],
              "endDate": "2023-08-30",
              "startDate": "2023-06-30"
            }
          ]
        }
      ],
      "@type": [
        "schema:Offer",
        "Offer"
      ]
    }
  ]
}