{
  "@id": "https://data.datatourisme.fr/13/66b6eb60-d308-314b-8002-66fddc925f17",
  "dc:identifier": "5216040",
  "@type": [
    "schema:LocalBusiness",
    "ActivityProvider",
    "PlaceOfInterest",
    "PointOfInterest",
    "Store"
  ],
  "rdfs:comment": {
    "de": [
      "Eine privilegierte Lage am Strand von Palombaggia, im Herzen des Naturparks der Cerbicale Inseln."
    ],
    "en": [
      "A privileged location on the beach of Palombaggia, in the heart of the Cerbicale Islands Nature Reserve."
    ],
    "it": [
      "Una posizione privilegiata sulla spiaggia di Palombaggia, nel cuore della Riserva Naturale delle Isole Cerbicale."
    ],
    "fr": [
      "Une situation privilégiée sur la plage de Palombaggia, en plein cœur de la Réserve Naturelle des îles Cerbicale (temps de navigation 10 min) mais aussi des îles Lavezzi en partenariat avec BONIFACIO PLONGEE (forfait explo commun). FFESSM/ ANMP - SSI."
    ],
    "es": [
      "Una ubicación privilegiada en la playa de Palombaggia, en el corazón de la Reserva Natural de las Islas Cerbicale (10 min de navegación) pero también de las Islas Lavezzi en asociación con BONIFACIO DIVING (paquete de explotación común). FFESSM/ ANMP - SSI."
    ],
    "nl": [
      "Een bevoorrechte locatie op het strand van Palombaggia, in het hart van het natuurreservaat van de Cerbicale eilanden."
    ]
  },
  "rdfs:label": {
    "fr": [
      "Kalliste Plongée"
    ]
  },
  "hasBeenCreatedBy": {
    "@id": "https://data.datatourisme.fr/13/84c6494d-3085-3c63-a55c-db8cb047fadd",
    "dc:identifier": "1738",
    "schema:email": [
      "camillef.omt@gmail.com",
      "direction@destination-sudcorse.com",
      "gestion@destination-sudcorse.com",
      "promotion@destination-sudcorse.com",
      "webmaster@destination-sudcorse.com"
    ],
    "schema:legalName": "Porto Vecchio Tourisme",
    "@type": [
      "schema:Organization",
      "foaf:Agent",
      "Agent"
    ],
    "foaf:homepage": [
      "http://www.ot-portovecchio.com/"
    ]
  },
  "hasBeenPublishedBy": [
    {
      "@id": "https://data.datatourisme.fr/8a9feb4b-2cbd-3d2c-b507-bd6c6776b23b",
      "schema:legalName": "Apidae Tourisme Scic SA - source : Apidae Tourisme",
      "@type": [
        "schema:Organization",
        "foaf:Agent",
        "Agent"
      ],
      "foaf:homepage": [
        "https://www.apidae-tourisme.com/"
      ]
    }
  ],
  "hasContact": [
    {
      "@id": "https://data.datatourisme.fr/0bafa9e0-085b-3eec-a8e5-d5ad1bf33578",
      "schema:email": [
        "info@lekalliste-plongee.corsica"
      ],
      "schema:telephone": [
        "+33 6 35 29 35 71"
      ],
      "@type": [
        "foaf:Agent",
        "Agent"
      ],
      "foaf:homepage": [
        "http://www.corsicadiving.com/"
      ]
    }
  ],
  "hasDescription": [
    {
      "@id": "https://data.datatourisme.fr/ccaf096a-97da-3317-964d-9e46b781372a",
      "@type": [
        "Description"
      ],
      "hasTranslatedProperty": [
        {
          "@id": "https://data.datatourisme.fr/6fd97fb1-d173-3d30-8a8a-690b180deda6",
          "dc:contributor": [
            "https://api.deepl.com/v2/translate"
          ],
          "rdf:language": [
            "es"
          ],
          "rdf:predicate": [
            "shortDescription"
          ]
        }
      ],
      "shortDescription": {
        "de": [
          "Eine privilegierte Lage am Strand von Palombaggia, im Herzen des Naturparks der Cerbicale Inseln."
        ],
        "en": [
          "A privileged location on the beach of Palombaggia, in the heart of the Cerbicale Islands Nature Reserve."
        ],
        "it": [
          "Una posizione privilegiata sulla spiaggia di Palombaggia, nel cuore della Riserva Naturale delle Isole Cerbicale."
        ],
        "fr": [
          "Une situation privilégiée sur la plage de Palombaggia, en plein cœur de la Réserve Naturelle des îles Cerbicale (temps de navigation 10 min) mais aussi des îles Lavezzi en partenariat avec BONIFACIO PLONGEE (forfait explo commun). FFESSM/ ANMP - SSI."
        ],
        "es": [
          "Una ubicación privilegiada en la playa de Palombaggia, en el corazón de la Reserva Natural de las Islas Cerbicale (10 min de navegación) pero también de las Islas Lavezzi en asociación con BONIFACIO DIVING (paquete de explotación común). FFESSM/ ANMP - SSI."
        ],
        "nl": [
          "Een bevoorrechte locatie op het strand van Palombaggia, in het hart van het natuurreservaat van de Cerbicale eilanden."
        ]
      }
    }
  ],
  "hasTheme": [
    {
      "@id": "kb:Diving",
      "@type": [
        "SportsTheme"
      ],
      "rdfs:label": {
        "de": [
          "Tauchen"
        ],
        "pt": [
          "Mergulho"
        ],
        "en": [
          "Diving"
        ],
        "it": [
          "Immersione"
        ],
        "fr": [
          "Plongée"
        ],
        "nl": [
          "Duiken"
        ],
        "es": [
          "Buceo"
        ]
      }
    }
  ],
  "hasTranslatedProperty": [
    {
      "@id": "https://data.datatourisme.fr/f60eb3ad-9469-3dca-8b83-e12994f48ebf",
      "dc:contributor": [
        "https://api.deepl.com/v2/translate"
      ],
      "rdf:language": [
        "es"
      ],
      "rdf:predicate": [
        {
          "@id": "rdfs:comment"
        }
      ]
    }
  ],
  "isLocatedAt": [
    {
      "@id": "https://data.datatourisme.fr/923156af-4ef1-3bdd-af84-030f7838de65",
      "schema:address": [
        {
          "@id": "https://data.datatourisme.fr/46641fb3-80e0-380c-8e4f-e0fa17ea86bb",
          "schema:addressLocality": "Porto-Vecchio",
          "schema:postalCode": "20137",
          "schema:streetAddress": [
            "Plage de Palombaggia"
          ],
          "@type": [
            "schema:PostalAddress",
            "PostalAddress"
          ],
          "hasAddressCity": {
            "@id": "kb:2A247",
            "@type": [
              "City"
            ],
            "rdfs:label": {
              "en": [
                "Porto-Vecchio"
              ],
              "fr": [
                "Porto-Vecchio"
              ]
            },
            "insee": "2A247",
            "isPartOfDepartment": {
              "@id": "kb:France942A",
              "@type": [
                "Department"
              ],
              "rdfs:label": {
                "en": [
                  "Corse-du-Sud"
                ],
                "fr": [
                  "Corse-du-Sud"
                ]
              },
              "insee": "2A",
              "isPartOfRegion": {
                "@id": "kb:France94",
                "@type": [
                  "Region"
                ],
                "rdfs:label": {
                  "en": [
                    "Corse"
                  ],
                  "fr": [
                    "Corse"
                  ]
                },
                "insee": "94",
                "isPartOfCountry": {
                  "@id": "kb:France",
                  "@type": [
                    "schema:Country"
                  ],
                  "rdfs:label": {
                    "de": [
                      "Frankreich"
                    ],
                    "pt": [
                      "França"
                    ],
                    "en": [
                      "France"
                    ],
                    "it": [
                      "Francia"
                    ],
                    "fr": [
                      "France"
                    ],
                    "nl": [
                      "Frankrijk"
                    ],
                    "es": [
                      "Francia"
                    ]
                  }
                }
              }
            }
          }
        }
      ],
      "schema:geo": {
        "@id": "https://data.datatourisme.fr/fe1a3495-60f8-3b57-b0f6-6807e3063667",
        "schema:latitude": "41.560401",
        "schema:longitude": "9.332299",
        "@type": [
          "schema:GeoCoordinates"
        ]
      },
      "schema:openingHoursSpecification": [
        {
          "@id": "https://data.datatourisme.fr/eb5f4f64-e6b3-3d39-8677-4b1381cb1617",
          "schema:validFrom": "2023-04-30T00:00:00",
          "schema:validThrough": "2023-10-14T23:59:59",
          "@type": [
            "schema:OpeningHoursSpecification"
          ]
        }
      ],
      "@type": [
        "schema:Place",
        "Place"
      ]
    }
  ],
  "isOwnedBy": [
    {
      "@id": "https://data.datatourisme.fr/f5f950f9-5eec-32b4-a357-2c969ccf4068",
      "schema:email": [
        "camillef.omt@gmail.com",
        "direction@destination-sudcorse.com",
        "gestion@destination-sudcorse.com",
        "promotion@destination-sudcorse.com",
        "webmaster@destination-sudcorse.com"
      ],
      "schema:legalName": "Porto Vecchio Tourisme",
      "@type": [
        "schema:Organization",
        "foaf:Agent",
        "Agent"
      ],
      "foaf:homepage": [
        "http://www.ot-portovecchio.com/"
      ]
    }
  ],
  "lastUpdate": "2023-02-15",
  "lastUpdateDatatourisme": "2023-02-16T06:39:41.865Z",
  "offers": [
    {
      "@id": "https://data.datatourisme.fr/96e74d63-c5ae-38b4-9ab7-246fb03c1219",
      "schema:priceSpecification": [
        {
          "@id": "https://data.datatourisme.fr/be59325a-d8e3-3d7e-a994-54f3678be38b",
          "schema:minPrice": [
            "35"
          ],
          "schema:priceCurrency": "EUR",
          "@type": [
            "schema:PriceSpecification",
            "PriceSpecification"
          ],
          "appliesOnPeriod": [
            {
              "@id": "https://data.datatourisme.fr/dc1e55f3-40e6-3c10-8795-b4584fd7b434",
              "@type": [
                "Period"
              ],
              "endDate": "2023-10-14",
              "startDate": "2023-04-30"
            }
          ]
        }
      ],
      "@type": [
        "schema:Offer",
        "Offer"
      ]
    }
  ]
}