{
  "@id": "https://data.datatourisme.fr/13/ad7ad63c-9b43-357b-aead-66e15e27c075",
  "dc:identifier": "5727701",
  "@type": [
    "PlaceOfInterest",
    "PointOfInterest",
    "SportsAndLeisurePlace"
  ],
  "rdfs:comment": {
    "de": [
      "Regelmäßige Linie Porto-Vecchio - Ajaccio Rundfahrt durch die Berge. Autovermietung VP - VU"
    ],
    "en": [
      "Regular line Porto-Vecchio - Ajaccio round trip through the mountains. Car rental VP - VU"
    ],
    "it": [
      "Linea regolare Porto-Vecchio - Ajaccio andata e ritorno attraverso le montagne. Noleggio auto VP - VU"
    ],
    "fr": [
      "1/2 journée de randonnée 4x4 avec accompagnateur pour une évasion entre mer et montagne. Découvrez l'Extrême-Sud, l'Alta Rocca, Bavella et passez de merveilleux moments avec Balesi Evasion ! Sur devis et à la demande."
    ],
    "es": [
      "excursión de 1/2 día en 4x4 con guía para una escapada entre el mar y la montaña. ¡Descubre el Extremo Sur, la Alta Rocca, Bavella y pásalo en grande con Balesi Evasion! Bajo presupuesto y a petición."
    ],
    "nl": [
      "Regelmatige lijn Porto-Vecchio - Ajaccio rondreis door de bergen. Autoverhuur VP - VU"
    ]
  },
  "rdfs:label": {
    "fr": [
      "Balesi Evasion"
    ]
  },
  "hasBeenCreatedBy": {
    "@id": "https://data.datatourisme.fr/13/84c6494d-3085-3c63-a55c-db8cb047fadd",
    "dc:identifier": "1738",
    "schema:email": [
      "camillef.omt@gmail.com",
      "direction@destination-sudcorse.com",
      "gestion@destination-sudcorse.com",
      "promotion@destination-sudcorse.com",
      "webmaster@destination-sudcorse.com"
    ],
    "schema:legalName": "Porto Vecchio Tourisme",
    "@type": [
      "schema:Organization",
      "foaf:Agent",
      "Agent"
    ],
    "foaf:homepage": [
      "http://www.ot-portovecchio.com/"
    ]
  },
  "hasBeenPublishedBy": [
    {
      "@id": "https://data.datatourisme.fr/8a9feb4b-2cbd-3d2c-b507-bd6c6776b23b",
      "schema:legalName": "Apidae Tourisme Scic SA - source : Apidae Tourisme",
      "@type": [
        "schema:Organization",
        "foaf:Agent",
        "Agent"
      ],
      "foaf:homepage": [
        "https://www.apidae-tourisme.com/"
      ]
    }
  ],
  "hasContact": [
    {
      "@id": "https://data.datatourisme.fr/a1688204-8490-38d3-987c-cd3b2351d1c9",
      "schema:email": [
        "balesi.parc@balesi-auto.com"
      ],
      "schema:telephone": [
        "+33 4 95 70 02 50",
        "+33 6 12 85 67 66"
      ],
      "@type": [
        "foaf:Agent",
        "Agent"
      ],
      "foaf:homepage": [
        "https://www.balesievasion.com/"
      ]
    }
  ],
  "hasDescription": [
    {
      "@id": "https://data.datatourisme.fr/4a2be682-3593-3879-bdba-76a5bdd59851",
      "@type": [
        "Description"
      ],
      "hasTranslatedProperty": [
        {
          "@id": "https://data.datatourisme.fr/d4d380ba-76b8-3fc7-a3d6-b61fd84c4ccb",
          "dc:contributor": [
            "https://api.deepl.com/v2/translate"
          ],
          "rdf:language": [
            "es"
          ],
          "rdf:predicate": [
            "shortDescription"
          ]
        }
      ],
      "shortDescription": {
        "de": [
          "Regelmäßige Linie Porto-Vecchio - Ajaccio Rundfahrt durch die Berge. Autovermietung VP - VU"
        ],
        "en": [
          "Regular line Porto-Vecchio - Ajaccio round trip through the mountains. Car rental VP - VU"
        ],
        "it": [
          "Linea regolare Porto-Vecchio - Ajaccio andata e ritorno attraverso le montagne. Noleggio auto VP - VU"
        ],
        "fr": [
          "1/2 journée de randonnée 4x4 avec accompagnateur pour une évasion entre mer et montagne. Découvrez l'Extrême-Sud, l'Alta Rocca, Bavella et passez de merveilleux moments avec Balesi Evasion ! Sur devis et à la demande."
        ],
        "es": [
          "excursión de 1/2 día en 4x4 con guía para una escapada entre el mar y la montaña. ¡Descubre el Extremo Sur, la Alta Rocca, Bavella y pásalo en grande con Balesi Evasion! Bajo presupuesto y a petición."
        ],
        "nl": [
          "Regelmatige lijn Porto-Vecchio - Ajaccio rondreis door de bergen. Autoverhuur VP - VU"
        ]
      }
    }
  ],
  "hasTheme": [
    {
      "@id": "kb:FourWheelDrive",
      "@type": [
        "SportsTheme"
      ],
      "rdfs:label": {
        "de": [
          "4 × 4"
        ],
        "pt": [
          "4 X 4"
        ],
        "en": [
          "Four-wheel drive"
        ],
        "it": [
          "4 × 4"
        ],
        "fr": [
          "4 x 4"
        ],
        "nl": [
          "4 × 4"
        ],
        "es": [
          "4 x 4"
        ]
      }
    }
  ],
  "hasTranslatedProperty": [
    {
      "@id": "https://data.datatourisme.fr/2998e2f4-f64c-32bb-861f-aa713fd10d37",
      "dc:contributor": [
        "https://api.deepl.com/v2/translate"
      ],
      "rdf:language": [
        "es"
      ],
      "rdf:predicate": [
        {
          "@id": "rdfs:comment"
        }
      ]
    }
  ],
  "isLocatedAt": [
    {
      "@id": "https://data.datatourisme.fr/dc4276c4-87ab-3cb0-a62a-90a20f06d8e9",
      "schema:address": [
        {
          "@id": "https://data.datatourisme.fr/094985c5-7645-313d-8a70-705d1af9c031",
          "schema:addressLocality": "Porto-Vecchio",
          "schema:postalCode": "20538",
          "schema:streetAddress": [
            "Avenue de Bastia",
            "BP 137",
            "Balesi Evasion - Europcar"
          ],
          "@type": [
            "schema:PostalAddress",
            "PostalAddress"
          ],
          "hasAddressCity": {
            "@id": "kb:2A247",
            "@type": [
              "City"
            ],
            "rdfs:label": {
              "en": [
                "Porto-Vecchio"
              ],
              "fr": [
                "Porto-Vecchio"
              ]
            },
            "insee": "2A247",
            "isPartOfDepartment": {
              "@id": "kb:France942A",
              "@type": [
                "Department"
              ],
              "rdfs:label": {
                "en": [
                  "Corse-du-Sud"
                ],
                "fr": [
                  "Corse-du-Sud"
                ]
              },
              "insee": "2A",
              "isPartOfRegion": {
                "@id": "kb:France94",
                "@type": [
                  "Region"
                ],
                "rdfs:label": {
                  "en": [
                    "Corse"
                  ],
                  "fr": [
                    "Corse"
                  ]
                },
                "insee": "94",
                "isPartOfCountry": {
                  "@id": "kb:France",
                  "@type": [
                    "schema:Country"
                  ],
                  "rdfs:label": {
                    "de": [
                      "Frankreich"
                    ],
                    "pt": [
                      "França"
                    ],
                    "en": [
                      "France"
                    ],
                    "it": [
                      "Francia"
                    ],
                    "fr": [
                      "France"
                    ],
                    "nl": [
                      "Frankrijk"
                    ],
                    "es": [
                      "Francia"
                    ]
                  }
                }
              }
            }
          }
        }
      ],
      "schema:geo": {
        "@id": "https://data.datatourisme.fr/114d8818-56b5-3fdd-bd49-25cd614ebf91",
        "schema:latitude": "41.604431",
        "schema:longitude": "9.278225",
        "@type": [
          "schema:GeoCoordinates"
        ]
      },
      "schema:openingHoursSpecification": [
        {
          "@id": "https://data.datatourisme.fr/da527439-f7b9-3fac-9ce1-4cfab1ca6d4a",
          "schema:validFrom": "2023-01-01T00:00:00",
          "schema:validThrough": "2023-12-31T23:59:59",
          "@type": [
            "schema:OpeningHoursSpecification"
          ],
          "additionalInformation": {
            "de": [
              "Öffnungszeiten von Balesi Evasion.\r\nKeine besonderen Öffnungszeiten für Wanderungen (auf Anfrage), am Wochenende möglich."
            ],
            "en": [
              "Opening hours of Balesi Evasion.\r\nNo specific schedule for the hikes (on request), possibility on weekends."
            ],
            "it": [
              "Orari di apertura di Balesi Evasion.\r\nNessun orario specifico per le escursioni (su richiesta), possibilità nei fine settimana."
            ],
            "fr": [
              "Horaires d'ouverture de Balesi Evasion.\r\nPas d'horaire spécifique pour les randonnées (sur demande), possibilité le weekend."
            ],
            "nl": [
              "Openingstijden van Balesi Evasion.\r\nGeen specifiek schema voor wandelingen (op aanvraag), mogelijkheid in het weekend."
            ],
            "es": [
              "Horario de apertura de la Evasión de Balesi.\r\nSin horario específico para excursiones (bajo petición), posibilidad los fines de semana."
            ]
          },
          "hasTranslatedProperty": [
            {
              "@id": "https://data.datatourisme.fr/105ef6dc-eea5-3fc9-ad85-789c308bb344",
              "dc:contributor": [
                "https://api.deepl.com/v2/translate"
              ],
              "rdf:language": [
                "it"
              ],
              "rdf:predicate": [
                "additionalInformation"
              ]
            },
            {
              "@id": "https://data.datatourisme.fr/30968f2f-8030-31d4-965d-8e280005cb09",
              "dc:contributor": [
                "https://api.deepl.com/v2/translate"
              ],
              "rdf:language": [
                "de"
              ],
              "rdf:predicate": [
                "additionalInformation"
              ]
            },
            {
              "@id": "https://data.datatourisme.fr/886ffa29-3e2d-39c6-a23a-e2c8571da352",
              "dc:contributor": [
                "https://api.deepl.com/v2/translate"
              ],
              "rdf:language": [
                "nl"
              ],
              "rdf:predicate": [
                "additionalInformation"
              ]
            },
            {
              "@id": "https://data.datatourisme.fr/8da83fbd-4ef2-3bdf-af96-4d9ea7a1b1f6",
              "dc:contributor": [
                "https://api.deepl.com/v2/translate"
              ],
              "rdf:language": [
                "en"
              ],
              "rdf:predicate": [
                "additionalInformation"
              ]
            },
            {
              "@id": "https://data.datatourisme.fr/ad5260b5-be76-3bba-854a-946e68a9aa34",
              "dc:contributor": [
                "https://api.deepl.com/v2/translate"
              ],
              "rdf:language": [
                "es"
              ],
              "rdf:predicate": [
                "additionalInformation"
              ]
            }
          ]
        }
      ],
      "@type": [
        "schema:Place",
        "Place"
      ]
    }
  ],
  "isOwnedBy": [
    {
      "@id": "https://data.datatourisme.fr/f5f950f9-5eec-32b4-a357-2c969ccf4068",
      "schema:email": [
        "camillef.omt@gmail.com",
        "direction@destination-sudcorse.com",
        "gestion@destination-sudcorse.com",
        "promotion@destination-sudcorse.com",
        "webmaster@destination-sudcorse.com"
      ],
      "schema:legalName": "Porto Vecchio Tourisme",
      "@type": [
        "schema:Organization",
        "foaf:Agent",
        "Agent"
      ],
      "foaf:homepage": [
        "http://www.ot-portovecchio.com/"
      ]
    }
  ],
  "lastUpdate": "2023-02-21",
  "lastUpdateDatatourisme": "2023-02-22T06:42:37.902Z",
  "offers": [
    {
      "@id": "https://data.datatourisme.fr/d2fa7799-4773-3c90-829d-94a5d14a0a33",
      "schema:priceSpecification": [
        {
          "@id": "https://data.datatourisme.fr/111e1526-a000-3703-a522-93e9574d617c",
          "schema:priceCurrency": "EUR",
          "@type": [
            "schema:PriceSpecification",
            "PriceSpecification"
          ],
          "appliesOnPeriod": [
            {
              "@id": "https://data.datatourisme.fr/a425afdf-3594-300b-b55e-1858bafa3fd4",
              "@type": [
                "Period"
              ],
              "endDate": "2023-12-31",
              "startDate": "2023-01-01"
            }
          ]
        }
      ],
      "@type": [
        "schema:Offer",
        "Offer"
      ]
    }
  ]
}