{
  "@id": "https://data.datatourisme.fr/13/ad26db29-06f1-3b3d-b34b-673155895346",
  "dc:identifier": "5874129",
  "@type": [
    "schema:FoodEstablishment",
    "FoodEstablishment",
    "PlaceOfInterest",
    "PointOfInterest"
  ],
  "rdfs:comment": {
    "de": [
      "In seinem gemütlichen Rahmen im Schutz der Olivenbäume bietet Ihnen das Alivi eine auf Authentizität ausgerichtete Küche. Mit seinen Pizzen, Fleisch und Fisch frisch vom Holzfeuer werden auch korsische Spezialitäten an Ihren Tisch kommen und für einen geselligen Moment sorgen."
    ],
    "en": [
      "In its warm setting sheltered by olive trees, the Alivi offers authentic cuisine. With its pizzas, meats and fresh fish cooked over a wood fire, Corsican specialities will also be served at your table for a convivial moment."
    ],
    "it": [
      "Nel suo ambiente accogliente, riparato dagli ulivi, l'Alivi offre una cucina autentica. Con le sue pizze, la carne fresca e il pesce cotto a legna, le specialità corse saranno servite anche al vostro tavolo per un momento di convivialità."
    ],
    "fr": [
      "Dans son cadre chaleureux à l'abri des oliviers, l'Alivi vous propose une cuisine tournée vers l'authentique. Avec ses pizzas, viandes et poissons frais au feu de bois, les spécialités corses s'inviteront également à votre table pour un moment convivial."
    ],
    "nl": [
      "In zijn warme omgeving, beschut door olijfbomen, biedt het Alivi een authentieke keuken. Met zijn pizza's, vers vlees en vis bereid boven een houtvuur, worden ook Corsicaanse specialiteiten aan uw tafel geserveerd voor een gezellig moment."
    ],
    "es": [
      "En su cálido entorno, al abrigo de los olivos, el Alivi ofrece una cocina auténtica. Con sus pizzas, carnes y pescados frescos cocinados a la leña, las especialidades corsas también se servirán en su mesa para un momento de convivencia."
    ]
  },
  "rdfs:label": {
    "fr": [
      "L'Alivi"
    ]
  },
  "hasBeenCreatedBy": {
    "@id": "https://data.datatourisme.fr/13/84c6494d-3085-3c63-a55c-db8cb047fadd",
    "dc:identifier": "1738",
    "schema:email": [
      "camillef.omt@gmail.com",
      "direction@destination-sudcorse.com",
      "gestion@destination-sudcorse.com",
      "promotion@destination-sudcorse.com",
      "webmaster@destination-sudcorse.com"
    ],
    "schema:legalName": "Porto Vecchio Tourisme",
    "@type": [
      "schema:Organization",
      "foaf:Agent",
      "Agent"
    ],
    "foaf:homepage": [
      "http://www.ot-portovecchio.com/"
    ]
  },
  "hasBeenPublishedBy": [
    {
      "@id": "https://data.datatourisme.fr/8a9feb4b-2cbd-3d2c-b507-bd6c6776b23b",
      "schema:legalName": "Apidae Tourisme Scic SA - source : Apidae Tourisme",
      "@type": [
        "schema:Organization",
        "foaf:Agent",
        "Agent"
      ],
      "foaf:homepage": [
        "https://www.apidae-tourisme.com/"
      ]
    }
  ],
  "hasContact": [
    {
      "@id": "https://data.datatourisme.fr/1b085201-c612-3d4a-b782-3c4d37ef549a",
      "schema:email": [
        "alivi20137@gmail.com"
      ],
      "schema:telephone": [
        "+33 4 95 21 80 22"
      ],
      "@type": [
        "foaf:Agent",
        "Agent"
      ]
    }
  ],
  "hasDescription": [
    {
      "@id": "https://data.datatourisme.fr/2d9b129e-8958-3c18-bf8a-1343249984a3",
      "@type": [
        "Description"
      ],
      "hasTranslatedProperty": [
        {
          "@id": "https://data.datatourisme.fr/2d50db7d-4b0a-39f9-89ca-f0c36865de32",
          "dc:contributor": [
            "https://api.deepl.com/v2/translate"
          ],
          "rdf:language": [
            "es"
          ],
          "rdf:predicate": [
            "shortDescription"
          ]
        },
        {
          "@id": "https://data.datatourisme.fr/6a63f451-4294-310e-9fbe-ed5969008956",
          "dc:contributor": [
            "https://api.deepl.com/v2/translate"
          ],
          "rdf:language": [
            "en"
          ],
          "rdf:predicate": [
            "shortDescription"
          ]
        },
        {
          "@id": "https://data.datatourisme.fr/9fb8849c-87f0-357f-96b9-505b323aa904",
          "dc:contributor": [
            "https://api.deepl.com/v2/translate"
          ],
          "rdf:language": [
            "de"
          ],
          "rdf:predicate": [
            "shortDescription"
          ]
        },
        {
          "@id": "https://data.datatourisme.fr/b95ad5e0-a6ac-3f8e-bd3c-51d2a88f99ab",
          "dc:contributor": [
            "https://api.deepl.com/v2/translate"
          ],
          "rdf:language": [
            "nl"
          ],
          "rdf:predicate": [
            "shortDescription"
          ]
        },
        {
          "@id": "https://data.datatourisme.fr/bf9691a2-d2b1-384b-aedf-975d40704061",
          "dc:contributor": [
            "https://api.deepl.com/v2/translate"
          ],
          "rdf:language": [
            "it"
          ],
          "rdf:predicate": [
            "shortDescription"
          ]
        }
      ],
      "shortDescription": {
        "de": [
          "In seinem gemütlichen Rahmen im Schutz der Olivenbäume bietet Ihnen das Alivi eine auf Authentizität ausgerichtete Küche. Mit seinen Pizzen, Fleisch und Fisch frisch vom Holzfeuer werden auch korsische Spezialitäten an Ihren Tisch kommen und für einen geselligen Moment sorgen."
        ],
        "en": [
          "In its warm setting sheltered by olive trees, the Alivi offers authentic cuisine. With its pizzas, meats and fresh fish cooked over a wood fire, Corsican specialities will also be served at your table for a convivial moment."
        ],
        "it": [
          "Nel suo ambiente accogliente, riparato dagli ulivi, l'Alivi offre una cucina autentica. Con le sue pizze, la carne fresca e il pesce cotto a legna, le specialità corse saranno servite anche al vostro tavolo per un momento di convivialità."
        ],
        "fr": [
          "Dans son cadre chaleureux à l'abri des oliviers, l'Alivi vous propose une cuisine tournée vers l'authentique. Avec ses pizzas, viandes et poissons frais au feu de bois, les spécialités corses s'inviteront également à votre table pour un moment convivial."
        ],
        "nl": [
          "In zijn warme omgeving, beschut door olijfbomen, biedt het Alivi een authentieke keuken. Met zijn pizza's, vers vlees en vis bereid boven een houtvuur, worden ook Corsicaanse specialiteiten aan uw tafel geserveerd voor een gezellig moment."
        ],
        "es": [
          "En su cálido entorno, al abrigo de los olivos, el Alivi ofrece una cocina auténtica. Con sus pizzas, carnes y pescados frescos cocinados a la leña, las especialidades corsas también se servirán en su mesa para un momento de convivencia."
        ]
      }
    }
  ],
  "hasTheme": [
    {
      "@id": "kb:MediterraneanCuisine",
      "@type": [
        "CuisineCategory"
      ],
      "rdfs:label": {
        "de": [
          "Mediterrane Küche"
        ],
        "pt": [
          "Cozinha mediterrânica"
        ],
        "en": [
          "Mediterranean cuisine"
        ],
        "it": [
          "Cucina mediterranea"
        ],
        "fr": [
          "Cuisine méditerranéenne"
        ],
        "nl": [
          "Mediterrane keuken"
        ],
        "es": [
          "Cocina mediterránea"
        ]
      }
    }
  ],
  "hasTranslatedProperty": [
    {
      "@id": "https://data.datatourisme.fr/206e3f01-8591-3ac5-a8a0-2a893f9d044a",
      "dc:contributor": [
        "https://api.deepl.com/v2/translate"
      ],
      "rdf:language": [
        "es"
      ],
      "rdf:predicate": [
        {
          "@id": "rdfs:comment"
        }
      ]
    },
    {
      "@id": "https://data.datatourisme.fr/4391712e-6477-3fb4-a8ab-feeecbdc196c",
      "dc:contributor": [
        "https://api.deepl.com/v2/translate"
      ],
      "rdf:language": [
        "nl"
      ],
      "rdf:predicate": [
        {
          "@id": "rdfs:comment"
        }
      ]
    },
    {
      "@id": "https://data.datatourisme.fr/78bab4eb-6b97-39aa-b648-6b142d56f5ca",
      "dc:contributor": [
        "https://api.deepl.com/v2/translate"
      ],
      "rdf:language": [
        "de"
      ],
      "rdf:predicate": [
        {
          "@id": "rdfs:comment"
        }
      ]
    },
    {
      "@id": "https://data.datatourisme.fr/d38dfebb-0994-3e72-a5ae-084cdd194daa",
      "dc:contributor": [
        "https://api.deepl.com/v2/translate"
      ],
      "rdf:language": [
        "it"
      ],
      "rdf:predicate": [
        {
          "@id": "rdfs:comment"
        }
      ]
    },
    {
      "@id": "https://data.datatourisme.fr/fdd383bb-ca13-3595-a593-f69169097a96",
      "dc:contributor": [
        "https://api.deepl.com/v2/translate"
      ],
      "rdf:language": [
        "en"
      ],
      "rdf:predicate": [
        {
          "@id": "rdfs:comment"
        }
      ]
    }
  ],
  "isLocatedAt": [
    {
      "@id": "https://data.datatourisme.fr/ecdcf20c-ae7a-362b-a6b1-8d163be02bcc",
      "schema:address": [
        {
          "@id": "https://data.datatourisme.fr/91c2c932-c3a0-34de-9ab0-6011bb4a997a",
          "schema:addressLocality": "Porto-Vecchio",
          "schema:postalCode": "20137",
          "schema:streetAddress": [
            "Route de Pezza Cardo",
            "Trinté de Porto-Vecchio"
          ],
          "@type": [
            "schema:PostalAddress",
            "PostalAddress"
          ],
          "hasAddressCity": {
            "@id": "kb:2A247",
            "@type": [
              "City"
            ],
            "rdfs:label": {
              "en": [
                "Porto-Vecchio"
              ],
              "fr": [
                "Porto-Vecchio"
              ]
            },
            "insee": "2A247",
            "isPartOfDepartment": {
              "@id": "kb:France942A",
              "@type": [
                "Department"
              ],
              "rdfs:label": {
                "en": [
                  "Corse-du-Sud"
                ],
                "fr": [
                  "Corse-du-Sud"
                ]
              },
              "insee": "2A",
              "isPartOfRegion": {
                "@id": "kb:France94",
                "@type": [
                  "Region"
                ],
                "rdfs:label": {
                  "en": [
                    "Corse"
                  ],
                  "fr": [
                    "Corse"
                  ]
                },
                "insee": "94",
                "isPartOfCountry": {
                  "@id": "kb:France",
                  "@type": [
                    "schema:Country"
                  ],
                  "rdfs:label": {
                    "de": [
                      "Frankreich"
                    ],
                    "pt": [
                      "França"
                    ],
                    "en": [
                      "France"
                    ],
                    "it": [
                      "Francia"
                    ],
                    "fr": [
                      "France"
                    ],
                    "nl": [
                      "Frankrijk"
                    ],
                    "es": [
                      "Francia"
                    ]
                  }
                }
              }
            }
          }
        }
      ],
      "schema:geo": {
        "@id": "https://data.datatourisme.fr/484b9770-d13c-37de-90c3-cf97a4f5c3c3",
        "schema:latitude": "41.623853",
        "schema:longitude": "9.300094",
        "@type": [
          "schema:GeoCoordinates"
        ]
      },
      "schema:openingHoursSpecification": [
        {
          "@id": "https://data.datatourisme.fr/2c4f9822-1024-3a91-8bb9-0c2972e71095",
          "schema:validFrom": "2023-01-01T00:00:00",
          "schema:validThrough": "2023-12-31T23:59:59",
          "@type": [
            "schema:OpeningHoursSpecification"
          ],
          "additionalInformation": {
            "de": [
              "Von Juni bis Oktober mittags geschlossen"
            ],
            "en": [
              "Closed for lunch from June to October"
            ],
            "it": [
              "Chiuso a pranzo da giugno a ottobre"
            ],
            "fr": [
              "Fermé le midi de juin à octobre"
            ],
            "nl": [
              "Gesloten voor de lunch van juni tot oktober"
            ],
            "es": [
              "Cerrado al mediodía de junio a octubre"
            ]
          },
          "hasTranslatedProperty": [
            {
              "@id": "https://data.datatourisme.fr/0dc37215-4f43-3c42-86ef-75b7fe6ebb01",
              "dc:contributor": [
                "https://api.deepl.com/v2/translate"
              ],
              "rdf:language": [
                "de"
              ],
              "rdf:predicate": [
                "additionalInformation"
              ]
            },
            {
              "@id": "https://data.datatourisme.fr/0fc2df28-32ea-34f6-a39b-92f3a077c024",
              "dc:contributor": [
                "https://api.deepl.com/v2/translate"
              ],
              "rdf:language": [
                "nl"
              ],
              "rdf:predicate": [
                "additionalInformation"
              ]
            },
            {
              "@id": "https://data.datatourisme.fr/674d4179-2451-3202-b0fe-d2218765c0af",
              "dc:contributor": [
                "https://api.deepl.com/v2/translate"
              ],
              "rdf:language": [
                "it"
              ],
              "rdf:predicate": [
                "additionalInformation"
              ]
            },
            {
              "@id": "https://data.datatourisme.fr/b7770bfb-8863-39de-a955-854be88a5fcc",
              "dc:contributor": [
                "https://api.deepl.com/v2/translate"
              ],
              "rdf:language": [
                "es"
              ],
              "rdf:predicate": [
                "additionalInformation"
              ]
            },
            {
              "@id": "https://data.datatourisme.fr/b9ef5af1-7105-3f43-a403-5116471c864b",
              "dc:contributor": [
                "https://api.deepl.com/v2/translate"
              ],
              "rdf:language": [
                "en"
              ],
              "rdf:predicate": [
                "additionalInformation"
              ]
            }
          ]
        }
      ],
      "@type": [
        "schema:Place",
        "Place"
      ]
    }
  ],
  "isOwnedBy": [
    {
      "@id": "https://data.datatourisme.fr/f5f950f9-5eec-32b4-a357-2c969ccf4068",
      "schema:email": [
        "camillef.omt@gmail.com",
        "direction@destination-sudcorse.com",
        "gestion@destination-sudcorse.com",
        "promotion@destination-sudcorse.com",
        "webmaster@destination-sudcorse.com"
      ],
      "schema:legalName": "Porto Vecchio Tourisme",
      "@type": [
        "schema:Organization",
        "foaf:Agent",
        "Agent"
      ],
      "foaf:homepage": [
        "http://www.ot-portovecchio.com/"
      ]
    }
  ],
  "lastUpdate": "2023-02-14",
  "lastUpdateDatatourisme": "2023-02-15T06:38:07.032Z",
  "offers": [
    {
      "@id": "https://data.datatourisme.fr/f879b272-7a92-394f-9061-c3bd6dc53779",
      "schema:priceSpecification": [
        {
          "@id": "https://data.datatourisme.fr/8165a7cc-5721-3d87-b7b1-dafd5da93eab",
          "schema:maxPrice": [
            "80"
          ],
          "schema:minPrice": [
            "10"
          ],
          "schema:priceCurrency": "EUR",
          "@type": [
            "schema:PriceSpecification",
            "PriceSpecification"
          ],
          "appliesOnPeriod": [
            {
              "@id": "https://data.datatourisme.fr/a425afdf-3594-300b-b55e-1858bafa3fd4",
              "@type": [
                "Period"
              ],
              "endDate": "2023-12-31",
              "startDate": "2023-01-01"
            }
          ]
        }
      ],
      "@type": [
        "schema:Offer",
        "Offer"
      ]
    }
  ],
  "providesCuisineOfType": [
    {
      "@id": "kb:MediterraneanCuisine",
      "@type": [
        "CuisineCategory"
      ],
      "rdfs:label": {
        "de": [
          "Mediterrane Küche"
        ],
        "pt": [
          "Cozinha mediterrânica"
        ],
        "en": [
          "Mediterranean cuisine"
        ],
        "it": [
          "Cucina mediterranea"
        ],
        "fr": [
          "Cuisine méditerranéenne"
        ],
        "nl": [
          "Mediterrane keuken"
        ],
        "es": [
          "Cocina mediterránea"
        ]
      }
    }
  ]
}