{
  "@id": "https://data.datatourisme.fr/13/ad3c67a7-adb7-3ad9-8c72-d15b401f7eb6",
  "dc:identifier": "5841452",
  "@type": [
    "schema:LocalBusiness",
    "PlaceOfInterest",
    "PointOfInterest",
    "SightseeingBoat",
    "SportsAndLeisurePlace"
  ],
  "rdfs:comment": {
    "de": [
      "Naturerlebnistag in kleiner Gruppe, bis zu 8 Pers. Gehen Sie mit Ihrem Skipper Olivier an Bord der Isulella (kleine Insel auf Korsika) und entdecken Sie die unberührten Buchten von außergewöhnlicher Schönheit, die sich an die Südostküste Korsikas schmiegen."
    ],
    "en": [
      "Nature escape day in small group, up to 8 people. Embark on Isulella (a small island in Corsica) with your skipper Olivier and let's discover bays of exceptional beauty, nestled on the south-east coast of Corsica."
    ],
    "it": [
      "Giornata di fuga nella natura in piccolo gruppo, fino a 8 persone. Imbarcatevi sull'Isulella (una piccola isola della Corsica) con il vostro skipper Olivier e andate alla scoperta di alcune baie preservate di eccezionale bellezza, situate sulla costa sud-orientale della Corsica."
    ],
    "fr": [
      "Journée évasion nature en petit comité, jusqu'à 8 pers. Embarquez sur l'Isulella (petite île en Corse) avec votre skipper Olivier et partons à la découverte de baies préservées d'une exceptionnelle beauté, nichées sur le littoral sud-est de la Corse."
    ],
    "nl": [
      "Natuurontsnappingsdag in kleine groep, tot 8 personen. Scheep in op de Isulella (een klein eiland in Corsica) met uw schipper Olivier en laat ons enkele uitzonderlijk mooie bewaarde baaien ontdekken, gelegen aan de zuidoostkust van Corsica."
    ],
    "es": [
      "Día de escapada a la naturaleza en grupo reducido, hasta 8 personas. Embarque en la Isulella (una pequeña isla de Córcega) con su patrón Olivier y vayamos a descubrir unas bahías preservadas de excepcional belleza, enclavadas en la costa sureste de Córcega."
    ]
  },
  "rdfs:label": {
    "fr": [
      "L'évasion turquoise"
    ]
  },
  "hasBeenCreatedBy": {
    "@id": "https://data.datatourisme.fr/13/84c6494d-3085-3c63-a55c-db8cb047fadd",
    "dc:identifier": "1738",
    "schema:email": [
      "camillef.omt@gmail.com",
      "direction@destination-sudcorse.com",
      "gestion@destination-sudcorse.com",
      "promotion@destination-sudcorse.com",
      "webmaster@destination-sudcorse.com"
    ],
    "schema:legalName": "Porto Vecchio Tourisme",
    "@type": [
      "schema:Organization",
      "foaf:Agent",
      "Agent"
    ],
    "foaf:homepage": [
      "http://www.ot-portovecchio.com/"
    ]
  },
  "hasBeenPublishedBy": [
    {
      "@id": "https://data.datatourisme.fr/8a9feb4b-2cbd-3d2c-b507-bd6c6776b23b",
      "schema:legalName": "Apidae Tourisme Scic SA - source : Apidae Tourisme",
      "@type": [
        "schema:Organization",
        "foaf:Agent",
        "Agent"
      ],
      "foaf:homepage": [
        "https://www.apidae-tourisme.com/"
      ]
    }
  ],
  "hasContact": [
    {
      "@id": "https://data.datatourisme.fr/879a667b-d960-3b62-aa72-a4f0762439c5",
      "schema:email": [
        "levasionturquoise@orange.fr"
      ],
      "schema:telephone": [
        "+33 6 42 92 18 18"
      ],
      "@type": [
        "foaf:Agent",
        "Agent"
      ],
      "foaf:homepage": [
        "https://www.levasionturquoise.com/"
      ]
    }
  ],
  "hasDescription": [
    {
      "@id": "https://data.datatourisme.fr/a3a37d97-855b-3203-9fea-35687288371e",
      "@type": [
        "Description"
      ],
      "hasTranslatedProperty": [
        {
          "@id": "https://data.datatourisme.fr/25c8cd98-21fc-3734-a315-4d54c601b590",
          "dc:contributor": [
            "https://api.deepl.com/v2/translate"
          ],
          "rdf:language": [
            "de"
          ],
          "rdf:predicate": [
            "shortDescription"
          ]
        },
        {
          "@id": "https://data.datatourisme.fr/66fadecf-5870-39a3-b9aa-eb82790a525c",
          "dc:contributor": [
            "https://api.deepl.com/v2/translate"
          ],
          "rdf:language": [
            "it"
          ],
          "rdf:predicate": [
            "shortDescription"
          ]
        },
        {
          "@id": "https://data.datatourisme.fr/7d16737f-43fe-3c10-a1c9-40ab9b0523e6",
          "dc:contributor": [
            "https://api.deepl.com/v2/translate"
          ],
          "rdf:language": [
            "en"
          ],
          "rdf:predicate": [
            "shortDescription"
          ]
        },
        {
          "@id": "https://data.datatourisme.fr/bc3dd11f-b3b4-351a-b89a-d30fb0690e41",
          "dc:contributor": [
            "https://api.deepl.com/v2/translate"
          ],
          "rdf:language": [
            "es"
          ],
          "rdf:predicate": [
            "shortDescription"
          ]
        },
        {
          "@id": "https://data.datatourisme.fr/e591bb32-3215-33e2-bec5-e38485881ffb",
          "dc:contributor": [
            "https://api.deepl.com/v2/translate"
          ],
          "rdf:language": [
            "nl"
          ],
          "rdf:predicate": [
            "shortDescription"
          ]
        }
      ],
      "shortDescription": {
        "de": [
          "Naturerlebnistag in kleiner Gruppe, bis zu 8 Pers. Gehen Sie mit Ihrem Skipper Olivier an Bord der Isulella (kleine Insel auf Korsika) und entdecken Sie die unberührten Buchten von außergewöhnlicher Schönheit, die sich an die Südostküste Korsikas schmiegen."
        ],
        "en": [
          "Nature escape day in small group, up to 8 people. Embark on Isulella (a small island in Corsica) with your skipper Olivier and let's discover bays of exceptional beauty, nestled on the south-east coast of Corsica."
        ],
        "it": [
          "Giornata di fuga nella natura in piccolo gruppo, fino a 8 persone. Imbarcatevi sull'Isulella (una piccola isola della Corsica) con il vostro skipper Olivier e andate alla scoperta di alcune baie preservate di eccezionale bellezza, situate sulla costa sud-orientale della Corsica."
        ],
        "fr": [
          "Journée évasion nature en petit comité, jusqu'à 8 pers. Embarquez sur l'Isulella (petite île en Corse) avec votre skipper Olivier et partons à la découverte de baies préservées d'une exceptionnelle beauté, nichées sur le littoral sud-est de la Corse."
        ],
        "nl": [
          "Natuurontsnappingsdag in kleine groep, tot 8 personen. Scheep in op de Isulella (een klein eiland in Corsica) met uw schipper Olivier en laat ons enkele uitzonderlijk mooie bewaarde baaien ontdekken, gelegen aan de zuidoostkust van Corsica."
        ],
        "es": [
          "Día de escapada a la naturaleza en grupo reducido, hasta 8 personas. Embarque en la Isulella (una pequeña isla de Córcega) con su patrón Olivier y vayamos a descubrir unas bahías preservadas de excepcional belleza, enclavadas en la costa sureste de Córcega."
        ]
      }
    }
  ],
  "hasTranslatedProperty": [
    {
      "@id": "https://data.datatourisme.fr/5786d557-c0cb-3f5c-b7f9-7c3290d2f559",
      "dc:contributor": [
        "https://api.deepl.com/v2/translate"
      ],
      "rdf:language": [
        "de"
      ],
      "rdf:predicate": [
        {
          "@id": "rdfs:comment"
        }
      ]
    },
    {
      "@id": "https://data.datatourisme.fr/783b3ef9-02cf-3d7b-9052-a00d61b5eb65",
      "dc:contributor": [
        "https://api.deepl.com/v2/translate"
      ],
      "rdf:language": [
        "nl"
      ],
      "rdf:predicate": [
        {
          "@id": "rdfs:comment"
        }
      ]
    },
    {
      "@id": "https://data.datatourisme.fr/cbf0adfd-fc79-396f-93ed-33e1166b8f05",
      "dc:contributor": [
        "https://api.deepl.com/v2/translate"
      ],
      "rdf:language": [
        "es"
      ],
      "rdf:predicate": [
        {
          "@id": "rdfs:comment"
        }
      ]
    },
    {
      "@id": "https://data.datatourisme.fr/d8d41ffb-834c-316e-bdbf-2ea421fe725e",
      "dc:contributor": [
        "https://api.deepl.com/v2/translate"
      ],
      "rdf:language": [
        "en"
      ],
      "rdf:predicate": [
        {
          "@id": "rdfs:comment"
        }
      ]
    },
    {
      "@id": "https://data.datatourisme.fr/de102d95-9a47-304a-a782-2bc3d0651c64",
      "dc:contributor": [
        "https://api.deepl.com/v2/translate"
      ],
      "rdf:language": [
        "it"
      ],
      "rdf:predicate": [
        {
          "@id": "rdfs:comment"
        }
      ]
    }
  ],
  "isLocatedAt": [
    {
      "@id": "https://data.datatourisme.fr/0128857f-8660-3c0c-a9bd-e4cc266d9ef5",
      "schema:address": [
        {
          "@id": "https://data.datatourisme.fr/d7dd8061-a7be-332c-ac88-76333caf2b15",
          "schema:addressLocality": "Lecci",
          "schema:postalCode": "20137",
          "schema:streetAddress": [
            "Baie de Saint Cyprien"
          ],
          "@type": [
            "schema:PostalAddress",
            "PostalAddress"
          ],
          "hasAddressCity": {
            "@id": "kb:2A139",
            "@type": [
              "City"
            ],
            "rdfs:label": {
              "en": [
                "Lecci"
              ],
              "fr": [
                "Lecci"
              ]
            },
            "insee": "2A139",
            "isPartOfDepartment": {
              "@id": "kb:France942A",
              "@type": [
                "Department"
              ],
              "rdfs:label": {
                "en": [
                  "Corse-du-Sud"
                ],
                "fr": [
                  "Corse-du-Sud"
                ]
              },
              "insee": "2A",
              "isPartOfRegion": {
                "@id": "kb:France94",
                "@type": [
                  "Region"
                ],
                "rdfs:label": {
                  "en": [
                    "Corse"
                  ],
                  "fr": [
                    "Corse"
                  ]
                },
                "insee": "94",
                "isPartOfCountry": {
                  "@id": "kb:France",
                  "@type": [
                    "schema:Country"
                  ],
                  "rdfs:label": {
                    "de": [
                      "Frankreich"
                    ],
                    "pt": [
                      "França"
                    ],
                    "en": [
                      "France"
                    ],
                    "it": [
                      "Francia"
                    ],
                    "fr": [
                      "France"
                    ],
                    "nl": [
                      "Frankrijk"
                    ],
                    "es": [
                      "Francia"
                    ]
                  }
                }
              }
            }
          }
        }
      ],
      "schema:geo": {
        "@id": "https://data.datatourisme.fr/394060c3-e1ef-37f1-b9e5-a47da15da2c7",
        "schema:latitude": "41.637625",
        "schema:longitude": "9.34782",
        "@type": [
          "schema:GeoCoordinates"
        ]
      },
      "schema:openingHoursSpecification": [
        {
          "@id": "https://data.datatourisme.fr/8f8f01c9-3a90-358e-9465-f6a98624bf27",
          "schema:validFrom": "2023-05-15T00:00:00",
          "schema:validThrough": "2023-10-15T23:59:59",
          "@type": [
            "schema:OpeningHoursSpecification"
          ],
          "additionalInformation": {
            "de": [
              "Montag, Dienstag, Mittwoch, Donnerstag, Freitag, Samstag, Sonntag: offen\n\nMontag, Dienstag, Mittwoch, Donnerstag, Freitag, Samstag, Sonntag: 08.30 bis 18.30 Uhr"
            ],
            "en": [
              "Monday, Tuesday, Wednesday, Thursday, Friday, Saturday, Sunday: open\n\nMonday, Tuesday, Wednesday, Thursday, Friday, Saturday, Sunday : 08h30 to 18h30"
            ],
            "it": [
              "Lunedì, martedì, mercoledì, giovedì, venerdì, sabato, domenica: aperto\n\nLunedì, martedì, mercoledì, giovedì, venerdì, sabato, domenica: dalle 08:30 alle 18:30"
            ],
            "fr": [
              "Lundi, Mardi, Mercredi, Jeudi, Vendredi, Samedi, Dimanche : ouvert\n\nLundi, Mardi, Mercredi, Jeudi, Vendredi, Samedi, Dimanche : 08h30 à 18h30"
            ],
            "nl": [
              "Maandag, dinsdag, woensdag, donderdag, vrijdag, zaterdag, zondag: open\n\nMaandag, dinsdag, woensdag, donderdag, vrijdag, zaterdag en zondag: 08:30 tot 18:30 uur"
            ],
            "es": [
              "Lunes, martes, miércoles, jueves, viernes, sábado y domingo: abierto\n\nLunes, martes, miércoles, jueves, viernes, sábado y domingo: de 08:30 a 18:30"
            ]
          },
          "hasTranslatedProperty": [
            {
              "@id": "https://data.datatourisme.fr/3207225c-6fde-3f4c-895c-ce62f0be1fae",
              "dc:contributor": [
                "https://api.deepl.com/v2/translate"
              ],
              "rdf:language": [
                "it"
              ],
              "rdf:predicate": [
                "additionalInformation"
              ]
            },
            {
              "@id": "https://data.datatourisme.fr/4345b4f8-f23f-3fed-afa9-3bba59d2c871",
              "dc:contributor": [
                "https://api.deepl.com/v2/translate"
              ],
              "rdf:language": [
                "en"
              ],
              "rdf:predicate": [
                "additionalInformation"
              ]
            },
            {
              "@id": "https://data.datatourisme.fr/4a1eb084-77b5-32a0-a89a-e69a53ddabcb",
              "dc:contributor": [
                "https://api.deepl.com/v2/translate"
              ],
              "rdf:language": [
                "de"
              ],
              "rdf:predicate": [
                "additionalInformation"
              ]
            },
            {
              "@id": "https://data.datatourisme.fr/df98fd74-d016-3c98-bb21-14cdbd4c3162",
              "dc:contributor": [
                "https://api.deepl.com/v2/translate"
              ],
              "rdf:language": [
                "es"
              ],
              "rdf:predicate": [
                "additionalInformation"
              ]
            },
            {
              "@id": "https://data.datatourisme.fr/eacc3987-3e8f-3996-b191-a3e472379c49",
              "dc:contributor": [
                "https://api.deepl.com/v2/translate"
              ],
              "rdf:language": [
                "nl"
              ],
              "rdf:predicate": [
                "additionalInformation"
              ]
            }
          ]
        }
      ],
      "@type": [
        "schema:Place",
        "Place"
      ]
    }
  ],
  "isOwnedBy": [
    {
      "@id": "https://data.datatourisme.fr/f5f950f9-5eec-32b4-a357-2c969ccf4068",
      "schema:email": [
        "camillef.omt@gmail.com",
        "direction@destination-sudcorse.com",
        "gestion@destination-sudcorse.com",
        "promotion@destination-sudcorse.com",
        "webmaster@destination-sudcorse.com"
      ],
      "schema:legalName": "Porto Vecchio Tourisme",
      "@type": [
        "schema:Organization",
        "foaf:Agent",
        "Agent"
      ],
      "foaf:homepage": [
        "http://www.ot-portovecchio.com/"
      ]
    }
  ],
  "lastUpdate": "2023-03-01",
  "lastUpdateDatatourisme": "2023-04-04T05:52:39.308Z",
  "offers": [
    {
      "@id": "https://data.datatourisme.fr/935b1a0d-335a-3b5d-b89c-07089282277e",
      "schema:priceSpecification": [
        {
          "@id": "https://data.datatourisme.fr/dff6fb8a-e24f-356c-a7f4-2ce14cf3cc0c",
          "schema:maxPrice": [
            "130",
            "95"
          ],
          "schema:minPrice": [
            "130",
            "95"
          ],
          "schema:priceCurrency": "EUR",
          "@type": [
            "schema:PriceSpecification",
            "PriceSpecification"
          ],
          "appliesOnPeriod": [
            {
              "@id": "https://data.datatourisme.fr/0d529fb0-1b72-3568-a46d-0d9f9542f24e",
              "@type": [
                "Period"
              ],
              "endDate": "2023-10-15",
              "startDate": "2023-05-15"
            }
          ]
        }
      ],
      "@type": [
        "schema:Offer",
        "Offer"
      ]
    }
  ]
}