{
  "@id": "https://data.datatourisme.fr/13/ad305b34-2a72-325b-b64a-0c549770ccb1",
  "dc:identifier": "5446267",
  "@type": [
    "schema:Accommodation",
    "schema:LodgingBusiness",
    "Accommodation",
    "CollectiveAccommodation",
    "HolidayResort",
    "PlaceOfInterest",
    "PointOfInterest"
  ],
  "rdfs:comment": {
    "de": [
      "In der einzigartigen Umgebung des Golfs von Porto Vecchio empfängt Sie die Domaine de Caranella an einem erholsamen und ruhigen Ort, weniger als 400 m vom berühmten Strand von Cala Rossa entfernt."
    ],
    "en": [
      "In the unique setting of the Gulf of Porto Vecchio, the Caranella estate welcomes you in a relaxing and quiet place, less than 400 m from the famous beach of Cala Rossa."
    ],
    "it": [
      "Nella cornice unica del Golfo di Porto Vecchio, il Domaine de Caranella vi accoglie in un luogo rilassante e tranquillo, a meno di 400 m dalla famosa spiaggia di Cala Rossa."
    ],
    "fr": [
      "Dans le cadre unique du golfe de Porto Vecchio, le domaine de Caranella vous accueille dans un lieu reposant et calme, à moins de 400 m de la fameuse plage de Cala Rossa."
    ],
    "nl": [
      "In de unieke omgeving van de Golf van Porto Vecchio verwelkomt het Domaine de Caranella u op een ontspannen en rustige plek, op minder dan 400 m van het beroemde strand van Cala Rossa."
    ],
    "es": [
      "En el marco incomparable del golfo de Porto Vecchio, el Domaine de Caranella le da la bienvenida en un lugar relajante y tranquilo, a menos de 400 m de la famosa playa de Cala Rossa."
    ]
  },
  "rdfs:label": {
    "fr": [
      "Domaine de Caranella"
    ]
  },
  "hasBeenCreatedBy": {
    "@id": "https://data.datatourisme.fr/13/84c6494d-3085-3c63-a55c-db8cb047fadd",
    "dc:identifier": "1738",
    "schema:email": [
      "camillef.omt@gmail.com",
      "direction@destination-sudcorse.com",
      "gestion@destination-sudcorse.com",
      "promotion@destination-sudcorse.com",
      "webmaster@destination-sudcorse.com"
    ],
    "schema:legalName": "Porto Vecchio Tourisme",
    "@type": [
      "schema:Organization",
      "foaf:Agent",
      "Agent"
    ],
    "foaf:homepage": [
      "http://www.ot-portovecchio.com/"
    ]
  },
  "hasBeenPublishedBy": [
    {
      "@id": "https://data.datatourisme.fr/8a9feb4b-2cbd-3d2c-b507-bd6c6776b23b",
      "schema:legalName": "Apidae Tourisme Scic SA - source : Apidae Tourisme",
      "@type": [
        "schema:Organization",
        "foaf:Agent",
        "Agent"
      ],
      "foaf:homepage": [
        "https://www.apidae-tourisme.com/"
      ]
    }
  ],
  "hasContact": [
    {
      "@id": "https://data.datatourisme.fr/5ce8fd14-528f-3278-8f71-27f4e30b0a6a",
      "schema:email": [
        "info@caranella.com"
      ],
      "schema:telephone": [
        "+33 4 95 71 60 94",
        "+33 4 95 71 65 39"
      ],
      "@type": [
        "foaf:Agent",
        "Agent"
      ],
      "foaf:homepage": [
        "https://www.caranella.com/"
      ]
    }
  ],
  "hasDescription": [
    {
      "@id": "https://data.datatourisme.fr/c9d04352-6e15-3ed4-80c9-f51bc3649f0d",
      "@type": [
        "Description"
      ],
      "hasTranslatedProperty": [
        {
          "@id": "https://data.datatourisme.fr/259e1021-050c-375f-8b5c-507874093327",
          "dc:contributor": [
            "https://api.deepl.com/v2/translate"
          ],
          "rdf:language": [
            "it"
          ],
          "rdf:predicate": [
            "shortDescription"
          ]
        },
        {
          "@id": "https://data.datatourisme.fr/29dd41fe-4afc-3b11-9c98-390942a215f5",
          "dc:contributor": [
            "https://api.deepl.com/v2/translate"
          ],
          "rdf:language": [
            "en"
          ],
          "rdf:predicate": [
            "shortDescription"
          ]
        },
        {
          "@id": "https://data.datatourisme.fr/59d62908-b515-3bc4-afba-fe585e75dafd",
          "dc:contributor": [
            "https://api.deepl.com/v2/translate"
          ],
          "rdf:language": [
            "nl"
          ],
          "rdf:predicate": [
            "shortDescription"
          ]
        },
        {
          "@id": "https://data.datatourisme.fr/5c178da7-f37d-3392-9bc6-ede154c6a94f",
          "dc:contributor": [
            "https://api.deepl.com/v2/translate"
          ],
          "rdf:language": [
            "de"
          ],
          "rdf:predicate": [
            "shortDescription"
          ]
        },
        {
          "@id": "https://data.datatourisme.fr/b9c4ca0c-f533-38e3-b86c-3f5939f8b758",
          "dc:contributor": [
            "https://api.deepl.com/v2/translate"
          ],
          "rdf:language": [
            "es"
          ],
          "rdf:predicate": [
            "shortDescription"
          ]
        }
      ],
      "shortDescription": {
        "de": [
          "In der einzigartigen Umgebung des Golfs von Porto Vecchio empfängt Sie die Domaine de Caranella an einem erholsamen und ruhigen Ort, weniger als 400 m vom berühmten Strand von Cala Rossa entfernt."
        ],
        "en": [
          "In the unique setting of the Gulf of Porto Vecchio, the Caranella estate welcomes you in a relaxing and quiet place, less than 400 m from the famous beach of Cala Rossa."
        ],
        "it": [
          "Nella cornice unica del Golfo di Porto Vecchio, il Domaine de Caranella vi accoglie in un luogo rilassante e tranquillo, a meno di 400 m dalla famosa spiaggia di Cala Rossa."
        ],
        "fr": [
          "Dans le cadre unique du golfe de Porto Vecchio, le domaine de Caranella vous accueille dans un lieu reposant et calme, à moins de 400 m de la fameuse plage de Cala Rossa."
        ],
        "nl": [
          "In de unieke omgeving van de Golf van Porto Vecchio verwelkomt het Domaine de Caranella u op een ontspannen en rustige plek, op minder dan 400 m van het beroemde strand van Cala Rossa."
        ],
        "es": [
          "En el marco incomparable del golfo de Porto Vecchio, el Domaine de Caranella le da la bienvenida en un lugar relajante y tranquilo, a menos de 400 m de la famosa playa de Cala Rossa."
        ]
      }
    }
  ],
  "hasTranslatedProperty": [
    {
      "@id": "https://data.datatourisme.fr/54925ccb-a00a-3fc4-8823-b160fcd96ef1",
      "dc:contributor": [
        "https://api.deepl.com/v2/translate"
      ],
      "rdf:language": [
        "nl"
      ],
      "rdf:predicate": [
        {
          "@id": "rdfs:comment"
        }
      ]
    },
    {
      "@id": "https://data.datatourisme.fr/6ef0b063-0be9-3b31-9cc6-8196194524b8",
      "dc:contributor": [
        "https://api.deepl.com/v2/translate"
      ],
      "rdf:language": [
        "de"
      ],
      "rdf:predicate": [
        {
          "@id": "rdfs:comment"
        }
      ]
    },
    {
      "@id": "https://data.datatourisme.fr/83cd6b2e-d0ca-32c7-ab09-c58c6aa7112c",
      "dc:contributor": [
        "https://api.deepl.com/v2/translate"
      ],
      "rdf:language": [
        "es"
      ],
      "rdf:predicate": [
        {
          "@id": "rdfs:comment"
        }
      ]
    },
    {
      "@id": "https://data.datatourisme.fr/b125c9bb-a991-3a93-901f-bd9a384812eb",
      "dc:contributor": [
        "https://api.deepl.com/v2/translate"
      ],
      "rdf:language": [
        "it"
      ],
      "rdf:predicate": [
        {
          "@id": "rdfs:comment"
        }
      ]
    },
    {
      "@id": "https://data.datatourisme.fr/f55de9c0-8b27-34e3-a5b7-12ef74ecdad6",
      "dc:contributor": [
        "https://api.deepl.com/v2/translate"
      ],
      "rdf:language": [
        "en"
      ],
      "rdf:predicate": [
        {
          "@id": "rdfs:comment"
        }
      ]
    }
  ],
  "isLocatedAt": [
    {
      "@id": "https://data.datatourisme.fr/70923153-8690-3a8a-9e4d-7bb5fcc52df9",
      "schema:address": [
        {
          "@id": "https://data.datatourisme.fr/d843f001-0df4-3499-af80-16823582f1b3",
          "schema:addressLocality": "Lecci",
          "schema:postalCode": "20137",
          "schema:streetAddress": [
            "Route de Cala Rossa"
          ],
          "@type": [
            "schema:PostalAddress",
            "PostalAddress"
          ],
          "hasAddressCity": {
            "@id": "kb:2A139",
            "@type": [
              "City"
            ],
            "rdfs:label": {
              "en": [
                "Lecci"
              ],
              "fr": [
                "Lecci"
              ]
            },
            "insee": "2A139",
            "isPartOfDepartment": {
              "@id": "kb:France942A",
              "@type": [
                "Department"
              ],
              "rdfs:label": {
                "en": [
                  "Corse-du-Sud"
                ],
                "fr": [
                  "Corse-du-Sud"
                ]
              },
              "insee": "2A",
              "isPartOfRegion": {
                "@id": "kb:France94",
                "@type": [
                  "Region"
                ],
                "rdfs:label": {
                  "en": [
                    "Corse"
                  ],
                  "fr": [
                    "Corse"
                  ]
                },
                "insee": "94",
                "isPartOfCountry": {
                  "@id": "kb:France",
                  "@type": [
                    "schema:Country"
                  ],
                  "rdfs:label": {
                    "de": [
                      "Frankreich"
                    ],
                    "pt": [
                      "França"
                    ],
                    "en": [
                      "France"
                    ],
                    "it": [
                      "Francia"
                    ],
                    "fr": [
                      "France"
                    ],
                    "nl": [
                      "Frankrijk"
                    ],
                    "es": [
                      "Francia"
                    ]
                  }
                }
              }
            }
          }
        }
      ],
      "schema:geo": {
        "@id": "https://data.datatourisme.fr/fb27fb83-1409-34e4-896d-537e079e3f51",
        "schema:latitude": "41.625307",
        "schema:longitude": "9.337211",
        "@type": [
          "schema:GeoCoordinates"
        ]
      },
      "schema:openingHoursSpecification": [
        {
          "@id": "https://data.datatourisme.fr/11cf5af6-bda0-3000-adea-517930b883c0",
          "schema:validFrom": "2023-05-04T00:00:00",
          "schema:validThrough": "2023-10-08T23:59:59",
          "@type": [
            "schema:OpeningHoursSpecification"
          ],
          "additionalInformation": {
            "de": [
              "Montag, Dienstag, Mittwoch, Donnerstag, Freitag, Samstag, Sonntag: offen\n\nMontag: geöffnet\nDienstag, Mittwoch, Donnerstag, Freitag, Samstag, Sonntag: 08:00 bis 19:00 Uhr"
            ],
            "en": [
              "Monday, Tuesday, Wednesday, Thursday, Friday, Saturday, Sunday: open\n\nMonday : open\nTuesday, Wednesday, Thursday, Friday, Saturday, Sunday : 08h to 19h"
            ],
            "it": [
              "Lunedì, martedì, mercoledì, giovedì, venerdì, sabato, domenica: aperto\n\nLunedì: aperto\nMartedì, mercoledì, giovedì, venerdì, sabato, domenica: dalle 08h alle 19h"
            ],
            "fr": [
              "Lundi, Mardi, Mercredi, Jeudi, Vendredi, Samedi, Dimanche : ouvert\n\nLundi : ouvert\nMardi, Mercredi, Jeudi, Vendredi, Samedi, Dimanche : 08h à 19h"
            ],
            "nl": [
              "Maandag, dinsdag, woensdag, donderdag, vrijdag, zaterdag, zondag: open\n\nMaandag: open\nDinsdag, woensdag, donderdag, vrijdag, zaterdag, zondag: 08u tot 19u"
            ],
            "es": [
              "Lunes, martes, miércoles, jueves, viernes, sábado y domingo: abierto\n\nLunes: abierto\nMartes, miércoles, jueves, viernes, sábado, domingo: de 08h a 19h"
            ]
          },
          "hasTranslatedProperty": [
            {
              "@id": "https://data.datatourisme.fr/604222a9-351e-3746-bd76-f4f639ce8674",
              "dc:contributor": [
                "https://api.deepl.com/v2/translate"
              ],
              "rdf:language": [
                "es"
              ],
              "rdf:predicate": [
                "additionalInformation"
              ]
            },
            {
              "@id": "https://data.datatourisme.fr/91dbf95e-4128-39be-8ea9-4059ee72aa97",
              "dc:contributor": [
                "https://api.deepl.com/v2/translate"
              ],
              "rdf:language": [
                "en"
              ],
              "rdf:predicate": [
                "additionalInformation"
              ]
            },
            {
              "@id": "https://data.datatourisme.fr/a04b4e17-54d9-31b6-9a0b-a4774ec1f767",
              "dc:contributor": [
                "https://api.deepl.com/v2/translate"
              ],
              "rdf:language": [
                "nl"
              ],
              "rdf:predicate": [
                "additionalInformation"
              ]
            },
            {
              "@id": "https://data.datatourisme.fr/aa964bc5-28bd-3678-b19c-02b7411ccba1",
              "dc:contributor": [
                "https://api.deepl.com/v2/translate"
              ],
              "rdf:language": [
                "de"
              ],
              "rdf:predicate": [
                "additionalInformation"
              ]
            },
            {
              "@id": "https://data.datatourisme.fr/fde242ab-a182-3999-8092-d760cfd3eff9",
              "dc:contributor": [
                "https://api.deepl.com/v2/translate"
              ],
              "rdf:language": [
                "it"
              ],
              "rdf:predicate": [
                "additionalInformation"
              ]
            }
          ]
        }
      ],
      "@type": [
        "schema:Place",
        "Place"
      ]
    }
  ],
  "isOwnedBy": [
    {
      "@id": "https://data.datatourisme.fr/f5f950f9-5eec-32b4-a357-2c969ccf4068",
      "schema:email": [
        "camillef.omt@gmail.com",
        "direction@destination-sudcorse.com",
        "gestion@destination-sudcorse.com",
        "promotion@destination-sudcorse.com",
        "webmaster@destination-sudcorse.com"
      ],
      "schema:legalName": "Porto Vecchio Tourisme",
      "@type": [
        "schema:Organization",
        "foaf:Agent",
        "Agent"
      ],
      "foaf:homepage": [
        "http://www.ot-portovecchio.com/"
      ]
    }
  ],
  "lastUpdate": "2022-12-14",
  "lastUpdateDatatourisme": "2023-02-01T18:07:35.698Z",
  "offers": [
    {
      "@id": "https://data.datatourisme.fr/538e7bc2-42e6-39e0-aca3-d06933a83176",
      "schema:priceSpecification": [
        {
          "@id": "https://data.datatourisme.fr/198bad2c-344d-3830-a778-28f350b548a5",
          "@type": [
            "schema:PriceSpecification",
            "PriceSpecification"
          ],
          "appliesOnPeriod": [
            {
              "@id": "https://data.datatourisme.fr/ce112f54-2529-3f65-94e0-ce1d2f7a6ecf",
              "@type": [
                "Period"
              ],
              "endDate": "2023-10-08",
              "startDate": "2023-05-04"
            }
          ]
        }
      ],
      "@type": [
        "schema:Offer",
        "Offer"
      ]
    }
  ]
}