{
  "@id": "https://data.datatourisme.fr/13/45d65621-44e2-3c43-aae4-a22c37593165",
  "dc:identifier": "5384541",
  "@type": [
    "schema:LocalBusiness",
    "PlaceOfInterest",
    "PointOfInterest",
    "TastingProvider"
  ],
  "rdfs:comment": {
    "de": [
      "Weinhersteller AOC Figari"
    ],
    "en": [
      "Wine producer AOC Figari"
    ],
    "it": [
      "Produttore di vino DOC Figari"
    ],
    "fr": [
      "Jean-Baptiste et ses enfants, viticulteurs et éleveurs de brebis, mêlent tradition et innovation pour proposer des vins et des fromages de qualité chaque année.\r\nDégustation et vente directe au caveau de Figari toute l’année."
    ],
    "nl": [
      "Wijnproducent AOC Figari"
    ],
    "es": [
      "Jean-Baptiste y sus hijos, viticultores y criadores de ovejas, combinan tradición e innovación para ofrecer cada año vinos y quesos de calidad.\r\nDegustación y venta directa en la bodega de Figari durante todo el año."
    ]
  },
  "rdfs:label": {
    "fr": [
      "Domaine de Tanella"
    ]
  },
  "hasBeenCreatedBy": {
    "@id": "https://data.datatourisme.fr/13/84c6494d-3085-3c63-a55c-db8cb047fadd",
    "dc:identifier": "1738",
    "schema:email": [
      "camillef.omt@gmail.com",
      "direction@destination-sudcorse.com",
      "gestion@destination-sudcorse.com",
      "promotion@destination-sudcorse.com",
      "webmaster@destination-sudcorse.com"
    ],
    "schema:legalName": "Porto Vecchio Tourisme",
    "@type": [
      "schema:Organization",
      "foaf:Agent",
      "Agent"
    ],
    "foaf:homepage": [
      "http://www.ot-portovecchio.com/"
    ]
  },
  "hasBeenPublishedBy": [
    {
      "@id": "https://data.datatourisme.fr/8a9feb4b-2cbd-3d2c-b507-bd6c6776b23b",
      "schema:legalName": "Apidae Tourisme Scic SA - source : Apidae Tourisme",
      "@type": [
        "schema:Organization",
        "foaf:Agent",
        "Agent"
      ],
      "foaf:homepage": [
        "https://www.apidae-tourisme.com/"
      ]
    }
  ],
  "hasContact": [
    {
      "@id": "https://data.datatourisme.fr/d0bd7592-e885-38e9-93ef-7989f371c1dd",
      "schema:email": [
        "contact@domaine-tanella.com"
      ],
      "schema:telephone": [
        "+33 4 95 70 46 23"
      ],
      "@type": [
        "foaf:Agent",
        "Agent"
      ],
      "foaf:homepage": [
        "http://www.domaine-tanella.com/"
      ]
    }
  ],
  "hasDescription": [
    {
      "@id": "https://data.datatourisme.fr/8e31bc22-7ad3-3eb2-885c-129ba89a6fff",
      "@type": [
        "Description"
      ],
      "hasTranslatedProperty": [
        {
          "@id": "https://data.datatourisme.fr/855a2d89-54cb-3a58-a1e7-249b6724407a",
          "dc:contributor": [
            "https://api.deepl.com/v2/translate"
          ],
          "rdf:language": [
            "es"
          ],
          "rdf:predicate": [
            "shortDescription"
          ]
        }
      ],
      "shortDescription": {
        "de": [
          "Weinhersteller AOC Figari"
        ],
        "en": [
          "Wine producer AOC Figari"
        ],
        "it": [
          "Produttore di vino DOC Figari"
        ],
        "fr": [
          "Jean-Baptiste et ses enfants, viticulteurs et éleveurs de brebis, mêlent tradition et innovation pour proposer des vins et des fromages de qualité chaque année.\r\nDégustation et vente directe au caveau de Figari toute l’année."
        ],
        "nl": [
          "Wijnproducent AOC Figari"
        ],
        "es": [
          "Jean-Baptiste y sus hijos, viticultores y criadores de ovejas, combinan tradición e innovación para ofrecer cada año vinos y quesos de calidad.\r\nDegustación y venta directa en la bodega de Figari durante todo el año."
        ]
      }
    }
  ],
  "hasTranslatedProperty": [
    {
      "@id": "https://data.datatourisme.fr/d56648dc-6e20-3bcd-a874-451b8cfc29c1",
      "dc:contributor": [
        "https://api.deepl.com/v2/translate"
      ],
      "rdf:language": [
        "es"
      ],
      "rdf:predicate": [
        {
          "@id": "rdfs:comment"
        }
      ]
    }
  ],
  "isLocatedAt": [
    {
      "@id": "https://data.datatourisme.fr/e4ba8b0d-9479-377a-8c8c-370e75035898",
      "schema:address": [
        {
          "@id": "https://data.datatourisme.fr/1df9e96d-0918-3896-b94c-d389d493235d",
          "schema:addressLocality": "Porto-Vecchio",
          "schema:postalCode": "20137",
          "schema:streetAddress": [
            "20114 Figari et",
            "Route de Bonifacio",
            "Route principale"
          ],
          "@type": [
            "schema:PostalAddress",
            "PostalAddress"
          ],
          "hasAddressCity": {
            "@id": "kb:2A247",
            "@type": [
              "City"
            ],
            "rdfs:label": {
              "en": [
                "Porto-Vecchio"
              ],
              "fr": [
                "Porto-Vecchio"
              ]
            },
            "insee": "2A247",
            "isPartOfDepartment": {
              "@id": "kb:France942A",
              "@type": [
                "Department"
              ],
              "rdfs:label": {
                "en": [
                  "Corse-du-Sud"
                ],
                "fr": [
                  "Corse-du-Sud"
                ]
              },
              "insee": "2A",
              "isPartOfRegion": {
                "@id": "kb:France94",
                "@type": [
                  "Region"
                ],
                "rdfs:label": {
                  "en": [
                    "Corse"
                  ],
                  "fr": [
                    "Corse"
                  ]
                },
                "insee": "94",
                "isPartOfCountry": {
                  "@id": "kb:France",
                  "@type": [
                    "schema:Country"
                  ],
                  "rdfs:label": {
                    "de": [
                      "Frankreich"
                    ],
                    "pt": [
                      "França"
                    ],
                    "en": [
                      "France"
                    ],
                    "it": [
                      "Francia"
                    ],
                    "fr": [
                      "France"
                    ],
                    "nl": [
                      "Frankrijk"
                    ],
                    "es": [
                      "Francia"
                    ]
                  }
                }
              }
            }
          }
        }
      ],
      "schema:geo": {
        "@id": "https://data.datatourisme.fr/c492f595-45ca-3f0e-9f44-bb701cca3124",
        "schema:latitude": "41.489638",
        "schema:longitude": "9.131607",
        "@type": [
          "schema:GeoCoordinates"
        ]
      },
      "schema:openingHoursSpecification": [
        {
          "@id": "https://data.datatourisme.fr/a447488e-6842-3dba-a34e-79d7240d0439",
          "schema:closes": "18:30:00",
          "schema:opens": "09:00:00",
          "schema:validFrom": "2023-01-01T00:00:00",
          "schema:validThrough": "2023-12-31T23:59:59",
          "@type": [
            "schema:OpeningHoursSpecification"
          ],
          "additionalInformation": {
            "de": [
              "Dienstag, Mittwoch, Donnerstag, Freitag, Samstag: geöffnet\r\nVom 01.10.2022 bis zum 30.05.2023\r\nVon 9.00 bis 12.30 Uhr und von 15.00 bis 18.30 Uhr\r\nVariable Öffnungszeiten je nach Saison, bitte auf unserer Website www.domaine-tanella.com überprüfen"
            ],
            "en": [
              "Tuesday, Wednesday, Thursday, Friday, Saturday: open\r\nFrom 01/10/2022 to 30/05/2023\r\nFrom 9:00 am to 12:30 pm and from 3:00 pm to 6:30 pm\r\nOpening hours vary according to the season, please check our website www.domaine-tanella.com"
            ],
            "it": [
              "Martedì, mercoledì, giovedì, venerdì, sabato: aperto\r\nDal 01/10/2022 al 30/05/2023 \r\nDalle 9:00 alle 12:30 e dalle 15:00 alle 18:30\r\nGli orari di apertura variano a seconda della stagione, si prega di consultare il nostro sito web www.domaine-tanella.com"
            ],
            "fr": [
              "Mardi, Mercredi, Jeudi, Vendredi, Samedi : ouvert\r\nDu 01/10/2022 au 30/05/2023 : \r\nDe 9h00 à 12h30 et de 15h00 à 18h30\r\nHoraires variables en fonction des saisons, à vérifier sur notre site internet www.domaine-tanella.com"
            ],
            "es": [
              "Martes, miércoles, jueves, viernes y sábado: abierto\r\nDel 01/10/2022 al 30/05/2023 \r\nDe 9:00 a 12:30 y de 15:00 a 18:30\r\nLos horarios de apertura varían según la temporada, consulte nuestra página web www.domaine-tanella.com"
            ],
            "nl": [
              "Dinsdag, woensdag, donderdag, vrijdag, zaterdag: open\r\nVan 01/10/2022 tot 30/05/2023 \r\nVan 9:00 tot 12:30 en van 15:00 tot 18:30\r\nDe openingstijden variëren naargelang het seizoen, kijk op onze website www.domaine-tanella.com"
            ]
          },
          "hasTranslatedProperty": [
            {
              "@id": "https://data.datatourisme.fr/02ed9c7b-3635-31c5-92ec-52939e2d09a2",
              "dc:contributor": [
                "https://api.deepl.com/v2/translate"
              ],
              "rdf:language": [
                "de"
              ],
              "rdf:predicate": [
                "additionalInformation"
              ]
            },
            {
              "@id": "https://data.datatourisme.fr/82608e9d-f74e-3f46-8458-e82af2ccb45f",
              "dc:contributor": [
                "https://api.deepl.com/v2/translate"
              ],
              "rdf:language": [
                "en"
              ],
              "rdf:predicate": [
                "additionalInformation"
              ]
            },
            {
              "@id": "https://data.datatourisme.fr/acedec52-a7fc-3eb5-bcba-3b9b93c4d478",
              "dc:contributor": [
                "https://api.deepl.com/v2/translate"
              ],
              "rdf:language": [
                "it"
              ],
              "rdf:predicate": [
                "additionalInformation"
              ]
            },
            {
              "@id": "https://data.datatourisme.fr/ad161507-25a0-3a46-8308-827b175da171",
              "dc:contributor": [
                "https://api.deepl.com/v2/translate"
              ],
              "rdf:language": [
                "nl"
              ],
              "rdf:predicate": [
                "additionalInformation"
              ]
            },
            {
              "@id": "https://data.datatourisme.fr/d18fa311-a3b5-3ccd-ae86-9625ce5c8457",
              "dc:contributor": [
                "https://api.deepl.com/v2/translate"
              ],
              "rdf:language": [
                "es"
              ],
              "rdf:predicate": [
                "additionalInformation"
              ]
            }
          ]
        }
      ],
      "@type": [
        "schema:Place",
        "Place"
      ]
    }
  ],
  "isOwnedBy": [
    {
      "@id": "https://data.datatourisme.fr/f5f950f9-5eec-32b4-a357-2c969ccf4068",
      "schema:email": [
        "camillef.omt@gmail.com",
        "direction@destination-sudcorse.com",
        "gestion@destination-sudcorse.com",
        "promotion@destination-sudcorse.com",
        "webmaster@destination-sudcorse.com"
      ],
      "schema:legalName": "Porto Vecchio Tourisme",
      "@type": [
        "schema:Organization",
        "foaf:Agent",
        "Agent"
      ],
      "foaf:homepage": [
        "http://www.ot-portovecchio.com/"
      ]
    }
  ],
  "lastUpdate": "2023-01-18",
  "lastUpdateDatatourisme": "2023-02-01T18:07:36.164Z"
}