{
  "@id": "https://data.datatourisme.fr/13/4509e1a6-404e-33b0-9b9e-c36cbc95e52a",
  "dc:identifier": "5433100",
  "@type": [
    "schema:FoodEstablishment",
    "FoodEstablishment",
    "PlaceOfInterest",
    "PointOfInterest"
  ],
  "rdfs:comment": {
    "de": [
      "Die Brasserie du Port in L'Ile-Rousse bietet Ihnen einen geselligen Zwischenstopp für Ihre Entspannungsmomente und kulinarischen Genüsse. Sie haben den ganzen Tag über geöffnet und können eine Kaffeepause einlegen oder Ihre Mahlzeit in diesem Lokal am Hafen der Stadt einnehmen."
    ],
    "en": [
      "Brasserie du Port in Ile Rousse, a friendly stop for moments of relaxation and gastronomy. Open all-day long, have a coffee break or a nice meal in the port area."
    ],
    "it": [
      "La Brasserie du Port de L'Ile-Rousse vi offre una sosta accogliente per i vostri momenti di relax e gastronomia. Aperto tutto il giorno, scegliete una pausa caffè o un pasto in questo locale sul porto della città."
    ],
    "fr": [
      "La Brasserie du Port de L'Ile-Rousse vous propose une escale conviviale pour vos moments de détente et de gastronomie. Ouvert toute la journée, choisissez la pause café ou de prendre votre repas dans ce lieu posé sur le port de la ville."
    ],
    "es": [
      "La Brasserie du Port de L'Ile-Rousse le ofrece una parada acogedora para sus momentos de relax y gastronomía. Abierto todo el día, elija una pausa para el café o coma en este lugar del puerto de la ciudad."
    ],
    "nl": [
      "De Brasserie du Port de L'Ile-Rousse biedt u een gezellige tussenstop voor uw momenten van ontspanning en gastronomie. De hele dag geopend, kies voor een koffiepauze of een maaltijd in deze plek aan de haven van de stad."
    ]
  },
  "rdfs:label": {
    "fr": [
      "La Brasserie du Port"
    ]
  },
  "hasBeenCreatedBy": {
    "@id": "https://data.datatourisme.fr/13/8d420fa3-5754-31f1-8199-69c88780314d",
    "dc:identifier": "1647",
    "schema:email": [
      "web@ileroussetourisme.com"
    ],
    "schema:legalName": "Office de Tourisme Intercommunal de L'Ile Rousse-Balagne",
    "@type": [
      "schema:Organization",
      "foaf:Agent",
      "Agent"
    ],
    "foaf:homepage": [
      "https://www.balagne-corsica.com/"
    ]
  },
  "hasBeenPublishedBy": [
    {
      "@id": "https://data.datatourisme.fr/8a9feb4b-2cbd-3d2c-b507-bd6c6776b23b",
      "schema:legalName": "Apidae Tourisme Scic SA - source : Apidae Tourisme",
      "@type": [
        "schema:Organization",
        "foaf:Agent",
        "Agent"
      ],
      "foaf:homepage": [
        "https://www.apidae-tourisme.com/"
      ]
    }
  ],
  "hasContact": [
    {
      "@id": "https://data.datatourisme.fr/b7980aa0-75e3-3676-8569-5fc41e7dd296",
      "schema:email": [
        "bdp1@orange.fr"
      ],
      "schema:telephone": [
        "+33 4 95 36 19 50",
        "+33 9 71 21 19 50"
      ],
      "@type": [
        "foaf:Agent",
        "Agent"
      ]
    }
  ],
  "hasDescription": [
    {
      "@id": "https://data.datatourisme.fr/8c8dd60b-6ca7-3fc7-8657-359c94120e9e",
      "@type": [
        "Description"
      ],
      "hasTranslatedProperty": [
        {
          "@id": "https://data.datatourisme.fr/5790dbd7-84f9-3780-9414-842389099fa5",
          "dc:contributor": [
            "https://api.deepl.com/v2/translate"
          ],
          "rdf:language": [
            "it"
          ],
          "rdf:predicate": [
            "shortDescription"
          ]
        },
        {
          "@id": "https://data.datatourisme.fr/5aa8fd63-7878-3236-9cc2-681e3db62b74",
          "dc:contributor": [
            "https://api.deepl.com/v2/translate"
          ],
          "rdf:language": [
            "es"
          ],
          "rdf:predicate": [
            "shortDescription"
          ]
        },
        {
          "@id": "https://data.datatourisme.fr/7cc79616-cb4e-3d9c-9236-b70017391249",
          "dc:contributor": [
            "https://api.deepl.com/v2/translate"
          ],
          "rdf:language": [
            "de"
          ],
          "rdf:predicate": [
            "shortDescription"
          ]
        },
        {
          "@id": "https://data.datatourisme.fr/a06d8d63-fa1d-3dc9-b24a-f194d1843f40",
          "dc:contributor": [
            "https://api.deepl.com/v2/translate"
          ],
          "rdf:language": [
            "nl"
          ],
          "rdf:predicate": [
            "shortDescription"
          ]
        }
      ],
      "shortDescription": {
        "de": [
          "Die Brasserie du Port in L'Ile-Rousse bietet Ihnen einen geselligen Zwischenstopp für Ihre Entspannungsmomente und kulinarischen Genüsse. Sie haben den ganzen Tag über geöffnet und können eine Kaffeepause einlegen oder Ihre Mahlzeit in diesem Lokal am Hafen der Stadt einnehmen."
        ],
        "en": [
          "Brasserie du Port in Ile Rousse, a friendly stop for moments of relaxation and gastronomy. Open all-day long, have a coffee break or a nice meal in the port area."
        ],
        "it": [
          "La Brasserie du Port de L'Ile-Rousse vi offre una sosta accogliente per i vostri momenti di relax e gastronomia. Aperto tutto il giorno, scegliete una pausa caffè o un pasto in questo locale sul porto della città."
        ],
        "fr": [
          "La Brasserie du Port de L'Ile-Rousse vous propose une escale conviviale pour vos moments de détente et de gastronomie. Ouvert toute la journée, choisissez la pause café ou de prendre votre repas dans ce lieu posé sur le port de la ville."
        ],
        "es": [
          "La Brasserie du Port de L'Ile-Rousse le ofrece una parada acogedora para sus momentos de relax y gastronomía. Abierto todo el día, elija una pausa para el café o coma en este lugar del puerto de la ciudad."
        ],
        "nl": [
          "De Brasserie du Port de L'Ile-Rousse biedt u een gezellige tussenstop voor uw momenten van ontspanning en gastronomie. De hele dag geopend, kies voor een koffiepauze of een maaltijd in deze plek aan de haven van de stad."
        ]
      }
    }
  ],
  "hasTheme": [
    {
      "@id": "kb:MediterraneanCuisine",
      "@type": [
        "CuisineCategory"
      ],
      "rdfs:label": {
        "de": [
          "Mediterrane Küche"
        ],
        "pt": [
          "Cozinha mediterrânica"
        ],
        "en": [
          "Mediterranean cuisine"
        ],
        "it": [
          "Cucina mediterranea"
        ],
        "fr": [
          "Cuisine méditerranéenne"
        ],
        "nl": [
          "Mediterrane keuken"
        ],
        "es": [
          "Cocina mediterránea"
        ]
      }
    }
  ],
  "hasTranslatedProperty": [
    {
      "@id": "https://data.datatourisme.fr/3a9b1728-d03d-310d-93a2-9f08e2fbac63",
      "dc:contributor": [
        "https://api.deepl.com/v2/translate"
      ],
      "rdf:language": [
        "it"
      ],
      "rdf:predicate": [
        {
          "@id": "rdfs:comment"
        }
      ]
    },
    {
      "@id": "https://data.datatourisme.fr/72be33c9-3ebc-3fae-b0ce-cc5598d3aba5",
      "dc:contributor": [
        "https://api.deepl.com/v2/translate"
      ],
      "rdf:language": [
        "de"
      ],
      "rdf:predicate": [
        {
          "@id": "rdfs:comment"
        }
      ]
    },
    {
      "@id": "https://data.datatourisme.fr/88a6069f-9814-397c-97be-cfda3a0661c6",
      "dc:contributor": [
        "https://api.deepl.com/v2/translate"
      ],
      "rdf:language": [
        "nl"
      ],
      "rdf:predicate": [
        {
          "@id": "rdfs:comment"
        }
      ]
    },
    {
      "@id": "https://data.datatourisme.fr/fb613f89-4245-33e9-a820-7f8448ac014c",
      "dc:contributor": [
        "https://api.deepl.com/v2/translate"
      ],
      "rdf:language": [
        "es"
      ],
      "rdf:predicate": [
        {
          "@id": "rdfs:comment"
        }
      ]
    }
  ],
  "isLocatedAt": [
    {
      "@id": "https://data.datatourisme.fr/bd7a92db-3a1a-328d-b37b-bbb2ced9fd48",
      "schema:address": [
        {
          "@id": "https://data.datatourisme.fr/d363d54b-b17b-3c55-9ece-31811155c289",
          "schema:addressLocality": "L'Île-Rousse",
          "schema:postalCode": "20220",
          "schema:streetAddress": [
            "Port"
          ],
          "@type": [
            "schema:PostalAddress",
            "PostalAddress"
          ],
          "hasAddressCity": {
            "@id": "kb:2B134",
            "@type": [
              "City"
            ],
            "rdfs:label": {
              "en": [
                "L'Île-Rousse"
              ],
              "fr": [
                "L'Île-Rousse"
              ]
            },
            "insee": "2B134",
            "isPartOfDepartment": {
              "@id": "kb:France942B",
              "@type": [
                "Department"
              ],
              "rdfs:label": {
                "en": [
                  "Haute-Corse"
                ],
                "fr": [
                  "Haute-Corse"
                ]
              },
              "insee": "2B",
              "isPartOfRegion": {
                "@id": "kb:France94",
                "@type": [
                  "Region"
                ],
                "rdfs:label": {
                  "en": [
                    "Corse"
                  ],
                  "fr": [
                    "Corse"
                  ]
                },
                "insee": "94",
                "isPartOfCountry": {
                  "@id": "kb:France",
                  "@type": [
                    "schema:Country"
                  ],
                  "rdfs:label": {
                    "de": [
                      "Frankreich"
                    ],
                    "pt": [
                      "França"
                    ],
                    "en": [
                      "France"
                    ],
                    "it": [
                      "Francia"
                    ],
                    "fr": [
                      "France"
                    ],
                    "nl": [
                      "Frankrijk"
                    ],
                    "es": [
                      "Francia"
                    ]
                  }
                }
              }
            }
          }
        }
      ],
      "schema:geo": {
        "@id": "https://data.datatourisme.fr/96581ccf-2181-38ef-9bdf-525a19015353",
        "schema:latitude": "42.642169",
        "schema:longitude": "8.937195",
        "@type": [
          "schema:GeoCoordinates"
        ]
      },
      "schema:openingHoursSpecification": [
        {
          "@id": "https://data.datatourisme.fr/9ba327b4-6794-32ae-a658-4832323baa83",
          "schema:validFrom": "2023-01-01T00:00:00",
          "schema:validThrough": "2023-12-31T23:59:59",
          "@type": [
            "schema:OpeningHoursSpecification"
          ],
          "additionalInformation": {
            "de": [
              "Am Abend des 24. Dezember geschlossen."
            ],
            "en": [
              "Closed on the evening of December 24th."
            ],
            "it": [
              "Chiuso la sera del 24 dicembre."
            ],
            "fr": [
              "Fermeture le soir du 24 décembre."
            ],
            "nl": [
              "Gesloten op de avond van 24 december."
            ],
            "es": [
              "Cerrado el 24 de diciembre por la noche."
            ]
          },
          "hasTranslatedProperty": [
            {
              "@id": "https://data.datatourisme.fr/38e61d1c-1c35-31d0-8d89-2d5989d4d092",
              "dc:contributor": [
                "https://api.deepl.com/v2/translate"
              ],
              "rdf:language": [
                "en"
              ],
              "rdf:predicate": [
                "additionalInformation"
              ]
            },
            {
              "@id": "https://data.datatourisme.fr/4e470c3e-b483-3ca4-a420-cba3fa602930",
              "dc:contributor": [
                "https://api.deepl.com/v2/translate"
              ],
              "rdf:language": [
                "it"
              ],
              "rdf:predicate": [
                "additionalInformation"
              ]
            },
            {
              "@id": "https://data.datatourisme.fr/52f59a10-0fe6-3282-8c5b-f8623d2d632a",
              "dc:contributor": [
                "https://api.deepl.com/v2/translate"
              ],
              "rdf:language": [
                "es"
              ],
              "rdf:predicate": [
                "additionalInformation"
              ]
            },
            {
              "@id": "https://data.datatourisme.fr/613b385a-4696-3e08-bc1c-6bcc72d2604c",
              "dc:contributor": [
                "https://api.deepl.com/v2/translate"
              ],
              "rdf:language": [
                "de"
              ],
              "rdf:predicate": [
                "additionalInformation"
              ]
            },
            {
              "@id": "https://data.datatourisme.fr/d671effd-6a86-3169-9646-0ddbca54d372",
              "dc:contributor": [
                "https://api.deepl.com/v2/translate"
              ],
              "rdf:language": [
                "nl"
              ],
              "rdf:predicate": [
                "additionalInformation"
              ]
            }
          ]
        }
      ],
      "@type": [
        "schema:Place",
        "Place"
      ]
    }
  ],
  "isOwnedBy": [
    {
      "@id": "https://data.datatourisme.fr/252af22a-253d-33df-b9d7-204832749402",
      "schema:email": [
        "web@ileroussetourisme.com"
      ],
      "schema:legalName": "Office de Tourisme Intercommunal de L'Ile Rousse-Balagne",
      "@type": [
        "schema:Organization",
        "foaf:Agent",
        "Agent"
      ],
      "foaf:homepage": [
        "https://www.balagne-corsica.com/"
      ]
    }
  ],
  "lastUpdate": "2021-02-15",
  "lastUpdateDatatourisme": "2023-04-04T05:52:39.241Z",
  "offers": [
    {
      "@id": "https://data.datatourisme.fr/3fb23f21-c6e5-3f8b-bb7f-c87b6332c916",
      "schema:priceSpecification": [
        {
          "@id": "https://data.datatourisme.fr/85bbbc0a-d38e-32ef-8740-88ae16a4c585",
          "schema:maxPrice": [
            "12",
            "19",
            "31",
            "4.5",
            "55"
          ],
          "schema:minPrice": [
            "1.2",
            "13.5",
            "15",
            "19.9",
            "3.5",
            "31",
            "39",
            "7.5"
          ],
          "schema:priceCurrency": "EUR",
          "@type": [
            "schema:PriceSpecification",
            "PriceSpecification"
          ],
          "appliesOnPeriod": [
            {
              "@id": "https://data.datatourisme.fr/7410be00-ef25-3af2-bd96-7819d148586f",
              "@type": [
                "Period"
              ],
              "endDate": "2021-12-31",
              "startDate": "2021-01-01"
            }
          ]
        }
      ],
      "@type": [
        "schema:Offer",
        "Offer"
      ]
    }
  ],
  "providesCuisineOfType": [
    {
      "@id": "kb:MediterraneanCuisine",
      "@type": [
        "CuisineCategory"
      ],
      "rdfs:label": {
        "de": [
          "Mediterrane Küche"
        ],
        "pt": [
          "Cozinha mediterrânica"
        ],
        "en": [
          "Mediterranean cuisine"
        ],
        "it": [
          "Cucina mediterranea"
        ],
        "fr": [
          "Cuisine méditerranéenne"
        ],
        "nl": [
          "Mediterrane keuken"
        ],
        "es": [
          "Cocina mediterránea"
        ]
      }
    }
  ]
}