{
  "@id": "https://data.datatourisme.fr/13/527945b4-a291-367d-833e-96ff6d378441",
  "dc:identifier": "5131524",
  "@type": [
    "schema:FoodEstablishment",
    "FoodEstablishment",
    "PlaceOfInterest",
    "PointOfInterest"
  ],
  "rdfs:comment": {
    "de": [
      "Ein kleines Café und Restaurant mit Blick auf das Meer in einem der typischsten Dörfer der Balagne, wo Essen und Trinken auf Qualität und Einfachheit reimt."
    ],
    "en": [
      "A Casarella is a lovely Café-tapas facing the sea, set in one of the most picturesque villages in Balagne. There, you feel that drinking and eating are synonymous of quality and simplicity."
    ],
    "it": [
      "Un piccolo caffè-tapas di fronte al mare in uno dei villaggi più tipici della Balagne, dove bere e mangiare fanno rima con qualità e semplicità."
    ],
    "fr": [
      "Un petit café-tapas face à la mer dans un des villages le plus typiques de Balagne, où boire et manger riment avec qualité et simplicité."
    ],
    "es": [
      "Un pequeño café-tapas frente al mar en uno de los pueblos más típicos de Balagne, donde beber y comer rima con calidad y sencillez."
    ],
    "nl": [
      "Een klein café-tapas met uitzicht op zee in een van de meest typische dorpen van Balagne, waar drinken en eten rijmen met kwaliteit en eenvoud."
    ]
  },
  "rdfs:label": {
    "fr": [
      "A Casarella"
    ]
  },
  "hasBeenCreatedBy": {
    "@id": "https://data.datatourisme.fr/13/8d420fa3-5754-31f1-8199-69c88780314d",
    "dc:identifier": "1647",
    "schema:email": [
      "web@ileroussetourisme.com"
    ],
    "schema:legalName": "Office de Tourisme Intercommunal de L'Ile Rousse-Balagne",
    "@type": [
      "schema:Organization",
      "foaf:Agent",
      "Agent"
    ],
    "foaf:homepage": [
      "https://www.balagne-corsica.com/"
    ]
  },
  "hasBeenPublishedBy": [
    {
      "@id": "https://data.datatourisme.fr/8a9feb4b-2cbd-3d2c-b507-bd6c6776b23b",
      "schema:legalName": "Apidae Tourisme Scic SA - source : Apidae Tourisme",
      "@type": [
        "schema:Organization",
        "foaf:Agent",
        "Agent"
      ],
      "foaf:homepage": [
        "https://www.apidae-tourisme.com/"
      ]
    }
  ],
  "hasContact": [
    {
      "@id": "https://data.datatourisme.fr/8234e022-2231-3a5a-97d5-816ad774fb56",
      "schema:telephone": [
        "+33 4 95 61 78 08"
      ],
      "@type": [
        "foaf:Agent",
        "Agent"
      ],
      "foaf:homepage": [
        "https://a-casarella.fr/"
      ]
    }
  ],
  "hasDescription": [
    {
      "@id": "https://data.datatourisme.fr/2993f12e-32fb-3bfd-b49a-6c541093900b",
      "@type": [
        "Description"
      ],
      "hasTranslatedProperty": [
        {
          "@id": "https://data.datatourisme.fr/2e6f4d3b-11ee-35fa-96b3-667d60bc665d",
          "dc:contributor": [
            "https://api.deepl.com/v2/translate"
          ],
          "rdf:language": [
            "de"
          ],
          "rdf:predicate": [
            "shortDescription"
          ]
        },
        {
          "@id": "https://data.datatourisme.fr/37a53b23-bb5a-3089-bb94-3120684de966",
          "dc:contributor": [
            "https://api.deepl.com/v2/translate"
          ],
          "rdf:language": [
            "nl"
          ],
          "rdf:predicate": [
            "shortDescription"
          ]
        },
        {
          "@id": "https://data.datatourisme.fr/abe1de56-6975-3233-abf0-df09eb5dbd2f",
          "dc:contributor": [
            "https://api.deepl.com/v2/translate"
          ],
          "rdf:language": [
            "es"
          ],
          "rdf:predicate": [
            "shortDescription"
          ]
        }
      ],
      "shortDescription": {
        "de": [
          "Ein kleines Café und Restaurant mit Blick auf das Meer in einem der typischsten Dörfer der Balagne, wo Essen und Trinken auf Qualität und Einfachheit reimt."
        ],
        "en": [
          "A Casarella is a lovely Café-tapas facing the sea, set in one of the most picturesque villages in Balagne. There, you feel that drinking and eating are synonymous of quality and simplicity."
        ],
        "it": [
          "Un piccolo caffè-tapas di fronte al mare in uno dei villaggi più tipici della Balagne, dove bere e mangiare fanno rima con qualità e semplicità."
        ],
        "fr": [
          "Un petit café-tapas face à la mer dans un des villages le plus typiques de Balagne, où boire et manger riment avec qualité et simplicité."
        ],
        "es": [
          "Un pequeño café-tapas frente al mar en uno de los pueblos más típicos de Balagne, donde beber y comer rima con calidad y sencillez."
        ],
        "nl": [
          "Een klein café-tapas met uitzicht op zee in een van de meest typische dorpen van Balagne, waar drinken en eten rijmen met kwaliteit en eenvoud."
        ]
      }
    }
  ],
  "hasTheme": [
    {
      "@id": "kb:MediterraneanCuisine",
      "@type": [
        "CuisineCategory"
      ],
      "rdfs:label": {
        "de": [
          "Mediterrane Küche"
        ],
        "pt": [
          "Cozinha mediterrânica"
        ],
        "en": [
          "Mediterranean cuisine"
        ],
        "it": [
          "Cucina mediterranea"
        ],
        "fr": [
          "Cuisine méditerranéenne"
        ],
        "nl": [
          "Mediterrane keuken"
        ],
        "es": [
          "Cocina mediterránea"
        ]
      }
    }
  ],
  "hasTranslatedProperty": [
    {
      "@id": "https://data.datatourisme.fr/58f9c218-7b71-3f78-9272-7428ee6f77f1",
      "dc:contributor": [
        "https://api.deepl.com/v2/translate"
      ],
      "rdf:language": [
        "nl"
      ],
      "rdf:predicate": [
        {
          "@id": "rdfs:comment"
        }
      ]
    },
    {
      "@id": "https://data.datatourisme.fr/ceae0469-8373-3ace-9997-2ba55c65a867",
      "dc:contributor": [
        "https://api.deepl.com/v2/translate"
      ],
      "rdf:language": [
        "de"
      ],
      "rdf:predicate": [
        {
          "@id": "rdfs:comment"
        }
      ]
    },
    {
      "@id": "https://data.datatourisme.fr/d4322100-978c-36ac-b33a-f07257b954f4",
      "dc:contributor": [
        "https://api.deepl.com/v2/translate"
      ],
      "rdf:language": [
        "es"
      ],
      "rdf:predicate": [
        {
          "@id": "rdfs:comment"
        }
      ]
    }
  ],
  "isLocatedAt": [
    {
      "@id": "https://data.datatourisme.fr/7e75b959-5f03-3925-bed0-e4b7cdf5c0d8",
      "schema:address": [
        {
          "@id": "https://data.datatourisme.fr/68a58fe7-de29-3dba-aeb3-a84cadd82166",
          "schema:addressLocality": "Pigna",
          "schema:postalCode": "20220",
          "schema:streetAddress": [
            "20220",
            "Stretta di de Franchi"
          ],
          "@type": [
            "schema:PostalAddress",
            "PostalAddress"
          ],
          "hasAddressCity": {
            "@id": "kb:2B231",
            "@type": [
              "City"
            ],
            "rdfs:label": {
              "en": [
                "Pigna"
              ],
              "fr": [
                "Pigna"
              ]
            },
            "insee": "2B231",
            "isPartOfDepartment": {
              "@id": "kb:France942B",
              "@type": [
                "Department"
              ],
              "rdfs:label": {
                "en": [
                  "Haute-Corse"
                ],
                "fr": [
                  "Haute-Corse"
                ]
              },
              "insee": "2B",
              "isPartOfRegion": {
                "@id": "kb:France94",
                "@type": [
                  "Region"
                ],
                "rdfs:label": {
                  "en": [
                    "Corse"
                  ],
                  "fr": [
                    "Corse"
                  ]
                },
                "insee": "94",
                "isPartOfCountry": {
                  "@id": "kb:France",
                  "@type": [
                    "schema:Country"
                  ],
                  "rdfs:label": {
                    "de": [
                      "Frankreich"
                    ],
                    "pt": [
                      "França"
                    ],
                    "en": [
                      "France"
                    ],
                    "it": [
                      "Francia"
                    ],
                    "fr": [
                      "France"
                    ],
                    "nl": [
                      "Frankrijk"
                    ],
                    "es": [
                      "Francia"
                    ]
                  }
                }
              }
            }
          }
        }
      ],
      "schema:geo": {
        "@id": "https://data.datatourisme.fr/cdad6fa1-6c78-3b3f-8540-193feebfa1f7",
        "schema:latitude": "42.599212",
        "schema:longitude": "8.90186",
        "@type": [
          "schema:GeoCoordinates"
        ]
      },
      "schema:openingHoursSpecification": [
        {
          "@id": "https://data.datatourisme.fr/b869bdd0-1a76-3dcc-b849-e146379b9e9e",
          "schema:closes": "22:00:00",
          "schema:opens": "10:30:00",
          "schema:validFrom": "2023-04-09T00:00:00",
          "schema:validThrough": "2023-10-31T23:59:59",
          "@type": [
            "schema:OpeningHoursSpecification"
          ],
          "additionalInformation": {
            "de": [
              "Die Zeiten können sich dem Wetter anpassen. Weitere Informationen unter 04 95 61 78 08 oder auf unserem Instagram-Account @a_casarella_pigna"
            ],
            "en": [
              "Schedules can be adapted to the weather. More details on 04 95 61 78 08 or on our Instagram account @a_casarella_pigna"
            ],
            "it": [
              "Gli orari possono essere adattati alle condizioni meteorologiche. Maggiori informazioni al numero 04 95 61 78 08 o sul nostro account Instagram @a_casarella_pigna"
            ],
            "fr": [
              "Les horaires peuvent s'adapter à la météo. Plus de précision au 04 95 61 78 08 ou sur notre compte Instagram  @a_casarella_pigna"
            ],
            "nl": [
              "Schema's kunnen worden aangepast aan het weer. Meer informatie op 04 95 61 78 08 of op ons Instagram-account @a_casarella_pigna"
            ],
            "es": [
              "Los horarios pueden adaptarse a las condiciones meteorológicas. Más información en el 04 95 61 78 08 o en nuestra cuenta de Instagram @a_casarella_pigna"
            ]
          },
          "hasTranslatedProperty": [
            {
              "@id": "https://data.datatourisme.fr/34ec5ee3-b9f4-3739-bafa-877e584867f6",
              "dc:contributor": [
                "https://api.deepl.com/v2/translate"
              ],
              "rdf:language": [
                "it"
              ],
              "rdf:predicate": [
                "additionalInformation"
              ]
            },
            {
              "@id": "https://data.datatourisme.fr/42be8d42-2496-3e96-8327-112cb729545f",
              "dc:contributor": [
                "https://api.deepl.com/v2/translate"
              ],
              "rdf:language": [
                "de"
              ],
              "rdf:predicate": [
                "additionalInformation"
              ]
            },
            {
              "@id": "https://data.datatourisme.fr/e7854bc3-cadc-361c-95c4-2881c61f7bc2",
              "dc:contributor": [
                "https://api.deepl.com/v2/translate"
              ],
              "rdf:language": [
                "es"
              ],
              "rdf:predicate": [
                "additionalInformation"
              ]
            },
            {
              "@id": "https://data.datatourisme.fr/e81492c9-b662-3f5e-ab0f-8433fa1822ce",
              "dc:contributor": [
                "https://api.deepl.com/v2/translate"
              ],
              "rdf:language": [
                "nl"
              ],
              "rdf:predicate": [
                "additionalInformation"
              ]
            },
            {
              "@id": "https://data.datatourisme.fr/fc6ca101-378f-314d-bf22-932358dcf217",
              "dc:contributor": [
                "https://api.deepl.com/v2/translate"
              ],
              "rdf:language": [
                "en"
              ],
              "rdf:predicate": [
                "additionalInformation"
              ]
            }
          ]
        }
      ],
      "@type": [
        "schema:Place",
        "Place"
      ]
    }
  ],
  "isOwnedBy": [
    {
      "@id": "https://data.datatourisme.fr/252af22a-253d-33df-b9d7-204832749402",
      "schema:email": [
        "web@ileroussetourisme.com"
      ],
      "schema:legalName": "Office de Tourisme Intercommunal de L'Ile Rousse-Balagne",
      "@type": [
        "schema:Organization",
        "foaf:Agent",
        "Agent"
      ],
      "foaf:homepage": [
        "https://www.balagne-corsica.com/"
      ]
    }
  ],
  "lastUpdate": "2023-01-25",
  "lastUpdateDatatourisme": "2023-02-01T18:07:35.642Z",
  "offers": [
    {
      "@id": "https://data.datatourisme.fr/8646056e-0387-3078-8b14-bc6533f82fe4",
      "schema:priceSpecification": [
        {
          "@id": "https://data.datatourisme.fr/fd136086-5d89-330a-be5f-ad51b80d9046",
          "schema:maxPrice": [
            "9.5"
          ],
          "schema:minPrice": [
            "8"
          ],
          "schema:priceCurrency": "EUR",
          "@type": [
            "schema:PriceSpecification",
            "PriceSpecification"
          ],
          "appliesOnPeriod": [
            {
              "@id": "https://data.datatourisme.fr/af712da3-10f4-320a-8b9f-6089c9194a6b",
              "@type": [
                "Period"
              ],
              "endDate": "2023-10-31",
              "startDate": "2023-04-09"
            }
          ]
        }
      ],
      "@type": [
        "schema:Offer",
        "Offer"
      ]
    }
  ],
  "providesCuisineOfType": [
    {
      "@id": "kb:MediterraneanCuisine",
      "@type": [
        "CuisineCategory"
      ],
      "rdfs:label": {
        "de": [
          "Mediterrane Küche"
        ],
        "pt": [
          "Cozinha mediterrânica"
        ],
        "en": [
          "Mediterranean cuisine"
        ],
        "it": [
          "Cucina mediterranea"
        ],
        "fr": [
          "Cuisine méditerranéenne"
        ],
        "nl": [
          "Mediterrane keuken"
        ],
        "es": [
          "Cocina mediterránea"
        ]
      }
    }
  ]
}