{
  "@id": "https://data.datatourisme.fr/13/bf933019-f7ef-3913-8196-d135f7daa326",
  "dc:identifier": "5324615",
  "@type": [
    "CityHeritage",
    "CulturalSite",
    "PlaceOfInterest",
    "PointOfInterest"
  ],
  "rdfs:comment": {
    "de": [
      "Ville di Paraso und seine vier Ortsteile (Rustu, Olivacce, Querci, San Roccu), die sich seit Jahrhunderten an ihren Felsvorsprung klammern, sind mit jahrhundertealten, majestätischen Bäumen bepflanzt."
    ],
    "en": [
      "Ville di Paraso and the four hamlets (Rustu, Olivacce, Querci and San Roccu) have been clinging for centuries to this rocky spur planted with majestic trees that are ages old."
    ],
    "it": [
      "Aggrappate da secoli al loro sperone roccioso, Ville di Paraso e le sue quattro frazioni (Rustu, Olivacce, Querci, San Roccu) sono ricoperte da maestosi alberi secolari."
    ],
    "fr": [
      "Accrochés depuis des siècles à leur piton rocheux, Ville di Paraso et ses quatre hameaux (Rustu, Olivacce, Querci, San Roccu), sont plantés d’arbres séculaires et majestueux."
    ],
    "nl": [
      "Ville di Paraso en zijn vier gehuchten (Rustu, Olivacce, Querci, San Roccu), die zich al eeuwen vastklampen aan hun rotsen, zijn beplant met eeuwenoude en majestueuze bomen."
    ],
    "es": [
      "Aferrada durante siglos a su afloramiento rocoso, Ville di Paraso y sus cuatro aldeas (Rustu, Olivacce, Querci, San Roccu) están sembradas de majestuosos árboles centenarios."
    ]
  },
  "rdfs:label": {
    "fr": [
      "Ville di Paraso"
    ]
  },
  "owl:sameAs": [
    "http://www.wikidata.org/entity/Q675552"
  ],
  "hasBeenCreatedBy": {
    "@id": "https://data.datatourisme.fr/13/8d420fa3-5754-31f1-8199-69c88780314d",
    "dc:identifier": "1647",
    "schema:email": [
      "web@ileroussetourisme.com"
    ],
    "schema:legalName": "Office de Tourisme Intercommunal de L'Ile Rousse-Balagne",
    "@type": [
      "schema:Organization",
      "foaf:Agent",
      "Agent"
    ],
    "foaf:homepage": [
      "https://www.balagne-corsica.com/"
    ]
  },
  "hasBeenPublishedBy": [
    {
      "@id": "https://data.datatourisme.fr/8a9feb4b-2cbd-3d2c-b507-bd6c6776b23b",
      "schema:legalName": "Apidae Tourisme Scic SA - source : Apidae Tourisme",
      "@type": [
        "schema:Organization",
        "foaf:Agent",
        "Agent"
      ],
      "foaf:homepage": [
        "https://www.apidae-tourisme.com/"
      ]
    }
  ],
  "hasContact": [
    {
      "@id": "https://data.datatourisme.fr/5b27037f-4e64-3a43-81bd-fc5284e78a93",
      "schema:email": [
        "mairie.ville.di.paraso@wanadoo.fr"
      ],
      "schema:telephone": [
        "+33 4 95 61 50 81"
      ],
      "@type": [
        "foaf:Agent",
        "Agent"
      ]
    }
  ],
  "hasDescription": [
    {
      "@id": "https://data.datatourisme.fr/bcae68cc-2026-315e-95db-3f34e2188ef7",
      "@type": [
        "Description"
      ],
      "hasTranslatedProperty": [
        {
          "@id": "https://data.datatourisme.fr/470ecf58-6551-3e25-94c9-1e9401183a39",
          "dc:contributor": [
            "https://api.deepl.com/v2/translate"
          ],
          "rdf:language": [
            "it"
          ],
          "rdf:predicate": [
            "shortDescription"
          ]
        },
        {
          "@id": "https://data.datatourisme.fr/6158796b-1121-3c72-a892-8ccbd4169a18",
          "dc:contributor": [
            "https://api.deepl.com/v2/translate"
          ],
          "rdf:language": [
            "de"
          ],
          "rdf:predicate": [
            "shortDescription"
          ]
        },
        {
          "@id": "https://data.datatourisme.fr/6268db86-46c8-3115-8e9d-4a791781df93",
          "dc:contributor": [
            "https://api.deepl.com/v2/translate"
          ],
          "rdf:language": [
            "es"
          ],
          "rdf:predicate": [
            "shortDescription"
          ]
        },
        {
          "@id": "https://data.datatourisme.fr/aff4d203-e5f7-3a68-92e9-c9a362528540",
          "dc:contributor": [
            "https://api.deepl.com/v2/translate"
          ],
          "rdf:language": [
            "nl"
          ],
          "rdf:predicate": [
            "shortDescription"
          ]
        }
      ],
      "shortDescription": {
        "de": [
          "Ville di Paraso und seine vier Ortsteile (Rustu, Olivacce, Querci, San Roccu), die sich seit Jahrhunderten an ihren Felsvorsprung klammern, sind mit jahrhundertealten, majestätischen Bäumen bepflanzt."
        ],
        "en": [
          "Ville di Paraso and the four hamlets (Rustu, Olivacce, Querci and San Roccu) have been clinging for centuries to this rocky spur planted with majestic trees that are ages old."
        ],
        "it": [
          "Aggrappate da secoli al loro sperone roccioso, Ville di Paraso e le sue quattro frazioni (Rustu, Olivacce, Querci, San Roccu) sono ricoperte da maestosi alberi secolari."
        ],
        "fr": [
          "Accrochés depuis des siècles à leur piton rocheux, Ville di Paraso et ses quatre hameaux (Rustu, Olivacce, Querci, San Roccu), sont plantés d’arbres séculaires et majestueux."
        ],
        "nl": [
          "Ville di Paraso en zijn vier gehuchten (Rustu, Olivacce, Querci, San Roccu), die zich al eeuwen vastklampen aan hun rotsen, zijn beplant met eeuwenoude en majestueuze bomen."
        ],
        "es": [
          "Aferrada durante siglos a su afloramiento rocoso, Ville di Paraso y sus cuatro aldeas (Rustu, Olivacce, Querci, San Roccu) están sembradas de majestuosos árboles centenarios."
        ]
      }
    }
  ],
  "hasRepresentation": [
    {
      "@id": "https://data.datatourisme.fr/4cefb76d-90b8-3a98-8769-878e5369c234",
      "ebucore:hasAnnotation": [
        {
          "@id": "https://data.datatourisme.fr/5499e980-4a3c-3d74-9c0d-fadf7b512ae1",
          "ebucore:isCoveredBy": "CC BY-SA 3.0",
          "ebucore:title": [
            "Ville-di-Paraso Speloncato"
          ],
          "@type": [
            "ebucore:Annotation"
          ],
          "credits": [
            "Pierre Bona (https://commons.wikimedia.org/wiki/User:Pierre_Bona)"
          ]
        }
      ],
      "ebucore:hasRelatedResource": [
        {
          "@id": "https://data.datatourisme.fr/e82ec827-c565-34df-9051-9c0e4a685ab5",
          "ebucore:fileSize": [
            7728603
          ],
          "ebucore:hasMimeType": [
            {
              "@id": "kb:JPEG",
              "@type": [
                "ebucore:MimeType"
              ],
              "rdfs:comment": {
                "de": [
                  "JPEG-Bild"
                ],
                "pt": [
                  "Imagem JPEG"
                ],
                "en": [
                  "JPEG image file"
                ],
                "it": [
                  "Immagine JPEG"
                ],
                "fr": [
                  "Image JPEG"
                ],
                "nl": [
                  "JPEG-afbeelding"
                ],
                "es": [
                  "Imagen JPEG"
                ]
              },
              "rdfs:label": {
                "de": [
                  "image/jpeg"
                ],
                "pt": [
                  "image/jpeg"
                ],
                "en": [
                  "image/jpeg"
                ],
                "it": [
                  "image/jpeg"
                ],
                "fr": [
                  "image/jpeg"
                ],
                "nl": [
                  "image/jpeg"
                ],
                "es": [
                  "image/jpeg"
                ]
              }
            }
          ],
          "ebucore:height": 2352,
          "ebucore:locator": [
            "https://upload.wikimedia.org/wikipedia/commons/b/b2/Ville-di-Paraso_Speloncato.jpg"
          ],
          "ebucore:width": 3136,
          "@type": [
            "ebucore:Resource"
          ]
        }
      ],
      "@type": [
        "ebucore:EditorialObject"
      ]
    }
  ],
  "hasTheme": [
    {
      "@id": "kb:Culture",
      "@type": [
        "CulturalTheme"
      ],
      "rdfs:label": {
        "de": [
          "Kultur"
        ],
        "pt": [
          "Cultura"
        ],
        "en": [
          "Culture"
        ],
        "it": [
          "Cultura"
        ],
        "fr": [
          "Culture"
        ],
        "nl": [
          "Cultuur"
        ],
        "es": [
          "Cultura"
        ]
      }
    }
  ],
  "hasTranslatedProperty": [
    {
      "@id": "https://data.datatourisme.fr/26015812-ddd5-36f2-b82c-f0bd80269d53",
      "dc:contributor": [
        "https://api.deepl.com/v2/translate"
      ],
      "rdf:language": [
        "de"
      ],
      "rdf:predicate": [
        {
          "@id": "rdfs:comment"
        }
      ]
    },
    {
      "@id": "https://data.datatourisme.fr/28ad2443-4c23-32f1-8e8d-c974a0bc0bfb",
      "dc:contributor": [
        "https://api.deepl.com/v2/translate"
      ],
      "rdf:language": [
        "nl"
      ],
      "rdf:predicate": [
        {
          "@id": "rdfs:comment"
        }
      ]
    },
    {
      "@id": "https://data.datatourisme.fr/3e033b07-4fb8-3e91-80b5-467c747ba18e",
      "dc:contributor": [
        "https://api.deepl.com/v2/translate"
      ],
      "rdf:language": [
        "es"
      ],
      "rdf:predicate": [
        {
          "@id": "rdfs:comment"
        }
      ]
    },
    {
      "@id": "https://data.datatourisme.fr/4f30a050-7227-31a0-b0b1-e3ca2bc3aeb6",
      "dc:contributor": [
        "https://api.deepl.com/v2/translate"
      ],
      "rdf:language": [
        "it"
      ],
      "rdf:predicate": [
        {
          "@id": "rdfs:comment"
        }
      ]
    }
  ],
  "isLocatedAt": [
    {
      "@id": "https://data.datatourisme.fr/97a00689-3b50-35d5-86cc-17a5dd80cf15",
      "schema:address": [
        {
          "@id": "https://data.datatourisme.fr/a3629f13-6835-33ee-8b58-ec64dc6bc3d7",
          "schema:addressLocality": "Ville-di-Paraso",
          "schema:postalCode": "20226",
          "@type": [
            "schema:PostalAddress",
            "PostalAddress"
          ],
          "hasAddressCity": {
            "@id": "kb:2B352",
            "@type": [
              "City"
            ],
            "rdfs:label": {
              "en": [
                "Ville-di-Paraso"
              ],
              "fr": [
                "Ville-di-Paraso"
              ]
            },
            "insee": "2B352",
            "isPartOfDepartment": {
              "@id": "kb:France942B",
              "@type": [
                "Department"
              ],
              "rdfs:label": {
                "en": [
                  "Haute-Corse"
                ],
                "fr": [
                  "Haute-Corse"
                ]
              },
              "insee": "2B",
              "isPartOfRegion": {
                "@id": "kb:France94",
                "@type": [
                  "Region"
                ],
                "rdfs:label": {
                  "en": [
                    "Corse"
                  ],
                  "fr": [
                    "Corse"
                  ]
                },
                "insee": "94",
                "isPartOfCountry": {
                  "@id": "kb:France",
                  "@type": [
                    "schema:Country"
                  ],
                  "rdfs:label": {
                    "de": [
                      "Frankreich"
                    ],
                    "pt": [
                      "França"
                    ],
                    "en": [
                      "France"
                    ],
                    "it": [
                      "Francia"
                    ],
                    "fr": [
                      "France"
                    ],
                    "nl": [
                      "Frankrijk"
                    ],
                    "es": [
                      "Francia"
                    ]
                  }
                }
              }
            }
          }
        }
      ],
      "schema:geo": {
        "@id": "https://data.datatourisme.fr/0b2d9fd4-0b8d-38f0-b8a0-a09d4acd88ac",
        "schema:latitude": "42.566",
        "schema:longitude": "8.9858",
        "@type": [
          "schema:GeoCoordinates"
        ]
      },
      "schema:openingHoursSpecification": [
        {
          "@id": "https://data.datatourisme.fr/f87e535a-636d-3343-ad63-8a03392e7511",
          "schema:validFrom": "2023-01-01T00:00:00",
          "schema:validThrough": "2023-12-31T23:59:59",
          "@type": [
            "schema:OpeningHoursSpecification"
          ]
        }
      ],
      "@type": [
        "schema:Place",
        "Place"
      ]
    }
  ],
  "isOwnedBy": [
    {
      "@id": "https://data.datatourisme.fr/252af22a-253d-33df-b9d7-204832749402",
      "schema:email": [
        "web@ileroussetourisme.com"
      ],
      "schema:legalName": "Office de Tourisme Intercommunal de L'Ile Rousse-Balagne",
      "@type": [
        "schema:Organization",
        "foaf:Agent",
        "Agent"
      ],
      "foaf:homepage": [
        "https://www.balagne-corsica.com/"
      ]
    }
  ],
  "lastUpdate": "2021-01-06",
  "lastUpdateDatatourisme": "2023-02-22T06:42:37.724Z"
}