{
  "@id": "https://data.datatourisme.fr/13/2fa0aa04-d072-3da1-80eb-45a4d9ff7437",
  "dc:identifier": "5392366",
  "@type": [
    "schema:FoodEstablishment",
    "FoodEstablishment",
    "PlaceOfInterest",
    "PointOfInterest"
  ],
  "rdfs:comment": {
    "de": [
      "In Galeria, in der Balagne, laden Alexandra und Stellu Sie ein, eine traditionelle Küche mit einem zusätzlichen Trumpf zu genießen... das korsische Fleisch und die Wurstwaren stammen aus ihrem Familienbetrieb!"
    ],
    "en": [
      "In Galeria in Balagne, Alexandra and Stellu invite you to taste traditional cuisine with an additional advantage... Corsican meat and cold meats come from their family farm!"
    ],
    "it": [
      "A Galeria, nella regione della Balagna, Alexandra e Stellu vi invitano a gustare una cucina tradizionale con un tocco in più... la carne e i salumi vengono dalla loro azienda agricola di famiglia!"
    ],
    "fr": [
      "A Galeria, en Balagne, Alexandra et Stellu vous invitent à déguster une cuisine traditionnelle avec un atout supplémentaire... la viande et la charcuterie corse sont issus de leur exploitation familiale !"
    ],
    "nl": [
      "In Galeria, in de regio Balagne, nodigen Alexandra en Stellu u uit om te genieten van een traditionele keuken met een extra tintje... het vlees en de vleeswaren komen van hun familieboerderij!"
    ],
    "es": [
      "En Galeria, en la región de Balagne, Alexandra y Stellu te invitan a disfrutar de la cocina tradicional con un toque extra... ¡la carne y los embutidos son de su granja familiar!"
    ]
  },
  "rdfs:label": {
    "fr": [
      "Le Ponte Vecchiu"
    ]
  },
  "hasBeenCreatedBy": {
    "@id": "https://data.datatourisme.fr/13/e4873aa9-a05c-35ed-8395-61d121516766",
    "dc:identifier": "1646",
    "schema:email": [
      "info@balagne-corsica.com"
    ],
    "schema:legalName": "Office de Tourisme Intercommunal Calvi - Balagne",
    "@type": [
      "schema:Organization",
      "foaf:Agent",
      "Agent"
    ],
    "foaf:homepage": [
      "https://www.balagne-corsica.com/"
    ]
  },
  "hasBeenPublishedBy": [
    {
      "@id": "https://data.datatourisme.fr/8a9feb4b-2cbd-3d2c-b507-bd6c6776b23b",
      "schema:legalName": "Apidae Tourisme Scic SA - source : Apidae Tourisme",
      "@type": [
        "schema:Organization",
        "foaf:Agent",
        "Agent"
      ],
      "foaf:homepage": [
        "https://www.apidae-tourisme.com/"
      ]
    }
  ],
  "hasContact": [
    {
      "@id": "https://data.datatourisme.fr/7fc66424-1c50-319f-9524-c9a770d0c6a6",
      "schema:telephone": [
        "+33 4 95 62 00 66"
      ],
      "@type": [
        "foaf:Agent",
        "Agent"
      ]
    }
  ],
  "hasDescription": [
    {
      "@id": "https://data.datatourisme.fr/7708906e-2637-38f3-be96-fff2c641526c",
      "@type": [
        "Description"
      ],
      "hasTranslatedProperty": [
        {
          "@id": "https://data.datatourisme.fr/c8c39d4d-252a-3964-8efa-09ae54ada88f",
          "dc:contributor": [
            "https://api.deepl.com/v2/translate"
          ],
          "rdf:language": [
            "de"
          ],
          "rdf:predicate": [
            "shortDescription"
          ]
        },
        {
          "@id": "https://data.datatourisme.fr/c9cdc83c-3aad-32ef-b4bf-1aa9ea7b09d9",
          "dc:contributor": [
            "https://api.deepl.com/v2/translate"
          ],
          "rdf:language": [
            "nl"
          ],
          "rdf:predicate": [
            "shortDescription"
          ]
        },
        {
          "@id": "https://data.datatourisme.fr/dd14fcf4-4d8d-3b12-812f-a5c376e790d7",
          "dc:contributor": [
            "https://api.deepl.com/v2/translate"
          ],
          "rdf:language": [
            "es"
          ],
          "rdf:predicate": [
            "shortDescription"
          ]
        }
      ],
      "shortDescription": {
        "de": [
          "In Galeria, in der Balagne, laden Alexandra und Stellu Sie ein, eine traditionelle Küche mit einem zusätzlichen Trumpf zu genießen... das korsische Fleisch und die Wurstwaren stammen aus ihrem Familienbetrieb!"
        ],
        "en": [
          "In Galeria in Balagne, Alexandra and Stellu invite you to taste traditional cuisine with an additional advantage... Corsican meat and cold meats come from their family farm!"
        ],
        "it": [
          "A Galeria, nella regione della Balagna, Alexandra e Stellu vi invitano a gustare una cucina tradizionale con un tocco in più... la carne e i salumi vengono dalla loro azienda agricola di famiglia!"
        ],
        "fr": [
          "A Galeria, en Balagne, Alexandra et Stellu vous invitent à déguster une cuisine traditionnelle avec un atout supplémentaire... la viande et la charcuterie corse sont issus de leur exploitation familiale !"
        ],
        "nl": [
          "In Galeria, in de regio Balagne, nodigen Alexandra en Stellu u uit om te genieten van een traditionele keuken met een extra tintje... het vlees en de vleeswaren komen van hun familieboerderij!"
        ],
        "es": [
          "En Galeria, en la región de Balagne, Alexandra y Stellu te invitan a disfrutar de la cocina tradicional con un toque extra... ¡la carne y los embutidos son de su granja familiar!"
        ]
      }
    }
  ],
  "hasTranslatedProperty": [
    {
      "@id": "https://data.datatourisme.fr/d9894d1d-341a-3840-8e0f-7457aa74a124",
      "dc:contributor": [
        "https://api.deepl.com/v2/translate"
      ],
      "rdf:language": [
        "de"
      ],
      "rdf:predicate": [
        {
          "@id": "rdfs:comment"
        }
      ]
    },
    {
      "@id": "https://data.datatourisme.fr/e26c51d0-f077-3d86-8d7e-0bbcfc274207",
      "dc:contributor": [
        "https://api.deepl.com/v2/translate"
      ],
      "rdf:language": [
        "nl"
      ],
      "rdf:predicate": [
        {
          "@id": "rdfs:comment"
        }
      ]
    },
    {
      "@id": "https://data.datatourisme.fr/f6a1c8ac-db02-3121-bf80-0f1f7bc76de5",
      "dc:contributor": [
        "https://api.deepl.com/v2/translate"
      ],
      "rdf:language": [
        "es"
      ],
      "rdf:predicate": [
        {
          "@id": "rdfs:comment"
        }
      ]
    }
  ],
  "isLocatedAt": [
    {
      "@id": "https://data.datatourisme.fr/e37176ca-b152-3948-a88d-3737102e8e1f",
      "schema:address": [
        {
          "@id": "https://data.datatourisme.fr/6c4d1d59-13b6-3749-821f-48b3c0f3fa97",
          "schema:addressLocality": "Galéria",
          "schema:postalCode": "20245",
          "schema:streetAddress": [
            "Lieu dit Ponte Vechju",
            "Route du Fangu"
          ],
          "@type": [
            "schema:PostalAddress",
            "PostalAddress"
          ],
          "hasAddressCity": {
            "@id": "kb:2B121",
            "@type": [
              "City"
            ],
            "rdfs:label": {
              "en": [
                "Galéria"
              ],
              "fr": [
                "Galéria"
              ]
            },
            "insee": "2B121",
            "isPartOfDepartment": {
              "@id": "kb:France942B",
              "@type": [
                "Department"
              ],
              "rdfs:label": {
                "en": [
                  "Haute-Corse"
                ],
                "fr": [
                  "Haute-Corse"
                ]
              },
              "insee": "2B",
              "isPartOfRegion": {
                "@id": "kb:France94",
                "@type": [
                  "Region"
                ],
                "rdfs:label": {
                  "en": [
                    "Corse"
                  ],
                  "fr": [
                    "Corse"
                  ]
                },
                "insee": "94",
                "isPartOfCountry": {
                  "@id": "kb:France",
                  "@type": [
                    "schema:Country"
                  ],
                  "rdfs:label": {
                    "de": [
                      "Frankreich"
                    ],
                    "pt": [
                      "França"
                    ],
                    "en": [
                      "France"
                    ],
                    "it": [
                      "Francia"
                    ],
                    "fr": [
                      "France"
                    ],
                    "nl": [
                      "Frankrijk"
                    ],
                    "es": [
                      "Francia"
                    ]
                  }
                }
              }
            }
          }
        }
      ],
      "schema:geo": {
        "@id": "https://data.datatourisme.fr/2e24b87f-420b-3861-ada7-6ca5de2c97ca",
        "schema:latitude": "42.396924",
        "schema:longitude": "8.713245",
        "@type": [
          "schema:GeoCoordinates"
        ]
      },
      "schema:openingHoursSpecification": [
        {
          "@id": "https://data.datatourisme.fr/f6b6ea55-7bef-3102-a1f9-81d0dfada08a",
          "schema:validFrom": "2023-05-15T00:00:00",
          "schema:validThrough": "2023-09-15T23:59:59",
          "@type": [
            "schema:OpeningHoursSpecification"
          ],
          "additionalInformation": {
            "de": [
              "Zeitraum zur Orientierung - genaue Daten werden noch bestätigt"
            ],
            "en": [
              "Indicative period - Specific dates to be confirmed"
            ],
            "it": [
              "Periodo indicativo - date precise da confermare"
            ],
            "fr": [
              "Période à titre indicatif - Dates précises à confirmer"
            ],
            "es": [
              "Periodo indicativo - fechas precisas por confirmar"
            ],
            "nl": [
              "Indicatieve periode - precieze data nog te bevestigen"
            ]
          },
          "hasTranslatedProperty": [
            {
              "@id": "https://data.datatourisme.fr/31286c6e-d385-38a1-8e64-46a5f8f8b9e7",
              "dc:contributor": [
                "https://api.deepl.com/v2/translate"
              ],
              "rdf:language": [
                "es"
              ],
              "rdf:predicate": [
                "additionalInformation"
              ]
            },
            {
              "@id": "https://data.datatourisme.fr/507b9707-7413-31c3-8d9f-af299a1215d4",
              "dc:contributor": [
                "https://api.deepl.com/v2/translate"
              ],
              "rdf:language": [
                "de"
              ],
              "rdf:predicate": [
                "additionalInformation"
              ]
            },
            {
              "@id": "https://data.datatourisme.fr/c2408273-a6fd-3326-b71b-f84cff11afe0",
              "dc:contributor": [
                "https://api.deepl.com/v2/translate"
              ],
              "rdf:language": [
                "it"
              ],
              "rdf:predicate": [
                "additionalInformation"
              ]
            },
            {
              "@id": "https://data.datatourisme.fr/c6aec362-cfb1-350d-bf8d-5d6f346c1ee7",
              "dc:contributor": [
                "https://api.deepl.com/v2/translate"
              ],
              "rdf:language": [
                "nl"
              ],
              "rdf:predicate": [
                "additionalInformation"
              ]
            },
            {
              "@id": "https://data.datatourisme.fr/e9042399-6d7b-33ba-8c31-df9306a364b0",
              "dc:contributor": [
                "https://api.deepl.com/v2/translate"
              ],
              "rdf:language": [
                "en"
              ],
              "rdf:predicate": [
                "additionalInformation"
              ]
            }
          ]
        }
      ],
      "@type": [
        "schema:Place",
        "Place"
      ]
    }
  ],
  "isOwnedBy": [
    {
      "@id": "https://data.datatourisme.fr/194c52e6-bbae-33dc-8464-caca97844fbb",
      "schema:email": [
        "info@balagne-corsica.com"
      ],
      "schema:legalName": "Office de Tourisme Intercommunal Calvi - Balagne",
      "@type": [
        "schema:Organization",
        "foaf:Agent",
        "Agent"
      ],
      "foaf:homepage": [
        "https://www.balagne-corsica.com/"
      ]
    }
  ],
  "lastUpdate": "2022-05-03",
  "lastUpdateDatatourisme": "2023-02-01T18:07:35.762Z"
}