{
  "@id": "https://data.datatourisme.fr/13/2f673072-6570-393a-be62-75d2ba52b4e7",
  "dc:identifier": "5689685",
  "@type": [
    "schema:Accommodation",
    "schema:LodgingBusiness",
    "Accommodation",
    "Camping",
    "CampingAndCaravanning",
    "PlaceOfInterest",
    "PointOfInterest"
  ],
  "rdfs:comment": {
    "de": [
      "Genießen Sie die Ruhe und Gelassenheit von PetraLegna, das inmitten eines Korkeichenwaldes zwischen Meer und Bergen liegt. Alle Unterkünfte sind klimatisiert, sodass Sie einen Aufenthalt in der Nähe von Porto-Vecchio und den schönsten Stränden Korsikas genießen können."
    ],
    "en": [
      "Enjoy the calm and serenity of PetraLegna located in the heart of a forest of cork oaks, between sea and mountain. All accommodations are air-conditioned for a stay near Porto-Vecchio and the most beautiful beaches of Corsica."
    ],
    "it": [
      "Godetevi la calma e la serenità di PetraLegna, situata nel cuore di un bosco di querce da sughero, tra il mare e le montagne. Tutti gli alloggi sono climatizzati per un soggiorno vicino a Porto-Vecchio e alle più belle spiagge della Corsica."
    ],
    "fr": [
      "Profiter du calme et de la sérénité de PetraLegna situé au cœur d’une forêt de chênes-lièges, entre mer et montage. Tous les hébergements sont climatisés pour un séjour à proximité de Porto-Vecchio et des plus belles plages de Corse."
    ],
    "nl": [
      "Geniet van de rust en sereniteit van PetraLegna gelegen in het hart van een bos van kurkeiken, tussen de zee en de bergen. Alle accommodaties zijn voorzien van airconditioning voor een verblijf dicht bij Porto-Vecchio en de mooiste stranden van Corsica."
    ],
    "es": [
      "Disfrute de la calma y la serenidad de PetraLegna, situada en el corazón de un bosque de alcornoques, entre el mar y la montaña. Todos los alojamientos tienen aire acondicionado para una estancia cerca de Porto-Vecchio y de las playas más bellas de Córcega."
    ]
  },
  "rdfs:label": {
    "fr": [
      "Petralegna - Jardins du Golfe"
    ]
  },
  "hasBeenCreatedBy": {
    "@id": "https://data.datatourisme.fr/13/84c6494d-3085-3c63-a55c-db8cb047fadd",
    "dc:identifier": "1738",
    "schema:email": [
      "camillef.omt@gmail.com",
      "direction@destination-sudcorse.com",
      "gestion@destination-sudcorse.com",
      "promotion@destination-sudcorse.com",
      "webmaster@destination-sudcorse.com"
    ],
    "schema:legalName": "Porto Vecchio Tourisme",
    "@type": [
      "schema:Organization",
      "foaf:Agent",
      "Agent"
    ],
    "foaf:homepage": [
      "http://www.ot-portovecchio.com/"
    ]
  },
  "hasBeenPublishedBy": [
    {
      "@id": "https://data.datatourisme.fr/8a9feb4b-2cbd-3d2c-b507-bd6c6776b23b",
      "schema:legalName": "Apidae Tourisme Scic SA - source : Apidae Tourisme",
      "@type": [
        "schema:Organization",
        "foaf:Agent",
        "Agent"
      ],
      "foaf:homepage": [
        "https://www.apidae-tourisme.com/"
      ]
    }
  ],
  "hasContact": [
    {
      "@id": "https://data.datatourisme.fr/0ff21928-fe1d-3936-b944-f134b29dbc32",
      "schema:email": [
        "contact@petralegna.com"
      ],
      "schema:telephone": [
        "+33 4 95 27 81 78",
        "+33 6 44 67 59 49",
        "+33 6 59 01 99 78"
      ],
      "@type": [
        "foaf:Agent",
        "Agent"
      ],
      "foaf:homepage": [
        "https://www.petralegna.com/"
      ]
    }
  ],
  "hasDescription": [
    {
      "@id": "https://data.datatourisme.fr/52ea7077-ace4-3504-bb12-52656c66d19a",
      "@type": [
        "Description"
      ],
      "hasTranslatedProperty": [
        {
          "@id": "https://data.datatourisme.fr/3b1e1781-92e1-344e-9d12-8f147a8d6506",
          "dc:contributor": [
            "https://api.deepl.com/v2/translate"
          ],
          "rdf:language": [
            "it"
          ],
          "rdf:predicate": [
            "shortDescription"
          ]
        },
        {
          "@id": "https://data.datatourisme.fr/75df5b9f-4eab-39d2-94b8-655c2b19b38d",
          "dc:contributor": [
            "https://api.deepl.com/v2/translate"
          ],
          "rdf:language": [
            "es"
          ],
          "rdf:predicate": [
            "shortDescription"
          ]
        },
        {
          "@id": "https://data.datatourisme.fr/91122a4c-0011-3fb2-9ed8-9f01e8857d09",
          "dc:contributor": [
            "https://api.deepl.com/v2/translate"
          ],
          "rdf:language": [
            "en"
          ],
          "rdf:predicate": [
            "shortDescription"
          ]
        },
        {
          "@id": "https://data.datatourisme.fr/c6c992b6-5be5-38f3-851b-ac4db8f64903",
          "dc:contributor": [
            "https://api.deepl.com/v2/translate"
          ],
          "rdf:language": [
            "nl"
          ],
          "rdf:predicate": [
            "shortDescription"
          ]
        },
        {
          "@id": "https://data.datatourisme.fr/f5c7b811-d359-39b5-905a-209cf8f4aae7",
          "dc:contributor": [
            "https://api.deepl.com/v2/translate"
          ],
          "rdf:language": [
            "de"
          ],
          "rdf:predicate": [
            "shortDescription"
          ]
        }
      ],
      "shortDescription": {
        "de": [
          "Genießen Sie die Ruhe und Gelassenheit von PetraLegna, das inmitten eines Korkeichenwaldes zwischen Meer und Bergen liegt. Alle Unterkünfte sind klimatisiert, sodass Sie einen Aufenthalt in der Nähe von Porto-Vecchio und den schönsten Stränden Korsikas genießen können."
        ],
        "en": [
          "Enjoy the calm and serenity of PetraLegna located in the heart of a forest of cork oaks, between sea and mountain. All accommodations are air-conditioned for a stay near Porto-Vecchio and the most beautiful beaches of Corsica."
        ],
        "it": [
          "Godetevi la calma e la serenità di PetraLegna, situata nel cuore di un bosco di querce da sughero, tra il mare e le montagne. Tutti gli alloggi sono climatizzati per un soggiorno vicino a Porto-Vecchio e alle più belle spiagge della Corsica."
        ],
        "fr": [
          "Profiter du calme et de la sérénité de PetraLegna situé au cœur d’une forêt de chênes-lièges, entre mer et montage. Tous les hébergements sont climatisés pour un séjour à proximité de Porto-Vecchio et des plus belles plages de Corse."
        ],
        "nl": [
          "Geniet van de rust en sereniteit van PetraLegna gelegen in het hart van een bos van kurkeiken, tussen de zee en de bergen. Alle accommodaties zijn voorzien van airconditioning voor een verblijf dicht bij Porto-Vecchio en de mooiste stranden van Corsica."
        ],
        "es": [
          "Disfrute de la calma y la serenidad de PetraLegna, situada en el corazón de un bosque de alcornoques, entre el mar y la montaña. Todos los alojamientos tienen aire acondicionado para una estancia cerca de Porto-Vecchio y de las playas más bellas de Córcega."
        ]
      }
    }
  ],
  "hasTranslatedProperty": [
    {
      "@id": "https://data.datatourisme.fr/70a22e7f-9f3f-396d-9a28-00c4e82c82f2",
      "dc:contributor": [
        "https://api.deepl.com/v2/translate"
      ],
      "rdf:language": [
        "en"
      ],
      "rdf:predicate": [
        {
          "@id": "rdfs:comment"
        }
      ]
    },
    {
      "@id": "https://data.datatourisme.fr/7396d7cf-0c0a-3808-bcbd-141fbd1b1678",
      "dc:contributor": [
        "https://api.deepl.com/v2/translate"
      ],
      "rdf:language": [
        "nl"
      ],
      "rdf:predicate": [
        {
          "@id": "rdfs:comment"
        }
      ]
    },
    {
      "@id": "https://data.datatourisme.fr/8b21189c-0a19-3ba4-bd1d-e7b5640602e6",
      "dc:contributor": [
        "https://api.deepl.com/v2/translate"
      ],
      "rdf:language": [
        "es"
      ],
      "rdf:predicate": [
        {
          "@id": "rdfs:comment"
        }
      ]
    },
    {
      "@id": "https://data.datatourisme.fr/9890a6ef-f7d0-3eca-ad86-d5773ce9406f",
      "dc:contributor": [
        "https://api.deepl.com/v2/translate"
      ],
      "rdf:language": [
        "de"
      ],
      "rdf:predicate": [
        {
          "@id": "rdfs:comment"
        }
      ]
    },
    {
      "@id": "https://data.datatourisme.fr/a82efef6-6b02-3e85-ac8b-4f8f145e58f3",
      "dc:contributor": [
        "https://api.deepl.com/v2/translate"
      ],
      "rdf:language": [
        "it"
      ],
      "rdf:predicate": [
        {
          "@id": "rdfs:comment"
        }
      ]
    }
  ],
  "isLocatedAt": [
    {
      "@id": "https://data.datatourisme.fr/d2ab4ec0-8541-317d-b0df-247775a2780b",
      "schema:address": [
        {
          "@id": "https://data.datatourisme.fr/00463b18-55a6-3827-96ba-3ec3534456a5",
          "schema:addressLocality": "Porto-Vecchio",
          "schema:postalCode": "20137",
          "schema:streetAddress": [
            "Les Jardins du Golfe",
            "Route de Palombaggia"
          ],
          "@type": [
            "schema:PostalAddress",
            "PostalAddress"
          ],
          "hasAddressCity": {
            "@id": "kb:2A247",
            "@type": [
              "City"
            ],
            "rdfs:label": {
              "en": [
                "Porto-Vecchio"
              ],
              "fr": [
                "Porto-Vecchio"
              ]
            },
            "insee": "2A247",
            "isPartOfDepartment": {
              "@id": "kb:France942A",
              "@type": [
                "Department"
              ],
              "rdfs:label": {
                "en": [
                  "Corse-du-Sud"
                ],
                "fr": [
                  "Corse-du-Sud"
                ]
              },
              "insee": "2A",
              "isPartOfRegion": {
                "@id": "kb:France94",
                "@type": [
                  "Region"
                ],
                "rdfs:label": {
                  "en": [
                    "Corse"
                  ],
                  "fr": [
                    "Corse"
                  ]
                },
                "insee": "94",
                "isPartOfCountry": {
                  "@id": "kb:France",
                  "@type": [
                    "schema:Country"
                  ],
                  "rdfs:label": {
                    "de": [
                      "Frankreich"
                    ],
                    "pt": [
                      "França"
                    ],
                    "en": [
                      "France"
                    ],
                    "it": [
                      "Francia"
                    ],
                    "fr": [
                      "France"
                    ],
                    "nl": [
                      "Frankrijk"
                    ],
                    "es": [
                      "Francia"
                    ]
                  }
                }
              }
            }
          }
        }
      ],
      "schema:geo": {
        "@id": "https://data.datatourisme.fr/63cda9b7-348e-3c0d-9ab8-6945bb85324e",
        "schema:latitude": "41.57332",
        "schema:longitude": "9.28991",
        "@type": [
          "schema:GeoCoordinates"
        ]
      },
      "schema:openingHoursSpecification": [
        {
          "@id": "https://data.datatourisme.fr/27466a15-f757-37c6-872f-7e1223dc7fad",
          "schema:validFrom": "2023-05-12T00:00:00",
          "schema:validThrough": "2023-11-01T23:59:59",
          "@type": [
            "schema:OpeningHoursSpecification"
          ],
          "additionalInformation": {
            "de": [
              "Montag, Dienstag, Mittwoch, Donnerstag, Freitag, Samstag, Sonntag: offen"
            ],
            "en": [
              "Monday, Tuesday, Wednesday, Thursday, Friday, Saturday, Sunday: open"
            ],
            "it": [
              "Lunedì, martedì, mercoledì, giovedì, venerdì, sabato, domenica: aperto"
            ],
            "fr": [
              "Lundi, Mardi, Mercredi, Jeudi, Vendredi, Samedi, Dimanche : ouvert"
            ],
            "nl": [
              "Maandag, dinsdag, woensdag, donderdag, vrijdag, zaterdag, zondag: open"
            ],
            "es": [
              "Lunes, martes, miércoles, jueves, viernes, sábado y domingo: abierto"
            ]
          },
          "hasTranslatedProperty": [
            {
              "@id": "https://data.datatourisme.fr/37224ec2-4bf7-3207-a6e1-2dfcb911792d",
              "dc:contributor": [
                "https://api.deepl.com/v2/translate"
              ],
              "rdf:language": [
                "en"
              ],
              "rdf:predicate": [
                "additionalInformation"
              ]
            },
            {
              "@id": "https://data.datatourisme.fr/5ae0fe6d-bb6d-3aed-b0ca-c39f9b478cf2",
              "dc:contributor": [
                "https://api.deepl.com/v2/translate"
              ],
              "rdf:language": [
                "nl"
              ],
              "rdf:predicate": [
                "additionalInformation"
              ]
            },
            {
              "@id": "https://data.datatourisme.fr/9394191b-4685-3533-8e98-4f2c1b0114eb",
              "dc:contributor": [
                "https://api.deepl.com/v2/translate"
              ],
              "rdf:language": [
                "de"
              ],
              "rdf:predicate": [
                "additionalInformation"
              ]
            },
            {
              "@id": "https://data.datatourisme.fr/e02c231d-1717-3b61-9f5a-8c82df39d47f",
              "dc:contributor": [
                "https://api.deepl.com/v2/translate"
              ],
              "rdf:language": [
                "es"
              ],
              "rdf:predicate": [
                "additionalInformation"
              ]
            },
            {
              "@id": "https://data.datatourisme.fr/fc91d26c-5a2d-38f7-ad96-7ea42536d9d1",
              "dc:contributor": [
                "https://api.deepl.com/v2/translate"
              ],
              "rdf:language": [
                "it"
              ],
              "rdf:predicate": [
                "additionalInformation"
              ]
            }
          ]
        }
      ],
      "@type": [
        "schema:Place",
        "Place"
      ]
    }
  ],
  "isOwnedBy": [
    {
      "@id": "https://data.datatourisme.fr/f5f950f9-5eec-32b4-a357-2c969ccf4068",
      "schema:email": [
        "camillef.omt@gmail.com",
        "direction@destination-sudcorse.com",
        "gestion@destination-sudcorse.com",
        "promotion@destination-sudcorse.com",
        "webmaster@destination-sudcorse.com"
      ],
      "schema:legalName": "Porto Vecchio Tourisme",
      "@type": [
        "schema:Organization",
        "foaf:Agent",
        "Agent"
      ],
      "foaf:homepage": [
        "http://www.ot-portovecchio.com/"
      ]
    }
  ],
  "lastUpdate": "2023-02-08",
  "lastUpdateDatatourisme": "2023-02-09T06:39:55.668Z",
  "offers": [
    {
      "@id": "https://data.datatourisme.fr/22b0cd8e-f34f-3de5-8709-67db6195b10e",
      "schema:priceSpecification": [
        {
          "@id": "https://data.datatourisme.fr/8e57d830-7b93-3488-b465-e30b0f7f0d6b",
          "schema:maxPrice": [
            "1800"
          ],
          "schema:minPrice": [
            "260"
          ],
          "schema:priceCurrency": "EUR",
          "@type": [
            "schema:PriceSpecification",
            "PriceSpecification"
          ],
          "appliesOnPeriod": [
            {
              "@id": "https://data.datatourisme.fr/ce53f19d-1e96-328e-9f1f-54c92d88e850",
              "@type": [
                "Period"
              ],
              "endDate": "2023-11-01",
              "startDate": "2023-05-12"
            }
          ]
        }
      ],
      "@type": [
        "schema:Offer",
        "Offer"
      ]
    }
  ]
}