{
  "@id": "https://data.datatourisme.fr/13/2fef1656-b313-3abf-84eb-54a0e7cd7e40",
  "dc:identifier": "5213046",
  "@type": [
    "schema:LocalBusiness",
    "ActivityProvider",
    "PlaceOfInterest",
    "PointOfInterest",
    "Store"
  ],
  "rdfs:comment": {
    "de": [
      "Organisiert Canyoning-Ausflüge für alle Niveaus mit Familie oder Freunden. Mehr als 20 Jahre Erfahrung. Entdecken Sie die schönsten Schluchten Korsikas."
    ],
    "en": [
      "Organizes canyoning outings for all levels with family or friends. More than 20 years of experience. Discover the most beautiful canyons of Corsica."
    ],
    "it": [
      "Organizza escursioni di canyoning per tutti i livelli con la famiglia o gli amici. Oltre 20 anni di esperienza. Scoprite i più bei canyon della Corsica."
    ],
    "fr": [
      "Les plus beaux canyons de Corse dans le massif de Bavella :  le Pulischellu, la Purcaraccia ou la Vacca. Entre amis, en famille (dès 7 ans), en groupe ou en sortie privative. Encadré par des guides de haute montagne. Plus de 25 ans d'expérience !"
    ],
    "nl": [
      "Organiseert canyoning uitstapjes voor alle niveaus met familie of vrienden. Meer dan 20 jaar ervaring. Ontdek de mooiste ravijnen van Corsica."
    ],
    "es": [
      "Los más bellos cañones de Córcega en el macizo de la Bavella: el Pulischellu, el Purcaraccia o el Vacca. Con amigos, en familia (a partir de 7 años), en grupo o en viaje privado. Supervisado por guías de alta montaña. Más de 25 años de experiencia"
    ]
  },
  "rdfs:label": {
    "fr": [
      "Xtrem Sud Canyon"
    ]
  },
  "hasBeenCreatedBy": {
    "@id": "https://data.datatourisme.fr/13/84c6494d-3085-3c63-a55c-db8cb047fadd",
    "dc:identifier": "1738",
    "schema:email": [
      "camillef.omt@gmail.com",
      "direction@destination-sudcorse.com",
      "gestion@destination-sudcorse.com",
      "promotion@destination-sudcorse.com",
      "webmaster@destination-sudcorse.com"
    ],
    "schema:legalName": "Porto Vecchio Tourisme",
    "@type": [
      "schema:Organization",
      "foaf:Agent",
      "Agent"
    ],
    "foaf:homepage": [
      "http://www.ot-portovecchio.com/"
    ]
  },
  "hasBeenPublishedBy": [
    {
      "@id": "https://data.datatourisme.fr/8a9feb4b-2cbd-3d2c-b507-bd6c6776b23b",
      "schema:legalName": "Apidae Tourisme Scic SA - source : Apidae Tourisme",
      "@type": [
        "schema:Organization",
        "foaf:Agent",
        "Agent"
      ],
      "foaf:homepage": [
        "https://www.apidae-tourisme.com/"
      ]
    }
  ],
  "hasContact": [
    {
      "@id": "https://data.datatourisme.fr/e88204e5-cc51-3268-aa12-ba731453e400",
      "schema:email": [
        "info@xtremsudcanyon.com"
      ],
      "schema:telephone": [
        "+33 6 18 97 03 46"
      ],
      "@type": [
        "foaf:Agent",
        "Agent"
      ],
      "foaf:homepage": [
        "http://www.xtremsudcanyon.com/"
      ]
    }
  ],
  "hasDescription": [
    {
      "@id": "https://data.datatourisme.fr/acb85ef9-57e9-36a9-9e12-aca6e8fe0644",
      "@type": [
        "Description"
      ],
      "hasTranslatedProperty": [
        {
          "@id": "https://data.datatourisme.fr/8bd0871e-6a08-36dd-b121-9c38e2ed22c9",
          "dc:contributor": [
            "https://api.deepl.com/v2/translate"
          ],
          "rdf:language": [
            "es"
          ],
          "rdf:predicate": [
            "shortDescription"
          ]
        }
      ],
      "shortDescription": {
        "de": [
          "Organisiert Canyoning-Ausflüge für alle Niveaus mit Familie oder Freunden. Mehr als 20 Jahre Erfahrung. Entdecken Sie die schönsten Schluchten Korsikas."
        ],
        "en": [
          "Organizes canyoning outings for all levels with family or friends. More than 20 years of experience. Discover the most beautiful canyons of Corsica."
        ],
        "it": [
          "Organizza escursioni di canyoning per tutti i livelli con la famiglia o gli amici. Oltre 20 anni di esperienza. Scoprite i più bei canyon della Corsica."
        ],
        "fr": [
          "Les plus beaux canyons de Corse dans le massif de Bavella :  le Pulischellu, la Purcaraccia ou la Vacca. Entre amis, en famille (dès 7 ans), en groupe ou en sortie privative. Encadré par des guides de haute montagne. Plus de 25 ans d'expérience !"
        ],
        "nl": [
          "Organiseert canyoning uitstapjes voor alle niveaus met familie of vrienden. Meer dan 20 jaar ervaring. Ontdek de mooiste ravijnen van Corsica."
        ],
        "es": [
          "Los más bellos cañones de Córcega en el macizo de la Bavella: el Pulischellu, el Purcaraccia o el Vacca. Con amigos, en familia (a partir de 7 años), en grupo o en viaje privado. Supervisado por guías de alta montaña. Más de 25 años de experiencia"
        ]
      }
    }
  ],
  "hasTheme": [
    {
      "@id": "kb:Canyoning",
      "@type": [
        "SportsTheme"
      ],
      "rdfs:label": {
        "de": [
          "Canyoning"
        ],
        "pt": [
          "Canoagem"
        ],
        "en": [
          "Canyoning"
        ],
        "it": [
          "Canyoning"
        ],
        "fr": [
          "Canyoning"
        ],
        "es": [
          "Piragüismo"
        ],
        "nl": [
          "Canyoning"
        ]
      }
    },
    {
      "@id": "kb:Climbing",
      "@type": [
        "SportsTheme"
      ],
      "rdfs:label": {
        "de": [
          "Klettern"
        ],
        "pt": [
          "Escalada"
        ],
        "en": [
          "Climbing"
        ],
        "it": [
          "Arrampicata"
        ],
        "fr": [
          "Escalade"
        ],
        "nl": [
          "Klimmen"
        ],
        "es": [
          "Escalada"
        ]
      }
    },
    {
      "@id": "kb:Hiking",
      "@type": [
        "SportsTheme"
      ],
      "rdfs:label": {
        "de": [
          "Wanderung"
        ],
        "pt": [
          "Caminhada"
        ],
        "en": [
          "Hiking"
        ],
        "it": [
          "Escursione"
        ],
        "fr": [
          "Randonnée"
        ],
        "nl": [
          "Wandelen"
        ],
        "es": [
          "Senderismo"
        ]
      }
    },
    {
      "@id": "kb:Mountaineering",
      "@type": [
        "SportsTheme"
      ],
      "rdfs:label": {
        "de": [
          "Bergsteigen"
        ],
        "pt": [
          "Alpinismo"
        ],
        "en": [
          "Mountaineering"
        ],
        "it": [
          "Alpinismo"
        ],
        "fr": [
          "Alpinisme"
        ],
        "es": [
          "Alpinismo"
        ],
        "nl": [
          "Alpinisme"
        ]
      }
    }
  ],
  "hasTranslatedProperty": [
    {
      "@id": "https://data.datatourisme.fr/0c1fed84-c392-36df-8db5-e71b67c91289",
      "dc:contributor": [
        "https://api.deepl.com/v2/translate"
      ],
      "rdf:language": [
        "es"
      ],
      "rdf:predicate": [
        {
          "@id": "rdfs:comment"
        }
      ]
    }
  ],
  "isLocatedAt": [
    {
      "@id": "https://data.datatourisme.fr/b15e018e-f622-3cc9-b4d3-4a837f639bb1",
      "schema:address": [
        {
          "@id": "https://data.datatourisme.fr/6dc52a7d-f997-3ee8-937a-413a09505ca4",
          "schema:addressLocality": "Quenza",
          "schema:postalCode": "20122",
          "schema:streetAddress": [
            "Bavella"
          ],
          "@type": [
            "schema:PostalAddress",
            "PostalAddress"
          ],
          "hasAddressCity": {
            "@id": "kb:2A254",
            "@type": [
              "City"
            ],
            "rdfs:label": {
              "en": [
                "Quenza"
              ],
              "fr": [
                "Quenza"
              ]
            },
            "insee": "2A254",
            "isPartOfDepartment": {
              "@id": "kb:France942A",
              "@type": [
                "Department"
              ],
              "rdfs:label": {
                "en": [
                  "Corse-du-Sud"
                ],
                "fr": [
                  "Corse-du-Sud"
                ]
              },
              "insee": "2A",
              "isPartOfRegion": {
                "@id": "kb:France94",
                "@type": [
                  "Region"
                ],
                "rdfs:label": {
                  "en": [
                    "Corse"
                  ],
                  "fr": [
                    "Corse"
                  ]
                },
                "insee": "94",
                "isPartOfCountry": {
                  "@id": "kb:France",
                  "@type": [
                    "schema:Country"
                  ],
                  "rdfs:label": {
                    "de": [
                      "Frankreich"
                    ],
                    "pt": [
                      "França"
                    ],
                    "en": [
                      "France"
                    ],
                    "it": [
                      "Francia"
                    ],
                    "fr": [
                      "France"
                    ],
                    "nl": [
                      "Frankrijk"
                    ],
                    "es": [
                      "Francia"
                    ]
                  }
                }
              }
            }
          }
        }
      ],
      "schema:geo": {
        "@id": "https://data.datatourisme.fr/ff575a07-3773-34d7-a31c-a8d70efa3bca",
        "schema:latitude": "41.794968",
        "schema:longitude": "9.2288",
        "@type": [
          "schema:GeoCoordinates"
        ]
      },
      "schema:openingHoursSpecification": [
        {
          "@id": "https://data.datatourisme.fr/ddb7e76f-b577-3d7b-a7d1-030ae2b4729d",
          "schema:validFrom": "2023-04-01T00:00:00",
          "schema:validThrough": "2023-09-30T23:59:59",
          "@type": [
            "schema:OpeningHoursSpecification"
          ],
          "additionalInformation": {
            "de": [
              "Montag, Dienstag, Mittwoch, Donnerstag, Freitag, Samstag, Sonntag: offen"
            ],
            "en": [
              "Monday, Tuesday, Wednesday, Thursday, Friday, Saturday, Sunday: open"
            ],
            "it": [
              "Lunedì, martedì, mercoledì, giovedì, venerdì, sabato, domenica: aperto"
            ],
            "fr": [
              "Lundi, Mardi, Mercredi, Jeudi, Vendredi, Samedi, Dimanche : ouvert"
            ],
            "nl": [
              "Maandag, dinsdag, woensdag, donderdag, vrijdag, zaterdag, zondag: open"
            ],
            "es": [
              "Lunes, martes, miércoles, jueves, viernes, sábado y domingo: abierto"
            ]
          },
          "hasTranslatedProperty": [
            {
              "@id": "https://data.datatourisme.fr/0b0da1bb-63c0-393b-9a21-e1287059a90d",
              "dc:contributor": [
                "https://api.deepl.com/v2/translate"
              ],
              "rdf:language": [
                "it"
              ],
              "rdf:predicate": [
                "additionalInformation"
              ]
            },
            {
              "@id": "https://data.datatourisme.fr/3b19c874-5ec0-3216-9b9c-fd2c07b376ed",
              "dc:contributor": [
                "https://api.deepl.com/v2/translate"
              ],
              "rdf:language": [
                "de"
              ],
              "rdf:predicate": [
                "additionalInformation"
              ]
            },
            {
              "@id": "https://data.datatourisme.fr/79f2f053-0140-3e45-9168-7f36bc0b8efb",
              "dc:contributor": [
                "https://api.deepl.com/v2/translate"
              ],
              "rdf:language": [
                "en"
              ],
              "rdf:predicate": [
                "additionalInformation"
              ]
            },
            {
              "@id": "https://data.datatourisme.fr/7f5ad0a0-c05a-3e80-8801-b45e6ccd0834",
              "dc:contributor": [
                "https://api.deepl.com/v2/translate"
              ],
              "rdf:language": [
                "nl"
              ],
              "rdf:predicate": [
                "additionalInformation"
              ]
            },
            {
              "@id": "https://data.datatourisme.fr/d3d092d8-c48d-3ae7-a3b1-8e27c55bf553",
              "dc:contributor": [
                "https://api.deepl.com/v2/translate"
              ],
              "rdf:language": [
                "es"
              ],
              "rdf:predicate": [
                "additionalInformation"
              ]
            }
          ]
        }
      ],
      "@type": [
        "schema:Place",
        "Place"
      ]
    }
  ],
  "isOwnedBy": [
    {
      "@id": "https://data.datatourisme.fr/f5f950f9-5eec-32b4-a357-2c969ccf4068",
      "schema:email": [
        "camillef.omt@gmail.com",
        "direction@destination-sudcorse.com",
        "gestion@destination-sudcorse.com",
        "promotion@destination-sudcorse.com",
        "webmaster@destination-sudcorse.com"
      ],
      "schema:legalName": "Porto Vecchio Tourisme",
      "@type": [
        "schema:Organization",
        "foaf:Agent",
        "Agent"
      ],
      "foaf:homepage": [
        "http://www.ot-portovecchio.com/"
      ]
    }
  ],
  "lastUpdate": "2023-02-20",
  "lastUpdateDatatourisme": "2023-02-21T06:40:31.558Z",
  "offers": [
    {
      "@id": "https://data.datatourisme.fr/f906baf5-c9d4-397c-bb21-2165ee8ff114",
      "schema:priceSpecification": [
        {
          "@id": "https://data.datatourisme.fr/9bc2f9e6-93ac-366a-a509-bbfdf37716d2",
          "schema:minPrice": [
            "45"
          ],
          "schema:priceCurrency": "EUR",
          "@type": [
            "schema:PriceSpecification",
            "PriceSpecification"
          ],
          "appliesOnPeriod": [
            {
              "@id": "https://data.datatourisme.fr/291ba96c-d01e-34cf-9674-0451f896f0e4",
              "@type": [
                "Period"
              ],
              "endDate": "2023-09-30",
              "startDate": "2023-04-01"
            }
          ]
        }
      ],
      "@type": [
        "schema:Offer",
        "Offer"
      ]
    }
  ]
}