{
  "@id": "https://data.datatourisme.fr/13/713fd1e9-a1c9-3481-be0d-5cd594153b74",
  "dc:identifier": "5391772",
  "@type": [
    "schema:Accommodation",
    "schema:FoodEstablishment",
    "schema:Hotel",
    "schema:LodgingBusiness",
    "schema:Restaurant",
    "Accommodation",
    "FoodEstablishment",
    "Hotel",
    "HotelRestaurant",
    "HotelTrade",
    "PlaceOfInterest",
    "PointOfInterest",
    "Restaurant"
  ],
  "rdfs:comment": {
    "de": [
      "Ein brandneues 4-Sterne-Hotel in Porto-Vecchio, das Modernität mit mediterraner Wärme verbindet. Genießen Sie die Ruhe und die Aussicht vom privaten Balkon Ihres Zimmers."
    ],
    "en": [
      "A brand new 4-star hotel in Porto-Vecchio, combining modernity and Mediterranean warmth. Enjoy the calm and the view from your private balcony."
    ],
    "it": [
      "Un nuovissimo hotel 4 stelle a Porto-Vecchio, che unisce modernità e calore mediterraneo. Godetevi la calma e la vista dal vostro balcone privato."
    ],
    "fr": [
      "Un nouvel hôtel 4 étoiles tout neuf à Porto-Vecchio, alliant modernité et chaleur méditerranéenne. Appréciez le calme et la vue depuis le balcon privatif de votre chambre."
    ],
    "es": [
      "Un flamante hotel de 4 estrellas en Porto-Vecchio, que combina modernidad y calidez mediterránea. Disfruta de la calma y de las vistas desde tu balcón privado."
    ],
    "nl": [
      "Een gloednieuw 4-sterrenhotel in Porto-Vecchio, dat moderniteit en mediterrane warmte combineert. Geniet van de rust en het uitzicht vanaf uw eigen balkon."
    ]
  },
  "rdfs:label": {
    "fr": [
      "Golden Tulip Porto-Vecchio"
    ]
  },
  "hasBeenCreatedBy": {
    "@id": "https://data.datatourisme.fr/13/84c6494d-3085-3c63-a55c-db8cb047fadd",
    "dc:identifier": "1738",
    "schema:email": [
      "camillef.omt@gmail.com",
      "direction@destination-sudcorse.com",
      "gestion@destination-sudcorse.com",
      "promotion@destination-sudcorse.com",
      "webmaster@destination-sudcorse.com"
    ],
    "schema:legalName": "Porto Vecchio Tourisme",
    "@type": [
      "schema:Organization",
      "foaf:Agent",
      "Agent"
    ],
    "foaf:homepage": [
      "http://www.ot-portovecchio.com/"
    ]
  },
  "hasBeenPublishedBy": [
    {
      "@id": "https://data.datatourisme.fr/8a9feb4b-2cbd-3d2c-b507-bd6c6776b23b",
      "schema:legalName": "Apidae Tourisme Scic SA - source : Apidae Tourisme",
      "@type": [
        "schema:Organization",
        "foaf:Agent",
        "Agent"
      ],
      "foaf:homepage": [
        "https://www.apidae-tourisme.com/"
      ]
    }
  ],
  "hasContact": [
    {
      "@id": "https://data.datatourisme.fr/cf691484-7aef-3768-be07-4b87ddc5a764",
      "schema:email": [
        "info@goldentulipportovecchio.com"
      ],
      "schema:telephone": [
        "+33 4 13 96 18 13"
      ],
      "@type": [
        "foaf:Agent",
        "Agent"
      ],
      "foaf:homepage": [
        "http://www.goldentulipportovecchio.com/"
      ]
    }
  ],
  "hasDescription": [
    {
      "@id": "https://data.datatourisme.fr/9b67e1d6-12cf-3c66-b49e-90da837359eb",
      "@type": [
        "Description"
      ],
      "hasTranslatedProperty": [
        {
          "@id": "https://data.datatourisme.fr/7c8d4514-416b-3141-a345-f5343e521e19",
          "dc:contributor": [
            "https://api.deepl.com/v2/translate"
          ],
          "rdf:language": [
            "es"
          ],
          "rdf:predicate": [
            "shortDescription"
          ]
        }
      ],
      "shortDescription": {
        "de": [
          "Ein brandneues 4-Sterne-Hotel in Porto-Vecchio, das Modernität mit mediterraner Wärme verbindet. Genießen Sie die Ruhe und die Aussicht vom privaten Balkon Ihres Zimmers."
        ],
        "en": [
          "A brand new 4-star hotel in Porto-Vecchio, combining modernity and Mediterranean warmth. Enjoy the calm and the view from your private balcony."
        ],
        "it": [
          "Un nuovissimo hotel 4 stelle a Porto-Vecchio, che unisce modernità e calore mediterraneo. Godetevi la calma e la vista dal vostro balcone privato."
        ],
        "fr": [
          "Un nouvel hôtel 4 étoiles tout neuf à Porto-Vecchio, alliant modernité et chaleur méditerranéenne. Appréciez le calme et la vue depuis le balcon privatif de votre chambre."
        ],
        "es": [
          "Un flamante hotel de 4 estrellas en Porto-Vecchio, que combina modernidad y calidez mediterránea. Disfruta de la calma y de las vistas desde tu balcón privado."
        ],
        "nl": [
          "Een gloednieuw 4-sterrenhotel in Porto-Vecchio, dat moderniteit en mediterrane warmte combineert. Geniet van de rust en het uitzicht vanaf uw eigen balkon."
        ]
      }
    }
  ],
  "hasTranslatedProperty": [
    {
      "@id": "https://data.datatourisme.fr/44981b28-9674-3ffb-9145-107eae75b816",
      "dc:contributor": [
        "https://api.deepl.com/v2/translate"
      ],
      "rdf:language": [
        "es"
      ],
      "rdf:predicate": [
        {
          "@id": "rdfs:comment"
        }
      ]
    }
  ],
  "isLocatedAt": [
    {
      "@id": "https://data.datatourisme.fr/20ad7aa5-46c8-37f6-8aea-a3068cf388b0",
      "schema:address": [
        {
          "@id": "https://data.datatourisme.fr/ff86187b-22c3-3148-af78-437c8d25c0aa",
          "schema:addressLocality": "Porto-Vecchio",
          "schema:postalCode": "20137",
          "schema:streetAddress": [
            "Rue Henri Frenay"
          ],
          "@type": [
            "schema:PostalAddress",
            "PostalAddress"
          ],
          "hasAddressCity": {
            "@id": "kb:2A247",
            "@type": [
              "City"
            ],
            "rdfs:label": {
              "en": [
                "Porto-Vecchio"
              ],
              "fr": [
                "Porto-Vecchio"
              ]
            },
            "insee": "2A247",
            "isPartOfDepartment": {
              "@id": "kb:France942A",
              "@type": [
                "Department"
              ],
              "rdfs:label": {
                "en": [
                  "Corse-du-Sud"
                ],
                "fr": [
                  "Corse-du-Sud"
                ]
              },
              "insee": "2A",
              "isPartOfRegion": {
                "@id": "kb:France94",
                "@type": [
                  "Region"
                ],
                "rdfs:label": {
                  "en": [
                    "Corse"
                  ],
                  "fr": [
                    "Corse"
                  ]
                },
                "insee": "94",
                "isPartOfCountry": {
                  "@id": "kb:France",
                  "@type": [
                    "schema:Country"
                  ],
                  "rdfs:label": {
                    "de": [
                      "Frankreich"
                    ],
                    "pt": [
                      "França"
                    ],
                    "en": [
                      "France"
                    ],
                    "it": [
                      "Francia"
                    ],
                    "fr": [
                      "France"
                    ],
                    "nl": [
                      "Frankrijk"
                    ],
                    "es": [
                      "Francia"
                    ]
                  }
                }
              }
            }
          }
        }
      ],
      "schema:geo": {
        "@id": "https://data.datatourisme.fr/0343f579-3622-3246-bf56-6d47247ab462",
        "schema:latitude": "41.597303",
        "schema:longitude": "9.277991",
        "@type": [
          "schema:GeoCoordinates"
        ]
      },
      "schema:openingHoursSpecification": [
        {
          "@id": "https://data.datatourisme.fr/f87e535a-636d-3343-ad63-8a03392e7511",
          "schema:validFrom": "2023-01-01T00:00:00",
          "schema:validThrough": "2023-12-31T23:59:59",
          "@type": [
            "schema:OpeningHoursSpecification"
          ]
        }
      ],
      "@type": [
        "schema:Place",
        "Place"
      ]
    }
  ],
  "isOwnedBy": [
    {
      "@id": "https://data.datatourisme.fr/f5f950f9-5eec-32b4-a357-2c969ccf4068",
      "schema:email": [
        "camillef.omt@gmail.com",
        "direction@destination-sudcorse.com",
        "gestion@destination-sudcorse.com",
        "promotion@destination-sudcorse.com",
        "webmaster@destination-sudcorse.com"
      ],
      "schema:legalName": "Porto Vecchio Tourisme",
      "@type": [
        "schema:Organization",
        "foaf:Agent",
        "Agent"
      ],
      "foaf:homepage": [
        "http://www.ot-portovecchio.com/"
      ]
    }
  ],
  "lastUpdate": "2023-03-15",
  "lastUpdateDatatourisme": "2023-04-04T05:52:39.35Z",
  "offers": [
    {
      "@id": "https://data.datatourisme.fr/15ff9a4b-f3e8-30b3-9b82-18dd1f0f280d",
      "schema:priceSpecification": [
        {
          "@id": "https://data.datatourisme.fr/4bcfbf60-e645-388e-a9cc-a28205069aec",
          "schema:minPrice": [
            "100",
            "110",
            "132",
            "150",
            "180",
            "370"
          ],
          "schema:priceCurrency": "EUR",
          "@type": [
            "schema:PriceSpecification",
            "PriceSpecification"
          ],
          "appliesOnPeriod": [
            {
              "@id": "https://data.datatourisme.fr/a425afdf-3594-300b-b55e-1858bafa3fd4",
              "@type": [
                "Period"
              ],
              "endDate": "2023-12-31",
              "startDate": "2023-01-01"
            }
          ]
        },
        {
          "@id": "https://data.datatourisme.fr/524bc3af-4878-3ef1-9047-f98df3efee58",
          "schema:minPrice": [
            "100",
            "110",
            "132",
            "150",
            "180",
            "370"
          ],
          "schema:priceCurrency": "EUR",
          "@type": [
            "schema:PriceSpecification",
            "PriceSpecification"
          ],
          "appliesOnPeriod": [
            {
              "@id": "https://data.datatourisme.fr/0663ca4b-3470-3171-9053-39aa704e8f56",
              "@type": [
                "Period"
              ],
              "endDate": "2022-12-31",
              "startDate": "2022-01-01"
            }
          ]
        }
      ],
      "@type": [
        "schema:Offer",
        "Offer"
      ]
    }
  ]
}