{
  "@id": "https://data.datatourisme.fr/13/717bf149-f041-38b2-880a-df6238e5141d",
  "dc:identifier": "5324652",
  "@type": [
    "CityHeritage",
    "CulturalSite",
    "PlaceOfInterest",
    "PointOfInterest"
  ],
  "rdfs:comment": {
    "de": [
      "Entdecken Sie Occhiatana, das am Hang des Berges Pinzu Sordu erbaut wurde. Lassen Sie sich von der Poesie dieses charmanten Dorfes tragen. Hier werden Tradition und Moderne groß geschrieben."
    ],
    "en": [
      "Succumb to the poetic charm of Occhiatana. Built on the Pinzu Sordu mountainside, this beautiful village offers a magical blend of tradition and modernity."
    ],
    "it": [
      "Scoprite Occhiatana, costruita sul fianco del Monte Pinzu Sordu. Lasciatevi trasportare dalla poesia di questo incantevole villaggio. Qui, tradizione e modernità sono le parole chiave."
    ],
    "fr": [
      "Découvrez Occhiatana bâti à flanc du mont Pinzu Sordu. Laissez vous porter par la poésie de ce charmant village. Ici, tradition et modernité sont les maîtres mots."
    ],
    "nl": [
      "Ontdek Occhiatana, gebouwd op de zijkant van de berg Pinzu Sordu. Laat u meeslepen door de poëzie van dit charmante dorp. Traditie en moderniteit zijn hier de sleutelwoorden."
    ],
    "es": [
      "Descubra Occhiatana, construida en la ladera del monte Pinzu Sordu. Déjese llevar por la poesía de este encantador pueblo. Aquí, tradición y modernidad son las palabras clave."
    ]
  },
  "rdfs:label": {
    "fr": [
      "Occhiatana"
    ]
  },
  "owl:sameAs": [
    "http://www.wikidata.org/entity/Q273127"
  ],
  "hasBeenCreatedBy": {
    "@id": "https://data.datatourisme.fr/13/8d420fa3-5754-31f1-8199-69c88780314d",
    "dc:identifier": "1647",
    "schema:email": [
      "web@ileroussetourisme.com"
    ],
    "schema:legalName": "Office de Tourisme Intercommunal de L'Ile Rousse-Balagne",
    "@type": [
      "schema:Organization",
      "foaf:Agent",
      "Agent"
    ],
    "foaf:homepage": [
      "https://www.balagne-corsica.com/"
    ]
  },
  "hasBeenPublishedBy": [
    {
      "@id": "https://data.datatourisme.fr/8a9feb4b-2cbd-3d2c-b507-bd6c6776b23b",
      "schema:legalName": "Apidae Tourisme Scic SA - source : Apidae Tourisme",
      "@type": [
        "schema:Organization",
        "foaf:Agent",
        "Agent"
      ],
      "foaf:homepage": [
        "https://www.apidae-tourisme.com/"
      ]
    }
  ],
  "hasContact": [
    {
      "@id": "https://data.datatourisme.fr/90487943-3ae3-3f3c-ad13-53dbde801265",
      "schema:email": [
        "occhiatana@wanadoo.fr"
      ],
      "schema:telephone": [
        "+33 4 95 61 30 39"
      ],
      "@type": [
        "foaf:Agent",
        "Agent"
      ]
    }
  ],
  "hasDescription": [
    {
      "@id": "https://data.datatourisme.fr/000d2b4a-57f2-31f9-a781-d03801104e65",
      "@type": [
        "Description"
      ],
      "hasTranslatedProperty": [
        {
          "@id": "https://data.datatourisme.fr/4af71db2-30ad-3b14-a592-3d30429ae007",
          "dc:contributor": [
            "https://api.deepl.com/v2/translate"
          ],
          "rdf:language": [
            "es"
          ],
          "rdf:predicate": [
            "shortDescription"
          ]
        },
        {
          "@id": "https://data.datatourisme.fr/b3a3138b-7924-33fd-b84e-daae0edd686f",
          "dc:contributor": [
            "https://api.deepl.com/v2/translate"
          ],
          "rdf:language": [
            "de"
          ],
          "rdf:predicate": [
            "shortDescription"
          ]
        },
        {
          "@id": "https://data.datatourisme.fr/e6286174-faa9-3c0b-95d5-697082dff354",
          "dc:contributor": [
            "https://api.deepl.com/v2/translate"
          ],
          "rdf:language": [
            "nl"
          ],
          "rdf:predicate": [
            "shortDescription"
          ]
        },
        {
          "@id": "https://data.datatourisme.fr/eae1f7c0-f4e6-3205-b86a-b6eb3b58d89b",
          "dc:contributor": [
            "https://api.deepl.com/v2/translate"
          ],
          "rdf:language": [
            "it"
          ],
          "rdf:predicate": [
            "shortDescription"
          ]
        }
      ],
      "shortDescription": {
        "de": [
          "Entdecken Sie Occhiatana, das am Hang des Berges Pinzu Sordu erbaut wurde. Lassen Sie sich von der Poesie dieses charmanten Dorfes tragen. Hier werden Tradition und Moderne groß geschrieben."
        ],
        "en": [
          "Succumb to the poetic charm of Occhiatana. Built on the Pinzu Sordu mountainside, this beautiful village offers a magical blend of tradition and modernity."
        ],
        "it": [
          "Scoprite Occhiatana, costruita sul fianco del Monte Pinzu Sordu. Lasciatevi trasportare dalla poesia di questo incantevole villaggio. Qui, tradizione e modernità sono le parole chiave."
        ],
        "fr": [
          "Découvrez Occhiatana bâti à flanc du mont Pinzu Sordu. Laissez vous porter par la poésie de ce charmant village. Ici, tradition et modernité sont les maîtres mots."
        ],
        "nl": [
          "Ontdek Occhiatana, gebouwd op de zijkant van de berg Pinzu Sordu. Laat u meeslepen door de poëzie van dit charmante dorp. Traditie en moderniteit zijn hier de sleutelwoorden."
        ],
        "es": [
          "Descubra Occhiatana, construida en la ladera del monte Pinzu Sordu. Déjese llevar por la poesía de este encantador pueblo. Aquí, tradición y modernidad son las palabras clave."
        ]
      }
    }
  ],
  "hasRepresentation": [
    {
      "@id": "https://data.datatourisme.fr/ef355ad4-7dca-3784-bafe-3d7fd3f5142f",
      "ebucore:hasAnnotation": [
        {
          "@id": "https://data.datatourisme.fr/d5e40385-3549-38c6-8bf1-7a765b90d518",
          "ebucore:isCoveredBy": "CC BY-SA 3.0",
          "ebucore:title": [
            "Occhiatana-village"
          ],
          "@type": [
            "ebucore:Annotation"
          ],
          "credits": [
            "Pierre Bona (https://commons.wikimedia.org/wiki/User:Pierre_Bona)"
          ]
        }
      ],
      "ebucore:hasRelatedResource": [
        {
          "@id": "https://data.datatourisme.fr/ae99c091-0bf2-38a4-baaf-fa2c8d1f1c69",
          "ebucore:fileSize": [
            5485740
          ],
          "ebucore:hasMimeType": [
            {
              "@id": "kb:JPEG",
              "@type": [
                "ebucore:MimeType"
              ],
              "rdfs:comment": {
                "de": [
                  "JPEG-Bild"
                ],
                "pt": [
                  "Imagem JPEG"
                ],
                "en": [
                  "JPEG image file"
                ],
                "it": [
                  "Immagine JPEG"
                ],
                "fr": [
                  "Image JPEG"
                ],
                "nl": [
                  "JPEG-afbeelding"
                ],
                "es": [
                  "Imagen JPEG"
                ]
              },
              "rdfs:label": {
                "de": [
                  "image/jpeg"
                ],
                "pt": [
                  "image/jpeg"
                ],
                "en": [
                  "image/jpeg"
                ],
                "it": [
                  "image/jpeg"
                ],
                "fr": [
                  "image/jpeg"
                ],
                "nl": [
                  "image/jpeg"
                ],
                "es": [
                  "image/jpeg"
                ]
              }
            }
          ],
          "ebucore:height": 2352,
          "ebucore:locator": [
            "https://upload.wikimedia.org/wikipedia/commons/1/1c/Occhiatana-village.jpg"
          ],
          "ebucore:width": 3136,
          "@type": [
            "ebucore:Resource"
          ]
        }
      ],
      "@type": [
        "ebucore:EditorialObject"
      ]
    }
  ],
  "hasTheme": [
    {
      "@id": "kb:Culture",
      "@type": [
        "CulturalTheme"
      ],
      "rdfs:label": {
        "de": [
          "Kultur"
        ],
        "pt": [
          "Cultura"
        ],
        "en": [
          "Culture"
        ],
        "it": [
          "Cultura"
        ],
        "fr": [
          "Culture"
        ],
        "nl": [
          "Cultuur"
        ],
        "es": [
          "Cultura"
        ]
      }
    }
  ],
  "hasTranslatedProperty": [
    {
      "@id": "https://data.datatourisme.fr/0c7e0ffc-2a2e-34c8-84c6-116bd82da806",
      "dc:contributor": [
        "https://api.deepl.com/v2/translate"
      ],
      "rdf:language": [
        "de"
      ],
      "rdf:predicate": [
        {
          "@id": "rdfs:comment"
        }
      ]
    },
    {
      "@id": "https://data.datatourisme.fr/6fb8c293-c3fb-30d7-a7bc-bb6e2b4fde20",
      "dc:contributor": [
        "https://api.deepl.com/v2/translate"
      ],
      "rdf:language": [
        "it"
      ],
      "rdf:predicate": [
        {
          "@id": "rdfs:comment"
        }
      ]
    },
    {
      "@id": "https://data.datatourisme.fr/7a3fc79f-4ee7-3ba9-b7ef-4e148f7ee593",
      "dc:contributor": [
        "https://api.deepl.com/v2/translate"
      ],
      "rdf:language": [
        "es"
      ],
      "rdf:predicate": [
        {
          "@id": "rdfs:comment"
        }
      ]
    },
    {
      "@id": "https://data.datatourisme.fr/803a7840-bc16-3317-8192-4f2d4dcc0f3d",
      "dc:contributor": [
        "https://api.deepl.com/v2/translate"
      ],
      "rdf:language": [
        "nl"
      ],
      "rdf:predicate": [
        {
          "@id": "rdfs:comment"
        }
      ]
    }
  ],
  "isLocatedAt": [
    {
      "@id": "https://data.datatourisme.fr/c705c2cf-cc01-3286-a7ca-6df561c198bd",
      "schema:address": [
        {
          "@id": "https://data.datatourisme.fr/9f880f10-151c-34b6-8b96-47f2b82c5121",
          "schema:addressLocality": "Occhiatana",
          "schema:postalCode": "20226",
          "@type": [
            "schema:PostalAddress",
            "PostalAddress"
          ],
          "hasAddressCity": {
            "@id": "kb:2B182",
            "@type": [
              "City"
            ],
            "rdfs:label": {
              "en": [
                "Occhiatana"
              ],
              "fr": [
                "Occhiatana"
              ]
            },
            "insee": "2B182",
            "isPartOfDepartment": {
              "@id": "kb:France942B",
              "@type": [
                "Department"
              ],
              "rdfs:label": {
                "en": [
                  "Haute-Corse"
                ],
                "fr": [
                  "Haute-Corse"
                ]
              },
              "insee": "2B",
              "isPartOfRegion": {
                "@id": "kb:France94",
                "@type": [
                  "Region"
                ],
                "rdfs:label": {
                  "en": [
                    "Corse"
                  ],
                  "fr": [
                    "Corse"
                  ]
                },
                "insee": "94",
                "isPartOfCountry": {
                  "@id": "kb:France",
                  "@type": [
                    "schema:Country"
                  ],
                  "rdfs:label": {
                    "de": [
                      "Frankreich"
                    ],
                    "pt": [
                      "França"
                    ],
                    "en": [
                      "France"
                    ],
                    "it": [
                      "Francia"
                    ],
                    "fr": [
                      "France"
                    ],
                    "nl": [
                      "Frankrijk"
                    ],
                    "es": [
                      "Francia"
                    ]
                  }
                }
              }
            }
          }
        }
      ],
      "schema:geo": {
        "@id": "https://data.datatourisme.fr/868f2760-5cd5-3786-b610-3bba914e67a9",
        "schema:latitude": "42.574614",
        "schema:longitude": "9.009592",
        "@type": [
          "schema:GeoCoordinates"
        ]
      },
      "schema:openingHoursSpecification": [
        {
          "@id": "https://data.datatourisme.fr/f87e535a-636d-3343-ad63-8a03392e7511",
          "schema:validFrom": "2023-01-01T00:00:00",
          "schema:validThrough": "2023-12-31T23:59:59",
          "@type": [
            "schema:OpeningHoursSpecification"
          ]
        }
      ],
      "@type": [
        "schema:Place",
        "Place"
      ]
    }
  ],
  "isOwnedBy": [
    {
      "@id": "https://data.datatourisme.fr/252af22a-253d-33df-b9d7-204832749402",
      "schema:email": [
        "web@ileroussetourisme.com"
      ],
      "schema:legalName": "Office de Tourisme Intercommunal de L'Ile Rousse-Balagne",
      "@type": [
        "schema:Organization",
        "foaf:Agent",
        "Agent"
      ],
      "foaf:homepage": [
        "https://www.balagne-corsica.com/"
      ]
    }
  ],
  "lastUpdate": "2021-01-06",
  "lastUpdateDatatourisme": "2023-02-22T06:42:37.711Z"
}