{
  "@id": "https://data.datatourisme.fr/13/7c9a6451-e1c1-3ced-8abd-17b3eb4dc958",
  "dc:identifier": "5579672",
  "@type": [
    "schema:LocalBusiness",
    "PlaceOfInterest",
    "PointOfInterest",
    "SightseeingBoat",
    "SportsAndLeisurePlace"
  ],
  "rdfs:comment": {
    "de": [
      "Ein Tag auf einem Segeltörn, ein Vormittag beim Küstenfischen mit dem Boot. Wir stellen Ihre schönsten Urlaubserinnerungen her."
    ],
    "en": [
      "A day of sailing cruise, a morning of coastal fishing by boat. We make your most beautiful holiday memories."
    ],
    "it": [
      "Una giornata di navigazione, una mattinata di pesca costiera in barca. Creiamo i migliori ricordi delle vostre vacanze."
    ],
    "fr": [
      "Une journée de croisière à la voile, une matinée de pêche côtière en bateau. Nous fabriquons vos plus beaux souvenirs de vacances."
    ],
    "es": [
      "Un día de navegación, una mañana de pesca costera en barco. Creamos los mejores recuerdos de sus vacaciones."
    ],
    "nl": [
      "Een dag zeilen, een ochtend kustvissen per boot. Wij maken uw beste vakantieherinneringen."
    ]
  },
  "rdfs:label": {
    "fr": [
      "Bordemer Croisières"
    ]
  },
  "hasBeenCreatedBy": {
    "@id": "https://data.datatourisme.fr/13/84c6494d-3085-3c63-a55c-db8cb047fadd",
    "dc:identifier": "1738",
    "schema:email": [
      "camillef.omt@gmail.com",
      "direction@destination-sudcorse.com",
      "gestion@destination-sudcorse.com",
      "promotion@destination-sudcorse.com",
      "webmaster@destination-sudcorse.com"
    ],
    "schema:legalName": "Porto Vecchio Tourisme",
    "@type": [
      "schema:Organization",
      "foaf:Agent",
      "Agent"
    ],
    "foaf:homepage": [
      "http://www.ot-portovecchio.com/"
    ]
  },
  "hasBeenPublishedBy": [
    {
      "@id": "https://data.datatourisme.fr/8a9feb4b-2cbd-3d2c-b507-bd6c6776b23b",
      "schema:legalName": "Apidae Tourisme Scic SA - source : Apidae Tourisme",
      "@type": [
        "schema:Organization",
        "foaf:Agent",
        "Agent"
      ],
      "foaf:homepage": [
        "https://www.apidae-tourisme.com/"
      ]
    }
  ],
  "hasContact": [
    {
      "@id": "https://data.datatourisme.fr/22a90877-4ce9-3510-bd8a-e5fd7deec9c4",
      "schema:email": [
        "bordemer2a@orange.fr"
      ],
      "schema:telephone": [
        "+33 6 83 54 37 15"
      ],
      "@type": [
        "foaf:Agent",
        "Agent"
      ],
      "foaf:homepage": [
        "http://www.bordemer-croisieres.fr/"
      ]
    }
  ],
  "hasDescription": [
    {
      "@id": "https://data.datatourisme.fr/a128b1e4-824c-317d-95e3-b4a62f7fe0fa",
      "@type": [
        "Description"
      ],
      "hasTranslatedProperty": [
        {
          "@id": "https://data.datatourisme.fr/081e6ea1-1d81-3546-b3f8-0000abb5a66f",
          "dc:contributor": [
            "https://api.deepl.com/v2/translate"
          ],
          "rdf:language": [
            "de"
          ],
          "rdf:predicate": [
            "shortDescription"
          ]
        },
        {
          "@id": "https://data.datatourisme.fr/507d0a22-5089-3236-af7d-a18f19ec219a",
          "dc:contributor": [
            "https://api.deepl.com/v2/translate"
          ],
          "rdf:language": [
            "it"
          ],
          "rdf:predicate": [
            "shortDescription"
          ]
        },
        {
          "@id": "https://data.datatourisme.fr/93fab8b3-299a-3a6e-a1d5-80deb9f93abb",
          "dc:contributor": [
            "https://api.deepl.com/v2/translate"
          ],
          "rdf:language": [
            "en"
          ],
          "rdf:predicate": [
            "shortDescription"
          ]
        },
        {
          "@id": "https://data.datatourisme.fr/e407981a-2891-3387-ac41-91ef7f8712ba",
          "dc:contributor": [
            "https://api.deepl.com/v2/translate"
          ],
          "rdf:language": [
            "nl"
          ],
          "rdf:predicate": [
            "shortDescription"
          ]
        },
        {
          "@id": "https://data.datatourisme.fr/ec467415-ae16-3810-82c6-a71161a247e2",
          "dc:contributor": [
            "https://api.deepl.com/v2/translate"
          ],
          "rdf:language": [
            "es"
          ],
          "rdf:predicate": [
            "shortDescription"
          ]
        }
      ],
      "shortDescription": {
        "de": [
          "Ein Tag auf einem Segeltörn, ein Vormittag beim Küstenfischen mit dem Boot. Wir stellen Ihre schönsten Urlaubserinnerungen her."
        ],
        "en": [
          "A day of sailing cruise, a morning of coastal fishing by boat. We make your most beautiful holiday memories."
        ],
        "it": [
          "Una giornata di navigazione, una mattinata di pesca costiera in barca. Creiamo i migliori ricordi delle vostre vacanze."
        ],
        "fr": [
          "Une journée de croisière à la voile, une matinée de pêche côtière en bateau. Nous fabriquons vos plus beaux souvenirs de vacances."
        ],
        "es": [
          "Un día de navegación, una mañana de pesca costera en barco. Creamos los mejores recuerdos de sus vacaciones."
        ],
        "nl": [
          "Een dag zeilen, een ochtend kustvissen per boot. Wij maken uw beste vakantieherinneringen."
        ]
      }
    }
  ],
  "hasTheme": [
    {
      "@id": "kb:Fishing",
      "@type": [
        "SportsTheme"
      ],
      "rdfs:label": {
        "de": [
          "Fischerei"
        ],
        "pt": [
          "Pesca"
        ],
        "en": [
          "Fishing"
        ],
        "it": [
          "Pesca"
        ],
        "fr": [
          "Pêche"
        ],
        "nl": [
          "Visserij"
        ],
        "es": [
          "Pesca"
        ]
      }
    },
    {
      "@id": "kb:SeaFishing",
      "@type": [
        "SportsTheme"
      ],
      "rdfs:label": {
        "de": [
          "Meeresfischerei"
        ],
        "pt": [
          "Pesca no mar"
        ],
        "en": [
          "Sea fishing"
        ],
        "it": [
          "Pesca marittima"
        ],
        "fr": [
          "Pêche en mer"
        ],
        "nl": [
          "Zeevissen"
        ],
        "es": [
          "Pesca marítima"
        ]
      }
    }
  ],
  "hasTranslatedProperty": [
    {
      "@id": "https://data.datatourisme.fr/1fec7bef-9a95-303e-8186-ec0263575e81",
      "dc:contributor": [
        "https://api.deepl.com/v2/translate"
      ],
      "rdf:language": [
        "it"
      ],
      "rdf:predicate": [
        {
          "@id": "rdfs:comment"
        }
      ]
    },
    {
      "@id": "https://data.datatourisme.fr/42792202-db53-3575-89d3-3c1a1183d9cb",
      "dc:contributor": [
        "https://api.deepl.com/v2/translate"
      ],
      "rdf:language": [
        "en"
      ],
      "rdf:predicate": [
        {
          "@id": "rdfs:comment"
        }
      ]
    },
    {
      "@id": "https://data.datatourisme.fr/849bad04-ec39-3f4e-936b-2e5419302071",
      "dc:contributor": [
        "https://api.deepl.com/v2/translate"
      ],
      "rdf:language": [
        "es"
      ],
      "rdf:predicate": [
        {
          "@id": "rdfs:comment"
        }
      ]
    },
    {
      "@id": "https://data.datatourisme.fr/94a8214a-5f04-36a3-b415-2e7bbea25de5",
      "dc:contributor": [
        "https://api.deepl.com/v2/translate"
      ],
      "rdf:language": [
        "de"
      ],
      "rdf:predicate": [
        {
          "@id": "rdfs:comment"
        }
      ]
    },
    {
      "@id": "https://data.datatourisme.fr/d2f09795-9ce9-3dbf-8348-b7bb402750b1",
      "dc:contributor": [
        "https://api.deepl.com/v2/translate"
      ],
      "rdf:language": [
        "nl"
      ],
      "rdf:predicate": [
        {
          "@id": "rdfs:comment"
        }
      ]
    }
  ],
  "isLocatedAt": [
    {
      "@id": "https://data.datatourisme.fr/875aa7f7-9c15-3662-acae-d468a6dcb334",
      "schema:address": [
        {
          "@id": "https://data.datatourisme.fr/e3839e53-945c-3a71-915e-2e62c4f5c1b5",
          "schema:addressLocality": "Lecci",
          "schema:postalCode": "20137",
          "schema:streetAddress": [
            "Plage de Saint Cyprien"
          ],
          "@type": [
            "schema:PostalAddress",
            "PostalAddress"
          ],
          "hasAddressCity": {
            "@id": "kb:2A139",
            "@type": [
              "City"
            ],
            "rdfs:label": {
              "en": [
                "Lecci"
              ],
              "fr": [
                "Lecci"
              ]
            },
            "insee": "2A139",
            "isPartOfDepartment": {
              "@id": "kb:France942A",
              "@type": [
                "Department"
              ],
              "rdfs:label": {
                "en": [
                  "Corse-du-Sud"
                ],
                "fr": [
                  "Corse-du-Sud"
                ]
              },
              "insee": "2A",
              "isPartOfRegion": {
                "@id": "kb:France94",
                "@type": [
                  "Region"
                ],
                "rdfs:label": {
                  "en": [
                    "Corse"
                  ],
                  "fr": [
                    "Corse"
                  ]
                },
                "insee": "94",
                "isPartOfCountry": {
                  "@id": "kb:France",
                  "@type": [
                    "schema:Country"
                  ],
                  "rdfs:label": {
                    "de": [
                      "Frankreich"
                    ],
                    "pt": [
                      "França"
                    ],
                    "en": [
                      "France"
                    ],
                    "it": [
                      "Francia"
                    ],
                    "fr": [
                      "France"
                    ],
                    "nl": [
                      "Frankrijk"
                    ],
                    "es": [
                      "Francia"
                    ]
                  }
                }
              }
            }
          }
        }
      ],
      "schema:geo": {
        "@id": "https://data.datatourisme.fr/9e51f7b5-80f3-3026-8012-95f0ffc5e5d4",
        "schema:latitude": "41.635255",
        "schema:longitude": "9.348856",
        "@type": [
          "schema:GeoCoordinates"
        ]
      },
      "schema:openingHoursSpecification": [
        {
          "@id": "https://data.datatourisme.fr/c0cefff9-fe12-360d-a232-1f5bdee6aae8",
          "schema:validFrom": "2023-04-30T00:00:00",
          "schema:validThrough": "2023-09-29T23:59:59",
          "@type": [
            "schema:OpeningHoursSpecification"
          ],
          "additionalInformation": {
            "de": [
              "Montag, Dienstag, Mittwoch, Donnerstag, Freitag, Samstag, Sonntag: offen"
            ],
            "en": [
              "Monday, Tuesday, Wednesday, Thursday, Friday, Saturday, Sunday: open"
            ],
            "it": [
              "Lunedì, martedì, mercoledì, giovedì, venerdì, sabato, domenica: aperto"
            ],
            "fr": [
              "Lundi, Mardi, Mercredi, Jeudi, Vendredi, Samedi, Dimanche : ouvert"
            ],
            "nl": [
              "Maandag, dinsdag, woensdag, donderdag, vrijdag, zaterdag, zondag: open"
            ],
            "es": [
              "Lunes, martes, miércoles, jueves, viernes, sábado y domingo: abierto"
            ]
          },
          "hasTranslatedProperty": [
            {
              "@id": "https://data.datatourisme.fr/1267f142-9aa1-3b61-980d-2ec6bb025806",
              "dc:contributor": [
                "https://api.deepl.com/v2/translate"
              ],
              "rdf:language": [
                "it"
              ],
              "rdf:predicate": [
                "additionalInformation"
              ]
            },
            {
              "@id": "https://data.datatourisme.fr/23557fc5-1112-37f7-a40b-905cb6eadda9",
              "dc:contributor": [
                "https://api.deepl.com/v2/translate"
              ],
              "rdf:language": [
                "en"
              ],
              "rdf:predicate": [
                "additionalInformation"
              ]
            },
            {
              "@id": "https://data.datatourisme.fr/9af89882-886c-3553-ab94-f581656732df",
              "dc:contributor": [
                "https://api.deepl.com/v2/translate"
              ],
              "rdf:language": [
                "de"
              ],
              "rdf:predicate": [
                "additionalInformation"
              ]
            },
            {
              "@id": "https://data.datatourisme.fr/b2ac3496-20bf-3af3-ace7-73d9389dcf05",
              "dc:contributor": [
                "https://api.deepl.com/v2/translate"
              ],
              "rdf:language": [
                "nl"
              ],
              "rdf:predicate": [
                "additionalInformation"
              ]
            },
            {
              "@id": "https://data.datatourisme.fr/e2ee60de-d9f4-3c72-bff5-2ea01a62229d",
              "dc:contributor": [
                "https://api.deepl.com/v2/translate"
              ],
              "rdf:language": [
                "es"
              ],
              "rdf:predicate": [
                "additionalInformation"
              ]
            }
          ]
        }
      ],
      "@type": [
        "schema:Place",
        "Place"
      ]
    }
  ],
  "isOwnedBy": [
    {
      "@id": "https://data.datatourisme.fr/f5f950f9-5eec-32b4-a357-2c969ccf4068",
      "schema:email": [
        "camillef.omt@gmail.com",
        "direction@destination-sudcorse.com",
        "gestion@destination-sudcorse.com",
        "promotion@destination-sudcorse.com",
        "webmaster@destination-sudcorse.com"
      ],
      "schema:legalName": "Porto Vecchio Tourisme",
      "@type": [
        "schema:Organization",
        "foaf:Agent",
        "Agent"
      ],
      "foaf:homepage": [
        "http://www.ot-portovecchio.com/"
      ]
    }
  ],
  "lastUpdate": "2022-12-12",
  "lastUpdateDatatourisme": "2023-02-17T06:38:59.219Z",
  "offers": [
    {
      "@id": "https://data.datatourisme.fr/0b0ee3fe-85db-3368-967e-a2f9770ff39f",
      "schema:priceSpecification": [
        {
          "@id": "https://data.datatourisme.fr/e44c8d44-d19f-36dc-9a65-a59d2e7419f2",
          "schema:minPrice": [
            "70"
          ],
          "schema:priceCurrency": "EUR",
          "@type": [
            "schema:PriceSpecification",
            "PriceSpecification"
          ],
          "appliesOnPeriod": [
            {
              "@id": "https://data.datatourisme.fr/44962ce1-04b1-3fad-9bf0-2eb30bffe215",
              "@type": [
                "Period"
              ],
              "endDate": "2023-09-29",
              "startDate": "2023-04-30"
            }
          ]
        }
      ],
      "@type": [
        "schema:Offer",
        "Offer"
      ]
    }
  ]
}