{
  "@id": "https://data.datatourisme.fr/13/79c91462-6352-379b-9727-4242e7db5d1a",
  "dc:identifier": "5243358",
  "@type": [
    "schema:LocalBusiness",
    "CraftsmanShop",
    "PlaceOfInterest",
    "PointOfInterest",
    "Store"
  ],
  "rdfs:comment": {
    "de": [
      "Handwerklicher Besteckmacher in Porto-Vecchio."
    ],
    "en": [
      "Artisan cutlery maker in Porto-Vecchio."
    ],
    "it": [
      "Coltelleria artigianale a Porto-Vecchio."
    ],
    "fr": [
      "Venez découvrir notre boutique d'artisanat ! La coutellerie présente le travail de l'artisan coutelier Mickael Vuillien et d'autres artisans, poterie corse, bijoux, liège, etc..."
    ],
    "es": [
      "¡Venga a descubrir nuestra tienda de artesanía! La cuchillería presenta el trabajo del cuchillero Mickael Vuillien y otros artesanos, cerámica corsa, joyas, corcho, etc."
    ],
    "nl": [
      "Ambachtelijke bestekmaker in Porto-Vecchio."
    ]
  },
  "rdfs:label": {
    "fr": [
      "Artillartigiani"
    ]
  },
  "hasBeenCreatedBy": {
    "@id": "https://data.datatourisme.fr/13/84c6494d-3085-3c63-a55c-db8cb047fadd",
    "dc:identifier": "1738",
    "schema:email": [
      "camillef.omt@gmail.com",
      "direction@destination-sudcorse.com",
      "gestion@destination-sudcorse.com",
      "promotion@destination-sudcorse.com",
      "webmaster@destination-sudcorse.com"
    ],
    "schema:legalName": "Porto Vecchio Tourisme",
    "@type": [
      "schema:Organization",
      "foaf:Agent",
      "Agent"
    ],
    "foaf:homepage": [
      "http://www.ot-portovecchio.com/"
    ]
  },
  "hasBeenPublishedBy": [
    {
      "@id": "https://data.datatourisme.fr/8a9feb4b-2cbd-3d2c-b507-bd6c6776b23b",
      "schema:legalName": "Apidae Tourisme Scic SA - source : Apidae Tourisme",
      "@type": [
        "schema:Organization",
        "foaf:Agent",
        "Agent"
      ],
      "foaf:homepage": [
        "https://www.apidae-tourisme.com/"
      ]
    }
  ],
  "hasContact": [
    {
      "@id": "https://data.datatourisme.fr/5de62e44-8001-3d8e-abdd-7e6ddb57d080",
      "schema:email": [
        "christele.nicolas@orange.fr"
      ],
      "schema:telephone": [
        "+33 6 13 86 29 47",
        "+33 6 21 96 28 13"
      ],
      "@type": [
        "foaf:Agent",
        "Agent"
      ]
    }
  ],
  "hasDescription": [
    {
      "@id": "https://data.datatourisme.fr/9c729713-41dd-31f9-9c50-91d3db3aa5de",
      "@type": [
        "Description"
      ],
      "hasTranslatedProperty": [
        {
          "@id": "https://data.datatourisme.fr/7e581b58-b882-37f9-b6a0-761b83ca6413",
          "dc:contributor": [
            "https://api.deepl.com/v2/translate"
          ],
          "rdf:language": [
            "es"
          ],
          "rdf:predicate": [
            "shortDescription"
          ]
        }
      ],
      "shortDescription": {
        "de": [
          "Handwerklicher Besteckmacher in Porto-Vecchio."
        ],
        "en": [
          "Artisan cutlery maker in Porto-Vecchio."
        ],
        "it": [
          "Coltelleria artigianale a Porto-Vecchio."
        ],
        "fr": [
          "Venez découvrir notre boutique d'artisanat ! La coutellerie présente le travail de l'artisan coutelier Mickael Vuillien et d'autres artisans, poterie corse, bijoux, liège, etc..."
        ],
        "es": [
          "¡Venga a descubrir nuestra tienda de artesanía! La cuchillería presenta el trabajo del cuchillero Mickael Vuillien y otros artesanos, cerámica corsa, joyas, corcho, etc."
        ],
        "nl": [
          "Ambachtelijke bestekmaker in Porto-Vecchio."
        ]
      }
    }
  ],
  "hasTranslatedProperty": [
    {
      "@id": "https://data.datatourisme.fr/b80bf635-3d6a-3e25-860b-e5000fdc32e8",
      "dc:contributor": [
        "https://api.deepl.com/v2/translate"
      ],
      "rdf:language": [
        "es"
      ],
      "rdf:predicate": [
        {
          "@id": "rdfs:comment"
        }
      ]
    }
  ],
  "isLocatedAt": [
    {
      "@id": "https://data.datatourisme.fr/0ccac30c-500b-3a74-9b50-629e31d3701d",
      "schema:address": [
        {
          "@id": "https://data.datatourisme.fr/5ffdd734-fa33-3f31-9fa4-8f8a6e7522d5",
          "schema:addressLocality": "Porto-Vecchio",
          "schema:postalCode": "20137",
          "schema:streetAddress": [
            "Rue Renuccio della Rocca"
          ],
          "@type": [
            "schema:PostalAddress",
            "PostalAddress"
          ],
          "hasAddressCity": {
            "@id": "kb:2A247",
            "@type": [
              "City"
            ],
            "rdfs:label": {
              "en": [
                "Porto-Vecchio"
              ],
              "fr": [
                "Porto-Vecchio"
              ]
            },
            "insee": "2A247",
            "isPartOfDepartment": {
              "@id": "kb:France942A",
              "@type": [
                "Department"
              ],
              "rdfs:label": {
                "en": [
                  "Corse-du-Sud"
                ],
                "fr": [
                  "Corse-du-Sud"
                ]
              },
              "insee": "2A",
              "isPartOfRegion": {
                "@id": "kb:France94",
                "@type": [
                  "Region"
                ],
                "rdfs:label": {
                  "en": [
                    "Corse"
                  ],
                  "fr": [
                    "Corse"
                  ]
                },
                "insee": "94",
                "isPartOfCountry": {
                  "@id": "kb:France",
                  "@type": [
                    "schema:Country"
                  ],
                  "rdfs:label": {
                    "de": [
                      "Frankreich"
                    ],
                    "pt": [
                      "França"
                    ],
                    "en": [
                      "France"
                    ],
                    "it": [
                      "Francia"
                    ],
                    "fr": [
                      "France"
                    ],
                    "nl": [
                      "Frankrijk"
                    ],
                    "es": [
                      "Francia"
                    ]
                  }
                }
              }
            }
          }
        }
      ],
      "schema:geo": {
        "@id": "https://data.datatourisme.fr/bd6bbf15-bdcc-3d8a-9775-ce09f18c96f9",
        "schema:latitude": "41.59",
        "schema:longitude": "9.2782",
        "@type": [
          "schema:GeoCoordinates"
        ]
      },
      "schema:openingHoursSpecification": [
        {
          "@id": "https://data.datatourisme.fr/0888c1d4-45aa-374b-86be-2a70fd0d72c1",
          "schema:validFrom": "2023-03-07T00:00:00",
          "schema:validThrough": "2023-12-31T23:59:59",
          "@type": [
            "schema:OpeningHoursSpecification"
          ],
          "additionalInformation": {
            "de": [
              "Montag, Dienstag, Mittwoch, Donnerstag, Freitag, Samstag, Sonntag: offen\n\nMontag, Dienstag, Mittwoch, Donnerstag, Freitag, Samstag, Sonntag: 9ha12h30 und 14h30 19h30 Ab Juni ist der Laden durchgehend geöffnet\n\nvom 20. Juni bis 15. September von 9:00 bis 23:00 Uhr"
            ],
            "en": [
              "Monday, Tuesday, Wednesday, Thursday, Friday, Saturday, Sunday: open\n\nMonday, Tuesday, Wednesday, Thursday, Friday, Saturday, Sunday: 9am-12:30pm and 2:30pm-7:30pm from June the store is open continuously\n\nfrom June 20th to September 15th from 9am to 11pm"
            ],
            "it": [
              "Lunedì, martedì, mercoledì, giovedì, venerdì, sabato, domenica: aperto\n\nLunedì, martedì, mercoledì, giovedì, venerdì, sabato, domenica: dalle 9.00 alle 12.30 e dalle 14.30 alle 19.30. Da giugno in poi il negozio è aperto ininterrottamente\n\ndal 20 giugno al 15 settembre dalle 9.00 alle 23.00"
            ],
            "fr": [
              "Lundi, Mardi, Mercredi, Jeudi, Vendredi, Samedi, Dimanche : ouvert\n\nLundi, Mardi, Mercredi, Jeudi, Vendredi, Samedi, Dimanche : 9ha12h30 et 14h30 19h30 a partir de juin la boutique est ouverte en continue \n\ndu 20 juin au 15 septembre de 9h a 23h"
            ],
            "nl": [
              "Maandag, dinsdag, woensdag, donderdag, vrijdag, zaterdag, zondag: open\n\nMaandag, dinsdag, woensdag, donderdag, vrijdag, zaterdag, zondag: 9.00-12.30 uur en 14.30-19.30 uur Vanaf juni is de winkel doorlopend geopend\n\nvan 20 juni tot 15 september van 9 tot 23 uur"
            ],
            "es": [
              "Lunes, martes, miércoles, jueves, viernes, sábado y domingo: abierto\n\nLunes, martes, miércoles, jueves, viernes, sábado y domingo: de 9:00 a 12:30 y de 14:30 a 19:30. A partir de junio, la tienda abre de forma continua\n\ndel 20 de junio al 15 de septiembre de 9 a 23 horas"
            ]
          },
          "hasTranslatedProperty": [
            {
              "@id": "https://data.datatourisme.fr/263eaa02-b320-3a40-a3c0-136d7e373c15",
              "dc:contributor": [
                "https://api.deepl.com/v2/translate"
              ],
              "rdf:language": [
                "en"
              ],
              "rdf:predicate": [
                "additionalInformation"
              ]
            },
            {
              "@id": "https://data.datatourisme.fr/3eb12fd6-7fa8-35a0-ada9-09a2ec2ab672",
              "dc:contributor": [
                "https://api.deepl.com/v2/translate"
              ],
              "rdf:language": [
                "es"
              ],
              "rdf:predicate": [
                "additionalInformation"
              ]
            },
            {
              "@id": "https://data.datatourisme.fr/6d3c1cd6-2253-3705-a9e7-acaa43d63530",
              "dc:contributor": [
                "https://api.deepl.com/v2/translate"
              ],
              "rdf:language": [
                "nl"
              ],
              "rdf:predicate": [
                "additionalInformation"
              ]
            },
            {
              "@id": "https://data.datatourisme.fr/83cfe638-ff4c-3e02-be61-68ed648e15de",
              "dc:contributor": [
                "https://api.deepl.com/v2/translate"
              ],
              "rdf:language": [
                "de"
              ],
              "rdf:predicate": [
                "additionalInformation"
              ]
            },
            {
              "@id": "https://data.datatourisme.fr/bc3653a3-a726-35ab-a98a-376a5abc4700",
              "dc:contributor": [
                "https://api.deepl.com/v2/translate"
              ],
              "rdf:language": [
                "it"
              ],
              "rdf:predicate": [
                "additionalInformation"
              ]
            }
          ]
        }
      ],
      "@type": [
        "schema:Place",
        "Place"
      ]
    }
  ],
  "isOwnedBy": [
    {
      "@id": "https://data.datatourisme.fr/f5f950f9-5eec-32b4-a357-2c969ccf4068",
      "schema:email": [
        "camillef.omt@gmail.com",
        "direction@destination-sudcorse.com",
        "gestion@destination-sudcorse.com",
        "promotion@destination-sudcorse.com",
        "webmaster@destination-sudcorse.com"
      ],
      "schema:legalName": "Porto Vecchio Tourisme",
      "@type": [
        "schema:Organization",
        "foaf:Agent",
        "Agent"
      ],
      "foaf:homepage": [
        "http://www.ot-portovecchio.com/"
      ]
    }
  ],
  "lastUpdate": "2023-02-06",
  "lastUpdateDatatourisme": "2023-02-07T06:39:35.1Z"
}