{
  "@id": "https://data.datatourisme.fr/13/7981779e-cab1-3ded-9191-d6c8d02b37ed",
  "dc:identifier": "5030238",
  "@type": [
    "schema:LocalBusiness",
    "schema:TouristInformationCenter",
    "LocalTouristOffice",
    "PlaceOfInterest",
    "PointOfInterest",
    "Store",
    "TouristInformationCenter"
  ],
  "rdfs:comment": {
    "de": [
      "Das interkommunale Fremdenverkehrsamt Calvi-Balagne empfängt Sie das ganze Jahr über in seinen Büros am Jachthafen mit Blick auf das Meer und die Berge.\r\nIn der Saison ist ein Empfangsbüro am Eingang der Zitadelle aus dem 13."
    ],
    "en": [
      "Calvi-Balagne Tourist Office welcomes you all year round to the marina branch with views over the sea and the mountains. During the summer season, another outlet opens at the entrance to the 13th-century Citadel."
    ],
    "it": [
      "L'Ufficio Intercomunale del Turismo di Calvi-Balagne vi accoglie tutto l'anno nei suoi uffici nel porto turistico con vista sul mare e sulle montagne.\r\nDurante la stagione, all'ingresso della Cittadella del XIII secolo è aperto un ufficio di accoglienza."
    ],
    "fr": [
      "L'Office de Tourisme Intercommunal Calvi-Balagne vous accueille toute l'année dans ses bureaux du port de plaisance avec vue sur la mer et les montagnes.\r\nEn saison, un bureau d'accueil est ouvert à l'entrée de la Citadelle du XIIIème siècle."
    ],
    "es": [
      "La Oficina Intermunicipal de Turismo de Calvi-Balagne le acoge todo el año en sus oficinas del puerto deportivo con vistas al mar y a la montaña.\r\nEn temporada, una oficina de recepción está abierta en la entrada de la Ciudadela del siglo XIII."
    ],
    "nl": [
      "Het Intercommunaal Bureau voor Toerisme van Calvi-Balagne ontvangt u het hele jaar door in zijn kantoren in de jachthaven met uitzicht op de zee en de bergen.\r\nIn het seizoen is er een receptie geopend bij de ingang van de 13e eeuwse Citadel."
    ]
  },
  "rdfs:label": {
    "en": [
      "Calvi-Balagne Tourist Office"
    ],
    "it": [
      "Ufficio Turistico Calvi-balagne"
    ],
    "fr": [
      "Office de Tourisme Calvi Balagne"
    ]
  },
  "hasBeenCreatedBy": {
    "@id": "https://data.datatourisme.fr/13/e4873aa9-a05c-35ed-8395-61d121516766",
    "dc:identifier": "1646",
    "schema:email": [
      "info@balagne-corsica.com"
    ],
    "schema:legalName": "Office de Tourisme Intercommunal Calvi - Balagne",
    "@type": [
      "schema:Organization",
      "foaf:Agent",
      "Agent"
    ],
    "foaf:homepage": [
      "https://www.balagne-corsica.com/"
    ]
  },
  "hasBeenPublishedBy": [
    {
      "@id": "https://data.datatourisme.fr/8a9feb4b-2cbd-3d2c-b507-bd6c6776b23b",
      "schema:legalName": "Apidae Tourisme Scic SA - source : Apidae Tourisme",
      "@type": [
        "schema:Organization",
        "foaf:Agent",
        "Agent"
      ],
      "foaf:homepage": [
        "https://www.apidae-tourisme.com/"
      ]
    }
  ],
  "hasContact": [
    {
      "@id": "https://data.datatourisme.fr/b61eccab-9618-3fb5-b2a0-88aecb8fd3cb",
      "schema:email": [
        "receptif@calvi-tourisme.corsica",
        "resa@calvi-tourisme.corsica",
        "tourisme@balagne-corsica.com"
      ],
      "schema:telephone": [
        "+33 4 95 65 16 67",
        "+33 4 95 65 92 90"
      ],
      "@type": [
        "foaf:Agent",
        "Agent"
      ],
      "foaf:homepage": [
        "https://www.balagne-corsica.com/"
      ]
    }
  ],
  "hasDescription": [
    {
      "@id": "https://data.datatourisme.fr/7cad23d5-6a1e-3efa-8d5f-a33e82093eb1",
      "@type": [
        "Description"
      ],
      "hasTranslatedProperty": [
        {
          "@id": "https://data.datatourisme.fr/38784b99-cdee-3798-90b1-face257c0ef3",
          "dc:contributor": [
            "https://api.deepl.com/v2/translate"
          ],
          "rdf:language": [
            "de"
          ],
          "rdf:predicate": [
            "shortDescription"
          ]
        },
        {
          "@id": "https://data.datatourisme.fr/9682e9a2-8d3a-3000-8e91-521d05524075",
          "dc:contributor": [
            "https://api.deepl.com/v2/translate"
          ],
          "rdf:language": [
            "es"
          ],
          "rdf:predicate": [
            "shortDescription"
          ]
        },
        {
          "@id": "https://data.datatourisme.fr/f69d5669-c8e4-3ae6-a9f9-712cb2cfa391",
          "dc:contributor": [
            "https://api.deepl.com/v2/translate"
          ],
          "rdf:language": [
            "nl"
          ],
          "rdf:predicate": [
            "shortDescription"
          ]
        }
      ],
      "shortDescription": {
        "de": [
          "Das interkommunale Fremdenverkehrsamt Calvi-Balagne empfängt Sie das ganze Jahr über in seinen Büros am Jachthafen mit Blick auf das Meer und die Berge.\r\nIn der Saison ist ein Empfangsbüro am Eingang der Zitadelle aus dem 13."
        ],
        "en": [
          "Calvi-Balagne Tourist Office welcomes you all year round to the marina branch with views over the sea and the mountains. During the summer season, another outlet opens at the entrance to the 13th-century Citadel."
        ],
        "it": [
          "L'Ufficio Intercomunale del Turismo di Calvi-Balagne vi accoglie tutto l'anno nei suoi uffici nel porto turistico con vista sul mare e sulle montagne.\r\nDurante la stagione, all'ingresso della Cittadella del XIII secolo è aperto un ufficio di accoglienza."
        ],
        "fr": [
          "L'Office de Tourisme Intercommunal Calvi-Balagne vous accueille toute l'année dans ses bureaux du port de plaisance avec vue sur la mer et les montagnes.\r\nEn saison, un bureau d'accueil est ouvert à l'entrée de la Citadelle du XIIIème siècle."
        ],
        "es": [
          "La Oficina Intermunicipal de Turismo de Calvi-Balagne le acoge todo el año en sus oficinas del puerto deportivo con vistas al mar y a la montaña.\r\nEn temporada, una oficina de recepción está abierta en la entrada de la Ciudadela del siglo XIII."
        ],
        "nl": [
          "Het Intercommunaal Bureau voor Toerisme van Calvi-Balagne ontvangt u het hele jaar door in zijn kantoren in de jachthaven met uitzicht op de zee en de bergen.\r\nIn het seizoen is er een receptie geopend bij de ingang van de 13e eeuwse Citadel."
        ]
      }
    }
  ],
  "hasTranslatedProperty": [
    {
      "@id": "https://data.datatourisme.fr/51fc9662-da42-345e-87b4-f281725aa985",
      "dc:contributor": [
        "https://api.deepl.com/v2/translate"
      ],
      "rdf:language": [
        "es"
      ],
      "rdf:predicate": [
        {
          "@id": "rdfs:comment"
        }
      ]
    },
    {
      "@id": "https://data.datatourisme.fr/79401128-380c-3d19-98bc-92dd4bde531d",
      "dc:contributor": [
        "https://api.deepl.com/v2/translate"
      ],
      "rdf:language": [
        "de"
      ],
      "rdf:predicate": [
        {
          "@id": "rdfs:comment"
        }
      ]
    },
    {
      "@id": "https://data.datatourisme.fr/e93ff7b3-6dab-37ce-ba8c-67a380c78fc8",
      "dc:contributor": [
        "https://api.deepl.com/v2/translate"
      ],
      "rdf:language": [
        "nl"
      ],
      "rdf:predicate": [
        {
          "@id": "rdfs:comment"
        }
      ]
    }
  ],
  "isLocatedAt": [
    {
      "@id": "https://data.datatourisme.fr/9059311d-e44f-3393-a5e6-df0697062435",
      "schema:address": [
        {
          "@id": "https://data.datatourisme.fr/8191dd0b-6da3-38bb-a57a-adc7c0b1a598",
          "schema:addressLocality": "Calvi",
          "schema:postalCode": "20260",
          "schema:streetAddress": [
            "Chemin de la Plage",
            "Port de Plaisance"
          ],
          "@type": [
            "schema:PostalAddress",
            "PostalAddress"
          ],
          "hasAddressCity": {
            "@id": "kb:2B050",
            "@type": [
              "City"
            ],
            "rdfs:label": {
              "en": [
                "Calvi"
              ],
              "fr": [
                "Calvi"
              ]
            },
            "insee": "2B050",
            "isPartOfDepartment": {
              "@id": "kb:France942B",
              "@type": [
                "Department"
              ],
              "rdfs:label": {
                "en": [
                  "Haute-Corse"
                ],
                "fr": [
                  "Haute-Corse"
                ]
              },
              "insee": "2B",
              "isPartOfRegion": {
                "@id": "kb:France94",
                "@type": [
                  "Region"
                ],
                "rdfs:label": {
                  "en": [
                    "Corse"
                  ],
                  "fr": [
                    "Corse"
                  ]
                },
                "insee": "94",
                "isPartOfCountry": {
                  "@id": "kb:France",
                  "@type": [
                    "schema:Country"
                  ],
                  "rdfs:label": {
                    "de": [
                      "Frankreich"
                    ],
                    "pt": [
                      "França"
                    ],
                    "en": [
                      "France"
                    ],
                    "it": [
                      "Francia"
                    ],
                    "fr": [
                      "France"
                    ],
                    "nl": [
                      "Frankrijk"
                    ],
                    "es": [
                      "Francia"
                    ]
                  }
                }
              }
            }
          }
        }
      ],
      "schema:geo": {
        "@id": "https://data.datatourisme.fr/c17c3e19-3406-3940-aa2e-6817631ce933",
        "schema:latitude": "42.565109",
        "schema:longitude": "8.75635",
        "@type": [
          "schema:GeoCoordinates"
        ]
      },
      "schema:openingHoursSpecification": [
        {
          "@id": "https://data.datatourisme.fr/1e48a3ba-08e4-326e-97b3-4e11ab13684a",
          "schema:validFrom": "2023-01-01T00:00:00",
          "schema:validThrough": "2023-12-31T23:59:59",
          "@type": [
            "schema:OpeningHoursSpecification"
          ],
          "additionalInformation": {
            "de": [
              "Hafenbüros :\r\n\r\nVon Ende September bis Anfang April: Montag bis Freitag von 9:00 bis 12:00 Uhr und von 14:00 bis 18:00 Uhr - Samstag und Sonntag geschlossen\r\n\r\n- Ab 08/04 bis 12/06: Montag bis Samstag von 9:00 bis 12:00 Uhr und von 14:00 bis 18:00 Uhr - sonntags geschlossen.\r\n\r\n- Ab dem 13/06 bis zum 18/09: Montag bis Freitag: 9.00 bis 18.15 Uhr nonstop - Samstag: 10.00 bis 17.15 Uhr (mit einer halben Stunde Schließzeit von 13.00 bis 13.30 Uhr) - Sonntag: 9.30 bis 12.45 Uhr"
            ],
            "en": [
              "Marina Offices:\r\n\r\nFrom the end of September to the beginning of April: Monday to Friday from 9:00 am to 12:00 pm and from 2:00 pm to 6:00 pm - closed Saturday and Sunday\r\n\r\n- From 08/04 to 12/06: Monday to Saturday from 9am to 12pm and from 2pm to 6pm - Closed on Sunday.\r\n\r\n- From 13/06 to 18/09: Monday to Friday: from 9:00 am to 6:15 pm non stop - Saturday from 10:00 am to 5:15 pm (with 1/2 hour closing time from 1:00 pm to 1:30 pm) - Sunday from 9:30 am to 12:45 pm"
            ],
            "it": [
              "Uffici della Marina :\r\n\r\nDa fine settembre a inizio aprile: dal lunedì al venerdì dalle 9.00 alle 12.00 e dalle 14.00 alle 18.00 - sabato e domenica chiuso\r\n\r\n- Dal 08/04 al 12/06: dal lunedì al sabato dalle 9.00 alle 12.00 e dalle 14.00 alle 18.00 - chiuso la domenica.\r\n\r\n- Dal 13/06 al 18/09: dal lunedì al venerdì: dalle 9.00 alle 18.15 senza interruzioni - sabato dalle 10.00 alle 17.15 (con mezz'ora di chiusura dalle 13.00 alle 13.30) - domenica dalle 9.30 alle 12.45"
            ],
            "fr": [
              "Bureaux du port de plaisance :\r\n\r\nDe fin Septembre à début Avril : du lundi au vendredi de 9h00 à 12h00 et de 14h00 à 18h00 - fermé samedi et dimanche \r\n\r\n- A partir du 08/04 au 12/06 : du lundi au samedi de 9h00 à 12h00 et de 14h00 à 18h00 - Fermé le dimanche. \r\n\r\n- A partir du 13/06 jusqu'au 18/09: du lundi au vendredi : de 9h00 à 18h15 non stop - Samedi de 10h00 à 17h15  (avec 1/2 heure de fermeture de 13h à 13h30) - Dimanche de 9h30 à 12h45"
            ],
            "es": [
              "Oficinas del puerto deportivo :\r\n\r\nDe finales de septiembre a principios de abril: de lunes a viernes de 9:00 a 12:00 y de 14:00 a 18:00 - sábado y domingo cerrado\r\n\r\n- Del 08/04 al 12/06: De lunes a sábado de 9h a 12h y de 14h a 18h - Cerrado el domingo.\r\n\r\n- Del 13/06 al 18/09: De lunes a viernes: de 9.00 a 18.15 h ininterrumpidamente - Sábado de 10.00 a 17.15 h (con media hora de cierre de 13.00 a 13.30 h) - Domingo de 9.30 a 12.45 h"
            ],
            "nl": [
              "Marina kantoren :\r\n\r\nVan eind september tot begin april: maandag tot vrijdag van 9 tot 12 uur en van 14 tot 18 uur - zaterdag en zondag gesloten\r\n\r\n- Van 08/04 tot 12/06: maandag tot zaterdag van 9u tot 12u en van 14u tot 18u - gesloten op zondag.\r\n\r\n- Van 13/06 tot 18/09: maandag tot vrijdag: 9u tot 18u15 non-stop - zaterdag 10u tot 17u15 (met een sluitingstijd van een half uur van 13u tot 13u30) - zondag 9u30 tot 12u45"
            ]
          },
          "hasTranslatedProperty": [
            {
              "@id": "https://data.datatourisme.fr/5fbcd5a2-e7f1-3e1b-a4e0-2927e21eeecd",
              "dc:contributor": [
                "https://api.deepl.com/v2/translate"
              ],
              "rdf:language": [
                "nl"
              ],
              "rdf:predicate": [
                "additionalInformation"
              ]
            },
            {
              "@id": "https://data.datatourisme.fr/903ac317-7aac-3151-855c-a4ecee3417e7",
              "dc:contributor": [
                "https://api.deepl.com/v2/translate"
              ],
              "rdf:language": [
                "it"
              ],
              "rdf:predicate": [
                "additionalInformation"
              ]
            },
            {
              "@id": "https://data.datatourisme.fr/9cd13a70-ff5b-3058-bd32-99eea5ae0800",
              "dc:contributor": [
                "https://api.deepl.com/v2/translate"
              ],
              "rdf:language": [
                "es"
              ],
              "rdf:predicate": [
                "additionalInformation"
              ]
            },
            {
              "@id": "https://data.datatourisme.fr/b422b600-a402-3666-be21-3af3fb8b9819",
              "dc:contributor": [
                "https://api.deepl.com/v2/translate"
              ],
              "rdf:language": [
                "de"
              ],
              "rdf:predicate": [
                "additionalInformation"
              ]
            },
            {
              "@id": "https://data.datatourisme.fr/fe9d0d85-e00e-304a-a2e3-58e4098942f4",
              "dc:contributor": [
                "https://api.deepl.com/v2/translate"
              ],
              "rdf:language": [
                "en"
              ],
              "rdf:predicate": [
                "additionalInformation"
              ]
            }
          ]
        }
      ],
      "@type": [
        "schema:Place",
        "Place"
      ]
    }
  ],
  "isOwnedBy": [
    {
      "@id": "https://data.datatourisme.fr/194c52e6-bbae-33dc-8464-caca97844fbb",
      "schema:email": [
        "info@balagne-corsica.com"
      ],
      "schema:legalName": "Office de Tourisme Intercommunal Calvi - Balagne",
      "@type": [
        "schema:Organization",
        "foaf:Agent",
        "Agent"
      ],
      "foaf:homepage": [
        "https://www.balagne-corsica.com/"
      ]
    }
  ],
  "lastUpdate": "2023-03-31",
  "lastUpdateDatatourisme": "2023-04-01T05:50:20.105Z"
}