{
  "@id": "https://data.datatourisme.fr/13/5016138c-9227-3031-8423-b03c0b81e6b5",
  "dc:identifier": "5324677",
  "@type": [
    "CityHeritage",
    "CulturalSite",
    "PlaceOfInterest",
    "PointOfInterest"
  ],
  "rdfs:comment": {
    "de": [
      "Ein Dorf mit blonden Häusern und azurblauen Fensterläden liegt vor Ihnen: Pigna. Lassen Sie sich von diesem Dorf verzaubern, das wie ein Phönix aus der Asche auferstanden ist. Steine und Lehm vermischen sich mit Tuffstein und verleihen diesem Dorf seine ganze Pracht von einst."
    ],
    "en": [
      "A village of flaxen houses with sky-blue shutters awaits you. This is Pigna, a delightful village which has re-emerged like a phoenix from the ashes. A blend of stone, clay and tuff has returned this place to its former splendour."
    ],
    "it": [
      "Un villaggio con case bionde e persiane blu vi aspetta: Pigna. Lasciatevi incantare da questo villaggio che, come una fenice, è risorto dalle sue ceneri. Pietre e argilla si mescolano al tufo per dare a questo villaggio tutto il suo superbo passato."
    ],
    "fr": [
      "Un village aux maisons blondes et aux volets azur vous tend les bras : C’est Pigna. Laissez vous charmer par ce village qui tel un phoenix a su renaître de ses cendres. Pierres et glaise se mêlent au tuf pour donner à ce village toute sa superbe d’antan."
    ],
    "es": [
      "Te espera un pueblo de casas rubias y persianas azules: Pigna. Déjese encantar por este pueblo que, como un ave fénix, ha resurgido de sus cenizas. Las piedras y la arcilla se mezclan con la toba para dar a este pueblo todo su soberbio pasado."
    ],
    "nl": [
      "Een dorp met blonde huizen en blauwe luiken wacht op u: Pigna. Laat u betoveren door dit dorp dat als een feniks uit zijn as is herrezen. Stenen en klei vermengen zich met tufsteen en geven dit dorp zijn prachtige verleden."
    ]
  },
  "rdfs:label": {
    "fr": [
      "Pigna"
    ]
  },
  "owl:sameAs": [
    "http://www.wikidata.org/entity/Q1157213"
  ],
  "hasBeenCreatedBy": {
    "@id": "https://data.datatourisme.fr/13/8d420fa3-5754-31f1-8199-69c88780314d",
    "dc:identifier": "1647",
    "schema:email": [
      "web@ileroussetourisme.com"
    ],
    "schema:legalName": "Office de Tourisme Intercommunal de L'Ile Rousse-Balagne",
    "@type": [
      "schema:Organization",
      "foaf:Agent",
      "Agent"
    ],
    "foaf:homepage": [
      "https://www.balagne-corsica.com/"
    ]
  },
  "hasBeenPublishedBy": [
    {
      "@id": "https://data.datatourisme.fr/8a9feb4b-2cbd-3d2c-b507-bd6c6776b23b",
      "schema:legalName": "Apidae Tourisme Scic SA - source : Apidae Tourisme",
      "@type": [
        "schema:Organization",
        "foaf:Agent",
        "Agent"
      ],
      "foaf:homepage": [
        "https://www.apidae-tourisme.com/"
      ]
    }
  ],
  "hasContact": [
    {
      "@id": "https://data.datatourisme.fr/e07fa3fd-f332-32c7-a23b-82dc302e5be4",
      "schema:email": [
        "mairiepigna@orange.fr"
      ],
      "schema:telephone": [
        "+33 4 95 61 77 30"
      ],
      "@type": [
        "foaf:Agent",
        "Agent"
      ],
      "foaf:homepage": [
        "http://www.pigna.fr/"
      ]
    }
  ],
  "hasDescription": [
    {
      "@id": "https://data.datatourisme.fr/e8895a9d-fa4f-3b9c-8b7e-267c6ba4a999",
      "@type": [
        "Description"
      ],
      "hasTranslatedProperty": [
        {
          "@id": "https://data.datatourisme.fr/3db68076-ed51-3ad1-b1c9-71f24a9af89a",
          "dc:contributor": [
            "https://api.deepl.com/v2/translate"
          ],
          "rdf:language": [
            "es"
          ],
          "rdf:predicate": [
            "shortDescription"
          ]
        },
        {
          "@id": "https://data.datatourisme.fr/49e94206-33b7-376e-84ab-1dea426a96ef",
          "dc:contributor": [
            "https://api.deepl.com/v2/translate"
          ],
          "rdf:language": [
            "it"
          ],
          "rdf:predicate": [
            "shortDescription"
          ]
        },
        {
          "@id": "https://data.datatourisme.fr/c1e66a35-9283-34ce-bbe0-19decb46f5a7",
          "dc:contributor": [
            "https://api.deepl.com/v2/translate"
          ],
          "rdf:language": [
            "nl"
          ],
          "rdf:predicate": [
            "shortDescription"
          ]
        },
        {
          "@id": "https://data.datatourisme.fr/cb30ec93-2ed8-387d-a082-73e78534fe07",
          "dc:contributor": [
            "https://api.deepl.com/v2/translate"
          ],
          "rdf:language": [
            "de"
          ],
          "rdf:predicate": [
            "shortDescription"
          ]
        }
      ],
      "shortDescription": {
        "de": [
          "Ein Dorf mit blonden Häusern und azurblauen Fensterläden liegt vor Ihnen: Pigna. Lassen Sie sich von diesem Dorf verzaubern, das wie ein Phönix aus der Asche auferstanden ist. Steine und Lehm vermischen sich mit Tuffstein und verleihen diesem Dorf seine ganze Pracht von einst."
        ],
        "en": [
          "A village of flaxen houses with sky-blue shutters awaits you. This is Pigna, a delightful village which has re-emerged like a phoenix from the ashes. A blend of stone, clay and tuff has returned this place to its former splendour."
        ],
        "it": [
          "Un villaggio con case bionde e persiane blu vi aspetta: Pigna. Lasciatevi incantare da questo villaggio che, come una fenice, è risorto dalle sue ceneri. Pietre e argilla si mescolano al tufo per dare a questo villaggio tutto il suo superbo passato."
        ],
        "fr": [
          "Un village aux maisons blondes et aux volets azur vous tend les bras : C’est Pigna. Laissez vous charmer par ce village qui tel un phoenix a su renaître de ses cendres. Pierres et glaise se mêlent au tuf pour donner à ce village toute sa superbe d’antan."
        ],
        "es": [
          "Te espera un pueblo de casas rubias y persianas azules: Pigna. Déjese encantar por este pueblo que, como un ave fénix, ha resurgido de sus cenizas. Las piedras y la arcilla se mezclan con la toba para dar a este pueblo todo su soberbio pasado."
        ],
        "nl": [
          "Een dorp met blonde huizen en blauwe luiken wacht op u: Pigna. Laat u betoveren door dit dorp dat als een feniks uit zijn as is herrezen. Stenen en klei vermengen zich met tufsteen en geven dit dorp zijn prachtige verleden."
        ]
      }
    }
  ],
  "hasRepresentation": [
    {
      "@id": "https://data.datatourisme.fr/e63417af-8705-39f2-be8b-6240a07b6caa",
      "ebucore:hasAnnotation": [
        {
          "@id": "https://data.datatourisme.fr/16558b84-3c24-30ab-a06f-a5d2788b807b",
          "ebucore:isCoveredBy": "CC BY 3.0",
          "ebucore:title": [
            "Pigna Vi1a JPG"
          ],
          "@type": [
            "ebucore:Annotation"
          ],
          "credits": [
            "Jean-Pol GRANDMONT (https://commons.wikimedia.org/wiki/User:Jean-Pol_GRANDMONT)"
          ]
        }
      ],
      "ebucore:hasRelatedResource": [
        {
          "@id": "https://data.datatourisme.fr/6a3ef8b7-21a9-393f-97d5-43105bb4ca59",
          "ebucore:fileSize": [
            1551903
          ],
          "ebucore:hasMimeType": [
            {
              "@id": "kb:JPEG",
              "@type": [
                "ebucore:MimeType"
              ],
              "rdfs:comment": {
                "de": [
                  "JPEG-Bild"
                ],
                "pt": [
                  "Imagem JPEG"
                ],
                "en": [
                  "JPEG image file"
                ],
                "it": [
                  "Immagine JPEG"
                ],
                "fr": [
                  "Image JPEG"
                ],
                "nl": [
                  "JPEG-afbeelding"
                ],
                "es": [
                  "Imagen JPEG"
                ]
              },
              "rdfs:label": {
                "de": [
                  "image/jpeg"
                ],
                "pt": [
                  "image/jpeg"
                ],
                "en": [
                  "image/jpeg"
                ],
                "it": [
                  "image/jpeg"
                ],
                "fr": [
                  "image/jpeg"
                ],
                "nl": [
                  "image/jpeg"
                ],
                "es": [
                  "image/jpeg"
                ]
              }
            }
          ],
          "ebucore:height": 1509,
          "ebucore:locator": [
            "https://upload.wikimedia.org/wikipedia/commons/6/66/Pigna_Vi1a_JPG.jpg"
          ],
          "ebucore:width": 2264,
          "@type": [
            "ebucore:Resource"
          ]
        }
      ],
      "@type": [
        "ebucore:EditorialObject"
      ]
    }
  ],
  "hasTheme": [
    {
      "@id": "kb:Culture",
      "@type": [
        "CulturalTheme"
      ],
      "rdfs:label": {
        "de": [
          "Kultur"
        ],
        "pt": [
          "Cultura"
        ],
        "en": [
          "Culture"
        ],
        "it": [
          "Cultura"
        ],
        "fr": [
          "Culture"
        ],
        "nl": [
          "Cultuur"
        ],
        "es": [
          "Cultura"
        ]
      }
    }
  ],
  "hasTranslatedProperty": [
    {
      "@id": "https://data.datatourisme.fr/4f973a2a-7c32-3ec1-a066-2c09da84167f",
      "dc:contributor": [
        "https://api.deepl.com/v2/translate"
      ],
      "rdf:language": [
        "nl"
      ],
      "rdf:predicate": [
        {
          "@id": "rdfs:comment"
        }
      ]
    },
    {
      "@id": "https://data.datatourisme.fr/a3dd078e-a918-38c4-b963-abd93596021f",
      "dc:contributor": [
        "https://api.deepl.com/v2/translate"
      ],
      "rdf:language": [
        "es"
      ],
      "rdf:predicate": [
        {
          "@id": "rdfs:comment"
        }
      ]
    },
    {
      "@id": "https://data.datatourisme.fr/f613ad52-193b-383c-8762-bdcb7cc77c9e",
      "dc:contributor": [
        "https://api.deepl.com/v2/translate"
      ],
      "rdf:language": [
        "de"
      ],
      "rdf:predicate": [
        {
          "@id": "rdfs:comment"
        }
      ]
    },
    {
      "@id": "https://data.datatourisme.fr/fc92db67-8b40-35e6-ba80-25201a5d2091",
      "dc:contributor": [
        "https://api.deepl.com/v2/translate"
      ],
      "rdf:language": [
        "it"
      ],
      "rdf:predicate": [
        {
          "@id": "rdfs:comment"
        }
      ]
    }
  ],
  "isLocatedAt": [
    {
      "@id": "https://data.datatourisme.fr/b4a0b8e8-3362-3507-8514-da4f8c0c0a0a",
      "schema:address": [
        {
          "@id": "https://data.datatourisme.fr/b662e31e-4813-3732-99e2-f4454d51a257",
          "schema:addressLocality": "Pigna",
          "schema:postalCode": "20220",
          "@type": [
            "schema:PostalAddress",
            "PostalAddress"
          ],
          "hasAddressCity": {
            "@id": "kb:2B231",
            "@type": [
              "City"
            ],
            "rdfs:label": {
              "en": [
                "Pigna"
              ],
              "fr": [
                "Pigna"
              ]
            },
            "insee": "2B231",
            "isPartOfDepartment": {
              "@id": "kb:France942B",
              "@type": [
                "Department"
              ],
              "rdfs:label": {
                "en": [
                  "Haute-Corse"
                ],
                "fr": [
                  "Haute-Corse"
                ]
              },
              "insee": "2B",
              "isPartOfRegion": {
                "@id": "kb:France94",
                "@type": [
                  "Region"
                ],
                "rdfs:label": {
                  "en": [
                    "Corse"
                  ],
                  "fr": [
                    "Corse"
                  ]
                },
                "insee": "94",
                "isPartOfCountry": {
                  "@id": "kb:France",
                  "@type": [
                    "schema:Country"
                  ],
                  "rdfs:label": {
                    "de": [
                      "Frankreich"
                    ],
                    "pt": [
                      "França"
                    ],
                    "en": [
                      "France"
                    ],
                    "it": [
                      "Francia"
                    ],
                    "fr": [
                      "France"
                    ],
                    "nl": [
                      "Frankrijk"
                    ],
                    "es": [
                      "Francia"
                    ]
                  }
                }
              }
            }
          }
        }
      ],
      "schema:geo": {
        "@id": "https://data.datatourisme.fr/6428edf1-d885-376c-88ff-1ec8cc325670",
        "schema:latitude": "42.599403",
        "schema:longitude": "8.902716",
        "@type": [
          "schema:GeoCoordinates"
        ]
      },
      "schema:openingHoursSpecification": [
        {
          "@id": "https://data.datatourisme.fr/f87e535a-636d-3343-ad63-8a03392e7511",
          "schema:validFrom": "2023-01-01T00:00:00",
          "schema:validThrough": "2023-12-31T23:59:59",
          "@type": [
            "schema:OpeningHoursSpecification"
          ]
        }
      ],
      "@type": [
        "schema:Place",
        "Place"
      ]
    }
  ],
  "isOwnedBy": [
    {
      "@id": "https://data.datatourisme.fr/252af22a-253d-33df-b9d7-204832749402",
      "schema:email": [
        "web@ileroussetourisme.com"
      ],
      "schema:legalName": "Office de Tourisme Intercommunal de L'Ile Rousse-Balagne",
      "@type": [
        "schema:Organization",
        "foaf:Agent",
        "Agent"
      ],
      "foaf:homepage": [
        "https://www.balagne-corsica.com/"
      ]
    }
  ],
  "lastUpdate": "2021-01-06",
  "lastUpdateDatatourisme": "2023-02-22T06:42:37.664Z"
}