{
  "@id": "https://data.datatourisme.fr/13/a1bbcee8-1c0e-3089-873b-1f531e7fd66a",
  "dc:identifier": "5163589",
  "@type": [
    "schema:Accommodation",
    "schema:LodgingBusiness",
    "Accommodation",
    "CollectiveAccommodation",
    "HolidayResort",
    "PlaceOfInterest",
    "PointOfInterest"
  ],
  "rdfs:comment": {
    "de": [
      "Auf einem Hügel mit Blick auf das Meer, Residenz mit Panoramaschwimmbad 2 km vom Strand entfernt."
    ],
    "en": [
      "On a hill overlooking the sea, residence with panoramic swimming pool 2 km from the beach."
    ],
    "it": [
      "Su una collina a picco sul mare, residence con piscina panoramica a 2 km dalla spiaggia."
    ],
    "fr": [
      "Résidence hôtelière 3 étoiles en bord de mer sur les hauteurs de Palombaggia composée de 13 mini-villas seulement pour préserver le caractère intime des lieux.\nToutes étants exposées plein est, face au soleil levant et sur la mer Méditerranée."
    ],
    "es": [
      "Una residencia hotelera de 3 estrellas en primera línea de mar, en las alturas de Palombaggia, compuesta por 13 minivillas sólo para preservar el carácter íntimo del lugar.\nTodas ellas están orientadas al este, hacia el sol naciente y el mar Mediterráneo."
    ],
    "nl": [
      "Op een heuvel met uitzicht op zee, residentie met panoramisch zwembad op 2 km van het strand."
    ]
  },
  "rdfs:label": {
    "fr": [
      "Pietra di Sole"
    ]
  },
  "hasBeenCreatedBy": {
    "@id": "https://data.datatourisme.fr/13/84c6494d-3085-3c63-a55c-db8cb047fadd",
    "dc:identifier": "1738",
    "schema:email": [
      "camillef.omt@gmail.com",
      "direction@destination-sudcorse.com",
      "gestion@destination-sudcorse.com",
      "promotion@destination-sudcorse.com",
      "webmaster@destination-sudcorse.com"
    ],
    "schema:legalName": "Porto Vecchio Tourisme",
    "@type": [
      "schema:Organization",
      "foaf:Agent",
      "Agent"
    ],
    "foaf:homepage": [
      "http://www.ot-portovecchio.com/"
    ]
  },
  "hasBeenPublishedBy": [
    {
      "@id": "https://data.datatourisme.fr/8a9feb4b-2cbd-3d2c-b507-bd6c6776b23b",
      "schema:legalName": "Apidae Tourisme Scic SA - source : Apidae Tourisme",
      "@type": [
        "schema:Organization",
        "foaf:Agent",
        "Agent"
      ],
      "foaf:homepage": [
        "https://www.apidae-tourisme.com/"
      ]
    }
  ],
  "hasContact": [
    {
      "@id": "https://data.datatourisme.fr/02fcce36-e7d2-36dc-a211-7bc1fba0f9d5",
      "schema:email": [
        "info@pietradisole.com"
      ],
      "schema:telephone": [
        "+33 4 95 70 36 74"
      ],
      "@type": [
        "foaf:Agent",
        "Agent"
      ],
      "foaf:homepage": [
        "http://www.pietradisole.com/"
      ]
    }
  ],
  "hasDescription": [
    {
      "@id": "https://data.datatourisme.fr/7731baab-01a2-3374-8e92-3f28ebc62374",
      "@type": [
        "Description"
      ],
      "hasTranslatedProperty": [
        {
          "@id": "https://data.datatourisme.fr/75c28060-5b2e-3f32-80c8-7300cd03c0aa",
          "dc:contributor": [
            "https://api.deepl.com/v2/translate"
          ],
          "rdf:language": [
            "es"
          ],
          "rdf:predicate": [
            "shortDescription"
          ]
        }
      ],
      "shortDescription": {
        "de": [
          "Auf einem Hügel mit Blick auf das Meer, Residenz mit Panoramaschwimmbad 2 km vom Strand entfernt."
        ],
        "en": [
          "On a hill overlooking the sea, residence with panoramic swimming pool 2 km from the beach."
        ],
        "it": [
          "Su una collina a picco sul mare, residence con piscina panoramica a 2 km dalla spiaggia."
        ],
        "fr": [
          "Résidence hôtelière 3 étoiles en bord de mer sur les hauteurs de Palombaggia composée de 13 mini-villas seulement pour préserver le caractère intime des lieux.\nToutes étants exposées plein est, face au soleil levant et sur la mer Méditerranée."
        ],
        "es": [
          "Una residencia hotelera de 3 estrellas en primera línea de mar, en las alturas de Palombaggia, compuesta por 13 minivillas sólo para preservar el carácter íntimo del lugar.\nTodas ellas están orientadas al este, hacia el sol naciente y el mar Mediterráneo."
        ],
        "nl": [
          "Op een heuvel met uitzicht op zee, residentie met panoramisch zwembad op 2 km van het strand."
        ]
      }
    }
  ],
  "hasTranslatedProperty": [
    {
      "@id": "https://data.datatourisme.fr/80069776-183e-3832-9500-104998167f18",
      "dc:contributor": [
        "https://api.deepl.com/v2/translate"
      ],
      "rdf:language": [
        "es"
      ],
      "rdf:predicate": [
        {
          "@id": "rdfs:comment"
        }
      ]
    }
  ],
  "isLocatedAt": [
    {
      "@id": "https://data.datatourisme.fr/cf4da501-b1a8-30b7-b552-92766bb34a0d",
      "schema:address": [
        {
          "@id": "https://data.datatourisme.fr/4f176848-653d-3c2e-9164-5848bd099fce",
          "schema:addressLocality": "Porto-Vecchio",
          "schema:postalCode": "20137",
          "schema:streetAddress": [
            "Porra",
            "Route de Palombaggia"
          ],
          "@type": [
            "schema:PostalAddress",
            "PostalAddress"
          ],
          "hasAddressCity": {
            "@id": "kb:2A247",
            "@type": [
              "City"
            ],
            "rdfs:label": {
              "en": [
                "Porto-Vecchio"
              ],
              "fr": [
                "Porto-Vecchio"
              ]
            },
            "insee": "2A247",
            "isPartOfDepartment": {
              "@id": "kb:France942A",
              "@type": [
                "Department"
              ],
              "rdfs:label": {
                "en": [
                  "Corse-du-Sud"
                ],
                "fr": [
                  "Corse-du-Sud"
                ]
              },
              "insee": "2A",
              "isPartOfRegion": {
                "@id": "kb:France94",
                "@type": [
                  "Region"
                ],
                "rdfs:label": {
                  "en": [
                    "Corse"
                  ],
                  "fr": [
                    "Corse"
                  ]
                },
                "insee": "94",
                "isPartOfCountry": {
                  "@id": "kb:France",
                  "@type": [
                    "schema:Country"
                  ],
                  "rdfs:label": {
                    "de": [
                      "Frankreich"
                    ],
                    "pt": [
                      "França"
                    ],
                    "en": [
                      "France"
                    ],
                    "it": [
                      "Francia"
                    ],
                    "fr": [
                      "France"
                    ],
                    "nl": [
                      "Frankrijk"
                    ],
                    "es": [
                      "Francia"
                    ]
                  }
                }
              }
            }
          }
        }
      ],
      "schema:geo": {
        "@id": "https://data.datatourisme.fr/71ab2ed7-f7d4-39ab-b526-ea5a198075e5",
        "schema:latitude": "41.56",
        "schema:longitude": "9.3033",
        "@type": [
          "schema:GeoCoordinates"
        ]
      },
      "schema:openingHoursSpecification": [
        {
          "@id": "https://data.datatourisme.fr/b4c825f6-5630-3332-88ad-accbfdf21f33",
          "schema:validFrom": "2023-06-01T00:00:00",
          "schema:validThrough": "2023-09-30T23:59:59",
          "@type": [
            "schema:OpeningHoursSpecification"
          ],
          "additionalInformation": {
            "de": [
              "Montag, Dienstag, Mittwoch, Donnerstag, Freitag, Samstag, Sonntag: offen"
            ],
            "en": [
              "Monday, Tuesday, Wednesday, Thursday, Friday, Saturday, Sunday: open"
            ],
            "it": [
              "Lunedì, martedì, mercoledì, giovedì, venerdì, sabato, domenica: aperto"
            ],
            "fr": [
              "Lundi, Mardi, Mercredi, Jeudi, Vendredi, Samedi, Dimanche : ouvert"
            ],
            "nl": [
              "Maandag, dinsdag, woensdag, donderdag, vrijdag, zaterdag, zondag: open"
            ],
            "es": [
              "Lunes, martes, miércoles, jueves, viernes, sábado y domingo: abierto"
            ]
          },
          "hasTranslatedProperty": [
            {
              "@id": "https://data.datatourisme.fr/1c4714fe-80a6-3f01-98b4-aad000b969c3",
              "dc:contributor": [
                "https://api.deepl.com/v2/translate"
              ],
              "rdf:language": [
                "en"
              ],
              "rdf:predicate": [
                "additionalInformation"
              ]
            },
            {
              "@id": "https://data.datatourisme.fr/628a361f-5aa5-3fbf-80fb-3564598c1e63",
              "dc:contributor": [
                "https://api.deepl.com/v2/translate"
              ],
              "rdf:language": [
                "de"
              ],
              "rdf:predicate": [
                "additionalInformation"
              ]
            },
            {
              "@id": "https://data.datatourisme.fr/d4e60ddd-867d-3be0-b19d-ea42a20505ab",
              "dc:contributor": [
                "https://api.deepl.com/v2/translate"
              ],
              "rdf:language": [
                "it"
              ],
              "rdf:predicate": [
                "additionalInformation"
              ]
            },
            {
              "@id": "https://data.datatourisme.fr/e3c368f0-f54c-342e-a67e-28b9828f5c80",
              "dc:contributor": [
                "https://api.deepl.com/v2/translate"
              ],
              "rdf:language": [
                "nl"
              ],
              "rdf:predicate": [
                "additionalInformation"
              ]
            },
            {
              "@id": "https://data.datatourisme.fr/f093e857-7511-32b3-8885-0aae3281aa73",
              "dc:contributor": [
                "https://api.deepl.com/v2/translate"
              ],
              "rdf:language": [
                "es"
              ],
              "rdf:predicate": [
                "additionalInformation"
              ]
            }
          ]
        }
      ],
      "@type": [
        "schema:Place",
        "Place"
      ]
    }
  ],
  "isOwnedBy": [
    {
      "@id": "https://data.datatourisme.fr/f5f950f9-5eec-32b4-a357-2c969ccf4068",
      "schema:email": [
        "camillef.omt@gmail.com",
        "direction@destination-sudcorse.com",
        "gestion@destination-sudcorse.com",
        "promotion@destination-sudcorse.com",
        "webmaster@destination-sudcorse.com"
      ],
      "schema:legalName": "Porto Vecchio Tourisme",
      "@type": [
        "schema:Organization",
        "foaf:Agent",
        "Agent"
      ],
      "foaf:homepage": [
        "http://www.ot-portovecchio.com/"
      ]
    }
  ],
  "lastUpdate": "2023-02-06",
  "lastUpdateDatatourisme": "2023-02-07T06:39:35.055Z",
  "offers": [
    {
      "@id": "https://data.datatourisme.fr/2493481e-637f-3de1-8e2e-d1b149c1ad0c",
      "schema:priceSpecification": [
        {
          "@id": "https://data.datatourisme.fr/1b039742-4fba-381f-a0a6-33812320af8c",
          "@type": [
            "schema:PriceSpecification",
            "PriceSpecification"
          ],
          "appliesOnPeriod": [
            {
              "@id": "https://data.datatourisme.fr/84cd7cce-5293-3953-99c6-48b032496c70",
              "@type": [
                "Period"
              ],
              "endDate": "2023-09-30",
              "startDate": "2023-06-01"
            }
          ]
        }
      ],
      "@type": [
        "schema:Offer",
        "Offer"
      ]
    }
  ]
}