{
  "@id": "https://data.datatourisme.fr/13/08ad33e6-38a9-3970-8784-3f4ebfe06b25",
  "dc:identifier": "4940401",
  "@type": [
    "schema:Accommodation",
    "schema:FoodEstablishment",
    "schema:Hotel",
    "schema:LodgingBusiness",
    "schema:Restaurant",
    "Accommodation",
    "FoodEstablishment",
    "Hotel",
    "HotelRestaurant",
    "HotelTrade",
    "PlaceOfInterest",
    "PointOfInterest",
    "Restaurant"
  ],
  "rdfs:comment": {
    "de": [
      "Das Hotel l'Ondine befindet sich im Herzen von Algajola, einem charmanten kleinen Dorf am Meer, in der Balagne, zweifellos eine der schönsten Regionen für einen angenehmen Urlaub auf Korsika, auf halbem Weg zwischen Calvi (15 Minuten) und Ile Rousse (10 Minuten)."
    ],
    "en": [
      "The Hotel l'Ondine is located in the heart of Algajola, a charming seaside village, in Balagne, without a doubt one of the most beautiful regions for a pleasant holiday in Corsica, halfway between Calvi (15 minutes) and Ile Rousse (10 minutes)."
    ],
    "it": [
      "L'Hotel l'Ondine si trova nel cuore di Algajola, un piccolo e affascinante villaggio di mare nella regione della Balagne, senza dubbio una delle zone più belle per una piacevole vacanza in Corsica, a metà strada tra Calvi (15 minuti) e Ile Rousse (10 minuti)."
    ],
    "fr": [
      "L'Hôtel l'Ondine est situé au coeur d'Algajola, charmant petit village de bord de mer, en Balagne, sans aucun doute, l'une des plus belles régions pour d'agréables vacances en Corse, à mi-chemin entre Calvi (15 minutes) et Ile Rousse (10 minutes)."
    ],
    "nl": [
      "Hotel l'Ondine ligt in het hart van Algajola, een charmant kustplaatsje in de regio Balagne, ongetwijfeld een van de mooiste gebieden voor een aangename vakantie op Corsica, halverwege tussen Calvi (15 minuten) en Ile Rousse (10 minuten)."
    ],
    "es": [
      "El Hotel l'Ondine está situado en el corazón de Algajola, un encantador pueblecito costero de la región de Balagne, sin duda una de las zonas más bellas para pasar unas agradables vacaciones en Córcega, a medio camino entre Calvi (15 minutos) e Ile Rousse (10 minutos)."
    ]
  },
  "rdfs:label": {
    "fr": [
      "L'Ondine"
    ]
  },
  "hasBeenCreatedBy": {
    "@id": "https://data.datatourisme.fr/13/e4873aa9-a05c-35ed-8395-61d121516766",
    "dc:identifier": "1646",
    "schema:email": [
      "info@balagne-corsica.com"
    ],
    "schema:legalName": "Office de Tourisme Intercommunal Calvi - Balagne",
    "@type": [
      "schema:Organization",
      "foaf:Agent",
      "Agent"
    ],
    "foaf:homepage": [
      "https://www.balagne-corsica.com/"
    ]
  },
  "hasBeenPublishedBy": [
    {
      "@id": "https://data.datatourisme.fr/8a9feb4b-2cbd-3d2c-b507-bd6c6776b23b",
      "schema:legalName": "Apidae Tourisme Scic SA - source : Apidae Tourisme",
      "@type": [
        "schema:Organization",
        "foaf:Agent",
        "Agent"
      ],
      "foaf:homepage": [
        "https://www.apidae-tourisme.com/"
      ]
    }
  ],
  "hasContact": [
    {
      "@id": "https://data.datatourisme.fr/f5ff9bb1-1174-3cf9-9126-ce57ffe463bf",
      "schema:email": [
        "contact@hotelondine.com"
      ],
      "schema:telephone": [
        "+33 4 95 60 70 02"
      ],
      "@type": [
        "foaf:Agent",
        "Agent"
      ],
      "foaf:homepage": [
        "http://www.hotelondine.com/"
      ]
    }
  ],
  "hasDescription": [
    {
      "@id": "https://data.datatourisme.fr/8cbdfd68-e417-3346-b171-f9842b34b435",
      "@type": [
        "Description"
      ],
      "hasTranslatedProperty": [
        {
          "@id": "https://data.datatourisme.fr/609598ea-3dd7-3093-88ea-3abe45ee0ae3",
          "dc:contributor": [
            "https://api.deepl.com/v2/translate"
          ],
          "rdf:language": [
            "es"
          ],
          "rdf:predicate": [
            "shortDescription"
          ]
        },
        {
          "@id": "https://data.datatourisme.fr/6af40df4-6579-33f7-be59-1292de44098b",
          "dc:contributor": [
            "https://api.deepl.com/v2/translate"
          ],
          "rdf:language": [
            "nl"
          ],
          "rdf:predicate": [
            "shortDescription"
          ]
        },
        {
          "@id": "https://data.datatourisme.fr/91eaead3-9a5b-3f7a-8ca8-c74a2ae66945",
          "dc:contributor": [
            "https://api.deepl.com/v2/translate"
          ],
          "rdf:language": [
            "de"
          ],
          "rdf:predicate": [
            "shortDescription"
          ]
        }
      ],
      "shortDescription": {
        "de": [
          "Das Hotel l'Ondine befindet sich im Herzen von Algajola, einem charmanten kleinen Dorf am Meer, in der Balagne, zweifellos eine der schönsten Regionen für einen angenehmen Urlaub auf Korsika, auf halbem Weg zwischen Calvi (15 Minuten) und Ile Rousse (10 Minuten)."
        ],
        "en": [
          "The Hotel l'Ondine is located in the heart of Algajola, a charming seaside village, in Balagne, without a doubt one of the most beautiful regions for a pleasant holiday in Corsica, halfway between Calvi (15 minutes) and Ile Rousse (10 minutes)."
        ],
        "it": [
          "L'Hotel l'Ondine si trova nel cuore di Algajola, un piccolo e affascinante villaggio di mare nella regione della Balagne, senza dubbio una delle zone più belle per una piacevole vacanza in Corsica, a metà strada tra Calvi (15 minuti) e Ile Rousse (10 minuti)."
        ],
        "fr": [
          "L'Hôtel l'Ondine est situé au coeur d'Algajola, charmant petit village de bord de mer, en Balagne, sans aucun doute, l'une des plus belles régions pour d'agréables vacances en Corse, à mi-chemin entre Calvi (15 minutes) et Ile Rousse (10 minutes)."
        ],
        "nl": [
          "Hotel l'Ondine ligt in het hart van Algajola, een charmant kustplaatsje in de regio Balagne, ongetwijfeld een van de mooiste gebieden voor een aangename vakantie op Corsica, halverwege tussen Calvi (15 minuten) en Ile Rousse (10 minuten)."
        ],
        "es": [
          "El Hotel l'Ondine está situado en el corazón de Algajola, un encantador pueblecito costero de la región de Balagne, sin duda una de las zonas más bellas para pasar unas agradables vacaciones en Córcega, a medio camino entre Calvi (15 minutos) e Ile Rousse (10 minutos)."
        ]
      }
    }
  ],
  "hasTranslatedProperty": [
    {
      "@id": "https://data.datatourisme.fr/d690fcc9-dbd1-3bc4-9a7c-d973f89f6575",
      "dc:contributor": [
        "https://api.deepl.com/v2/translate"
      ],
      "rdf:language": [
        "de"
      ],
      "rdf:predicate": [
        {
          "@id": "rdfs:comment"
        }
      ]
    },
    {
      "@id": "https://data.datatourisme.fr/de6abe42-db15-37c4-9a5d-286fd5fbde60",
      "dc:contributor": [
        "https://api.deepl.com/v2/translate"
      ],
      "rdf:language": [
        "nl"
      ],
      "rdf:predicate": [
        {
          "@id": "rdfs:comment"
        }
      ]
    },
    {
      "@id": "https://data.datatourisme.fr/fa2db696-18aa-3f9f-8bda-df15fff17452",
      "dc:contributor": [
        "https://api.deepl.com/v2/translate"
      ],
      "rdf:language": [
        "es"
      ],
      "rdf:predicate": [
        {
          "@id": "rdfs:comment"
        }
      ]
    }
  ],
  "isLocatedAt": [
    {
      "@id": "https://data.datatourisme.fr/f836ce17-f523-31de-949d-93a70001856d",
      "schema:address": [
        {
          "@id": "https://data.datatourisme.fr/c2da967d-e832-37ca-b6c2-e6232afd5720",
          "schema:addressLocality": "Algajola",
          "schema:postalCode": "20220",
          "schema:streetAddress": [
            "7A rue A Marina"
          ],
          "@type": [
            "schema:PostalAddress",
            "PostalAddress"
          ],
          "hasAddressCity": {
            "@id": "kb:2B010",
            "@type": [
              "City"
            ],
            "rdfs:label": {
              "en": [
                "Algajola"
              ],
              "fr": [
                "Algajola"
              ]
            },
            "insee": "2B010",
            "isPartOfDepartment": {
              "@id": "kb:France942B",
              "@type": [
                "Department"
              ],
              "rdfs:label": {
                "en": [
                  "Haute-Corse"
                ],
                "fr": [
                  "Haute-Corse"
                ]
              },
              "insee": "2B",
              "isPartOfRegion": {
                "@id": "kb:France94",
                "@type": [
                  "Region"
                ],
                "rdfs:label": {
                  "en": [
                    "Corse"
                  ],
                  "fr": [
                    "Corse"
                  ]
                },
                "insee": "94",
                "isPartOfCountry": {
                  "@id": "kb:France",
                  "@type": [
                    "schema:Country"
                  ],
                  "rdfs:label": {
                    "de": [
                      "Frankreich"
                    ],
                    "pt": [
                      "França"
                    ],
                    "en": [
                      "France"
                    ],
                    "it": [
                      "Francia"
                    ],
                    "fr": [
                      "France"
                    ],
                    "nl": [
                      "Frankrijk"
                    ],
                    "es": [
                      "Francia"
                    ]
                  }
                }
              }
            }
          }
        }
      ],
      "schema:geo": {
        "@id": "https://data.datatourisme.fr/6f633917-fb74-3afd-af59-bfecd7753fca",
        "schema:latitude": "42.608218",
        "schema:longitude": "8.863331",
        "@type": [
          "schema:GeoCoordinates"
        ]
      },
      "schema:openingHoursSpecification": [
        {
          "@id": "https://data.datatourisme.fr/2f8d15fd-2d1d-3ba5-837b-0acc42f41aa9",
          "schema:validFrom": "2023-04-01T00:00:00",
          "schema:validThrough": "2023-10-27T23:59:59",
          "@type": [
            "schema:OpeningHoursSpecification"
          ],
          "additionalInformation": {
            "de": [
              "Unverbindliche Öffnungszeiten"
            ],
            "en": [
              "Indicative opening period"
            ],
            "it": [
              "Periodo di apertura indicativo"
            ],
            "fr": [
              "Période d'ouverture à titre indicatif"
            ],
            "es": [
              "Periodo de apertura indicativo"
            ],
            "nl": [
              "Indicatieve openingsperiode"
            ]
          },
          "hasTranslatedProperty": [
            {
              "@id": "https://data.datatourisme.fr/2ea4ea00-5acd-36d8-a584-4cd687ce83ad",
              "dc:contributor": [
                "https://api.deepl.com/v2/translate"
              ],
              "rdf:language": [
                "es"
              ],
              "rdf:predicate": [
                "additionalInformation"
              ]
            },
            {
              "@id": "https://data.datatourisme.fr/4497b419-fcd1-3b4a-8d89-4de86c2ab813",
              "dc:contributor": [
                "https://api.deepl.com/v2/translate"
              ],
              "rdf:language": [
                "it"
              ],
              "rdf:predicate": [
                "additionalInformation"
              ]
            },
            {
              "@id": "https://data.datatourisme.fr/702f0ea1-01da-3241-9383-8d48f256b386",
              "dc:contributor": [
                "https://api.deepl.com/v2/translate"
              ],
              "rdf:language": [
                "en"
              ],
              "rdf:predicate": [
                "additionalInformation"
              ]
            },
            {
              "@id": "https://data.datatourisme.fr/8f4b3aff-3fbc-3acb-937d-ef5512d8771e",
              "dc:contributor": [
                "https://api.deepl.com/v2/translate"
              ],
              "rdf:language": [
                "de"
              ],
              "rdf:predicate": [
                "additionalInformation"
              ]
            },
            {
              "@id": "https://data.datatourisme.fr/d4cc8bac-190d-3278-b37d-6cf1cfa6d9ad",
              "dc:contributor": [
                "https://api.deepl.com/v2/translate"
              ],
              "rdf:language": [
                "nl"
              ],
              "rdf:predicate": [
                "additionalInformation"
              ]
            }
          ]
        }
      ],
      "@type": [
        "schema:Place",
        "Place"
      ]
    }
  ],
  "isOwnedBy": [
    {
      "@id": "https://data.datatourisme.fr/194c52e6-bbae-33dc-8464-caca97844fbb",
      "schema:email": [
        "info@balagne-corsica.com"
      ],
      "schema:legalName": "Office de Tourisme Intercommunal Calvi - Balagne",
      "@type": [
        "schema:Organization",
        "foaf:Agent",
        "Agent"
      ],
      "foaf:homepage": [
        "https://www.balagne-corsica.com/"
      ]
    }
  ],
  "lastUpdate": "2022-12-26",
  "lastUpdateDatatourisme": "2023-04-04T05:52:39.291Z",
  "offers": [
    {
      "@id": "https://data.datatourisme.fr/1f14901b-e114-3082-bb61-bc242d65a91f",
      "schema:priceSpecification": [
        {
          "@id": "https://data.datatourisme.fr/174d67bf-3b27-32d0-9f28-513ce51c5f9a",
          "schema:maxPrice": [
            "0.99",
            "10.5",
            "109",
            "119",
            "139",
            "99"
          ],
          "schema:minPrice": [
            "0.99",
            "10.5",
            "69",
            "79",
            "89",
            "99"
          ],
          "schema:priceCurrency": "EUR",
          "@type": [
            "schema:PriceSpecification",
            "PriceSpecification"
          ],
          "appliesOnPeriod": [
            {
              "@id": "https://data.datatourisme.fr/073a1f9b-550d-3ce0-9d0b-d50edf4be8c6",
              "@type": [
                "Period"
              ],
              "endDate": "2023-10-27",
              "startDate": "2023-04-01"
            }
          ]
        }
      ],
      "@type": [
        "schema:Offer",
        "Offer"
      ]
    }
  ]
}