{
  "@id": "https://data.datatourisme.fr/13/8316eb1e-1872-3302-87ec-2d998f3964fa",
  "dc:identifier": "4976853",
  "@type": [
    "schema:FoodEstablishment",
    "FoodEstablishment",
    "PlaceOfInterest",
    "PointOfInterest"
  ],
  "rdfs:comment": {
    "de": [
      "Dieses Restaurant am Meer zwischen Calvi und Galéria in der Balagne lädt Sie ein, seine korsischen Spezialitäten, seine Salate und Grillspezialitäten vom Holzfeuer, sein Lamm aus dem Ofen oder auch seinen frischen Fisch je nach Anlieferung zu entdecken. Die Desserts sind hausgemacht."
    ],
    "en": [
      "This beachfront restaurant, between Calvi and Galéria en Balagne, invites you to discover its Corsican specialities, its salads and grilled with wood fire, its lamb in the oven or its fresh fish according to arrival. The desserts are homemade."
    ],
    "it": [
      "Questo ristorante in riva al mare, tra Calvi e Galéria nella regione della Balagne, vi invita a scoprire le sue specialità corse, le sue insalate e le sue grigliate a legna, il suo agnello al forno e il suo pesce fresco, a seconda di quello che arriva. I dolci sono fatti in casa."
    ],
    "fr": [
      "Ce restaurant en bord de mer, entre Calvi et Galéria en Balagne, vous invite à découvrir ses spécialités corses, ses salades et grillades au feu de bois, son agneau au four ou encore son poisson frais selon arrivage. Les desserts sont faits maison."
    ],
    "es": [
      "Este restaurante a orillas del mar, entre Calvi y Galéria, en la región de la Balagne, le invita a descubrir sus especialidades corsas, sus ensaladas y parrilladas de leña, su cordero al horno y su pescado fresco, según lo que llegue. Los postres son caseros."
    ],
    "nl": [
      "Dit restaurant aan zee, tussen Calvi en Galéria in de regio Balagne, nodigt u uit om zijn Corsicaanse specialiteiten te ontdekken, zijn salades en houtovengrill, zijn in de oven gebakken lamsvlees en zijn verse vis, afhankelijk van wat er binnenkomt. De desserts zijn huisgemaakt."
    ]
  },
  "rdfs:label": {
    "fr": [
      "U Nichjaretu"
    ]
  },
  "hasBeenCreatedBy": {
    "@id": "https://data.datatourisme.fr/13/e4873aa9-a05c-35ed-8395-61d121516766",
    "dc:identifier": "1646",
    "schema:email": [
      "info@balagne-corsica.com"
    ],
    "schema:legalName": "Office de Tourisme Intercommunal Calvi - Balagne",
    "@type": [
      "schema:Organization",
      "foaf:Agent",
      "Agent"
    ],
    "foaf:homepage": [
      "https://www.balagne-corsica.com/"
    ]
  },
  "hasBeenPublishedBy": [
    {
      "@id": "https://data.datatourisme.fr/8a9feb4b-2cbd-3d2c-b507-bd6c6776b23b",
      "schema:legalName": "Apidae Tourisme Scic SA - source : Apidae Tourisme",
      "@type": [
        "schema:Organization",
        "foaf:Agent",
        "Agent"
      ],
      "foaf:homepage": [
        "https://www.apidae-tourisme.com/"
      ]
    }
  ],
  "hasContact": [
    {
      "@id": "https://data.datatourisme.fr/745e17dd-85c3-3e64-826d-581d611f0b72",
      "schema:telephone": [
        "+33 4 95 47 84 36",
        "+33 6 71 76 65 31"
      ],
      "@type": [
        "foaf:Agent",
        "Agent"
      ]
    }
  ],
  "hasDescription": [
    {
      "@id": "https://data.datatourisme.fr/d557acf8-a0ff-3abe-bc7c-e305bcb3b735",
      "@type": [
        "Description"
      ],
      "hasTranslatedProperty": [
        {
          "@id": "https://data.datatourisme.fr/16d37add-1ffd-3270-8a5c-c903710af355",
          "dc:contributor": [
            "https://api.deepl.com/v2/translate"
          ],
          "rdf:language": [
            "es"
          ],
          "rdf:predicate": [
            "shortDescription"
          ]
        },
        {
          "@id": "https://data.datatourisme.fr/3ccd911d-b3a9-3887-b89c-c4444b1ce5c2",
          "dc:contributor": [
            "https://api.deepl.com/v2/translate"
          ],
          "rdf:language": [
            "nl"
          ],
          "rdf:predicate": [
            "shortDescription"
          ]
        },
        {
          "@id": "https://data.datatourisme.fr/bb0692c8-1222-3cb6-a981-f342bce2b363",
          "dc:contributor": [
            "https://api.deepl.com/v2/translate"
          ],
          "rdf:language": [
            "de"
          ],
          "rdf:predicate": [
            "shortDescription"
          ]
        }
      ],
      "shortDescription": {
        "de": [
          "Dieses Restaurant am Meer zwischen Calvi und Galéria in der Balagne lädt Sie ein, seine korsischen Spezialitäten, seine Salate und Grillspezialitäten vom Holzfeuer, sein Lamm aus dem Ofen oder auch seinen frischen Fisch je nach Anlieferung zu entdecken. Die Desserts sind hausgemacht."
        ],
        "en": [
          "This beachfront restaurant, between Calvi and Galéria en Balagne, invites you to discover its Corsican specialities, its salads and grilled with wood fire, its lamb in the oven or its fresh fish according to arrival. The desserts are homemade."
        ],
        "it": [
          "Questo ristorante in riva al mare, tra Calvi e Galéria nella regione della Balagne, vi invita a scoprire le sue specialità corse, le sue insalate e le sue grigliate a legna, il suo agnello al forno e il suo pesce fresco, a seconda di quello che arriva. I dolci sono fatti in casa."
        ],
        "fr": [
          "Ce restaurant en bord de mer, entre Calvi et Galéria en Balagne, vous invite à découvrir ses spécialités corses, ses salades et grillades au feu de bois, son agneau au four ou encore son poisson frais selon arrivage. Les desserts sont faits maison."
        ],
        "es": [
          "Este restaurante a orillas del mar, entre Calvi y Galéria, en la región de la Balagne, le invita a descubrir sus especialidades corsas, sus ensaladas y parrilladas de leña, su cordero al horno y su pescado fresco, según lo que llegue. Los postres son caseros."
        ],
        "nl": [
          "Dit restaurant aan zee, tussen Calvi en Galéria in de regio Balagne, nodigt u uit om zijn Corsicaanse specialiteiten te ontdekken, zijn salades en houtovengrill, zijn in de oven gebakken lamsvlees en zijn verse vis, afhankelijk van wat er binnenkomt. De desserts zijn huisgemaakt."
        ]
      }
    }
  ],
  "hasTranslatedProperty": [
    {
      "@id": "https://data.datatourisme.fr/11f9089f-3e3d-3c1e-a8a6-ced8b0628043",
      "dc:contributor": [
        "https://api.deepl.com/v2/translate"
      ],
      "rdf:language": [
        "de"
      ],
      "rdf:predicate": [
        {
          "@id": "rdfs:comment"
        }
      ]
    },
    {
      "@id": "https://data.datatourisme.fr/df66b573-4694-354f-aa70-85ed886e1d70",
      "dc:contributor": [
        "https://api.deepl.com/v2/translate"
      ],
      "rdf:language": [
        "nl"
      ],
      "rdf:predicate": [
        {
          "@id": "rdfs:comment"
        }
      ]
    },
    {
      "@id": "https://data.datatourisme.fr/e6125232-dada-35af-81a2-35fe464a4ed5",
      "dc:contributor": [
        "https://api.deepl.com/v2/translate"
      ],
      "rdf:language": [
        "es"
      ],
      "rdf:predicate": [
        {
          "@id": "rdfs:comment"
        }
      ]
    }
  ],
  "isLocatedAt": [
    {
      "@id": "https://data.datatourisme.fr/fa277b4a-fa79-3184-8149-95651d7c9847",
      "schema:address": [
        {
          "@id": "https://data.datatourisme.fr/b71f169e-edc2-3752-823a-023112a5af1a",
          "schema:addressLocality": "Calvi",
          "schema:postalCode": "20260",
          "schema:streetAddress": [
            "Route de Porto par la côte"
          ],
          "@type": [
            "schema:PostalAddress",
            "PostalAddress"
          ],
          "hasAddressCity": {
            "@id": "kb:2B050",
            "@type": [
              "City"
            ],
            "rdfs:label": {
              "en": [
                "Calvi"
              ],
              "fr": [
                "Calvi"
              ]
            },
            "insee": "2B050",
            "isPartOfDepartment": {
              "@id": "kb:France942B",
              "@type": [
                "Department"
              ],
              "rdfs:label": {
                "en": [
                  "Haute-Corse"
                ],
                "fr": [
                  "Haute-Corse"
                ]
              },
              "insee": "2B",
              "isPartOfRegion": {
                "@id": "kb:France94",
                "@type": [
                  "Region"
                ],
                "rdfs:label": {
                  "en": [
                    "Corse"
                  ],
                  "fr": [
                    "Corse"
                  ]
                },
                "insee": "94",
                "isPartOfCountry": {
                  "@id": "kb:France",
                  "@type": [
                    "schema:Country"
                  ],
                  "rdfs:label": {
                    "de": [
                      "Frankreich"
                    ],
                    "pt": [
                      "França"
                    ],
                    "en": [
                      "France"
                    ],
                    "it": [
                      "Francia"
                    ],
                    "fr": [
                      "France"
                    ],
                    "nl": [
                      "Frankrijk"
                    ],
                    "es": [
                      "Francia"
                    ]
                  }
                }
              }
            }
          }
        }
      ],
      "schema:geo": {
        "@id": "https://data.datatourisme.fr/f29799ff-503b-3bfd-a23b-fcb6bc812b9b",
        "schema:latitude": "42.520231",
        "schema:longitude": "8.720694",
        "@type": [
          "schema:GeoCoordinates"
        ]
      },
      "schema:openingHoursSpecification": [
        {
          "@id": "https://data.datatourisme.fr/69832c26-79b9-3cc4-9f89-2a8036a046ac",
          "schema:validFrom": "2023-05-01T00:00:00",
          "schema:validThrough": "2023-09-30T23:59:59",
          "@type": [
            "schema:OpeningHoursSpecification"
          ],
          "additionalInformation": {
            "de": [
              "Non-Stop-Service ab 12 Uhr"
            ],
            "en": [
              "Non-stop service from 12h"
            ],
            "it": [
              "Servizio non-stop dalle 12.00"
            ],
            "fr": [
              "Service non stop à partir de 12h"
            ],
            "es": [
              "Servicio ininterrumpido a partir de las 12 horas"
            ],
            "nl": [
              "Non-stop dienst vanaf 12 uur"
            ]
          },
          "hasTranslatedProperty": [
            {
              "@id": "https://data.datatourisme.fr/4c3a74ea-7bca-3cf0-857c-9a1fae613bea",
              "dc:contributor": [
                "https://api.deepl.com/v2/translate"
              ],
              "rdf:language": [
                "de"
              ],
              "rdf:predicate": [
                "additionalInformation"
              ]
            },
            {
              "@id": "https://data.datatourisme.fr/5601283b-9a8c-3212-bcd3-f269c3f59147",
              "dc:contributor": [
                "https://api.deepl.com/v2/translate"
              ],
              "rdf:language": [
                "es"
              ],
              "rdf:predicate": [
                "additionalInformation"
              ]
            },
            {
              "@id": "https://data.datatourisme.fr/6c3af1f3-8256-3870-9a7c-54b86d1a9cdc",
              "dc:contributor": [
                "https://api.deepl.com/v2/translate"
              ],
              "rdf:language": [
                "nl"
              ],
              "rdf:predicate": [
                "additionalInformation"
              ]
            },
            {
              "@id": "https://data.datatourisme.fr/b745b441-765b-3794-ab52-f53ba515134c",
              "dc:contributor": [
                "https://api.deepl.com/v2/translate"
              ],
              "rdf:language": [
                "en"
              ],
              "rdf:predicate": [
                "additionalInformation"
              ]
            },
            {
              "@id": "https://data.datatourisme.fr/eb3275cf-e7ac-3280-a692-95a2c5aebc6c",
              "dc:contributor": [
                "https://api.deepl.com/v2/translate"
              ],
              "rdf:language": [
                "it"
              ],
              "rdf:predicate": [
                "additionalInformation"
              ]
            }
          ]
        }
      ],
      "@type": [
        "schema:Place",
        "Place"
      ]
    }
  ],
  "isOwnedBy": [
    {
      "@id": "https://data.datatourisme.fr/194c52e6-bbae-33dc-8464-caca97844fbb",
      "schema:email": [
        "info@balagne-corsica.com"
      ],
      "schema:legalName": "Office de Tourisme Intercommunal Calvi - Balagne",
      "@type": [
        "schema:Organization",
        "foaf:Agent",
        "Agent"
      ],
      "foaf:homepage": [
        "https://www.balagne-corsica.com/"
      ]
    }
  ],
  "lastUpdate": "2022-05-03",
  "lastUpdateDatatourisme": "2023-02-01T18:07:35.674Z",
  "offers": [
    {
      "@id": "https://data.datatourisme.fr/8e875860-bbb5-3a7f-9d2f-40267cf77b6e",
      "schema:priceSpecification": [
        {
          "@id": "https://data.datatourisme.fr/b9b8994a-5b5d-3be8-b396-72b2920f031f",
          "@type": [
            "schema:PriceSpecification",
            "PriceSpecification"
          ],
          "appliesOnPeriod": [
            {
              "@id": "https://data.datatourisme.fr/b5ff347a-c8f9-3156-b2c3-d6a2c214d0a7",
              "@type": [
                "Period"
              ],
              "endDate": "2022-09-30",
              "startDate": "2022-05-01"
            }
          ]
        }
      ],
      "@type": [
        "schema:Offer",
        "Offer"
      ]
    }
  ]
}