{
  "@id": "https://data.datatourisme.fr/13/352d7641-8cf8-39c4-8141-51c27d80acee",
  "dc:identifier": "4932744",
  "@type": [
    "schema:Accommodation",
    "schema:FoodEstablishment",
    "schema:Hotel",
    "schema:LodgingBusiness",
    "schema:Restaurant",
    "Accommodation",
    "FoodEstablishment",
    "Hotel",
    "HotelRestaurant",
    "HotelTrade",
    "PlaceOfInterest",
    "PointOfInterest",
    "Restaurant"
  ],
  "rdfs:comment": {
    "de": [
      "Die Bergerie liegt auf den Anhöhen von L'Ile-Rousse und bietet einen Panoramablick auf die Stadt und das Meer. Unter dem Schatten des Olivenbaums und am Rande des Swimmingpools werden Sie die Ruhe dieses einzigartigen Ortes mit seinen 20 klimatisierten Zimmern im Herzen des Gartens genießen."
    ],
    "en": [
      "Located on the heights of Ile Rousse, Hotel La Bergerie offers a panoramic view of the city and the sea. Lazing by the swimming pool, in the shade of the olive trees, you will enjoy the tranquility of a unique location and its 20 air-conditioned rooms, nestled in the hotel garden."
    ],
    "it": [
      "Situata sulle alture di L'Ile-Rousse, la Bergerie offre una vista panoramica sulla città e sul mare. All'ombra dell'ulivo e a bordo piscina, apprezzerete la tranquillità di questo luogo unico e delle sue 20 camere climatizzate nel cuore del giardino."
    ],
    "fr": [
      "Située sur les hauteurs de L'Ile-Rousse, la Bergerie offre une vue panoramique sur la ville et la mer. Sous l'ombre de l'olivier et au bord de la piscine, vous apprécierez la quiétude de cet endroit unique et ses 20 chambres climatisées au cœur du jardin."
    ],
    "es": [
      "Situada en las alturas de L'Ile-Rousse, la Bergerie ofrece una vista panorámica de la ciudad y del mar. A la sombra del olivo y junto a la piscina, apreciará la tranquilidad de este lugar único y sus 20 habitaciones climatizadas en el corazón del jardín."
    ],
    "nl": [
      "De Bergerie ligt op de hoogten van L'Ile-Rousse en biedt een panoramisch uitzicht op de stad en de zee. In de schaduw van de olijfboom en bij het zwembad zult u de rust waarderen van deze unieke plek en de 20 kamers met airconditioning in het hart van de tuin."
    ]
  },
  "rdfs:label": {
    "fr": [
      "La Bergerie"
    ]
  },
  "hasBeenCreatedBy": {
    "@id": "https://data.datatourisme.fr/13/8d420fa3-5754-31f1-8199-69c88780314d",
    "dc:identifier": "1647",
    "schema:email": [
      "web@ileroussetourisme.com"
    ],
    "schema:legalName": "Office de Tourisme Intercommunal de L'Ile Rousse-Balagne",
    "@type": [
      "schema:Organization",
      "foaf:Agent",
      "Agent"
    ],
    "foaf:homepage": [
      "https://www.balagne-corsica.com/"
    ]
  },
  "hasBeenPublishedBy": [
    {
      "@id": "https://data.datatourisme.fr/8a9feb4b-2cbd-3d2c-b507-bd6c6776b23b",
      "schema:legalName": "Apidae Tourisme Scic SA - source : Apidae Tourisme",
      "@type": [
        "schema:Organization",
        "foaf:Agent",
        "Agent"
      ],
      "foaf:homepage": [
        "https://www.apidae-tourisme.com/"
      ]
    }
  ],
  "hasContact": [
    {
      "@id": "https://data.datatourisme.fr/775c28ac-6fde-30a8-ad7b-8f7c61d349a7",
      "schema:email": [
        "info@labergerie-corse.com"
      ],
      "schema:telephone": [
        "+33 4 95 60 01 28"
      ],
      "@type": [
        "foaf:Agent",
        "Agent"
      ],
      "foaf:homepage": [
        "http://www.labergerie-corse.com/"
      ]
    }
  ],
  "hasDescription": [
    {
      "@id": "https://data.datatourisme.fr/815357ff-ab17-31c1-b7d4-b2d32cd54168",
      "@type": [
        "Description"
      ],
      "hasTranslatedProperty": [
        {
          "@id": "https://data.datatourisme.fr/0594989e-20f3-3bd3-b5c2-6b2909779a3e",
          "dc:contributor": [
            "https://api.deepl.com/v2/translate"
          ],
          "rdf:language": [
            "de"
          ],
          "rdf:predicate": [
            "shortDescription"
          ]
        },
        {
          "@id": "https://data.datatourisme.fr/26e1a837-d654-3d19-bf4f-83a57a2bc43e",
          "dc:contributor": [
            "https://api.deepl.com/v2/translate"
          ],
          "rdf:language": [
            "es"
          ],
          "rdf:predicate": [
            "shortDescription"
          ]
        },
        {
          "@id": "https://data.datatourisme.fr/f66fe1c4-7c63-3f61-9141-c9e77d2aa1f1",
          "dc:contributor": [
            "https://api.deepl.com/v2/translate"
          ],
          "rdf:language": [
            "nl"
          ],
          "rdf:predicate": [
            "shortDescription"
          ]
        }
      ],
      "shortDescription": {
        "de": [
          "Die Bergerie liegt auf den Anhöhen von L'Ile-Rousse und bietet einen Panoramablick auf die Stadt und das Meer. Unter dem Schatten des Olivenbaums und am Rande des Swimmingpools werden Sie die Ruhe dieses einzigartigen Ortes mit seinen 20 klimatisierten Zimmern im Herzen des Gartens genießen."
        ],
        "en": [
          "Located on the heights of Ile Rousse, Hotel La Bergerie offers a panoramic view of the city and the sea. Lazing by the swimming pool, in the shade of the olive trees, you will enjoy the tranquility of a unique location and its 20 air-conditioned rooms, nestled in the hotel garden."
        ],
        "it": [
          "Situata sulle alture di L'Ile-Rousse, la Bergerie offre una vista panoramica sulla città e sul mare. All'ombra dell'ulivo e a bordo piscina, apprezzerete la tranquillità di questo luogo unico e delle sue 20 camere climatizzate nel cuore del giardino."
        ],
        "fr": [
          "Située sur les hauteurs de L'Ile-Rousse, la Bergerie offre une vue panoramique sur la ville et la mer. Sous l'ombre de l'olivier et au bord de la piscine, vous apprécierez la quiétude de cet endroit unique et ses 20 chambres climatisées au cœur du jardin."
        ],
        "es": [
          "Situada en las alturas de L'Ile-Rousse, la Bergerie ofrece una vista panorámica de la ciudad y del mar. A la sombra del olivo y junto a la piscina, apreciará la tranquilidad de este lugar único y sus 20 habitaciones climatizadas en el corazón del jardín."
        ],
        "nl": [
          "De Bergerie ligt op de hoogten van L'Ile-Rousse en biedt een panoramisch uitzicht op de stad en de zee. In de schaduw van de olijfboom en bij het zwembad zult u de rust waarderen van deze unieke plek en de 20 kamers met airconditioning in het hart van de tuin."
        ]
      }
    }
  ],
  "hasTranslatedProperty": [
    {
      "@id": "https://data.datatourisme.fr/55a7e138-8bd4-322b-b8cd-a7dd831812bb",
      "dc:contributor": [
        "https://api.deepl.com/v2/translate"
      ],
      "rdf:language": [
        "de"
      ],
      "rdf:predicate": [
        {
          "@id": "rdfs:comment"
        }
      ]
    },
    {
      "@id": "https://data.datatourisme.fr/952cf41b-887d-3a3c-9206-32c7c3b26797",
      "dc:contributor": [
        "https://api.deepl.com/v2/translate"
      ],
      "rdf:language": [
        "es"
      ],
      "rdf:predicate": [
        {
          "@id": "rdfs:comment"
        }
      ]
    },
    {
      "@id": "https://data.datatourisme.fr/be5dce12-6591-3548-a8b6-2b78a6dbb768",
      "dc:contributor": [
        "https://api.deepl.com/v2/translate"
      ],
      "rdf:language": [
        "nl"
      ],
      "rdf:predicate": [
        {
          "@id": "rdfs:comment"
        }
      ]
    }
  ],
  "isLocatedAt": [
    {
      "@id": "https://data.datatourisme.fr/3cace7b8-c862-36a8-aed1-7744ae556649",
      "schema:address": [
        {
          "@id": "https://data.datatourisme.fr/ff9b16cb-8794-3d44-b89a-4666bb26b245",
          "schema:addressLocality": "Monticello",
          "schema:postalCode": "20220",
          "schema:streetAddress": [
            "Route de Monticello"
          ],
          "@type": [
            "schema:PostalAddress",
            "PostalAddress"
          ],
          "hasAddressCity": {
            "@id": "kb:2B168",
            "@type": [
              "City"
            ],
            "rdfs:label": {
              "en": [
                "Monticello"
              ],
              "fr": [
                "Monticello"
              ]
            },
            "insee": "2B168",
            "isPartOfDepartment": {
              "@id": "kb:France942B",
              "@type": [
                "Department"
              ],
              "rdfs:label": {
                "en": [
                  "Haute-Corse"
                ],
                "fr": [
                  "Haute-Corse"
                ]
              },
              "insee": "2B",
              "isPartOfRegion": {
                "@id": "kb:France94",
                "@type": [
                  "Region"
                ],
                "rdfs:label": {
                  "en": [
                    "Corse"
                  ],
                  "fr": [
                    "Corse"
                  ]
                },
                "insee": "94",
                "isPartOfCountry": {
                  "@id": "kb:France",
                  "@type": [
                    "schema:Country"
                  ],
                  "rdfs:label": {
                    "de": [
                      "Frankreich"
                    ],
                    "pt": [
                      "França"
                    ],
                    "en": [
                      "France"
                    ],
                    "it": [
                      "Francia"
                    ],
                    "fr": [
                      "France"
                    ],
                    "nl": [
                      "Frankrijk"
                    ],
                    "es": [
                      "Francia"
                    ]
                  }
                }
              }
            }
          }
        }
      ],
      "schema:geo": {
        "@id": "https://data.datatourisme.fr/b5fb8f89-bc13-3172-8693-fac6c28c4e9f",
        "schema:latitude": "42.629966",
        "schema:longitude": "8.946202",
        "@type": [
          "schema:GeoCoordinates"
        ]
      },
      "schema:openingHoursSpecification": [
        {
          "@id": "https://data.datatourisme.fr/b4a41b55-7b12-3282-8218-95132c65ef22",
          "schema:validFrom": "2023-04-15T00:00:00",
          "schema:validThrough": "2023-11-04T23:59:59",
          "@type": [
            "schema:OpeningHoursSpecification"
          ]
        }
      ],
      "@type": [
        "schema:Place",
        "Place"
      ]
    }
  ],
  "isOwnedBy": [
    {
      "@id": "https://data.datatourisme.fr/252af22a-253d-33df-b9d7-204832749402",
      "schema:email": [
        "web@ileroussetourisme.com"
      ],
      "schema:legalName": "Office de Tourisme Intercommunal de L'Ile Rousse-Balagne",
      "@type": [
        "schema:Organization",
        "foaf:Agent",
        "Agent"
      ],
      "foaf:homepage": [
        "https://www.balagne-corsica.com/"
      ]
    }
  ],
  "lastUpdate": "2022-12-20",
  "lastUpdateDatatourisme": "2023-03-15T06:42:03.413Z",
  "offers": [
    {
      "@id": "https://data.datatourisme.fr/d46c4a0a-0ddf-39a4-8c35-517334085284",
      "schema:priceSpecification": [
        {
          "@id": "https://data.datatourisme.fr/09e898cf-2135-3f2a-8310-d5273960a9a6",
          "schema:minPrice": [
            "89"
          ],
          "schema:priceCurrency": "EUR",
          "@type": [
            "schema:PriceSpecification",
            "PriceSpecification"
          ],
          "appliesOnPeriod": [
            {
              "@id": "https://data.datatourisme.fr/139f5e2c-6d26-38c8-98fb-cc6481f547ed",
              "@type": [
                "Period"
              ],
              "endDate": "2023-11-04",
              "startDate": "2023-04-01"
            }
          ]
        }
      ],
      "@type": [
        "schema:Offer",
        "Offer"
      ]
    }
  ]
}