{
  "@id": "https://data.datatourisme.fr/13/359c6b01-9789-35a7-8fd0-3fdac7f9a392",
  "dc:identifier": "6308728",
  "@type": [
    "olo:OrderedList",
    "EducationalTrail",
    "PlaceOfInterest",
    "PointOfInterest",
    "SportsAndLeisurePlace",
    "Tour",
    "WalkingTour"
  ],
  "rdfs:comment": {
    "de": [
      "Wir treffen uns in der Oberstadt von Portivechju für einen Ausflug in das Herz der Stadt der Porto-Vecchiais! Wir erwarten Sie auf der Esplanade des Espace Jean-Paul De Rocca Serra, nur wenige Meter vom Tourismusbüro entfernt."
    ],
    "en": [
      "Let's meet in the upper town of Portivechju for an incursion into the heart of the town of Porto-Vecchiais! We are waiting for you on the esplanade of the Espace Jean-Paul De Rocca Serra, a few metres from the Tourist Office."
    ],
    "it": [
      "Appuntamento nella città alta di Portivechju per un'incursione nel cuore della città di Porto-Vecchiais! Vi aspettiamo sulla spianata dell'Espace Jean-Paul De Rocca Serra, a pochi metri dall'Ufficio del Turismo."
    ],
    "fr": [
      "Rendez-vous dans la haute-ville de Portivechju pour une incursion dans le cœur de ville des Porto-Vecchiais ! Nous vous attendons sur l’esplanade de l’Espace Jean-Paul De Rocca Serra, à quelques mètres de l’Office de Tourisme."
    ],
    "es": [
      "¡Cita en la ciudad alta de Portivechju para una incursión en el corazón de la ciudad de los Porto-Vecchiais! Le esperamos en la explanada del Espace Jean-Paul De Rocca Serra, a pocos metros de la Oficina de Turismo."
    ],
    "nl": [
      "Afspraak in de bovenstad van Portivechju voor een inval in het hart van de stad van de Porto-Vecchiais! Wij wachten op u op de esplanade van het Espace Jean-Paul De Rocca Serra, op enkele meters van het VVV-kantoor."
    ]
  },
  "rdfs:label": {
    "en": [
      "Route A Citadedda"
    ],
    "it": [
      "Percorso A Citadedda"
    ],
    "fr": [
      "Parcours A Citadedda"
    ]
  },
  "hasBeenCreatedBy": {
    "@id": "https://data.datatourisme.fr/13/84c6494d-3085-3c63-a55c-db8cb047fadd",
    "dc:identifier": "1738",
    "schema:email": [
      "camillef.omt@gmail.com",
      "direction@destination-sudcorse.com",
      "gestion@destination-sudcorse.com",
      "promotion@destination-sudcorse.com",
      "webmaster@destination-sudcorse.com"
    ],
    "schema:legalName": "Porto Vecchio Tourisme",
    "@type": [
      "schema:Organization",
      "foaf:Agent",
      "Agent"
    ],
    "foaf:homepage": [
      "http://www.ot-portovecchio.com/"
    ]
  },
  "hasBeenPublishedBy": [
    {
      "@id": "https://data.datatourisme.fr/8a9feb4b-2cbd-3d2c-b507-bd6c6776b23b",
      "schema:legalName": "Apidae Tourisme Scic SA - source : Apidae Tourisme",
      "@type": [
        "schema:Organization",
        "foaf:Agent",
        "Agent"
      ],
      "foaf:homepage": [
        "https://www.apidae-tourisme.com/"
      ]
    }
  ],
  "hasContact": [
    {
      "@id": "https://data.datatourisme.fr/4c728769-0f7b-3af4-927c-1364b54b762d",
      "schema:telephone": [
        "+33 4 95 70 09 58"
      ],
      "@type": [
        "foaf:Agent",
        "Agent"
      ]
    }
  ],
  "hasDescription": [
    {
      "@id": "https://data.datatourisme.fr/33be0ccf-50c3-3adb-8e33-3a272b210e23",
      "@type": [
        "Description"
      ],
      "hasTranslatedProperty": [
        {
          "@id": "https://data.datatourisme.fr/68f03ae9-fc9b-3eb6-ae0c-b73e838e1fa3",
          "dc:contributor": [
            "https://api.deepl.com/v2/translate"
          ],
          "rdf:language": [
            "de"
          ],
          "rdf:predicate": [
            "shortDescription"
          ]
        },
        {
          "@id": "https://data.datatourisme.fr/95254d5f-b22d-33b3-95b5-8332650bb98b",
          "dc:contributor": [
            "https://api.deepl.com/v2/translate"
          ],
          "rdf:language": [
            "es"
          ],
          "rdf:predicate": [
            "shortDescription"
          ]
        },
        {
          "@id": "https://data.datatourisme.fr/b8a9cb64-a7ab-31cf-95e9-3e373de0a696",
          "dc:contributor": [
            "https://api.deepl.com/v2/translate"
          ],
          "rdf:language": [
            "nl"
          ],
          "rdf:predicate": [
            "shortDescription"
          ]
        }
      ],
      "shortDescription": {
        "de": [
          "Wir treffen uns in der Oberstadt von Portivechju für einen Ausflug in das Herz der Stadt der Porto-Vecchiais! Wir erwarten Sie auf der Esplanade des Espace Jean-Paul De Rocca Serra, nur wenige Meter vom Tourismusbüro entfernt."
        ],
        "en": [
          "Let's meet in the upper town of Portivechju for an incursion into the heart of the town of Porto-Vecchiais! We are waiting for you on the esplanade of the Espace Jean-Paul De Rocca Serra, a few metres from the Tourist Office."
        ],
        "it": [
          "Appuntamento nella città alta di Portivechju per un'incursione nel cuore della città di Porto-Vecchiais! Vi aspettiamo sulla spianata dell'Espace Jean-Paul De Rocca Serra, a pochi metri dall'Ufficio del Turismo."
        ],
        "fr": [
          "Rendez-vous dans la haute-ville de Portivechju pour une incursion dans le cœur de ville des Porto-Vecchiais ! Nous vous attendons sur l’esplanade de l’Espace Jean-Paul De Rocca Serra, à quelques mètres de l’Office de Tourisme."
        ],
        "es": [
          "¡Cita en la ciudad alta de Portivechju para una incursión en el corazón de la ciudad de los Porto-Vecchiais! Le esperamos en la explanada del Espace Jean-Paul De Rocca Serra, a pocos metros de la Oficina de Turismo."
        ],
        "nl": [
          "Afspraak in de bovenstad van Portivechju voor een inval in het hart van de stad van de Porto-Vecchiais! Wij wachten op u op de esplanade van het Espace Jean-Paul De Rocca Serra, op enkele meters van het VVV-kantoor."
        ]
      }
    }
  ],
  "hasTheme": [
    {
      "@id": "kb:Hiking",
      "@type": [
        "SportsTheme"
      ],
      "rdfs:label": {
        "de": [
          "Wanderung"
        ],
        "pt": [
          "Caminhada"
        ],
        "en": [
          "Hiking"
        ],
        "it": [
          "Escursione"
        ],
        "fr": [
          "Randonnée"
        ],
        "nl": [
          "Wandelen"
        ],
        "es": [
          "Senderismo"
        ]
      }
    },
    {
      "@id": "kb:Pedestrian",
      "@type": [
        "SportsTheme"
      ],
      "rdfs:label": {
        "de": [
          "Zu Fuß"
        ],
        "pt": [
          "Pedestre"
        ],
        "en": [
          "Pedestrian"
        ],
        "it": [
          "A piedi"
        ],
        "fr": [
          "Pédestre"
        ],
        "nl": [
          "Voetgangers"
        ],
        "es": [
          "Peatón"
        ]
      }
    },
    {
      "@id": "kb:Running",
      "@type": [
        "SportsTheme"
      ],
      "rdfs:label": {
        "de": [
          "Laufen"
        ],
        "pt": [
          "Corrida a pé"
        ],
        "en": [
          "Running"
        ],
        "it": [
          "Corsa a piedi"
        ],
        "fr": [
          "Course à pied"
        ],
        "nl": [
          "Hardlopen"
        ],
        "es": [
          "Carrera a pie"
        ]
      }
    }
  ],
  "hasTranslatedProperty": [
    {
      "@id": "https://data.datatourisme.fr/448b4826-d905-3270-ab30-abcbe3182b2e",
      "dc:contributor": [
        "https://api.deepl.com/v2/translate"
      ],
      "rdf:language": [
        "es"
      ],
      "rdf:predicate": [
        {
          "@id": "rdfs:comment"
        }
      ]
    },
    {
      "@id": "https://data.datatourisme.fr/838dec68-f69c-3d49-913e-b7a7c1c40da7",
      "dc:contributor": [
        "https://api.deepl.com/v2/translate"
      ],
      "rdf:language": [
        "de"
      ],
      "rdf:predicate": [
        {
          "@id": "rdfs:comment"
        }
      ]
    },
    {
      "@id": "https://data.datatourisme.fr/b69a8c21-4adb-3285-bce3-4d959d40073f",
      "dc:contributor": [
        "https://api.deepl.com/v2/translate"
      ],
      "rdf:language": [
        "nl"
      ],
      "rdf:predicate": [
        {
          "@id": "rdfs:comment"
        }
      ]
    }
  ],
  "isLocatedAt": [
    {
      "@id": "https://data.datatourisme.fr/af6d3129-625d-3b33-b942-3b49a63b17cb",
      "schema:address": [
        {
          "@id": "https://data.datatourisme.fr/aa1d713f-f4e2-3da1-86da-88944ee7b734",
          "schema:addressLocality": "Porto-Vecchio",
          "schema:postalCode": "20137",
          "schema:streetAddress": [
            "Quai Syracuse"
          ],
          "@type": [
            "schema:PostalAddress",
            "PostalAddress"
          ],
          "hasAddressCity": {
            "@id": "kb:2A247",
            "@type": [
              "City"
            ],
            "rdfs:label": {
              "en": [
                "Porto-Vecchio"
              ],
              "fr": [
                "Porto-Vecchio"
              ]
            },
            "insee": "2A247",
            "isPartOfDepartment": {
              "@id": "kb:France942A",
              "@type": [
                "Department"
              ],
              "rdfs:label": {
                "en": [
                  "Corse-du-Sud"
                ],
                "fr": [
                  "Corse-du-Sud"
                ]
              },
              "insee": "2A",
              "isPartOfRegion": {
                "@id": "kb:France94",
                "@type": [
                  "Region"
                ],
                "rdfs:label": {
                  "en": [
                    "Corse"
                  ],
                  "fr": [
                    "Corse"
                  ]
                },
                "insee": "94",
                "isPartOfCountry": {
                  "@id": "kb:France",
                  "@type": [
                    "schema:Country"
                  ],
                  "rdfs:label": {
                    "de": [
                      "Frankreich"
                    ],
                    "pt": [
                      "França"
                    ],
                    "en": [
                      "France"
                    ],
                    "it": [
                      "Francia"
                    ],
                    "fr": [
                      "France"
                    ],
                    "nl": [
                      "Frankrijk"
                    ],
                    "es": [
                      "Francia"
                    ]
                  }
                }
              }
            }
          }
        }
      ],
      "schema:geo": {
        "@id": "https://data.datatourisme.fr/76e7213e-fb73-38cb-af9c-56fe384dc5b7",
        "schema:latitude": "41.591983",
        "schema:longitude": "9.278853",
        "@type": [
          "schema:GeoCoordinates"
        ]
      },
      "schema:openingHoursSpecification": [
        {
          "@id": "https://data.datatourisme.fr/f87e535a-636d-3343-ad63-8a03392e7511",
          "schema:validFrom": "2023-01-01T00:00:00",
          "schema:validThrough": "2023-12-31T23:59:59",
          "@type": [
            "schema:OpeningHoursSpecification"
          ]
        }
      ],
      "@type": [
        "schema:Place",
        "Place"
      ]
    }
  ],
  "isOwnedBy": [
    {
      "@id": "https://data.datatourisme.fr/f5f950f9-5eec-32b4-a357-2c969ccf4068",
      "schema:email": [
        "camillef.omt@gmail.com",
        "direction@destination-sudcorse.com",
        "gestion@destination-sudcorse.com",
        "promotion@destination-sudcorse.com",
        "webmaster@destination-sudcorse.com"
      ],
      "schema:legalName": "Porto Vecchio Tourisme",
      "@type": [
        "schema:Organization",
        "foaf:Agent",
        "Agent"
      ],
      "foaf:homepage": [
        "http://www.ot-portovecchio.com/"
      ]
    }
  ],
  "lastUpdate": "2023-03-01",
  "lastUpdateDatatourisme": "2023-03-02T06:41:27.901Z"
}