{
  "@id": "https://data.datatourisme.fr/13/27c8c570-a8db-3df1-850f-69d3d87b6866",
  "dc:identifier": "5074822",
  "@type": [
    "schema:LocalBusiness",
    "ActivityProvider",
    "PlaceOfInterest",
    "PointOfInterest",
    "Store"
  ],
  "rdfs:comment": {
    "de": [
      "Zwischen Ajaccio und Corte, im Herzen Korsikas, empfängt Sie das Team des Parc Aventure Accrobranche de Vizzavona auf seinen schattigen Parcours zur Freude von Groß und Klein (ab 3 Jahren)."
    ],
    "en": [
      "Located between Ajaccio and Corte, in the heart of Corsica, the Vizzavona Accrobranche Adventure Park team welcomes you on its shaded courses, for the pleasure of young and old (from 3 years old)."
    ],
    "it": [
      "Situato tra Ajaccio e Corte, nel cuore della Corsica, il team del Parco Avventura Vizzavona vi accoglie nei suoi percorsi ombreggiati, per il piacere di bambini e adulti (a partire dai 3 anni)."
    ],
    "fr": [
      "Situé Entre Ajaccio et Corte, au cœur de la Corse, l’équipe du Parc Aventure Accrobranche de Vizzavona, vous accueille sur ses parcours ombragés, pour le plaisir des petits et des grands (A partir de 3 ans)."
    ],
    "nl": [
      "Tussen Ajaccio en Corte, in het hart van Corsica, heet het team van het Avonturenpark Vizzavona u welkom op zijn schaduwrijke parcours, voor het plezier van kinderen en volwassenen (vanaf 3 jaar)."
    ],
    "es": [
      "Situado entre Ajaccio y Corte, en el corazón de Córcega, el equipo del Parque de Aventuras de Vizzavona le da la bienvenida a sus recorridos sombreados, para el placer de niños y adultos (a partir de 3 años)."
    ]
  },
  "rdfs:label": {
    "fr": [
      "Vizzavona Parc Aventure"
    ]
  },
  "hasBeenCreatedBy": {
    "@id": "https://data.datatourisme.fr/13/8d420fa3-5754-31f1-8199-69c88780314d",
    "dc:identifier": "1647",
    "schema:email": [
      "web@ileroussetourisme.com"
    ],
    "schema:legalName": "Office de Tourisme Intercommunal de L'Ile Rousse-Balagne",
    "@type": [
      "schema:Organization",
      "foaf:Agent",
      "Agent"
    ],
    "foaf:homepage": [
      "https://www.balagne-corsica.com/"
    ]
  },
  "hasBeenPublishedBy": [
    {
      "@id": "https://data.datatourisme.fr/8a9feb4b-2cbd-3d2c-b507-bd6c6776b23b",
      "schema:legalName": "Apidae Tourisme Scic SA - source : Apidae Tourisme",
      "@type": [
        "schema:Organization",
        "foaf:Agent",
        "Agent"
      ],
      "foaf:homepage": [
        "https://www.apidae-tourisme.com/"
      ]
    }
  ],
  "hasContact": [
    {
      "@id": "https://data.datatourisme.fr/cabec26a-1537-3586-8582-1b57a6ea1737",
      "schema:email": [
        "info@corsicanatura.fr"
      ],
      "schema:telephone": [
        "+33 4 95 10 83 16",
        "+33 4 95 37 28 41",
        "+33 6 75 94 27 74"
      ],
      "@type": [
        "foaf:Agent",
        "Agent"
      ],
      "foaf:homepage": [
        "http://www.corsicanatura-activites.fr/"
      ]
    }
  ],
  "hasDescription": [
    {
      "@id": "https://data.datatourisme.fr/0a0d5069-38dc-3b25-8a04-83a2c9df99d8",
      "@type": [
        "Description"
      ],
      "hasTranslatedProperty": [
        {
          "@id": "https://data.datatourisme.fr/21b5f66c-1408-38b8-a160-97cf0ab85c26",
          "dc:contributor": [
            "https://api.deepl.com/v2/translate"
          ],
          "rdf:language": [
            "it"
          ],
          "rdf:predicate": [
            "shortDescription"
          ]
        },
        {
          "@id": "https://data.datatourisme.fr/5d2e3183-c0fa-37e3-ae1a-57683a420f71",
          "dc:contributor": [
            "https://api.deepl.com/v2/translate"
          ],
          "rdf:language": [
            "es"
          ],
          "rdf:predicate": [
            "shortDescription"
          ]
        },
        {
          "@id": "https://data.datatourisme.fr/711fdf6c-da56-3903-a425-7d21ecfe42a2",
          "dc:contributor": [
            "https://api.deepl.com/v2/translate"
          ],
          "rdf:language": [
            "nl"
          ],
          "rdf:predicate": [
            "shortDescription"
          ]
        },
        {
          "@id": "https://data.datatourisme.fr/f17da0b6-e517-30ad-b835-96431aca32e5",
          "dc:contributor": [
            "https://api.deepl.com/v2/translate"
          ],
          "rdf:language": [
            "de"
          ],
          "rdf:predicate": [
            "shortDescription"
          ]
        }
      ],
      "shortDescription": {
        "de": [
          "Zwischen Ajaccio und Corte, im Herzen Korsikas, empfängt Sie das Team des Parc Aventure Accrobranche de Vizzavona auf seinen schattigen Parcours zur Freude von Groß und Klein (ab 3 Jahren)."
        ],
        "en": [
          "Located between Ajaccio and Corte, in the heart of Corsica, the Vizzavona Accrobranche Adventure Park team welcomes you on its shaded courses, for the pleasure of young and old (from 3 years old)."
        ],
        "it": [
          "Situato tra Ajaccio e Corte, nel cuore della Corsica, il team del Parco Avventura Vizzavona vi accoglie nei suoi percorsi ombreggiati, per il piacere di bambini e adulti (a partire dai 3 anni)."
        ],
        "fr": [
          "Situé Entre Ajaccio et Corte, au cœur de la Corse, l’équipe du Parc Aventure Accrobranche de Vizzavona, vous accueille sur ses parcours ombragés, pour le plaisir des petits et des grands (A partir de 3 ans)."
        ],
        "nl": [
          "Tussen Ajaccio en Corte, in het hart van Corsica, heet het team van het Avonturenpark Vizzavona u welkom op zijn schaduwrijke parcours, voor het plezier van kinderen en volwassenen (vanaf 3 jaar)."
        ],
        "es": [
          "Situado entre Ajaccio y Corte, en el corazón de Córcega, el equipo del Parque de Aventuras de Vizzavona le da la bienvenida a sus recorridos sombreados, para el placer de niños y adultos (a partir de 3 años)."
        ]
      }
    }
  ],
  "hasTheme": [
    {
      "@id": "kb:AdventureCourse",
      "@type": [
        "SportsTheme"
      ],
      "rdfs:label": {
        "de": [
          "Abenteuerparcours"
        ],
        "pt": [
          "Percurso aventura"
        ],
        "en": [
          "Adventure course"
        ],
        "it": [
          "Percorso avventura"
        ],
        "fr": [
          "Parcours aventure"
        ],
        "es": [
          "Parque de aventuras"
        ],
        "nl": [
          "Avonturenparcours"
        ]
      }
    },
    {
      "@id": "kb:Canyoning",
      "@type": [
        "SportsTheme"
      ],
      "rdfs:label": {
        "de": [
          "Canyoning"
        ],
        "pt": [
          "Canoagem"
        ],
        "en": [
          "Canyoning"
        ],
        "it": [
          "Canyoning"
        ],
        "fr": [
          "Canyoning"
        ],
        "es": [
          "Piragüismo"
        ],
        "nl": [
          "Canyoning"
        ]
      }
    },
    {
      "@id": "kb:Caving",
      "@type": [
        "SportsTheme"
      ],
      "rdfs:label": {
        "de": [
          "Höhlenforschung"
        ],
        "pt": [
          "Espeleologia"
        ],
        "en": [
          "Caving"
        ],
        "it": [
          "Speleologia"
        ],
        "fr": [
          "Spéléologie"
        ],
        "nl": [
          "Speleologie"
        ],
        "es": [
          "Espeleología"
        ]
      }
    },
    {
      "@id": "kb:Hiking",
      "@type": [
        "SportsTheme"
      ],
      "rdfs:label": {
        "de": [
          "Wanderung"
        ],
        "pt": [
          "Caminhada"
        ],
        "en": [
          "Hiking"
        ],
        "it": [
          "Escursione"
        ],
        "fr": [
          "Randonnée"
        ],
        "nl": [
          "Wandelen"
        ],
        "es": [
          "Senderismo"
        ]
      }
    },
    {
      "@id": "kb:RopeCourse",
      "@type": [
        "SportsTheme"
      ],
      "rdfs:label": {
        "de": [
          "Klettergarten"
        ],
        "pt": [
          "Percurso nas árvores"
        ],
        "en": [
          "Rope course"
        ],
        "it": [
          "Parco avventura"
        ],
        "fr": [
          "Accro-branches"
        ],
        "nl": [
          "Boomklimmen"
        ],
        "es": [
          "Accro-branches"
        ]
      }
    },
    {
      "@id": "kb:Trail",
      "@type": [
        "SportsTheme"
      ],
      "rdfs:label": {
        "de": [
          "Trail"
        ],
        "pt": [
          "Pista"
        ],
        "en": [
          "Trail"
        ],
        "it": [
          "Trail"
        ],
        "fr": [
          "Trail"
        ],
        "nl": [
          "Trailrunning"
        ],
        "es": [
          "Pista"
        ]
      }
    },
    {
      "@id": "kb:ViaCordata",
      "@type": [
        "SportsTheme"
      ],
      "rdfs:label": {
        "de": [
          "Via Cordata"
        ],
        "pt": [
          "Via cordata"
        ],
        "en": [
          "Via cordata"
        ],
        "it": [
          "Via cordata"
        ],
        "fr": [
          "Via cordata"
        ],
        "nl": [
          "Via cordata"
        ],
        "es": [
          "Vía cordata"
        ]
      }
    }
  ],
  "hasTranslatedProperty": [
    {
      "@id": "https://data.datatourisme.fr/1e41db32-6ad0-311d-b4d3-3ee814170eb6",
      "dc:contributor": [
        "https://api.deepl.com/v2/translate"
      ],
      "rdf:language": [
        "de"
      ],
      "rdf:predicate": [
        {
          "@id": "rdfs:comment"
        }
      ]
    },
    {
      "@id": "https://data.datatourisme.fr/3043a3a2-873c-3972-b999-59667f0fd545",
      "dc:contributor": [
        "https://api.deepl.com/v2/translate"
      ],
      "rdf:language": [
        "es"
      ],
      "rdf:predicate": [
        {
          "@id": "rdfs:comment"
        }
      ]
    },
    {
      "@id": "https://data.datatourisme.fr/7737162a-ef6f-331a-b47c-b34db858ed46",
      "dc:contributor": [
        "https://api.deepl.com/v2/translate"
      ],
      "rdf:language": [
        "it"
      ],
      "rdf:predicate": [
        {
          "@id": "rdfs:comment"
        }
      ]
    },
    {
      "@id": "https://data.datatourisme.fr/c2794c72-f190-37dd-9674-f02bad6bf924",
      "dc:contributor": [
        "https://api.deepl.com/v2/translate"
      ],
      "rdf:language": [
        "nl"
      ],
      "rdf:predicate": [
        {
          "@id": "rdfs:comment"
        }
      ]
    }
  ],
  "isLocatedAt": [
    {
      "@id": "https://data.datatourisme.fr/ab750122-5721-3126-a810-9ffef6a57e6c",
      "schema:address": [
        {
          "@id": "https://data.datatourisme.fr/b610908a-906d-324a-859f-0c188c01f4db",
          "schema:addressLocality": "Vivario",
          "schema:postalCode": "20219",
          "schema:streetAddress": [
            "Corsica Natura",
            "Foce di Vizzavona"
          ],
          "@type": [
            "schema:PostalAddress",
            "PostalAddress"
          ],
          "hasAddressCity": {
            "@id": "kb:2B354",
            "@type": [
              "City"
            ],
            "rdfs:label": {
              "en": [
                "Vivario"
              ],
              "fr": [
                "Vivario"
              ]
            },
            "insee": "2B354",
            "isPartOfDepartment": {
              "@id": "kb:France942B",
              "@type": [
                "Department"
              ],
              "rdfs:label": {
                "en": [
                  "Haute-Corse"
                ],
                "fr": [
                  "Haute-Corse"
                ]
              },
              "insee": "2B",
              "isPartOfRegion": {
                "@id": "kb:France94",
                "@type": [
                  "Region"
                ],
                "rdfs:label": {
                  "en": [
                    "Corse"
                  ],
                  "fr": [
                    "Corse"
                  ]
                },
                "insee": "94",
                "isPartOfCountry": {
                  "@id": "kb:France",
                  "@type": [
                    "schema:Country"
                  ],
                  "rdfs:label": {
                    "de": [
                      "Frankreich"
                    ],
                    "pt": [
                      "França"
                    ],
                    "en": [
                      "France"
                    ],
                    "it": [
                      "Francia"
                    ],
                    "fr": [
                      "France"
                    ],
                    "nl": [
                      "Frankrijk"
                    ],
                    "es": [
                      "Francia"
                    ]
                  }
                }
              }
            }
          }
        }
      ],
      "schema:geo": {
        "@id": "https://data.datatourisme.fr/4bb29980-a49c-3119-ac82-763dd1823353",
        "schema:latitude": "42.082138",
        "schema:longitude": "9.060722",
        "@type": [
          "schema:GeoCoordinates"
        ]
      },
      "schema:openingHoursSpecification": [
        {
          "@id": "https://data.datatourisme.fr/644a3270-7be0-3bf9-bddb-5e37dff9360f",
          "schema:closes": "19:00:00",
          "schema:opens": "09:00:00",
          "schema:validFrom": "2023-06-18T00:00:00",
          "schema:validThrough": "2023-09-17T23:59:59",
          "@type": [
            "schema:OpeningHoursSpecification"
          ],
          "additionalInformation": {
            "de": [
              "Juni und September: Mi. Sa. und So.12h - 19h"
            ],
            "en": [
              "June and September: Wed., Sat. and Sun. 12:00 - 19:00"
            ],
            "it": [
              "Giugno e settembre: merc., sab. e dom. 12:00 - 19:00"
            ],
            "fr": [
              "Juin et septembre : merc. sam. et dim.12h - 19h"
            ],
            "es": [
              "Junio y septiembre: miércoles, sábados y domingos, de 12.00 a 19.00 h"
            ],
            "nl": [
              "Juni en september: wo., za. en zo. 12:00 - 19:00 uur"
            ]
          },
          "hasTranslatedProperty": [
            {
              "@id": "https://data.datatourisme.fr/0503e4ee-b573-3f97-8096-20822a77300b",
              "dc:contributor": [
                "https://api.deepl.com/v2/translate"
              ],
              "rdf:language": [
                "de"
              ],
              "rdf:predicate": [
                "additionalInformation"
              ]
            },
            {
              "@id": "https://data.datatourisme.fr/366307dd-d4c5-3f9b-b676-3199490acbbd",
              "dc:contributor": [
                "https://api.deepl.com/v2/translate"
              ],
              "rdf:language": [
                "en"
              ],
              "rdf:predicate": [
                "additionalInformation"
              ]
            },
            {
              "@id": "https://data.datatourisme.fr/73fcd522-b02e-34cc-80bc-dee475ac6b95",
              "dc:contributor": [
                "https://api.deepl.com/v2/translate"
              ],
              "rdf:language": [
                "nl"
              ],
              "rdf:predicate": [
                "additionalInformation"
              ]
            },
            {
              "@id": "https://data.datatourisme.fr/b5c7bf9a-967b-35eb-bdd7-b8a0e5741666",
              "dc:contributor": [
                "https://api.deepl.com/v2/translate"
              ],
              "rdf:language": [
                "it"
              ],
              "rdf:predicate": [
                "additionalInformation"
              ]
            },
            {
              "@id": "https://data.datatourisme.fr/b750b456-e55a-399c-bbe8-fd063022df19",
              "dc:contributor": [
                "https://api.deepl.com/v2/translate"
              ],
              "rdf:language": [
                "es"
              ],
              "rdf:predicate": [
                "additionalInformation"
              ]
            }
          ]
        }
      ],
      "@type": [
        "schema:Place",
        "Place"
      ]
    }
  ],
  "isOwnedBy": [
    {
      "@id": "https://data.datatourisme.fr/252af22a-253d-33df-b9d7-204832749402",
      "schema:email": [
        "web@ileroussetourisme.com"
      ],
      "schema:legalName": "Office de Tourisme Intercommunal de L'Ile Rousse-Balagne",
      "@type": [
        "schema:Organization",
        "foaf:Agent",
        "Agent"
      ],
      "foaf:homepage": [
        "https://www.balagne-corsica.com/"
      ]
    }
  ],
  "lastUpdate": "2023-01-12",
  "lastUpdateDatatourisme": "2023-02-11T06:38:49.132Z"
}