{
  "@id": "https://data.datatourisme.fr/13/2185a9d7-066e-3482-bfd8-d56a3ad892cb",
  "dc:identifier": "5324671",
  "@type": [
    "CityHeritage",
    "CulturalSite",
    "PlaceOfInterest",
    "PointOfInterest"
  ],
  "rdfs:comment": {
    "de": [
      "Entdecken Sie eines der ältesten Dörfer der Balagne mit seinen Weilern, die sich majestätisch über die Hügel des Monte de Guido, des Borgu und von Pietralta am Fuße des Monte Sant'Angelo erstrecken."
    ],
    "en": [
      "Explore one of the oldest villages in Balagne, and the hamlets that stretch majestically across the hills of Mont de Guido, Borgu and Pietralta, just below Mont Sant'Angelo."
    ],
    "it": [
      "Scoprite uno dei borghi più antichi della Balagne con le sue frazioni che si estendono maestose sulle colline di Monte Guido, Borgu e Pietralta, ai piedi di Monte Sant'Angelo."
    ],
    "fr": [
      "Découvrez l’un des plus vieux villages de Balagne avec ses hameaux qui s’étendent majestueusement sur les collines du mont de Guido, du Borgu et de Pietralta, au pied du mont Sant’Angelo."
    ],
    "nl": [
      "Ontdek een van de oudste dorpen van Balagne met zijn gehuchten die zich majestueus uitstrekken over de heuvels van de berg Guido, Borgu en Pietralta, aan de voet van de berg Sant'Angelo."
    ],
    "es": [
      "Descubra uno de los pueblos más antiguos de Balagne con sus aldeas que se extienden majestuosamente sobre las colinas del Monte Guido, Borgu y Pietralta, a los pies del Monte Sant'Angelo."
    ]
  },
  "rdfs:label": {
    "fr": [
      "Corbara"
    ]
  },
  "owl:sameAs": [
    "http://www.wikidata.org/entity/Q1087818"
  ],
  "hasBeenCreatedBy": {
    "@id": "https://data.datatourisme.fr/13/8d420fa3-5754-31f1-8199-69c88780314d",
    "dc:identifier": "1647",
    "schema:email": [
      "web@ileroussetourisme.com"
    ],
    "schema:legalName": "Office de Tourisme Intercommunal de L'Ile Rousse-Balagne",
    "@type": [
      "schema:Organization",
      "foaf:Agent",
      "Agent"
    ],
    "foaf:homepage": [
      "https://www.balagne-corsica.com/"
    ]
  },
  "hasBeenPublishedBy": [
    {
      "@id": "https://data.datatourisme.fr/8a9feb4b-2cbd-3d2c-b507-bd6c6776b23b",
      "schema:legalName": "Apidae Tourisme Scic SA - source : Apidae Tourisme",
      "@type": [
        "schema:Organization",
        "foaf:Agent",
        "Agent"
      ],
      "foaf:homepage": [
        "https://www.apidae-tourisme.com/"
      ]
    }
  ],
  "hasContact": [
    {
      "@id": "https://data.datatourisme.fr/2fc203f7-0ed5-31c3-b821-a23a3bb028a3",
      "schema:email": [
        "corbara@corbara.fr"
      ],
      "schema:telephone": [
        "+33 4 95 63 06 50"
      ],
      "@type": [
        "foaf:Agent",
        "Agent"
      ],
      "foaf:homepage": [
        "http://www.corbara.fr/"
      ]
    }
  ],
  "hasDescription": [
    {
      "@id": "https://data.datatourisme.fr/9e58c79f-e8a3-326c-925f-fd8b78a3d3bd",
      "@type": [
        "Description"
      ],
      "hasTranslatedProperty": [
        {
          "@id": "https://data.datatourisme.fr/6cf77726-765b-3ac1-b107-3799b16fa359",
          "dc:contributor": [
            "https://api.deepl.com/v2/translate"
          ],
          "rdf:language": [
            "de"
          ],
          "rdf:predicate": [
            "shortDescription"
          ]
        },
        {
          "@id": "https://data.datatourisme.fr/947ac52b-5a4c-3770-9d65-3593fb1ffc77",
          "dc:contributor": [
            "https://api.deepl.com/v2/translate"
          ],
          "rdf:language": [
            "nl"
          ],
          "rdf:predicate": [
            "shortDescription"
          ]
        },
        {
          "@id": "https://data.datatourisme.fr/dbbdc922-852a-3b14-ad80-6162b3be98b0",
          "dc:contributor": [
            "https://api.deepl.com/v2/translate"
          ],
          "rdf:language": [
            "es"
          ],
          "rdf:predicate": [
            "shortDescription"
          ]
        }
      ],
      "shortDescription": {
        "de": [
          "Entdecken Sie eines der ältesten Dörfer der Balagne mit seinen Weilern, die sich majestätisch über die Hügel des Monte de Guido, des Borgu und von Pietralta am Fuße des Monte Sant'Angelo erstrecken."
        ],
        "en": [
          "Explore one of the oldest villages in Balagne, and the hamlets that stretch majestically across the hills of Mont de Guido, Borgu and Pietralta, just below Mont Sant'Angelo."
        ],
        "it": [
          "Scoprite uno dei borghi più antichi della Balagne con le sue frazioni che si estendono maestose sulle colline di Monte Guido, Borgu e Pietralta, ai piedi di Monte Sant'Angelo."
        ],
        "fr": [
          "Découvrez l’un des plus vieux villages de Balagne avec ses hameaux qui s’étendent majestueusement sur les collines du mont de Guido, du Borgu et de Pietralta, au pied du mont Sant’Angelo."
        ],
        "nl": [
          "Ontdek een van de oudste dorpen van Balagne met zijn gehuchten die zich majestueus uitstrekken over de heuvels van de berg Guido, Borgu en Pietralta, aan de voet van de berg Sant'Angelo."
        ],
        "es": [
          "Descubra uno de los pueblos más antiguos de Balagne con sus aldeas que se extienden majestuosamente sobre las colinas del Monte Guido, Borgu y Pietralta, a los pies del Monte Sant'Angelo."
        ]
      }
    }
  ],
  "hasRepresentation": [
    {
      "@id": "https://data.datatourisme.fr/3f89788f-a214-3f03-bd8a-9c9ce5476e68",
      "ebucore:hasAnnotation": [
        {
          "@id": "https://data.datatourisme.fr/4a308b7f-531d-330d-b1c6-5f8295bfdd85",
          "ebucore:isCoveredBy": "CC BY-SA 3.0",
          "ebucore:title": [
            "Corbara au soir du 15-07-14"
          ],
          "@type": [
            "ebucore:Annotation"
          ],
          "credits": [
            "Pierre Bona (https://commons.wikimedia.org/wiki/User:Pierre_Bona)"
          ]
        }
      ],
      "ebucore:hasRelatedResource": [
        {
          "@id": "https://data.datatourisme.fr/91217634-3d52-3a64-9d07-237d17df19cb",
          "ebucore:fileSize": [
            10224060
          ],
          "ebucore:hasMimeType": [
            {
              "@id": "kb:JPEG",
              "@type": [
                "ebucore:MimeType"
              ],
              "rdfs:comment": {
                "de": [
                  "JPEG-Bild"
                ],
                "pt": [
                  "Imagem JPEG"
                ],
                "en": [
                  "JPEG image file"
                ],
                "it": [
                  "Immagine JPEG"
                ],
                "fr": [
                  "Image JPEG"
                ],
                "nl": [
                  "JPEG-afbeelding"
                ],
                "es": [
                  "Imagen JPEG"
                ]
              },
              "rdfs:label": {
                "de": [
                  "image/jpeg"
                ],
                "pt": [
                  "image/jpeg"
                ],
                "en": [
                  "image/jpeg"
                ],
                "it": [
                  "image/jpeg"
                ],
                "fr": [
                  "image/jpeg"
                ],
                "nl": [
                  "image/jpeg"
                ],
                "es": [
                  "image/jpeg"
                ]
              }
            }
          ],
          "ebucore:height": 4016,
          "ebucore:locator": [
            "https://upload.wikimedia.org/wikipedia/commons/d/db/Corbara_au_soir_du_15-07-14.jpg"
          ],
          "ebucore:width": 6016,
          "@type": [
            "ebucore:Resource"
          ]
        }
      ],
      "@type": [
        "ebucore:EditorialObject"
      ]
    }
  ],
  "hasTheme": [
    {
      "@id": "kb:Culture",
      "@type": [
        "CulturalTheme"
      ],
      "rdfs:label": {
        "de": [
          "Kultur"
        ],
        "pt": [
          "Cultura"
        ],
        "en": [
          "Culture"
        ],
        "it": [
          "Cultura"
        ],
        "fr": [
          "Culture"
        ],
        "nl": [
          "Cultuur"
        ],
        "es": [
          "Cultura"
        ]
      }
    }
  ],
  "hasTranslatedProperty": [
    {
      "@id": "https://data.datatourisme.fr/a04e94a0-0dfb-3e58-81e6-7d7490c42a3c",
      "dc:contributor": [
        "https://api.deepl.com/v2/translate"
      ],
      "rdf:language": [
        "de"
      ],
      "rdf:predicate": [
        {
          "@id": "rdfs:comment"
        }
      ]
    },
    {
      "@id": "https://data.datatourisme.fr/a2279f98-afb2-32e8-bbdd-4172529d1778",
      "dc:contributor": [
        "https://api.deepl.com/v2/translate"
      ],
      "rdf:language": [
        "nl"
      ],
      "rdf:predicate": [
        {
          "@id": "rdfs:comment"
        }
      ]
    },
    {
      "@id": "https://data.datatourisme.fr/ff8d5422-c625-330f-8520-beba67c232f3",
      "dc:contributor": [
        "https://api.deepl.com/v2/translate"
      ],
      "rdf:language": [
        "es"
      ],
      "rdf:predicate": [
        {
          "@id": "rdfs:comment"
        }
      ]
    }
  ],
  "isLocatedAt": [
    {
      "@id": "https://data.datatourisme.fr/c06c5fa1-7feb-3646-9922-366bc5a83fc1",
      "schema:address": [
        {
          "@id": "https://data.datatourisme.fr/83f361d2-cd6c-33e9-91d2-a4c219c9374e",
          "schema:addressLocality": "Corbara",
          "schema:postalCode": "20220",
          "@type": [
            "schema:PostalAddress",
            "PostalAddress"
          ],
          "hasAddressCity": {
            "@id": "kb:2B093",
            "@type": [
              "City"
            ],
            "rdfs:label": {
              "en": [
                "Corbara"
              ],
              "fr": [
                "Corbara"
              ]
            },
            "insee": "2B093",
            "isPartOfDepartment": {
              "@id": "kb:France942B",
              "@type": [
                "Department"
              ],
              "rdfs:label": {
                "en": [
                  "Haute-Corse"
                ],
                "fr": [
                  "Haute-Corse"
                ]
              },
              "insee": "2B",
              "isPartOfRegion": {
                "@id": "kb:France94",
                "@type": [
                  "Region"
                ],
                "rdfs:label": {
                  "en": [
                    "Corse"
                  ],
                  "fr": [
                    "Corse"
                  ]
                },
                "insee": "94",
                "isPartOfCountry": {
                  "@id": "kb:France",
                  "@type": [
                    "schema:Country"
                  ],
                  "rdfs:label": {
                    "de": [
                      "Frankreich"
                    ],
                    "pt": [
                      "França"
                    ],
                    "en": [
                      "France"
                    ],
                    "it": [
                      "Francia"
                    ],
                    "fr": [
                      "France"
                    ],
                    "nl": [
                      "Frankrijk"
                    ],
                    "es": [
                      "Francia"
                    ]
                  }
                }
              }
            }
          }
        }
      ],
      "schema:geo": {
        "@id": "https://data.datatourisme.fr/2f101070-c50c-3ae1-aec3-f091751b7d51",
        "schema:latitude": "42.615508",
        "schema:longitude": "8.907482",
        "@type": [
          "schema:GeoCoordinates"
        ]
      },
      "schema:openingHoursSpecification": [
        {
          "@id": "https://data.datatourisme.fr/f87e535a-636d-3343-ad63-8a03392e7511",
          "schema:validFrom": "2023-01-01T00:00:00",
          "schema:validThrough": "2023-12-31T23:59:59",
          "@type": [
            "schema:OpeningHoursSpecification"
          ]
        }
      ],
      "@type": [
        "schema:Place",
        "Place"
      ]
    }
  ],
  "isOwnedBy": [
    {
      "@id": "https://data.datatourisme.fr/252af22a-253d-33df-b9d7-204832749402",
      "schema:email": [
        "web@ileroussetourisme.com"
      ],
      "schema:legalName": "Office de Tourisme Intercommunal de L'Ile Rousse-Balagne",
      "@type": [
        "schema:Organization",
        "foaf:Agent",
        "Agent"
      ],
      "foaf:homepage": [
        "https://www.balagne-corsica.com/"
      ]
    }
  ],
  "lastUpdate": "2022-12-14",
  "lastUpdateDatatourisme": "2023-02-22T06:42:37.715Z"
}