{
  "@id": "https://data.datatourisme.fr/13/2e597d03-e140-3847-ab52-aad5eed57e1d",
  "dc:identifier": "6093416",
  "@type": [
    "schema:Landform",
    "Beach",
    "NaturalHeritage",
    "PlaceOfInterest",
    "PointOfInterest",
    "SportsAndLeisurePlace"
  ],
  "rdfs:comment": {
    "de": [
      "Südlich von Porto-Vecchio: Hier befindet sich einer der berühmtesten Strände Südkorsikas.\r\nEine Lagune badet am Fuße eines Berges auf kilometerlangem, feinem, weißem Sand... \r\nDas seichte Wasser macht ihn zu einem wahren Meeresgarten für Kinder."
    ],
    "en": [
      "South of Porto-Vecchio: here is one of the most famous beaches of South Corsica.\r\nA lagoon bathing at the foot of a mountain on kilometres of fine white sand...\r\n The shallow waters make it a real sea garden for children."
    ],
    "it": [
      "A sud di Porto-Vecchio: ecco una delle spiagge più famose della Corsica del Sud.\r\nUna laguna balneabile ai piedi di una montagna su chilometri di sabbia bianca e fine... \r\nLe acque poco profonde ne fanno un vero giardino marino per i bambini."
    ],
    "fr": [
      "Au sud de Porto-Vecchio : voici une des plages les plus célèbres de la Corse du Sud.\r\nUn lagon baignant au pied d’une montagne sur des kilomètres de sable blanc et fin... \r\nCes eaux peu profondes en font un véritable jardin de la mer pour les enfants."
    ],
    "nl": [
      "Ten zuiden van Porto-Vecchio: hier bevindt zich een van de beroemdste stranden van Zuid-Corsica.\r\nEen lagune, badend aan de voet van een berg op kilometers fijn wit zand... \r\nHet ondiepe water maakt het tot een echte zeetuin voor kinderen."
    ],
    "es": [
      "Al sur de Porto-Vecchio: es una de las playas más famosas del sur de Córcega.\r\nUna laguna que se baña al pie de una montaña sobre kilómetros de fina arena blanca..\r\nLas aguas poco profundas lo convierten en un verdadero jardín marino para los niños."
    ]
  },
  "rdfs:label": {
    "fr": [
      "La plage de Santa Giulia"
    ]
  },
  "owl:sameAs": [
    "http://www.wikidata.org/entity/Q49322686"
  ],
  "hasBeenCreatedBy": {
    "@id": "https://data.datatourisme.fr/13/84c6494d-3085-3c63-a55c-db8cb047fadd",
    "dc:identifier": "1738",
    "schema:email": [
      "camillef.omt@gmail.com",
      "direction@destination-sudcorse.com",
      "gestion@destination-sudcorse.com",
      "promotion@destination-sudcorse.com",
      "webmaster@destination-sudcorse.com"
    ],
    "schema:legalName": "Porto Vecchio Tourisme",
    "@type": [
      "schema:Organization",
      "foaf:Agent",
      "Agent"
    ],
    "foaf:homepage": [
      "http://www.ot-portovecchio.com/"
    ]
  },
  "hasBeenPublishedBy": [
    {
      "@id": "https://data.datatourisme.fr/8a9feb4b-2cbd-3d2c-b507-bd6c6776b23b",
      "schema:legalName": "Apidae Tourisme Scic SA - source : Apidae Tourisme",
      "@type": [
        "schema:Organization",
        "foaf:Agent",
        "Agent"
      ],
      "foaf:homepage": [
        "https://www.apidae-tourisme.com/"
      ]
    }
  ],
  "hasContact": [
    {
      "@id": "https://data.datatourisme.fr/4c728769-0f7b-3af4-927c-1364b54b762d",
      "schema:telephone": [
        "+33 4 95 70 09 58"
      ],
      "@type": [
        "foaf:Agent",
        "Agent"
      ]
    }
  ],
  "hasDescription": [
    {
      "@id": "https://data.datatourisme.fr/75dc6117-06ae-3515-b0f8-80eb64092eb4",
      "@type": [
        "Description"
      ],
      "hasTranslatedProperty": [
        {
          "@id": "https://data.datatourisme.fr/7a9f82f3-33dd-30f7-b095-7cbbc4f686d2",
          "dc:contributor": [
            "https://api.deepl.com/v2/translate"
          ],
          "rdf:language": [
            "es"
          ],
          "rdf:predicate": [
            "shortDescription"
          ]
        }
      ],
      "shortDescription": {
        "de": [
          "Südlich von Porto-Vecchio: Hier befindet sich einer der berühmtesten Strände Südkorsikas.\r\nEine Lagune badet am Fuße eines Berges auf kilometerlangem, feinem, weißem Sand... \r\nDas seichte Wasser macht ihn zu einem wahren Meeresgarten für Kinder."
        ],
        "en": [
          "South of Porto-Vecchio: here is one of the most famous beaches of South Corsica.\r\nA lagoon bathing at the foot of a mountain on kilometres of fine white sand...\r\n The shallow waters make it a real sea garden for children."
        ],
        "it": [
          "A sud di Porto-Vecchio: ecco una delle spiagge più famose della Corsica del Sud.\r\nUna laguna balneabile ai piedi di una montagna su chilometri di sabbia bianca e fine... \r\nLe acque poco profonde ne fanno un vero giardino marino per i bambini."
        ],
        "fr": [
          "Au sud de Porto-Vecchio : voici une des plages les plus célèbres de la Corse du Sud.\r\nUn lagon baignant au pied d’une montagne sur des kilomètres de sable blanc et fin... \r\nCes eaux peu profondes en font un véritable jardin de la mer pour les enfants."
        ],
        "nl": [
          "Ten zuiden van Porto-Vecchio: hier bevindt zich een van de beroemdste stranden van Zuid-Corsica.\r\nEen lagune, badend aan de voet van een berg op kilometers fijn wit zand... \r\nHet ondiepe water maakt het tot een echte zeetuin voor kinderen."
        ],
        "es": [
          "Al sur de Porto-Vecchio: es una de las playas más famosas del sur de Córcega.\r\nUna laguna que se baña al pie de una montaña sobre kilómetros de fina arena blanca..\r\nLas aguas poco profundas lo convierten en un verdadero jardín marino para los niños."
        ]
      }
    }
  ],
  "hasTheme": [
    {
      "@id": "kb:Bathing",
      "@type": [
        "AccommodationAmenity",
        "SportsTheme"
      ],
      "rdfs:label": {
        "de": [
          "Baden"
        ],
        "pt": [
          "Banho"
        ],
        "en": [
          "Bathing"
        ],
        "it": [
          "Bagno"
        ],
        "fr": [
          "Baignade"
        ],
        "nl": [
          "Zwemmen"
        ],
        "es": [
          "Baño"
        ]
      }
    }
  ],
  "hasTranslatedProperty": [
    {
      "@id": "https://data.datatourisme.fr/63fa99e2-54de-3f50-885d-fc2a2c7f7b13",
      "dc:contributor": [
        "https://api.deepl.com/v2/translate"
      ],
      "rdf:language": [
        "es"
      ],
      "rdf:predicate": [
        {
          "@id": "rdfs:comment"
        }
      ]
    }
  ],
  "isLocatedAt": [
    {
      "@id": "https://data.datatourisme.fr/a2d6d33d-0e77-332f-a8ba-d1a08cb3820d",
      "schema:address": [
        {
          "@id": "https://data.datatourisme.fr/61915f5b-71df-3a56-89bb-ced4a510a2f1",
          "schema:addressLocality": "Porto-Vecchio",
          "schema:postalCode": "20137",
          "schema:streetAddress": [
            "Santa Giulia"
          ],
          "@type": [
            "schema:PostalAddress",
            "PostalAddress"
          ],
          "hasAddressCity": {
            "@id": "kb:2A247",
            "@type": [
              "City"
            ],
            "rdfs:label": {
              "en": [
                "Porto-Vecchio"
              ],
              "fr": [
                "Porto-Vecchio"
              ]
            },
            "insee": "2A247",
            "isPartOfDepartment": {
              "@id": "kb:France942A",
              "@type": [
                "Department"
              ],
              "rdfs:label": {
                "en": [
                  "Corse-du-Sud"
                ],
                "fr": [
                  "Corse-du-Sud"
                ]
              },
              "insee": "2A",
              "isPartOfRegion": {
                "@id": "kb:France94",
                "@type": [
                  "Region"
                ],
                "rdfs:label": {
                  "en": [
                    "Corse"
                  ],
                  "fr": [
                    "Corse"
                  ]
                },
                "insee": "94",
                "isPartOfCountry": {
                  "@id": "kb:France",
                  "@type": [
                    "schema:Country"
                  ],
                  "rdfs:label": {
                    "de": [
                      "Frankreich"
                    ],
                    "pt": [
                      "França"
                    ],
                    "en": [
                      "France"
                    ],
                    "it": [
                      "Francia"
                    ],
                    "fr": [
                      "France"
                    ],
                    "nl": [
                      "Frankrijk"
                    ],
                    "es": [
                      "Francia"
                    ]
                  }
                }
              }
            }
          }
        }
      ],
      "schema:geo": {
        "@id": "https://data.datatourisme.fr/9425ad6a-7661-31eb-8684-a8870a772e42",
        "schema:latitude": "41.532755",
        "schema:longitude": "9.271844",
        "@type": [
          "schema:GeoCoordinates"
        ]
      },
      "schema:openingHoursSpecification": [
        {
          "@id": "https://data.datatourisme.fr/f87e535a-636d-3343-ad63-8a03392e7511",
          "schema:validFrom": "2023-01-01T00:00:00",
          "schema:validThrough": "2023-12-31T23:59:59",
          "@type": [
            "schema:OpeningHoursSpecification"
          ]
        }
      ],
      "@type": [
        "schema:Place",
        "Place"
      ]
    }
  ],
  "isOwnedBy": [
    {
      "@id": "https://data.datatourisme.fr/f5f950f9-5eec-32b4-a357-2c969ccf4068",
      "schema:email": [
        "camillef.omt@gmail.com",
        "direction@destination-sudcorse.com",
        "gestion@destination-sudcorse.com",
        "promotion@destination-sudcorse.com",
        "webmaster@destination-sudcorse.com"
      ],
      "schema:legalName": "Porto Vecchio Tourisme",
      "@type": [
        "schema:Organization",
        "foaf:Agent",
        "Agent"
      ],
      "foaf:homepage": [
        "http://www.ot-portovecchio.com/"
      ]
    }
  ],
  "lastUpdate": "2022-09-30",
  "lastUpdateDatatourisme": "2023-02-11T06:38:49.128Z"
}