{
  "@id": "https://data.datatourisme.fr/13/2e8a2283-ead3-3774-b871-6a7412d8e96f",
  "dc:identifier": "5022712",
  "@type": [
    "schema:FoodEstablishment",
    "FoodEstablishment",
    "PlaceOfInterest",
    "PointOfInterest"
  ],
  "rdfs:comment": {
    "de": [
      "A Mandria liegt am Eingang des Dorfes Pigna und ist ein Restaurant mit korsischen Spezialitäten, die hauptsächlich aus regionalen Produkten hergestellt werden."
    ],
    "en": [
      "Set at the village entrance in Pigna, A Mandria  offers corsican specialties most of them from local produce."
    ],
    "it": [
      "Situato all'ingresso del villaggio di Pigna, A Mandria è un ristorante che serve specialità corse, principalmente a base di prodotti locali."
    ],
    "fr": [
      "Situé à l'entrée du village de Pigna, A Mandria est un restaurant de spécialités corses essentiellement issues des produits du terroir."
    ],
    "es": [
      "Situado a la entrada del pueblo de Pigna, A Mandria es un restaurante que sirve especialidades corsas, elaboradas principalmente con productos locales."
    ],
    "nl": [
      "A Mandria, gelegen aan de ingang van het dorp Pigna, is een restaurant dat Corsicaanse specialiteiten serveert, voornamelijk gemaakt van lokale producten."
    ]
  },
  "rdfs:label": {
    "fr": [
      "A Mandria di Pigna"
    ]
  },
  "hasBeenCreatedBy": {
    "@id": "https://data.datatourisme.fr/13/8d420fa3-5754-31f1-8199-69c88780314d",
    "dc:identifier": "1647",
    "schema:email": [
      "web@ileroussetourisme.com"
    ],
    "schema:legalName": "Office de Tourisme Intercommunal de L'Ile Rousse-Balagne",
    "@type": [
      "schema:Organization",
      "foaf:Agent",
      "Agent"
    ],
    "foaf:homepage": [
      "https://www.balagne-corsica.com/"
    ]
  },
  "hasBeenPublishedBy": [
    {
      "@id": "https://data.datatourisme.fr/8a9feb4b-2cbd-3d2c-b507-bd6c6776b23b",
      "schema:legalName": "Apidae Tourisme Scic SA - source : Apidae Tourisme",
      "@type": [
        "schema:Organization",
        "foaf:Agent",
        "Agent"
      ],
      "foaf:homepage": [
        "https://www.apidae-tourisme.com/"
      ]
    }
  ],
  "hasContact": [
    {
      "@id": "https://data.datatourisme.fr/595a3005-cd2d-3302-896a-1c1185e23f11",
      "schema:email": [
        "contact@amandria.com"
      ],
      "schema:telephone": [
        "+33 4 95 32 71 24",
        "+33 6 69 36 23 41"
      ],
      "@type": [
        "foaf:Agent",
        "Agent"
      ],
      "foaf:homepage": [
        "https://www.restaurantpigna.com/"
      ]
    }
  ],
  "hasDescription": [
    {
      "@id": "https://data.datatourisme.fr/937c52a6-4176-3686-8d8d-5d68d388fc9f",
      "@type": [
        "Description"
      ],
      "hasTranslatedProperty": [
        {
          "@id": "https://data.datatourisme.fr/6da306c1-b413-355c-b027-1f18cf5b67d3",
          "dc:contributor": [
            "https://api.deepl.com/v2/translate"
          ],
          "rdf:language": [
            "es"
          ],
          "rdf:predicate": [
            "shortDescription"
          ]
        },
        {
          "@id": "https://data.datatourisme.fr/b4c2d77e-c593-36a6-b7ef-8031bd06aa73",
          "dc:contributor": [
            "https://api.deepl.com/v2/translate"
          ],
          "rdf:language": [
            "de"
          ],
          "rdf:predicate": [
            "shortDescription"
          ]
        },
        {
          "@id": "https://data.datatourisme.fr/f801c1ad-e1b4-3241-964a-ff9a2ff8428b",
          "dc:contributor": [
            "https://api.deepl.com/v2/translate"
          ],
          "rdf:language": [
            "nl"
          ],
          "rdf:predicate": [
            "shortDescription"
          ]
        }
      ],
      "shortDescription": {
        "de": [
          "A Mandria liegt am Eingang des Dorfes Pigna und ist ein Restaurant mit korsischen Spezialitäten, die hauptsächlich aus regionalen Produkten hergestellt werden."
        ],
        "en": [
          "Set at the village entrance in Pigna, A Mandria  offers corsican specialties most of them from local produce."
        ],
        "it": [
          "Situato all'ingresso del villaggio di Pigna, A Mandria è un ristorante che serve specialità corse, principalmente a base di prodotti locali."
        ],
        "fr": [
          "Situé à l'entrée du village de Pigna, A Mandria est un restaurant de spécialités corses essentiellement issues des produits du terroir."
        ],
        "es": [
          "Situado a la entrada del pueblo de Pigna, A Mandria es un restaurante que sirve especialidades corsas, elaboradas principalmente con productos locales."
        ],
        "nl": [
          "A Mandria, gelegen aan de ingang van het dorp Pigna, is een restaurant dat Corsicaanse specialiteiten serveert, voornamelijk gemaakt van lokale producten."
        ]
      }
    }
  ],
  "hasTheme": [
    {
      "@id": "kb:MediterraneanCuisine",
      "@type": [
        "CuisineCategory"
      ],
      "rdfs:label": {
        "de": [
          "Mediterrane Küche"
        ],
        "pt": [
          "Cozinha mediterrânica"
        ],
        "en": [
          "Mediterranean cuisine"
        ],
        "it": [
          "Cucina mediterranea"
        ],
        "fr": [
          "Cuisine méditerranéenne"
        ],
        "nl": [
          "Mediterrane keuken"
        ],
        "es": [
          "Cocina mediterránea"
        ]
      }
    }
  ],
  "hasTranslatedProperty": [
    {
      "@id": "https://data.datatourisme.fr/66b63868-844b-3010-a43f-a3e5024502b8",
      "dc:contributor": [
        "https://api.deepl.com/v2/translate"
      ],
      "rdf:language": [
        "es"
      ],
      "rdf:predicate": [
        {
          "@id": "rdfs:comment"
        }
      ]
    },
    {
      "@id": "https://data.datatourisme.fr/7f3345a5-856a-3393-bb24-a3729d9afe7d",
      "dc:contributor": [
        "https://api.deepl.com/v2/translate"
      ],
      "rdf:language": [
        "de"
      ],
      "rdf:predicate": [
        {
          "@id": "rdfs:comment"
        }
      ]
    },
    {
      "@id": "https://data.datatourisme.fr/a7cee903-b770-32da-b324-32932fd48066",
      "dc:contributor": [
        "https://api.deepl.com/v2/translate"
      ],
      "rdf:language": [
        "nl"
      ],
      "rdf:predicate": [
        {
          "@id": "rdfs:comment"
        }
      ]
    }
  ],
  "isLocatedAt": [
    {
      "@id": "https://data.datatourisme.fr/1af061be-c442-3ba0-b87a-617e71c1232c",
      "schema:address": [
        {
          "@id": "https://data.datatourisme.fr/66e4a902-c663-3034-9b39-faf9cf83a724",
          "schema:addressLocality": "Pigna",
          "schema:postalCode": "20220",
          "schema:streetAddress": [
            "Entrée du village"
          ],
          "@type": [
            "schema:PostalAddress",
            "PostalAddress"
          ],
          "hasAddressCity": {
            "@id": "kb:2B231",
            "@type": [
              "City"
            ],
            "rdfs:label": {
              "en": [
                "Pigna"
              ],
              "fr": [
                "Pigna"
              ]
            },
            "insee": "2B231",
            "isPartOfDepartment": {
              "@id": "kb:France942B",
              "@type": [
                "Department"
              ],
              "rdfs:label": {
                "en": [
                  "Haute-Corse"
                ],
                "fr": [
                  "Haute-Corse"
                ]
              },
              "insee": "2B",
              "isPartOfRegion": {
                "@id": "kb:France94",
                "@type": [
                  "Region"
                ],
                "rdfs:label": {
                  "en": [
                    "Corse"
                  ],
                  "fr": [
                    "Corse"
                  ]
                },
                "insee": "94",
                "isPartOfCountry": {
                  "@id": "kb:France",
                  "@type": [
                    "schema:Country"
                  ],
                  "rdfs:label": {
                    "de": [
                      "Frankreich"
                    ],
                    "pt": [
                      "França"
                    ],
                    "en": [
                      "France"
                    ],
                    "it": [
                      "Francia"
                    ],
                    "fr": [
                      "France"
                    ],
                    "nl": [
                      "Frankrijk"
                    ],
                    "es": [
                      "Francia"
                    ]
                  }
                }
              }
            }
          }
        }
      ],
      "schema:geo": {
        "@id": "https://data.datatourisme.fr/b0bb3cc2-57d9-32b1-a4ea-7bcffeff650f",
        "schema:latitude": "42.59865",
        "schema:longitude": "8.90326",
        "@type": [
          "schema:GeoCoordinates"
        ]
      },
      "schema:openingHoursSpecification": [
        {
          "@id": "https://data.datatourisme.fr/d4ba377e-cbce-3705-b054-77f914157675",
          "schema:closes": "00:00:00",
          "schema:opens": "09:00:00",
          "schema:validFrom": "2023-04-01T00:00:00",
          "schema:validThrough": "2023-10-03T23:59:59",
          "@type": [
            "schema:OpeningHoursSpecification"
          ],
          "additionalInformation": {
            "de": [
              "Montags geschlossen außer Juli und August"
            ],
            "en": [
              "Closed on Mondays except July and August"
            ],
            "it": [
              "Chiuso il lunedì, tranne in luglio e agosto"
            ],
            "fr": [
              "Fermé le lundi hors juillet et août"
            ],
            "nl": [
              "Gesloten op maandag behalve in juli en augustus"
            ],
            "es": [
              "Cerrado los lunes, excepto en julio y agosto"
            ]
          },
          "hasTranslatedProperty": [
            {
              "@id": "https://data.datatourisme.fr/40177085-6b69-3215-92ba-889ef7ef5912",
              "dc:contributor": [
                "https://api.deepl.com/v2/translate"
              ],
              "rdf:language": [
                "nl"
              ],
              "rdf:predicate": [
                "additionalInformation"
              ]
            },
            {
              "@id": "https://data.datatourisme.fr/620c0915-7332-3ffc-8060-d63b2d50a00f",
              "dc:contributor": [
                "https://api.deepl.com/v2/translate"
              ],
              "rdf:language": [
                "it"
              ],
              "rdf:predicate": [
                "additionalInformation"
              ]
            },
            {
              "@id": "https://data.datatourisme.fr/9eaea750-ea43-3e67-8bb3-f08177a6dc4d",
              "dc:contributor": [
                "https://api.deepl.com/v2/translate"
              ],
              "rdf:language": [
                "es"
              ],
              "rdf:predicate": [
                "additionalInformation"
              ]
            },
            {
              "@id": "https://data.datatourisme.fr/bd123bf9-d1f5-3112-8c41-5b9275c8e52d",
              "dc:contributor": [
                "https://api.deepl.com/v2/translate"
              ],
              "rdf:language": [
                "de"
              ],
              "rdf:predicate": [
                "additionalInformation"
              ]
            },
            {
              "@id": "https://data.datatourisme.fr/beeef2d0-6367-33c5-8a34-987c44356355",
              "dc:contributor": [
                "https://api.deepl.com/v2/translate"
              ],
              "rdf:language": [
                "en"
              ],
              "rdf:predicate": [
                "additionalInformation"
              ]
            }
          ]
        }
      ],
      "@type": [
        "schema:Place",
        "Place"
      ]
    }
  ],
  "isOwnedBy": [
    {
      "@id": "https://data.datatourisme.fr/252af22a-253d-33df-b9d7-204832749402",
      "schema:email": [
        "web@ileroussetourisme.com"
      ],
      "schema:legalName": "Office de Tourisme Intercommunal de L'Ile Rousse-Balagne",
      "@type": [
        "schema:Organization",
        "foaf:Agent",
        "Agent"
      ],
      "foaf:homepage": [
        "https://www.balagne-corsica.com/"
      ]
    }
  ],
  "lastUpdate": "2022-05-30",
  "lastUpdateDatatourisme": "2023-02-01T18:07:35.656Z",
  "offers": [
    {
      "@id": "https://data.datatourisme.fr/6f7e2a82-a9b6-3ad5-99ac-e7450b315d7b",
      "schema:priceSpecification": [
        {
          "@id": "https://data.datatourisme.fr/4afd2065-e804-3bc4-a577-871be8054546",
          "schema:maxPrice": [
            "34"
          ],
          "schema:minPrice": [
            "34"
          ],
          "schema:priceCurrency": "EUR",
          "@type": [
            "schema:PriceSpecification",
            "PriceSpecification"
          ],
          "appliesOnPeriod": [
            {
              "@id": "https://data.datatourisme.fr/7d0182fc-9791-310a-ab50-e7a7a958ded9",
              "@type": [
                "Period"
              ],
              "endDate": "2022-10-03",
              "startDate": "2022-04-01"
            }
          ]
        }
      ],
      "@type": [
        "schema:Offer",
        "Offer"
      ]
    }
  ],
  "providesCuisineOfType": [
    {
      "@id": "kb:MediterraneanCuisine",
      "@type": [
        "CuisineCategory"
      ],
      "rdfs:label": {
        "de": [
          "Mediterrane Küche"
        ],
        "pt": [
          "Cozinha mediterrânica"
        ],
        "en": [
          "Mediterranean cuisine"
        ],
        "it": [
          "Cucina mediterranea"
        ],
        "fr": [
          "Cuisine méditerranéenne"
        ],
        "nl": [
          "Mediterrane keuken"
        ],
        "es": [
          "Cocina mediterránea"
        ]
      }
    }
  ]
}