{
  "@id": "https://data.datatourisme.fr/13/58c363a9-34cc-3767-9d8c-e924eb0b7ae1",
  "dc:identifier": "4933228",
  "@type": [
    "schema:Accommodation",
    "schema:FoodEstablishment",
    "schema:Hotel",
    "schema:LodgingBusiness",
    "schema:Restaurant",
    "Accommodation",
    "FoodEstablishment",
    "Hotel",
    "HotelRestaurant",
    "HotelTrade",
    "PlaceOfInterest",
    "PointOfInterest",
    "Restaurant"
  ],
  "rdfs:comment": {
    "de": [
      "Das Hotel & Restaurant Les Mouettes *** verspricht Ihnen einen Moment der Ruhe und des Genusses. Ein unvergesslicher Aufenthalt in einer baumbestandenen Umgebung mit Pool zum Entspannen."
    ],
    "en": [
      "Located in Losari, on the road to Belgodère, Hotel Les Mouettes is a privileged place for a quality stay in the heart of nature. You will stay in comfortable, carefully decorated family rooms."
    ],
    "it": [
      "L'hotel & ristorante Les Mouettes *** vi promette un momento di calma e di piacere. Un soggiorno indimenticabile in un ambiente boscoso con una piscina in cui rilassarsi."
    ],
    "fr": [
      "L'hôtel & Restaurant Les Mouettes *** vous promet un moment de calme et volupté. Un séjour inoubliable dans un cadre arboré avec piscine pour se relaxer."
    ],
    "nl": [
      "Het hotel & restaurant Les Mouettes *** belooft u een moment van rust en plezier. Een onvergetelijk verblijf in een bosrijke omgeving met een zwembad om in te ontspannen."
    ],
    "es": [
      "El hotel y restaurante Les Mouettes *** le promete un momento de calma y placer. Una estancia inolvidable en un entorno arbolado con una piscina para relajarse."
    ]
  },
  "rdfs:label": {
    "fr": [
      "Les Mouettes"
    ]
  },
  "hasBeenCreatedBy": {
    "@id": "https://data.datatourisme.fr/13/8d420fa3-5754-31f1-8199-69c88780314d",
    "dc:identifier": "1647",
    "schema:email": [
      "web@ileroussetourisme.com"
    ],
    "schema:legalName": "Office de Tourisme Intercommunal de L'Ile Rousse-Balagne",
    "@type": [
      "schema:Organization",
      "foaf:Agent",
      "Agent"
    ],
    "foaf:homepage": [
      "https://www.balagne-corsica.com/"
    ]
  },
  "hasBeenPublishedBy": [
    {
      "@id": "https://data.datatourisme.fr/8a9feb4b-2cbd-3d2c-b507-bd6c6776b23b",
      "schema:legalName": "Apidae Tourisme Scic SA - source : Apidae Tourisme",
      "@type": [
        "schema:Organization",
        "foaf:Agent",
        "Agent"
      ],
      "foaf:homepage": [
        "https://www.apidae-tourisme.com/"
      ]
    }
  ],
  "hasContact": [
    {
      "@id": "https://data.datatourisme.fr/66d2a2a9-d6d7-387a-bbef-233c7f9b1a6a",
      "schema:email": [
        "info@hotel-lozari.com"
      ],
      "schema:telephone": [
        "+33 4 95 60 03 23"
      ],
      "@type": [
        "foaf:Agent",
        "Agent"
      ],
      "foaf:homepage": [
        "https://www.hotel-lesmouettes-lozari.com/"
      ]
    }
  ],
  "hasDescription": [
    {
      "@id": "https://data.datatourisme.fr/cd724242-a1d7-3441-ad97-bd293dbec5a5",
      "@type": [
        "Description"
      ],
      "hasTranslatedProperty": [
        {
          "@id": "https://data.datatourisme.fr/1bf1bbe3-2c6f-3ecb-8857-0857ae1b68f4",
          "dc:contributor": [
            "https://api.deepl.com/v2/translate"
          ],
          "rdf:language": [
            "es"
          ],
          "rdf:predicate": [
            "shortDescription"
          ]
        },
        {
          "@id": "https://data.datatourisme.fr/67a2af68-59ab-3c15-b41f-6c29583ea31c",
          "dc:contributor": [
            "https://api.deepl.com/v2/translate"
          ],
          "rdf:language": [
            "nl"
          ],
          "rdf:predicate": [
            "shortDescription"
          ]
        },
        {
          "@id": "https://data.datatourisme.fr/a15a7e8f-4387-3d63-8392-c9ecac7ff8b8",
          "dc:contributor": [
            "https://api.deepl.com/v2/translate"
          ],
          "rdf:language": [
            "de"
          ],
          "rdf:predicate": [
            "shortDescription"
          ]
        }
      ],
      "shortDescription": {
        "de": [
          "Das Hotel & Restaurant Les Mouettes *** verspricht Ihnen einen Moment der Ruhe und des Genusses. Ein unvergesslicher Aufenthalt in einer baumbestandenen Umgebung mit Pool zum Entspannen."
        ],
        "en": [
          "Located in Losari, on the road to Belgodère, Hotel Les Mouettes is a privileged place for a quality stay in the heart of nature. You will stay in comfortable, carefully decorated family rooms."
        ],
        "it": [
          "L'hotel & ristorante Les Mouettes *** vi promette un momento di calma e di piacere. Un soggiorno indimenticabile in un ambiente boscoso con una piscina in cui rilassarsi."
        ],
        "fr": [
          "L'hôtel & Restaurant Les Mouettes *** vous promet un moment de calme et volupté. Un séjour inoubliable dans un cadre arboré avec piscine pour se relaxer."
        ],
        "nl": [
          "Het hotel & restaurant Les Mouettes *** belooft u een moment van rust en plezier. Een onvergetelijk verblijf in een bosrijke omgeving met een zwembad om in te ontspannen."
        ],
        "es": [
          "El hotel y restaurante Les Mouettes *** le promete un momento de calma y placer. Una estancia inolvidable en un entorno arbolado con una piscina para relajarse."
        ]
      }
    }
  ],
  "hasTranslatedProperty": [
    {
      "@id": "https://data.datatourisme.fr/318da287-946b-31e1-ab6a-22e27143ced8",
      "dc:contributor": [
        "https://api.deepl.com/v2/translate"
      ],
      "rdf:language": [
        "de"
      ],
      "rdf:predicate": [
        {
          "@id": "rdfs:comment"
        }
      ]
    },
    {
      "@id": "https://data.datatourisme.fr/4ca74134-5913-3eeb-bf07-e5fd0ee1c50d",
      "dc:contributor": [
        "https://api.deepl.com/v2/translate"
      ],
      "rdf:language": [
        "es"
      ],
      "rdf:predicate": [
        {
          "@id": "rdfs:comment"
        }
      ]
    },
    {
      "@id": "https://data.datatourisme.fr/9c636f20-3356-36bb-88d1-2f15dbd5dcd9",
      "dc:contributor": [
        "https://api.deepl.com/v2/translate"
      ],
      "rdf:language": [
        "nl"
      ],
      "rdf:predicate": [
        {
          "@id": "rdfs:comment"
        }
      ]
    }
  ],
  "isLocatedAt": [
    {
      "@id": "https://data.datatourisme.fr/fad056f0-705e-300b-9244-ff8d284d4ff7",
      "schema:address": [
        {
          "@id": "https://data.datatourisme.fr/6e4b4c18-1879-3f6f-8012-22fe9f6fc30e",
          "schema:addressLocality": "Belgodère",
          "schema:postalCode": "20226",
          "schema:streetAddress": [
            "Lieu-dit Losari",
            "Route de Belgodère"
          ],
          "@type": [
            "schema:PostalAddress",
            "PostalAddress"
          ],
          "hasAddressCity": {
            "@id": "kb:2B034",
            "@type": [
              "City"
            ],
            "rdfs:label": {
              "en": [
                "Belgodère"
              ],
              "fr": [
                "Belgodère"
              ]
            },
            "insee": "2B034",
            "isPartOfDepartment": {
              "@id": "kb:France942B",
              "@type": [
                "Department"
              ],
              "rdfs:label": {
                "en": [
                  "Haute-Corse"
                ],
                "fr": [
                  "Haute-Corse"
                ]
              },
              "insee": "2B",
              "isPartOfRegion": {
                "@id": "kb:France94",
                "@type": [
                  "Region"
                ],
                "rdfs:label": {
                  "en": [
                    "Corse"
                  ],
                  "fr": [
                    "Corse"
                  ]
                },
                "insee": "94",
                "isPartOfCountry": {
                  "@id": "kb:France",
                  "@type": [
                    "schema:Country"
                  ],
                  "rdfs:label": {
                    "de": [
                      "Frankreich"
                    ],
                    "pt": [
                      "França"
                    ],
                    "en": [
                      "France"
                    ],
                    "it": [
                      "Francia"
                    ],
                    "fr": [
                      "France"
                    ],
                    "nl": [
                      "Frankrijk"
                    ],
                    "es": [
                      "Francia"
                    ]
                  }
                }
              }
            }
          }
        }
      ],
      "schema:geo": {
        "@id": "https://data.datatourisme.fr/e5d40ecc-32f2-3158-b3f3-efbd583f5a6c",
        "schema:latitude": "42.627259",
        "schema:longitude": "9.011729",
        "@type": [
          "schema:GeoCoordinates"
        ]
      },
      "schema:openingHoursSpecification": [
        {
          "@id": "https://data.datatourisme.fr/26732fde-9d75-3dce-80bc-edf6615af948",
          "schema:validFrom": "2023-04-29T00:00:00",
          "schema:validThrough": "2023-10-31T23:59:59",
          "@type": [
            "schema:OpeningHoursSpecification"
          ],
          "additionalInformation": {
            "de": [
              "24 Stunden geöffnet"
            ],
            "en": [
              "Open 24 hours a day"
            ],
            "it": [
              "Aperto 24 ore su 24"
            ],
            "fr": [
              "Ouvert 24h/24"
            ],
            "es": [
              "Abierto las 24 horas del día"
            ],
            "nl": [
              "24 uur per dag geopend"
            ]
          },
          "hasTranslatedProperty": [
            {
              "@id": "https://data.datatourisme.fr/0c9b0e06-d89f-3b36-861c-e97d78d68c4b",
              "dc:contributor": [
                "https://api.deepl.com/v2/translate"
              ],
              "rdf:language": [
                "nl"
              ],
              "rdf:predicate": [
                "additionalInformation"
              ]
            },
            {
              "@id": "https://data.datatourisme.fr/71a0d545-bda9-33cb-9cb4-0ac8630cb179",
              "dc:contributor": [
                "https://api.deepl.com/v2/translate"
              ],
              "rdf:language": [
                "de"
              ],
              "rdf:predicate": [
                "additionalInformation"
              ]
            },
            {
              "@id": "https://data.datatourisme.fr/7efc4c1e-5df2-305d-a3b2-8c3f3ee48223",
              "dc:contributor": [
                "https://api.deepl.com/v2/translate"
              ],
              "rdf:language": [
                "es"
              ],
              "rdf:predicate": [
                "additionalInformation"
              ]
            },
            {
              "@id": "https://data.datatourisme.fr/9835261e-4a3b-34e3-868e-676b0f02ea08",
              "dc:contributor": [
                "https://api.deepl.com/v2/translate"
              ],
              "rdf:language": [
                "en"
              ],
              "rdf:predicate": [
                "additionalInformation"
              ]
            },
            {
              "@id": "https://data.datatourisme.fr/c3b948f8-9a3c-398e-9ea2-481ce8f557c7",
              "dc:contributor": [
                "https://api.deepl.com/v2/translate"
              ],
              "rdf:language": [
                "it"
              ],
              "rdf:predicate": [
                "additionalInformation"
              ]
            }
          ]
        }
      ],
      "@type": [
        "schema:Place",
        "Place"
      ]
    }
  ],
  "isOwnedBy": [
    {
      "@id": "https://data.datatourisme.fr/252af22a-253d-33df-b9d7-204832749402",
      "schema:email": [
        "web@ileroussetourisme.com"
      ],
      "schema:legalName": "Office de Tourisme Intercommunal de L'Ile Rousse-Balagne",
      "@type": [
        "schema:Organization",
        "foaf:Agent",
        "Agent"
      ],
      "foaf:homepage": [
        "https://www.balagne-corsica.com/"
      ]
    }
  ],
  "lastUpdate": "2023-02-15",
  "lastUpdateDatatourisme": "2023-02-16T06:39:41.917Z"
}