{
  "@id": "https://data.datatourisme.fr/13/b3817b62-9ffc-3e96-a38e-c3242c4f04d5",
  "dc:identifier": "4993446",
  "@type": [
    "schema:LocalBusiness",
    "ActivityProvider",
    "PlaceOfInterest",
    "PointOfInterest",
    "Store"
  ],
  "rdfs:comment": {
    "de": [
      "Jet Loc in L'Ile-Rousse bietet Ihnen zahlreiche Wassersportaktivitäten aller Art, Boots- und Jetskiverleih mit oder ohne Führerschein, gezogene Aktivitäten, Pedalwasser, Flyboard und Parasailing für jedes Alter und jeden Geschmack."
    ],
    "en": [
      "Jet Loc in L'Ile-Rousse proposes a host of watersports for all ages and preferences, including boat and jet-ski rentals (with or without permit), towed activities of every kind, pedalos and flyboards."
    ],
    "it": [
      "Jet Loc a L'Ile-Rousse offre una vasta gamma di attività sportive acquatiche, noleggio di barche e moto d'acqua con o senza patente, attività a traino, pedalò, flyboard e parasailing per tutte le età e tutti i gusti."
    ],
    "fr": [
      "Jet Loc à L'Ile-Rousse vous propose de nombreuses activités nautiques en tout genre, location de bateaux et jet ski avec ou sans permis, des activités tractées, pedal'eau, flyboard, et parachute ascensionnel pour tous les âges et toutes les envies."
    ],
    "nl": [
      "Jet Loc in L'Ile-Rousse biedt een breed scala aan watersportactiviteiten, verhuur van boten en jetski's met of zonder vaarbewijs, gesleepte activiteiten, waterfietsen, flyboards en parasailing voor alle leeftijden en alle smaken."
    ],
    "es": [
      "Jet Loc en L'Ile-Rousse ofrece una amplia gama de actividades náuticas, alquiler de embarcaciones y motos acuáticas con o sin licencia, actividades remolcadas, hidropedales, flyboards y parasailing para todas las edades y todos los gustos."
    ]
  },
  "rdfs:label": {
    "fr": [
      "Jet Loc"
    ]
  },
  "hasBeenCreatedBy": {
    "@id": "https://data.datatourisme.fr/13/8d420fa3-5754-31f1-8199-69c88780314d",
    "dc:identifier": "1647",
    "schema:email": [
      "web@ileroussetourisme.com"
    ],
    "schema:legalName": "Office de Tourisme Intercommunal de L'Ile Rousse-Balagne",
    "@type": [
      "schema:Organization",
      "foaf:Agent",
      "Agent"
    ],
    "foaf:homepage": [
      "https://www.balagne-corsica.com/"
    ]
  },
  "hasBeenPublishedBy": [
    {
      "@id": "https://data.datatourisme.fr/8a9feb4b-2cbd-3d2c-b507-bd6c6776b23b",
      "schema:legalName": "Apidae Tourisme Scic SA - source : Apidae Tourisme",
      "@type": [
        "schema:Organization",
        "foaf:Agent",
        "Agent"
      ],
      "foaf:homepage": [
        "https://www.apidae-tourisme.com/"
      ]
    }
  ],
  "hasContact": [
    {
      "@id": "https://data.datatourisme.fr/0d915eba-70cb-3c0d-aa79-d5837dae2454",
      "schema:email": [
        "info@jetloc.fr"
      ],
      "schema:telephone": [
        "+33 6 18 12 99 05",
        "+33 6 18 88 56 90"
      ],
      "@type": [
        "foaf:Agent",
        "Agent"
      ],
      "foaf:homepage": [
        "https://www.jetskibalagne.com/"
      ]
    }
  ],
  "hasDescription": [
    {
      "@id": "https://data.datatourisme.fr/e78fb091-d2c5-39d8-b065-f2fd222ffc8e",
      "@type": [
        "Description"
      ],
      "hasTranslatedProperty": [
        {
          "@id": "https://data.datatourisme.fr/18bf7720-6871-3779-81c4-92bcb470ab4e",
          "dc:contributor": [
            "https://api.deepl.com/v2/translate"
          ],
          "rdf:language": [
            "nl"
          ],
          "rdf:predicate": [
            "shortDescription"
          ]
        },
        {
          "@id": "https://data.datatourisme.fr/3f75bd10-ed44-3d1d-a8a6-58a5fafbe923",
          "dc:contributor": [
            "https://api.deepl.com/v2/translate"
          ],
          "rdf:language": [
            "it"
          ],
          "rdf:predicate": [
            "shortDescription"
          ]
        },
        {
          "@id": "https://data.datatourisme.fr/74b5a610-a5c6-34a3-969d-1f9116c97efc",
          "dc:contributor": [
            "https://api.deepl.com/v2/translate"
          ],
          "rdf:language": [
            "es"
          ],
          "rdf:predicate": [
            "shortDescription"
          ]
        },
        {
          "@id": "https://data.datatourisme.fr/8c590db4-00fa-3e7a-a3fe-4326e7abe1e1",
          "dc:contributor": [
            "https://api.deepl.com/v2/translate"
          ],
          "rdf:language": [
            "de"
          ],
          "rdf:predicate": [
            "shortDescription"
          ]
        }
      ],
      "shortDescription": {
        "de": [
          "Jet Loc in L'Ile-Rousse bietet Ihnen zahlreiche Wassersportaktivitäten aller Art, Boots- und Jetskiverleih mit oder ohne Führerschein, gezogene Aktivitäten, Pedalwasser, Flyboard und Parasailing für jedes Alter und jeden Geschmack."
        ],
        "en": [
          "Jet Loc in L'Ile-Rousse proposes a host of watersports for all ages and preferences, including boat and jet-ski rentals (with or without permit), towed activities of every kind, pedalos and flyboards."
        ],
        "it": [
          "Jet Loc a L'Ile-Rousse offre una vasta gamma di attività sportive acquatiche, noleggio di barche e moto d'acqua con o senza patente, attività a traino, pedalò, flyboard e parasailing per tutte le età e tutti i gusti."
        ],
        "fr": [
          "Jet Loc à L'Ile-Rousse vous propose de nombreuses activités nautiques en tout genre, location de bateaux et jet ski avec ou sans permis, des activités tractées, pedal'eau, flyboard, et parachute ascensionnel pour tous les âges et toutes les envies."
        ],
        "nl": [
          "Jet Loc in L'Ile-Rousse biedt een breed scala aan watersportactiviteiten, verhuur van boten en jetski's met of zonder vaarbewijs, gesleepte activiteiten, waterfietsen, flyboards en parasailing voor alle leeftijden en alle smaken."
        ],
        "es": [
          "Jet Loc en L'Ile-Rousse ofrece una amplia gama de actividades náuticas, alquiler de embarcaciones y motos acuáticas con o sin licencia, actividades remolcadas, hidropedales, flyboards y parasailing para todas las edades y todos los gustos."
        ]
      }
    }
  ],
  "hasTheme": [
    {
      "@id": "kb:TowableTube",
      "@type": [
        "SportsTheme"
      ],
      "rdfs:label": {
        "de": [
          "Banana Boat"
        ],
        "pt": [
          "Boia de tração"
        ],
        "en": [
          "Towable tube"
        ],
        "it": [
          "Ciambella trainata"
        ],
        "fr": [
          "Bouée tractée"
        ],
        "nl": [
          "Tubing"
        ],
        "es": [
          "Skibus náutico"
        ]
      }
    },
    {
      "@id": "kb:Wakeboarding",
      "@type": [
        "SportsTheme"
      ],
      "rdfs:label": {
        "de": [
          "Wake Board"
        ],
        "pt": [
          "Wakeboard"
        ],
        "en": [
          "Wakeboarding"
        ],
        "it": [
          "Wakeboard"
        ],
        "fr": [
          "Wake board"
        ],
        "nl": [
          "Wakeboarden"
        ],
        "es": [
          "Wake board"
        ]
      }
    },
    {
      "@id": "kb:WaterSkiing",
      "@type": [
        "SportsTheme"
      ],
      "rdfs:label": {
        "de": [
          "Wasserski"
        ],
        "pt": [
          "Esqui náutico"
        ],
        "en": [
          "Water skiing"
        ],
        "it": [
          "Sci d'acqua"
        ],
        "fr": [
          "Ski nautique"
        ],
        "nl": [
          "Waterskiën"
        ],
        "es": [
          "Esquí acuático"
        ]
      }
    }
  ],
  "hasTranslatedProperty": [
    {
      "@id": "https://data.datatourisme.fr/49926d94-7535-3516-9077-7201f25d3d37",
      "dc:contributor": [
        "https://api.deepl.com/v2/translate"
      ],
      "rdf:language": [
        "de"
      ],
      "rdf:predicate": [
        {
          "@id": "rdfs:comment"
        }
      ]
    },
    {
      "@id": "https://data.datatourisme.fr/537f60f0-af11-3bfe-8b7f-7a005a788d38",
      "dc:contributor": [
        "https://api.deepl.com/v2/translate"
      ],
      "rdf:language": [
        "it"
      ],
      "rdf:predicate": [
        {
          "@id": "rdfs:comment"
        }
      ]
    },
    {
      "@id": "https://data.datatourisme.fr/9bfb368a-4e07-327a-8953-a336f5e9ed72",
      "dc:contributor": [
        "https://api.deepl.com/v2/translate"
      ],
      "rdf:language": [
        "nl"
      ],
      "rdf:predicate": [
        {
          "@id": "rdfs:comment"
        }
      ]
    },
    {
      "@id": "https://data.datatourisme.fr/9c57b2ea-23ec-31c8-9cf6-5c65349b4444",
      "dc:contributor": [
        "https://api.deepl.com/v2/translate"
      ],
      "rdf:language": [
        "es"
      ],
      "rdf:predicate": [
        {
          "@id": "rdfs:comment"
        }
      ]
    }
  ],
  "isLocatedAt": [
    {
      "@id": "https://data.datatourisme.fr/9f061dfe-9db5-361f-951a-89f3d046eb8d",
      "schema:address": [
        {
          "@id": "https://data.datatourisme.fr/80cc2055-fa69-3aa3-9c3a-24f9929ca494",
          "schema:addressLocality": "L'Île-Rousse",
          "schema:postalCode": "20220",
          "schema:streetAddress": [
            "Avenue David Dary",
            "Plage de la gare"
          ],
          "@type": [
            "schema:PostalAddress",
            "PostalAddress"
          ],
          "hasAddressCity": {
            "@id": "kb:2B134",
            "@type": [
              "City"
            ],
            "rdfs:label": {
              "en": [
                "L'Île-Rousse"
              ],
              "fr": [
                "L'Île-Rousse"
              ]
            },
            "insee": "2B134",
            "isPartOfDepartment": {
              "@id": "kb:France942B",
              "@type": [
                "Department"
              ],
              "rdfs:label": {
                "en": [
                  "Haute-Corse"
                ],
                "fr": [
                  "Haute-Corse"
                ]
              },
              "insee": "2B",
              "isPartOfRegion": {
                "@id": "kb:France94",
                "@type": [
                  "Region"
                ],
                "rdfs:label": {
                  "en": [
                    "Corse"
                  ],
                  "fr": [
                    "Corse"
                  ]
                },
                "insee": "94",
                "isPartOfCountry": {
                  "@id": "kb:France",
                  "@type": [
                    "schema:Country"
                  ],
                  "rdfs:label": {
                    "de": [
                      "Frankreich"
                    ],
                    "pt": [
                      "França"
                    ],
                    "en": [
                      "France"
                    ],
                    "it": [
                      "Francia"
                    ],
                    "fr": [
                      "France"
                    ],
                    "nl": [
                      "Frankrijk"
                    ],
                    "es": [
                      "Francia"
                    ]
                  }
                }
              }
            }
          }
        }
      ],
      "schema:geo": {
        "@id": "https://data.datatourisme.fr/5303ae76-7b98-308e-8d30-6234210c1296",
        "schema:latitude": "42.63738",
        "schema:longitude": "8.936084",
        "@type": [
          "schema:GeoCoordinates"
        ]
      },
      "schema:openingHoursSpecification": [
        {
          "@id": "https://data.datatourisme.fr/0f136798-e4f3-3446-8d9d-412c565c0c23",
          "schema:closes": "21:00:00",
          "schema:opens": "08:00:00",
          "schema:validFrom": "2023-04-01T00:00:00",
          "schema:validThrough": "2023-10-31T23:59:59",
          "@type": [
            "schema:OpeningHoursSpecification"
          ]
        }
      ],
      "@type": [
        "schema:Place",
        "Place"
      ]
    }
  ],
  "isOwnedBy": [
    {
      "@id": "https://data.datatourisme.fr/252af22a-253d-33df-b9d7-204832749402",
      "schema:email": [
        "web@ileroussetourisme.com"
      ],
      "schema:legalName": "Office de Tourisme Intercommunal de L'Ile Rousse-Balagne",
      "@type": [
        "schema:Organization",
        "foaf:Agent",
        "Agent"
      ],
      "foaf:homepage": [
        "https://www.balagne-corsica.com/"
      ]
    }
  ],
  "lastUpdate": "2023-01-17",
  "lastUpdateDatatourisme": "2023-02-22T06:42:37.657Z"
}