{
  "@id": "https://data.datatourisme.fr/13/b3f18353-bac8-36c6-bc72-a69de5ab63d3",
  "dc:identifier": "5009004",
  "@type": [
    "schema:FoodEstablishment",
    "FoodEstablishment",
    "PlaceOfInterest",
    "PointOfInterest"
  ],
  "rdfs:comment": {
    "de": [
      "Beginnen Sie Ihren Urlaub auf Korsika und in der Balagne mit einem kleinen Ausflug an den Strand von Calvi... Ein magischer, mythischer Ort, eine originelle Küche, ein einzigartiges Dekor... Sie werden von der Freundlichkeit und der Sympathie des Personals begeistert sein."
    ],
    "en": [
      "Start your holiday in Corsica and Balagne with a small tour on the beach of Calvi... A magical, mythical place, an original cuisine, a unique decor...you will be seduced by the conviviality and sympathy of its staff."
    ],
    "it": [
      "Iniziate le vostre vacanze in Corsica e Balagne con un piccolo viaggio sulla spiaggia di Calvi... Un luogo magico, mitico, una cucina originale, un arredamento unico... sarete sedotti dalla cordialità e dalla simpatia del suo personale."
    ],
    "fr": [
      "Débutez vos vacances en Corse et en Balagne par un petit tour sur la plage de Calvi...Un lieu magique, mythique, une cuisine originale, un décor unique...vous serez séduits par la convivialité et la sympathie de son personnel."
    ],
    "es": [
      "Empiece sus vacaciones en Córcega y Balagne con una escapada a la playa de Calvi... Un lugar mágico, mítico, una cocina original, una decoración única... se dejará seducir por la amabilidad y simpatía de su personal."
    ],
    "nl": [
      "Begin uw vakantie op Corsica en Balagne met een uitstapje naar het strand van Calvi...Een magische, mythische plek, een originele keuken, een uniek decor...u zult verleid worden door de vriendelijkheid en sympathie van het personeel."
    ]
  },
  "rdfs:label": {
    "fr": [
      "Le Lido"
    ]
  },
  "hasBeenCreatedBy": {
    "@id": "https://data.datatourisme.fr/13/e4873aa9-a05c-35ed-8395-61d121516766",
    "dc:identifier": "1646",
    "schema:email": [
      "info@balagne-corsica.com"
    ],
    "schema:legalName": "Office de Tourisme Intercommunal Calvi - Balagne",
    "@type": [
      "schema:Organization",
      "foaf:Agent",
      "Agent"
    ],
    "foaf:homepage": [
      "https://www.balagne-corsica.com/"
    ]
  },
  "hasBeenPublishedBy": [
    {
      "@id": "https://data.datatourisme.fr/8a9feb4b-2cbd-3d2c-b507-bd6c6776b23b",
      "schema:legalName": "Apidae Tourisme Scic SA - source : Apidae Tourisme",
      "@type": [
        "schema:Organization",
        "foaf:Agent",
        "Agent"
      ],
      "foaf:homepage": [
        "https://www.apidae-tourisme.com/"
      ]
    }
  ],
  "hasContact": [
    {
      "@id": "https://data.datatourisme.fr/3fa2673e-13e8-3365-b4b2-0a87f1041453",
      "schema:telephone": [
        "+33 4 95 65 01 01"
      ],
      "@type": [
        "foaf:Agent",
        "Agent"
      ],
      "foaf:homepage": [
        "https://www.lelido-calvi.com/"
      ]
    }
  ],
  "hasDescription": [
    {
      "@id": "https://data.datatourisme.fr/885ed021-36d9-3170-b7d1-c97f20cc299b",
      "@type": [
        "Description"
      ],
      "hasTranslatedProperty": [
        {
          "@id": "https://data.datatourisme.fr/3240363a-ce3f-3203-a5ec-1124ac9ecd06",
          "dc:contributor": [
            "https://api.deepl.com/v2/translate"
          ],
          "rdf:language": [
            "es"
          ],
          "rdf:predicate": [
            "shortDescription"
          ]
        },
        {
          "@id": "https://data.datatourisme.fr/60bada84-aac6-3057-8fdc-2c65e8ec1a9d",
          "dc:contributor": [
            "https://api.deepl.com/v2/translate"
          ],
          "rdf:language": [
            "de"
          ],
          "rdf:predicate": [
            "shortDescription"
          ]
        },
        {
          "@id": "https://data.datatourisme.fr/e8289db8-d672-3034-8183-8eae075990ef",
          "dc:contributor": [
            "https://api.deepl.com/v2/translate"
          ],
          "rdf:language": [
            "nl"
          ],
          "rdf:predicate": [
            "shortDescription"
          ]
        }
      ],
      "shortDescription": {
        "de": [
          "Beginnen Sie Ihren Urlaub auf Korsika und in der Balagne mit einem kleinen Ausflug an den Strand von Calvi... Ein magischer, mythischer Ort, eine originelle Küche, ein einzigartiges Dekor... Sie werden von der Freundlichkeit und der Sympathie des Personals begeistert sein."
        ],
        "en": [
          "Start your holiday in Corsica and Balagne with a small tour on the beach of Calvi... A magical, mythical place, an original cuisine, a unique decor...you will be seduced by the conviviality and sympathy of its staff."
        ],
        "it": [
          "Iniziate le vostre vacanze in Corsica e Balagne con un piccolo viaggio sulla spiaggia di Calvi... Un luogo magico, mitico, una cucina originale, un arredamento unico... sarete sedotti dalla cordialità e dalla simpatia del suo personale."
        ],
        "fr": [
          "Débutez vos vacances en Corse et en Balagne par un petit tour sur la plage de Calvi...Un lieu magique, mythique, une cuisine originale, un décor unique...vous serez séduits par la convivialité et la sympathie de son personnel."
        ],
        "es": [
          "Empiece sus vacaciones en Córcega y Balagne con una escapada a la playa de Calvi... Un lugar mágico, mítico, una cocina original, una decoración única... se dejará seducir por la amabilidad y simpatía de su personal."
        ],
        "nl": [
          "Begin uw vakantie op Corsica en Balagne met een uitstapje naar het strand van Calvi...Een magische, mythische plek, een originele keuken, een uniek decor...u zult verleid worden door de vriendelijkheid en sympathie van het personeel."
        ]
      }
    }
  ],
  "hasTheme": [
    {
      "@id": "kb:MediterraneanCuisine",
      "@type": [
        "CuisineCategory"
      ],
      "rdfs:label": {
        "de": [
          "Mediterrane Küche"
        ],
        "pt": [
          "Cozinha mediterrânica"
        ],
        "en": [
          "Mediterranean cuisine"
        ],
        "it": [
          "Cucina mediterranea"
        ],
        "fr": [
          "Cuisine méditerranéenne"
        ],
        "nl": [
          "Mediterrane keuken"
        ],
        "es": [
          "Cocina mediterránea"
        ]
      }
    }
  ],
  "hasTranslatedProperty": [
    {
      "@id": "https://data.datatourisme.fr/89951e3b-a30a-335b-aa4c-a846f3b3c422",
      "dc:contributor": [
        "https://api.deepl.com/v2/translate"
      ],
      "rdf:language": [
        "es"
      ],
      "rdf:predicate": [
        {
          "@id": "rdfs:comment"
        }
      ]
    },
    {
      "@id": "https://data.datatourisme.fr/b36a5cc1-fdc9-310f-8826-0874be88a276",
      "dc:contributor": [
        "https://api.deepl.com/v2/translate"
      ],
      "rdf:language": [
        "nl"
      ],
      "rdf:predicate": [
        {
          "@id": "rdfs:comment"
        }
      ]
    },
    {
      "@id": "https://data.datatourisme.fr/eb930138-be29-30d0-a8e6-cd7a377f753f",
      "dc:contributor": [
        "https://api.deepl.com/v2/translate"
      ],
      "rdf:language": [
        "de"
      ],
      "rdf:predicate": [
        {
          "@id": "rdfs:comment"
        }
      ]
    }
  ],
  "isLocatedAt": [
    {
      "@id": "https://data.datatourisme.fr/d97a9958-0e84-3e02-a5a6-2c5e955cb8cb",
      "schema:address": [
        {
          "@id": "https://data.datatourisme.fr/59f2e213-a954-3f39-bbf8-d99d02595a3b",
          "schema:addressLocality": "Calvi",
          "schema:postalCode": "20260",
          "schema:streetAddress": [
            "Plage de Calvi"
          ],
          "@type": [
            "schema:PostalAddress",
            "PostalAddress"
          ],
          "hasAddressCity": {
            "@id": "kb:2B050",
            "@type": [
              "City"
            ],
            "rdfs:label": {
              "en": [
                "Calvi"
              ],
              "fr": [
                "Calvi"
              ]
            },
            "insee": "2B050",
            "isPartOfDepartment": {
              "@id": "kb:France942B",
              "@type": [
                "Department"
              ],
              "rdfs:label": {
                "en": [
                  "Haute-Corse"
                ],
                "fr": [
                  "Haute-Corse"
                ]
              },
              "insee": "2B",
              "isPartOfRegion": {
                "@id": "kb:France94",
                "@type": [
                  "Region"
                ],
                "rdfs:label": {
                  "en": [
                    "Corse"
                  ],
                  "fr": [
                    "Corse"
                  ]
                },
                "insee": "94",
                "isPartOfCountry": {
                  "@id": "kb:France",
                  "@type": [
                    "schema:Country"
                  ],
                  "rdfs:label": {
                    "de": [
                      "Frankreich"
                    ],
                    "pt": [
                      "França"
                    ],
                    "en": [
                      "France"
                    ],
                    "it": [
                      "Francia"
                    ],
                    "fr": [
                      "France"
                    ],
                    "nl": [
                      "Frankrijk"
                    ],
                    "es": [
                      "Francia"
                    ]
                  }
                }
              }
            }
          }
        }
      ],
      "schema:geo": {
        "@id": "https://data.datatourisme.fr/c70ff2ab-cb0a-3566-8723-e763e4f0bb1e",
        "schema:latitude": "42.559763",
        "schema:longitude": "8.757799",
        "@type": [
          "schema:GeoCoordinates"
        ]
      },
      "schema:openingHoursSpecification": [
        {
          "@id": "https://data.datatourisme.fr/58758f3b-7d77-3093-bc12-c344907dc1d3",
          "schema:validFrom": "2023-04-01T00:00:00",
          "schema:validThrough": "2023-10-31T23:59:59",
          "@type": [
            "schema:OpeningHoursSpecification"
          ],
          "additionalInformation": {
            "de": [
              "Zeitraum als Richtwert"
            ],
            "en": [
              "Indicative period"
            ],
            "it": [
              "Periodo indicativo"
            ],
            "fr": [
              "Période à titre indicatif"
            ],
            "es": [
              "Período indicativo"
            ],
            "nl": [
              "Indicatieve periode"
            ]
          },
          "hasTranslatedProperty": [
            {
              "@id": "https://data.datatourisme.fr/2f42afcd-03b0-305b-88ac-85e6847fd86c",
              "dc:contributor": [
                "https://api.deepl.com/v2/translate"
              ],
              "rdf:language": [
                "es"
              ],
              "rdf:predicate": [
                "additionalInformation"
              ]
            },
            {
              "@id": "https://data.datatourisme.fr/59073109-9302-37bf-9ca1-0eca822f8d21",
              "dc:contributor": [
                "https://api.deepl.com/v2/translate"
              ],
              "rdf:language": [
                "nl"
              ],
              "rdf:predicate": [
                "additionalInformation"
              ]
            },
            {
              "@id": "https://data.datatourisme.fr/878237bc-ec2c-3f31-855c-0502c18371ee",
              "dc:contributor": [
                "https://api.deepl.com/v2/translate"
              ],
              "rdf:language": [
                "it"
              ],
              "rdf:predicate": [
                "additionalInformation"
              ]
            },
            {
              "@id": "https://data.datatourisme.fr/9d3f1780-949c-3a8a-aeeb-8f4fb91ae67f",
              "dc:contributor": [
                "https://api.deepl.com/v2/translate"
              ],
              "rdf:language": [
                "de"
              ],
              "rdf:predicate": [
                "additionalInformation"
              ]
            },
            {
              "@id": "https://data.datatourisme.fr/f4d4fdd1-534d-37b8-924a-28a901804aad",
              "dc:contributor": [
                "https://api.deepl.com/v2/translate"
              ],
              "rdf:language": [
                "en"
              ],
              "rdf:predicate": [
                "additionalInformation"
              ]
            }
          ]
        }
      ],
      "@type": [
        "schema:Place",
        "Place"
      ]
    }
  ],
  "isOwnedBy": [
    {
      "@id": "https://data.datatourisme.fr/194c52e6-bbae-33dc-8464-caca97844fbb",
      "schema:email": [
        "info@balagne-corsica.com"
      ],
      "schema:legalName": "Office de Tourisme Intercommunal Calvi - Balagne",
      "@type": [
        "schema:Organization",
        "foaf:Agent",
        "Agent"
      ],
      "foaf:homepage": [
        "https://www.balagne-corsica.com/"
      ]
    }
  ],
  "lastUpdate": "2022-05-03",
  "lastUpdateDatatourisme": "2023-02-01T18:07:35.674Z",
  "offers": [
    {
      "@id": "https://data.datatourisme.fr/63fc2494-5689-3eff-9cc5-5c68021f95e6",
      "schema:priceSpecification": [
        {
          "@id": "https://data.datatourisme.fr/f2e32206-43f8-35f7-b50d-23b6e7ae51a5",
          "@type": [
            "schema:PriceSpecification",
            "PriceSpecification"
          ],
          "appliesOnPeriod": [
            {
              "@id": "https://data.datatourisme.fr/280713b3-7de2-3c13-bdc9-247f97df0fab",
              "@type": [
                "Period"
              ],
              "endDate": "2022-10-31",
              "startDate": "2022-04-01"
            }
          ]
        }
      ],
      "@type": [
        "schema:Offer",
        "Offer"
      ]
    }
  ],
  "providesCuisineOfType": [
    {
      "@id": "kb:MediterraneanCuisine",
      "@type": [
        "CuisineCategory"
      ],
      "rdfs:label": {
        "de": [
          "Mediterrane Küche"
        ],
        "pt": [
          "Cozinha mediterrânica"
        ],
        "en": [
          "Mediterranean cuisine"
        ],
        "it": [
          "Cucina mediterranea"
        ],
        "fr": [
          "Cuisine méditerranéenne"
        ],
        "nl": [
          "Mediterrane keuken"
        ],
        "es": [
          "Cocina mediterránea"
        ]
      }
    }
  ]
}