{
  "@id": "https://data.datatourisme.fr/13/b3a08297-6faf-366e-a80d-0c781eb83455",
  "dc:identifier": "4993722",
  "@type": [
    "schema:LocalBusiness",
    "PlaceOfInterest",
    "PointOfInterest",
    "Store"
  ],
  "rdfs:comment": {
    "de": [
      "Die Agentur Nautimarine in L'Ile-Rousse empfängt Sie für Ihren Wunsch nach einem Bootsverleih eT buggys SSV."
    ],
    "en": [
      "The Nautimarine agency located in L'Ile-Rousse welcomes you for your boat and SSV buggy rental needs."
    ],
    "it": [
      "L'agenzia Nautimarine di L'Ile-Rousse vi accoglie per il noleggio di barche e buggy SSV."
    ],
    "fr": [
      "L'agence Nautimarine située à L'Ile-Rousse vous accueille pour vos envies de location de bateaux eT buggys SSV."
    ],
    "es": [
      "La agencia Nautimarine situada en L'Ile-Rousse le da la bienvenida para sus necesidades de alquiler de barcos y buggies SSV."
    ],
    "nl": [
      "Het Nautimarine agentschap in L'Ile-Rousse verwelkomt u voor de verhuur van boten en SSV buggy's."
    ]
  },
  "rdfs:label": {
    "fr": [
      "Nautimarine"
    ]
  },
  "hasBeenCreatedBy": {
    "@id": "https://data.datatourisme.fr/13/8d420fa3-5754-31f1-8199-69c88780314d",
    "dc:identifier": "1647",
    "schema:email": [
      "web@ileroussetourisme.com"
    ],
    "schema:legalName": "Office de Tourisme Intercommunal de L'Ile Rousse-Balagne",
    "@type": [
      "schema:Organization",
      "foaf:Agent",
      "Agent"
    ],
    "foaf:homepage": [
      "https://www.balagne-corsica.com/"
    ]
  },
  "hasBeenPublishedBy": [
    {
      "@id": "https://data.datatourisme.fr/8a9feb4b-2cbd-3d2c-b507-bd6c6776b23b",
      "schema:legalName": "Apidae Tourisme Scic SA - source : Apidae Tourisme",
      "@type": [
        "schema:Organization",
        "foaf:Agent",
        "Agent"
      ],
      "foaf:homepage": [
        "https://www.apidae-tourisme.com/"
      ]
    }
  ],
  "hasContact": [
    {
      "@id": "https://data.datatourisme.fr/21374b02-e549-33c0-9ae2-6875d5ac60a2",
      "schema:email": [
        "nautimarine@nautimarine.com"
      ],
      "schema:telephone": [
        "+33 4 95 60 00 73",
        "+33 6 22 70 92 26"
      ],
      "@type": [
        "foaf:Agent",
        "Agent"
      ],
      "foaf:homepage": [
        "http://www.nautimarine.com/"
      ]
    }
  ],
  "hasDescription": [
    {
      "@id": "https://data.datatourisme.fr/cb98fcaf-fff7-35b5-9487-680082cb4bc8",
      "@type": [
        "Description"
      ],
      "hasTranslatedProperty": [
        {
          "@id": "https://data.datatourisme.fr/b8dcb7a6-9f40-3251-95b4-9e6f11e468c3",
          "dc:contributor": [
            "https://api.deepl.com/v2/translate"
          ],
          "rdf:language": [
            "de"
          ],
          "rdf:predicate": [
            "shortDescription"
          ]
        },
        {
          "@id": "https://data.datatourisme.fr/bcbd7d9f-72a4-36cb-8608-21e33cb087e4",
          "dc:contributor": [
            "https://api.deepl.com/v2/translate"
          ],
          "rdf:language": [
            "es"
          ],
          "rdf:predicate": [
            "shortDescription"
          ]
        },
        {
          "@id": "https://data.datatourisme.fr/c4cc0b8f-0699-3c59-8670-3b9e15c92a51",
          "dc:contributor": [
            "https://api.deepl.com/v2/translate"
          ],
          "rdf:language": [
            "nl"
          ],
          "rdf:predicate": [
            "shortDescription"
          ]
        }
      ],
      "shortDescription": {
        "de": [
          "Die Agentur Nautimarine in L'Ile-Rousse empfängt Sie für Ihren Wunsch nach einem Bootsverleih eT buggys SSV."
        ],
        "en": [
          "The Nautimarine agency located in L'Ile-Rousse welcomes you for your boat and SSV buggy rental needs."
        ],
        "it": [
          "L'agenzia Nautimarine di L'Ile-Rousse vi accoglie per il noleggio di barche e buggy SSV."
        ],
        "fr": [
          "L'agence Nautimarine située à L'Ile-Rousse vous accueille pour vos envies de location de bateaux eT buggys SSV."
        ],
        "es": [
          "La agencia Nautimarine situada en L'Ile-Rousse le da la bienvenida para sus necesidades de alquiler de barcos y buggies SSV."
        ],
        "nl": [
          "Het Nautimarine agentschap in L'Ile-Rousse verwelkomt u voor de verhuur van boten en SSV buggy's."
        ]
      }
    }
  ],
  "hasTheme": [
    {
      "@id": "kb:Buggy",
      "@type": [
        "SportsTheme"
      ],
      "rdfs:label": {
        "de": [
          "Buggy"
        ],
        "pt": [
          "Buggy"
        ],
        "en": [
          "Buggy"
        ],
        "it": [
          "Buggy"
        ],
        "fr": [
          "Buggy"
        ],
        "nl": [
          "Buggy"
        ],
        "es": [
          "Buggy"
        ]
      }
    },
    {
      "@id": "kb:Quad",
      "@type": [
        "SportsTheme"
      ],
      "rdfs:label": {
        "de": [
          "Quad"
        ],
        "pt": [
          "Moto-quatro"
        ],
        "en": [
          "Quad"
        ],
        "it": [
          "Quad"
        ],
        "fr": [
          "Quad"
        ],
        "nl": [
          "Quad"
        ],
        "es": [
          "Quad"
        ]
      }
    }
  ],
  "hasTranslatedProperty": [
    {
      "@id": "https://data.datatourisme.fr/18804548-985c-3ce6-8e58-bad499e73b0a",
      "dc:contributor": [
        "https://api.deepl.com/v2/translate"
      ],
      "rdf:language": [
        "es"
      ],
      "rdf:predicate": [
        {
          "@id": "rdfs:comment"
        }
      ]
    },
    {
      "@id": "https://data.datatourisme.fr/7d7e3e08-93e4-3c73-8051-b564fa195777",
      "dc:contributor": [
        "https://api.deepl.com/v2/translate"
      ],
      "rdf:language": [
        "nl"
      ],
      "rdf:predicate": [
        {
          "@id": "rdfs:comment"
        }
      ]
    },
    {
      "@id": "https://data.datatourisme.fr/b8f82320-2acb-38ea-bd8e-59ff080cd623",
      "dc:contributor": [
        "https://api.deepl.com/v2/translate"
      ],
      "rdf:language": [
        "de"
      ],
      "rdf:predicate": [
        {
          "@id": "rdfs:comment"
        }
      ]
    }
  ],
  "isLocatedAt": [
    {
      "@id": "https://data.datatourisme.fr/8519810b-3eb1-3747-bd49-aef22985515d",
      "schema:address": [
        {
          "@id": "https://data.datatourisme.fr/285333e8-11e4-3f14-b893-30ee88c823ae",
          "schema:addressLocality": "L'Île-Rousse",
          "schema:postalCode": "20220",
          "schema:streetAddress": [
            "Lieu-dit Occi",
            "Route de Calvi"
          ],
          "@type": [
            "schema:PostalAddress",
            "PostalAddress"
          ],
          "hasAddressCity": {
            "@id": "kb:2B134",
            "@type": [
              "City"
            ],
            "rdfs:label": {
              "en": [
                "L'Île-Rousse"
              ],
              "fr": [
                "L'Île-Rousse"
              ]
            },
            "insee": "2B134",
            "isPartOfDepartment": {
              "@id": "kb:France942B",
              "@type": [
                "Department"
              ],
              "rdfs:label": {
                "en": [
                  "Haute-Corse"
                ],
                "fr": [
                  "Haute-Corse"
                ]
              },
              "insee": "2B",
              "isPartOfRegion": {
                "@id": "kb:France94",
                "@type": [
                  "Region"
                ],
                "rdfs:label": {
                  "en": [
                    "Corse"
                  ],
                  "fr": [
                    "Corse"
                  ]
                },
                "insee": "94",
                "isPartOfCountry": {
                  "@id": "kb:France",
                  "@type": [
                    "schema:Country"
                  ],
                  "rdfs:label": {
                    "de": [
                      "Frankreich"
                    ],
                    "pt": [
                      "França"
                    ],
                    "en": [
                      "France"
                    ],
                    "it": [
                      "Francia"
                    ],
                    "fr": [
                      "France"
                    ],
                    "nl": [
                      "Frankrijk"
                    ],
                    "es": [
                      "Francia"
                    ]
                  }
                }
              }
            }
          }
        }
      ],
      "schema:geo": {
        "@id": "https://data.datatourisme.fr/9e9a8519-3513-32bd-9bbd-abfeafb9c6c0",
        "schema:latitude": "42.628118",
        "schema:longitude": "8.92695",
        "@type": [
          "schema:GeoCoordinates"
        ]
      },
      "schema:openingHoursSpecification": [
        {
          "@id": "https://data.datatourisme.fr/d602d513-d878-3ca3-b304-083ac234d683",
          "schema:validFrom": "2023-12-31T00:00:00",
          "schema:validThrough": "2023-12-30T23:59:59",
          "@type": [
            "schema:OpeningHoursSpecification"
          ],
          "additionalInformation": {
            "de": [
              "Von Dezember bis Ende Februar: 9h-12h / 14h30-16h30 Von März bis Ende April & von September bis Ende November: 9h-12h / 14h30-17h30\r\nVon Mai bis Ende August: 9h-12h / 14h30-18h30"
            ],
            "en": [
              "From December to the end of February: 9h-12h / 14h30-16h30 From March to the end of April & from September to the end of November: 9h-12h / 14h30-17h30\r\nFrom May to the end of August : 9h-12h / 14h30-18h30"
            ],
            "it": [
              "Da dicembre a fine febbraio: 9.00-12.00 / 14.30-16.30 Da marzo a fine aprile e da settembre a fine novembre: 9.00-12.00 / 14.30-17.30\r\nDa maggio a fine agosto: 9.00-12.00 / 14.30-18.30"
            ],
            "fr": [
              "De décembre à fin février : 9h-12h  / 14h30-16h30 De mars à fin avril & de septembre à fin novembre : 9h-12h / 14h30-17h30\r\nDe mai à fin août : 9h-12h / 14h30-18h30"
            ],
            "nl": [
              "December tot eind februari: 9-12u / 14.30-4.30u maart tot eind april en september tot eind november: 9-12u / 14.30-17.30u\r\nMei tot eind augustus: 9u-12u / 14u30-18u30"
            ],
            "es": [
              "De diciembre a finales de febrero: de 9.00 a 12.00 h. / de 14.30 a 16.30 h. De marzo a finales de abril y de septiembre a finales de noviembre: de 9.00 a 12.00 h. / de 14.30 a 17.30 h\r\nDe mayo a finales de agosto: de 9.00 a 12.00 h. / de 14.30 a 18.30 h"
            ]
          },
          "hasTranslatedProperty": [
            {
              "@id": "https://data.datatourisme.fr/70c28769-18d6-3aed-bf1a-fc5b3dbc95ef",
              "dc:contributor": [
                "https://api.deepl.com/v2/translate"
              ],
              "rdf:language": [
                "it"
              ],
              "rdf:predicate": [
                "additionalInformation"
              ]
            },
            {
              "@id": "https://data.datatourisme.fr/8b9758eb-c232-3dcf-8f41-3165d5e3c56e",
              "dc:contributor": [
                "https://api.deepl.com/v2/translate"
              ],
              "rdf:language": [
                "de"
              ],
              "rdf:predicate": [
                "additionalInformation"
              ]
            },
            {
              "@id": "https://data.datatourisme.fr/96361734-34f2-3a1c-8e42-132002d7c17b",
              "dc:contributor": [
                "https://api.deepl.com/v2/translate"
              ],
              "rdf:language": [
                "en"
              ],
              "rdf:predicate": [
                "additionalInformation"
              ]
            },
            {
              "@id": "https://data.datatourisme.fr/b96c3520-58aa-3c8d-ae09-033c80f23df2",
              "dc:contributor": [
                "https://api.deepl.com/v2/translate"
              ],
              "rdf:language": [
                "nl"
              ],
              "rdf:predicate": [
                "additionalInformation"
              ]
            },
            {
              "@id": "https://data.datatourisme.fr/c2802b06-e73c-3afd-bd5d-a4fa8496752b",
              "dc:contributor": [
                "https://api.deepl.com/v2/translate"
              ],
              "rdf:language": [
                "es"
              ],
              "rdf:predicate": [
                "additionalInformation"
              ]
            }
          ]
        }
      ],
      "@type": [
        "schema:Place",
        "Place"
      ]
    }
  ],
  "isOwnedBy": [
    {
      "@id": "https://data.datatourisme.fr/252af22a-253d-33df-b9d7-204832749402",
      "schema:email": [
        "web@ileroussetourisme.com"
      ],
      "schema:legalName": "Office de Tourisme Intercommunal de L'Ile Rousse-Balagne",
      "@type": [
        "schema:Organization",
        "foaf:Agent",
        "Agent"
      ],
      "foaf:homepage": [
        "https://www.balagne-corsica.com/"
      ]
    }
  ],
  "lastUpdate": "2023-01-20",
  "lastUpdateDatatourisme": "2023-02-11T06:38:49.05Z"
}