{
  "@id": "https://data.datatourisme.fr/13/b34624d0-2e4c-3b17-a2cb-4034f20e8878",
  "dc:identifier": "5445462",
  "@type": [
    "schema:Accommodation",
    "schema:Hotel",
    "schema:LodgingBusiness",
    "Accommodation",
    "Hotel",
    "HotelTrade",
    "PlaceOfInterest",
    "PointOfInterest"
  ],
  "rdfs:comment": {
    "de": [
      "Wir stellen Ihnen unsere Hotelzimmer und Ferienhäuser, die alle mit 3 Sternen ausgezeichnet sind, das grüne Anwesen, seinen Pool und alle Dienstleistungen für den bestmöglichen Urlaub im Süden Korsikas zur Verfügung."
    ],
    "en": [
      "We put at your disposal our hotel rooms and our vacation rentals all classified 3 stars, the green domain, its swimming pool and all the services for the best possible vacations in the south of Corsica."
    ],
    "it": [
      "Vi offriamo le nostre camere d'albergo e le nostre case vacanze, tutte classificate 3 stelle, la tenuta verde, la sua piscina e tutti i servizi per una vacanza ottimale nel sud della Corsica."
    ],
    "fr": [
      "Nous mettons à votre disposition nos chambres d’hôtel et nos locations de vacances toutes classées 3 étoiles, le domaine verdoyant, sa piscine et l’ensemble des services pour les meilleures vacances possibles dans le sud de la Corse."
    ],
    "nl": [
      "Wij bieden u onze hotelkamers en onze vakantiewoningen, allemaal met 3 sterren, het groene domein, het zwembad en alle diensten voor een optimale vakantie in het zuiden van Corsica."
    ],
    "es": [
      "Ponemos a su disposición nuestras habitaciones de hotel y nuestros alquileres de vacaciones, todos clasificados 3 estrellas, la finca verde, su piscina y todos los servicios para pasar las mejores vacaciones posibles en el sur de Córcega."
    ]
  },
  "rdfs:label": {
    "fr": [
      "Domaine de Caranella"
    ]
  },
  "hasBeenCreatedBy": {
    "@id": "https://data.datatourisme.fr/13/84c6494d-3085-3c63-a55c-db8cb047fadd",
    "dc:identifier": "1738",
    "schema:email": [
      "camillef.omt@gmail.com",
      "direction@destination-sudcorse.com",
      "gestion@destination-sudcorse.com",
      "promotion@destination-sudcorse.com",
      "webmaster@destination-sudcorse.com"
    ],
    "schema:legalName": "Porto Vecchio Tourisme",
    "@type": [
      "schema:Organization",
      "foaf:Agent",
      "Agent"
    ],
    "foaf:homepage": [
      "http://www.ot-portovecchio.com/"
    ]
  },
  "hasBeenPublishedBy": [
    {
      "@id": "https://data.datatourisme.fr/8a9feb4b-2cbd-3d2c-b507-bd6c6776b23b",
      "schema:legalName": "Apidae Tourisme Scic SA - source : Apidae Tourisme",
      "@type": [
        "schema:Organization",
        "foaf:Agent",
        "Agent"
      ],
      "foaf:homepage": [
        "https://www.apidae-tourisme.com/"
      ]
    }
  ],
  "hasContact": [
    {
      "@id": "https://data.datatourisme.fr/5ce8fd14-528f-3278-8f71-27f4e30b0a6a",
      "schema:email": [
        "info@caranella.com"
      ],
      "schema:telephone": [
        "+33 4 95 71 60 94",
        "+33 4 95 71 65 39"
      ],
      "@type": [
        "foaf:Agent",
        "Agent"
      ],
      "foaf:homepage": [
        "https://www.caranella.com/"
      ]
    }
  ],
  "hasDescription": [
    {
      "@id": "https://data.datatourisme.fr/6f06857d-fe77-3366-8a4d-cd1b04a13229",
      "@type": [
        "Description"
      ],
      "hasTranslatedProperty": [
        {
          "@id": "https://data.datatourisme.fr/158a3761-ae35-35f3-bc5f-7fdeb3eedaab",
          "dc:contributor": [
            "https://api.deepl.com/v2/translate"
          ],
          "rdf:language": [
            "es"
          ],
          "rdf:predicate": [
            "shortDescription"
          ]
        }
      ],
      "shortDescription": {
        "de": [
          "Wir stellen Ihnen unsere Hotelzimmer und Ferienhäuser, die alle mit 3 Sternen ausgezeichnet sind, das grüne Anwesen, seinen Pool und alle Dienstleistungen für den bestmöglichen Urlaub im Süden Korsikas zur Verfügung."
        ],
        "en": [
          "We put at your disposal our hotel rooms and our vacation rentals all classified 3 stars, the green domain, its swimming pool and all the services for the best possible vacations in the south of Corsica."
        ],
        "it": [
          "Vi offriamo le nostre camere d'albergo e le nostre case vacanze, tutte classificate 3 stelle, la tenuta verde, la sua piscina e tutti i servizi per una vacanza ottimale nel sud della Corsica."
        ],
        "fr": [
          "Nous mettons à votre disposition nos chambres d’hôtel et nos locations de vacances toutes classées 3 étoiles, le domaine verdoyant, sa piscine et l’ensemble des services pour les meilleures vacances possibles dans le sud de la Corse."
        ],
        "nl": [
          "Wij bieden u onze hotelkamers en onze vakantiewoningen, allemaal met 3 sterren, het groene domein, het zwembad en alle diensten voor een optimale vakantie in het zuiden van Corsica."
        ],
        "es": [
          "Ponemos a su disposición nuestras habitaciones de hotel y nuestros alquileres de vacaciones, todos clasificados 3 estrellas, la finca verde, su piscina y todos los servicios para pasar las mejores vacaciones posibles en el sur de Córcega."
        ]
      }
    }
  ],
  "hasTranslatedProperty": [
    {
      "@id": "https://data.datatourisme.fr/02a2d4b6-56d9-35a5-9aa6-0956f61114fd",
      "dc:contributor": [
        "https://api.deepl.com/v2/translate"
      ],
      "rdf:language": [
        "de"
      ],
      "rdf:predicate": [
        {
          "@id": "rdfs:comment"
        }
      ]
    },
    {
      "@id": "https://data.datatourisme.fr/7baff026-038b-3a47-9fbf-5fbf9a0f6890",
      "dc:contributor": [
        "https://api.deepl.com/v2/translate"
      ],
      "rdf:language": [
        "nl"
      ],
      "rdf:predicate": [
        {
          "@id": "rdfs:comment"
        }
      ]
    },
    {
      "@id": "https://data.datatourisme.fr/cf1d4bd7-b32d-3a2e-9cf9-cc1671a7670f",
      "dc:contributor": [
        "https://api.deepl.com/v2/translate"
      ],
      "rdf:language": [
        "it"
      ],
      "rdf:predicate": [
        {
          "@id": "rdfs:comment"
        }
      ]
    },
    {
      "@id": "https://data.datatourisme.fr/dcb27954-57da-38ae-9723-2fea1c5df080",
      "dc:contributor": [
        "https://api.deepl.com/v2/translate"
      ],
      "rdf:language": [
        "es"
      ],
      "rdf:predicate": [
        {
          "@id": "rdfs:comment"
        }
      ]
    }
  ],
  "isLocatedAt": [
    {
      "@id": "https://data.datatourisme.fr/060a221f-ab78-3f69-b6cc-f45ebc0544c9",
      "schema:address": [
        {
          "@id": "https://data.datatourisme.fr/d843f001-0df4-3499-af80-16823582f1b3",
          "schema:addressLocality": "Lecci",
          "schema:postalCode": "20137",
          "schema:streetAddress": [
            "Route de Cala Rossa"
          ],
          "@type": [
            "schema:PostalAddress",
            "PostalAddress"
          ],
          "hasAddressCity": {
            "@id": "kb:2A139",
            "@type": [
              "City"
            ],
            "rdfs:label": {
              "en": [
                "Lecci"
              ],
              "fr": [
                "Lecci"
              ]
            },
            "insee": "2A139",
            "isPartOfDepartment": {
              "@id": "kb:France942A",
              "@type": [
                "Department"
              ],
              "rdfs:label": {
                "en": [
                  "Corse-du-Sud"
                ],
                "fr": [
                  "Corse-du-Sud"
                ]
              },
              "insee": "2A",
              "isPartOfRegion": {
                "@id": "kb:France94",
                "@type": [
                  "Region"
                ],
                "rdfs:label": {
                  "en": [
                    "Corse"
                  ],
                  "fr": [
                    "Corse"
                  ]
                },
                "insee": "94",
                "isPartOfCountry": {
                  "@id": "kb:France",
                  "@type": [
                    "schema:Country"
                  ],
                  "rdfs:label": {
                    "de": [
                      "Frankreich"
                    ],
                    "pt": [
                      "França"
                    ],
                    "en": [
                      "France"
                    ],
                    "it": [
                      "Francia"
                    ],
                    "fr": [
                      "France"
                    ],
                    "nl": [
                      "Frankrijk"
                    ],
                    "es": [
                      "Francia"
                    ]
                  }
                }
              }
            }
          }
        }
      ],
      "schema:geo": {
        "@id": "https://data.datatourisme.fr/ee32f40d-dd12-3d6d-94c0-21ff9408f05b",
        "schema:latitude": "41.62181",
        "schema:longitude": "9.343777",
        "@type": [
          "schema:GeoCoordinates"
        ]
      },
      "schema:openingHoursSpecification": [
        {
          "@id": "https://data.datatourisme.fr/3d6d3ff2-d717-3a74-b297-8cb39248ecdd",
          "schema:validFrom": "2023-05-04T00:00:00",
          "schema:validThrough": "2023-10-08T23:59:59",
          "@type": [
            "schema:OpeningHoursSpecification"
          ],
          "additionalInformation": {
            "de": [
              "Montag, Dienstag, Mittwoch, Donnerstag, Freitag, Samstag, Sonntag: offen\n\nMontag, Dienstag, Mittwoch, Donnerstag, Freitag, Samstag, Sonntag: 08:00 bis 19:00 Uhr"
            ],
            "en": [
              "Monday, Tuesday, Wednesday, Thursday, Friday, Saturday, Sunday: open\n\nMonday, Tuesday, Wednesday, Thursday, Friday, Saturday, Sunday : 08h to 19h"
            ],
            "it": [
              "Lunedì, martedì, mercoledì, giovedì, venerdì, sabato, domenica: aperto\n\nLunedì, martedì, mercoledì, giovedì, venerdì, sabato, domenica: dalle 08:00 alle 19:00"
            ],
            "fr": [
              "Lundi, Mardi, Mercredi, Jeudi, Vendredi, Samedi, Dimanche : ouvert\n\nLundi, Mardi, Mercredi, Jeudi, Vendredi, Samedi, Dimanche : 08h à 19h"
            ],
            "nl": [
              "Maandag, dinsdag, woensdag, donderdag, vrijdag, zaterdag, zondag: open\n\nMaandag, dinsdag, woensdag, donderdag, vrijdag, zaterdag, zondag: 08u tot 19u"
            ],
            "es": [
              "Lunes, martes, miércoles, jueves, viernes, sábado y domingo: abierto\n\nLunes, martes, miércoles, jueves, viernes, sábado y domingo: de 08h a 19h"
            ]
          },
          "hasTranslatedProperty": [
            {
              "@id": "https://data.datatourisme.fr/290dfaa6-560c-3d0d-ab1a-baf49dc466a2",
              "dc:contributor": [
                "https://api.deepl.com/v2/translate"
              ],
              "rdf:language": [
                "en"
              ],
              "rdf:predicate": [
                "additionalInformation"
              ]
            },
            {
              "@id": "https://data.datatourisme.fr/343ca7f1-f17c-3eff-ae17-d1a1d65734ac",
              "dc:contributor": [
                "https://api.deepl.com/v2/translate"
              ],
              "rdf:language": [
                "de"
              ],
              "rdf:predicate": [
                "additionalInformation"
              ]
            },
            {
              "@id": "https://data.datatourisme.fr/5c0f2f06-cac1-362c-9417-f15d6db886d7",
              "dc:contributor": [
                "https://api.deepl.com/v2/translate"
              ],
              "rdf:language": [
                "it"
              ],
              "rdf:predicate": [
                "additionalInformation"
              ]
            },
            {
              "@id": "https://data.datatourisme.fr/cf4def62-d6db-3c35-b63e-cec5c82c4790",
              "dc:contributor": [
                "https://api.deepl.com/v2/translate"
              ],
              "rdf:language": [
                "es"
              ],
              "rdf:predicate": [
                "additionalInformation"
              ]
            },
            {
              "@id": "https://data.datatourisme.fr/f3fa8f9a-775b-367f-95f8-78a7a6421b2e",
              "dc:contributor": [
                "https://api.deepl.com/v2/translate"
              ],
              "rdf:language": [
                "nl"
              ],
              "rdf:predicate": [
                "additionalInformation"
              ]
            }
          ]
        }
      ],
      "@type": [
        "schema:Place",
        "Place"
      ]
    }
  ],
  "isOwnedBy": [
    {
      "@id": "https://data.datatourisme.fr/f5f950f9-5eec-32b4-a357-2c969ccf4068",
      "schema:email": [
        "camillef.omt@gmail.com",
        "direction@destination-sudcorse.com",
        "gestion@destination-sudcorse.com",
        "promotion@destination-sudcorse.com",
        "webmaster@destination-sudcorse.com"
      ],
      "schema:legalName": "Porto Vecchio Tourisme",
      "@type": [
        "schema:Organization",
        "foaf:Agent",
        "Agent"
      ],
      "foaf:homepage": [
        "http://www.ot-portovecchio.com/"
      ]
    }
  ],
  "lastUpdate": "2023-03-15",
  "lastUpdateDatatourisme": "2023-03-16T06:56:31.348Z",
  "offers": [
    {
      "@id": "https://data.datatourisme.fr/538e7bc2-42e6-39e0-aca3-d06933a83176",
      "schema:priceSpecification": [
        {
          "@id": "https://data.datatourisme.fr/198bad2c-344d-3830-a778-28f350b548a5",
          "@type": [
            "schema:PriceSpecification",
            "PriceSpecification"
          ],
          "appliesOnPeriod": [
            {
              "@id": "https://data.datatourisme.fr/ce112f54-2529-3f65-94e0-ce1d2f7a6ecf",
              "@type": [
                "Period"
              ],
              "endDate": "2023-10-08",
              "startDate": "2023-05-04"
            }
          ]
        }
      ],
      "@type": [
        "schema:Offer",
        "Offer"
      ]
    }
  ]
}