{
  "@id": "https://data.datatourisme.fr/13/5e08a9e2-7e38-3a12-99e2-3aec0c7b783b",
  "dc:identifier": "5240089",
  "@type": [
    "schema:FoodEstablishment",
    "FoodEstablishment",
    "PlaceOfInterest",
    "PointOfInterest"
  ],
  "rdfs:comment": {
    "de": [
      "Qualitätsküche mit einem atemberaubenden Blick auf den mythischen Ponton von Santa Giulia."
    ],
    "en": [
      "Quality cuisine with a breathtaking view of the mythical pontoon of Santa Giulia."
    ],
    "it": [
      "Cucina di qualità con vista mozzafiato sul mitico pontone di Santa Giulia."
    ],
    "fr": [
      "La situation idyllique du restaurant la Table du Moby Dick offre un cadre unique à sa clientèle. Le chef et son équipe se réinventent chaque jour proposant une cuisine raffinée alliant gastronomie et produits locaux."
    ],
    "es": [
      "La idílica ubicación del restaurante La Table du Moby Dick ofrece un marco único a su clientela. El chef y su equipo se reinventan cada día, ofreciendo una cocina refinada que combina gastronomía y productos locales."
    ],
    "nl": [
      "Kwaliteitskeuken met een adembenemend uitzicht op het mythische ponton van Santa Giulia."
    ]
  },
  "rdfs:label": {
    "fr": [
      "La Table du Moby Dick"
    ]
  },
  "hasBeenCreatedBy": {
    "@id": "https://data.datatourisme.fr/13/84c6494d-3085-3c63-a55c-db8cb047fadd",
    "dc:identifier": "1738",
    "schema:email": [
      "camillef.omt@gmail.com",
      "direction@destination-sudcorse.com",
      "gestion@destination-sudcorse.com",
      "promotion@destination-sudcorse.com",
      "webmaster@destination-sudcorse.com"
    ],
    "schema:legalName": "Porto Vecchio Tourisme",
    "@type": [
      "schema:Organization",
      "foaf:Agent",
      "Agent"
    ],
    "foaf:homepage": [
      "http://www.ot-portovecchio.com/"
    ]
  },
  "hasBeenPublishedBy": [
    {
      "@id": "https://data.datatourisme.fr/8a9feb4b-2cbd-3d2c-b507-bd6c6776b23b",
      "schema:legalName": "Apidae Tourisme Scic SA - source : Apidae Tourisme",
      "@type": [
        "schema:Organization",
        "foaf:Agent",
        "Agent"
      ],
      "foaf:homepage": [
        "https://www.apidae-tourisme.com/"
      ]
    }
  ],
  "hasContact": [
    {
      "@id": "https://data.datatourisme.fr/3b26fb07-353b-3ce1-a286-b220e54bc166",
      "schema:email": [
        "mobydick@sud-corse.fr"
      ],
      "schema:telephone": [
        "+33 4 95 70 70 00"
      ],
      "@type": [
        "foaf:Agent",
        "Agent"
      ],
      "foaf:homepage": [
        "http://www.sud-corse.com/"
      ]
    }
  ],
  "hasDescription": [
    {
      "@id": "https://data.datatourisme.fr/53a0546f-d966-37aa-9fff-619c78788b74",
      "@type": [
        "Description"
      ],
      "hasTranslatedProperty": [
        {
          "@id": "https://data.datatourisme.fr/e8a9793b-cab3-3bee-9826-dfa85b6afaed",
          "dc:contributor": [
            "https://api.deepl.com/v2/translate"
          ],
          "rdf:language": [
            "es"
          ],
          "rdf:predicate": [
            "shortDescription"
          ]
        }
      ],
      "shortDescription": {
        "de": [
          "Qualitätsküche mit einem atemberaubenden Blick auf den mythischen Ponton von Santa Giulia."
        ],
        "en": [
          "Quality cuisine with a breathtaking view of the mythical pontoon of Santa Giulia."
        ],
        "it": [
          "Cucina di qualità con vista mozzafiato sul mitico pontone di Santa Giulia."
        ],
        "fr": [
          "La situation idyllique du restaurant la Table du Moby Dick offre un cadre unique à sa clientèle. Le chef et son équipe se réinventent chaque jour proposant une cuisine raffinée alliant gastronomie et produits locaux."
        ],
        "es": [
          "La idílica ubicación del restaurante La Table du Moby Dick ofrece un marco único a su clientela. El chef y su equipo se reinventan cada día, ofreciendo una cocina refinada que combina gastronomía y productos locales."
        ],
        "nl": [
          "Kwaliteitskeuken met een adembenemend uitzicht op het mythische ponton van Santa Giulia."
        ]
      }
    }
  ],
  "hasTranslatedProperty": [
    {
      "@id": "https://data.datatourisme.fr/5222092e-5453-325d-9fcb-e24e6f1f7dbb",
      "dc:contributor": [
        "https://api.deepl.com/v2/translate"
      ],
      "rdf:language": [
        "es"
      ],
      "rdf:predicate": [
        {
          "@id": "rdfs:comment"
        }
      ]
    }
  ],
  "isLocatedAt": [
    {
      "@id": "https://data.datatourisme.fr/8c866036-3b59-38c5-af85-eea032e3bcf2",
      "schema:address": [
        {
          "@id": "https://data.datatourisme.fr/8aadc913-3f38-36be-a47f-4de8506f639c",
          "schema:addressLocality": "Porto-Vecchio",
          "schema:postalCode": "20137",
          "schema:streetAddress": [
            "Baie de Santa Giulia"
          ],
          "@type": [
            "schema:PostalAddress",
            "PostalAddress"
          ],
          "hasAddressCity": {
            "@id": "kb:2A247",
            "@type": [
              "City"
            ],
            "rdfs:label": {
              "en": [
                "Porto-Vecchio"
              ],
              "fr": [
                "Porto-Vecchio"
              ]
            },
            "insee": "2A247",
            "isPartOfDepartment": {
              "@id": "kb:France942A",
              "@type": [
                "Department"
              ],
              "rdfs:label": {
                "en": [
                  "Corse-du-Sud"
                ],
                "fr": [
                  "Corse-du-Sud"
                ]
              },
              "insee": "2A",
              "isPartOfRegion": {
                "@id": "kb:France94",
                "@type": [
                  "Region"
                ],
                "rdfs:label": {
                  "en": [
                    "Corse"
                  ],
                  "fr": [
                    "Corse"
                  ]
                },
                "insee": "94",
                "isPartOfCountry": {
                  "@id": "kb:France",
                  "@type": [
                    "schema:Country"
                  ],
                  "rdfs:label": {
                    "de": [
                      "Frankreich"
                    ],
                    "pt": [
                      "França"
                    ],
                    "en": [
                      "France"
                    ],
                    "it": [
                      "Francia"
                    ],
                    "fr": [
                      "France"
                    ],
                    "nl": [
                      "Frankrijk"
                    ],
                    "es": [
                      "Francia"
                    ]
                  }
                }
              }
            }
          }
        }
      ],
      "schema:geo": {
        "@id": "https://data.datatourisme.fr/ed77f0c9-9719-3949-b81b-b94cc40ef70b",
        "schema:latitude": "41.525",
        "schema:longitude": "9.2715",
        "@type": [
          "schema:GeoCoordinates"
        ]
      },
      "schema:openingHoursSpecification": [
        {
          "@id": "https://data.datatourisme.fr/827a0a4c-9366-316b-b6e5-bda62a70287c",
          "schema:validFrom": "2023-04-22T00:00:00",
          "schema:validThrough": "2023-11-04T23:59:59",
          "@type": [
            "schema:OpeningHoursSpecification"
          ]
        }
      ],
      "@type": [
        "schema:Place",
        "Place"
      ]
    }
  ],
  "isOwnedBy": [
    {
      "@id": "https://data.datatourisme.fr/f5f950f9-5eec-32b4-a357-2c969ccf4068",
      "schema:email": [
        "camillef.omt@gmail.com",
        "direction@destination-sudcorse.com",
        "gestion@destination-sudcorse.com",
        "promotion@destination-sudcorse.com",
        "webmaster@destination-sudcorse.com"
      ],
      "schema:legalName": "Porto Vecchio Tourisme",
      "@type": [
        "schema:Organization",
        "foaf:Agent",
        "Agent"
      ],
      "foaf:homepage": [
        "http://www.ot-portovecchio.com/"
      ]
    }
  ],
  "lastUpdate": "2023-02-14",
  "lastUpdateDatatourisme": "2023-02-15T06:38:07.049Z",
  "offers": [
    {
      "@id": "https://data.datatourisme.fr/99dca4fd-f06f-3c72-9964-3f20a424a678",
      "schema:priceSpecification": [
        {
          "@id": "https://data.datatourisme.fr/92502051-6b41-39a3-806e-4001176f521e",
          "schema:maxPrice": [
            "90"
          ],
          "schema:minPrice": [
            "40"
          ],
          "schema:priceCurrency": "EUR",
          "@type": [
            "schema:PriceSpecification",
            "PriceSpecification"
          ],
          "appliesOnPeriod": [
            {
              "@id": "https://data.datatourisme.fr/41cff416-985b-34fe-b60c-ec9737b09ed6",
              "@type": [
                "Period"
              ],
              "endDate": "2023-11-04",
              "startDate": "2023-04-22"
            }
          ]
        }
      ],
      "@type": [
        "schema:Offer",
        "Offer"
      ]
    }
  ]
}