{
  "@id": "https://data.datatourisme.fr/13/5eb622e9-dfe0-3f40-945c-fb67a0ec47b6",
  "dc:identifier": "5695563",
  "@type": [
    "schema:Accommodation",
    "schema:LodgingBusiness",
    "Accommodation",
    "CollectiveAccommodation",
    "HolidayResort",
    "PlaceOfInterest",
    "PointOfInterest"
  ],
  "rdfs:comment": {
    "de": [
      "PREMIUM RESIDENCE PIERRE & VACANCES. Eingebettet in eine ruhige und geschützte Umgebung lädt Sie die kürzlich errichtete Premium-Residenz Les Terrasses d'Arsella zu einem einzigartigen und entspannenden Erlebnis inmitten der Natur ein."
    ],
    "en": [
      "PREMIUM STONE RESIDENCE & HOLIDAYS. Nestled in the heart of a quiet and preserved environment, the recent premium residence Les Terrasses d'Arsella invites you to live a unique and relaxing experience in the heart of nature."
    ],
    "it": [
      "RESIDENZA PREMIUM PIERRE & VACANCES. Immersa nel cuore di un ambiente tranquillo e preservato, la recente residenza premium Les Terrasses d'Arsella vi invita a vivere un'esperienza unica e rilassante in mezzo alla natura."
    ],
    "fr": [
      "RESIDENCE PREMIUM PIERRE & VACANCES. Nichée au cœur d'un environnement calme et préservé, la récente résidence premium Les Terrasses d'Arsella vous invite à vivre une expérience unique et relaxante en pleine nature."
    ],
    "es": [
      "RESIDENCIA PREMIUM PIERRE & VACANCES. Enclavada en el corazón de un entorno tranquilo y preservado, la reciente residencia premium Les Terrasses d'Arsella le invita a vivir una experiencia única y relajante en plena naturaleza."
    ],
    "nl": [
      "PREMIUM RESIDENTIE PIERRE & VACANCES. Genesteld in het hart van een kalme en behouden omgeving, nodigt de recente premium residentie Les Terrasses d'Arsella u uit voor een unieke en ontspannende ervaring midden in de natuur."
    ]
  },
  "rdfs:label": {
    "fr": [
      "Les Terrasses d'Arsella"
    ]
  },
  "hasBeenCreatedBy": {
    "@id": "https://data.datatourisme.fr/13/84c6494d-3085-3c63-a55c-db8cb047fadd",
    "dc:identifier": "1738",
    "schema:email": [
      "camillef.omt@gmail.com",
      "direction@destination-sudcorse.com",
      "gestion@destination-sudcorse.com",
      "promotion@destination-sudcorse.com",
      "webmaster@destination-sudcorse.com"
    ],
    "schema:legalName": "Porto Vecchio Tourisme",
    "@type": [
      "schema:Organization",
      "foaf:Agent",
      "Agent"
    ],
    "foaf:homepage": [
      "http://www.ot-portovecchio.com/"
    ]
  },
  "hasBeenPublishedBy": [
    {
      "@id": "https://data.datatourisme.fr/8a9feb4b-2cbd-3d2c-b507-bd6c6776b23b",
      "schema:legalName": "Apidae Tourisme Scic SA - source : Apidae Tourisme",
      "@type": [
        "schema:Organization",
        "foaf:Agent",
        "Agent"
      ],
      "foaf:homepage": [
        "https://www.apidae-tourisme.com/"
      ]
    }
  ],
  "hasContact": [
    {
      "@id": "https://data.datatourisme.fr/110b4012-3fb1-3142-bfac-a27f76155188",
      "schema:email": [
        "contact@residencearsella.com"
      ],
      "schema:telephone": [
        "+33 4 95 71 25 36"
      ],
      "@type": [
        "foaf:Agent",
        "Agent"
      ],
      "foaf:homepage": [
        "https://www.pierreetvacances.com/"
      ]
    }
  ],
  "hasDescription": [
    {
      "@id": "https://data.datatourisme.fr/439bdef4-1ceb-352b-9b9a-002baad87ac1",
      "@type": [
        "Description"
      ],
      "hasTranslatedProperty": [
        {
          "@id": "https://data.datatourisme.fr/5c0ab0e2-f8e8-33a6-aba4-a0803fba04ff",
          "dc:contributor": [
            "https://api.deepl.com/v2/translate"
          ],
          "rdf:language": [
            "nl"
          ],
          "rdf:predicate": [
            "shortDescription"
          ]
        },
        {
          "@id": "https://data.datatourisme.fr/7deb7a33-a439-39e9-89f3-e068a030be27",
          "dc:contributor": [
            "https://api.deepl.com/v2/translate"
          ],
          "rdf:language": [
            "es"
          ],
          "rdf:predicate": [
            "shortDescription"
          ]
        },
        {
          "@id": "https://data.datatourisme.fr/94e1b75b-9822-34ca-8ce8-2b3a584448bf",
          "dc:contributor": [
            "https://api.deepl.com/v2/translate"
          ],
          "rdf:language": [
            "en"
          ],
          "rdf:predicate": [
            "shortDescription"
          ]
        },
        {
          "@id": "https://data.datatourisme.fr/a47db417-c670-32d2-a47e-10017f6df407",
          "dc:contributor": [
            "https://api.deepl.com/v2/translate"
          ],
          "rdf:language": [
            "de"
          ],
          "rdf:predicate": [
            "shortDescription"
          ]
        },
        {
          "@id": "https://data.datatourisme.fr/b414ec3f-3073-353b-906b-ca4ad7b6aadd",
          "dc:contributor": [
            "https://api.deepl.com/v2/translate"
          ],
          "rdf:language": [
            "it"
          ],
          "rdf:predicate": [
            "shortDescription"
          ]
        }
      ],
      "shortDescription": {
        "de": [
          "PREMIUM RESIDENCE PIERRE & VACANCES. Eingebettet in eine ruhige und geschützte Umgebung lädt Sie die kürzlich errichtete Premium-Residenz Les Terrasses d'Arsella zu einem einzigartigen und entspannenden Erlebnis inmitten der Natur ein."
        ],
        "en": [
          "PREMIUM STONE RESIDENCE & HOLIDAYS. Nestled in the heart of a quiet and preserved environment, the recent premium residence Les Terrasses d'Arsella invites you to live a unique and relaxing experience in the heart of nature."
        ],
        "it": [
          "RESIDENZA PREMIUM PIERRE & VACANCES. Immersa nel cuore di un ambiente tranquillo e preservato, la recente residenza premium Les Terrasses d'Arsella vi invita a vivere un'esperienza unica e rilassante in mezzo alla natura."
        ],
        "fr": [
          "RESIDENCE PREMIUM PIERRE & VACANCES. Nichée au cœur d'un environnement calme et préservé, la récente résidence premium Les Terrasses d'Arsella vous invite à vivre une expérience unique et relaxante en pleine nature."
        ],
        "es": [
          "RESIDENCIA PREMIUM PIERRE & VACANCES. Enclavada en el corazón de un entorno tranquilo y preservado, la reciente residencia premium Les Terrasses d'Arsella le invita a vivir una experiencia única y relajante en plena naturaleza."
        ],
        "nl": [
          "PREMIUM RESIDENTIE PIERRE & VACANCES. Genesteld in het hart van een kalme en behouden omgeving, nodigt de recente premium residentie Les Terrasses d'Arsella u uit voor een unieke en ontspannende ervaring midden in de natuur."
        ]
      }
    }
  ],
  "hasTranslatedProperty": [
    {
      "@id": "https://data.datatourisme.fr/4ba21b33-268d-3f74-a7a4-5ff534c6db5d",
      "dc:contributor": [
        "https://api.deepl.com/v2/translate"
      ],
      "rdf:language": [
        "es"
      ],
      "rdf:predicate": [
        {
          "@id": "rdfs:comment"
        }
      ]
    },
    {
      "@id": "https://data.datatourisme.fr/69a9dc19-76a3-30c6-b589-4a9d427e7c9c",
      "dc:contributor": [
        "https://api.deepl.com/v2/translate"
      ],
      "rdf:language": [
        "en"
      ],
      "rdf:predicate": [
        {
          "@id": "rdfs:comment"
        }
      ]
    },
    {
      "@id": "https://data.datatourisme.fr/b3328441-b4ce-3420-8ce3-09ddf051c1f5",
      "dc:contributor": [
        "https://api.deepl.com/v2/translate"
      ],
      "rdf:language": [
        "nl"
      ],
      "rdf:predicate": [
        {
          "@id": "rdfs:comment"
        }
      ]
    },
    {
      "@id": "https://data.datatourisme.fr/f39b0987-bbad-3c0d-9a79-6b3fce94ed75",
      "dc:contributor": [
        "https://api.deepl.com/v2/translate"
      ],
      "rdf:language": [
        "it"
      ],
      "rdf:predicate": [
        {
          "@id": "rdfs:comment"
        }
      ]
    },
    {
      "@id": "https://data.datatourisme.fr/ff062ec0-67f0-3934-a34a-9ed63911a0ed",
      "dc:contributor": [
        "https://api.deepl.com/v2/translate"
      ],
      "rdf:language": [
        "de"
      ],
      "rdf:predicate": [
        {
          "@id": "rdfs:comment"
        }
      ]
    }
  ],
  "isLocatedAt": [
    {
      "@id": "https://data.datatourisme.fr/d16107a2-f4c7-3999-b136-2ffee76da43b",
      "schema:address": [
        {
          "@id": "https://data.datatourisme.fr/12ad36cc-b16f-3fbd-ab94-fe1d1880710d",
          "schema:addressLocality": "Lecci",
          "schema:postalCode": "20137",
          "schema:streetAddress": [
            "Route de Portovecchiaccio"
          ],
          "@type": [
            "schema:PostalAddress",
            "PostalAddress"
          ],
          "hasAddressCity": {
            "@id": "kb:2A139",
            "@type": [
              "City"
            ],
            "rdfs:label": {
              "en": [
                "Lecci"
              ],
              "fr": [
                "Lecci"
              ]
            },
            "insee": "2A139",
            "isPartOfDepartment": {
              "@id": "kb:France942A",
              "@type": [
                "Department"
              ],
              "rdfs:label": {
                "en": [
                  "Corse-du-Sud"
                ],
                "fr": [
                  "Corse-du-Sud"
                ]
              },
              "insee": "2A",
              "isPartOfRegion": {
                "@id": "kb:France94",
                "@type": [
                  "Region"
                ],
                "rdfs:label": {
                  "en": [
                    "Corse"
                  ],
                  "fr": [
                    "Corse"
                  ]
                },
                "insee": "94",
                "isPartOfCountry": {
                  "@id": "kb:France",
                  "@type": [
                    "schema:Country"
                  ],
                  "rdfs:label": {
                    "de": [
                      "Frankreich"
                    ],
                    "pt": [
                      "França"
                    ],
                    "en": [
                      "France"
                    ],
                    "it": [
                      "Francia"
                    ],
                    "fr": [
                      "France"
                    ],
                    "nl": [
                      "Frankrijk"
                    ],
                    "es": [
                      "Francia"
                    ]
                  }
                }
              }
            }
          }
        }
      ],
      "schema:geo": {
        "@id": "https://data.datatourisme.fr/54d3fb21-4a32-37e1-bb6e-d7aee40f9094",
        "schema:latitude": "41.661749",
        "schema:longitude": "9.322202",
        "@type": [
          "schema:GeoCoordinates"
        ]
      },
      "schema:openingHoursSpecification": [
        {
          "@id": "https://data.datatourisme.fr/5939f180-2748-30f0-b015-c9e25e79c589",
          "schema:validFrom": "2023-04-08T00:00:00",
          "schema:validThrough": "2023-11-04T23:59:59",
          "@type": [
            "schema:OpeningHoursSpecification"
          ],
          "additionalInformation": {
            "de": [
              "Montag, Dienstag, Mittwoch, Donnerstag, Freitag, Samstag, Sonntag: offen"
            ],
            "en": [
              "Monday, Tuesday, Wednesday, Thursday, Friday, Saturday, Sunday: open"
            ],
            "it": [
              "Lunedì, martedì, mercoledì, giovedì, venerdì, sabato, domenica: aperto"
            ],
            "fr": [
              "Lundi, Mardi, Mercredi, Jeudi, Vendredi, Samedi, Dimanche : ouvert"
            ],
            "nl": [
              "Maandag, dinsdag, woensdag, donderdag, vrijdag, zaterdag, zondag: open"
            ],
            "es": [
              "Lunes, martes, miércoles, jueves, viernes, sábado y domingo: abierto"
            ]
          },
          "hasTranslatedProperty": [
            {
              "@id": "https://data.datatourisme.fr/34fc3eec-f2fe-3333-86af-a35f7f0bfda0",
              "dc:contributor": [
                "https://api.deepl.com/v2/translate"
              ],
              "rdf:language": [
                "it"
              ],
              "rdf:predicate": [
                "additionalInformation"
              ]
            },
            {
              "@id": "https://data.datatourisme.fr/61667f0f-a747-3dfe-ba91-d7aafb350667",
              "dc:contributor": [
                "https://api.deepl.com/v2/translate"
              ],
              "rdf:language": [
                "es"
              ],
              "rdf:predicate": [
                "additionalInformation"
              ]
            },
            {
              "@id": "https://data.datatourisme.fr/a0ce9f32-c9c2-3005-ad48-57f27603e075",
              "dc:contributor": [
                "https://api.deepl.com/v2/translate"
              ],
              "rdf:language": [
                "nl"
              ],
              "rdf:predicate": [
                "additionalInformation"
              ]
            },
            {
              "@id": "https://data.datatourisme.fr/a9e24d6b-baca-3ed5-a315-43a48eba64ec",
              "dc:contributor": [
                "https://api.deepl.com/v2/translate"
              ],
              "rdf:language": [
                "de"
              ],
              "rdf:predicate": [
                "additionalInformation"
              ]
            },
            {
              "@id": "https://data.datatourisme.fr/aab2d03f-a64d-31b5-9123-e262499be415",
              "dc:contributor": [
                "https://api.deepl.com/v2/translate"
              ],
              "rdf:language": [
                "en"
              ],
              "rdf:predicate": [
                "additionalInformation"
              ]
            }
          ]
        }
      ],
      "@type": [
        "schema:Place",
        "Place"
      ]
    }
  ],
  "isOwnedBy": [
    {
      "@id": "https://data.datatourisme.fr/f5f950f9-5eec-32b4-a357-2c969ccf4068",
      "schema:email": [
        "camillef.omt@gmail.com",
        "direction@destination-sudcorse.com",
        "gestion@destination-sudcorse.com",
        "promotion@destination-sudcorse.com",
        "webmaster@destination-sudcorse.com"
      ],
      "schema:legalName": "Porto Vecchio Tourisme",
      "@type": [
        "schema:Organization",
        "foaf:Agent",
        "Agent"
      ],
      "foaf:homepage": [
        "http://www.ot-portovecchio.com/"
      ]
    }
  ],
  "lastUpdate": "2023-02-15",
  "lastUpdateDatatourisme": "2023-02-16T06:39:42.002Z"
}