{
  "@id": "https://data.datatourisme.fr/13/1d317cc9-dff2-3c54-9995-a58145ec4cad",
  "dc:identifier": "5323630",
  "@type": [
    "CityHeritage",
    "CulturalSite",
    "PlaceOfInterest",
    "PointOfInterest"
  ],
  "rdfs:comment": {
    "de": [
      "Monticello ist ein malerisches, von Olivenbäumen umgebenes kleines Dorf, das um einen hübschen kleinen Platz herum gebaut wurde, der seinen Einwohnern so sehr am Herzen liegt. Sie finden sie beim Boulespielen oder bei einem kühlen Getränk auf der Terrasse der Dorfbar."
    ],
    "en": [
      "Monticello is a small, picturesque village built amid olive trees around a lovely little square where the locals love to gather for a game of boules or to sip a cool beverage on the terrace of the bar."
    ],
    "it": [
      "Monticello è un pittoresco paesino circondato da ulivi e costruito intorno a una graziosa piazzetta tanto cara ai suoi abitanti. Li troverete nel bel mezzo di una partita di pétanque o a sorseggiare una bevanda fresca sulla terrazza del bar del villaggio."
    ],
    "fr": [
      "Monticello est un petit village pittoresque entouré d’oliviers construit autour d’une jolie petite place si chère à ses habitants. Vous les trouverez au milieu d’une partie de pétanque ou savourant un verre frais, à la terrasse du bar du village."
    ],
    "nl": [
      "Monticello is een schilderachtig dorpje omringd door olijfbomen en gebouwd rond een mooi pleintje dat de inwoners zo dierbaar is. U vindt ze midden in een spelletje petanque of genietend van een koel drankje op het terras van de dorpsbar."
    ],
    "es": [
      "Monticello es un pintoresco pueblecito rodeado de olivos y construido en torno a una bonita plaza tan querida por sus habitantes. Los encontrará en medio de una partida de petanca o disfrutando de una bebida fresca en la terraza del bar del pueblo."
    ]
  },
  "rdfs:label": {
    "fr": [
      "Monticello"
    ]
  },
  "owl:sameAs": [
    "http://www.wikidata.org/entity/Q654000"
  ],
  "hasBeenCreatedBy": {
    "@id": "https://data.datatourisme.fr/13/8d420fa3-5754-31f1-8199-69c88780314d",
    "dc:identifier": "1647",
    "schema:email": [
      "web@ileroussetourisme.com"
    ],
    "schema:legalName": "Office de Tourisme Intercommunal de L'Ile Rousse-Balagne",
    "@type": [
      "schema:Organization",
      "foaf:Agent",
      "Agent"
    ],
    "foaf:homepage": [
      "https://www.balagne-corsica.com/"
    ]
  },
  "hasBeenPublishedBy": [
    {
      "@id": "https://data.datatourisme.fr/8a9feb4b-2cbd-3d2c-b507-bd6c6776b23b",
      "schema:legalName": "Apidae Tourisme Scic SA - source : Apidae Tourisme",
      "@type": [
        "schema:Organization",
        "foaf:Agent",
        "Agent"
      ],
      "foaf:homepage": [
        "https://www.apidae-tourisme.com/"
      ]
    }
  ],
  "hasContact": [
    {
      "@id": "https://data.datatourisme.fr/7683406e-6277-39f7-bfb8-7ce6d1bf57e4",
      "schema:email": [
        "mairie-de-monticello@wanadoo.fr"
      ],
      "schema:telephone": [
        "+33 4 95 60 05 71"
      ],
      "@type": [
        "foaf:Agent",
        "Agent"
      ],
      "foaf:homepage": [
        "http://www.monticello.fr/"
      ]
    }
  ],
  "hasDescription": [
    {
      "@id": "https://data.datatourisme.fr/7d6d9c45-3670-39c1-b33b-ee8758229220",
      "@type": [
        "Description"
      ],
      "hasTranslatedProperty": [
        {
          "@id": "https://data.datatourisme.fr/124a3671-614e-3972-b55d-602ada15db11",
          "dc:contributor": [
            "https://api.deepl.com/v2/translate"
          ],
          "rdf:language": [
            "es"
          ],
          "rdf:predicate": [
            "shortDescription"
          ]
        },
        {
          "@id": "https://data.datatourisme.fr/a874b6d2-b42e-3d13-9b6e-7bbdb493d048",
          "dc:contributor": [
            "https://api.deepl.com/v2/translate"
          ],
          "rdf:language": [
            "nl"
          ],
          "rdf:predicate": [
            "shortDescription"
          ]
        },
        {
          "@id": "https://data.datatourisme.fr/b8033cd7-4c0d-3150-b88d-5a2fc00f9bc0",
          "dc:contributor": [
            "https://api.deepl.com/v2/translate"
          ],
          "rdf:language": [
            "de"
          ],
          "rdf:predicate": [
            "shortDescription"
          ]
        },
        {
          "@id": "https://data.datatourisme.fr/fc1a156c-0438-3e77-830b-afefe328435d",
          "dc:contributor": [
            "https://api.deepl.com/v2/translate"
          ],
          "rdf:language": [
            "it"
          ],
          "rdf:predicate": [
            "shortDescription"
          ]
        }
      ],
      "shortDescription": {
        "de": [
          "Monticello ist ein malerisches, von Olivenbäumen umgebenes kleines Dorf, das um einen hübschen kleinen Platz herum gebaut wurde, der seinen Einwohnern so sehr am Herzen liegt. Sie finden sie beim Boulespielen oder bei einem kühlen Getränk auf der Terrasse der Dorfbar."
        ],
        "en": [
          "Monticello is a small, picturesque village built amid olive trees around a lovely little square where the locals love to gather for a game of boules or to sip a cool beverage on the terrace of the bar."
        ],
        "it": [
          "Monticello è un pittoresco paesino circondato da ulivi e costruito intorno a una graziosa piazzetta tanto cara ai suoi abitanti. Li troverete nel bel mezzo di una partita di pétanque o a sorseggiare una bevanda fresca sulla terrazza del bar del villaggio."
        ],
        "fr": [
          "Monticello est un petit village pittoresque entouré d’oliviers construit autour d’une jolie petite place si chère à ses habitants. Vous les trouverez au milieu d’une partie de pétanque ou savourant un verre frais, à la terrasse du bar du village."
        ],
        "nl": [
          "Monticello is een schilderachtig dorpje omringd door olijfbomen en gebouwd rond een mooi pleintje dat de inwoners zo dierbaar is. U vindt ze midden in een spelletje petanque of genietend van een koel drankje op het terras van de dorpsbar."
        ],
        "es": [
          "Monticello es un pintoresco pueblecito rodeado de olivos y construido en torno a una bonita plaza tan querida por sus habitantes. Los encontrará en medio de una partida de petanca o disfrutando de una bebida fresca en la terraza del bar del pueblo."
        ]
      }
    }
  ],
  "hasRepresentation": [
    {
      "@id": "https://data.datatourisme.fr/d3c99a8b-a6e9-38fb-ba02-71bf28de7e7e",
      "ebucore:hasAnnotation": [
        {
          "@id": "https://data.datatourisme.fr/1115bbb3-ca5c-3dd9-a43b-a027379c717c",
          "ebucore:isCoveredBy": "CC BY-SA 3.0",
          "ebucore:title": [
            "Monticello-3"
          ],
          "@type": [
            "ebucore:Annotation"
          ],
          "credits": [
            "Pierre Bona (https://commons.wikimedia.org/wiki/User:Pierre_Bona)"
          ]
        }
      ],
      "ebucore:hasRelatedResource": [
        {
          "@id": "https://data.datatourisme.fr/91651850-7cf8-3a71-a10e-88fc433e70ca",
          "ebucore:fileSize": [
            6357206
          ],
          "ebucore:hasMimeType": [
            {
              "@id": "kb:JPEG",
              "@type": [
                "ebucore:MimeType"
              ],
              "rdfs:comment": {
                "de": [
                  "JPEG-Bild"
                ],
                "pt": [
                  "Imagem JPEG"
                ],
                "en": [
                  "JPEG image file"
                ],
                "it": [
                  "Immagine JPEG"
                ],
                "fr": [
                  "Image JPEG"
                ],
                "nl": [
                  "JPEG-afbeelding"
                ],
                "es": [
                  "Imagen JPEG"
                ]
              },
              "rdfs:label": {
                "de": [
                  "image/jpeg"
                ],
                "pt": [
                  "image/jpeg"
                ],
                "en": [
                  "image/jpeg"
                ],
                "it": [
                  "image/jpeg"
                ],
                "fr": [
                  "image/jpeg"
                ],
                "nl": [
                  "image/jpeg"
                ],
                "es": [
                  "image/jpeg"
                ]
              }
            }
          ],
          "ebucore:height": 2352,
          "ebucore:locator": [
            "https://upload.wikimedia.org/wikipedia/commons/5/52/Monticello-3.jpg"
          ],
          "ebucore:width": 3136,
          "@type": [
            "ebucore:Resource"
          ]
        }
      ],
      "@type": [
        "ebucore:EditorialObject"
      ]
    }
  ],
  "hasTheme": [
    {
      "@id": "kb:Culture",
      "@type": [
        "CulturalTheme"
      ],
      "rdfs:label": {
        "de": [
          "Kultur"
        ],
        "pt": [
          "Cultura"
        ],
        "en": [
          "Culture"
        ],
        "it": [
          "Cultura"
        ],
        "fr": [
          "Culture"
        ],
        "nl": [
          "Cultuur"
        ],
        "es": [
          "Cultura"
        ]
      }
    }
  ],
  "hasTranslatedProperty": [
    {
      "@id": "https://data.datatourisme.fr/08e543db-506a-3d5b-8243-26ae6bb45f42",
      "dc:contributor": [
        "https://api.deepl.com/v2/translate"
      ],
      "rdf:language": [
        "nl"
      ],
      "rdf:predicate": [
        {
          "@id": "rdfs:comment"
        }
      ]
    },
    {
      "@id": "https://data.datatourisme.fr/228e1b38-e228-3af2-8953-5c775a59b148",
      "dc:contributor": [
        "https://api.deepl.com/v2/translate"
      ],
      "rdf:language": [
        "it"
      ],
      "rdf:predicate": [
        {
          "@id": "rdfs:comment"
        }
      ]
    },
    {
      "@id": "https://data.datatourisme.fr/5b43ae2c-af75-3342-9cec-1c22bbfc07bc",
      "dc:contributor": [
        "https://api.deepl.com/v2/translate"
      ],
      "rdf:language": [
        "es"
      ],
      "rdf:predicate": [
        {
          "@id": "rdfs:comment"
        }
      ]
    },
    {
      "@id": "https://data.datatourisme.fr/cece40fc-ab73-3a49-86d3-119f2dbf3e0d",
      "dc:contributor": [
        "https://api.deepl.com/v2/translate"
      ],
      "rdf:language": [
        "de"
      ],
      "rdf:predicate": [
        {
          "@id": "rdfs:comment"
        }
      ]
    }
  ],
  "isLocatedAt": [
    {
      "@id": "https://data.datatourisme.fr/b9e742f6-5add-3182-8dff-fa4dce3ad36d",
      "schema:address": [
        {
          "@id": "https://data.datatourisme.fr/17cb53b6-afca-36a2-852e-09429eaf8eaf",
          "schema:addressLocality": "Monticello",
          "schema:postalCode": "20220",
          "@type": [
            "schema:PostalAddress",
            "PostalAddress"
          ],
          "hasAddressCity": {
            "@id": "kb:2B168",
            "@type": [
              "City"
            ],
            "rdfs:label": {
              "en": [
                "Monticello"
              ],
              "fr": [
                "Monticello"
              ]
            },
            "insee": "2B168",
            "isPartOfDepartment": {
              "@id": "kb:France942B",
              "@type": [
                "Department"
              ],
              "rdfs:label": {
                "en": [
                  "Haute-Corse"
                ],
                "fr": [
                  "Haute-Corse"
                ]
              },
              "insee": "2B",
              "isPartOfRegion": {
                "@id": "kb:France94",
                "@type": [
                  "Region"
                ],
                "rdfs:label": {
                  "en": [
                    "Corse"
                  ],
                  "fr": [
                    "Corse"
                  ]
                },
                "insee": "94",
                "isPartOfCountry": {
                  "@id": "kb:France",
                  "@type": [
                    "schema:Country"
                  ],
                  "rdfs:label": {
                    "de": [
                      "Frankreich"
                    ],
                    "pt": [
                      "França"
                    ],
                    "en": [
                      "France"
                    ],
                    "it": [
                      "Francia"
                    ],
                    "fr": [
                      "France"
                    ],
                    "nl": [
                      "Frankrijk"
                    ],
                    "es": [
                      "Francia"
                    ]
                  }
                }
              }
            }
          }
        }
      ],
      "schema:geo": {
        "@id": "https://data.datatourisme.fr/2ebe6bdc-0883-3c54-945e-f0397810639b",
        "schema:latitude": "42.616495",
        "schema:longitude": "8.953982",
        "@type": [
          "schema:GeoCoordinates"
        ]
      },
      "schema:openingHoursSpecification": [
        {
          "@id": "https://data.datatourisme.fr/f87e535a-636d-3343-ad63-8a03392e7511",
          "schema:validFrom": "2023-01-01T00:00:00",
          "schema:validThrough": "2023-12-31T23:59:59",
          "@type": [
            "schema:OpeningHoursSpecification"
          ]
        }
      ],
      "@type": [
        "schema:Place",
        "Place"
      ]
    }
  ],
  "isOwnedBy": [
    {
      "@id": "https://data.datatourisme.fr/252af22a-253d-33df-b9d7-204832749402",
      "schema:email": [
        "web@ileroussetourisme.com"
      ],
      "schema:legalName": "Office de Tourisme Intercommunal de L'Ile Rousse-Balagne",
      "@type": [
        "schema:Organization",
        "foaf:Agent",
        "Agent"
      ],
      "foaf:homepage": [
        "https://www.balagne-corsica.com/"
      ]
    }
  ],
  "lastUpdate": "2021-01-06",
  "lastUpdateDatatourisme": "2023-02-22T06:42:37.757Z"
}