{
  "@id": "https://data.datatourisme.fr/13/558de37f-8761-3932-a327-368686999675",
  "dc:identifier": "4994252",
  "@type": [
    "PlaceOfInterest",
    "PointOfInterest",
    "SportsAndLeisurePlace"
  ],
  "rdfs:comment": {
    "de": [
      "Calvi...cità paradisu\r\nDie Stadt entdecken und dabei so viel Schönheit und Charme in einer einzigen Stadt genießen... Lassen Sie sich bei einem Spaziergang durch die gemütlichen Viertel des Stadtzentrums von Calvi oder die engen Gassen der Zitadelle führen"
    ],
    "en": [
      "Calvi...cità paradisu\r\nExplore Calvi and enjoy more than enough beauty and charm for a single town... Wander at will through the inviting districts of Calvi town centre or along the narrow little streets of the citadel"
    ],
    "it": [
      "Calvi... cità paradisu\r\nScopri la città approfittando di tanta bellezza e fascino all'interno di un'unica città... Lasciati guidare mentre cammini per gli accoglienti quartieri del centro di Calvi o per i vicoli della cittadella"
    ],
    "fr": [
      "Calvi...cità paradisu\r\nDécouvrir la ville en profitant de tant de beauté et de charme au sein d’une seule cité… Laissez- vous guider au gré de votre promenade dans les quartiers accueillants du centre ville de Calvi ou les ruelles étroites de la citadelle"
    ],
    "nl": [
      "Calvi...cità paradisu\r\nOntdek de stad en geniet van zoveel schoonheid en charme in één stad... Laat u leiden door de gastvrije wijken van het centrum van Calvi of door de smalle straatjes van de citadel"
    ],
    "es": [
      "Calvi...cità paradisu\r\nDescubra la ciudad y disfrute de tanta belleza y encanto en una sola ciudad... Déjese guiar por los acogedores barrios del centro de Calvi o por las estrechas calles de la ciudadela"
    ]
  },
  "rdfs:label": {
    "en": [
      "Visit of the City of Calvi ... the big tour!"
    ],
    "it": [
      "Visita della città di Calvi... il grand' giro!"
    ],
    "fr": [
      "Visite de la Ville de Calvi... le grand tour !"
    ]
  },
  "hasBeenCreatedBy": {
    "@id": "https://data.datatourisme.fr/13/e4873aa9-a05c-35ed-8395-61d121516766",
    "dc:identifier": "1646",
    "schema:email": [
      "info@balagne-corsica.com"
    ],
    "schema:legalName": "Office de Tourisme Intercommunal Calvi - Balagne",
    "@type": [
      "schema:Organization",
      "foaf:Agent",
      "Agent"
    ],
    "foaf:homepage": [
      "https://www.balagne-corsica.com/"
    ]
  },
  "hasBeenPublishedBy": [
    {
      "@id": "https://data.datatourisme.fr/8a9feb4b-2cbd-3d2c-b507-bd6c6776b23b",
      "schema:legalName": "Apidae Tourisme Scic SA - source : Apidae Tourisme",
      "@type": [
        "schema:Organization",
        "foaf:Agent",
        "Agent"
      ],
      "foaf:homepage": [
        "https://www.apidae-tourisme.com/"
      ]
    }
  ],
  "hasContact": [
    {
      "@id": "https://data.datatourisme.fr/f9dfe619-5703-3911-b065-e3be2d457112",
      "schema:email": [
        "tourisme@balagne-corsica.com"
      ],
      "schema:telephone": [
        "+33 4 95 38 33 93",
        "+33 4 95 65 16 67"
      ],
      "@type": [
        "foaf:Agent",
        "Agent"
      ],
      "foaf:homepage": [
        "https://www.balagne-corsica.com/"
      ]
    }
  ],
  "hasDescription": [
    {
      "@id": "https://data.datatourisme.fr/7a49cdad-26d9-329a-ab5a-857f2b5cda00",
      "@type": [
        "Description"
      ],
      "hasTranslatedProperty": [
        {
          "@id": "https://data.datatourisme.fr/02d0e4c1-6c82-3e5d-8514-90d058fd452c",
          "dc:contributor": [
            "https://api.deepl.com/v2/translate"
          ],
          "rdf:language": [
            "de"
          ],
          "rdf:predicate": [
            "shortDescription"
          ]
        },
        {
          "@id": "https://data.datatourisme.fr/34112f4c-d0d8-3f28-96c8-829f6fc3c5e7",
          "dc:contributor": [
            "https://api.deepl.com/v2/translate"
          ],
          "rdf:language": [
            "es"
          ],
          "rdf:predicate": [
            "shortDescription"
          ]
        },
        {
          "@id": "https://data.datatourisme.fr/79f2f486-977b-3546-9a5d-1013200b48e9",
          "dc:contributor": [
            "https://api.deepl.com/v2/translate"
          ],
          "rdf:language": [
            "nl"
          ],
          "rdf:predicate": [
            "shortDescription"
          ]
        }
      ],
      "shortDescription": {
        "de": [
          "Calvi...cità paradisu\r\nDie Stadt entdecken und dabei so viel Schönheit und Charme in einer einzigen Stadt genießen... Lassen Sie sich bei einem Spaziergang durch die gemütlichen Viertel des Stadtzentrums von Calvi oder die engen Gassen der Zitadelle führen"
        ],
        "en": [
          "Calvi...cità paradisu\r\nExplore Calvi and enjoy more than enough beauty and charm for a single town... Wander at will through the inviting districts of Calvi town centre or along the narrow little streets of the citadel"
        ],
        "it": [
          "Calvi... cità paradisu\r\nScopri la città approfittando di tanta bellezza e fascino all'interno di un'unica città... Lasciati guidare mentre cammini per gli accoglienti quartieri del centro di Calvi o per i vicoli della cittadella"
        ],
        "fr": [
          "Calvi...cità paradisu\r\nDécouvrir la ville en profitant de tant de beauté et de charme au sein d’une seule cité… Laissez- vous guider au gré de votre promenade dans les quartiers accueillants du centre ville de Calvi ou les ruelles étroites de la citadelle"
        ],
        "nl": [
          "Calvi...cità paradisu\r\nOntdek de stad en geniet van zoveel schoonheid en charme in één stad... Laat u leiden door de gastvrije wijken van het centrum van Calvi of door de smalle straatjes van de citadel"
        ],
        "es": [
          "Calvi...cità paradisu\r\nDescubra la ciudad y disfrute de tanta belleza y encanto en una sola ciudad... Déjese guiar por los acogedores barrios del centro de Calvi o por las estrechas calles de la ciudadela"
        ]
      }
    }
  ],
  "hasTranslatedProperty": [
    {
      "@id": "https://data.datatourisme.fr/43cf0976-fa0c-3219-bbce-065be50f0829",
      "dc:contributor": [
        "https://api.deepl.com/v2/translate"
      ],
      "rdf:language": [
        "nl"
      ],
      "rdf:predicate": [
        {
          "@id": "rdfs:comment"
        }
      ]
    },
    {
      "@id": "https://data.datatourisme.fr/8627b1db-062e-3dea-aeeb-816ec333eae2",
      "dc:contributor": [
        "https://api.deepl.com/v2/translate"
      ],
      "rdf:language": [
        "es"
      ],
      "rdf:predicate": [
        {
          "@id": "rdfs:comment"
        }
      ]
    },
    {
      "@id": "https://data.datatourisme.fr/ceebabc1-fc73-302e-9d4f-05a205f0cf1f",
      "dc:contributor": [
        "https://api.deepl.com/v2/translate"
      ],
      "rdf:language": [
        "de"
      ],
      "rdf:predicate": [
        {
          "@id": "rdfs:comment"
        }
      ]
    }
  ],
  "isLocatedAt": [
    {
      "@id": "https://data.datatourisme.fr/f4bbfb09-cd11-3784-b80e-f0fb3653302a",
      "schema:address": [
        {
          "@id": "https://data.datatourisme.fr/fb11d4ad-2908-39dc-9cfc-a3389d1f3d87",
          "schema:addressLocality": "Calvi",
          "schema:postalCode": "20260",
          "@type": [
            "schema:PostalAddress",
            "PostalAddress"
          ],
          "hasAddressCity": {
            "@id": "kb:2B050",
            "@type": [
              "City"
            ],
            "rdfs:label": {
              "en": [
                "Calvi"
              ],
              "fr": [
                "Calvi"
              ]
            },
            "insee": "2B050",
            "isPartOfDepartment": {
              "@id": "kb:France942B",
              "@type": [
                "Department"
              ],
              "rdfs:label": {
                "en": [
                  "Haute-Corse"
                ],
                "fr": [
                  "Haute-Corse"
                ]
              },
              "insee": "2B",
              "isPartOfRegion": {
                "@id": "kb:France94",
                "@type": [
                  "Region"
                ],
                "rdfs:label": {
                  "en": [
                    "Corse"
                  ],
                  "fr": [
                    "Corse"
                  ]
                },
                "insee": "94",
                "isPartOfCountry": {
                  "@id": "kb:France",
                  "@type": [
                    "schema:Country"
                  ],
                  "rdfs:label": {
                    "de": [
                      "Frankreich"
                    ],
                    "pt": [
                      "França"
                    ],
                    "en": [
                      "France"
                    ],
                    "it": [
                      "Francia"
                    ],
                    "fr": [
                      "France"
                    ],
                    "nl": [
                      "Frankrijk"
                    ],
                    "es": [
                      "Francia"
                    ]
                  }
                }
              }
            }
          }
        }
      ],
      "schema:geo": {
        "@id": "https://data.datatourisme.fr/c9567109-f60f-3183-938f-cb8ec81fc324",
        "schema:latitude": "42.565077",
        "schema:longitude": "8.756335",
        "@type": [
          "schema:GeoCoordinates"
        ]
      },
      "schema:openingHoursSpecification": [
        {
          "@id": "https://data.datatourisme.fr/f87e535a-636d-3343-ad63-8a03392e7511",
          "schema:validFrom": "2023-01-01T00:00:00",
          "schema:validThrough": "2023-12-31T23:59:59",
          "@type": [
            "schema:OpeningHoursSpecification"
          ]
        }
      ],
      "@type": [
        "schema:Place",
        "Place"
      ]
    }
  ],
  "isOwnedBy": [
    {
      "@id": "https://data.datatourisme.fr/194c52e6-bbae-33dc-8464-caca97844fbb",
      "schema:email": [
        "info@balagne-corsica.com"
      ],
      "schema:legalName": "Office de Tourisme Intercommunal Calvi - Balagne",
      "@type": [
        "schema:Organization",
        "foaf:Agent",
        "Agent"
      ],
      "foaf:homepage": [
        "https://www.balagne-corsica.com/"
      ]
    }
  ],
  "lastUpdate": "2022-03-29",
  "lastUpdateDatatourisme": "2023-02-01T18:07:36.101Z"
}