{
  "@id": "https://data.datatourisme.fr/13/55092da4-4ea4-37b2-a8fd-1f615da4f575",
  "dc:identifier": "5079340",
  "schema:endDate": [
    "2023-10-31"
  ],
  "schema:startDate": [
    "2023-10-23"
  ],
  "@type": [
    "schema:Event",
    "schema:MusicEvent",
    "Concert",
    "CulturalEvent",
    "EntertainmentAndEvent",
    "PointOfInterest"
  ],
  "rdfs:comment": {
    "de": [
      "Das Orchestre National Petites Mains Symphoniques organisiert die 4. Ausgabe des Festivals Benistà Étoiles Symphoniques en Balagne."
    ],
    "en": [
      "The National Orchestra Petites Mains Symphoniques organizes the 4th edition of the Benistà Festival Étoiles Symphoniques in Balagne."
    ],
    "it": [
      "L'Orchestra Nazionale Petites Mains Symphoniques organizza la quarta edizione del Festival Étoiles Symphoniques di Benistà in Balagne."
    ],
    "fr": [
      "L’Orchestre National Petites Mains Symphoniques organise la 4ème édition du Festival Benistà Étoiles Symphoniques en Balagne."
    ],
    "es": [
      "La Orquesta Nacional Petites Mains Symphoniques organiza la 4ª edición del Festival Étoiles Symphoniques de Benistà en Balagne."
    ],
    "nl": [
      "Het Nationaal Orkest Petites Mains Symphoniques organiseert de 4e editie van het Benistà Festival Étoiles Symphoniques in Balagne."
    ]
  },
  "rdfs:label": {
    "fr": [
      "4e Festival Benistà des étoiles symphoniques"
    ]
  },
  "hasBeenCreatedBy": {
    "@id": "https://data.datatourisme.fr/13/8d420fa3-5754-31f1-8199-69c88780314d",
    "dc:identifier": "1647",
    "schema:email": [
      "web@ileroussetourisme.com"
    ],
    "schema:legalName": "Office de Tourisme Intercommunal de L'Ile Rousse-Balagne",
    "@type": [
      "schema:Organization",
      "foaf:Agent",
      "Agent"
    ],
    "foaf:homepage": [
      "https://www.balagne-corsica.com/"
    ]
  },
  "hasBeenPublishedBy": [
    {
      "@id": "https://data.datatourisme.fr/8a9feb4b-2cbd-3d2c-b507-bd6c6776b23b",
      "schema:legalName": "Apidae Tourisme Scic SA - source : Apidae Tourisme",
      "@type": [
        "schema:Organization",
        "foaf:Agent",
        "Agent"
      ],
      "foaf:homepage": [
        "https://www.apidae-tourisme.com/"
      ]
    }
  ],
  "hasContact": [
    {
      "@id": "https://data.datatourisme.fr/b9711bd6-57dd-311e-bee3-f84d334c7087",
      "schema:email": [
        "contact@petitesmainssymphoniques.com"
      ],
      "schema:telephone": [
        "+33 6 60 17 99 94"
      ],
      "@type": [
        "foaf:Agent",
        "Agent"
      ],
      "foaf:homepage": [
        "https://www.petitesmainssymphoniques.com/"
      ]
    }
  ],
  "hasDescription": [
    {
      "@id": "https://data.datatourisme.fr/9517ff55-7ffe-3de8-9dcc-2e39c4d672c4",
      "@type": [
        "Description"
      ],
      "hasTranslatedProperty": [
        {
          "@id": "https://data.datatourisme.fr/48102970-abed-389e-a7c9-63b51fe23d3b",
          "dc:contributor": [
            "https://api.deepl.com/v2/translate"
          ],
          "rdf:language": [
            "de"
          ],
          "rdf:predicate": [
            "shortDescription"
          ]
        },
        {
          "@id": "https://data.datatourisme.fr/84c75161-92e0-3e59-9749-7f47a2632a9a",
          "dc:contributor": [
            "https://api.deepl.com/v2/translate"
          ],
          "rdf:language": [
            "it"
          ],
          "rdf:predicate": [
            "shortDescription"
          ]
        },
        {
          "@id": "https://data.datatourisme.fr/8716e0d9-0641-3962-9efa-7e06cba5c403",
          "dc:contributor": [
            "https://api.deepl.com/v2/translate"
          ],
          "rdf:language": [
            "nl"
          ],
          "rdf:predicate": [
            "shortDescription"
          ]
        },
        {
          "@id": "https://data.datatourisme.fr/a7f7d683-04fa-3f1a-8205-e6ce9ea87c73",
          "dc:contributor": [
            "https://api.deepl.com/v2/translate"
          ],
          "rdf:language": [
            "es"
          ],
          "rdf:predicate": [
            "shortDescription"
          ]
        },
        {
          "@id": "https://data.datatourisme.fr/e75fdb31-276e-341f-8257-8485a9cc0d48",
          "dc:contributor": [
            "https://api.deepl.com/v2/translate"
          ],
          "rdf:language": [
            "en"
          ],
          "rdf:predicate": [
            "shortDescription"
          ]
        }
      ],
      "shortDescription": {
        "de": [
          "Das Orchestre National Petites Mains Symphoniques organisiert die 4. Ausgabe des Festivals Benistà Étoiles Symphoniques en Balagne."
        ],
        "en": [
          "The National Orchestra Petites Mains Symphoniques organizes the 4th edition of the Benistà Festival Étoiles Symphoniques in Balagne."
        ],
        "it": [
          "L'Orchestra Nazionale Petites Mains Symphoniques organizza la quarta edizione del Festival Étoiles Symphoniques di Benistà in Balagne."
        ],
        "fr": [
          "L’Orchestre National Petites Mains Symphoniques organise la 4ème édition du Festival Benistà Étoiles Symphoniques en Balagne."
        ],
        "es": [
          "La Orquesta Nacional Petites Mains Symphoniques organiza la 4ª edición del Festival Étoiles Symphoniques de Benistà en Balagne."
        ],
        "nl": [
          "Het Nationaal Orkest Petites Mains Symphoniques organiseert de 4e editie van het Benistà Festival Étoiles Symphoniques in Balagne."
        ]
      }
    }
  ],
  "hasTranslatedProperty": [
    {
      "@id": "https://data.datatourisme.fr/33e33381-c21e-328c-8280-36c8a3686bb5",
      "dc:contributor": [
        "https://api.deepl.com/v2/translate"
      ],
      "rdf:language": [
        "nl"
      ],
      "rdf:predicate": [
        {
          "@id": "rdfs:comment"
        }
      ]
    },
    {
      "@id": "https://data.datatourisme.fr/3c50f694-a7eb-3a9d-833d-34245e963ae9",
      "dc:contributor": [
        "https://api.deepl.com/v2/translate"
      ],
      "rdf:language": [
        "es"
      ],
      "rdf:predicate": [
        {
          "@id": "rdfs:comment"
        }
      ]
    },
    {
      "@id": "https://data.datatourisme.fr/a7c3a25f-bcfd-3cb1-938c-44947131a595",
      "dc:contributor": [
        "https://api.deepl.com/v2/translate"
      ],
      "rdf:language": [
        "en"
      ],
      "rdf:predicate": [
        {
          "@id": "rdfs:comment"
        }
      ]
    },
    {
      "@id": "https://data.datatourisme.fr/f856a4c5-6d33-37eb-b74b-d6830b120af7",
      "dc:contributor": [
        "https://api.deepl.com/v2/translate"
      ],
      "rdf:language": [
        "de"
      ],
      "rdf:predicate": [
        {
          "@id": "rdfs:comment"
        }
      ]
    },
    {
      "@id": "https://data.datatourisme.fr/faf48c33-e35f-351c-9700-7ff300a81928",
      "dc:contributor": [
        "https://api.deepl.com/v2/translate"
      ],
      "rdf:language": [
        "it"
      ],
      "rdf:predicate": [
        {
          "@id": "rdfs:comment"
        }
      ]
    }
  ],
  "isLocatedAt": [
    {
      "@id": "https://data.datatourisme.fr/66225f12-779d-3c16-aece-e6c61daa21ac",
      "schema:address": [
        {
          "@id": "https://data.datatourisme.fr/fb11d4ad-2908-39dc-9cfc-a3389d1f3d87",
          "schema:addressLocality": "Calvi",
          "schema:postalCode": "20260",
          "@type": [
            "schema:PostalAddress",
            "PostalAddress"
          ],
          "hasAddressCity": {
            "@id": "kb:2B050",
            "@type": [
              "City"
            ],
            "rdfs:label": {
              "en": [
                "Calvi"
              ],
              "fr": [
                "Calvi"
              ]
            },
            "insee": "2B050",
            "isPartOfDepartment": {
              "@id": "kb:France942B",
              "@type": [
                "Department"
              ],
              "rdfs:label": {
                "en": [
                  "Haute-Corse"
                ],
                "fr": [
                  "Haute-Corse"
                ]
              },
              "insee": "2B",
              "isPartOfRegion": {
                "@id": "kb:France94",
                "@type": [
                  "Region"
                ],
                "rdfs:label": {
                  "en": [
                    "Corse"
                  ],
                  "fr": [
                    "Corse"
                  ]
                },
                "insee": "94",
                "isPartOfCountry": {
                  "@id": "kb:France",
                  "@type": [
                    "schema:Country"
                  ],
                  "rdfs:label": {
                    "de": [
                      "Frankreich"
                    ],
                    "pt": [
                      "França"
                    ],
                    "en": [
                      "France"
                    ],
                    "it": [
                      "Francia"
                    ],
                    "fr": [
                      "France"
                    ],
                    "nl": [
                      "Frankrijk"
                    ],
                    "es": [
                      "Francia"
                    ]
                  }
                }
              }
            }
          }
        }
      ],
      "schema:geo": {
        "@id": "https://data.datatourisme.fr/c8d0050d-23e8-33a3-92de-d04bd2448f05",
        "schema:latitude": "42.565115",
        "schema:longitude": "8.756351",
        "@type": [
          "schema:GeoCoordinates"
        ]
      },
      "schema:openingHoursSpecification": [
        {
          "@id": "https://data.datatourisme.fr/9d4f1faa-4617-3710-babb-b2776da53262",
          "schema:validFrom": "2023-10-23T00:00:00",
          "schema:validThrough": "2023-10-31T23:59:59",
          "@type": [
            "schema:OpeningHoursSpecification"
          ]
        }
      ],
      "@type": [
        "schema:Place",
        "Place"
      ]
    }
  ],
  "isOwnedBy": [
    {
      "@id": "https://data.datatourisme.fr/252af22a-253d-33df-b9d7-204832749402",
      "schema:email": [
        "web@ileroussetourisme.com"
      ],
      "schema:legalName": "Office de Tourisme Intercommunal de L'Ile Rousse-Balagne",
      "@type": [
        "schema:Organization",
        "foaf:Agent",
        "Agent"
      ],
      "foaf:homepage": [
        "https://www.balagne-corsica.com/"
      ]
    }
  ],
  "lastUpdate": "2021-10-18",
  "lastUpdateDatatourisme": "2023-02-01T18:07:35.749Z",
  "takesPlaceAt": [
    {
      "@id": "https://data.datatourisme.fr/e1ed2960-c358-33a5-83f2-95a1bea66fed",
      "@type": [
        "Period"
      ],
      "endDate": "2023-10-31",
      "startDate": "2023-10-23"
    }
  ]
}