{
  "@id": "https://data.datatourisme.fr/13/32433c5a-561b-36b6-b516-fe0bb4a36705",
  "dc:identifier": "5009853",
  "@type": [
    "schema:Accommodation",
    "schema:FoodEstablishment",
    "schema:Hotel",
    "schema:LodgingBusiness",
    "schema:Restaurant",
    "Accommodation",
    "FoodEstablishment",
    "Hotel",
    "HotelRestaurant",
    "HotelTrade",
    "PlaceOfInterest",
    "PointOfInterest",
    "Restaurant"
  ],
  "rdfs:comment": {
    "de": [
      "Durch seine Lage zwischen Meer und Bergen und nur wenige Meter von einem Strand entfernt bietet das Hotel Pascal Paoli sowohl die Möglichkeit eines erholsamen Urlaubs am Meer als auch die Möglichkeit zu zahlreichen Aktivitäten dank der zahlreichen Freizeiteinrichtungen, über die es verfügt."
    ],
    "en": [
      "By its position between the sea and the mountains and a few meters from a beach of the Hotel Pascal Paoli, offers you both the possibility of a relaxing holiday by the sea or rich in activities thanks to the many leisure facilities available."
    ],
    "it": [
      "Grazie alla sua posizione tra mare e montagna e a pochi metri da una spiaggia, l'Hotel Pascal Paoli vi offre la possibilità di una vacanza rilassante al mare o ricca di attività grazie alle numerose strutture per il tempo libero che offre."
    ],
    "fr": [
      "Par sa position entre la mer et la montagne et à quelques mètres d'une plage de l'Hotel Pascal Paoli, vous offre à la fois la possibilité de vacances détente en bord de mer ou riches d'activités grâce aux nombreux équipements de loisirs dont il dispose."
    ],
    "es": [
      "Gracias a su posición entre el mar y la montaña y a pocos metros de una playa, el Hotel Pascal Paoli le ofrece la posibilidad de pasar unas vacaciones relajantes junto al mar o unas vacaciones llenas de actividades gracias a las numerosas instalaciones de ocio que ofrece."
    ],
    "nl": [
      "Dankzij zijn ligging tussen de zee en de bergen en op slechts enkele meters van een strand, biedt Hotel Pascal Paoli u de mogelijkheid van een ontspannende vakantie aan zee of een rijke activiteitenvakantie dankzij de talrijke recreatiemogelijkheden die het biedt."
    ]
  },
  "rdfs:label": {
    "fr": [
      "Pascal Paoli"
    ]
  },
  "hasBeenCreatedBy": {
    "@id": "https://data.datatourisme.fr/13/e4873aa9-a05c-35ed-8395-61d121516766",
    "dc:identifier": "1646",
    "schema:email": [
      "info@balagne-corsica.com"
    ],
    "schema:legalName": "Office de Tourisme Intercommunal Calvi - Balagne",
    "@type": [
      "schema:Organization",
      "foaf:Agent",
      "Agent"
    ],
    "foaf:homepage": [
      "https://www.balagne-corsica.com/"
    ]
  },
  "hasBeenPublishedBy": [
    {
      "@id": "https://data.datatourisme.fr/8a9feb4b-2cbd-3d2c-b507-bd6c6776b23b",
      "schema:legalName": "Apidae Tourisme Scic SA - source : Apidae Tourisme",
      "@type": [
        "schema:Organization",
        "foaf:Agent",
        "Agent"
      ],
      "foaf:homepage": [
        "https://www.apidae-tourisme.com/"
      ]
    }
  ],
  "hasContact": [
    {
      "@id": "https://data.datatourisme.fr/11438db1-ba9c-388c-955c-852407093e89",
      "schema:telephone": [
        "+33 4 95 60 71 56"
      ],
      "@type": [
        "foaf:Agent",
        "Agent"
      ],
      "foaf:homepage": [
        "http://www.hotel-pascal-paoli.fr/"
      ]
    }
  ],
  "hasDescription": [
    {
      "@id": "https://data.datatourisme.fr/42ce405f-7048-3ecd-89bf-1d98d7789195",
      "@type": [
        "Description"
      ],
      "hasTranslatedProperty": [
        {
          "@id": "https://data.datatourisme.fr/46ac3801-5181-3393-92a6-36f579011e85",
          "dc:contributor": [
            "https://api.deepl.com/v2/translate"
          ],
          "rdf:language": [
            "de"
          ],
          "rdf:predicate": [
            "shortDescription"
          ]
        },
        {
          "@id": "https://data.datatourisme.fr/4dbe6ebe-ee6c-3eef-a2ce-e39bb16b323d",
          "dc:contributor": [
            "https://api.deepl.com/v2/translate"
          ],
          "rdf:language": [
            "es"
          ],
          "rdf:predicate": [
            "shortDescription"
          ]
        },
        {
          "@id": "https://data.datatourisme.fr/86cea430-4d59-37d1-a880-b69dc6c7dc35",
          "dc:contributor": [
            "https://api.deepl.com/v2/translate"
          ],
          "rdf:language": [
            "it"
          ],
          "rdf:predicate": [
            "shortDescription"
          ]
        },
        {
          "@id": "https://data.datatourisme.fr/f5b55339-ec9b-3bed-8659-4b7e67e5fd3a",
          "dc:contributor": [
            "https://api.deepl.com/v2/translate"
          ],
          "rdf:language": [
            "nl"
          ],
          "rdf:predicate": [
            "shortDescription"
          ]
        }
      ],
      "shortDescription": {
        "de": [
          "Durch seine Lage zwischen Meer und Bergen und nur wenige Meter von einem Strand entfernt bietet das Hotel Pascal Paoli sowohl die Möglichkeit eines erholsamen Urlaubs am Meer als auch die Möglichkeit zu zahlreichen Aktivitäten dank der zahlreichen Freizeiteinrichtungen, über die es verfügt."
        ],
        "en": [
          "By its position between the sea and the mountains and a few meters from a beach of the Hotel Pascal Paoli, offers you both the possibility of a relaxing holiday by the sea or rich in activities thanks to the many leisure facilities available."
        ],
        "it": [
          "Grazie alla sua posizione tra mare e montagna e a pochi metri da una spiaggia, l'Hotel Pascal Paoli vi offre la possibilità di una vacanza rilassante al mare o ricca di attività grazie alle numerose strutture per il tempo libero che offre."
        ],
        "fr": [
          "Par sa position entre la mer et la montagne et à quelques mètres d'une plage de l'Hotel Pascal Paoli, vous offre à la fois la possibilité de vacances détente en bord de mer ou riches d'activités grâce aux nombreux équipements de loisirs dont il dispose."
        ],
        "es": [
          "Gracias a su posición entre el mar y la montaña y a pocos metros de una playa, el Hotel Pascal Paoli le ofrece la posibilidad de pasar unas vacaciones relajantes junto al mar o unas vacaciones llenas de actividades gracias a las numerosas instalaciones de ocio que ofrece."
        ],
        "nl": [
          "Dankzij zijn ligging tussen de zee en de bergen en op slechts enkele meters van een strand, biedt Hotel Pascal Paoli u de mogelijkheid van een ontspannende vakantie aan zee of een rijke activiteitenvakantie dankzij de talrijke recreatiemogelijkheden die het biedt."
        ]
      }
    }
  ],
  "hasTranslatedProperty": [
    {
      "@id": "https://data.datatourisme.fr/6a3e752d-fa3a-3611-b9f5-759781fd5244",
      "dc:contributor": [
        "https://api.deepl.com/v2/translate"
      ],
      "rdf:language": [
        "de"
      ],
      "rdf:predicate": [
        {
          "@id": "rdfs:comment"
        }
      ]
    },
    {
      "@id": "https://data.datatourisme.fr/b62092ab-3ded-30be-b614-3157dddac8e1",
      "dc:contributor": [
        "https://api.deepl.com/v2/translate"
      ],
      "rdf:language": [
        "it"
      ],
      "rdf:predicate": [
        {
          "@id": "rdfs:comment"
        }
      ]
    },
    {
      "@id": "https://data.datatourisme.fr/d0ebad75-5666-3ed2-ae24-03337ae3251f",
      "dc:contributor": [
        "https://api.deepl.com/v2/translate"
      ],
      "rdf:language": [
        "es"
      ],
      "rdf:predicate": [
        {
          "@id": "rdfs:comment"
        }
      ]
    },
    {
      "@id": "https://data.datatourisme.fr/d29dd876-0a4c-3da2-945e-4ad543456f78",
      "dc:contributor": [
        "https://api.deepl.com/v2/translate"
      ],
      "rdf:language": [
        "nl"
      ],
      "rdf:predicate": [
        {
          "@id": "rdfs:comment"
        }
      ]
    }
  ],
  "isLocatedAt": [
    {
      "@id": "https://data.datatourisme.fr/b91a00b9-b5f6-3486-9269-8c42c5d47f16",
      "schema:address": [
        {
          "@id": "https://data.datatourisme.fr/956b5147-a85b-3e01-918f-0e03ae487340",
          "schema:addressLocality": "Algajola",
          "schema:postalCode": "20220",
          "schema:streetAddress": [
            "RT 30"
          ],
          "@type": [
            "schema:PostalAddress",
            "PostalAddress"
          ],
          "hasAddressCity": {
            "@id": "kb:2B010",
            "@type": [
              "City"
            ],
            "rdfs:label": {
              "en": [
                "Algajola"
              ],
              "fr": [
                "Algajola"
              ]
            },
            "insee": "2B010",
            "isPartOfDepartment": {
              "@id": "kb:France942B",
              "@type": [
                "Department"
              ],
              "rdfs:label": {
                "en": [
                  "Haute-Corse"
                ],
                "fr": [
                  "Haute-Corse"
                ]
              },
              "insee": "2B",
              "isPartOfRegion": {
                "@id": "kb:France94",
                "@type": [
                  "Region"
                ],
                "rdfs:label": {
                  "en": [
                    "Corse"
                  ],
                  "fr": [
                    "Corse"
                  ]
                },
                "insee": "94",
                "isPartOfCountry": {
                  "@id": "kb:France",
                  "@type": [
                    "schema:Country"
                  ],
                  "rdfs:label": {
                    "de": [
                      "Frankreich"
                    ],
                    "pt": [
                      "França"
                    ],
                    "en": [
                      "France"
                    ],
                    "it": [
                      "Francia"
                    ],
                    "fr": [
                      "France"
                    ],
                    "nl": [
                      "Frankrijk"
                    ],
                    "es": [
                      "Francia"
                    ]
                  }
                }
              }
            }
          }
        }
      ],
      "schema:geo": {
        "@id": "https://data.datatourisme.fr/bd3c44fc-c249-3762-b833-09afd0a3ce1c",
        "schema:latitude": "42.608509",
        "schema:longitude": "8.874985",
        "@type": [
          "schema:GeoCoordinates"
        ]
      },
      "schema:openingHoursSpecification": [
        {
          "@id": "https://data.datatourisme.fr/c3a5bf0b-bb66-32e6-b766-0325a93ea7fd",
          "schema:validFrom": "2023-04-15T00:00:00",
          "schema:validThrough": "2023-10-15T23:59:59",
          "@type": [
            "schema:OpeningHoursSpecification"
          ],
          "additionalInformation": {
            "de": [
              "Unverbindliche Öffnungszeiten - genaue Daten werden noch bestätigt"
            ],
            "en": [
              "Indicative opening period - Precise dates to be confirmed"
            ],
            "it": [
              "Periodo di apertura indicativo - date precise da confermare"
            ],
            "fr": [
              "Période d'ouverture à titre indicatif - Dates précises à confirmer"
            ],
            "es": [
              "Periodo de apertura indicativo - fechas precisas por confirmar"
            ],
            "nl": [
              "Indicatieve openingsperiode - precieze data nog te bevestigen"
            ]
          },
          "hasTranslatedProperty": [
            {
              "@id": "https://data.datatourisme.fr/0eec3e1c-6752-3af0-b334-ed57906c2bea",
              "dc:contributor": [
                "https://api.deepl.com/v2/translate"
              ],
              "rdf:language": [
                "it"
              ],
              "rdf:predicate": [
                "additionalInformation"
              ]
            },
            {
              "@id": "https://data.datatourisme.fr/7feb3727-597b-3e82-89ae-11faaba024c0",
              "dc:contributor": [
                "https://api.deepl.com/v2/translate"
              ],
              "rdf:language": [
                "de"
              ],
              "rdf:predicate": [
                "additionalInformation"
              ]
            },
            {
              "@id": "https://data.datatourisme.fr/99c8797e-b871-37fd-9f3d-2f72a2df3a6d",
              "dc:contributor": [
                "https://api.deepl.com/v2/translate"
              ],
              "rdf:language": [
                "nl"
              ],
              "rdf:predicate": [
                "additionalInformation"
              ]
            },
            {
              "@id": "https://data.datatourisme.fr/bb5cbf45-246b-3d5e-8a45-65b195f33bdf",
              "dc:contributor": [
                "https://api.deepl.com/v2/translate"
              ],
              "rdf:language": [
                "en"
              ],
              "rdf:predicate": [
                "additionalInformation"
              ]
            },
            {
              "@id": "https://data.datatourisme.fr/e4e2dacd-84af-3909-8e1d-589d7cf45c4e",
              "dc:contributor": [
                "https://api.deepl.com/v2/translate"
              ],
              "rdf:language": [
                "es"
              ],
              "rdf:predicate": [
                "additionalInformation"
              ]
            }
          ]
        }
      ],
      "@type": [
        "schema:Place",
        "Place"
      ]
    }
  ],
  "isOwnedBy": [
    {
      "@id": "https://data.datatourisme.fr/194c52e6-bbae-33dc-8464-caca97844fbb",
      "schema:email": [
        "info@balagne-corsica.com"
      ],
      "schema:legalName": "Office de Tourisme Intercommunal Calvi - Balagne",
      "@type": [
        "schema:Organization",
        "foaf:Agent",
        "Agent"
      ],
      "foaf:homepage": [
        "https://www.balagne-corsica.com/"
      ]
    }
  ],
  "lastUpdate": "2022-08-24",
  "lastUpdateDatatourisme": "2023-04-04T05:52:39.38Z",
  "offers": [
    {
      "@id": "https://data.datatourisme.fr/23d5c6a4-12f6-332d-b3d0-5ff3e11a744e",
      "schema:priceSpecification": [
        {
          "@id": "https://data.datatourisme.fr/8620718d-98a2-388c-a50e-e732fbaaff14",
          "schema:maxPrice": [
            "1.35",
            "250"
          ],
          "schema:minPrice": [
            "1.35",
            "13",
            "60"
          ],
          "schema:priceCurrency": "EUR",
          "@type": [
            "schema:PriceSpecification",
            "PriceSpecification"
          ],
          "appliesOnPeriod": [
            {
              "@id": "https://data.datatourisme.fr/bf5ce606-ff00-3db8-a1f2-d9e0eb6e6e8b",
              "@type": [
                "Period"
              ],
              "endDate": "2020-10-15",
              "startDate": "2020-04-15"
            }
          ]
        }
      ],
      "@type": [
        "schema:Offer",
        "Offer"
      ]
    }
  ]
}