{
  "@id": "https://data.datatourisme.fr/13/327821ee-aa9c-37c6-b191-8605772d31b3",
  "dc:identifier": "6082361",
  "@type": [
    "ArcheologicalSite",
    "CulturalSite",
    "PlaceOfInterest",
    "PointOfInterest"
  ],
  "rdfs:comment": {
    "de": [
      "5 Minuten von Porto-Vecchio entfernt führt ein kleiner Pfad im Zentrum des Dorfes zu einem kreisförmigen Monument mit einem Durchmesser von etwa 12 m aus dem Jahr 1350 v. Chr.. Von dort aus bietet sich ein außergewöhnliches Panorama."
    ],
    "en": [
      "At 5 min from Porto-Vecchio, a small path in the center of the village will lead you to a circular monument of about 12 m in diameter dating from 1350 BC. The panorama is exceptional."
    ],
    "it": [
      "A 5 minuti da Porto-Vecchio, un piccolo sentiero nel centro del paese vi condurrà a un monumento circolare di circa 12 m di diametro risalente al 1350 a.C.. Il panorama è eccezionale."
    ],
    "fr": [
      "À 5 min de Porto-Vecchio, un petit sentier au centre du village vous mènera à un monument circulaire d’environ 12 m de diamètre datant de 1350 av JC. Le panorama y est exceptionnel."
    ],
    "nl": [
      "Op 5 minuten van Porto-Vecchio leidt een klein pad in het centrum van het dorp u naar een cirkelvormig monument met een diameter van ongeveer 12 m daterend uit 1350 voor Christus. Het panorama is uitzonderlijk."
    ],
    "es": [
      "A 5 minutos de Porto-Vecchio, un pequeño sendero en el centro del pueblo le llevará a un monumento circular de unos 12 m de diámetro que data de 1350 a.C. El panorama es excepcional."
    ]
  },
  "rdfs:label": {
    "fr": [
      "Ceccia, site archéologique de l’âge du Bronze"
    ]
  },
  "hasBeenCreatedBy": {
    "@id": "https://data.datatourisme.fr/13/84c6494d-3085-3c63-a55c-db8cb047fadd",
    "dc:identifier": "1738",
    "schema:email": [
      "camillef.omt@gmail.com",
      "direction@destination-sudcorse.com",
      "gestion@destination-sudcorse.com",
      "promotion@destination-sudcorse.com",
      "webmaster@destination-sudcorse.com"
    ],
    "schema:legalName": "Porto Vecchio Tourisme",
    "@type": [
      "schema:Organization",
      "foaf:Agent",
      "Agent"
    ],
    "foaf:homepage": [
      "http://www.ot-portovecchio.com/"
    ]
  },
  "hasBeenPublishedBy": [
    {
      "@id": "https://data.datatourisme.fr/8a9feb4b-2cbd-3d2c-b507-bd6c6776b23b",
      "schema:legalName": "Apidae Tourisme Scic SA - source : Apidae Tourisme",
      "@type": [
        "schema:Organization",
        "foaf:Agent",
        "Agent"
      ],
      "foaf:homepage": [
        "https://www.apidae-tourisme.com/"
      ]
    }
  ],
  "hasContact": [
    {
      "@id": "https://data.datatourisme.fr/4c728769-0f7b-3af4-927c-1364b54b762d",
      "schema:telephone": [
        "+33 4 95 70 09 58"
      ],
      "@type": [
        "foaf:Agent",
        "Agent"
      ]
    }
  ],
  "hasDescription": [
    {
      "@id": "https://data.datatourisme.fr/71d51916-8cd5-3082-8d8a-b5b81ddf072c",
      "@type": [
        "Description"
      ],
      "hasTranslatedProperty": [
        {
          "@id": "https://data.datatourisme.fr/80b58f70-fd42-33ac-959d-c6e7bed2e0f2",
          "dc:contributor": [
            "https://api.deepl.com/v2/translate"
          ],
          "rdf:language": [
            "es"
          ],
          "rdf:predicate": [
            "shortDescription"
          ]
        },
        {
          "@id": "https://data.datatourisme.fr/89344e5a-ebcc-3fb2-8e4d-f5b80445c790",
          "dc:contributor": [
            "https://api.deepl.com/v2/translate"
          ],
          "rdf:language": [
            "en"
          ],
          "rdf:predicate": [
            "shortDescription"
          ]
        },
        {
          "@id": "https://data.datatourisme.fr/9bae72ff-04c0-3828-893c-60ed7b7355ed",
          "dc:contributor": [
            "https://api.deepl.com/v2/translate"
          ],
          "rdf:language": [
            "nl"
          ],
          "rdf:predicate": [
            "shortDescription"
          ]
        },
        {
          "@id": "https://data.datatourisme.fr/b7c4acdf-74be-37c4-b13c-54d22751b57a",
          "dc:contributor": [
            "https://api.deepl.com/v2/translate"
          ],
          "rdf:language": [
            "it"
          ],
          "rdf:predicate": [
            "shortDescription"
          ]
        },
        {
          "@id": "https://data.datatourisme.fr/ceb208af-c6ba-3977-aaca-10a1f48aaed8",
          "dc:contributor": [
            "https://api.deepl.com/v2/translate"
          ],
          "rdf:language": [
            "de"
          ],
          "rdf:predicate": [
            "shortDescription"
          ]
        }
      ],
      "shortDescription": {
        "de": [
          "5 Minuten von Porto-Vecchio entfernt führt ein kleiner Pfad im Zentrum des Dorfes zu einem kreisförmigen Monument mit einem Durchmesser von etwa 12 m aus dem Jahr 1350 v. Chr.. Von dort aus bietet sich ein außergewöhnliches Panorama."
        ],
        "en": [
          "At 5 min from Porto-Vecchio, a small path in the center of the village will lead you to a circular monument of about 12 m in diameter dating from 1350 BC. The panorama is exceptional."
        ],
        "it": [
          "A 5 minuti da Porto-Vecchio, un piccolo sentiero nel centro del paese vi condurrà a un monumento circolare di circa 12 m di diametro risalente al 1350 a.C.. Il panorama è eccezionale."
        ],
        "fr": [
          "À 5 min de Porto-Vecchio, un petit sentier au centre du village vous mènera à un monument circulaire d’environ 12 m de diamètre datant de 1350 av JC. Le panorama y est exceptionnel."
        ],
        "nl": [
          "Op 5 minuten van Porto-Vecchio leidt een klein pad in het centrum van het dorp u naar een cirkelvormig monument met een diameter van ongeveer 12 m daterend uit 1350 voor Christus. Het panorama is uitzonderlijk."
        ],
        "es": [
          "A 5 minutos de Porto-Vecchio, un pequeño sendero en el centro del pueblo le llevará a un monumento circular de unos 12 m de diámetro que data de 1350 a.C. El panorama es excepcional."
        ]
      }
    }
  ],
  "hasTheme": [
    {
      "@id": "kb:Culture",
      "@type": [
        "CulturalTheme"
      ],
      "rdfs:label": {
        "de": [
          "Kultur"
        ],
        "pt": [
          "Cultura"
        ],
        "en": [
          "Culture"
        ],
        "it": [
          "Cultura"
        ],
        "fr": [
          "Culture"
        ],
        "nl": [
          "Cultuur"
        ],
        "es": [
          "Cultura"
        ]
      }
    }
  ],
  "hasTranslatedProperty": [
    {
      "@id": "https://data.datatourisme.fr/1f9507f1-03e1-3336-9823-95f1bf4b3824",
      "dc:contributor": [
        "https://api.deepl.com/v2/translate"
      ],
      "rdf:language": [
        "nl"
      ],
      "rdf:predicate": [
        {
          "@id": "rdfs:comment"
        }
      ]
    },
    {
      "@id": "https://data.datatourisme.fr/488aa49d-a68a-3cde-9378-c52355350942",
      "dc:contributor": [
        "https://api.deepl.com/v2/translate"
      ],
      "rdf:language": [
        "de"
      ],
      "rdf:predicate": [
        {
          "@id": "rdfs:comment"
        }
      ]
    },
    {
      "@id": "https://data.datatourisme.fr/5e3c386c-9473-359f-ada7-8a00cc5197a3",
      "dc:contributor": [
        "https://api.deepl.com/v2/translate"
      ],
      "rdf:language": [
        "it"
      ],
      "rdf:predicate": [
        {
          "@id": "rdfs:comment"
        }
      ]
    },
    {
      "@id": "https://data.datatourisme.fr/b3ab4ca0-e179-3926-bc49-fc8524e9f5f1",
      "dc:contributor": [
        "https://api.deepl.com/v2/translate"
      ],
      "rdf:language": [
        "es"
      ],
      "rdf:predicate": [
        {
          "@id": "rdfs:comment"
        }
      ]
    },
    {
      "@id": "https://data.datatourisme.fr/fc892a85-f3d8-3810-9868-857def66d9ce",
      "dc:contributor": [
        "https://api.deepl.com/v2/translate"
      ],
      "rdf:language": [
        "en"
      ],
      "rdf:predicate": [
        {
          "@id": "rdfs:comment"
        }
      ]
    }
  ],
  "isLocatedAt": [
    {
      "@id": "https://data.datatourisme.fr/83ec30a5-bb89-3289-b5a2-57e4de9938b8",
      "schema:address": [
        {
          "@id": "https://data.datatourisme.fr/c45e7907-4c38-3651-8340-975126b27092",
          "schema:addressLocality": "Porto-Vecchio",
          "schema:postalCode": "20137",
          "schema:streetAddress": [
            "Village de Ceccia"
          ],
          "@type": [
            "schema:PostalAddress",
            "PostalAddress"
          ],
          "hasAddressCity": {
            "@id": "kb:2A247",
            "@type": [
              "City"
            ],
            "rdfs:label": {
              "en": [
                "Porto-Vecchio"
              ],
              "fr": [
                "Porto-Vecchio"
              ]
            },
            "insee": "2A247",
            "isPartOfDepartment": {
              "@id": "kb:France942A",
              "@type": [
                "Department"
              ],
              "rdfs:label": {
                "en": [
                  "Corse-du-Sud"
                ],
                "fr": [
                  "Corse-du-Sud"
                ]
              },
              "insee": "2A",
              "isPartOfRegion": {
                "@id": "kb:France94",
                "@type": [
                  "Region"
                ],
                "rdfs:label": {
                  "en": [
                    "Corse"
                  ],
                  "fr": [
                    "Corse"
                  ]
                },
                "insee": "94",
                "isPartOfCountry": {
                  "@id": "kb:France",
                  "@type": [
                    "schema:Country"
                  ],
                  "rdfs:label": {
                    "de": [
                      "Frankreich"
                    ],
                    "pt": [
                      "França"
                    ],
                    "en": [
                      "France"
                    ],
                    "it": [
                      "Francia"
                    ],
                    "fr": [
                      "France"
                    ],
                    "nl": [
                      "Frankrijk"
                    ],
                    "es": [
                      "Francia"
                    ]
                  }
                }
              }
            }
          }
        }
      ],
      "schema:geo": {
        "@id": "https://data.datatourisme.fr/df61c5fa-e42a-3dfb-aecb-2b572e67494a",
        "schema:latitude": "41.560031",
        "schema:longitude": "9.242944",
        "@type": [
          "schema:GeoCoordinates"
        ]
      },
      "schema:openingHoursSpecification": [
        {
          "@id": "https://data.datatourisme.fr/f87e535a-636d-3343-ad63-8a03392e7511",
          "schema:validFrom": "2023-01-01T00:00:00",
          "schema:validThrough": "2023-12-31T23:59:59",
          "@type": [
            "schema:OpeningHoursSpecification"
          ]
        }
      ],
      "@type": [
        "schema:Place",
        "Place"
      ]
    }
  ],
  "isOwnedBy": [
    {
      "@id": "https://data.datatourisme.fr/f5f950f9-5eec-32b4-a357-2c969ccf4068",
      "schema:email": [
        "camillef.omt@gmail.com",
        "direction@destination-sudcorse.com",
        "gestion@destination-sudcorse.com",
        "promotion@destination-sudcorse.com",
        "webmaster@destination-sudcorse.com"
      ],
      "schema:legalName": "Porto Vecchio Tourisme",
      "@type": [
        "schema:Organization",
        "foaf:Agent",
        "Agent"
      ],
      "foaf:homepage": [
        "http://www.ot-portovecchio.com/"
      ]
    }
  ],
  "lastUpdate": "2022-10-06",
  "lastUpdateDatatourisme": "2023-02-22T06:42:37.715Z"
}