{
  "@id": "https://data.datatourisme.fr/13/3248d698-3656-3019-a78b-970457567a42",
  "dc:identifier": "5694140",
  "@type": [
    "schema:LocalBusiness",
    "PlaceOfInterest",
    "PointOfInterest",
    "SightseeingBoat",
    "SportsAndLeisurePlace"
  ],
  "rdfs:comment": {
    "de": [
      "Segeln Sie von Insel zu Insel, zu den schönsten unberührten Orten im Süden Korsikas, zum internationalen Meerespark Bouches de Bonifacio. Die Inselgruppen der Lavezzi-Inseln und der Maddalena-Inseln warten nur darauf, von Ihnen entdeckt zu werden!"
    ],
    "en": [
      "Sail from island to island, in the heart of the most beautiful wild sites of the South of Corsica, of the International Marine Park of the Bouches de Bonifacio. The archipelagos of the Lavezzi Islands and the Maddalena Islands are waiting for you!"
    ],
    "it": [
      "Navigate da un'isola all'altra, nel cuore dei più bei siti selvaggi del Sud della Corsica, del Parco Marino Internazionale delle Bocche di Bonifacio. Gli arcipelaghi delle Isole Lavezzi e della Maddalena vi aspettano!"
    ],
    "fr": [
      "Voguez d’île en île, au cœur des plus beaux sites sauvages du Sud de la Corse, du Parc Marin International des Bouches de Bonifacio. Les archipels des îles Lavezzi et des îles de la Maddalena n’attendent que vous !"
    ],
    "nl": [
      "Zeil van eiland naar eiland, in het hart van de mooiste natuurgebieden van het zuiden van Corsica, van het internationale zeepark van de Bouches de Bonifacio. De archipels van de Lavezzi eilanden en de Maddalena eilanden wachten op u!"
    ],
    "es": [
      "Navegue de isla en isla, en el corazón de los más bellos parajes salvajes del Sur de Córcega, del Parque Marino Internacional de las Bocas de Bonifacio. ¡Los archipiélagos de las Islas Lavezzi y las Islas Maddalena le están esperando!"
    ]
  },
  "rdfs:label": {
    "fr": [
      "Corse Nautic Escape"
    ]
  },
  "hasBeenCreatedBy": {
    "@id": "https://data.datatourisme.fr/13/84c6494d-3085-3c63-a55c-db8cb047fadd",
    "dc:identifier": "1738",
    "schema:email": [
      "camillef.omt@gmail.com",
      "direction@destination-sudcorse.com",
      "gestion@destination-sudcorse.com",
      "promotion@destination-sudcorse.com",
      "webmaster@destination-sudcorse.com"
    ],
    "schema:legalName": "Porto Vecchio Tourisme",
    "@type": [
      "schema:Organization",
      "foaf:Agent",
      "Agent"
    ],
    "foaf:homepage": [
      "http://www.ot-portovecchio.com/"
    ]
  },
  "hasBeenPublishedBy": [
    {
      "@id": "https://data.datatourisme.fr/8a9feb4b-2cbd-3d2c-b507-bd6c6776b23b",
      "schema:legalName": "Apidae Tourisme Scic SA - source : Apidae Tourisme",
      "@type": [
        "schema:Organization",
        "foaf:Agent",
        "Agent"
      ],
      "foaf:homepage": [
        "https://www.apidae-tourisme.com/"
      ]
    }
  ],
  "hasContact": [
    {
      "@id": "https://data.datatourisme.fr/e8a0443d-846d-31f4-a21f-763975c953ef",
      "schema:email": [
        "hello@corse-nautic-escape.com"
      ],
      "schema:telephone": [
        "+33 7 57 46 55 61"
      ],
      "@type": [
        "foaf:Agent",
        "Agent"
      ],
      "foaf:homepage": [
        "https://www.corse-nautic-escape.com/"
      ]
    }
  ],
  "hasDescription": [
    {
      "@id": "https://data.datatourisme.fr/c1867b0b-e7ea-31a9-95eb-f1122ab5aaa1",
      "@type": [
        "Description"
      ],
      "hasTranslatedProperty": [
        {
          "@id": "https://data.datatourisme.fr/17d19789-0cd1-3dd6-8c31-f7df27ff900c",
          "dc:contributor": [
            "https://api.deepl.com/v2/translate"
          ],
          "rdf:language": [
            "nl"
          ],
          "rdf:predicate": [
            "shortDescription"
          ]
        },
        {
          "@id": "https://data.datatourisme.fr/37016148-21a6-3900-b5f1-c113bbbcd9e6",
          "dc:contributor": [
            "https://api.deepl.com/v2/translate"
          ],
          "rdf:language": [
            "en"
          ],
          "rdf:predicate": [
            "shortDescription"
          ]
        },
        {
          "@id": "https://data.datatourisme.fr/514778da-1510-30ea-935c-5b93eff343f0",
          "dc:contributor": [
            "https://api.deepl.com/v2/translate"
          ],
          "rdf:language": [
            "it"
          ],
          "rdf:predicate": [
            "shortDescription"
          ]
        },
        {
          "@id": "https://data.datatourisme.fr/798449ad-8b7c-37be-9d2e-3c6a1fb35bf7",
          "dc:contributor": [
            "https://api.deepl.com/v2/translate"
          ],
          "rdf:language": [
            "es"
          ],
          "rdf:predicate": [
            "shortDescription"
          ]
        },
        {
          "@id": "https://data.datatourisme.fr/90330411-e1b7-384a-96c2-928badccaa83",
          "dc:contributor": [
            "https://api.deepl.com/v2/translate"
          ],
          "rdf:language": [
            "de"
          ],
          "rdf:predicate": [
            "shortDescription"
          ]
        }
      ],
      "shortDescription": {
        "de": [
          "Segeln Sie von Insel zu Insel, zu den schönsten unberührten Orten im Süden Korsikas, zum internationalen Meerespark Bouches de Bonifacio. Die Inselgruppen der Lavezzi-Inseln und der Maddalena-Inseln warten nur darauf, von Ihnen entdeckt zu werden!"
        ],
        "en": [
          "Sail from island to island, in the heart of the most beautiful wild sites of the South of Corsica, of the International Marine Park of the Bouches de Bonifacio. The archipelagos of the Lavezzi Islands and the Maddalena Islands are waiting for you!"
        ],
        "it": [
          "Navigate da un'isola all'altra, nel cuore dei più bei siti selvaggi del Sud della Corsica, del Parco Marino Internazionale delle Bocche di Bonifacio. Gli arcipelaghi delle Isole Lavezzi e della Maddalena vi aspettano!"
        ],
        "fr": [
          "Voguez d’île en île, au cœur des plus beaux sites sauvages du Sud de la Corse, du Parc Marin International des Bouches de Bonifacio. Les archipels des îles Lavezzi et des îles de la Maddalena n’attendent que vous !"
        ],
        "nl": [
          "Zeil van eiland naar eiland, in het hart van de mooiste natuurgebieden van het zuiden van Corsica, van het internationale zeepark van de Bouches de Bonifacio. De archipels van de Lavezzi eilanden en de Maddalena eilanden wachten op u!"
        ],
        "es": [
          "Navegue de isla en isla, en el corazón de los más bellos parajes salvajes del Sur de Córcega, del Parque Marino Internacional de las Bocas de Bonifacio. ¡Los archipiélagos de las Islas Lavezzi y las Islas Maddalena le están esperando!"
        ]
      }
    }
  ],
  "hasTranslatedProperty": [
    {
      "@id": "https://data.datatourisme.fr/25520acf-9115-307c-9aea-a0c6fa3e5cfe",
      "dc:contributor": [
        "https://api.deepl.com/v2/translate"
      ],
      "rdf:language": [
        "es"
      ],
      "rdf:predicate": [
        {
          "@id": "rdfs:comment"
        }
      ]
    },
    {
      "@id": "https://data.datatourisme.fr/31e9bd64-9b82-386b-a8a9-73f8ae5f45d9",
      "dc:contributor": [
        "https://api.deepl.com/v2/translate"
      ],
      "rdf:language": [
        "nl"
      ],
      "rdf:predicate": [
        {
          "@id": "rdfs:comment"
        }
      ]
    },
    {
      "@id": "https://data.datatourisme.fr/45495939-8666-3580-9662-667cefb91125",
      "dc:contributor": [
        "https://api.deepl.com/v2/translate"
      ],
      "rdf:language": [
        "en"
      ],
      "rdf:predicate": [
        {
          "@id": "rdfs:comment"
        }
      ]
    },
    {
      "@id": "https://data.datatourisme.fr/8e5b8bda-cc06-3855-bf4c-faa4726a333a",
      "dc:contributor": [
        "https://api.deepl.com/v2/translate"
      ],
      "rdf:language": [
        "de"
      ],
      "rdf:predicate": [
        {
          "@id": "rdfs:comment"
        }
      ]
    },
    {
      "@id": "https://data.datatourisme.fr/d93e586d-1636-3e37-aa08-8ac295964703",
      "dc:contributor": [
        "https://api.deepl.com/v2/translate"
      ],
      "rdf:language": [
        "it"
      ],
      "rdf:predicate": [
        {
          "@id": "rdfs:comment"
        }
      ]
    }
  ],
  "isLocatedAt": [
    {
      "@id": "https://data.datatourisme.fr/b5344209-8597-361a-8c5c-2254989d2a7e",
      "schema:address": [
        {
          "@id": "https://data.datatourisme.fr/5b53877f-2a0c-3cf6-8999-f99857cccbec",
          "schema:addressLocality": "Bonifacio",
          "schema:postalCode": "20169",
          "schema:streetAddress": [
            "20169 Bonifacio",
            "Port de Bonifacio",
            "Port de Plaisance"
          ],
          "@type": [
            "schema:PostalAddress",
            "PostalAddress"
          ],
          "hasAddressCity": {
            "@id": "kb:2A041",
            "@type": [
              "City"
            ],
            "rdfs:label": {
              "en": [
                "Bonifacio"
              ],
              "fr": [
                "Bonifacio"
              ]
            },
            "insee": "2A041",
            "isPartOfDepartment": {
              "@id": "kb:France942A",
              "@type": [
                "Department"
              ],
              "rdfs:label": {
                "en": [
                  "Corse-du-Sud"
                ],
                "fr": [
                  "Corse-du-Sud"
                ]
              },
              "insee": "2A",
              "isPartOfRegion": {
                "@id": "kb:France94",
                "@type": [
                  "Region"
                ],
                "rdfs:label": {
                  "en": [
                    "Corse"
                  ],
                  "fr": [
                    "Corse"
                  ]
                },
                "insee": "94",
                "isPartOfCountry": {
                  "@id": "kb:France",
                  "@type": [
                    "schema:Country"
                  ],
                  "rdfs:label": {
                    "de": [
                      "Frankreich"
                    ],
                    "pt": [
                      "França"
                    ],
                    "en": [
                      "France"
                    ],
                    "it": [
                      "Francia"
                    ],
                    "fr": [
                      "France"
                    ],
                    "nl": [
                      "Frankrijk"
                    ],
                    "es": [
                      "Francia"
                    ]
                  }
                }
              }
            }
          }
        }
      ],
      "schema:geo": {
        "@id": "https://data.datatourisme.fr/8e172761-1a7b-3584-bd3c-f32117acd422",
        "schema:latitude": "41.38927",
        "schema:longitude": "9.162383",
        "@type": [
          "schema:GeoCoordinates"
        ]
      },
      "schema:openingHoursSpecification": [
        {
          "@id": "https://data.datatourisme.fr/f87e535a-636d-3343-ad63-8a03392e7511",
          "schema:validFrom": "2023-01-01T00:00:00",
          "schema:validThrough": "2023-12-31T23:59:59",
          "@type": [
            "schema:OpeningHoursSpecification"
          ]
        }
      ],
      "@type": [
        "schema:Place",
        "Place"
      ]
    }
  ],
  "isOwnedBy": [
    {
      "@id": "https://data.datatourisme.fr/f5f950f9-5eec-32b4-a357-2c969ccf4068",
      "schema:email": [
        "camillef.omt@gmail.com",
        "direction@destination-sudcorse.com",
        "gestion@destination-sudcorse.com",
        "promotion@destination-sudcorse.com",
        "webmaster@destination-sudcorse.com"
      ],
      "schema:legalName": "Porto Vecchio Tourisme",
      "@type": [
        "schema:Organization",
        "foaf:Agent",
        "Agent"
      ],
      "foaf:homepage": [
        "http://www.ot-portovecchio.com/"
      ]
    }
  ],
  "lastUpdate": "2023-04-01",
  "lastUpdateDatatourisme": "2023-04-02T05:48:09.302Z",
  "offers": [
    {
      "@id": "https://data.datatourisme.fr/385f369c-93cd-3af7-b876-99903872e586",
      "schema:priceSpecification": [
        {
          "@id": "https://data.datatourisme.fr/333bc719-0c8b-3025-a519-ec93017e3aac",
          "schema:maxPrice": [
            "205"
          ],
          "schema:minPrice": [
            "35"
          ],
          "schema:priceCurrency": "EUR",
          "@type": [
            "schema:PriceSpecification",
            "PriceSpecification"
          ],
          "appliesOnPeriod": [
            {
              "@id": "https://data.datatourisme.fr/a425afdf-3594-300b-b55e-1858bafa3fd4",
              "@type": [
                "Period"
              ],
              "endDate": "2023-12-31",
              "startDate": "2023-01-01"
            }
          ]
        }
      ],
      "@type": [
        "schema:Offer",
        "Offer"
      ]
    }
  ]
}