{
  "@id": "https://data.datatourisme.fr/13/323717aa-062f-3dd6-b47e-e19b6f7a24c6",
  "dc:identifier": "6020394",
  "@type": [
    "schema:LocalBusiness",
    "schema:Zoo",
    "PlaceOfInterest",
    "PointOfInterest",
    "SportsAndLeisurePlace",
    "ZooAnimalPark"
  ],
  "rdfs:comment": {
    "de": [
      "Am Eingang der Asco-Schlucht können Sie die Flora und Fauna Korsikas auf unerwartete Weise in einem völlig natürlichen und geschützten Gebiet entdecken, das es sich zur Aufgabe gemacht hat, uns für die Umwelt und eine nachhaltige Entwicklung zu sensibilisieren."
    ],
    "en": [
      "At the entrance to the Gorges de l'Asco, come and discover unexpectedly the fauna and flora of Corsica in a completely natural and preserved area whose mission is to make us aware of the environment and sustainable development."
    ],
    "it": [
      "All'ingresso delle Gorges de l'Asco, vieni a scoprire la fauna e la flora della Corsica in un modo inaspettato in un'area completamente naturale e preservata la cui missione è renderci consapevoli dell'ambiente e dello sviluppo sostenibile."
    ],
    "fr": [
      "A l'entrée des Gorges de l'Asco, venez découvrir la faune et la flore de Corse de façon inattendue dans un espace totalement naturel et préservé qui a pour mission de nous sensibiliser à l'environnement et au développement durable."
    ],
    "nl": [
      "Kom bij de ingang van de Gorges de Asco op een onverwachte manier kennismaken met de fauna en flora van Corsica in een volledig natuurlijk en beschermd gebied met als missie ons bewust te maken van het milieu en duurzame ontwikkeling."
    ],
    "es": [
      "A la entrada de las Gargantas del Asco, venga a descubrir la fauna y la flora de Córcega de forma inesperada en un espacio totalmente natural y preservado cuya misión es sensibilizarnos con el medio ambiente y el desarrollo sostenible."
    ]
  },
  "rdfs:label": {
    "fr": [
      "Ecoparc de la Vallée d'Asco"
    ]
  },
  "hasBeenCreatedBy": {
    "@id": "https://data.datatourisme.fr/13/e4873aa9-a05c-35ed-8395-61d121516766",
    "dc:identifier": "1646",
    "schema:email": [
      "info@balagne-corsica.com"
    ],
    "schema:legalName": "Office de Tourisme Intercommunal Calvi - Balagne",
    "@type": [
      "schema:Organization",
      "foaf:Agent",
      "Agent"
    ],
    "foaf:homepage": [
      "https://www.balagne-corsica.com/"
    ]
  },
  "hasBeenPublishedBy": [
    {
      "@id": "https://data.datatourisme.fr/8a9feb4b-2cbd-3d2c-b507-bd6c6776b23b",
      "schema:legalName": "Apidae Tourisme Scic SA - source : Apidae Tourisme",
      "@type": [
        "schema:Organization",
        "foaf:Agent",
        "Agent"
      ],
      "foaf:homepage": [
        "https://www.apidae-tourisme.com/"
      ]
    }
  ],
  "hasContact": [
    {
      "@id": "https://data.datatourisme.fr/99a3516f-4b35-34e6-a24b-8b3eda462ef6",
      "schema:telephone": [
        "+33 6 84 62 43 40"
      ],
      "@type": [
        "foaf:Agent",
        "Agent"
      ],
      "foaf:homepage": [
        "https://ecoparc-vallee-asco.fr/"
      ]
    }
  ],
  "hasDescription": [
    {
      "@id": "https://data.datatourisme.fr/539bdee8-9ef7-30d1-a56a-4ee175ea1b58",
      "@type": [
        "Description"
      ],
      "hasTranslatedProperty": [
        {
          "@id": "https://data.datatourisme.fr/0b25b86d-a34e-3c42-8de7-f4d384769380",
          "dc:contributor": [
            "https://api.deepl.com/v2/translate"
          ],
          "rdf:language": [
            "es"
          ],
          "rdf:predicate": [
            "shortDescription"
          ]
        },
        {
          "@id": "https://data.datatourisme.fr/d500c568-8602-3bf9-b55a-2111922e2d15",
          "dc:contributor": [
            "https://api.deepl.com/v2/translate"
          ],
          "rdf:language": [
            "nl"
          ],
          "rdf:predicate": [
            "shortDescription"
          ]
        },
        {
          "@id": "https://data.datatourisme.fr/d51df60c-70c0-3f54-898c-abe8e10c8381",
          "dc:contributor": [
            "https://api.deepl.com/v2/translate"
          ],
          "rdf:language": [
            "de"
          ],
          "rdf:predicate": [
            "shortDescription"
          ]
        }
      ],
      "shortDescription": {
        "de": [
          "Am Eingang der Asco-Schlucht können Sie die Flora und Fauna Korsikas auf unerwartete Weise in einem völlig natürlichen und geschützten Gebiet entdecken, das es sich zur Aufgabe gemacht hat, uns für die Umwelt und eine nachhaltige Entwicklung zu sensibilisieren."
        ],
        "en": [
          "At the entrance to the Gorges de l'Asco, come and discover unexpectedly the fauna and flora of Corsica in a completely natural and preserved area whose mission is to make us aware of the environment and sustainable development."
        ],
        "it": [
          "All'ingresso delle Gorges de l'Asco, vieni a scoprire la fauna e la flora della Corsica in un modo inaspettato in un'area completamente naturale e preservata la cui missione è renderci consapevoli dell'ambiente e dello sviluppo sostenibile."
        ],
        "fr": [
          "A l'entrée des Gorges de l'Asco, venez découvrir la faune et la flore de Corse de façon inattendue dans un espace totalement naturel et préservé qui a pour mission de nous sensibiliser à l'environnement et au développement durable."
        ],
        "nl": [
          "Kom bij de ingang van de Gorges de Asco op een onverwachte manier kennismaken met de fauna en flora van Corsica in een volledig natuurlijk en beschermd gebied met als missie ons bewust te maken van het milieu en duurzame ontwikkeling."
        ],
        "es": [
          "A la entrada de las Gargantas del Asco, venga a descubrir la fauna y la flora de Córcega de forma inesperada en un espacio totalmente natural y preservado cuya misión es sensibilizarnos con el medio ambiente y el desarrollo sostenible."
        ]
      }
    }
  ],
  "hasTranslatedProperty": [
    {
      "@id": "https://data.datatourisme.fr/01062757-f1da-302d-a8c2-48c8bdccc434",
      "dc:contributor": [
        "https://api.deepl.com/v2/translate"
      ],
      "rdf:language": [
        "es"
      ],
      "rdf:predicate": [
        {
          "@id": "rdfs:comment"
        }
      ]
    },
    {
      "@id": "https://data.datatourisme.fr/93539d2f-c6bd-3d03-8a2c-ac2b338a0acd",
      "dc:contributor": [
        "https://api.deepl.com/v2/translate"
      ],
      "rdf:language": [
        "de"
      ],
      "rdf:predicate": [
        {
          "@id": "rdfs:comment"
        }
      ]
    },
    {
      "@id": "https://data.datatourisme.fr/e9ea174e-d074-3b01-954a-490a12fd3cc2",
      "dc:contributor": [
        "https://api.deepl.com/v2/translate"
      ],
      "rdf:language": [
        "nl"
      ],
      "rdf:predicate": [
        {
          "@id": "rdfs:comment"
        }
      ]
    }
  ],
  "isLocatedAt": [
    {
      "@id": "https://data.datatourisme.fr/3b14ef4b-2664-315b-81b9-1d4d750f1686",
      "schema:address": [
        {
          "@id": "https://data.datatourisme.fr/bd416eed-2dff-3d3f-a03e-b10425c60780",
          "schema:addressLocality": "Asco",
          "schema:postalCode": "20276",
          "schema:streetAddress": [
            "Vallée d'Asco"
          ],
          "@type": [
            "schema:PostalAddress",
            "PostalAddress"
          ],
          "hasAddressCity": {
            "@id": "kb:2B023",
            "@type": [
              "City"
            ],
            "rdfs:label": {
              "en": [
                "Asco"
              ],
              "fr": [
                "Asco"
              ]
            },
            "insee": "2B023",
            "isPartOfDepartment": {
              "@id": "kb:France942B",
              "@type": [
                "Department"
              ],
              "rdfs:label": {
                "en": [
                  "Haute-Corse"
                ],
                "fr": [
                  "Haute-Corse"
                ]
              },
              "insee": "2B",
              "isPartOfRegion": {
                "@id": "kb:France94",
                "@type": [
                  "Region"
                ],
                "rdfs:label": {
                  "en": [
                    "Corse"
                  ],
                  "fr": [
                    "Corse"
                  ]
                },
                "insee": "94",
                "isPartOfCountry": {
                  "@id": "kb:France",
                  "@type": [
                    "schema:Country"
                  ],
                  "rdfs:label": {
                    "de": [
                      "Frankreich"
                    ],
                    "pt": [
                      "França"
                    ],
                    "en": [
                      "France"
                    ],
                    "it": [
                      "Francia"
                    ],
                    "fr": [
                      "France"
                    ],
                    "nl": [
                      "Frankrijk"
                    ],
                    "es": [
                      "Francia"
                    ]
                  }
                }
              }
            }
          }
        }
      ],
      "schema:geo": {
        "@id": "https://data.datatourisme.fr/16dd4e60-5e61-3f5b-944c-02bf443f9bc7",
        "schema:latitude": "42.477812",
        "schema:longitude": "9.138231",
        "@type": [
          "schema:GeoCoordinates"
        ]
      },
      "schema:openingHoursSpecification": [
        {
          "@id": "https://data.datatourisme.fr/93e4e232-1cfa-3e6e-8039-f51b33362309",
          "schema:validFrom": "2023-01-01T00:00:00",
          "schema:validThrough": "2023-12-31T23:59:59",
          "@type": [
            "schema:OpeningHoursSpecification"
          ],
          "additionalInformation": {
            "de": [
              "vom 01/07 bis 31/08 täglich: 2 Besichtigungen am Vormittag und 4 am Nachmittag.\r\nvom 1/09 bis 30/06: nur mit Reservierung"
            ],
            "en": [
              "from 01/07 to 31/08 every day : 2 visits in the morning and 4 in the afternoon.\r\nfrom 1/09 to 30/06 : on reservation only"
            ],
            "it": [
              "dal 01/07 al 31/08 tutti i giorni: 2 visite al mattino e 4 al pomeriggio.\r\ndal 1/09 al 30/06: solo su prenotazione"
            ],
            "fr": [
              "du 01/07 au 31/08 tous les jours : 2 visites le matin et 4 l'après midi.\r\ndu 1er/09 au 30/06 : sur réservation uniquement"
            ],
            "nl": [
              "van 01/07 tot 31/08 elke dag: 2 bezoeken in de ochtend en 4 in de middag.\r\nvan 1/09 tot 30/06: alleen op reservering"
            ],
            "es": [
              "del 01/07 al 31/08 todos los días: 2 visitas por la mañana y 4 por la tarde.\r\ndel 1/09 al 30/06: sólo con reserva previa"
            ]
          },
          "hasTranslatedProperty": [
            {
              "@id": "https://data.datatourisme.fr/1444f255-5165-321f-9ec6-44f10f983586",
              "dc:contributor": [
                "https://api.deepl.com/v2/translate"
              ],
              "rdf:language": [
                "es"
              ],
              "rdf:predicate": [
                "additionalInformation"
              ]
            },
            {
              "@id": "https://data.datatourisme.fr/41d851e2-37f2-3f7f-a8c3-f36c33682a86",
              "dc:contributor": [
                "https://api.deepl.com/v2/translate"
              ],
              "rdf:language": [
                "nl"
              ],
              "rdf:predicate": [
                "additionalInformation"
              ]
            },
            {
              "@id": "https://data.datatourisme.fr/6c0ffd3f-d6d0-3663-a031-b81c1961b7c7",
              "dc:contributor": [
                "https://api.deepl.com/v2/translate"
              ],
              "rdf:language": [
                "en"
              ],
              "rdf:predicate": [
                "additionalInformation"
              ]
            },
            {
              "@id": "https://data.datatourisme.fr/8d89e74e-2f00-3dfa-bd60-19cb320801b6",
              "dc:contributor": [
                "https://api.deepl.com/v2/translate"
              ],
              "rdf:language": [
                "it"
              ],
              "rdf:predicate": [
                "additionalInformation"
              ]
            },
            {
              "@id": "https://data.datatourisme.fr/ed4ca8a8-0603-30e7-9680-7f66ac2d781e",
              "dc:contributor": [
                "https://api.deepl.com/v2/translate"
              ],
              "rdf:language": [
                "de"
              ],
              "rdf:predicate": [
                "additionalInformation"
              ]
            }
          ]
        }
      ],
      "@type": [
        "schema:Place",
        "Place"
      ]
    }
  ],
  "isOwnedBy": [
    {
      "@id": "https://data.datatourisme.fr/194c52e6-bbae-33dc-8464-caca97844fbb",
      "schema:email": [
        "info@balagne-corsica.com"
      ],
      "schema:legalName": "Office de Tourisme Intercommunal Calvi - Balagne",
      "@type": [
        "schema:Organization",
        "foaf:Agent",
        "Agent"
      ],
      "foaf:homepage": [
        "https://www.balagne-corsica.com/"
      ]
    }
  ],
  "lastUpdate": "2022-12-29",
  "lastUpdateDatatourisme": "2023-04-04T05:52:39.268Z",
  "offers": [
    {
      "@id": "https://data.datatourisme.fr/09db1cc9-1970-34e3-b4ff-176c7b0f3b2b",
      "schema:priceSpecification": [
        {
          "@id": "https://data.datatourisme.fr/e8f0b602-7e8b-3189-93ad-c590204f944f",
          "schema:maxPrice": [
            "4",
            "7"
          ],
          "schema:minPrice": [
            "4",
            "7"
          ],
          "schema:priceCurrency": "EUR",
          "@type": [
            "schema:PriceSpecification",
            "PriceSpecification"
          ],
          "appliesOnPeriod": [
            {
              "@id": "https://data.datatourisme.fr/0663ca4b-3470-3171-9053-39aa704e8f56",
              "@type": [
                "Period"
              ],
              "endDate": "2022-12-31",
              "startDate": "2022-01-01"
            }
          ]
        }
      ],
      "@type": [
        "schema:Offer",
        "Offer"
      ]
    }
  ]
}