{
  "@id": "https://data.datatourisme.fr/13/69f7968b-858e-333e-860c-8fe904566bf7",
  "dc:identifier": "5965646",
  "@type": [
    "schema:FoodEstablishment",
    "FoodEstablishment",
    "PlaceOfInterest",
    "PointOfInterest"
  ],
  "rdfs:comment": {
    "de": [
      "Genießen Sie unsere hausgemachten Pizzas, Burger und Salate aus lokalen Qualitätsprodukten! Sie befinden sich auf der Straße nach Bastia im Herzen des Dorfes Lecci. Auf unserer schattigen Terrasse können Sie eine gute Zeit verbringen!"
    ],
    "en": [
      "Come and taste our pizzas, burgers and salads entirely home made with local quality products! Located on the road to Bastia in the heart of the village of Lecci, you can enjoy our shaded back terrace for a good time!"
    ],
    "it": [
      "Venite a gustare le nostre pizze, hamburger e insalate interamente fatte in casa con prodotti locali di qualità! Situato sulla strada per Bastia, nel cuore del villaggio di Lecci, potrete approfittare della nostra terrazza ombreggiata per divertirvi!"
    ],
    "fr": [
      "Venez déguster nos pizzas, burgers et salades entièrement faits maison avec des produits locaux de qualité! Situés sur la route de Bastia au coeur du village de Lecci, vous pourrez profiter de notre terrasse arrière ombragée pour passer un bon moment !"
    ],
    "es": [
      "Venga a degustar nuestras pizzas, hamburguesas y ensaladas totalmente caseras con productos locales de calidad Situado en la carretera de Bastia, en el corazón del pueblo de Lecci, podrá disfrutar de nuestra terraza trasera a la sombra para pasar un buen rato"
    ],
    "nl": [
      "Kom en proef onze pizza's, hamburgers en salades volledig huisgemaakt met lokale kwaliteitsproducten! Gelegen aan de weg naar Bastia in het hart van het dorp Lecci, kunt u genieten van ons schaduwrijke achterterras voor een goede tijd!"
    ]
  },
  "rdfs:label": {
    "fr": [
      "Restaurant - Chambres d'hôtes - Terra Bella"
    ]
  },
  "hasBeenCreatedBy": {
    "@id": "https://data.datatourisme.fr/13/84c6494d-3085-3c63-a55c-db8cb047fadd",
    "dc:identifier": "1738",
    "schema:email": [
      "camillef.omt@gmail.com",
      "direction@destination-sudcorse.com",
      "gestion@destination-sudcorse.com",
      "promotion@destination-sudcorse.com",
      "webmaster@destination-sudcorse.com"
    ],
    "schema:legalName": "Porto Vecchio Tourisme",
    "@type": [
      "schema:Organization",
      "foaf:Agent",
      "Agent"
    ],
    "foaf:homepage": [
      "http://www.ot-portovecchio.com/"
    ]
  },
  "hasBeenPublishedBy": [
    {
      "@id": "https://data.datatourisme.fr/8a9feb4b-2cbd-3d2c-b507-bd6c6776b23b",
      "schema:legalName": "Apidae Tourisme Scic SA - source : Apidae Tourisme",
      "@type": [
        "schema:Organization",
        "foaf:Agent",
        "Agent"
      ],
      "foaf:homepage": [
        "https://www.apidae-tourisme.com/"
      ]
    }
  ],
  "hasContact": [
    {
      "@id": "https://data.datatourisme.fr/ef7c0331-d2c2-3789-9b0c-420acdd91bf9",
      "schema:email": [
        "societebdt@orange.fr"
      ],
      "schema:telephone": [
        "+33 4 95 27 02 07"
      ],
      "@type": [
        "foaf:Agent",
        "Agent"
      ],
      "foaf:homepage": [
        "https://www.terrabella-corse.fr/"
      ]
    }
  ],
  "hasDescription": [
    {
      "@id": "https://data.datatourisme.fr/4c2fe596-a725-37b2-9872-e3ba21bb0863",
      "@type": [
        "Description"
      ],
      "hasTranslatedProperty": [
        {
          "@id": "https://data.datatourisme.fr/81cd0542-88a1-34e8-a807-7ed052c39f2a",
          "dc:contributor": [
            "https://api.deepl.com/v2/translate"
          ],
          "rdf:language": [
            "en"
          ],
          "rdf:predicate": [
            "shortDescription"
          ]
        },
        {
          "@id": "https://data.datatourisme.fr/9e218dfd-69bb-3409-b952-028d1f847928",
          "dc:contributor": [
            "https://api.deepl.com/v2/translate"
          ],
          "rdf:language": [
            "de"
          ],
          "rdf:predicate": [
            "shortDescription"
          ]
        },
        {
          "@id": "https://data.datatourisme.fr/abd9d433-c54e-3326-b2fb-21649c3af58b",
          "dc:contributor": [
            "https://api.deepl.com/v2/translate"
          ],
          "rdf:language": [
            "es"
          ],
          "rdf:predicate": [
            "shortDescription"
          ]
        },
        {
          "@id": "https://data.datatourisme.fr/c733bfae-3362-3122-8e6d-76347ff28b73",
          "dc:contributor": [
            "https://api.deepl.com/v2/translate"
          ],
          "rdf:language": [
            "nl"
          ],
          "rdf:predicate": [
            "shortDescription"
          ]
        },
        {
          "@id": "https://data.datatourisme.fr/e444fcc1-939f-3426-9a81-f148cb126870",
          "dc:contributor": [
            "https://api.deepl.com/v2/translate"
          ],
          "rdf:language": [
            "it"
          ],
          "rdf:predicate": [
            "shortDescription"
          ]
        }
      ],
      "shortDescription": {
        "de": [
          "Genießen Sie unsere hausgemachten Pizzas, Burger und Salate aus lokalen Qualitätsprodukten! Sie befinden sich auf der Straße nach Bastia im Herzen des Dorfes Lecci. Auf unserer schattigen Terrasse können Sie eine gute Zeit verbringen!"
        ],
        "en": [
          "Come and taste our pizzas, burgers and salads entirely home made with local quality products! Located on the road to Bastia in the heart of the village of Lecci, you can enjoy our shaded back terrace for a good time!"
        ],
        "it": [
          "Venite a gustare le nostre pizze, hamburger e insalate interamente fatte in casa con prodotti locali di qualità! Situato sulla strada per Bastia, nel cuore del villaggio di Lecci, potrete approfittare della nostra terrazza ombreggiata per divertirvi!"
        ],
        "fr": [
          "Venez déguster nos pizzas, burgers et salades entièrement faits maison avec des produits locaux de qualité! Situés sur la route de Bastia au coeur du village de Lecci, vous pourrez profiter de notre terrasse arrière ombragée pour passer un bon moment !"
        ],
        "es": [
          "Venga a degustar nuestras pizzas, hamburguesas y ensaladas totalmente caseras con productos locales de calidad Situado en la carretera de Bastia, en el corazón del pueblo de Lecci, podrá disfrutar de nuestra terraza trasera a la sombra para pasar un buen rato"
        ],
        "nl": [
          "Kom en proef onze pizza's, hamburgers en salades volledig huisgemaakt met lokale kwaliteitsproducten! Gelegen aan de weg naar Bastia in het hart van het dorp Lecci, kunt u genieten van ons schaduwrijke achterterras voor een goede tijd!"
        ]
      }
    }
  ],
  "hasTheme": [
    {
      "@id": "kb:MediterraneanCuisine",
      "@type": [
        "CuisineCategory"
      ],
      "rdfs:label": {
        "de": [
          "Mediterrane Küche"
        ],
        "pt": [
          "Cozinha mediterrânica"
        ],
        "en": [
          "Mediterranean cuisine"
        ],
        "it": [
          "Cucina mediterranea"
        ],
        "fr": [
          "Cuisine méditerranéenne"
        ],
        "nl": [
          "Mediterrane keuken"
        ],
        "es": [
          "Cocina mediterránea"
        ]
      }
    }
  ],
  "hasTranslatedProperty": [
    {
      "@id": "https://data.datatourisme.fr/1631dbda-3d06-31bf-a088-372deb870289",
      "dc:contributor": [
        "https://api.deepl.com/v2/translate"
      ],
      "rdf:language": [
        "en"
      ],
      "rdf:predicate": [
        {
          "@id": "rdfs:comment"
        }
      ]
    },
    {
      "@id": "https://data.datatourisme.fr/247a890d-64b3-3afe-add7-919e0c4118df",
      "dc:contributor": [
        "https://api.deepl.com/v2/translate"
      ],
      "rdf:language": [
        "it"
      ],
      "rdf:predicate": [
        {
          "@id": "rdfs:comment"
        }
      ]
    },
    {
      "@id": "https://data.datatourisme.fr/434100fa-03c9-35cd-827b-f419ef5df2e2",
      "dc:contributor": [
        "https://api.deepl.com/v2/translate"
      ],
      "rdf:language": [
        "de"
      ],
      "rdf:predicate": [
        {
          "@id": "rdfs:comment"
        }
      ]
    },
    {
      "@id": "https://data.datatourisme.fr/b4d7bd38-45e6-3422-8d23-f3898284ac91",
      "dc:contributor": [
        "https://api.deepl.com/v2/translate"
      ],
      "rdf:language": [
        "es"
      ],
      "rdf:predicate": [
        {
          "@id": "rdfs:comment"
        }
      ]
    },
    {
      "@id": "https://data.datatourisme.fr/fa980ee4-d809-364b-94b3-555ead210a8c",
      "dc:contributor": [
        "https://api.deepl.com/v2/translate"
      ],
      "rdf:language": [
        "nl"
      ],
      "rdf:predicate": [
        {
          "@id": "rdfs:comment"
        }
      ]
    }
  ],
  "isLocatedAt": [
    {
      "@id": "https://data.datatourisme.fr/69efad53-e209-35a1-ba71-de8fad44c56b",
      "schema:address": [
        {
          "@id": "https://data.datatourisme.fr/8ed382bd-a49d-384a-a9ac-ba0151498525",
          "schema:addressLocality": "Lecci",
          "schema:postalCode": "20137",
          "schema:streetAddress": [
            "La Croix de Lecci"
          ],
          "@type": [
            "schema:PostalAddress",
            "PostalAddress"
          ],
          "hasAddressCity": {
            "@id": "kb:2A139",
            "@type": [
              "City"
            ],
            "rdfs:label": {
              "en": [
                "Lecci"
              ],
              "fr": [
                "Lecci"
              ]
            },
            "insee": "2A139",
            "isPartOfDepartment": {
              "@id": "kb:France942A",
              "@type": [
                "Department"
              ],
              "rdfs:label": {
                "en": [
                  "Corse-du-Sud"
                ],
                "fr": [
                  "Corse-du-Sud"
                ]
              },
              "insee": "2A",
              "isPartOfRegion": {
                "@id": "kb:France94",
                "@type": [
                  "Region"
                ],
                "rdfs:label": {
                  "en": [
                    "Corse"
                  ],
                  "fr": [
                    "Corse"
                  ]
                },
                "insee": "94",
                "isPartOfCountry": {
                  "@id": "kb:France",
                  "@type": [
                    "schema:Country"
                  ],
                  "rdfs:label": {
                    "de": [
                      "Frankreich"
                    ],
                    "pt": [
                      "França"
                    ],
                    "en": [
                      "France"
                    ],
                    "it": [
                      "Francia"
                    ],
                    "fr": [
                      "France"
                    ],
                    "nl": [
                      "Frankrijk"
                    ],
                    "es": [
                      "Francia"
                    ]
                  }
                }
              }
            }
          }
        }
      ],
      "schema:geo": {
        "@id": "https://data.datatourisme.fr/23c01473-0df2-3f4f-b9df-54b6608a2863",
        "schema:latitude": "41.680092",
        "schema:longitude": "9.318461",
        "@type": [
          "schema:GeoCoordinates"
        ]
      },
      "schema:openingHoursSpecification": [
        {
          "@id": "https://data.datatourisme.fr/8a708121-2c52-3e38-8b0e-59e9792eca44",
          "schema:validFrom": "2023-04-01T00:00:00",
          "schema:validThrough": "2023-10-21T23:59:59",
          "@type": [
            "schema:OpeningHoursSpecification"
          ]
        }
      ],
      "@type": [
        "schema:Place",
        "Place"
      ]
    }
  ],
  "isOwnedBy": [
    {
      "@id": "https://data.datatourisme.fr/f5f950f9-5eec-32b4-a357-2c969ccf4068",
      "schema:email": [
        "camillef.omt@gmail.com",
        "direction@destination-sudcorse.com",
        "gestion@destination-sudcorse.com",
        "promotion@destination-sudcorse.com",
        "webmaster@destination-sudcorse.com"
      ],
      "schema:legalName": "Porto Vecchio Tourisme",
      "@type": [
        "schema:Organization",
        "foaf:Agent",
        "Agent"
      ],
      "foaf:homepage": [
        "http://www.ot-portovecchio.com/"
      ]
    }
  ],
  "lastUpdate": "2023-02-20",
  "lastUpdateDatatourisme": "2023-02-21T06:40:31.51Z",
  "offers": [
    {
      "@id": "https://data.datatourisme.fr/155d31d7-24c3-3d25-b1b7-89f176a97713",
      "schema:priceSpecification": [
        {
          "@id": "https://data.datatourisme.fr/0c34b1fd-8ebe-327e-adbd-47168e93db0e",
          "schema:maxPrice": [
            "16.5"
          ],
          "schema:minPrice": [
            "11"
          ],
          "schema:priceCurrency": "EUR",
          "@type": [
            "schema:PriceSpecification",
            "PriceSpecification"
          ],
          "appliesOnPeriod": [
            {
              "@id": "https://data.datatourisme.fr/62a61915-a698-390b-a8f5-af84cf415a4a",
              "@type": [
                "Period"
              ],
              "endDate": "2023-10-21",
              "startDate": "2023-04-01"
            }
          ]
        }
      ],
      "@type": [
        "schema:Offer",
        "Offer"
      ]
    }
  ],
  "providesCuisineOfType": [
    {
      "@id": "kb:MediterraneanCuisine",
      "@type": [
        "CuisineCategory"
      ],
      "rdfs:label": {
        "de": [
          "Mediterrane Küche"
        ],
        "pt": [
          "Cozinha mediterrânica"
        ],
        "en": [
          "Mediterranean cuisine"
        ],
        "it": [
          "Cucina mediterranea"
        ],
        "fr": [
          "Cuisine méditerranéenne"
        ],
        "nl": [
          "Mediterrane keuken"
        ],
        "es": [
          "Cocina mediterránea"
        ]
      }
    }
  ]
}