{
  "@id": "https://data.datatourisme.fr/13/2d402b7d-6bf8-35b0-ab2f-e48a08963bfa",
  "dc:identifier": "5016755",
  "@type": [
    "schema:FoodEstablishment",
    "FoodEstablishment",
    "PlaceOfInterest",
    "PointOfInterest"
  ],
  "rdfs:comment": {
    "de": [
      "Das Restaurant A Siesta in L'Ile-Rousse lädt Sie ein, seine raffinierte Küche mit den Füßen im Wasser in einer schicken und geselligen Atmosphäre zu entdecken. Anlieferung des lokalen Fischfangs jeden Tag."
    ],
    "en": [
      "Restaurant A Siesta invites you to taste its refined cuisine on L'Ile Rousse beach, in a friendly and elegant setting. Daily delivery of fresh fish."
    ],
    "it": [
      "Il ristorante A Siesta a L'Ile-Rousse vi invita a scoprire la sua cucina raffinata con i piedi nell'acqua in un'atmosfera chic e accogliente. Il pesce locale viene portato ogni giorno."
    ],
    "fr": [
      "Le restaurant A Siesta de L'Ile-Rousse vous invite à venir découvrir sa cuisine raffinée les pieds dans l'eau dans une ambiance chic et conviviale. Arrivage de la pêche locale chaque jour."
    ],
    "nl": [
      "Het restaurant A Siesta in L'Ile-Rousse nodigt u uit om zijn verfijnde keuken met de voeten in het water te komen ontdekken in een chique en gezellige sfeer. Lokale vis wordt dagelijks aangevoerd."
    ],
    "es": [
      "El restaurante A Siesta de L'Ile-Rousse le invita a venir a descubrir su refinada cocina con los pies en el agua en un ambiente elegante y acogedor. El pescado local se trae todos los días."
    ]
  },
  "rdfs:label": {
    "fr": [
      "A Siesta"
    ]
  },
  "hasBeenCreatedBy": {
    "@id": "https://data.datatourisme.fr/13/8d420fa3-5754-31f1-8199-69c88780314d",
    "dc:identifier": "1647",
    "schema:email": [
      "web@ileroussetourisme.com"
    ],
    "schema:legalName": "Office de Tourisme Intercommunal de L'Ile Rousse-Balagne",
    "@type": [
      "schema:Organization",
      "foaf:Agent",
      "Agent"
    ],
    "foaf:homepage": [
      "https://www.balagne-corsica.com/"
    ]
  },
  "hasBeenPublishedBy": [
    {
      "@id": "https://data.datatourisme.fr/8a9feb4b-2cbd-3d2c-b507-bd6c6776b23b",
      "schema:legalName": "Apidae Tourisme Scic SA - source : Apidae Tourisme",
      "@type": [
        "schema:Organization",
        "foaf:Agent",
        "Agent"
      ],
      "foaf:homepage": [
        "https://www.apidae-tourisme.com/"
      ]
    }
  ],
  "hasContact": [
    {
      "@id": "https://data.datatourisme.fr/16ef4e0c-83a7-314e-9cd7-90e2935c7f5e",
      "schema:email": [
        "restaurant.asiesta@gmail.com"
      ],
      "schema:telephone": [
        "+33 4 95 60 28 74"
      ],
      "@type": [
        "foaf:Agent",
        "Agent"
      ],
      "foaf:homepage": [
        "http://www.asiesta.corsica/"
      ]
    }
  ],
  "hasDescription": [
    {
      "@id": "https://data.datatourisme.fr/36841e96-198d-30f7-82a4-6824496b0b7a",
      "@type": [
        "Description"
      ],
      "hasTranslatedProperty": [
        {
          "@id": "https://data.datatourisme.fr/4e6a4d16-04d9-3a92-af25-07a7e2533107",
          "dc:contributor": [
            "https://api.deepl.com/v2/translate"
          ],
          "rdf:language": [
            "es"
          ],
          "rdf:predicate": [
            "shortDescription"
          ]
        },
        {
          "@id": "https://data.datatourisme.fr/85691ef5-3c1d-30e9-a883-a373c532c1a1",
          "dc:contributor": [
            "https://api.deepl.com/v2/translate"
          ],
          "rdf:language": [
            "nl"
          ],
          "rdf:predicate": [
            "shortDescription"
          ]
        },
        {
          "@id": "https://data.datatourisme.fr/ac120d43-464a-3de8-8cba-df47745c2302",
          "dc:contributor": [
            "https://api.deepl.com/v2/translate"
          ],
          "rdf:language": [
            "de"
          ],
          "rdf:predicate": [
            "shortDescription"
          ]
        }
      ],
      "shortDescription": {
        "de": [
          "Das Restaurant A Siesta in L'Ile-Rousse lädt Sie ein, seine raffinierte Küche mit den Füßen im Wasser in einer schicken und geselligen Atmosphäre zu entdecken. Anlieferung des lokalen Fischfangs jeden Tag."
        ],
        "en": [
          "Restaurant A Siesta invites you to taste its refined cuisine on L'Ile Rousse beach, in a friendly and elegant setting. Daily delivery of fresh fish."
        ],
        "it": [
          "Il ristorante A Siesta a L'Ile-Rousse vi invita a scoprire la sua cucina raffinata con i piedi nell'acqua in un'atmosfera chic e accogliente. Il pesce locale viene portato ogni giorno."
        ],
        "fr": [
          "Le restaurant A Siesta de L'Ile-Rousse vous invite à venir découvrir sa cuisine raffinée les pieds dans l'eau dans une ambiance chic et conviviale. Arrivage de la pêche locale chaque jour."
        ],
        "nl": [
          "Het restaurant A Siesta in L'Ile-Rousse nodigt u uit om zijn verfijnde keuken met de voeten in het water te komen ontdekken in een chique en gezellige sfeer. Lokale vis wordt dagelijks aangevoerd."
        ],
        "es": [
          "El restaurante A Siesta de L'Ile-Rousse le invita a venir a descubrir su refinada cocina con los pies en el agua en un ambiente elegante y acogedor. El pescado local se trae todos los días."
        ]
      }
    }
  ],
  "hasTheme": [
    {
      "@id": "kb:MediterraneanCuisine",
      "@type": [
        "CuisineCategory"
      ],
      "rdfs:label": {
        "de": [
          "Mediterrane Küche"
        ],
        "pt": [
          "Cozinha mediterrânica"
        ],
        "en": [
          "Mediterranean cuisine"
        ],
        "it": [
          "Cucina mediterranea"
        ],
        "fr": [
          "Cuisine méditerranéenne"
        ],
        "nl": [
          "Mediterrane keuken"
        ],
        "es": [
          "Cocina mediterránea"
        ]
      }
    }
  ],
  "hasTranslatedProperty": [
    {
      "@id": "https://data.datatourisme.fr/1e32293d-51fa-39a0-bd80-c0fb10f42d5f",
      "dc:contributor": [
        "https://api.deepl.com/v2/translate"
      ],
      "rdf:language": [
        "de"
      ],
      "rdf:predicate": [
        {
          "@id": "rdfs:comment"
        }
      ]
    },
    {
      "@id": "https://data.datatourisme.fr/51bbef5c-cf2f-3a72-86e8-6d5660e016c4",
      "dc:contributor": [
        "https://api.deepl.com/v2/translate"
      ],
      "rdf:language": [
        "es"
      ],
      "rdf:predicate": [
        {
          "@id": "rdfs:comment"
        }
      ]
    },
    {
      "@id": "https://data.datatourisme.fr/d4a2aff2-8879-319f-8b89-98ec17dd540c",
      "dc:contributor": [
        "https://api.deepl.com/v2/translate"
      ],
      "rdf:language": [
        "nl"
      ],
      "rdf:predicate": [
        {
          "@id": "rdfs:comment"
        }
      ]
    }
  ],
  "isLocatedAt": [
    {
      "@id": "https://data.datatourisme.fr/56390770-3ff5-3d01-be77-f7daaee97052",
      "schema:address": [
        {
          "@id": "https://data.datatourisme.fr/241e8c21-d2b2-33f0-9f3c-c11c0dd29f8f",
          "schema:addressLocality": "L'Île-Rousse",
          "schema:postalCode": "20220",
          "schema:streetAddress": [
            "Boulevard Charles Marie Savelli",
            "Promenade A Marinella"
          ],
          "@type": [
            "schema:PostalAddress",
            "PostalAddress"
          ],
          "hasAddressCity": {
            "@id": "kb:2B134",
            "@type": [
              "City"
            ],
            "rdfs:label": {
              "en": [
                "L'Île-Rousse"
              ],
              "fr": [
                "L'Île-Rousse"
              ]
            },
            "insee": "2B134",
            "isPartOfDepartment": {
              "@id": "kb:France942B",
              "@type": [
                "Department"
              ],
              "rdfs:label": {
                "en": [
                  "Haute-Corse"
                ],
                "fr": [
                  "Haute-Corse"
                ]
              },
              "insee": "2B",
              "isPartOfRegion": {
                "@id": "kb:France94",
                "@type": [
                  "Region"
                ],
                "rdfs:label": {
                  "en": [
                    "Corse"
                  ],
                  "fr": [
                    "Corse"
                  ]
                },
                "insee": "94",
                "isPartOfCountry": {
                  "@id": "kb:France",
                  "@type": [
                    "schema:Country"
                  ],
                  "rdfs:label": {
                    "de": [
                      "Frankreich"
                    ],
                    "pt": [
                      "França"
                    ],
                    "en": [
                      "France"
                    ],
                    "it": [
                      "Francia"
                    ],
                    "fr": [
                      "France"
                    ],
                    "nl": [
                      "Frankrijk"
                    ],
                    "es": [
                      "Francia"
                    ]
                  }
                }
              }
            }
          }
        }
      ],
      "schema:geo": {
        "@id": "https://data.datatourisme.fr/da8950ca-f503-3ad3-ab44-141d79890432",
        "schema:latitude": "42.634015",
        "schema:longitude": "8.942262",
        "@type": [
          "schema:GeoCoordinates"
        ]
      },
      "schema:openingHoursSpecification": [
        {
          "@id": "https://data.datatourisme.fr/225a8ffe-d86c-3949-8d65-12c935249d41",
          "schema:validFrom": "2023-04-01T00:00:00",
          "schema:validThrough": "2023-10-31T23:59:59",
          "@type": [
            "schema:OpeningHoursSpecification"
          ],
          "additionalInformation": {
            "de": [
              "Mittwochs geschlossen (außer Juni, Juli, August)"
            ],
            "en": [
              "Closed on Wednesdays (except June, July, August)"
            ],
            "it": [
              "Chiuso il mercoledì (eccetto giugno, luglio e agosto)"
            ],
            "fr": [
              "Fermé le mercredi (hors juin, juillet, août)"
            ],
            "nl": [
              "Gesloten op woensdag (behalve in juni, juli en augustus)"
            ],
            "es": [
              "Cerrado los miércoles (excepto junio, julio y agosto)"
            ]
          },
          "hasTranslatedProperty": [
            {
              "@id": "https://data.datatourisme.fr/233641af-3bc8-3682-9026-652ba0662d05",
              "dc:contributor": [
                "https://api.deepl.com/v2/translate"
              ],
              "rdf:language": [
                "de"
              ],
              "rdf:predicate": [
                "additionalInformation"
              ]
            },
            {
              "@id": "https://data.datatourisme.fr/3aa87c41-fd41-3a64-9efe-0d3704c86689",
              "dc:contributor": [
                "https://api.deepl.com/v2/translate"
              ],
              "rdf:language": [
                "nl"
              ],
              "rdf:predicate": [
                "additionalInformation"
              ]
            },
            {
              "@id": "https://data.datatourisme.fr/91b6574c-e1a8-302e-9905-b9a457ae5d24",
              "dc:contributor": [
                "https://api.deepl.com/v2/translate"
              ],
              "rdf:language": [
                "it"
              ],
              "rdf:predicate": [
                "additionalInformation"
              ]
            },
            {
              "@id": "https://data.datatourisme.fr/ad57b6e4-595c-37f8-8ef7-c10cb34eb567",
              "dc:contributor": [
                "https://api.deepl.com/v2/translate"
              ],
              "rdf:language": [
                "en"
              ],
              "rdf:predicate": [
                "additionalInformation"
              ]
            },
            {
              "@id": "https://data.datatourisme.fr/d19234d0-ad87-3472-8d4c-deff3cb01222",
              "dc:contributor": [
                "https://api.deepl.com/v2/translate"
              ],
              "rdf:language": [
                "es"
              ],
              "rdf:predicate": [
                "additionalInformation"
              ]
            }
          ]
        }
      ],
      "@type": [
        "schema:Place",
        "Place"
      ]
    }
  ],
  "isOwnedBy": [
    {
      "@id": "https://data.datatourisme.fr/252af22a-253d-33df-b9d7-204832749402",
      "schema:email": [
        "web@ileroussetourisme.com"
      ],
      "schema:legalName": "Office de Tourisme Intercommunal de L'Ile Rousse-Balagne",
      "@type": [
        "schema:Organization",
        "foaf:Agent",
        "Agent"
      ],
      "foaf:homepage": [
        "https://www.balagne-corsica.com/"
      ]
    }
  ],
  "lastUpdate": "2022-06-03",
  "lastUpdateDatatourisme": "2023-04-04T05:52:39.408Z",
  "offers": [
    {
      "@id": "https://data.datatourisme.fr/16fb9c95-6802-32f4-a87f-6ddda0e9ba89",
      "schema:priceSpecification": [
        {
          "@id": "https://data.datatourisme.fr/939658dc-2485-3aca-a9fe-53f170232e6d",
          "schema:maxPrice": [
            "12"
          ],
          "schema:minPrice": [
            "12",
            "25",
            "30"
          ],
          "schema:priceCurrency": "EUR",
          "@type": [
            "schema:PriceSpecification",
            "PriceSpecification"
          ],
          "appliesOnPeriod": [
            {
              "@id": "https://data.datatourisme.fr/280713b3-7de2-3c13-bdc9-247f97df0fab",
              "@type": [
                "Period"
              ],
              "endDate": "2022-10-31",
              "startDate": "2022-04-01"
            }
          ]
        }
      ],
      "@type": [
        "schema:Offer",
        "Offer"
      ]
    }
  ],
  "providesCuisineOfType": [
    {
      "@id": "kb:MediterraneanCuisine",
      "@type": [
        "CuisineCategory"
      ],
      "rdfs:label": {
        "de": [
          "Mediterrane Küche"
        ],
        "pt": [
          "Cozinha mediterrânica"
        ],
        "en": [
          "Mediterranean cuisine"
        ],
        "it": [
          "Cucina mediterranea"
        ],
        "fr": [
          "Cuisine méditerranéenne"
        ],
        "nl": [
          "Mediterrane keuken"
        ],
        "es": [
          "Cocina mediterránea"
        ]
      }
    }
  ]
}