{
  "@id": "https://data.datatourisme.fr/13/0f98987b-7382-3340-8c38-102cddaaad3a",
  "dc:identifier": "5266109",
  "@type": [
    "schema:FoodEstablishment",
    "FoodEstablishment",
    "PlaceOfInterest",
    "PointOfInterest"
  ],
  "rdfs:comment": {
    "de": [
      "L'Osteria empfängt Sie in L'Ile-Rousse in einem gepflegten Rahmen und einer freundlichen Atmosphäre. Entdecken Sie ihre Fleischspezialitäten und Produkte aus der Region"
    ],
    "en": [
      "L'Osteria welcomes you in a refined setting and friendly atmosphere. Come and taste meat specialties and local produce."
    ],
    "it": [
      "L'Osteria vi accoglie a L'Ile-Rousse in un ambiente curato e in un'atmosfera amichevole. Venite a scoprire le loro specialità di carne e i loro prodotti locali"
    ],
    "fr": [
      "L'Osteria vous accueille à L'Ile-Rousse dans un cadre soigné et une ambiance conviviale. Venez découvrir leurs spécialités de viandes et des produits du terroir"
    ],
    "nl": [
      "L'Osteria verwelkomt u in L'Ile-Rousse in een nette omgeving en een vriendelijke sfeer. Kom en ontdek hun vleesspecialiteiten en streekproducten"
    ],
    "es": [
      "L'Osteria le da la bienvenida a L'Ile-Rousse en un entorno cuidado y un ambiente acogedor. Venga a descubrir sus especialidades cárnicas y productos locales"
    ]
  },
  "rdfs:label": {
    "fr": [
      "L'Osteria"
    ]
  },
  "hasBeenCreatedBy": {
    "@id": "https://data.datatourisme.fr/13/8d420fa3-5754-31f1-8199-69c88780314d",
    "dc:identifier": "1647",
    "schema:email": [
      "web@ileroussetourisme.com"
    ],
    "schema:legalName": "Office de Tourisme Intercommunal de L'Ile Rousse-Balagne",
    "@type": [
      "schema:Organization",
      "foaf:Agent",
      "Agent"
    ],
    "foaf:homepage": [
      "https://www.balagne-corsica.com/"
    ]
  },
  "hasBeenPublishedBy": [
    {
      "@id": "https://data.datatourisme.fr/8a9feb4b-2cbd-3d2c-b507-bd6c6776b23b",
      "schema:legalName": "Apidae Tourisme Scic SA - source : Apidae Tourisme",
      "@type": [
        "schema:Organization",
        "foaf:Agent",
        "Agent"
      ],
      "foaf:homepage": [
        "https://www.apidae-tourisme.com/"
      ]
    }
  ],
  "hasContact": [
    {
      "@id": "https://data.datatourisme.fr/96babacb-2f48-3856-908a-e15f37db4309",
      "schema:email": [
        "losteria.isularossa@gmail.com"
      ],
      "schema:telephone": [
        "+33 4 95 55 92 14"
      ],
      "@type": [
        "foaf:Agent",
        "Agent"
      ]
    }
  ],
  "hasDescription": [
    {
      "@id": "https://data.datatourisme.fr/ddbe1535-7641-3f1e-95fd-a7b86b4e0f43",
      "@type": [
        "Description"
      ],
      "hasTranslatedProperty": [
        {
          "@id": "https://data.datatourisme.fr/4a91dbf9-9dbb-3f1e-89f4-834cdaf77948",
          "dc:contributor": [
            "https://api.deepl.com/v2/translate"
          ],
          "rdf:language": [
            "it"
          ],
          "rdf:predicate": [
            "shortDescription"
          ]
        },
        {
          "@id": "https://data.datatourisme.fr/50c253d8-9b2e-3c72-b85b-f8241aa2e2ff",
          "dc:contributor": [
            "https://api.deepl.com/v2/translate"
          ],
          "rdf:language": [
            "de"
          ],
          "rdf:predicate": [
            "shortDescription"
          ]
        },
        {
          "@id": "https://data.datatourisme.fr/b9c07ec5-cf7f-36cc-9956-f4f1749de65e",
          "dc:contributor": [
            "https://api.deepl.com/v2/translate"
          ],
          "rdf:language": [
            "nl"
          ],
          "rdf:predicate": [
            "shortDescription"
          ]
        },
        {
          "@id": "https://data.datatourisme.fr/c9e8c342-8022-32b2-9ab6-c1425cf85597",
          "dc:contributor": [
            "https://api.deepl.com/v2/translate"
          ],
          "rdf:language": [
            "es"
          ],
          "rdf:predicate": [
            "shortDescription"
          ]
        }
      ],
      "shortDescription": {
        "de": [
          "L'Osteria empfängt Sie in L'Ile-Rousse in einem gepflegten Rahmen und einer freundlichen Atmosphäre. Entdecken Sie ihre Fleischspezialitäten und Produkte aus der Region"
        ],
        "en": [
          "L'Osteria welcomes you in a refined setting and friendly atmosphere. Come and taste meat specialties and local produce."
        ],
        "it": [
          "L'Osteria vi accoglie a L'Ile-Rousse in un ambiente curato e in un'atmosfera amichevole. Venite a scoprire le loro specialità di carne e i loro prodotti locali"
        ],
        "fr": [
          "L'Osteria vous accueille à L'Ile-Rousse dans un cadre soigné et une ambiance conviviale. Venez découvrir leurs spécialités de viandes et des produits du terroir"
        ],
        "nl": [
          "L'Osteria verwelkomt u in L'Ile-Rousse in een nette omgeving en een vriendelijke sfeer. Kom en ontdek hun vleesspecialiteiten en streekproducten"
        ],
        "es": [
          "L'Osteria le da la bienvenida a L'Ile-Rousse en un entorno cuidado y un ambiente acogedor. Venga a descubrir sus especialidades cárnicas y productos locales"
        ]
      }
    }
  ],
  "hasTheme": [
    {
      "@id": "kb:MediterraneanCuisine",
      "@type": [
        "CuisineCategory"
      ],
      "rdfs:label": {
        "de": [
          "Mediterrane Küche"
        ],
        "pt": [
          "Cozinha mediterrânica"
        ],
        "en": [
          "Mediterranean cuisine"
        ],
        "it": [
          "Cucina mediterranea"
        ],
        "fr": [
          "Cuisine méditerranéenne"
        ],
        "nl": [
          "Mediterrane keuken"
        ],
        "es": [
          "Cocina mediterránea"
        ]
      }
    }
  ],
  "hasTranslatedProperty": [
    {
      "@id": "https://data.datatourisme.fr/388cfad2-9a1d-354e-b388-4a176bfdfbd9",
      "dc:contributor": [
        "https://api.deepl.com/v2/translate"
      ],
      "rdf:language": [
        "nl"
      ],
      "rdf:predicate": [
        {
          "@id": "rdfs:comment"
        }
      ]
    },
    {
      "@id": "https://data.datatourisme.fr/921ae7bd-5c39-3126-ae38-8975d2bfa5b9",
      "dc:contributor": [
        "https://api.deepl.com/v2/translate"
      ],
      "rdf:language": [
        "es"
      ],
      "rdf:predicate": [
        {
          "@id": "rdfs:comment"
        }
      ]
    },
    {
      "@id": "https://data.datatourisme.fr/a048f3ee-6d83-3eaa-a1d9-e6d7a4aa24b7",
      "dc:contributor": [
        "https://api.deepl.com/v2/translate"
      ],
      "rdf:language": [
        "de"
      ],
      "rdf:predicate": [
        {
          "@id": "rdfs:comment"
        }
      ]
    },
    {
      "@id": "https://data.datatourisme.fr/d9a26d9e-1208-3590-bd4f-df790bfffdfd",
      "dc:contributor": [
        "https://api.deepl.com/v2/translate"
      ],
      "rdf:language": [
        "it"
      ],
      "rdf:predicate": [
        {
          "@id": "rdfs:comment"
        }
      ]
    }
  ],
  "isLocatedAt": [
    {
      "@id": "https://data.datatourisme.fr/008c3c4d-3aeb-3471-89a0-669baf1258c0",
      "schema:address": [
        {
          "@id": "https://data.datatourisme.fr/2612c20e-97cb-387d-8df5-8950148e08f6",
          "schema:addressLocality": "L'Île-Rousse",
          "schema:postalCode": "20220",
          "schema:streetAddress": [
            "Place Santelli"
          ],
          "@type": [
            "schema:PostalAddress",
            "PostalAddress"
          ],
          "hasAddressCity": {
            "@id": "kb:2B134",
            "@type": [
              "City"
            ],
            "rdfs:label": {
              "en": [
                "L'Île-Rousse"
              ],
              "fr": [
                "L'Île-Rousse"
              ]
            },
            "insee": "2B134",
            "isPartOfDepartment": {
              "@id": "kb:France942B",
              "@type": [
                "Department"
              ],
              "rdfs:label": {
                "en": [
                  "Haute-Corse"
                ],
                "fr": [
                  "Haute-Corse"
                ]
              },
              "insee": "2B",
              "isPartOfRegion": {
                "@id": "kb:France94",
                "@type": [
                  "Region"
                ],
                "rdfs:label": {
                  "en": [
                    "Corse"
                  ],
                  "fr": [
                    "Corse"
                  ]
                },
                "insee": "94",
                "isPartOfCountry": {
                  "@id": "kb:France",
                  "@type": [
                    "schema:Country"
                  ],
                  "rdfs:label": {
                    "de": [
                      "Frankreich"
                    ],
                    "pt": [
                      "França"
                    ],
                    "en": [
                      "France"
                    ],
                    "it": [
                      "Francia"
                    ],
                    "fr": [
                      "France"
                    ],
                    "nl": [
                      "Frankrijk"
                    ],
                    "es": [
                      "Francia"
                    ]
                  }
                }
              }
            }
          }
        }
      ],
      "schema:geo": {
        "@id": "https://data.datatourisme.fr/06b633eb-5dfe-3434-a4bd-6620f13097c6",
        "schema:latitude": "42.635361",
        "schema:longitude": "8.937289",
        "@type": [
          "schema:GeoCoordinates"
        ]
      },
      "schema:openingHoursSpecification": [
        {
          "@id": "https://data.datatourisme.fr/dfdb2dd3-16b8-32c2-ae6f-c179ed892b05",
          "schema:validFrom": "2023-01-01T00:00:00",
          "schema:validThrough": "2023-12-31T23:59:59",
          "@type": [
            "schema:OpeningHoursSpecification"
          ],
          "additionalInformation": {
            "de": [
              "Juli - August: Mittag- und Abendservice außer Sonntagmittag\r\nNovember - Mai: nur Abendservice von Montag bis Samstag\r\nJuni - September - Oktober: nur Abendservice."
            ],
            "en": [
              "July - August: lunch and dinner service except Sunday lunch\r\nFrom November to May : evening service only from Monday to Saturday\r\nJune - September - October : evening service only."
            ],
            "it": [
              "Luglio - agosto: servizio a pranzo e a cena, tranne la domenica a pranzo\r\nDa novembre a maggio: servizio serale solo da lunedì a sabato\r\nGiugno - settembre - ottobre: solo servizio serale."
            ],
            "fr": [
              "Juillet - Août : service midi et soir sauf le dimanche midi\r\nDe novembre à mai : le soir uniquement du lundi au samedi\r\nJuin - Septembre - Octobre : service du soir uniquement."
            ],
            "es": [
              "Julio - agosto: servicio de almuerzo y cena, excepto el almuerzo del domingo\r\nDe noviembre a mayo: servicio nocturno sólo de lunes a sábado\r\nJunio - septiembre - octubre: sólo servicio nocturno."
            ],
            "nl": [
              "Juli - augustus: lunch en diner behalve zondagmiddag\r\nNovember tot mei: alleen avonddienst van maandag tot zaterdag\r\nJuni - september - oktober: alleen avonddienst."
            ]
          },
          "hasTranslatedProperty": [
            {
              "@id": "https://data.datatourisme.fr/20a1d853-2e7d-32af-b170-33376fa56a0a",
              "dc:contributor": [
                "https://api.deepl.com/v2/translate"
              ],
              "rdf:language": [
                "en"
              ],
              "rdf:predicate": [
                "additionalInformation"
              ]
            },
            {
              "@id": "https://data.datatourisme.fr/257fbe5e-5f7e-3a2e-bfda-68b0f2c71707",
              "dc:contributor": [
                "https://api.deepl.com/v2/translate"
              ],
              "rdf:language": [
                "de"
              ],
              "rdf:predicate": [
                "additionalInformation"
              ]
            },
            {
              "@id": "https://data.datatourisme.fr/83bb8d32-49e3-384d-9793-cb3639beacf2",
              "dc:contributor": [
                "https://api.deepl.com/v2/translate"
              ],
              "rdf:language": [
                "it"
              ],
              "rdf:predicate": [
                "additionalInformation"
              ]
            },
            {
              "@id": "https://data.datatourisme.fr/922a68e8-0fec-3e0e-9d3a-d61df7ddf52e",
              "dc:contributor": [
                "https://api.deepl.com/v2/translate"
              ],
              "rdf:language": [
                "nl"
              ],
              "rdf:predicate": [
                "additionalInformation"
              ]
            },
            {
              "@id": "https://data.datatourisme.fr/a9e43f8f-9a5d-3ba6-9ffe-51f6d9475a9e",
              "dc:contributor": [
                "https://api.deepl.com/v2/translate"
              ],
              "rdf:language": [
                "es"
              ],
              "rdf:predicate": [
                "additionalInformation"
              ]
            }
          ]
        }
      ],
      "@type": [
        "schema:Place",
        "Place"
      ]
    }
  ],
  "isOwnedBy": [
    {
      "@id": "https://data.datatourisme.fr/252af22a-253d-33df-b9d7-204832749402",
      "schema:email": [
        "web@ileroussetourisme.com"
      ],
      "schema:legalName": "Office de Tourisme Intercommunal de L'Ile Rousse-Balagne",
      "@type": [
        "schema:Organization",
        "foaf:Agent",
        "Agent"
      ],
      "foaf:homepage": [
        "https://www.balagne-corsica.com/"
      ]
    }
  ],
  "lastUpdate": "2023-01-25",
  "lastUpdateDatatourisme": "2023-04-04T05:52:39.391Z",
  "offers": [
    {
      "@id": "https://data.datatourisme.fr/cd0db80a-aaa2-352c-add9-1b372dec09f8",
      "schema:priceSpecification": [
        {
          "@id": "https://data.datatourisme.fr/dddbed17-8368-3e60-aaa5-129c09f50ffd",
          "schema:maxPrice": [
            "11"
          ],
          "schema:minPrice": [
            "11",
            "15",
            "23",
            "25"
          ],
          "schema:priceCurrency": "EUR",
          "@type": [
            "schema:PriceSpecification",
            "PriceSpecification"
          ],
          "appliesOnPeriod": [
            {
              "@id": "https://data.datatourisme.fr/a425afdf-3594-300b-b55e-1858bafa3fd4",
              "@type": [
                "Period"
              ],
              "endDate": "2023-12-31",
              "startDate": "2023-01-01"
            }
          ]
        }
      ],
      "@type": [
        "schema:Offer",
        "Offer"
      ]
    }
  ],
  "providesCuisineOfType": [
    {
      "@id": "kb:MediterraneanCuisine",
      "@type": [
        "CuisineCategory"
      ],
      "rdfs:label": {
        "de": [
          "Mediterrane Küche"
        ],
        "pt": [
          "Cozinha mediterrânica"
        ],
        "en": [
          "Mediterranean cuisine"
        ],
        "it": [
          "Cucina mediterranea"
        ],
        "fr": [
          "Cuisine méditerranéenne"
        ],
        "nl": [
          "Mediterrane keuken"
        ],
        "es": [
          "Cocina mediterránea"
        ]
      }
    }
  ]
}