{
  "@id": "https://data.datatourisme.fr/13/0f42ad3b-4723-3ba4-989b-a8740bab7f13",
  "dc:identifier": "4931477",
  "@type": [
    "schema:Accommodation",
    "schema:FoodEstablishment",
    "schema:Hotel",
    "schema:LodgingBusiness",
    "schema:Restaurant",
    "Accommodation",
    "FoodEstablishment",
    "Hotel",
    "HotelRestaurant",
    "HotelTrade",
    "PlaceOfInterest",
    "PointOfInterest",
    "Restaurant"
  ],
  "rdfs:comment": {
    "de": [
      "Das Grand Hôtel in Calvi auf Korsika genießt eine außergewöhnliche Lage im Herzen des Badeortes. Es liegt nur wenige Schritte von den Geschäften, dem Hafen und den wichtigsten Touristenattraktionen der Balagne und vor allem vom feinen Sandstrand entfernt."
    ],
    "en": [
      "The Grand Hotel in Calvi in Corsica, enjoys an exceptional location, in the heart of the resort. Located a stone’s throw from the shops, the port and the main tourist attractions of Balagne and, above all, the sandy beach."
    ],
    "it": [
      "Il Grand Hotel di Calvi, in Corsica, gode di una posizione eccezionale nel cuore della stazione balneare. Si trova a due passi dai negozi, dal porto e dalle principali attrazioni turistiche della Balagna e, soprattutto, dalla spiaggia di sabbia fine."
    ],
    "fr": [
      "Le Grand Hôtel à Calvi en Corse, jouit d'un emplacement exceptionnel, au coeur de la station balnéaire. Situé à deux pas des commerces, du port et des principales attractions touristiques de Balagne et, surtout, de la plage de sable fin."
    ],
    "nl": [
      "Het Grand Hotel in Calvi, Corsica, heeft een uitzonderlijke ligging in het hart van de badplaats. Het ligt op een steenworp afstand van de winkels, de haven en de belangrijkste toeristische attracties van Balagne en vooral van het fijne zandstrand."
    ],
    "es": [
      "El Grand Hotel de Calvi, en Córcega, goza de una ubicación excepcional en el corazón de la estación balnearia. Está a un paso de las tiendas, del puerto y de las principales atracciones turísticas de Balagne y, sobre todo, de la playa de arena fina."
    ]
  },
  "rdfs:label": {
    "fr": [
      "Le Grand Hôtel"
    ]
  },
  "hasBeenCreatedBy": {
    "@id": "https://data.datatourisme.fr/13/e4873aa9-a05c-35ed-8395-61d121516766",
    "dc:identifier": "1646",
    "schema:email": [
      "info@balagne-corsica.com"
    ],
    "schema:legalName": "Office de Tourisme Intercommunal Calvi - Balagne",
    "@type": [
      "schema:Organization",
      "foaf:Agent",
      "Agent"
    ],
    "foaf:homepage": [
      "https://www.balagne-corsica.com/"
    ]
  },
  "hasBeenPublishedBy": [
    {
      "@id": "https://data.datatourisme.fr/8a9feb4b-2cbd-3d2c-b507-bd6c6776b23b",
      "schema:legalName": "Apidae Tourisme Scic SA - source : Apidae Tourisme",
      "@type": [
        "schema:Organization",
        "foaf:Agent",
        "Agent"
      ],
      "foaf:homepage": [
        "https://www.apidae-tourisme.com/"
      ]
    }
  ],
  "hasContact": [
    {
      "@id": "https://data.datatourisme.fr/bcfd908b-5dd9-32fe-8203-9c13501684ac",
      "schema:email": [
        "contacts@grand-hotel-calvi.com"
      ],
      "schema:telephone": [
        "+33 4 95 65 09 74"
      ],
      "@type": [
        "foaf:Agent",
        "Agent"
      ],
      "foaf:homepage": [
        "http://www.grand-hotel-calvi.com/"
      ]
    }
  ],
  "hasDescription": [
    {
      "@id": "https://data.datatourisme.fr/d89fe92d-44cb-311a-ba83-b836f6b7e5b0",
      "@type": [
        "Description"
      ],
      "hasTranslatedProperty": [
        {
          "@id": "https://data.datatourisme.fr/01627b63-bdba-3d58-a30b-8a77d9b795bc",
          "dc:contributor": [
            "https://api.deepl.com/v2/translate"
          ],
          "rdf:language": [
            "de"
          ],
          "rdf:predicate": [
            "shortDescription"
          ]
        },
        {
          "@id": "https://data.datatourisme.fr/845b928e-134a-30f8-9bf1-9b8d3becfe19",
          "dc:contributor": [
            "https://api.deepl.com/v2/translate"
          ],
          "rdf:language": [
            "nl"
          ],
          "rdf:predicate": [
            "shortDescription"
          ]
        },
        {
          "@id": "https://data.datatourisme.fr/eaad9108-3174-3bb0-8619-3f34862ce234",
          "dc:contributor": [
            "https://api.deepl.com/v2/translate"
          ],
          "rdf:language": [
            "es"
          ],
          "rdf:predicate": [
            "shortDescription"
          ]
        }
      ],
      "shortDescription": {
        "de": [
          "Das Grand Hôtel in Calvi auf Korsika genießt eine außergewöhnliche Lage im Herzen des Badeortes. Es liegt nur wenige Schritte von den Geschäften, dem Hafen und den wichtigsten Touristenattraktionen der Balagne und vor allem vom feinen Sandstrand entfernt."
        ],
        "en": [
          "The Grand Hotel in Calvi in Corsica, enjoys an exceptional location, in the heart of the resort. Located a stone’s throw from the shops, the port and the main tourist attractions of Balagne and, above all, the sandy beach."
        ],
        "it": [
          "Il Grand Hotel di Calvi, in Corsica, gode di una posizione eccezionale nel cuore della stazione balneare. Si trova a due passi dai negozi, dal porto e dalle principali attrazioni turistiche della Balagna e, soprattutto, dalla spiaggia di sabbia fine."
        ],
        "fr": [
          "Le Grand Hôtel à Calvi en Corse, jouit d'un emplacement exceptionnel, au coeur de la station balnéaire. Situé à deux pas des commerces, du port et des principales attractions touristiques de Balagne et, surtout, de la plage de sable fin."
        ],
        "nl": [
          "Het Grand Hotel in Calvi, Corsica, heeft een uitzonderlijke ligging in het hart van de badplaats. Het ligt op een steenworp afstand van de winkels, de haven en de belangrijkste toeristische attracties van Balagne en vooral van het fijne zandstrand."
        ],
        "es": [
          "El Grand Hotel de Calvi, en Córcega, goza de una ubicación excepcional en el corazón de la estación balnearia. Está a un paso de las tiendas, del puerto y de las principales atracciones turísticas de Balagne y, sobre todo, de la playa de arena fina."
        ]
      }
    }
  ],
  "hasTranslatedProperty": [
    {
      "@id": "https://data.datatourisme.fr/510d1192-a177-34e0-ad33-bca52391f099",
      "dc:contributor": [
        "https://api.deepl.com/v2/translate"
      ],
      "rdf:language": [
        "es"
      ],
      "rdf:predicate": [
        {
          "@id": "rdfs:comment"
        }
      ]
    },
    {
      "@id": "https://data.datatourisme.fr/56a68411-ac9d-375c-8623-30d908b76926",
      "dc:contributor": [
        "https://api.deepl.com/v2/translate"
      ],
      "rdf:language": [
        "nl"
      ],
      "rdf:predicate": [
        {
          "@id": "rdfs:comment"
        }
      ]
    },
    {
      "@id": "https://data.datatourisme.fr/5c8a870f-ab9d-3153-8035-4286e45fac62",
      "dc:contributor": [
        "https://api.deepl.com/v2/translate"
      ],
      "rdf:language": [
        "de"
      ],
      "rdf:predicate": [
        {
          "@id": "rdfs:comment"
        }
      ]
    }
  ],
  "isLocatedAt": [
    {
      "@id": "https://data.datatourisme.fr/dba4b9dc-c95a-3049-a1fd-6ce9d8594186",
      "schema:address": [
        {
          "@id": "https://data.datatourisme.fr/b1004bae-f8fd-34c2-9dc1-00896ed66aed",
          "schema:addressLocality": "Calvi",
          "schema:postalCode": "20260",
          "schema:streetAddress": [
            "Boulevard Wilson"
          ],
          "@type": [
            "schema:PostalAddress",
            "PostalAddress"
          ],
          "hasAddressCity": {
            "@id": "kb:2B050",
            "@type": [
              "City"
            ],
            "rdfs:label": {
              "en": [
                "Calvi"
              ],
              "fr": [
                "Calvi"
              ]
            },
            "insee": "2B050",
            "isPartOfDepartment": {
              "@id": "kb:France942B",
              "@type": [
                "Department"
              ],
              "rdfs:label": {
                "en": [
                  "Haute-Corse"
                ],
                "fr": [
                  "Haute-Corse"
                ]
              },
              "insee": "2B",
              "isPartOfRegion": {
                "@id": "kb:France94",
                "@type": [
                  "Region"
                ],
                "rdfs:label": {
                  "en": [
                    "Corse"
                  ],
                  "fr": [
                    "Corse"
                  ]
                },
                "insee": "94",
                "isPartOfCountry": {
                  "@id": "kb:France",
                  "@type": [
                    "schema:Country"
                  ],
                  "rdfs:label": {
                    "de": [
                      "Frankreich"
                    ],
                    "pt": [
                      "França"
                    ],
                    "en": [
                      "France"
                    ],
                    "it": [
                      "Francia"
                    ],
                    "fr": [
                      "France"
                    ],
                    "nl": [
                      "Frankrijk"
                    ],
                    "es": [
                      "Francia"
                    ]
                  }
                }
              }
            }
          }
        }
      ],
      "schema:geo": {
        "@id": "https://data.datatourisme.fr/a2fed3d1-3aca-399e-bc48-1b69a87650ef",
        "schema:latitude": "42.566253",
        "schema:longitude": "8.756348",
        "@type": [
          "schema:GeoCoordinates"
        ]
      },
      "schema:openingHoursSpecification": [
        {
          "@id": "https://data.datatourisme.fr/f87e535a-636d-3343-ad63-8a03392e7511",
          "schema:validFrom": "2023-01-01T00:00:00",
          "schema:validThrough": "2023-12-31T23:59:59",
          "@type": [
            "schema:OpeningHoursSpecification"
          ]
        }
      ],
      "@type": [
        "schema:Place",
        "Place"
      ]
    }
  ],
  "isOwnedBy": [
    {
      "@id": "https://data.datatourisme.fr/194c52e6-bbae-33dc-8464-caca97844fbb",
      "schema:email": [
        "info@balagne-corsica.com"
      ],
      "schema:legalName": "Office de Tourisme Intercommunal Calvi - Balagne",
      "@type": [
        "schema:Organization",
        "foaf:Agent",
        "Agent"
      ],
      "foaf:homepage": [
        "https://www.balagne-corsica.com/"
      ]
    }
  ],
  "lastUpdate": "2022-06-30",
  "lastUpdateDatatourisme": "2023-04-04T05:52:39.299Z",
  "offers": [
    {
      "@id": "https://data.datatourisme.fr/b405bc43-b896-32ea-8898-fd3030227af9",
      "schema:priceSpecification": [
        {
          "@id": "https://data.datatourisme.fr/e10f0b4d-4ea0-3f3a-97ac-fa3efb43c216",
          "schema:maxPrice": [
            "1.35",
            "12"
          ],
          "schema:minPrice": [
            "1.35",
            "110",
            "12",
            "75"
          ],
          "schema:priceCurrency": "EUR",
          "@type": [
            "schema:PriceSpecification",
            "PriceSpecification"
          ],
          "appliesOnPeriod": [
            {
              "@id": "https://data.datatourisme.fr/0663ca4b-3470-3171-9053-39aa704e8f56",
              "@type": [
                "Period"
              ],
              "endDate": "2022-12-31",
              "startDate": "2022-01-01"
            }
          ]
        }
      ],
      "@type": [
        "schema:Offer",
        "Offer"
      ]
    }
  ]
}