{
  "@id": "https://data.datatourisme.fr/13/0f27583e-906b-34b0-a2cb-7f9bd9bd0d2f",
  "dc:identifier": "5234316",
  "@type": [
    "schema:LocalBusiness",
    "ActivityProvider",
    "PlaceOfInterest",
    "PointOfInterest",
    "Store"
  ],
  "rdfs:comment": {
    "de": [
      "Freizeit-Kartbahn für die ganze Familie, vom Anfänger bis zum erfahrenen Fahrer. Ab einem Alter von 7 Jahren. 900 m lange Outdoor-Kartbahn mit Anzeigetafel auf Reservierung und Kinderbahn ab 3 Jahren."
    ],
    "en": [
      "Recreational karting circuit for the whole family, from beginners to experienced drivers. From 7 years old. Outdoor karting circuit of 900 m with display panel on reservation and children's track from 3 years old."
    ],
    "it": [
      "Circuito di karting per il tempo libero per tutta la famiglia, dai principianti ai piloti esperti. A partire da 7 anni. 900 m di circuito di karting all'aperto con pannello di visualizzazione su prenotazione e pista per bambini a partire da 3 anni."
    ],
    "fr": [
      "Circuit karting loisir pour toute la famille, du débutant au pilote confirmé. A partir de 7 ans. Circuit de karting extérieur de 900 m avec panneau d'affichage sur réservation et piste enfant à partir de 3 ans."
    ],
    "nl": [
      "Vrijetijdskartbaan voor het hele gezin, van beginners tot ervaren coureurs. Vanaf 7 jaar. 900 m outdoor karting circuit met display op reservering en kinderbaan vanaf 3 jaar."
    ],
    "es": [
      "Circuito de karts de ocio para toda la familia, desde los principiantes hasta los pilotos experimentados. A partir de 7 años. Circuito de karts al aire libre de 900 m con panel de visualización en la reserva y pista para niños a partir de 3 años."
    ]
  },
  "rdfs:label": {
    "fr": [
      "Prokart Figari"
    ]
  },
  "hasBeenCreatedBy": {
    "@id": "https://data.datatourisme.fr/13/84c6494d-3085-3c63-a55c-db8cb047fadd",
    "dc:identifier": "1738",
    "schema:email": [
      "camillef.omt@gmail.com",
      "direction@destination-sudcorse.com",
      "gestion@destination-sudcorse.com",
      "promotion@destination-sudcorse.com",
      "webmaster@destination-sudcorse.com"
    ],
    "schema:legalName": "Porto Vecchio Tourisme",
    "@type": [
      "schema:Organization",
      "foaf:Agent",
      "Agent"
    ],
    "foaf:homepage": [
      "http://www.ot-portovecchio.com/"
    ]
  },
  "hasBeenPublishedBy": [
    {
      "@id": "https://data.datatourisme.fr/8a9feb4b-2cbd-3d2c-b507-bd6c6776b23b",
      "schema:legalName": "Apidae Tourisme Scic SA - source : Apidae Tourisme",
      "@type": [
        "schema:Organization",
        "foaf:Agent",
        "Agent"
      ],
      "foaf:homepage": [
        "https://www.apidae-tourisme.com/"
      ]
    }
  ],
  "hasContact": [
    {
      "@id": "https://data.datatourisme.fr/49b8cdb7-51fd-318f-8a12-233cb26c2603",
      "schema:email": [
        "prokart2a@orange.fr"
      ],
      "schema:telephone": [
        "+33 4 95 71 06 48",
        "+33 6 20 93 40 77"
      ],
      "@type": [
        "foaf:Agent",
        "Agent"
      ]
    }
  ],
  "hasDescription": [
    {
      "@id": "https://data.datatourisme.fr/0866cde1-d484-3258-bb83-3621ba235342",
      "@type": [
        "Description"
      ],
      "hasTranslatedProperty": [
        {
          "@id": "https://data.datatourisme.fr/10ca14d9-4464-342e-8c0a-2a60beb4cdb4",
          "dc:contributor": [
            "https://api.deepl.com/v2/translate"
          ],
          "rdf:language": [
            "en"
          ],
          "rdf:predicate": [
            "shortDescription"
          ]
        },
        {
          "@id": "https://data.datatourisme.fr/3e1710f1-3a06-32c8-bf06-43bb9ffc4d86",
          "dc:contributor": [
            "https://api.deepl.com/v2/translate"
          ],
          "rdf:language": [
            "de"
          ],
          "rdf:predicate": [
            "shortDescription"
          ]
        },
        {
          "@id": "https://data.datatourisme.fr/71bd0ecb-1867-351f-8c93-9a57ddd52cd5",
          "dc:contributor": [
            "https://api.deepl.com/v2/translate"
          ],
          "rdf:language": [
            "it"
          ],
          "rdf:predicate": [
            "shortDescription"
          ]
        },
        {
          "@id": "https://data.datatourisme.fr/938d9467-05f0-382c-8770-4697260b4cc3",
          "dc:contributor": [
            "https://api.deepl.com/v2/translate"
          ],
          "rdf:language": [
            "nl"
          ],
          "rdf:predicate": [
            "shortDescription"
          ]
        },
        {
          "@id": "https://data.datatourisme.fr/cb3c29b4-e886-3299-85d5-d55ede635c0b",
          "dc:contributor": [
            "https://api.deepl.com/v2/translate"
          ],
          "rdf:language": [
            "es"
          ],
          "rdf:predicate": [
            "shortDescription"
          ]
        }
      ],
      "shortDescription": {
        "de": [
          "Freizeit-Kartbahn für die ganze Familie, vom Anfänger bis zum erfahrenen Fahrer. Ab einem Alter von 7 Jahren. 900 m lange Outdoor-Kartbahn mit Anzeigetafel auf Reservierung und Kinderbahn ab 3 Jahren."
        ],
        "en": [
          "Recreational karting circuit for the whole family, from beginners to experienced drivers. From 7 years old. Outdoor karting circuit of 900 m with display panel on reservation and children's track from 3 years old."
        ],
        "it": [
          "Circuito di karting per il tempo libero per tutta la famiglia, dai principianti ai piloti esperti. A partire da 7 anni. 900 m di circuito di karting all'aperto con pannello di visualizzazione su prenotazione e pista per bambini a partire da 3 anni."
        ],
        "fr": [
          "Circuit karting loisir pour toute la famille, du débutant au pilote confirmé. A partir de 7 ans. Circuit de karting extérieur de 900 m avec panneau d'affichage sur réservation et piste enfant à partir de 3 ans."
        ],
        "nl": [
          "Vrijetijdskartbaan voor het hele gezin, van beginners tot ervaren coureurs. Vanaf 7 jaar. 900 m outdoor karting circuit met display op reservering en kinderbaan vanaf 3 jaar."
        ],
        "es": [
          "Circuito de karts de ocio para toda la familia, desde los principiantes hasta los pilotos experimentados. A partir de 7 años. Circuito de karts al aire libre de 900 m con panel de visualización en la reserva y pista para niños a partir de 3 años."
        ]
      }
    }
  ],
  "hasTheme": [
    {
      "@id": "kb:Karting",
      "@type": [
        "SportsTheme"
      ],
      "rdfs:label": {
        "de": [
          "Karting"
        ],
        "pt": [
          "Corrida de karts"
        ],
        "en": [
          "Karting"
        ],
        "it": [
          "Karting"
        ],
        "fr": [
          "Karting"
        ],
        "es": [
          "Karts"
        ],
        "nl": [
          "Karten"
        ]
      }
    }
  ],
  "hasTranslatedProperty": [
    {
      "@id": "https://data.datatourisme.fr/07a747a4-d41c-3a6e-b83e-6bca1a6cb30e",
      "dc:contributor": [
        "https://api.deepl.com/v2/translate"
      ],
      "rdf:language": [
        "de"
      ],
      "rdf:predicate": [
        {
          "@id": "rdfs:comment"
        }
      ]
    },
    {
      "@id": "https://data.datatourisme.fr/4f63a5f8-db8e-3222-8a24-2dc414694abe",
      "dc:contributor": [
        "https://api.deepl.com/v2/translate"
      ],
      "rdf:language": [
        "es"
      ],
      "rdf:predicate": [
        {
          "@id": "rdfs:comment"
        }
      ]
    },
    {
      "@id": "https://data.datatourisme.fr/5c3a5a4b-8262-363e-b9a7-b7613e94f5eb",
      "dc:contributor": [
        "https://api.deepl.com/v2/translate"
      ],
      "rdf:language": [
        "en"
      ],
      "rdf:predicate": [
        {
          "@id": "rdfs:comment"
        }
      ]
    },
    {
      "@id": "https://data.datatourisme.fr/5e3d4801-c8f0-34ef-b9b0-07739a1e0e67",
      "dc:contributor": [
        "https://api.deepl.com/v2/translate"
      ],
      "rdf:language": [
        "it"
      ],
      "rdf:predicate": [
        {
          "@id": "rdfs:comment"
        }
      ]
    },
    {
      "@id": "https://data.datatourisme.fr/fbab7ee3-22d1-3c31-bc89-4e93f0b3cc3a",
      "dc:contributor": [
        "https://api.deepl.com/v2/translate"
      ],
      "rdf:language": [
        "nl"
      ],
      "rdf:predicate": [
        {
          "@id": "rdfs:comment"
        }
      ]
    }
  ],
  "isLocatedAt": [
    {
      "@id": "https://data.datatourisme.fr/ac1dde60-9f33-3811-9992-080afe09ad4c",
      "schema:address": [
        {
          "@id": "https://data.datatourisme.fr/fec48cec-6bd9-336f-9658-8e0f614ab8ba",
          "schema:addressLocality": "Figari",
          "schema:postalCode": "20114",
          "schema:streetAddress": [
            "Route du stade"
          ],
          "@type": [
            "schema:PostalAddress",
            "PostalAddress"
          ],
          "hasAddressCity": {
            "@id": "kb:2A114",
            "@type": [
              "City"
            ],
            "rdfs:label": {
              "en": [
                "Figari"
              ],
              "fr": [
                "Figari"
              ]
            },
            "insee": "2A114",
            "isPartOfDepartment": {
              "@id": "kb:France942A",
              "@type": [
                "Department"
              ],
              "rdfs:label": {
                "en": [
                  "Corse-du-Sud"
                ],
                "fr": [
                  "Corse-du-Sud"
                ]
              },
              "insee": "2A",
              "isPartOfRegion": {
                "@id": "kb:France94",
                "@type": [
                  "Region"
                ],
                "rdfs:label": {
                  "en": [
                    "Corse"
                  ],
                  "fr": [
                    "Corse"
                  ]
                },
                "insee": "94",
                "isPartOfCountry": {
                  "@id": "kb:France",
                  "@type": [
                    "schema:Country"
                  ],
                  "rdfs:label": {
                    "de": [
                      "Frankreich"
                    ],
                    "pt": [
                      "França"
                    ],
                    "en": [
                      "France"
                    ],
                    "it": [
                      "Francia"
                    ],
                    "fr": [
                      "France"
                    ],
                    "nl": [
                      "Frankrijk"
                    ],
                    "es": [
                      "Francia"
                    ]
                  }
                }
              }
            }
          }
        }
      ],
      "schema:geo": {
        "@id": "https://data.datatourisme.fr/a7f5a574-c904-379e-bced-3d7ed8f8fbce",
        "schema:latitude": "41.48755",
        "schema:longitude": "9.115528",
        "@type": [
          "schema:GeoCoordinates"
        ]
      },
      "schema:openingHoursSpecification": [
        {
          "@id": "https://data.datatourisme.fr/ec30a23a-1de7-37df-8fac-27e4f911416c",
          "schema:validFrom": "2023-04-01T00:00:00",
          "schema:validThrough": "2023-11-15T23:59:59",
          "@type": [
            "schema:OpeningHoursSpecification"
          ],
          "additionalInformation": {
            "de": [
              "Montag, Dienstag, Mittwoch, Donnerstag, Freitag, Samstag, Sonntag: geöffnet\n\nMontag, Dienstag, Mittwoch, Donnerstag, Freitag, Samstag, Sonntag: geöffnet\nstundenplan cf google"
            ],
            "en": [
              "Monday, Tuesday, Wednesday, Thursday, Friday, Saturday, Sunday: open\n\nMonday, Tuesday, Wednesday, Thursday, Friday, Saturday, Sunday : open\nschedules cf google"
            ],
            "it": [
              "Lunedì, martedì, mercoledì, giovedì, venerdì, sabato, domenica: aperto\n\nLunedì, martedì, mercoledì, giovedì, venerdì, sabato, domenica: aperto\norario vedi google"
            ],
            "fr": [
              "Lundi, Mardi, Mercredi, Jeudi, Vendredi, Samedi, Dimanche : ouvert\n\nLundi, Mardi, Mercredi, Jeudi, Vendredi, Samedi, Dimanche : ouvert\nhoraires cf google"
            ],
            "nl": [
              "Maandag, dinsdag, woensdag, donderdag, vrijdag, zaterdag, zondag: open\n\nMaandag, dinsdag, woensdag, donderdag, vrijdag, zaterdag, zondag: open\ndienstregeling zie google"
            ],
            "es": [
              "Lunes, martes, miércoles, jueves, viernes, sábado y domingo: abierto\n\nLunes, martes, miércoles, jueves, viernes, sábado y domingo: abierto\nhorario ver google"
            ]
          },
          "hasTranslatedProperty": [
            {
              "@id": "https://data.datatourisme.fr/3dd4f947-e76c-315b-b1f2-ba8ec0601b7b",
              "dc:contributor": [
                "https://api.deepl.com/v2/translate"
              ],
              "rdf:language": [
                "it"
              ],
              "rdf:predicate": [
                "additionalInformation"
              ]
            },
            {
              "@id": "https://data.datatourisme.fr/5aad2280-be86-38e1-9101-f9679df8159a",
              "dc:contributor": [
                "https://api.deepl.com/v2/translate"
              ],
              "rdf:language": [
                "de"
              ],
              "rdf:predicate": [
                "additionalInformation"
              ]
            },
            {
              "@id": "https://data.datatourisme.fr/7b3eed47-8d96-3ad7-94f0-27d301a0793b",
              "dc:contributor": [
                "https://api.deepl.com/v2/translate"
              ],
              "rdf:language": [
                "en"
              ],
              "rdf:predicate": [
                "additionalInformation"
              ]
            },
            {
              "@id": "https://data.datatourisme.fr/afa63434-ab00-3813-b3e5-06a8f3eeac65",
              "dc:contributor": [
                "https://api.deepl.com/v2/translate"
              ],
              "rdf:language": [
                "nl"
              ],
              "rdf:predicate": [
                "additionalInformation"
              ]
            },
            {
              "@id": "https://data.datatourisme.fr/b7ace677-0081-3d02-91d4-2f6c6ba0402b",
              "dc:contributor": [
                "https://api.deepl.com/v2/translate"
              ],
              "rdf:language": [
                "es"
              ],
              "rdf:predicate": [
                "additionalInformation"
              ]
            }
          ]
        }
      ],
      "@type": [
        "schema:Place",
        "Place"
      ]
    }
  ],
  "isOwnedBy": [
    {
      "@id": "https://data.datatourisme.fr/f5f950f9-5eec-32b4-a357-2c969ccf4068",
      "schema:email": [
        "camillef.omt@gmail.com",
        "direction@destination-sudcorse.com",
        "gestion@destination-sudcorse.com",
        "promotion@destination-sudcorse.com",
        "webmaster@destination-sudcorse.com"
      ],
      "schema:legalName": "Porto Vecchio Tourisme",
      "@type": [
        "schema:Organization",
        "foaf:Agent",
        "Agent"
      ],
      "foaf:homepage": [
        "http://www.ot-portovecchio.com/"
      ]
    }
  ],
  "lastUpdate": "2023-02-20",
  "lastUpdateDatatourisme": "2023-02-21T06:40:31.676Z",
  "offers": [
    {
      "@id": "https://data.datatourisme.fr/0171dbc3-9264-324b-aa85-f43b67bf2094",
      "schema:priceSpecification": [
        {
          "@id": "https://data.datatourisme.fr/09a65426-ee76-3f81-bb7a-6aa4b51abdc1",
          "schema:minPrice": [
            "22"
          ],
          "schema:priceCurrency": "EUR",
          "@type": [
            "schema:PriceSpecification",
            "PriceSpecification"
          ],
          "appliesOnPeriod": [
            {
              "@id": "https://data.datatourisme.fr/b4a2814b-2b3d-371b-94af-550631f3e2fd",
              "@type": [
                "Period"
              ],
              "endDate": "2023-11-15",
              "startDate": "2023-04-01"
            }
          ]
        }
      ],
      "@type": [
        "schema:Offer",
        "Offer"
      ]
    }
  ]
}