{
  "@id": "https://data.datatourisme.fr/13/a28b1be8-3226-3ba9-82e2-f47b407132a9",
  "dc:identifier": "5216457",
  "@type": [
    "schema:LocalBusiness",
    "ActivityProvider",
    "PlaceOfInterest",
    "PointOfInterest",
    "Store"
  ],
  "rdfs:comment": {
    "de": [
      "Die Spezialisten für Windsurfen, Wing Foil, Wind Foil, Paddle, Riesenpaddle, Kajak und Funboat.  Für jeden Geschmack und jedes Alter ist etwas dabei! Kurse, Privatunterricht und Verleih. Segelschule Nr. 1 in Südkorsika."
    ],
    "en": [
      "The specialists of Windsurf, Wing foil, Wind foil, Paddle, Giant Paddle, Kayak and Funboat.  There is something for all tastes and all ages! Training courses, private lessons and rentals. Sailing school N° 1 in South Corsica."
    ],
    "it": [
      "Specializzati in Windsurf, Wing foil, Wind foil, Paddle, Giant Paddle, Kayak e Funboat.  Ce n'è per tutti i gusti e per tutte le età! Corsi, lezioni private e noleggio. Scuola di vela n° 1 in Corsica del Sud."
    ],
    "fr": [
      "Les spécialistes du Windsurf, du Wing foil, du Wind foil, Paddle, Paddle géant, Kayak et Funboat.  Il y en a pour tous les goûts et tous les âges ! Stages, cours particuliers et location. Ecole de voile N° 1 en Corse du Sud."
    ],
    "nl": [
      "Specialisten in Windsurf, Wing foil, Wind foil, Paddle, Giant Paddle, Kayak en Funboat.  Er is iets voor alle smaken en alle leeftijden! Cursussen, privélessen en verhuur. Zeilschool nr. 1 in Zuid-Corsica."
    ],
    "es": [
      "Especialistas en Windsurf, Wing foil, Wind foil, Paddle, Giant Paddle, Kayak y Funboat.  Hay para todos los gustos y todas las edades Cursos, clases particulares y alquileres. Escuela de vela N° 1 en Córcega del Sur."
    ]
  },
  "rdfs:label": {
    "fr": [
      "Club nautique de Santa Giulia"
    ]
  },
  "hasBeenCreatedBy": {
    "@id": "https://data.datatourisme.fr/13/84c6494d-3085-3c63-a55c-db8cb047fadd",
    "dc:identifier": "1738",
    "schema:email": [
      "camillef.omt@gmail.com",
      "direction@destination-sudcorse.com",
      "gestion@destination-sudcorse.com",
      "promotion@destination-sudcorse.com",
      "webmaster@destination-sudcorse.com"
    ],
    "schema:legalName": "Porto Vecchio Tourisme",
    "@type": [
      "schema:Organization",
      "foaf:Agent",
      "Agent"
    ],
    "foaf:homepage": [
      "http://www.ot-portovecchio.com/"
    ]
  },
  "hasBeenPublishedBy": [
    {
      "@id": "https://data.datatourisme.fr/8a9feb4b-2cbd-3d2c-b507-bd6c6776b23b",
      "schema:legalName": "Apidae Tourisme Scic SA - source : Apidae Tourisme",
      "@type": [
        "schema:Organization",
        "foaf:Agent",
        "Agent"
      ],
      "foaf:homepage": [
        "https://www.apidae-tourisme.com/"
      ]
    }
  ],
  "hasContact": [
    {
      "@id": "https://data.datatourisme.fr/0413ca5d-b490-3f6c-8153-6d20af1b2928",
      "schema:email": [
        "clubnautiquesantagiulia@gmail.com"
      ],
      "schema:telephone": [
        "+33 4 95 70 58 62"
      ],
      "@type": [
        "foaf:Agent",
        "Agent"
      ],
      "foaf:homepage": [
        "http://www.club-nautique.fr/"
      ]
    }
  ],
  "hasDescription": [
    {
      "@id": "https://data.datatourisme.fr/b6e20598-a2b1-3b07-bdca-13b87d79263e",
      "@type": [
        "Description"
      ],
      "hasTranslatedProperty": [
        {
          "@id": "https://data.datatourisme.fr/3f810fd7-fd26-36cc-bc79-34b9de8f787c",
          "dc:contributor": [
            "https://api.deepl.com/v2/translate"
          ],
          "rdf:language": [
            "es"
          ],
          "rdf:predicate": [
            "shortDescription"
          ]
        },
        {
          "@id": "https://data.datatourisme.fr/93cf7c73-6552-3b7e-a141-6af5ed52d2e1",
          "dc:contributor": [
            "https://api.deepl.com/v2/translate"
          ],
          "rdf:language": [
            "it"
          ],
          "rdf:predicate": [
            "shortDescription"
          ]
        },
        {
          "@id": "https://data.datatourisme.fr/b94bbb34-d987-3993-888c-259d724a6286",
          "dc:contributor": [
            "https://api.deepl.com/v2/translate"
          ],
          "rdf:language": [
            "en"
          ],
          "rdf:predicate": [
            "shortDescription"
          ]
        },
        {
          "@id": "https://data.datatourisme.fr/dc1ca64e-c5eb-38ee-bbed-10791b9da66d",
          "dc:contributor": [
            "https://api.deepl.com/v2/translate"
          ],
          "rdf:language": [
            "nl"
          ],
          "rdf:predicate": [
            "shortDescription"
          ]
        },
        {
          "@id": "https://data.datatourisme.fr/ff10734f-a0e5-32ed-b490-f99a68daf0a4",
          "dc:contributor": [
            "https://api.deepl.com/v2/translate"
          ],
          "rdf:language": [
            "de"
          ],
          "rdf:predicate": [
            "shortDescription"
          ]
        }
      ],
      "shortDescription": {
        "de": [
          "Die Spezialisten für Windsurfen, Wing Foil, Wind Foil, Paddle, Riesenpaddle, Kajak und Funboat.  Für jeden Geschmack und jedes Alter ist etwas dabei! Kurse, Privatunterricht und Verleih. Segelschule Nr. 1 in Südkorsika."
        ],
        "en": [
          "The specialists of Windsurf, Wing foil, Wind foil, Paddle, Giant Paddle, Kayak and Funboat.  There is something for all tastes and all ages! Training courses, private lessons and rentals. Sailing school N° 1 in South Corsica."
        ],
        "it": [
          "Specializzati in Windsurf, Wing foil, Wind foil, Paddle, Giant Paddle, Kayak e Funboat.  Ce n'è per tutti i gusti e per tutte le età! Corsi, lezioni private e noleggio. Scuola di vela n° 1 in Corsica del Sud."
        ],
        "fr": [
          "Les spécialistes du Windsurf, du Wing foil, du Wind foil, Paddle, Paddle géant, Kayak et Funboat.  Il y en a pour tous les goûts et tous les âges ! Stages, cours particuliers et location. Ecole de voile N° 1 en Corse du Sud."
        ],
        "nl": [
          "Specialisten in Windsurf, Wing foil, Wind foil, Paddle, Giant Paddle, Kayak en Funboat.  Er is iets voor alle smaken en alle leeftijden! Cursussen, privélessen en verhuur. Zeilschool nr. 1 in Zuid-Corsica."
        ],
        "es": [
          "Especialistas en Windsurf, Wing foil, Wind foil, Paddle, Giant Paddle, Kayak y Funboat.  Hay para todos los gustos y todas las edades Cursos, clases particulares y alquileres. Escuela de vela N° 1 en Córcega del Sur."
        ]
      }
    }
  ],
  "hasTheme": [
    {
      "@id": "kb:SeaKayaking",
      "@type": [
        "SportsTheme"
      ],
      "rdfs:label": {
        "de": [
          "Seekajak"
        ],
        "pt": [
          "Caiaque marítimo"
        ],
        "en": [
          "Sea kayaking"
        ],
        "it": [
          "Kayak da mare"
        ],
        "fr": [
          "Kayak de mer"
        ],
        "nl": [
          "Zeekajakken"
        ],
        "es": [
          "Kayak de mar"
        ]
      }
    },
    {
      "@id": "kb:SportSailing",
      "@type": [
        "SportsTheme"
      ],
      "rdfs:label": {
        "de": [
          "Segelsport"
        ],
        "pt": [
          "Desporto à vela"
        ],
        "en": [
          "Sport sailing"
        ],
        "it": [
          "Sport di vela"
        ],
        "fr": [
          "Sport à voile"
        ],
        "nl": [
          "Zeilsport"
        ],
        "es": [
          "Deportes de vela"
        ]
      }
    },
    {
      "@id": "kb:StandupPaddleboarding",
      "@type": [
        "SportsTheme"
      ],
      "rdfs:label": {
        "de": [
          "Stand-up Paddle (SUP)"
        ],
        "pt": [
          "Paddle de pé (SUP)"
        ],
        "en": [
          "Standup paddleboarding"
        ],
        "it": [
          "Stand up paddle (SUP)"
        ],
        "fr": [
          "Stand up paddle sup"
        ],
        "es": [
          "Tabla de pádel surf"
        ],
        "nl": [
          "Suppen"
        ]
      }
    },
    {
      "@id": "kb:Windsurfing",
      "@type": [
        "SportsTheme"
      ],
      "rdfs:label": {
        "de": [
          "Windsurfen"
        ],
        "pt": [
          "Prancha à vela"
        ],
        "en": [
          "Windsurfing"
        ],
        "it": [
          "Windsurf"
        ],
        "fr": [
          "Planche à voile"
        ],
        "es": [
          "Tabla de windsurf"
        ],
        "nl": [
          "Surfplank"
        ]
      }
    }
  ],
  "hasTranslatedProperty": [
    {
      "@id": "https://data.datatourisme.fr/7a89e2d6-d738-338c-b537-92146fba7de2",
      "dc:contributor": [
        "https://api.deepl.com/v2/translate"
      ],
      "rdf:language": [
        "it"
      ],
      "rdf:predicate": [
        {
          "@id": "rdfs:comment"
        }
      ]
    },
    {
      "@id": "https://data.datatourisme.fr/cef839a0-9667-3793-bf79-d17052973e52",
      "dc:contributor": [
        "https://api.deepl.com/v2/translate"
      ],
      "rdf:language": [
        "nl"
      ],
      "rdf:predicate": [
        {
          "@id": "rdfs:comment"
        }
      ]
    },
    {
      "@id": "https://data.datatourisme.fr/d65fc811-5be2-3fab-8664-89fb87da25aa",
      "dc:contributor": [
        "https://api.deepl.com/v2/translate"
      ],
      "rdf:language": [
        "de"
      ],
      "rdf:predicate": [
        {
          "@id": "rdfs:comment"
        }
      ]
    },
    {
      "@id": "https://data.datatourisme.fr/f2af14e6-5185-3f6b-827d-a114f0c52784",
      "dc:contributor": [
        "https://api.deepl.com/v2/translate"
      ],
      "rdf:language": [
        "en"
      ],
      "rdf:predicate": [
        {
          "@id": "rdfs:comment"
        }
      ]
    },
    {
      "@id": "https://data.datatourisme.fr/f3076f0c-b89b-3546-b923-c29f1e067d85",
      "dc:contributor": [
        "https://api.deepl.com/v2/translate"
      ],
      "rdf:language": [
        "es"
      ],
      "rdf:predicate": [
        {
          "@id": "rdfs:comment"
        }
      ]
    }
  ],
  "isLocatedAt": [
    {
      "@id": "https://data.datatourisme.fr/7bb4cd04-107b-3e06-93bc-96d276133845",
      "schema:address": [
        {
          "@id": "https://data.datatourisme.fr/3b528312-7ca8-315f-bec0-283c5a0f4abc",
          "schema:addressLocality": "Porto-Vecchio",
          "schema:postalCode": "20137",
          "schema:streetAddress": [
            "Baie de Santa Giulia",
            "Route du Moby Dick"
          ],
          "@type": [
            "schema:PostalAddress",
            "PostalAddress"
          ],
          "hasAddressCity": {
            "@id": "kb:2A247",
            "@type": [
              "City"
            ],
            "rdfs:label": {
              "en": [
                "Porto-Vecchio"
              ],
              "fr": [
                "Porto-Vecchio"
              ]
            },
            "insee": "2A247",
            "isPartOfDepartment": {
              "@id": "kb:France942A",
              "@type": [
                "Department"
              ],
              "rdfs:label": {
                "en": [
                  "Corse-du-Sud"
                ],
                "fr": [
                  "Corse-du-Sud"
                ]
              },
              "insee": "2A",
              "isPartOfRegion": {
                "@id": "kb:France94",
                "@type": [
                  "Region"
                ],
                "rdfs:label": {
                  "en": [
                    "Corse"
                  ],
                  "fr": [
                    "Corse"
                  ]
                },
                "insee": "94",
                "isPartOfCountry": {
                  "@id": "kb:France",
                  "@type": [
                    "schema:Country"
                  ],
                  "rdfs:label": {
                    "de": [
                      "Frankreich"
                    ],
                    "pt": [
                      "França"
                    ],
                    "en": [
                      "France"
                    ],
                    "it": [
                      "Francia"
                    ],
                    "fr": [
                      "France"
                    ],
                    "nl": [
                      "Frankrijk"
                    ],
                    "es": [
                      "Francia"
                    ]
                  }
                }
              }
            }
          }
        }
      ],
      "schema:geo": {
        "@id": "https://data.datatourisme.fr/62029fc0-26a3-3282-abb9-cd7fe5766949",
        "schema:latitude": "41.531076",
        "schema:longitude": "9.273279",
        "@type": [
          "schema:GeoCoordinates"
        ]
      },
      "schema:openingHoursSpecification": [
        {
          "@id": "https://data.datatourisme.fr/8eb380d0-c5f3-3703-9f7b-0c360d3c861b",
          "schema:validFrom": "2023-04-08T00:00:00",
          "schema:validThrough": "2023-10-08T23:59:59",
          "@type": [
            "schema:OpeningHoursSpecification"
          ],
          "additionalInformation": {
            "de": [
              "Montag, Dienstag, Mittwoch, Donnerstag, Freitag, Samstag, Sonntag: offen\n\nIn der Hochsaison: 9:30 -18:30 Uhr - 7/7\nKonsultieren Sie unsere Website oder google für die Öffnungszeiten in der Mittel- und Nebensaison"
            ],
            "en": [
              "Monday, Tuesday, Wednesday, Thursday, Friday, Saturday, Sunday: open\n\nIn high season : 9h30 -18h30 - 7/7d\nCheck our website or google for mid and low season opening hours"
            ],
            "it": [
              "Lunedì, martedì, mercoledì, giovedì, venerdì, sabato, domenica: aperto\n\nIn alta stagione: dalle 9.30 alle 18.30, 7 giorni su 7\nControllate il nostro sito web o Google per gli orari di apertura in media e bassa stagione"
            ],
            "fr": [
              "Lundi, Mardi, Mercredi, Jeudi, Vendredi, Samedi, Dimanche : ouvert\n\nEn haute saison : 9h30 -18h30 - 7/7j\nConsultez notre site internet ou google pour les horaires d'ouverture moyenne et basse saison"
            ],
            "nl": [
              "Maandag, dinsdag, woensdag, donderdag, vrijdag, zaterdag, zondag: open\n\nIn het hoogseizoen: 9.30 - 18.30 uur - 7 dagen per week\nCheck onze website of google voor de openingstijden in het midden- en laagseizoen"
            ],
            "es": [
              "Lunes, martes, miércoles, jueves, viernes, sábado y domingo: abierto\n\nEn temporada alta: 9.30 - 18.30 - 7 días a la semana\nConsulte en nuestra página web o en Google los horarios de apertura en temporada media y baja"
            ]
          },
          "hasTranslatedProperty": [
            {
              "@id": "https://data.datatourisme.fr/1ee400a2-280e-389d-aefd-bc7e149864e9",
              "dc:contributor": [
                "https://api.deepl.com/v2/translate"
              ],
              "rdf:language": [
                "en"
              ],
              "rdf:predicate": [
                "additionalInformation"
              ]
            },
            {
              "@id": "https://data.datatourisme.fr/4293015b-0024-3d04-a459-0a23900c531a",
              "dc:contributor": [
                "https://api.deepl.com/v2/translate"
              ],
              "rdf:language": [
                "de"
              ],
              "rdf:predicate": [
                "additionalInformation"
              ]
            },
            {
              "@id": "https://data.datatourisme.fr/5f78e5ee-4355-3576-a158-3708dfe6ec69",
              "dc:contributor": [
                "https://api.deepl.com/v2/translate"
              ],
              "rdf:language": [
                "it"
              ],
              "rdf:predicate": [
                "additionalInformation"
              ]
            },
            {
              "@id": "https://data.datatourisme.fr/7e6501e0-0dd4-378f-95fd-4f4f81e180cf",
              "dc:contributor": [
                "https://api.deepl.com/v2/translate"
              ],
              "rdf:language": [
                "es"
              ],
              "rdf:predicate": [
                "additionalInformation"
              ]
            },
            {
              "@id": "https://data.datatourisme.fr/d0fd9d11-2c56-30ca-ad93-6c04dea5359c",
              "dc:contributor": [
                "https://api.deepl.com/v2/translate"
              ],
              "rdf:language": [
                "nl"
              ],
              "rdf:predicate": [
                "additionalInformation"
              ]
            }
          ]
        }
      ],
      "@type": [
        "schema:Place",
        "Place"
      ]
    }
  ],
  "isOwnedBy": [
    {
      "@id": "https://data.datatourisme.fr/f5f950f9-5eec-32b4-a357-2c969ccf4068",
      "schema:email": [
        "camillef.omt@gmail.com",
        "direction@destination-sudcorse.com",
        "gestion@destination-sudcorse.com",
        "promotion@destination-sudcorse.com",
        "webmaster@destination-sudcorse.com"
      ],
      "schema:legalName": "Porto Vecchio Tourisme",
      "@type": [
        "schema:Organization",
        "foaf:Agent",
        "Agent"
      ],
      "foaf:homepage": [
        "http://www.ot-portovecchio.com/"
      ]
    }
  ],
  "lastUpdate": "2023-02-15",
  "lastUpdateDatatourisme": "2023-02-24T06:40:40.257Z",
  "offers": [
    {
      "@id": "https://data.datatourisme.fr/dc483cf6-6ee5-3ce8-9180-e45ea6ca56ea",
      "schema:priceSpecification": [
        {
          "@id": "https://data.datatourisme.fr/3e720b1d-adb7-3dba-84a8-57b4b4e06800",
          "schema:minPrice": [
            "12"
          ],
          "schema:priceCurrency": "EUR",
          "@type": [
            "schema:PriceSpecification",
            "PriceSpecification"
          ],
          "appliesOnPeriod": [
            {
              "@id": "https://data.datatourisme.fr/3f8870c2-9ef3-3daf-889c-4cb5104b9547",
              "@type": [
                "Period"
              ],
              "endDate": "2023-10-08",
              "startDate": "2023-04-08"
            }
          ]
        }
      ],
      "@type": [
        "schema:Offer",
        "Offer"
      ]
    }
  ]
}