{
  "@id": "https://data.datatourisme.fr/13/a664ba16-3a53-35b9-8a60-b3bd5d44cc57",
  "dc:identifier": "5432643",
  "@type": [
    "schema:MovieTheater",
    "Cinema",
    "PlaceOfInterest",
    "PointOfInterest",
    "SportsAndLeisurePlace"
  ],
  "rdfs:comment": {
    "de": [
      "Egal ob Sie ein Profi, eine Institution, ein Forscher, ein Akademiker, ein Student oder einfach ein Kinoliebhaber sind, nehmen Sie Platz, Casa di Lume ist Ihr privilegierter Partner und führt Sie in das Land der Bilder..."
    ],
    "en": [
      "Whether you are a professional, an institution, a researcher, an academic, a student or simply a film lover, take a seat, Casa di Lume is your privileged partner and guides you to the land of images..."
    ],
    "it": [
      "Che tu sia un professionista, istituzionale, ricercatore, accademico, studente o semplicemente amante del cinema, accomodati, la Casa di Lume è il tuo partner privilegiato e ti guida nella terra delle immagini..."
    ],
    "fr": [
      "Que vous soyez professionnel, institutionnel, chercheur, universitaire, étudiant ou tout simplement amoureux du cinéma, prenez place, Casa di Lume est votre partenaire privilégié et vous guide au pays de l’image…"
    ],
    "es": [
      "Ya sea un profesional, una institución, un investigador, un académico, un estudiante o simplemente un amante del cine, tome asiento, la Casa di Lume es su socio privilegiado y le guiará por el país de la imagen.."
    ],
    "nl": [
      "Of u nu een professioneel, institutioneel, onderzoeker, academicus, student of gewoon een liefhebber van de bioscoop bent, neem plaats, Casa di Lume is uw bevoorrechte partner en begeleidt u naar het land van de beelden..."
    ]
  },
  "rdfs:label": {
    "fr": [
      "Cinémathèque Régionale de Corse - Casa di Lume"
    ]
  },
  "hasBeenCreatedBy": {
    "@id": "https://data.datatourisme.fr/13/84c6494d-3085-3c63-a55c-db8cb047fadd",
    "dc:identifier": "1738",
    "schema:email": [
      "camillef.omt@gmail.com",
      "direction@destination-sudcorse.com",
      "gestion@destination-sudcorse.com",
      "promotion@destination-sudcorse.com",
      "webmaster@destination-sudcorse.com"
    ],
    "schema:legalName": "Porto Vecchio Tourisme",
    "@type": [
      "schema:Organization",
      "foaf:Agent",
      "Agent"
    ],
    "foaf:homepage": [
      "http://www.ot-portovecchio.com/"
    ]
  },
  "hasBeenPublishedBy": [
    {
      "@id": "https://data.datatourisme.fr/8a9feb4b-2cbd-3d2c-b507-bd6c6776b23b",
      "schema:legalName": "Apidae Tourisme Scic SA - source : Apidae Tourisme",
      "@type": [
        "schema:Organization",
        "foaf:Agent",
        "Agent"
      ],
      "foaf:homepage": [
        "https://www.apidae-tourisme.com/"
      ]
    }
  ],
  "hasContact": [
    {
      "@id": "https://data.datatourisme.fr/1eea7f5b-cb6e-3bd7-a940-d6d4bbe006e8",
      "schema:email": [
        "cinematheque@ct-corse.fr"
      ],
      "schema:telephone": [
        "+33 4 20 20 20 01",
        "+33 4 20 20 20 02"
      ],
      "@type": [
        "foaf:Agent",
        "Agent"
      ],
      "foaf:homepage": [
        "https://casadilume.corse.fr/"
      ]
    }
  ],
  "hasDescription": [
    {
      "@id": "https://data.datatourisme.fr/f4171940-537b-344c-a572-544e3297c4bc",
      "@type": [
        "Description"
      ],
      "hasTranslatedProperty": [
        {
          "@id": "https://data.datatourisme.fr/f83ace73-c7ad-3f09-aa27-d5c54752b06d",
          "dc:contributor": [
            "https://api.deepl.com/v2/translate"
          ],
          "rdf:language": [
            "es"
          ],
          "rdf:predicate": [
            "shortDescription"
          ]
        }
      ],
      "shortDescription": {
        "de": [
          "Egal ob Sie ein Profi, eine Institution, ein Forscher, ein Akademiker, ein Student oder einfach ein Kinoliebhaber sind, nehmen Sie Platz, Casa di Lume ist Ihr privilegierter Partner und führt Sie in das Land der Bilder..."
        ],
        "en": [
          "Whether you are a professional, an institution, a researcher, an academic, a student or simply a film lover, take a seat, Casa di Lume is your privileged partner and guides you to the land of images..."
        ],
        "it": [
          "Che tu sia un professionista, istituzionale, ricercatore, accademico, studente o semplicemente amante del cinema, accomodati, la Casa di Lume è il tuo partner privilegiato e ti guida nella terra delle immagini..."
        ],
        "fr": [
          "Que vous soyez professionnel, institutionnel, chercheur, universitaire, étudiant ou tout simplement amoureux du cinéma, prenez place, Casa di Lume est votre partenaire privilégié et vous guide au pays de l’image…"
        ],
        "es": [
          "Ya sea un profesional, una institución, un investigador, un académico, un estudiante o simplemente un amante del cine, tome asiento, la Casa di Lume es su socio privilegiado y le guiará por el país de la imagen.."
        ],
        "nl": [
          "Of u nu een professioneel, institutioneel, onderzoeker, academicus, student of gewoon een liefhebber van de bioscoop bent, neem plaats, Casa di Lume is uw bevoorrechte partner en begeleidt u naar het land van de beelden..."
        ]
      }
    }
  ],
  "hasTranslatedProperty": [
    {
      "@id": "https://data.datatourisme.fr/5d1c98ef-bcee-3367-8f02-42730073a0b3",
      "dc:contributor": [
        "https://api.deepl.com/v2/translate"
      ],
      "rdf:language": [
        "es"
      ],
      "rdf:predicate": [
        {
          "@id": "rdfs:comment"
        }
      ]
    }
  ],
  "isLocatedAt": [
    {
      "@id": "https://data.datatourisme.fr/c43dbdde-1431-31b3-a21d-1c9c2ba83e8f",
      "schema:address": [
        {
          "@id": "https://data.datatourisme.fr/691c0282-6884-3bb1-bb24-3d98cc236db3",
          "schema:addressLocality": "Porto-Vecchio",
          "schema:postalCode": "20137",
          "schema:streetAddress": [
            "Espace Jean-Paul de Rocca Serra",
            "Rue Fred Scamaroni"
          ],
          "@type": [
            "schema:PostalAddress",
            "PostalAddress"
          ],
          "hasAddressCity": {
            "@id": "kb:2A247",
            "@type": [
              "City"
            ],
            "rdfs:label": {
              "en": [
                "Porto-Vecchio"
              ],
              "fr": [
                "Porto-Vecchio"
              ]
            },
            "insee": "2A247",
            "isPartOfDepartment": {
              "@id": "kb:France942A",
              "@type": [
                "Department"
              ],
              "rdfs:label": {
                "en": [
                  "Corse-du-Sud"
                ],
                "fr": [
                  "Corse-du-Sud"
                ]
              },
              "insee": "2A",
              "isPartOfRegion": {
                "@id": "kb:France94",
                "@type": [
                  "Region"
                ],
                "rdfs:label": {
                  "en": [
                    "Corse"
                  ],
                  "fr": [
                    "Corse"
                  ]
                },
                "insee": "94",
                "isPartOfCountry": {
                  "@id": "kb:France",
                  "@type": [
                    "schema:Country"
                  ],
                  "rdfs:label": {
                    "de": [
                      "Frankreich"
                    ],
                    "pt": [
                      "França"
                    ],
                    "en": [
                      "France"
                    ],
                    "it": [
                      "Francia"
                    ],
                    "fr": [
                      "France"
                    ],
                    "nl": [
                      "Frankrijk"
                    ],
                    "es": [
                      "Francia"
                    ]
                  }
                }
              }
            }
          }
        }
      ],
      "schema:geo": {
        "@id": "https://data.datatourisme.fr/08fdf383-535e-3411-8a0a-4edb751003f2",
        "schema:latitude": "41.591714",
        "schema:longitude": "9.278591",
        "@type": [
          "schema:GeoCoordinates"
        ]
      },
      "schema:openingHoursSpecification": [
        {
          "@id": "https://data.datatourisme.fr/f87e535a-636d-3343-ad63-8a03392e7511",
          "schema:validFrom": "2023-01-01T00:00:00",
          "schema:validThrough": "2023-12-31T23:59:59",
          "@type": [
            "schema:OpeningHoursSpecification"
          ]
        }
      ],
      "@type": [
        "schema:Place",
        "Place"
      ]
    }
  ],
  "isOwnedBy": [
    {
      "@id": "https://data.datatourisme.fr/f5f950f9-5eec-32b4-a357-2c969ccf4068",
      "schema:email": [
        "camillef.omt@gmail.com",
        "direction@destination-sudcorse.com",
        "gestion@destination-sudcorse.com",
        "promotion@destination-sudcorse.com",
        "webmaster@destination-sudcorse.com"
      ],
      "schema:legalName": "Porto Vecchio Tourisme",
      "@type": [
        "schema:Organization",
        "foaf:Agent",
        "Agent"
      ],
      "foaf:homepage": [
        "http://www.ot-portovecchio.com/"
      ]
    }
  ],
  "lastUpdate": "2022-05-19",
  "lastUpdateDatatourisme": "2023-02-01T18:07:35.768Z"
}