{
  "@id": "https://data.datatourisme.fr/13/13a1d585-6a94-37fb-a7a9-453b181bfe3e",
  "dc:identifier": "6231583",
  "@type": [
    "schema:Landform",
    "Beach",
    "NaturalHeritage",
    "PlaceOfInterest",
    "PointOfInterest",
    "SportsAndLeisurePlace"
  ],
  "rdfs:comment": {
    "de": [
      "In Punta Columbara, einer felsigen Spitze aus rotem Porphyr, befindet sich das Herzstück dieses wunderbaren Ortes\r\nTamaricciu bietet einen idyllischen Rahmen: weißer Sand, Felsansammlungen, Schirmpinien, dichte Macchia.."
    ],
    "en": [
      "At Punta Columbara, a rocky point of red porphyry, is the heart of this wonderful site\r\nTamaricciu offers an idyllic setting: white sand, heaps of rocks, umbrella pines, dense maquis.."
    ],
    "it": [
      "A Punta Columbara, una punta rocciosa di porfido rosso, costituisce il cuore di questo meraviglioso sito\r\nTamaricciu offre un ambiente idilliaco: sabbia bianca, cumuli di rocce, pini a ombrello, fitta macchia mediterranea?"
    ],
    "fr": [
      "A Punta Columbara, pointe rocheuse de porphyre rouge, constitue le coeur de ce merveilleux site. \r\nTamaricciu offre un cadre idyllique : sable blanc, amas de roches, pins parasols, maquis dense…"
    ],
    "es": [
      "En Punta Columbara, una punta rocosa de pórfido rojo, constituye el corazón de este maravilloso lugar\r\nTamaricciu ofrece un entorno idílico: arena blanca, montones de rocas, pinos paraguas, densos maquis.."
    ],
    "nl": [
      "Bij Punta Columbara, een rotsachtige punt van rode porfier, vormt het hart van deze prachtige site\r\nTamaricciu biedt een idyllische omgeving: wit zand, hopen rotsen, parasoldennen, dichte maquis.."
    ]
  },
  "rdfs:label": {
    "fr": [
      "La plage de Tamaricciu, A Folacca"
    ]
  },
  "hasBeenCreatedBy": {
    "@id": "https://data.datatourisme.fr/13/84c6494d-3085-3c63-a55c-db8cb047fadd",
    "dc:identifier": "1738",
    "schema:email": [
      "camillef.omt@gmail.com",
      "direction@destination-sudcorse.com",
      "gestion@destination-sudcorse.com",
      "promotion@destination-sudcorse.com",
      "webmaster@destination-sudcorse.com"
    ],
    "schema:legalName": "Porto Vecchio Tourisme",
    "@type": [
      "schema:Organization",
      "foaf:Agent",
      "Agent"
    ],
    "foaf:homepage": [
      "http://www.ot-portovecchio.com/"
    ]
  },
  "hasBeenPublishedBy": [
    {
      "@id": "https://data.datatourisme.fr/8a9feb4b-2cbd-3d2c-b507-bd6c6776b23b",
      "schema:legalName": "Apidae Tourisme Scic SA - source : Apidae Tourisme",
      "@type": [
        "schema:Organization",
        "foaf:Agent",
        "Agent"
      ],
      "foaf:homepage": [
        "https://www.apidae-tourisme.com/"
      ]
    }
  ],
  "hasContact": [
    {
      "@id": "https://data.datatourisme.fr/4c728769-0f7b-3af4-927c-1364b54b762d",
      "schema:telephone": [
        "+33 4 95 70 09 58"
      ],
      "@type": [
        "foaf:Agent",
        "Agent"
      ]
    }
  ],
  "hasDescription": [
    {
      "@id": "https://data.datatourisme.fr/d46e1c9f-687b-344e-94d2-95ff3e652209",
      "@type": [
        "Description"
      ],
      "hasTranslatedProperty": [
        {
          "@id": "https://data.datatourisme.fr/15e19eee-41ab-3552-9b2f-2fd12730fe98",
          "dc:contributor": [
            "https://api.deepl.com/v2/translate"
          ],
          "rdf:language": [
            "de"
          ],
          "rdf:predicate": [
            "shortDescription"
          ]
        },
        {
          "@id": "https://data.datatourisme.fr/173d7931-987d-3666-93f2-aba63e3de5ea",
          "dc:contributor": [
            "https://api.deepl.com/v2/translate"
          ],
          "rdf:language": [
            "nl"
          ],
          "rdf:predicate": [
            "shortDescription"
          ]
        },
        {
          "@id": "https://data.datatourisme.fr/42acc935-8138-3003-89dc-7404c8ff29d6",
          "dc:contributor": [
            "https://api.deepl.com/v2/translate"
          ],
          "rdf:language": [
            "it"
          ],
          "rdf:predicate": [
            "shortDescription"
          ]
        },
        {
          "@id": "https://data.datatourisme.fr/53aff87c-cb8e-3955-ba9a-3b809bd7c13a",
          "dc:contributor": [
            "https://api.deepl.com/v2/translate"
          ],
          "rdf:language": [
            "es"
          ],
          "rdf:predicate": [
            "shortDescription"
          ]
        },
        {
          "@id": "https://data.datatourisme.fr/553aaa1e-8065-3ea6-bc92-7161f6d5cbe3",
          "dc:contributor": [
            "https://api.deepl.com/v2/translate"
          ],
          "rdf:language": [
            "en"
          ],
          "rdf:predicate": [
            "shortDescription"
          ]
        }
      ],
      "shortDescription": {
        "de": [
          "In Punta Columbara, einer felsigen Spitze aus rotem Porphyr, befindet sich das Herzstück dieses wunderbaren Ortes\r\nTamaricciu bietet einen idyllischen Rahmen: weißer Sand, Felsansammlungen, Schirmpinien, dichte Macchia.."
        ],
        "en": [
          "At Punta Columbara, a rocky point of red porphyry, is the heart of this wonderful site\r\nTamaricciu offers an idyllic setting: white sand, heaps of rocks, umbrella pines, dense maquis.."
        ],
        "it": [
          "A Punta Columbara, una punta rocciosa di porfido rosso, costituisce il cuore di questo meraviglioso sito\r\nTamaricciu offre un ambiente idilliaco: sabbia bianca, cumuli di rocce, pini a ombrello, fitta macchia mediterranea?"
        ],
        "fr": [
          "A Punta Columbara, pointe rocheuse de porphyre rouge, constitue le coeur de ce merveilleux site. \r\nTamaricciu offre un cadre idyllique : sable blanc, amas de roches, pins parasols, maquis dense…"
        ],
        "es": [
          "En Punta Columbara, una punta rocosa de pórfido rojo, constituye el corazón de este maravilloso lugar\r\nTamaricciu ofrece un entorno idílico: arena blanca, montones de rocas, pinos paraguas, densos maquis.."
        ],
        "nl": [
          "Bij Punta Columbara, een rotsachtige punt van rode porfier, vormt het hart van deze prachtige site\r\nTamaricciu biedt een idyllische omgeving: wit zand, hopen rotsen, parasoldennen, dichte maquis.."
        ]
      }
    }
  ],
  "hasTheme": [
    {
      "@id": "kb:Bathing",
      "@type": [
        "AccommodationAmenity",
        "SportsTheme"
      ],
      "rdfs:label": {
        "de": [
          "Baden"
        ],
        "pt": [
          "Banho"
        ],
        "en": [
          "Bathing"
        ],
        "it": [
          "Bagno"
        ],
        "fr": [
          "Baignade"
        ],
        "nl": [
          "Zwemmen"
        ],
        "es": [
          "Baño"
        ]
      }
    }
  ],
  "hasTranslatedProperty": [
    {
      "@id": "https://data.datatourisme.fr/0839fb90-62fe-376e-812b-056d37a90a7e",
      "dc:contributor": [
        "https://api.deepl.com/v2/translate"
      ],
      "rdf:language": [
        "de"
      ],
      "rdf:predicate": [
        {
          "@id": "rdfs:comment"
        }
      ]
    },
    {
      "@id": "https://data.datatourisme.fr/2d30629f-5633-3b67-9f8f-c7463de4a78d",
      "dc:contributor": [
        "https://api.deepl.com/v2/translate"
      ],
      "rdf:language": [
        "nl"
      ],
      "rdf:predicate": [
        {
          "@id": "rdfs:comment"
        }
      ]
    },
    {
      "@id": "https://data.datatourisme.fr/42ae4500-d880-387d-8242-7390a7497569",
      "dc:contributor": [
        "https://api.deepl.com/v2/translate"
      ],
      "rdf:language": [
        "en"
      ],
      "rdf:predicate": [
        {
          "@id": "rdfs:comment"
        }
      ]
    },
    {
      "@id": "https://data.datatourisme.fr/ea2cf882-33d3-31e5-8163-9d51cb8ac960",
      "dc:contributor": [
        "https://api.deepl.com/v2/translate"
      ],
      "rdf:language": [
        "it"
      ],
      "rdf:predicate": [
        {
          "@id": "rdfs:comment"
        }
      ]
    },
    {
      "@id": "https://data.datatourisme.fr/f523c982-2812-3b18-8302-d372a330503f",
      "dc:contributor": [
        "https://api.deepl.com/v2/translate"
      ],
      "rdf:language": [
        "es"
      ],
      "rdf:predicate": [
        {
          "@id": "rdfs:comment"
        }
      ]
    }
  ],
  "isLocatedAt": [
    {
      "@id": "https://data.datatourisme.fr/f73ec920-d8ed-35e0-907a-a86cb998c6db",
      "schema:address": [
        {
          "@id": "https://data.datatourisme.fr/f601bfe1-550f-3062-9ab9-44e6f9f5434a",
          "schema:addressLocality": "Porto-Vecchio",
          "schema:postalCode": "20137",
          "schema:streetAddress": [
            "Palombaggia"
          ],
          "@type": [
            "schema:PostalAddress",
            "PostalAddress"
          ],
          "hasAddressCity": {
            "@id": "kb:2A247",
            "@type": [
              "City"
            ],
            "rdfs:label": {
              "en": [
                "Porto-Vecchio"
              ],
              "fr": [
                "Porto-Vecchio"
              ]
            },
            "insee": "2A247",
            "isPartOfDepartment": {
              "@id": "kb:France942A",
              "@type": [
                "Department"
              ],
              "rdfs:label": {
                "en": [
                  "Corse-du-Sud"
                ],
                "fr": [
                  "Corse-du-Sud"
                ]
              },
              "insee": "2A",
              "isPartOfRegion": {
                "@id": "kb:France94",
                "@type": [
                  "Region"
                ],
                "rdfs:label": {
                  "en": [
                    "Corse"
                  ],
                  "fr": [
                    "Corse"
                  ]
                },
                "insee": "94",
                "isPartOfCountry": {
                  "@id": "kb:France",
                  "@type": [
                    "schema:Country"
                  ],
                  "rdfs:label": {
                    "de": [
                      "Frankreich"
                    ],
                    "pt": [
                      "França"
                    ],
                    "en": [
                      "France"
                    ],
                    "it": [
                      "Francia"
                    ],
                    "fr": [
                      "France"
                    ],
                    "nl": [
                      "Frankrijk"
                    ],
                    "es": [
                      "Francia"
                    ]
                  }
                }
              }
            }
          }
        }
      ],
      "schema:geo": {
        "@id": "https://data.datatourisme.fr/af17b980-f7bc-38ec-9203-9f044e549a7d",
        "schema:latitude": "41.549863",
        "schema:longitude": "9.309703",
        "@type": [
          "schema:GeoCoordinates"
        ]
      },
      "schema:openingHoursSpecification": [
        {
          "@id": "https://data.datatourisme.fr/f87e535a-636d-3343-ad63-8a03392e7511",
          "schema:validFrom": "2023-01-01T00:00:00",
          "schema:validThrough": "2023-12-31T23:59:59",
          "@type": [
            "schema:OpeningHoursSpecification"
          ]
        }
      ],
      "@type": [
        "schema:Place",
        "Place"
      ]
    }
  ],
  "isOwnedBy": [
    {
      "@id": "https://data.datatourisme.fr/f5f950f9-5eec-32b4-a357-2c969ccf4068",
      "schema:email": [
        "camillef.omt@gmail.com",
        "direction@destination-sudcorse.com",
        "gestion@destination-sudcorse.com",
        "promotion@destination-sudcorse.com",
        "webmaster@destination-sudcorse.com"
      ],
      "schema:legalName": "Porto Vecchio Tourisme",
      "@type": [
        "schema:Organization",
        "foaf:Agent",
        "Agent"
      ],
      "foaf:homepage": [
        "http://www.ot-portovecchio.com/"
      ]
    }
  ],
  "lastUpdate": "2022-09-30",
  "lastUpdateDatatourisme": "2023-02-11T06:38:49.042Z"
}