{
  "@id": "https://data.datatourisme.fr/13/c2c73af8-d353-35ed-b852-947cb10acb90",
  "dc:identifier": "5239257",
  "@type": [
    "schema:FoodEstablishment",
    "FoodEstablishment",
    "PlaceOfInterest",
    "PointOfInterest"
  ],
  "rdfs:comment": {
    "de": [
      "Italienische Spezialitäten, Pasta & Pizza, im Herzen der Zitadelle von Porto-Vecchio."
    ],
    "en": [
      "Italian specialities, Pasta & Pizza, in the heart of the citadel of Porto-Vecchio."
    ],
    "it": [
      "Specialità italiane, Pasta & Pizza, nel cuore della cittadella di Porto-Vecchio."
    ],
    "fr": [
      "Restaurant de spécialités italiennes perpétuant la tradition du fait maison, de pâtes fraîches, gnocchi, ravioli ainsi que des plats phares tels que la Marinara ou encore l'escalope de veau corse façon Romana."
    ],
    "es": [
      "Restaurante que ofrece especialidades italianas, perpetuando la tradición de la pasta casera, los ñoquis, los raviolis, así como platos emblemáticos como la Marinara o el escalope de ternera corsa a la romana."
    ],
    "nl": [
      "Italiaanse specialiteiten, Pasta & Pizza, in het hart van de citadel van Porto-Vecchio."
    ]
  },
  "rdfs:label": {
    "fr": [
      "Chez Anna"
    ]
  },
  "hasBeenCreatedBy": {
    "@id": "https://data.datatourisme.fr/13/84c6494d-3085-3c63-a55c-db8cb047fadd",
    "dc:identifier": "1738",
    "schema:email": [
      "camillef.omt@gmail.com",
      "direction@destination-sudcorse.com",
      "gestion@destination-sudcorse.com",
      "promotion@destination-sudcorse.com",
      "webmaster@destination-sudcorse.com"
    ],
    "schema:legalName": "Porto Vecchio Tourisme",
    "@type": [
      "schema:Organization",
      "foaf:Agent",
      "Agent"
    ],
    "foaf:homepage": [
      "http://www.ot-portovecchio.com/"
    ]
  },
  "hasBeenPublishedBy": [
    {
      "@id": "https://data.datatourisme.fr/8a9feb4b-2cbd-3d2c-b507-bd6c6776b23b",
      "schema:legalName": "Apidae Tourisme Scic SA - source : Apidae Tourisme",
      "@type": [
        "schema:Organization",
        "foaf:Agent",
        "Agent"
      ],
      "foaf:homepage": [
        "https://www.apidae-tourisme.com/"
      ]
    }
  ],
  "hasContact": [
    {
      "@id": "https://data.datatourisme.fr/47b9df94-f22a-3caa-b349-da4cb008b666",
      "schema:email": [
        "lerestaurantchezanna@gmail.com"
      ],
      "schema:telephone": [
        "+33 4 95 70 19 97"
      ],
      "@type": [
        "foaf:Agent",
        "Agent"
      ]
    }
  ],
  "hasDescription": [
    {
      "@id": "https://data.datatourisme.fr/248d8f39-814d-3cdd-bdeb-990b873e3256",
      "@type": [
        "Description"
      ],
      "hasTranslatedProperty": [
        {
          "@id": "https://data.datatourisme.fr/12da951e-812d-37fe-9e9d-b5899aed5d10",
          "dc:contributor": [
            "https://api.deepl.com/v2/translate"
          ],
          "rdf:language": [
            "es"
          ],
          "rdf:predicate": [
            "shortDescription"
          ]
        }
      ],
      "shortDescription": {
        "de": [
          "Italienische Spezialitäten, Pasta & Pizza, im Herzen der Zitadelle von Porto-Vecchio."
        ],
        "en": [
          "Italian specialities, Pasta & Pizza, in the heart of the citadel of Porto-Vecchio."
        ],
        "it": [
          "Specialità italiane, Pasta & Pizza, nel cuore della cittadella di Porto-Vecchio."
        ],
        "fr": [
          "Restaurant de spécialités italiennes perpétuant la tradition du fait maison, de pâtes fraîches, gnocchi, ravioli ainsi que des plats phares tels que la Marinara ou encore l'escalope de veau corse façon Romana."
        ],
        "es": [
          "Restaurante que ofrece especialidades italianas, perpetuando la tradición de la pasta casera, los ñoquis, los raviolis, así como platos emblemáticos como la Marinara o el escalope de ternera corsa a la romana."
        ],
        "nl": [
          "Italiaanse specialiteiten, Pasta & Pizza, in het hart van de citadel van Porto-Vecchio."
        ]
      }
    }
  ],
  "hasTheme": [
    {
      "@id": "kb:MediterraneanCuisine",
      "@type": [
        "CuisineCategory"
      ],
      "rdfs:label": {
        "de": [
          "Mediterrane Küche"
        ],
        "pt": [
          "Cozinha mediterrânica"
        ],
        "en": [
          "Mediterranean cuisine"
        ],
        "it": [
          "Cucina mediterranea"
        ],
        "fr": [
          "Cuisine méditerranéenne"
        ],
        "nl": [
          "Mediterrane keuken"
        ],
        "es": [
          "Cocina mediterránea"
        ]
      }
    }
  ],
  "hasTranslatedProperty": [
    {
      "@id": "https://data.datatourisme.fr/2af2db09-0a68-33ad-a68b-fdbe3ccf161e",
      "dc:contributor": [
        "https://api.deepl.com/v2/translate"
      ],
      "rdf:language": [
        "es"
      ],
      "rdf:predicate": [
        {
          "@id": "rdfs:comment"
        }
      ]
    }
  ],
  "isLocatedAt": [
    {
      "@id": "https://data.datatourisme.fr/4e6e5cc4-ffa9-3741-aedf-dffad6add882",
      "schema:address": [
        {
          "@id": "https://data.datatourisme.fr/e0d07e19-5111-3eb5-bd2a-82d866c3e92c",
          "schema:addressLocality": "Porto-Vecchio",
          "schema:postalCode": "20137",
          "schema:streetAddress": [
            "16 Rue du Docteur",
            "Camille de Rocca Serra"
          ],
          "@type": [
            "schema:PostalAddress",
            "PostalAddress"
          ],
          "hasAddressCity": {
            "@id": "kb:2A247",
            "@type": [
              "City"
            ],
            "rdfs:label": {
              "en": [
                "Porto-Vecchio"
              ],
              "fr": [
                "Porto-Vecchio"
              ]
            },
            "insee": "2A247",
            "isPartOfDepartment": {
              "@id": "kb:France942A",
              "@type": [
                "Department"
              ],
              "rdfs:label": {
                "en": [
                  "Corse-du-Sud"
                ],
                "fr": [
                  "Corse-du-Sud"
                ]
              },
              "insee": "2A",
              "isPartOfRegion": {
                "@id": "kb:France94",
                "@type": [
                  "Region"
                ],
                "rdfs:label": {
                  "en": [
                    "Corse"
                  ],
                  "fr": [
                    "Corse"
                  ]
                },
                "insee": "94",
                "isPartOfCountry": {
                  "@id": "kb:France",
                  "@type": [
                    "schema:Country"
                  ],
                  "rdfs:label": {
                    "de": [
                      "Frankreich"
                    ],
                    "pt": [
                      "França"
                    ],
                    "en": [
                      "France"
                    ],
                    "it": [
                      "Francia"
                    ],
                    "fr": [
                      "France"
                    ],
                    "nl": [
                      "Frankrijk"
                    ],
                    "es": [
                      "Francia"
                    ]
                  }
                }
              }
            }
          }
        }
      ],
      "schema:geo": {
        "@id": "https://data.datatourisme.fr/816ed6fd-b994-3d7e-9810-3d8e37f5d721",
        "schema:latitude": "41.591",
        "schema:longitude": "9.2788",
        "@type": [
          "schema:GeoCoordinates"
        ]
      },
      "schema:openingHoursSpecification": [
        {
          "@id": "https://data.datatourisme.fr/d20023b3-ea0c-305a-8353-c49e3fb922aa",
          "schema:validFrom": "2023-01-01T00:00:00",
          "schema:validThrough": "2023-12-31T23:59:59",
          "@type": [
            "schema:OpeningHoursSpecification"
          ],
          "additionalInformation": {
            "de": [
              "Geschlossen am Sonntag 12 Uhr.\r\nVon November bis Ende März dienstags geschlossen."
            ],
            "en": [
              "Closed on Sundays at noon.\r\nClosed on Tuesdays from November to the end of March."
            ],
            "it": [
              "Chiuso la domenica a mezzogiorno.\r\nChiuso il martedì da novembre a fine marzo."
            ],
            "fr": [
              "Fermé le dimanche 12h.\r\nFermé le mardi de novembre à fin mars."
            ],
            "nl": [
              "Gesloten op zondagmiddag.\r\nGesloten op dinsdag van november tot eind maart."
            ],
            "es": [
              "Cerrado los domingos a mediodía.\r\nCerrado los martes de noviembre a finales de marzo."
            ]
          },
          "hasTranslatedProperty": [
            {
              "@id": "https://data.datatourisme.fr/5a8911c5-adcd-3cf9-ae8c-ba298c3bc7d0",
              "dc:contributor": [
                "https://api.deepl.com/v2/translate"
              ],
              "rdf:language": [
                "de"
              ],
              "rdf:predicate": [
                "additionalInformation"
              ]
            },
            {
              "@id": "https://data.datatourisme.fr/91aa0519-2ff5-3e93-966b-7898c7a096ba",
              "dc:contributor": [
                "https://api.deepl.com/v2/translate"
              ],
              "rdf:language": [
                "nl"
              ],
              "rdf:predicate": [
                "additionalInformation"
              ]
            },
            {
              "@id": "https://data.datatourisme.fr/998ab098-3a3f-3770-9b30-d8e7edbf6f88",
              "dc:contributor": [
                "https://api.deepl.com/v2/translate"
              ],
              "rdf:language": [
                "en"
              ],
              "rdf:predicate": [
                "additionalInformation"
              ]
            },
            {
              "@id": "https://data.datatourisme.fr/ac081225-d03d-3354-bd98-06865b7a694b",
              "dc:contributor": [
                "https://api.deepl.com/v2/translate"
              ],
              "rdf:language": [
                "es"
              ],
              "rdf:predicate": [
                "additionalInformation"
              ]
            },
            {
              "@id": "https://data.datatourisme.fr/cecfc78c-c6c2-326f-bec8-e3b04770bf72",
              "dc:contributor": [
                "https://api.deepl.com/v2/translate"
              ],
              "rdf:language": [
                "it"
              ],
              "rdf:predicate": [
                "additionalInformation"
              ]
            }
          ]
        }
      ],
      "@type": [
        "schema:Place",
        "Place"
      ]
    }
  ],
  "isOwnedBy": [
    {
      "@id": "https://data.datatourisme.fr/f5f950f9-5eec-32b4-a357-2c969ccf4068",
      "schema:email": [
        "camillef.omt@gmail.com",
        "direction@destination-sudcorse.com",
        "gestion@destination-sudcorse.com",
        "promotion@destination-sudcorse.com",
        "webmaster@destination-sudcorse.com"
      ],
      "schema:legalName": "Porto Vecchio Tourisme",
      "@type": [
        "schema:Organization",
        "foaf:Agent",
        "Agent"
      ],
      "foaf:homepage": [
        "http://www.ot-portovecchio.com/"
      ]
    }
  ],
  "lastUpdate": "2023-02-14",
  "lastUpdateDatatourisme": "2023-02-15T06:38:06.998Z",
  "offers": [
    {
      "@id": "https://data.datatourisme.fr/11dc7ac1-50fc-3d60-adc0-af52a04b79ae",
      "schema:priceSpecification": [
        {
          "@id": "https://data.datatourisme.fr/420ff5ce-fd81-38bf-9b00-c187c8d63919",
          "schema:maxPrice": [
            "69"
          ],
          "schema:minPrice": [
            "18"
          ],
          "schema:priceCurrency": "EUR",
          "@type": [
            "schema:PriceSpecification",
            "PriceSpecification"
          ],
          "appliesOnPeriod": [
            {
              "@id": "https://data.datatourisme.fr/a425afdf-3594-300b-b55e-1858bafa3fd4",
              "@type": [
                "Period"
              ],
              "endDate": "2023-12-31",
              "startDate": "2023-01-01"
            }
          ]
        }
      ],
      "@type": [
        "schema:Offer",
        "Offer"
      ]
    }
  ],
  "providesCuisineOfType": [
    {
      "@id": "kb:MediterraneanCuisine",
      "@type": [
        "CuisineCategory"
      ],
      "rdfs:label": {
        "de": [
          "Mediterrane Küche"
        ],
        "pt": [
          "Cozinha mediterrânica"
        ],
        "en": [
          "Mediterranean cuisine"
        ],
        "it": [
          "Cucina mediterranea"
        ],
        "fr": [
          "Cuisine méditerranéenne"
        ],
        "nl": [
          "Mediterrane keuken"
        ],
        "es": [
          "Cocina mediterránea"
        ]
      }
    }
  ]
}