{
  "@id": "https://data.datatourisme.fr/13/c2763299-d30b-3748-bd82-d7f749796e26",
  "dc:identifier": "5342405",
  "@type": [
    "schema:FoodEstablishment",
    "FoodEstablishment",
    "PlaceOfInterest",
    "PointOfInterest"
  ],
  "rdfs:comment": {
    "de": [
      "L'Alzelli de Lama lädt Sie ein, seine einfallsreiche, schmackhafte und herzliche Küche im Schatten jahrhundertealter Olivenbäume zu entdecken. Genießen Sie seine Pizzen aus dem Holzofen, seine Tagesgerichte, Salate und hausgemachten Desserts."
    ],
    "en": [
      "Come to the restaurant L'Alzelli and enjoy its tasty, creative, homely cuisine in the shade of centuries-old olive trees. Taste the pizzas cooked in the wood-fired oven, its dishes of the day, salads and homemade desserts."
    ],
    "it": [
      "L'Alzelli de Lama vi invita a scoprire la sua cucina inventiva, gustosa e calda all'ombra di ulivi secolari. Venite a gustare le sue pizze cotte a legna, le specialità del giorno, le insalate e i dolci fatti in casa."
    ],
    "fr": [
      "L'Alzelli de Lama vous invite à découvrir sa cuisine inventive, savoureuse et chaleureuse à l'ombre des oliviers séculaires. Venez déguster ses pizzas au feu de bois, ses plats du jour, salades et desserts maison."
    ],
    "nl": [
      "L'Alzelli de Lama nodigt u uit om in de schaduw van eeuwenoude olijfbomen zijn inventieve, smakelijke en warme keuken te ontdekken. Kom proeven van de houtgestookte pizza's, dagschotels, salades en huisgemaakte desserts."
    ],
    "es": [
      "L'Alzelli de Lama le invita a descubrir su cocina inventiva, sabrosa y cálida a la sombra de olivos centenarios. Venga a degustar sus pizzas al horno de leña, los platos del día, las ensaladas y los postres caseros."
    ]
  },
  "rdfs:label": {
    "fr": [
      "L'Alzelli"
    ]
  },
  "hasBeenCreatedBy": {
    "@id": "https://data.datatourisme.fr/13/8d420fa3-5754-31f1-8199-69c88780314d",
    "dc:identifier": "1647",
    "schema:email": [
      "web@ileroussetourisme.com"
    ],
    "schema:legalName": "Office de Tourisme Intercommunal de L'Ile Rousse-Balagne",
    "@type": [
      "schema:Organization",
      "foaf:Agent",
      "Agent"
    ],
    "foaf:homepage": [
      "https://www.balagne-corsica.com/"
    ]
  },
  "hasBeenPublishedBy": [
    {
      "@id": "https://data.datatourisme.fr/8a9feb4b-2cbd-3d2c-b507-bd6c6776b23b",
      "schema:legalName": "Apidae Tourisme Scic SA - source : Apidae Tourisme",
      "@type": [
        "schema:Organization",
        "foaf:Agent",
        "Agent"
      ],
      "foaf:homepage": [
        "https://www.apidae-tourisme.com/"
      ]
    }
  ],
  "hasContact": [
    {
      "@id": "https://data.datatourisme.fr/16e64156-c256-39ec-8217-868209fd12a8",
      "schema:email": [
        "restoalzelli@hotmail.fr"
      ],
      "schema:telephone": [
        "+33 4 95 48 23 08"
      ],
      "@type": [
        "foaf:Agent",
        "Agent"
      ]
    }
  ],
  "hasDescription": [
    {
      "@id": "https://data.datatourisme.fr/e8113c78-2e09-3a78-8339-a4caacb948d2",
      "@type": [
        "Description"
      ],
      "hasTranslatedProperty": [
        {
          "@id": "https://data.datatourisme.fr/057707c7-c6ff-32ab-a659-9fe5058f0c80",
          "dc:contributor": [
            "https://api.deepl.com/v2/translate"
          ],
          "rdf:language": [
            "es"
          ],
          "rdf:predicate": [
            "shortDescription"
          ]
        },
        {
          "@id": "https://data.datatourisme.fr/2e9d613e-ce9f-333c-b47e-07cf1a97f67a",
          "dc:contributor": [
            "https://api.deepl.com/v2/translate"
          ],
          "rdf:language": [
            "nl"
          ],
          "rdf:predicate": [
            "shortDescription"
          ]
        },
        {
          "@id": "https://data.datatourisme.fr/3535bcf9-7853-39f2-90d8-eee671e1bdfa",
          "dc:contributor": [
            "https://api.deepl.com/v2/translate"
          ],
          "rdf:language": [
            "it"
          ],
          "rdf:predicate": [
            "shortDescription"
          ]
        },
        {
          "@id": "https://data.datatourisme.fr/7d86837d-79f3-3dfa-aa33-d1e1516f14b1",
          "dc:contributor": [
            "https://api.deepl.com/v2/translate"
          ],
          "rdf:language": [
            "de"
          ],
          "rdf:predicate": [
            "shortDescription"
          ]
        }
      ],
      "shortDescription": {
        "de": [
          "L'Alzelli de Lama lädt Sie ein, seine einfallsreiche, schmackhafte und herzliche Küche im Schatten jahrhundertealter Olivenbäume zu entdecken. Genießen Sie seine Pizzen aus dem Holzofen, seine Tagesgerichte, Salate und hausgemachten Desserts."
        ],
        "en": [
          "Come to the restaurant L'Alzelli and enjoy its tasty, creative, homely cuisine in the shade of centuries-old olive trees. Taste the pizzas cooked in the wood-fired oven, its dishes of the day, salads and homemade desserts."
        ],
        "it": [
          "L'Alzelli de Lama vi invita a scoprire la sua cucina inventiva, gustosa e calda all'ombra di ulivi secolari. Venite a gustare le sue pizze cotte a legna, le specialità del giorno, le insalate e i dolci fatti in casa."
        ],
        "fr": [
          "L'Alzelli de Lama vous invite à découvrir sa cuisine inventive, savoureuse et chaleureuse à l'ombre des oliviers séculaires. Venez déguster ses pizzas au feu de bois, ses plats du jour, salades et desserts maison."
        ],
        "nl": [
          "L'Alzelli de Lama nodigt u uit om in de schaduw van eeuwenoude olijfbomen zijn inventieve, smakelijke en warme keuken te ontdekken. Kom proeven van de houtgestookte pizza's, dagschotels, salades en huisgemaakte desserts."
        ],
        "es": [
          "L'Alzelli de Lama le invita a descubrir su cocina inventiva, sabrosa y cálida a la sombra de olivos centenarios. Venga a degustar sus pizzas al horno de leña, los platos del día, las ensaladas y los postres caseros."
        ]
      }
    }
  ],
  "hasTranslatedProperty": [
    {
      "@id": "https://data.datatourisme.fr/02bdee28-752e-3c3a-9ba8-7e104ceb9fe3",
      "dc:contributor": [
        "https://api.deepl.com/v2/translate"
      ],
      "rdf:language": [
        "nl"
      ],
      "rdf:predicate": [
        {
          "@id": "rdfs:comment"
        }
      ]
    },
    {
      "@id": "https://data.datatourisme.fr/5be485ef-db0e-322f-9708-643de9bca851",
      "dc:contributor": [
        "https://api.deepl.com/v2/translate"
      ],
      "rdf:language": [
        "de"
      ],
      "rdf:predicate": [
        {
          "@id": "rdfs:comment"
        }
      ]
    },
    {
      "@id": "https://data.datatourisme.fr/7f2dea69-0b42-3bd3-966d-99f360bdc7eb",
      "dc:contributor": [
        "https://api.deepl.com/v2/translate"
      ],
      "rdf:language": [
        "es"
      ],
      "rdf:predicate": [
        {
          "@id": "rdfs:comment"
        }
      ]
    },
    {
      "@id": "https://data.datatourisme.fr/b503e017-3309-3389-83d6-ab7d5df758a4",
      "dc:contributor": [
        "https://api.deepl.com/v2/translate"
      ],
      "rdf:language": [
        "it"
      ],
      "rdf:predicate": [
        {
          "@id": "rdfs:comment"
        }
      ]
    }
  ],
  "isLocatedAt": [
    {
      "@id": "https://data.datatourisme.fr/8a928e0a-953e-3e4c-aa3c-ade940dbe5f0",
      "schema:address": [
        {
          "@id": "https://data.datatourisme.fr/006bad20-1ed0-392e-a384-2e6d5dbb26f9",
          "schema:addressLocality": "Lama",
          "schema:postalCode": "20218",
          "schema:streetAddress": [
            "Territoriale 30"
          ],
          "@type": [
            "schema:PostalAddress",
            "PostalAddress"
          ],
          "hasAddressCity": {
            "@id": "kb:2B136",
            "@type": [
              "City"
            ],
            "rdfs:label": {
              "en": [
                "Lama"
              ],
              "fr": [
                "Lama"
              ]
            },
            "insee": "2B136",
            "isPartOfDepartment": {
              "@id": "kb:France942B",
              "@type": [
                "Department"
              ],
              "rdfs:label": {
                "en": [
                  "Haute-Corse"
                ],
                "fr": [
                  "Haute-Corse"
                ]
              },
              "insee": "2B",
              "isPartOfRegion": {
                "@id": "kb:France94",
                "@type": [
                  "Region"
                ],
                "rdfs:label": {
                  "en": [
                    "Corse"
                  ],
                  "fr": [
                    "Corse"
                  ]
                },
                "insee": "94",
                "isPartOfCountry": {
                  "@id": "kb:France",
                  "@type": [
                    "schema:Country"
                  ],
                  "rdfs:label": {
                    "de": [
                      "Frankreich"
                    ],
                    "pt": [
                      "França"
                    ],
                    "en": [
                      "France"
                    ],
                    "it": [
                      "Francia"
                    ],
                    "fr": [
                      "France"
                    ],
                    "nl": [
                      "Frankrijk"
                    ],
                    "es": [
                      "Francia"
                    ]
                  }
                }
              }
            }
          }
        }
      ],
      "schema:geo": {
        "@id": "https://data.datatourisme.fr/0ea92cd5-8bf2-3343-addc-5927c72c3491",
        "schema:latitude": "42.589069",
        "schema:longitude": "9.145839",
        "@type": [
          "schema:GeoCoordinates"
        ]
      },
      "schema:openingHoursSpecification": [
        {
          "@id": "https://data.datatourisme.fr/df632378-4f98-3efb-ab16-f96b00c074ba",
          "schema:validFrom": "2023-02-01T00:00:00",
          "schema:validThrough": "2023-12-15T23:59:59",
          "@type": [
            "schema:OpeningHoursSpecification"
          ]
        }
      ],
      "@type": [
        "schema:Place",
        "Place"
      ]
    }
  ],
  "isOwnedBy": [
    {
      "@id": "https://data.datatourisme.fr/252af22a-253d-33df-b9d7-204832749402",
      "schema:email": [
        "web@ileroussetourisme.com"
      ],
      "schema:legalName": "Office de Tourisme Intercommunal de L'Ile Rousse-Balagne",
      "@type": [
        "schema:Organization",
        "foaf:Agent",
        "Agent"
      ],
      "foaf:homepage": [
        "https://www.balagne-corsica.com/"
      ]
    }
  ],
  "lastUpdate": "2020-11-30",
  "lastUpdateDatatourisme": "2023-02-01T18:07:36.152Z"
}