{
  "@id": "https://data.datatourisme.fr/13/734e9e09-f8a7-34dc-bf77-6869f4c45491",
  "dc:identifier": "4968927",
  "@type": [
    "schema:Accommodation",
    "schema:LodgingBusiness",
    "Accommodation",
    "Camping",
    "CampingAndCaravanning",
    "PlaceOfInterest",
    "PointOfInterest"
  ],
  "rdfs:comment": {
    "de": [
      "Der sorgfältig gepflegte und familiäre Campingplatz Paduella befindet sich in Calvi, in der Balagne auf Korsika. Er bietet dem Reisenden einen abwechslungsreichen und schattigen Platz für einen unvergesslichen Campingurlaub auf Korsika."
    ],
    "en": [
      "Carefully maintained and family-friendly, the Paduella Campsite is located in Calvi, in Balagne, Corsica. It offers the traveller a varied and shady space for an unforgettable Corsican camping holiday."
    ],
    "it": [
      "Il Camping Paduella si trova a Calvi, in Balagne, in Corsica. Offre al viaggiatore uno spazio vario e ombreggiato per un soggiorno indimenticabile in campeggio in Corsica."
    ],
    "fr": [
      "Soigneusement entretenu et familial, le Camping Paduella est situé à Calvi, en Balagne en Corse. Il offre au voyageur un espace varié et ombragé pour un séjour camping en corse inoubliable."
    ],
    "es": [
      "Cuidadosamente mantenido y orientado a las familias, el Camping Paduella está situado en Calvi, en la región de Balagne, en Córcega. Ofrece al viajero una zona variada y sombreada para pasar unas inolvidables vacaciones de camping en Córcega."
    ],
    "nl": [
      "Camping Paduella wordt zorgvuldig onderhouden en door een familie gerund en ligt in Calvi, in de regio Balagne op Corsica. Het biedt de reiziger een gevarieerd en schaduwrijk gebied voor een onvergetelijke kampeervakantie op Corsica."
    ]
  },
  "rdfs:label": {
    "en": [
      "Paduella"
    ],
    "it": [
      "Paduella"
    ],
    "fr": [
      "Paduella"
    ]
  },
  "hasBeenCreatedBy": {
    "@id": "https://data.datatourisme.fr/13/e4873aa9-a05c-35ed-8395-61d121516766",
    "dc:identifier": "1646",
    "schema:email": [
      "info@balagne-corsica.com"
    ],
    "schema:legalName": "Office de Tourisme Intercommunal Calvi - Balagne",
    "@type": [
      "schema:Organization",
      "foaf:Agent",
      "Agent"
    ],
    "foaf:homepage": [
      "https://www.balagne-corsica.com/"
    ]
  },
  "hasBeenPublishedBy": [
    {
      "@id": "https://data.datatourisme.fr/8a9feb4b-2cbd-3d2c-b507-bd6c6776b23b",
      "schema:legalName": "Apidae Tourisme Scic SA - source : Apidae Tourisme",
      "@type": [
        "schema:Organization",
        "foaf:Agent",
        "Agent"
      ],
      "foaf:homepage": [
        "https://www.apidae-tourisme.com/"
      ]
    }
  ],
  "hasContact": [
    {
      "@id": "https://data.datatourisme.fr/39962db0-64f2-33f5-8220-bde7c5933c6e",
      "schema:email": [
        "info@campingpaduella.com"
      ],
      "schema:telephone": [
        "+33 4 95 65 06 16"
      ],
      "@type": [
        "foaf:Agent",
        "Agent"
      ],
      "foaf:homepage": [
        "http://www.campingpaduella.com/"
      ]
    }
  ],
  "hasDescription": [
    {
      "@id": "https://data.datatourisme.fr/f0165741-9d9f-3221-ba37-78623dafa022",
      "@type": [
        "Description"
      ],
      "hasTranslatedProperty": [
        {
          "@id": "https://data.datatourisme.fr/507e99e4-a2d5-302e-a421-c5163e5b0d0e",
          "dc:contributor": [
            "https://api.deepl.com/v2/translate"
          ],
          "rdf:language": [
            "nl"
          ],
          "rdf:predicate": [
            "shortDescription"
          ]
        },
        {
          "@id": "https://data.datatourisme.fr/884644ee-90b4-31e6-a20c-038c50ae1f31",
          "dc:contributor": [
            "https://api.deepl.com/v2/translate"
          ],
          "rdf:language": [
            "de"
          ],
          "rdf:predicate": [
            "shortDescription"
          ]
        },
        {
          "@id": "https://data.datatourisme.fr/b09bb3b1-1693-3b54-90aa-8a03c7fd114f",
          "dc:contributor": [
            "https://api.deepl.com/v2/translate"
          ],
          "rdf:language": [
            "es"
          ],
          "rdf:predicate": [
            "shortDescription"
          ]
        }
      ],
      "shortDescription": {
        "de": [
          "Der sorgfältig gepflegte und familiäre Campingplatz Paduella befindet sich in Calvi, in der Balagne auf Korsika. Er bietet dem Reisenden einen abwechslungsreichen und schattigen Platz für einen unvergesslichen Campingurlaub auf Korsika."
        ],
        "en": [
          "Carefully maintained and family-friendly, the Paduella Campsite is located in Calvi, in Balagne, Corsica. It offers the traveller a varied and shady space for an unforgettable Corsican camping holiday."
        ],
        "it": [
          "Il Camping Paduella si trova a Calvi, in Balagne, in Corsica. Offre al viaggiatore uno spazio vario e ombreggiato per un soggiorno indimenticabile in campeggio in Corsica."
        ],
        "fr": [
          "Soigneusement entretenu et familial, le Camping Paduella est situé à Calvi, en Balagne en Corse. Il offre au voyageur un espace varié et ombragé pour un séjour camping en corse inoubliable."
        ],
        "es": [
          "Cuidadosamente mantenido y orientado a las familias, el Camping Paduella está situado en Calvi, en la región de Balagne, en Córcega. Ofrece al viajero una zona variada y sombreada para pasar unas inolvidables vacaciones de camping en Córcega."
        ],
        "nl": [
          "Camping Paduella wordt zorgvuldig onderhouden en door een familie gerund en ligt in Calvi, in de regio Balagne op Corsica. Het biedt de reiziger een gevarieerd en schaduwrijk gebied voor een onvergetelijke kampeervakantie op Corsica."
        ]
      }
    }
  ],
  "hasTranslatedProperty": [
    {
      "@id": "https://data.datatourisme.fr/bda87540-ffda-31fe-96df-8a0390de64d5",
      "dc:contributor": [
        "https://api.deepl.com/v2/translate"
      ],
      "rdf:language": [
        "nl"
      ],
      "rdf:predicate": [
        {
          "@id": "rdfs:comment"
        }
      ]
    },
    {
      "@id": "https://data.datatourisme.fr/decd98b2-ce02-3a44-81e9-360d996a2415",
      "dc:contributor": [
        "https://api.deepl.com/v2/translate"
      ],
      "rdf:language": [
        "de"
      ],
      "rdf:predicate": [
        {
          "@id": "rdfs:comment"
        }
      ]
    },
    {
      "@id": "https://data.datatourisme.fr/efffed61-91d8-3d5e-a2d5-3f0974a318da",
      "dc:contributor": [
        "https://api.deepl.com/v2/translate"
      ],
      "rdf:language": [
        "es"
      ],
      "rdf:predicate": [
        {
          "@id": "rdfs:comment"
        }
      ]
    }
  ],
  "isLocatedAt": [
    {
      "@id": "https://data.datatourisme.fr/d47f91d4-73f9-3896-8a49-2c1358d1b059",
      "schema:address": [
        {
          "@id": "https://data.datatourisme.fr/6407990b-9847-3e85-83cb-d7bae5cd33ed",
          "schema:addressLocality": "Calvi",
          "schema:postalCode": "20260",
          "schema:streetAddress": [
            "Avenue Christophe Colomb"
          ],
          "@type": [
            "schema:PostalAddress",
            "PostalAddress"
          ],
          "hasAddressCity": {
            "@id": "kb:2B050",
            "@type": [
              "City"
            ],
            "rdfs:label": {
              "en": [
                "Calvi"
              ],
              "fr": [
                "Calvi"
              ]
            },
            "insee": "2B050",
            "isPartOfDepartment": {
              "@id": "kb:France942B",
              "@type": [
                "Department"
              ],
              "rdfs:label": {
                "en": [
                  "Haute-Corse"
                ],
                "fr": [
                  "Haute-Corse"
                ]
              },
              "insee": "2B",
              "isPartOfRegion": {
                "@id": "kb:France94",
                "@type": [
                  "Region"
                ],
                "rdfs:label": {
                  "en": [
                    "Corse"
                  ],
                  "fr": [
                    "Corse"
                  ]
                },
                "insee": "94",
                "isPartOfCountry": {
                  "@id": "kb:France",
                  "@type": [
                    "schema:Country"
                  ],
                  "rdfs:label": {
                    "de": [
                      "Frankreich"
                    ],
                    "pt": [
                      "França"
                    ],
                    "en": [
                      "France"
                    ],
                    "it": [
                      "Francia"
                    ],
                    "fr": [
                      "France"
                    ],
                    "nl": [
                      "Frankrijk"
                    ],
                    "es": [
                      "Francia"
                    ]
                  }
                }
              }
            }
          }
        }
      ],
      "schema:geo": {
        "@id": "https://data.datatourisme.fr/c4184f53-7486-3fb1-ac5b-5d9b879743eb",
        "schema:latitude": "42.552348",
        "schema:longitude": "8.764396",
        "@type": [
          "schema:GeoCoordinates"
        ]
      },
      "schema:openingHoursSpecification": [
        {
          "@id": "https://data.datatourisme.fr/9ff553c4-08e1-32dc-a844-3642128797a0",
          "schema:validFrom": "2023-05-08T00:00:00",
          "schema:validThrough": "2023-10-09T23:59:59",
          "@type": [
            "schema:OpeningHoursSpecification"
          ],
          "additionalInformation": {
            "de": [
              "Öffnungszeitraum nur zur Orientierung."
            ],
            "en": [
              "Opening period for information only."
            ],
            "it": [
              "Il periodo di apertura è indicativo."
            ],
            "fr": [
              "Période d'ouverture à titre indicatif."
            ],
            "es": [
              "El periodo de apertura es indicativo."
            ],
            "nl": [
              "De openingsperiode is indicatief."
            ]
          },
          "hasTranslatedProperty": [
            {
              "@id": "https://data.datatourisme.fr/32e791fc-543f-3e8c-a474-c6e891101193",
              "dc:contributor": [
                "https://api.deepl.com/v2/translate"
              ],
              "rdf:language": [
                "nl"
              ],
              "rdf:predicate": [
                "additionalInformation"
              ]
            },
            {
              "@id": "https://data.datatourisme.fr/488f2ad4-08ee-3ded-8b1f-32cbb9c96e54",
              "dc:contributor": [
                "https://api.deepl.com/v2/translate"
              ],
              "rdf:language": [
                "it"
              ],
              "rdf:predicate": [
                "additionalInformation"
              ]
            },
            {
              "@id": "https://data.datatourisme.fr/5377aac8-370a-3330-99d1-fad20370fc25",
              "dc:contributor": [
                "https://api.deepl.com/v2/translate"
              ],
              "rdf:language": [
                "es"
              ],
              "rdf:predicate": [
                "additionalInformation"
              ]
            },
            {
              "@id": "https://data.datatourisme.fr/5ac16e6e-003e-39de-97d6-d56a3db53035",
              "dc:contributor": [
                "https://api.deepl.com/v2/translate"
              ],
              "rdf:language": [
                "de"
              ],
              "rdf:predicate": [
                "additionalInformation"
              ]
            },
            {
              "@id": "https://data.datatourisme.fr/de0af731-ef18-30c0-aee6-001eecb1aaa3",
              "dc:contributor": [
                "https://api.deepl.com/v2/translate"
              ],
              "rdf:language": [
                "en"
              ],
              "rdf:predicate": [
                "additionalInformation"
              ]
            }
          ]
        }
      ],
      "@type": [
        "schema:Place",
        "Place"
      ]
    }
  ],
  "isOwnedBy": [
    {
      "@id": "https://data.datatourisme.fr/194c52e6-bbae-33dc-8464-caca97844fbb",
      "schema:email": [
        "info@balagne-corsica.com"
      ],
      "schema:legalName": "Office de Tourisme Intercommunal Calvi - Balagne",
      "@type": [
        "schema:Organization",
        "foaf:Agent",
        "Agent"
      ],
      "foaf:homepage": [
        "https://www.balagne-corsica.com/"
      ]
    }
  ],
  "lastUpdate": "2022-12-26",
  "lastUpdateDatatourisme": "2023-04-04T05:52:39.316Z",
  "offers": [
    {
      "@id": "https://data.datatourisme.fr/e5421bd8-f4c7-3a41-9b71-bb4353a6fba7",
      "schema:priceSpecification": [
        {
          "@id": "https://data.datatourisme.fr/3dc2b9f1-a3b6-3f63-8390-6a2d1c94dad1",
          "schema:maxPrice": [
            "0.5",
            "12",
            "13",
            "6"
          ],
          "schema:minPrice": [
            "0.5",
            "2",
            "3.5",
            "8"
          ],
          "schema:priceCurrency": "EUR",
          "@type": [
            "schema:PriceSpecification",
            "PriceSpecification"
          ],
          "appliesOnPeriod": [
            {
              "@id": "https://data.datatourisme.fr/88f93536-cd1f-345f-b66d-387089c8ec09",
              "@type": [
                "Period"
              ],
              "endDate": "2023-10-09",
              "startDate": "2023-05-08"
            }
          ]
        }
      ],
      "@type": [
        "schema:Offer",
        "Offer"
      ]
    }
  ]
}