{
  "@id": "https://data.datatourisme.fr/13/9aba6427-5ab3-37af-9b70-52c640bfbe37",
  "dc:identifier": "4985256",
  "schema:endDate": [
    "2023-06-04"
  ],
  "schema:startDate": [
    "2023-06-04"
  ],
  "@type": [
    "schema:Event",
    "schema:SportsEvent",
    "EntertainmentAndEvent",
    "PointOfInterest",
    "SportsCompetition",
    "SportsEvent"
  ],
  "rdfs:comment": {
    "de": [
      "Für alle, die Nervenkitzel und Sport lieben, bietet Ghjuventù Petralbinca zwei Trails und eine sportliche Wanderung an. Die Gelegenheit, sich selbst zu übertreffen und die wunderschöne Landschaft in den Bergen von Pietralba und Casenove zu entdecken."
    ],
    "en": [
      "For those who love thrills and sports, Ghjuventù Petralbinca offers two trails and a sports walk. An opportunity to surpass yourself and discover the magnificent landscapes of the Pietralba and Casenove mountains."
    ],
    "it": [
      "Per gli amanti del brivido e dello sport, la Ghjuventù Petralbinca offre due percorsi e una passeggiata sportiva. Un'occasione per superare se stessi e scoprire i magnifici paesaggi delle montagne di Pietralba e Casenove."
    ],
    "fr": [
      "Pour les amateurs de sensations fortes et de sports, Ghjuventù Petralbinca vous propose deux trails et une marche sportive. L'occasion de se dépasser et de découvrir des paysages magnifiques dans les montagnes de Pietralba et de Casenove."
    ],
    "nl": [
      "Voor de liefhebbers van spanning en sport biedt Ghjuventù Petralbinca twee wandelroutes en een sportwandeling. Een gelegenheid om uzelf te overtreffen en de prachtige landschappen van de bergen van Pietralba en Casenove te ontdekken."
    ],
    "es": [
      "Para los amantes de las emociones y los deportes, Ghjuventù Petralbinca ofrece dos senderos y un paseo deportivo. Una oportunidad para superarse y descubrir los magníficos paisajes de las montañas de Pietralba y Casenove."
    ]
  },
  "rdfs:label": {
    "fr": [
      "A Petralbinca"
    ]
  },
  "hasBeenCreatedBy": {
    "@id": "https://data.datatourisme.fr/13/8d420fa3-5754-31f1-8199-69c88780314d",
    "dc:identifier": "1647",
    "schema:email": [
      "web@ileroussetourisme.com"
    ],
    "schema:legalName": "Office de Tourisme Intercommunal de L'Ile Rousse-Balagne",
    "@type": [
      "schema:Organization",
      "foaf:Agent",
      "Agent"
    ],
    "foaf:homepage": [
      "https://www.balagne-corsica.com/"
    ]
  },
  "hasBeenPublishedBy": [
    {
      "@id": "https://data.datatourisme.fr/8a9feb4b-2cbd-3d2c-b507-bd6c6776b23b",
      "schema:legalName": "Apidae Tourisme Scic SA - source : Apidae Tourisme",
      "@type": [
        "schema:Organization",
        "foaf:Agent",
        "Agent"
      ],
      "foaf:homepage": [
        "https://www.apidae-tourisme.com/"
      ]
    }
  ],
  "hasContact": [
    {
      "@id": "https://data.datatourisme.fr/3c5e5b7f-ff22-36f3-8153-afcc2bc933fa",
      "schema:telephone": [
        "+33 6 85 02 86 22"
      ],
      "@type": [
        "foaf:Agent",
        "Agent"
      ],
      "foaf:homepage": [
        "http://apetralbinca.fr/"
      ]
    }
  ],
  "hasDescription": [
    {
      "@id": "https://data.datatourisme.fr/92e85dad-9464-303e-a4c5-356eb28e5ac8",
      "@type": [
        "Description"
      ],
      "hasTranslatedProperty": [
        {
          "@id": "https://data.datatourisme.fr/66c0f0f6-23e0-3761-bf35-4132bf170129",
          "dc:contributor": [
            "https://api.deepl.com/v2/translate"
          ],
          "rdf:language": [
            "nl"
          ],
          "rdf:predicate": [
            "shortDescription"
          ]
        },
        {
          "@id": "https://data.datatourisme.fr/ec260d7b-05b6-312a-ae92-be9365d37da1",
          "dc:contributor": [
            "https://api.deepl.com/v2/translate"
          ],
          "rdf:language": [
            "es"
          ],
          "rdf:predicate": [
            "shortDescription"
          ]
        },
        {
          "@id": "https://data.datatourisme.fr/ecc71cb3-d653-3f40-aafd-cc6e715317cc",
          "dc:contributor": [
            "https://api.deepl.com/v2/translate"
          ],
          "rdf:language": [
            "de"
          ],
          "rdf:predicate": [
            "shortDescription"
          ]
        }
      ],
      "shortDescription": {
        "de": [
          "Für alle, die Nervenkitzel und Sport lieben, bietet Ghjuventù Petralbinca zwei Trails und eine sportliche Wanderung an. Die Gelegenheit, sich selbst zu übertreffen und die wunderschöne Landschaft in den Bergen von Pietralba und Casenove zu entdecken."
        ],
        "en": [
          "For those who love thrills and sports, Ghjuventù Petralbinca offers two trails and a sports walk. An opportunity to surpass yourself and discover the magnificent landscapes of the Pietralba and Casenove mountains."
        ],
        "it": [
          "Per gli amanti del brivido e dello sport, la Ghjuventù Petralbinca offre due percorsi e una passeggiata sportiva. Un'occasione per superare se stessi e scoprire i magnifici paesaggi delle montagne di Pietralba e Casenove."
        ],
        "fr": [
          "Pour les amateurs de sensations fortes et de sports, Ghjuventù Petralbinca vous propose deux trails et une marche sportive. L'occasion de se dépasser et de découvrir des paysages magnifiques dans les montagnes de Pietralba et de Casenove."
        ],
        "nl": [
          "Voor de liefhebbers van spanning en sport biedt Ghjuventù Petralbinca twee wandelroutes en een sportwandeling. Een gelegenheid om uzelf te overtreffen en de prachtige landschappen van de bergen van Pietralba en Casenove te ontdekken."
        ],
        "es": [
          "Para los amantes de las emociones y los deportes, Ghjuventù Petralbinca ofrece dos senderos y un paseo deportivo. Una oportunidad para superarse y descubrir los magníficos paisajes de las montañas de Pietralba y Casenove."
        ]
      }
    }
  ],
  "hasTranslatedProperty": [
    {
      "@id": "https://data.datatourisme.fr/5b6b6c66-7231-38e3-83e7-fe20641c3323",
      "dc:contributor": [
        "https://api.deepl.com/v2/translate"
      ],
      "rdf:language": [
        "de"
      ],
      "rdf:predicate": [
        {
          "@id": "rdfs:comment"
        }
      ]
    },
    {
      "@id": "https://data.datatourisme.fr/7c629688-b041-3db0-bba6-0c1bf5e41395",
      "dc:contributor": [
        "https://api.deepl.com/v2/translate"
      ],
      "rdf:language": [
        "nl"
      ],
      "rdf:predicate": [
        {
          "@id": "rdfs:comment"
        }
      ]
    },
    {
      "@id": "https://data.datatourisme.fr/8221ac41-a703-303f-824f-ba76ece74ba0",
      "dc:contributor": [
        "https://api.deepl.com/v2/translate"
      ],
      "rdf:language": [
        "es"
      ],
      "rdf:predicate": [
        {
          "@id": "rdfs:comment"
        }
      ]
    }
  ],
  "isLocatedAt": [
    {
      "@id": "https://data.datatourisme.fr/7ac5db96-9bab-3312-a47e-29ecba24306c",
      "schema:address": [
        {
          "@id": "https://data.datatourisme.fr/0ee4a508-ec93-3d4d-b059-7dcedec4c278",
          "schema:addressLocality": "Pietralba",
          "schema:postalCode": "20218",
          "schema:streetAddress": [
            "Place du village"
          ],
          "@type": [
            "schema:PostalAddress",
            "PostalAddress"
          ],
          "hasAddressCity": {
            "@id": "kb:2B223",
            "@type": [
              "City"
            ],
            "rdfs:label": {
              "en": [
                "Pietralba"
              ],
              "fr": [
                "Pietralba"
              ]
            },
            "insee": "2B223",
            "isPartOfDepartment": {
              "@id": "kb:France942B",
              "@type": [
                "Department"
              ],
              "rdfs:label": {
                "en": [
                  "Haute-Corse"
                ],
                "fr": [
                  "Haute-Corse"
                ]
              },
              "insee": "2B",
              "isPartOfRegion": {
                "@id": "kb:France94",
                "@type": [
                  "Region"
                ],
                "rdfs:label": {
                  "en": [
                    "Corse"
                  ],
                  "fr": [
                    "Corse"
                  ]
                },
                "insee": "94",
                "isPartOfCountry": {
                  "@id": "kb:France",
                  "@type": [
                    "schema:Country"
                  ],
                  "rdfs:label": {
                    "de": [
                      "Frankreich"
                    ],
                    "pt": [
                      "França"
                    ],
                    "en": [
                      "France"
                    ],
                    "it": [
                      "Francia"
                    ],
                    "fr": [
                      "France"
                    ],
                    "nl": [
                      "Frankrijk"
                    ],
                    "es": [
                      "Francia"
                    ]
                  }
                }
              }
            }
          }
        }
      ],
      "schema:geo": {
        "@id": "https://data.datatourisme.fr/503a3c26-519b-3de7-a5e2-3131518420cf",
        "schema:latitude": "42.545647",
        "schema:longitude": "9.185779",
        "@type": [
          "schema:GeoCoordinates"
        ]
      },
      "schema:openingHoursSpecification": [
        {
          "@id": "https://data.datatourisme.fr/01b2389c-3992-39c9-bbe5-9a989f429f1c",
          "schema:closes": "15:00:00",
          "schema:opens": "08:30:00",
          "schema:validFrom": "2023-06-04T00:00:00",
          "schema:validThrough": "2023-06-04T23:59:59",
          "@type": [
            "schema:OpeningHoursSpecification"
          ]
        }
      ],
      "@type": [
        "schema:Place",
        "Place"
      ]
    }
  ],
  "isOwnedBy": [
    {
      "@id": "https://data.datatourisme.fr/252af22a-253d-33df-b9d7-204832749402",
      "schema:email": [
        "web@ileroussetourisme.com"
      ],
      "schema:legalName": "Office de Tourisme Intercommunal de L'Ile Rousse-Balagne",
      "@type": [
        "schema:Organization",
        "foaf:Agent",
        "Agent"
      ],
      "foaf:homepage": [
        "https://www.balagne-corsica.com/"
      ]
    }
  ],
  "lastUpdate": "2022-11-24",
  "lastUpdateDatatourisme": "2023-02-15T06:38:06.946Z",
  "takesPlaceAt": [
    {
      "@id": "https://data.datatourisme.fr/0b5387d6-a646-3fee-ac69-0a2c902004fc",
      "@type": [
        "Period"
      ],
      "endDate": "2023-06-04",
      "endTime": "15:00:00",
      "startDate": "2023-06-04",
      "startTime": "08:30:00"
    }
  ]
}