{
  "@id": "https://data.datatourisme.fr/13/9cec75a4-6d2f-31f8-b830-a203a9a3c34c",
  "dc:identifier": "6232021",
  "@type": [
    "schema:Landform",
    "Beach",
    "NaturalHeritage",
    "PlaceOfInterest",
    "PointOfInterest",
    "SportsAndLeisurePlace"
  ],
  "rdfs:comment": {
    "de": [
      "Kleiner Strand in einer langen und engen Bucht, die einen Lagunenteich beherbergt, in dem die Mündungen mehrerer lokaler Bäche zusammenfließen.\r\nAuf dem Pfad, der zum Genueserturm führt, können Sie ein außergewöhnliches Panorama dieser zerklüfteten Küste genießen."
    ],
    "en": [
      "Small beach in a long and narrow cove that shelters a lagoon at the confluence of the mouths of several local streams.\r\nYou can enjoy an exceptional panorama of this rugged coastline from the path that leads to the Genoese tower."
    ],
    "it": [
      "Una piccola spiaggia in un'insenatura lunga e stretta che protegge una laguna alla confluenza delle foci di diversi torrenti locali.\r\nDal sentiero che conduce alla torre genovese si gode di un panorama eccezionale su questa costa frastagliata."
    ],
    "fr": [
      "Petite plage dans un anse longue et étroite qui abrite un étang lagunaire à la confluence des embouchures de plusieurs ruisseaux locaux.\r\nVous pouvez profiter d'un panorama exceptionnel sur cette côte accidenté avec le sentier qui mène à la tour génoise."
    ],
    "es": [
      "Una pequeña playa en una larga y estrecha cala que alberga una laguna en la confluencia de las bocas de varios arroyos locales.\r\nDesde el sendero que lleva a la torre genovesa se puede disfrutar de un panorama excepcional de esta costa escarpada."
    ],
    "nl": [
      "Een klein strand in een lange, smalle inham die een lagune beschut aan de samenvloeiing van de mondingen van verschillende lokale stromen.\r\nVanaf het pad dat naar de Genuese toren leidt, kunt u genieten van een uitzonderlijk panorama van deze ruige kustlijn."
    ]
  },
  "rdfs:label": {
    "fr": [
      "La plage de Furnellu"
    ]
  },
  "hasBeenCreatedBy": {
    "@id": "https://data.datatourisme.fr/13/84c6494d-3085-3c63-a55c-db8cb047fadd",
    "dc:identifier": "1738",
    "schema:email": [
      "camillef.omt@gmail.com",
      "direction@destination-sudcorse.com",
      "gestion@destination-sudcorse.com",
      "promotion@destination-sudcorse.com",
      "webmaster@destination-sudcorse.com"
    ],
    "schema:legalName": "Porto Vecchio Tourisme",
    "@type": [
      "schema:Organization",
      "foaf:Agent",
      "Agent"
    ],
    "foaf:homepage": [
      "http://www.ot-portovecchio.com/"
    ]
  },
  "hasBeenPublishedBy": [
    {
      "@id": "https://data.datatourisme.fr/8a9feb4b-2cbd-3d2c-b507-bd6c6776b23b",
      "schema:legalName": "Apidae Tourisme Scic SA - source : Apidae Tourisme",
      "@type": [
        "schema:Organization",
        "foaf:Agent",
        "Agent"
      ],
      "foaf:homepage": [
        "https://www.apidae-tourisme.com/"
      ]
    }
  ],
  "hasContact": [
    {
      "@id": "https://data.datatourisme.fr/53287022-0a0f-371e-bee8-f9f505d23f63",
      "schema:telephone": [
        "+33 4 95 71 80 06"
      ],
      "@type": [
        "foaf:Agent",
        "Agent"
      ]
    }
  ],
  "hasDescription": [
    {
      "@id": "https://data.datatourisme.fr/c875e8ec-366e-3316-af94-985c550d47bc",
      "@type": [
        "Description"
      ],
      "hasTranslatedProperty": [
        {
          "@id": "https://data.datatourisme.fr/4a7e13ed-b4cd-34ad-8af4-90ea125610fa",
          "dc:contributor": [
            "https://api.deepl.com/v2/translate"
          ],
          "rdf:language": [
            "nl"
          ],
          "rdf:predicate": [
            "shortDescription"
          ]
        },
        {
          "@id": "https://data.datatourisme.fr/4abbbcd1-c4e1-3097-b88a-64bbb44fc758",
          "dc:contributor": [
            "https://api.deepl.com/v2/translate"
          ],
          "rdf:language": [
            "en"
          ],
          "rdf:predicate": [
            "shortDescription"
          ]
        },
        {
          "@id": "https://data.datatourisme.fr/c5b1490c-4789-3c12-96f1-21abb5a6913a",
          "dc:contributor": [
            "https://api.deepl.com/v2/translate"
          ],
          "rdf:language": [
            "de"
          ],
          "rdf:predicate": [
            "shortDescription"
          ]
        },
        {
          "@id": "https://data.datatourisme.fr/d7a99a83-8051-30b6-b870-1098ff8cc80e",
          "dc:contributor": [
            "https://api.deepl.com/v2/translate"
          ],
          "rdf:language": [
            "es"
          ],
          "rdf:predicate": [
            "shortDescription"
          ]
        },
        {
          "@id": "https://data.datatourisme.fr/e846fc2e-4948-3e2d-8a42-385ff59f1cc8",
          "dc:contributor": [
            "https://api.deepl.com/v2/translate"
          ],
          "rdf:language": [
            "it"
          ],
          "rdf:predicate": [
            "shortDescription"
          ]
        }
      ],
      "shortDescription": {
        "de": [
          "Kleiner Strand in einer langen und engen Bucht, die einen Lagunenteich beherbergt, in dem die Mündungen mehrerer lokaler Bäche zusammenfließen.\r\nAuf dem Pfad, der zum Genueserturm führt, können Sie ein außergewöhnliches Panorama dieser zerklüfteten Küste genießen."
        ],
        "en": [
          "Small beach in a long and narrow cove that shelters a lagoon at the confluence of the mouths of several local streams.\r\nYou can enjoy an exceptional panorama of this rugged coastline from the path that leads to the Genoese tower."
        ],
        "it": [
          "Una piccola spiaggia in un'insenatura lunga e stretta che protegge una laguna alla confluenza delle foci di diversi torrenti locali.\r\nDal sentiero che conduce alla torre genovese si gode di un panorama eccezionale su questa costa frastagliata."
        ],
        "fr": [
          "Petite plage dans un anse longue et étroite qui abrite un étang lagunaire à la confluence des embouchures de plusieurs ruisseaux locaux.\r\nVous pouvez profiter d'un panorama exceptionnel sur cette côte accidenté avec le sentier qui mène à la tour génoise."
        ],
        "es": [
          "Una pequeña playa en una larga y estrecha cala que alberga una laguna en la confluencia de las bocas de varios arroyos locales.\r\nDesde el sendero que lleva a la torre genovesa se puede disfrutar de un panorama excepcional de esta costa escarpada."
        ],
        "nl": [
          "Een klein strand in een lange, smalle inham die een lagune beschut aan de samenvloeiing van de mondingen van verschillende lokale stromen.\r\nVanaf het pad dat naar de Genuese toren leidt, kunt u genieten van een uitzonderlijk panorama van deze ruige kustlijn."
        ]
      }
    }
  ],
  "hasTheme": [
    {
      "@id": "kb:Bathing",
      "@type": [
        "AccommodationAmenity",
        "SportsTheme"
      ],
      "rdfs:label": {
        "de": [
          "Baden"
        ],
        "pt": [
          "Banho"
        ],
        "en": [
          "Bathing"
        ],
        "it": [
          "Bagno"
        ],
        "fr": [
          "Baignade"
        ],
        "nl": [
          "Zwemmen"
        ],
        "es": [
          "Baño"
        ]
      }
    }
  ],
  "hasTranslatedProperty": [
    {
      "@id": "https://data.datatourisme.fr/1976c1ad-c6d8-313c-a9ac-aac3a2d1c588",
      "dc:contributor": [
        "https://api.deepl.com/v2/translate"
      ],
      "rdf:language": [
        "de"
      ],
      "rdf:predicate": [
        {
          "@id": "rdfs:comment"
        }
      ]
    },
    {
      "@id": "https://data.datatourisme.fr/3c13f841-bc84-3955-abd0-a3b8291dd8c7",
      "dc:contributor": [
        "https://api.deepl.com/v2/translate"
      ],
      "rdf:language": [
        "it"
      ],
      "rdf:predicate": [
        {
          "@id": "rdfs:comment"
        }
      ]
    },
    {
      "@id": "https://data.datatourisme.fr/487cea5b-8621-30b9-bde5-c86b1642d341",
      "dc:contributor": [
        "https://api.deepl.com/v2/translate"
      ],
      "rdf:language": [
        "en"
      ],
      "rdf:predicate": [
        {
          "@id": "rdfs:comment"
        }
      ]
    },
    {
      "@id": "https://data.datatourisme.fr/afaba3dd-f222-34ec-ab89-506f7682918a",
      "dc:contributor": [
        "https://api.deepl.com/v2/translate"
      ],
      "rdf:language": [
        "es"
      ],
      "rdf:predicate": [
        {
          "@id": "rdfs:comment"
        }
      ]
    },
    {
      "@id": "https://data.datatourisme.fr/c1dd63f4-c862-3273-89c3-7fa224798aea",
      "dc:contributor": [
        "https://api.deepl.com/v2/translate"
      ],
      "rdf:language": [
        "nl"
      ],
      "rdf:predicate": [
        {
          "@id": "rdfs:comment"
        }
      ]
    }
  ],
  "isLocatedAt": [
    {
      "@id": "https://data.datatourisme.fr/b0561db2-6b2d-3b4d-8683-9db4e1b2aa59",
      "schema:address": [
        {
          "@id": "https://data.datatourisme.fr/1d920907-a754-328c-8356-4fe1d5186cf2",
          "schema:addressLocality": "Monacia-d'Aullène",
          "schema:postalCode": "20171",
          "schema:streetAddress": [
            "Furnellu"
          ],
          "@type": [
            "schema:PostalAddress",
            "PostalAddress"
          ],
          "hasAddressCity": {
            "@id": "kb:2A163",
            "@type": [
              "City"
            ],
            "rdfs:label": {
              "en": [
                "Monacia-d'Aullène"
              ],
              "fr": [
                "Monacia-d'Aullène"
              ]
            },
            "insee": "2A163",
            "isPartOfDepartment": {
              "@id": "kb:France942A",
              "@type": [
                "Department"
              ],
              "rdfs:label": {
                "en": [
                  "Corse-du-Sud"
                ],
                "fr": [
                  "Corse-du-Sud"
                ]
              },
              "insee": "2A",
              "isPartOfRegion": {
                "@id": "kb:France94",
                "@type": [
                  "Region"
                ],
                "rdfs:label": {
                  "en": [
                    "Corse"
                  ],
                  "fr": [
                    "Corse"
                  ]
                },
                "insee": "94",
                "isPartOfCountry": {
                  "@id": "kb:France",
                  "@type": [
                    "schema:Country"
                  ],
                  "rdfs:label": {
                    "de": [
                      "Frankreich"
                    ],
                    "pt": [
                      "França"
                    ],
                    "en": [
                      "France"
                    ],
                    "it": [
                      "Francia"
                    ],
                    "fr": [
                      "France"
                    ],
                    "nl": [
                      "Frankrijk"
                    ],
                    "es": [
                      "Francia"
                    ]
                  }
                }
              }
            }
          }
        }
      ],
      "schema:geo": {
        "@id": "https://data.datatourisme.fr/6984c04a-c7dd-3a32-b4fe-0f19b20346b5",
        "schema:latitude": "41.475454",
        "schema:longitude": "9.071438",
        "@type": [
          "schema:GeoCoordinates"
        ]
      },
      "schema:openingHoursSpecification": [
        {
          "@id": "https://data.datatourisme.fr/f87e535a-636d-3343-ad63-8a03392e7511",
          "schema:validFrom": "2023-01-01T00:00:00",
          "schema:validThrough": "2023-12-31T23:59:59",
          "@type": [
            "schema:OpeningHoursSpecification"
          ]
        }
      ],
      "@type": [
        "schema:Place",
        "Place"
      ]
    }
  ],
  "isOwnedBy": [
    {
      "@id": "https://data.datatourisme.fr/f5f950f9-5eec-32b4-a357-2c969ccf4068",
      "schema:email": [
        "camillef.omt@gmail.com",
        "direction@destination-sudcorse.com",
        "gestion@destination-sudcorse.com",
        "promotion@destination-sudcorse.com",
        "webmaster@destination-sudcorse.com"
      ],
      "schema:legalName": "Porto Vecchio Tourisme",
      "@type": [
        "schema:Organization",
        "foaf:Agent",
        "Agent"
      ],
      "foaf:homepage": [
        "http://www.ot-portovecchio.com/"
      ]
    }
  ],
  "lastUpdate": "2023-04-01",
  "lastUpdateDatatourisme": "2023-04-02T05:48:09.231Z"
}