{
  "@id": "https://data.datatourisme.fr/13/9c59816b-2e2c-3ebf-9a44-9a0ad046e886",
  "dc:identifier": "5954737",
  "@type": [
    "schema:Accommodation",
    "schema:Hotel",
    "schema:LodgingBusiness",
    "Accommodation",
    "Hotel",
    "HotelTrade",
    "PlaceOfInterest",
    "PointOfInterest"
  ],
  "rdfs:comment": {
    "de": [
      "Das Kasano Hotel & Spa mit seiner Vintage-Dekoration und dem Geist der Seventies liegt am Fuße der Zitadelle von Calvi. Ihre Gastgeber, Léria und Lolla Ceccaldi, sind in der Hotellerie und der Kunst des guten Empfangs aufgewachsen."
    ],
    "en": [
      "Kasano hotel & spa, with vintage decor and seventies spirit, sits at the foot of the citadel in Calvi. Your hosts, Léria and Lolla Ceccaldi, grew up in the hotel business and the art of hospitality."
    ],
    "it": [
      "Kasano hotel & spa, con la sua decorazione vintage e lo spirito anni settanta, si trova ai piedi della cittadella di Calvi. I vostri padroni di casa, Léria e Lolla Ceccaldi, sono cresciuti nel settore alberghiero e nell'arte dell'ospitalità."
    ],
    "fr": [
      "Kasano hôtel & spa, à la décoration vintage et l’esprit seventies, est posé au pied de la citadelle de Calvi. Vos hôtes, Léria et Lolla Ceccaldi, ont grandi dans l’hôtellerie et l’art du bien recevoir."
    ],
    "nl": [
      "Kasano hotel & spa, met zijn vintage inrichting en seventies geest, ligt aan de voet van de citadel van Calvi. Uw gastheren, Léria en Lolla Ceccaldi, zijn opgegroeid in het hotelwezen en de kunst van de gastvrijheid."
    ],
    "es": [
      "El Kasano hotel & spa, con su decoración vintage y su espíritu setentero, está situado a los pies de la ciudadela de Calvi. Sus anfitriones, Léria y Lolla Ceccaldi, crecieron en el negocio de la hostelería y el arte de la hospitalidad."
    ]
  },
  "rdfs:label": {
    "fr": [
      "Kasano"
    ]
  },
  "hasBeenCreatedBy": {
    "@id": "https://data.datatourisme.fr/13/e4873aa9-a05c-35ed-8395-61d121516766",
    "dc:identifier": "1646",
    "schema:email": [
      "info@balagne-corsica.com"
    ],
    "schema:legalName": "Office de Tourisme Intercommunal Calvi - Balagne",
    "@type": [
      "schema:Organization",
      "foaf:Agent",
      "Agent"
    ],
    "foaf:homepage": [
      "https://www.balagne-corsica.com/"
    ]
  },
  "hasBeenPublishedBy": [
    {
      "@id": "https://data.datatourisme.fr/8a9feb4b-2cbd-3d2c-b507-bd6c6776b23b",
      "schema:legalName": "Apidae Tourisme Scic SA - source : Apidae Tourisme",
      "@type": [
        "schema:Organization",
        "foaf:Agent",
        "Agent"
      ],
      "foaf:homepage": [
        "https://www.apidae-tourisme.com/"
      ]
    }
  ],
  "hasContact": [
    {
      "@id": "https://data.datatourisme.fr/97701123-fdc6-3cfd-90c7-454fad64ee04",
      "schema:email": [
        "info@hotelkasano.com"
      ],
      "schema:telephone": [
        "+33 6 82 15 47 66"
      ],
      "@type": [
        "foaf:Agent",
        "Agent"
      ],
      "foaf:homepage": [
        "https://www.hotelkasano.com/fr"
      ]
    }
  ],
  "hasDescription": [
    {
      "@id": "https://data.datatourisme.fr/c926b215-8bc7-3a2a-b890-01bccddf98b1",
      "@type": [
        "Description"
      ],
      "hasTranslatedProperty": [
        {
          "@id": "https://data.datatourisme.fr/963e2068-e1a3-3940-a65e-0309f7da49b7",
          "dc:contributor": [
            "https://api.deepl.com/v2/translate"
          ],
          "rdf:language": [
            "nl"
          ],
          "rdf:predicate": [
            "shortDescription"
          ]
        },
        {
          "@id": "https://data.datatourisme.fr/ef382f68-c379-334f-9482-6f6591511270",
          "dc:contributor": [
            "https://api.deepl.com/v2/translate"
          ],
          "rdf:language": [
            "es"
          ],
          "rdf:predicate": [
            "shortDescription"
          ]
        },
        {
          "@id": "https://data.datatourisme.fr/f75eb8e5-8d70-30e0-bc6c-23661f6fd09b",
          "dc:contributor": [
            "https://api.deepl.com/v2/translate"
          ],
          "rdf:language": [
            "de"
          ],
          "rdf:predicate": [
            "shortDescription"
          ]
        }
      ],
      "shortDescription": {
        "de": [
          "Das Kasano Hotel & Spa mit seiner Vintage-Dekoration und dem Geist der Seventies liegt am Fuße der Zitadelle von Calvi. Ihre Gastgeber, Léria und Lolla Ceccaldi, sind in der Hotellerie und der Kunst des guten Empfangs aufgewachsen."
        ],
        "en": [
          "Kasano hotel & spa, with vintage decor and seventies spirit, sits at the foot of the citadel in Calvi. Your hosts, Léria and Lolla Ceccaldi, grew up in the hotel business and the art of hospitality."
        ],
        "it": [
          "Kasano hotel & spa, con la sua decorazione vintage e lo spirito anni settanta, si trova ai piedi della cittadella di Calvi. I vostri padroni di casa, Léria e Lolla Ceccaldi, sono cresciuti nel settore alberghiero e nell'arte dell'ospitalità."
        ],
        "fr": [
          "Kasano hôtel & spa, à la décoration vintage et l’esprit seventies, est posé au pied de la citadelle de Calvi. Vos hôtes, Léria et Lolla Ceccaldi, ont grandi dans l’hôtellerie et l’art du bien recevoir."
        ],
        "nl": [
          "Kasano hotel & spa, met zijn vintage inrichting en seventies geest, ligt aan de voet van de citadel van Calvi. Uw gastheren, Léria en Lolla Ceccaldi, zijn opgegroeid in het hotelwezen en de kunst van de gastvrijheid."
        ],
        "es": [
          "El Kasano hotel & spa, con su decoración vintage y su espíritu setentero, está situado a los pies de la ciudadela de Calvi. Sus anfitriones, Léria y Lolla Ceccaldi, crecieron en el negocio de la hostelería y el arte de la hospitalidad."
        ]
      }
    }
  ],
  "hasTranslatedProperty": [
    {
      "@id": "https://data.datatourisme.fr/3da3b790-2e61-3aa5-a212-73750edcc5e2",
      "dc:contributor": [
        "https://api.deepl.com/v2/translate"
      ],
      "rdf:language": [
        "nl"
      ],
      "rdf:predicate": [
        {
          "@id": "rdfs:comment"
        }
      ]
    },
    {
      "@id": "https://data.datatourisme.fr/4780adb8-de02-3e70-94be-8f1cb1ab76f4",
      "dc:contributor": [
        "https://api.deepl.com/v2/translate"
      ],
      "rdf:language": [
        "de"
      ],
      "rdf:predicate": [
        {
          "@id": "rdfs:comment"
        }
      ]
    },
    {
      "@id": "https://data.datatourisme.fr/a5cd159d-617b-3149-aeac-d816394bfeca",
      "dc:contributor": [
        "https://api.deepl.com/v2/translate"
      ],
      "rdf:language": [
        "es"
      ],
      "rdf:predicate": [
        {
          "@id": "rdfs:comment"
        }
      ]
    }
  ],
  "isLocatedAt": [
    {
      "@id": "https://data.datatourisme.fr/b2da9663-cf1b-3ffd-8b16-4154aeafdf2d",
      "schema:address": [
        {
          "@id": "https://data.datatourisme.fr/0ae8850c-77ad-3145-98b0-ab4a91618120",
          "schema:addressLocality": "Calvi",
          "schema:postalCode": "20260",
          "schema:streetAddress": [
            "Avenue de l'Uruguay"
          ],
          "@type": [
            "schema:PostalAddress",
            "PostalAddress"
          ],
          "hasAddressCity": {
            "@id": "kb:2B050",
            "@type": [
              "City"
            ],
            "rdfs:label": {
              "en": [
                "Calvi"
              ],
              "fr": [
                "Calvi"
              ]
            },
            "insee": "2B050",
            "isPartOfDepartment": {
              "@id": "kb:France942B",
              "@type": [
                "Department"
              ],
              "rdfs:label": {
                "en": [
                  "Haute-Corse"
                ],
                "fr": [
                  "Haute-Corse"
                ]
              },
              "insee": "2B",
              "isPartOfRegion": {
                "@id": "kb:France94",
                "@type": [
                  "Region"
                ],
                "rdfs:label": {
                  "en": [
                    "Corse"
                  ],
                  "fr": [
                    "Corse"
                  ]
                },
                "insee": "94",
                "isPartOfCountry": {
                  "@id": "kb:France",
                  "@type": [
                    "schema:Country"
                  ],
                  "rdfs:label": {
                    "de": [
                      "Frankreich"
                    ],
                    "pt": [
                      "França"
                    ],
                    "en": [
                      "France"
                    ],
                    "it": [
                      "Francia"
                    ],
                    "fr": [
                      "France"
                    ],
                    "nl": [
                      "Frankrijk"
                    ],
                    "es": [
                      "Francia"
                    ]
                  }
                }
              }
            }
          }
        }
      ],
      "schema:geo": {
        "@id": "https://data.datatourisme.fr/d848178b-5273-352e-9914-59d9f79b12da",
        "schema:latitude": "42.568126",
        "schema:longitude": "8.757943",
        "@type": [
          "schema:GeoCoordinates"
        ]
      },
      "schema:openingHoursSpecification": [
        {
          "@id": "https://data.datatourisme.fr/4f11d6cc-b45e-36c2-bf17-07b18bf93a1a",
          "schema:validFrom": "2023-04-28T00:00:00",
          "schema:validThrough": "2023-11-01T23:59:59",
          "@type": [
            "schema:OpeningHoursSpecification"
          ],
          "additionalInformation": {
            "de": [
              "Zeitraum zur Orientierung - genaue Daten werden noch bestätigt"
            ],
            "en": [
              "Indicative period - Specific dates to be confirmed"
            ],
            "it": [
              "Periodo indicativo - date precise da confermare"
            ],
            "fr": [
              "Période à titre indicatif - Dates précises à confirmer"
            ],
            "es": [
              "Periodo indicativo - fechas precisas por confirmar"
            ],
            "nl": [
              "Indicatieve periode - precieze data nog te bevestigen"
            ]
          },
          "hasTranslatedProperty": [
            {
              "@id": "https://data.datatourisme.fr/19efa710-e29d-3077-bd14-afb1eeb6072e",
              "dc:contributor": [
                "https://api.deepl.com/v2/translate"
              ],
              "rdf:language": [
                "nl"
              ],
              "rdf:predicate": [
                "additionalInformation"
              ]
            },
            {
              "@id": "https://data.datatourisme.fr/44077e45-aa8d-35a8-97d3-5f56f4b75758",
              "dc:contributor": [
                "https://api.deepl.com/v2/translate"
              ],
              "rdf:language": [
                "it"
              ],
              "rdf:predicate": [
                "additionalInformation"
              ]
            },
            {
              "@id": "https://data.datatourisme.fr/4ca4308c-2986-34a7-8fd5-4e8f16d023f2",
              "dc:contributor": [
                "https://api.deepl.com/v2/translate"
              ],
              "rdf:language": [
                "es"
              ],
              "rdf:predicate": [
                "additionalInformation"
              ]
            },
            {
              "@id": "https://data.datatourisme.fr/5ecbac56-f303-3758-ab5a-d043c609779e",
              "dc:contributor": [
                "https://api.deepl.com/v2/translate"
              ],
              "rdf:language": [
                "en"
              ],
              "rdf:predicate": [
                "additionalInformation"
              ]
            },
            {
              "@id": "https://data.datatourisme.fr/ad0a27e6-62f6-3844-857f-26ba7822cb5f",
              "dc:contributor": [
                "https://api.deepl.com/v2/translate"
              ],
              "rdf:language": [
                "de"
              ],
              "rdf:predicate": [
                "additionalInformation"
              ]
            }
          ]
        }
      ],
      "@type": [
        "schema:Place",
        "Place"
      ]
    }
  ],
  "isOwnedBy": [
    {
      "@id": "https://data.datatourisme.fr/194c52e6-bbae-33dc-8464-caca97844fbb",
      "schema:email": [
        "info@balagne-corsica.com"
      ],
      "schema:legalName": "Office de Tourisme Intercommunal Calvi - Balagne",
      "@type": [
        "schema:Organization",
        "foaf:Agent",
        "Agent"
      ],
      "foaf:homepage": [
        "https://www.balagne-corsica.com/"
      ]
    }
  ],
  "lastUpdate": "2022-08-30",
  "lastUpdateDatatourisme": "2023-04-04T05:52:39.236Z",
  "offers": [
    {
      "@id": "https://data.datatourisme.fr/ce04a4c6-8ced-3f17-9d5d-414240bd2b8b",
      "schema:priceSpecification": [
        {
          "@id": "https://data.datatourisme.fr/e97cba8b-f037-3d6c-b2ae-625a9680ccaf",
          "schema:maxPrice": [
            "1.9",
            "25",
            "445",
            "750"
          ],
          "schema:minPrice": [
            "1.9",
            "185",
            "25",
            "290"
          ],
          "schema:priceCurrency": "EUR",
          "@type": [
            "schema:PriceSpecification",
            "PriceSpecification"
          ],
          "appliesOnPeriod": [
            {
              "@id": "https://data.datatourisme.fr/648c2fd8-4dea-3409-8eb0-293c9f49672b",
              "@type": [
                "Period"
              ],
              "endDate": "2022-11-01",
              "startDate": "2022-04-28"
            }
          ]
        }
      ],
      "@type": [
        "schema:Offer",
        "Offer"
      ]
    }
  ]
}