{
  "@id": "https://data.datatourisme.fr/13/644dd905-7153-3925-b4cb-ac462630fc5a",
  "dc:identifier": "5087521",
  "@type": [
    "Convent",
    "CulturalSite",
    "PlaceOfInterest",
    "PointOfInterest",
    "ReligiousSite"
  ],
  "rdfs:comment": {
    "de": [
      "Dieses barocke Gebäude aus dem 17. Jahrhundert wurde errichtet, um die alte, zu klein gewordene Kirche zu ersetzen, die sich in \"Piazza Save\" befand. Sie ist ein Nebengebäude der Kathedrale von Aléria und wurde von Papst Benedikt XIV. zur Kollegiatskirche erhoben."
    ],
    "en": [
      "This 17th-century Baroque-style church was built to replace the previous church which had become too small at \"Piazza Save\". It was an annex of Aléria cathedral and was granted collegiate status by Pope Benoît XIV."
    ],
    "it": [
      "Questo edificio barocco del XVII secolo fu costruito per sostituire la vecchia chiesa, divenuta troppo piccola e situata in Piazza Save. È una dipendenza della cattedrale di Aleria ed è stata elevata al rango di Collegiata da Papa Benedetto XIV."
    ],
    "fr": [
      "Cet édifice baroque datant du 17e siècle a été construit pour remplacer l’ancienne église devenue trop petite, qui se situait à « Piazza Save ». Annexe de la cathédrale d’Aléria, elle a été élevée au rang de Collégiale par le Pape Benoît XIV."
    ],
    "es": [
      "Este edificio barroco del siglo XVII se construyó para sustituir a la antigua iglesia, que se había quedado pequeña y estaba situada en la plaza Save. Es un anexo de la catedral de Aleria y fue elevado al rango de Colegiata por el Papa Benedicto XIV."
    ],
    "nl": [
      "Dit barokke gebouw uit de 17e eeuw werd gebouwd ter vervanging van de oude kerk, die te klein was geworden, en stond op het Piazza Save. Het is een bijgebouw van de kathedraal van Aleria en werd door paus Benedictus XIV tot collegiale kerk verheven."
    ]
  },
  "rdfs:label": {
    "fr": [
      "Eglise A Nunziata"
    ]
  },
  "hasBeenCreatedBy": {
    "@id": "https://data.datatourisme.fr/13/8d420fa3-5754-31f1-8199-69c88780314d",
    "dc:identifier": "1647",
    "schema:email": [
      "web@ileroussetourisme.com"
    ],
    "schema:legalName": "Office de Tourisme Intercommunal de L'Ile Rousse-Balagne",
    "@type": [
      "schema:Organization",
      "foaf:Agent",
      "Agent"
    ],
    "foaf:homepage": [
      "https://www.balagne-corsica.com/"
    ]
  },
  "hasBeenPublishedBy": [
    {
      "@id": "https://data.datatourisme.fr/8a9feb4b-2cbd-3d2c-b507-bd6c6776b23b",
      "schema:legalName": "Apidae Tourisme Scic SA - source : Apidae Tourisme",
      "@type": [
        "schema:Organization",
        "foaf:Agent",
        "Agent"
      ],
      "foaf:homepage": [
        "https://www.apidae-tourisme.com/"
      ]
    }
  ],
  "hasDescription": [
    {
      "@id": "https://data.datatourisme.fr/37ce5fbb-5f4b-3438-b8e0-c92c928a273d",
      "@type": [
        "Description"
      ],
      "hasTranslatedProperty": [
        {
          "@id": "https://data.datatourisme.fr/20b97708-5d81-3d0f-88eb-f2e6a41992ad",
          "dc:contributor": [
            "https://api.deepl.com/v2/translate"
          ],
          "rdf:language": [
            "it"
          ],
          "rdf:predicate": [
            "shortDescription"
          ]
        },
        {
          "@id": "https://data.datatourisme.fr/57a8755b-71cf-35f0-bdf9-a5700d467c6e",
          "dc:contributor": [
            "https://api.deepl.com/v2/translate"
          ],
          "rdf:language": [
            "nl"
          ],
          "rdf:predicate": [
            "shortDescription"
          ]
        },
        {
          "@id": "https://data.datatourisme.fr/6c947f49-71b4-3e22-bcda-304869911f9c",
          "dc:contributor": [
            "https://api.deepl.com/v2/translate"
          ],
          "rdf:language": [
            "es"
          ],
          "rdf:predicate": [
            "shortDescription"
          ]
        },
        {
          "@id": "https://data.datatourisme.fr/b6e4a0b9-d4fc-3600-9b0b-e44b79eb3979",
          "dc:contributor": [
            "https://api.deepl.com/v2/translate"
          ],
          "rdf:language": [
            "de"
          ],
          "rdf:predicate": [
            "shortDescription"
          ]
        }
      ],
      "shortDescription": {
        "de": [
          "Dieses barocke Gebäude aus dem 17. Jahrhundert wurde errichtet, um die alte, zu klein gewordene Kirche zu ersetzen, die sich in \"Piazza Save\" befand. Sie ist ein Nebengebäude der Kathedrale von Aléria und wurde von Papst Benedikt XIV. zur Kollegiatskirche erhoben."
        ],
        "en": [
          "This 17th-century Baroque-style church was built to replace the previous church which had become too small at \"Piazza Save\". It was an annex of Aléria cathedral and was granted collegiate status by Pope Benoît XIV."
        ],
        "it": [
          "Questo edificio barocco del XVII secolo fu costruito per sostituire la vecchia chiesa, divenuta troppo piccola e situata in Piazza Save. È una dipendenza della cattedrale di Aleria ed è stata elevata al rango di Collegiata da Papa Benedetto XIV."
        ],
        "fr": [
          "Cet édifice baroque datant du 17e siècle a été construit pour remplacer l’ancienne église devenue trop petite, qui se situait à « Piazza Save ». Annexe de la cathédrale d’Aléria, elle a été élevée au rang de Collégiale par le Pape Benoît XIV."
        ],
        "es": [
          "Este edificio barroco del siglo XVII se construyó para sustituir a la antigua iglesia, que se había quedado pequeña y estaba situada en la plaza Save. Es un anexo de la catedral de Aleria y fue elevado al rango de Colegiata por el Papa Benedicto XIV."
        ],
        "nl": [
          "Dit barokke gebouw uit de 17e eeuw werd gebouwd ter vervanging van de oude kerk, die te klein was geworden, en stond op het Piazza Save. Het is een bijgebouw van de kathedraal van Aleria en werd door paus Benedictus XIV tot collegiale kerk verheven."
        ]
      }
    }
  ],
  "hasTheme": [
    {
      "@id": "kb:Culture",
      "@type": [
        "CulturalTheme"
      ],
      "rdfs:label": {
        "de": [
          "Kultur"
        ],
        "pt": [
          "Cultura"
        ],
        "en": [
          "Culture"
        ],
        "it": [
          "Cultura"
        ],
        "fr": [
          "Culture"
        ],
        "nl": [
          "Cultuur"
        ],
        "es": [
          "Cultura"
        ]
      }
    }
  ],
  "hasTranslatedProperty": [
    {
      "@id": "https://data.datatourisme.fr/1392e8e7-43d6-342c-8d3e-5791c36a7215",
      "dc:contributor": [
        "https://api.deepl.com/v2/translate"
      ],
      "rdf:language": [
        "es"
      ],
      "rdf:predicate": [
        {
          "@id": "rdfs:comment"
        }
      ]
    },
    {
      "@id": "https://data.datatourisme.fr/411db159-b687-3112-80d8-b9d1c5a38331",
      "dc:contributor": [
        "https://api.deepl.com/v2/translate"
      ],
      "rdf:language": [
        "nl"
      ],
      "rdf:predicate": [
        {
          "@id": "rdfs:comment"
        }
      ]
    },
    {
      "@id": "https://data.datatourisme.fr/4c741413-9c97-3997-99a0-6bba7cb69198",
      "dc:contributor": [
        "https://api.deepl.com/v2/translate"
      ],
      "rdf:language": [
        "it"
      ],
      "rdf:predicate": [
        {
          "@id": "rdfs:comment"
        }
      ]
    },
    {
      "@id": "https://data.datatourisme.fr/9fc0e263-69b8-3525-9d44-51ef6867945f",
      "dc:contributor": [
        "https://api.deepl.com/v2/translate"
      ],
      "rdf:language": [
        "de"
      ],
      "rdf:predicate": [
        {
          "@id": "rdfs:comment"
        }
      ]
    }
  ],
  "isLocatedAt": [
    {
      "@id": "https://data.datatourisme.fr/ae8814bf-8bd9-3e13-8d33-e7bd7f16f2da",
      "schema:address": [
        {
          "@id": "https://data.datatourisme.fr/83f361d2-cd6c-33e9-91d2-a4c219c9374e",
          "schema:addressLocality": "Corbara",
          "schema:postalCode": "20220",
          "@type": [
            "schema:PostalAddress",
            "PostalAddress"
          ],
          "hasAddressCity": {
            "@id": "kb:2B093",
            "@type": [
              "City"
            ],
            "rdfs:label": {
              "en": [
                "Corbara"
              ],
              "fr": [
                "Corbara"
              ]
            },
            "insee": "2B093",
            "isPartOfDepartment": {
              "@id": "kb:France942B",
              "@type": [
                "Department"
              ],
              "rdfs:label": {
                "en": [
                  "Haute-Corse"
                ],
                "fr": [
                  "Haute-Corse"
                ]
              },
              "insee": "2B",
              "isPartOfRegion": {
                "@id": "kb:France94",
                "@type": [
                  "Region"
                ],
                "rdfs:label": {
                  "en": [
                    "Corse"
                  ],
                  "fr": [
                    "Corse"
                  ]
                },
                "insee": "94",
                "isPartOfCountry": {
                  "@id": "kb:France",
                  "@type": [
                    "schema:Country"
                  ],
                  "rdfs:label": {
                    "de": [
                      "Frankreich"
                    ],
                    "pt": [
                      "França"
                    ],
                    "en": [
                      "France"
                    ],
                    "it": [
                      "Francia"
                    ],
                    "fr": [
                      "France"
                    ],
                    "nl": [
                      "Frankrijk"
                    ],
                    "es": [
                      "Francia"
                    ]
                  }
                }
              }
            }
          }
        }
      ],
      "schema:geo": {
        "@id": "https://data.datatourisme.fr/68b4ca28-7777-36e9-b7ab-cb565480c214",
        "schema:latitude": "42.615232",
        "schema:longitude": "8.906988",
        "@type": [
          "schema:GeoCoordinates"
        ]
      },
      "schema:openingHoursSpecification": [
        {
          "@id": "https://data.datatourisme.fr/7f9601a1-3edc-3266-a371-720276e12167",
          "schema:validFrom": "2023-05-01T00:00:00",
          "schema:validThrough": "2023-09-30T23:59:59",
          "@type": [
            "schema:OpeningHoursSpecification"
          ]
        }
      ],
      "@type": [
        "schema:Place",
        "Place"
      ]
    }
  ],
  "isOwnedBy": [
    {
      "@id": "https://data.datatourisme.fr/252af22a-253d-33df-b9d7-204832749402",
      "schema:email": [
        "web@ileroussetourisme.com"
      ],
      "schema:legalName": "Office de Tourisme Intercommunal de L'Ile Rousse-Balagne",
      "@type": [
        "schema:Organization",
        "foaf:Agent",
        "Agent"
      ],
      "foaf:homepage": [
        "https://www.balagne-corsica.com/"
      ]
    }
  ],
  "lastUpdate": "2018-10-08",
  "lastUpdateDatatourisme": "2023-02-22T06:42:37.775Z"
}