{
  "@id": "https://data.datatourisme.fr/13/641b744f-b35a-30ad-9604-3b3d2871010c",
  "dc:identifier": "6423732",
  "@type": [
    "schema:LocalBusiness",
    "PlaceOfInterest",
    "PointOfInterest",
    "SightseeingBoat",
    "SportsAndLeisurePlace"
  ],
  "rdfs:comment": {
    "de": [
      "Ausflüge auf dem Meer von Porto-Vecchio aus, um die Juwelen des äußersten Südens von Korsika (Lavezzi - Bonifacio) und Sardinien in kleinen Gruppen von maximal 12 Personen zu entdecken. Wir sensibilisieren unsere Passagiere für den Umweltschutz."
    ],
    "en": [
      "Excursions at sea from Porto-Vecchio to discover the jewels of the extreme south of Corsica (Lavezzi - Bonifacio) and Sardinia in small groups of 12 people maximum. We educate our passengers on the protection of the environment."
    ],
    "it": [
      "Scopri le Isole Lavezzi a bordo della Libertà, una barca semirigida di 11m, 12 persone al massimo."
    ],
    "fr": [
      "Excursions en mer depuis Porto-Vecchio à la découverte des joyaux de l'Extrême-Sud de la Corse (Lavezzi - Bonifacio) et de la Sardaigne en petit comité 12 personnes maximum . Nous sensibilisons nos passagers sur la protection de l'environnement."
    ],
    "nl": [
      "Ontdek de Lavezzi eilanden aan boord van de Libertà, een halfstijve boot van 11m, max. 12 personen."
    ],
    "es": [
      "Excursiones marítimas desde Porto-Vecchio para descubrir las joyas del extremo sur de Córcega (Lavezzi - Bonifacio) y Cerdeña en pequeños grupos de 12 personas como máximo. Concienciamos a nuestros pasajeros de la necesidad de proteger el medio ambiente."
    ]
  },
  "rdfs:label": {
    "fr": [
      "Corsica Sud Croisières"
    ]
  },
  "hasBeenCreatedBy": {
    "@id": "https://data.datatourisme.fr/13/84c6494d-3085-3c63-a55c-db8cb047fadd",
    "dc:identifier": "1738",
    "schema:email": [
      "camillef.omt@gmail.com",
      "direction@destination-sudcorse.com",
      "gestion@destination-sudcorse.com",
      "promotion@destination-sudcorse.com",
      "webmaster@destination-sudcorse.com"
    ],
    "schema:legalName": "Porto Vecchio Tourisme",
    "@type": [
      "schema:Organization",
      "foaf:Agent",
      "Agent"
    ],
    "foaf:homepage": [
      "http://www.ot-portovecchio.com/"
    ]
  },
  "hasBeenPublishedBy": [
    {
      "@id": "https://data.datatourisme.fr/8a9feb4b-2cbd-3d2c-b507-bd6c6776b23b",
      "schema:legalName": "Apidae Tourisme Scic SA - source : Apidae Tourisme",
      "@type": [
        "schema:Organization",
        "foaf:Agent",
        "Agent"
      ],
      "foaf:homepage": [
        "https://www.apidae-tourisme.com/"
      ]
    }
  ],
  "hasContact": [
    {
      "@id": "https://data.datatourisme.fr/6b8b73b4-f274-3fa3-8001-174e4fdf843b",
      "schema:email": [
        "resa@corsicasudcroisieres.com"
      ],
      "schema:telephone": [
        "+33 6 18 90 79 23"
      ],
      "@type": [
        "foaf:Agent",
        "Agent"
      ],
      "foaf:homepage": [
        "http://corsicasudcroisieres.com/"
      ]
    }
  ],
  "hasDescription": [
    {
      "@id": "https://data.datatourisme.fr/3ccde5f7-2ab8-3404-bb09-ea7178da291d",
      "@type": [
        "Description"
      ],
      "hasTranslatedProperty": [
        {
          "@id": "https://data.datatourisme.fr/08819a8e-fb85-35a1-b0d5-d3d681303df9",
          "dc:contributor": [
            "https://api.deepl.com/v2/translate"
          ],
          "rdf:language": [
            "es"
          ],
          "rdf:predicate": [
            "shortDescription"
          ]
        }
      ],
      "shortDescription": {
        "de": [
          "Ausflüge auf dem Meer von Porto-Vecchio aus, um die Juwelen des äußersten Südens von Korsika (Lavezzi - Bonifacio) und Sardinien in kleinen Gruppen von maximal 12 Personen zu entdecken. Wir sensibilisieren unsere Passagiere für den Umweltschutz."
        ],
        "en": [
          "Excursions at sea from Porto-Vecchio to discover the jewels of the extreme south of Corsica (Lavezzi - Bonifacio) and Sardinia in small groups of 12 people maximum. We educate our passengers on the protection of the environment."
        ],
        "it": [
          "Scopri le Isole Lavezzi a bordo della Libertà, una barca semirigida di 11m, 12 persone al massimo."
        ],
        "fr": [
          "Excursions en mer depuis Porto-Vecchio à la découverte des joyaux de l'Extrême-Sud de la Corse (Lavezzi - Bonifacio) et de la Sardaigne en petit comité 12 personnes maximum . Nous sensibilisons nos passagers sur la protection de l'environnement."
        ],
        "nl": [
          "Ontdek de Lavezzi eilanden aan boord van de Libertà, een halfstijve boot van 11m, max. 12 personen."
        ],
        "es": [
          "Excursiones marítimas desde Porto-Vecchio para descubrir las joyas del extremo sur de Córcega (Lavezzi - Bonifacio) y Cerdeña en pequeños grupos de 12 personas como máximo. Concienciamos a nuestros pasajeros de la necesidad de proteger el medio ambiente."
        ]
      }
    }
  ],
  "hasTranslatedProperty": [
    {
      "@id": "https://data.datatourisme.fr/ce12dd62-4a56-30b4-addc-84be26cec249",
      "dc:contributor": [
        "https://api.deepl.com/v2/translate"
      ],
      "rdf:language": [
        "es"
      ],
      "rdf:predicate": [
        {
          "@id": "rdfs:comment"
        }
      ]
    }
  ],
  "isLocatedAt": [
    {
      "@id": "https://data.datatourisme.fr/63adc899-7f09-39ac-a068-bb6018cdf67b",
      "schema:address": [
        {
          "@id": "https://data.datatourisme.fr/a94595fe-6ee5-3a0d-aa16-360efce916d5",
          "schema:addressLocality": "Porto-Vecchio",
          "schema:postalCode": "20137",
          "schema:streetAddress": [
            "Port de Plaisance",
            "Quai Pascal Paoli"
          ],
          "@type": [
            "schema:PostalAddress",
            "PostalAddress"
          ],
          "hasAddressCity": {
            "@id": "kb:2A247",
            "@type": [
              "City"
            ],
            "rdfs:label": {
              "en": [
                "Porto-Vecchio"
              ],
              "fr": [
                "Porto-Vecchio"
              ]
            },
            "insee": "2A247",
            "isPartOfDepartment": {
              "@id": "kb:France942A",
              "@type": [
                "Department"
              ],
              "rdfs:label": {
                "en": [
                  "Corse-du-Sud"
                ],
                "fr": [
                  "Corse-du-Sud"
                ]
              },
              "insee": "2A",
              "isPartOfRegion": {
                "@id": "kb:France94",
                "@type": [
                  "Region"
                ],
                "rdfs:label": {
                  "en": [
                    "Corse"
                  ],
                  "fr": [
                    "Corse"
                  ]
                },
                "insee": "94",
                "isPartOfCountry": {
                  "@id": "kb:France",
                  "@type": [
                    "schema:Country"
                  ],
                  "rdfs:label": {
                    "de": [
                      "Frankreich"
                    ],
                    "pt": [
                      "França"
                    ],
                    "en": [
                      "France"
                    ],
                    "it": [
                      "Francia"
                    ],
                    "fr": [
                      "France"
                    ],
                    "nl": [
                      "Frankrijk"
                    ],
                    "es": [
                      "Francia"
                    ]
                  }
                }
              }
            }
          }
        }
      ],
      "schema:geo": {
        "@id": "https://data.datatourisme.fr/c9a21237-5f9a-3433-8a5a-306275e8e5bc",
        "schema:latitude": "41.591196",
        "schema:longitude": "9.283819",
        "@type": [
          "schema:GeoCoordinates"
        ]
      },
      "schema:openingHoursSpecification": [
        {
          "@id": "https://data.datatourisme.fr/fe3b0c8a-e748-3c76-94b9-45a7f6e9995b",
          "schema:validFrom": "2023-04-01T00:00:00",
          "schema:validThrough": "2023-10-31T23:59:59",
          "@type": [
            "schema:OpeningHoursSpecification"
          ]
        }
      ],
      "@type": [
        "schema:Place",
        "Place"
      ]
    }
  ],
  "isOwnedBy": [
    {
      "@id": "https://data.datatourisme.fr/f5f950f9-5eec-32b4-a357-2c969ccf4068",
      "schema:email": [
        "camillef.omt@gmail.com",
        "direction@destination-sudcorse.com",
        "gestion@destination-sudcorse.com",
        "promotion@destination-sudcorse.com",
        "webmaster@destination-sudcorse.com"
      ],
      "schema:legalName": "Porto Vecchio Tourisme",
      "@type": [
        "schema:Organization",
        "foaf:Agent",
        "Agent"
      ],
      "foaf:homepage": [
        "http://www.ot-portovecchio.com/"
      ]
    }
  ],
  "lastUpdate": "2023-02-21",
  "lastUpdateDatatourisme": "2023-03-26T05:48:46.088Z",
  "offers": [
    {
      "@id": "https://data.datatourisme.fr/45f03bb5-5bdb-32a6-afad-c3749036d4ac",
      "schema:priceSpecification": [
        {
          "@id": "https://data.datatourisme.fr/423714d9-f1f3-3d9f-a2d1-a5ea2f1f7354",
          "schema:minPrice": [
            "50"
          ],
          "schema:priceCurrency": "EUR",
          "@type": [
            "schema:PriceSpecification",
            "PriceSpecification"
          ],
          "appliesOnPeriod": [
            {
              "@id": "https://data.datatourisme.fr/c18eaf92-4ed3-33aa-8117-05a6fe461fb2",
              "@type": [
                "Period"
              ],
              "endDate": "2023-10-31",
              "startDate": "2023-04-01"
            }
          ]
        }
      ],
      "@type": [
        "schema:Offer",
        "Offer"
      ]
    }
  ]
}