{
  "@id": "https://data.datatourisme.fr/13/64e2729c-a469-3d3b-9990-27d228640087",
  "dc:identifier": "5789354",
  "@type": [
    "schema:LocalBusiness",
    "ActivityProvider",
    "PlaceOfInterest",
    "PointOfInterest",
    "Store"
  ],
  "rdfs:comment": {
    "de": [
      "Die Tauchschule von L'Ile-Rousse bietet Ihnen das ganze Jahr über Ausbildungen, Taufen und Erkundungen rund um eine Leidenschaft an: das Tauchen."
    ],
    "en": [
      "The L'Ile-Rousse Diving School offers you training, initiations and explorations all year round based on a passion: scuba diving."
    ],
    "it": [
      "La scuola di immersione di L'Ile-Rousse vi propone tutto l'anno allenamenti, battesimi ed esplorazioni intorno a una passione: l'immersione subacquea."
    ],
    "fr": [
      "L'Ecole de plongée de L'Ile-Rousse vous propose tout au long de l'année des formations, des baptêmes et des explorations autour d'une passion : la plongée sous-marine."
    ],
    "es": [
      "La escuela de buceo de L'Ile-Rousse le ofrece durante todo el año formación, bautismos y exploraciones en torno a una pasión: el buceo."
    ],
    "nl": [
      "De duikschool van L'Ile-Rousse biedt u het hele jaar door opleidingen, dopen en verkenningen rond een passie: duiken."
    ]
  },
  "rdfs:label": {
    "en": [
      "L'Ile-Rousse Diving School"
    ],
    "fr": [
      "Ecole de plongée de L'Ile-Rousse"
    ]
  },
  "hasBeenCreatedBy": {
    "@id": "https://data.datatourisme.fr/13/8d420fa3-5754-31f1-8199-69c88780314d",
    "dc:identifier": "1647",
    "schema:email": [
      "web@ileroussetourisme.com"
    ],
    "schema:legalName": "Office de Tourisme Intercommunal de L'Ile Rousse-Balagne",
    "@type": [
      "schema:Organization",
      "foaf:Agent",
      "Agent"
    ],
    "foaf:homepage": [
      "https://www.balagne-corsica.com/"
    ]
  },
  "hasBeenPublishedBy": [
    {
      "@id": "https://data.datatourisme.fr/8a9feb4b-2cbd-3d2c-b507-bd6c6776b23b",
      "schema:legalName": "Apidae Tourisme Scic SA - source : Apidae Tourisme",
      "@type": [
        "schema:Organization",
        "foaf:Agent",
        "Agent"
      ],
      "foaf:homepage": [
        "https://www.apidae-tourisme.com/"
      ]
    }
  ],
  "hasContact": [
    {
      "@id": "https://data.datatourisme.fr/64eb65ff-d4b0-35cc-afe1-787127459568",
      "schema:email": [
        "welcome@epirplongee.com"
      ],
      "schema:telephone": [
        "+33 6 81 97 86 82"
      ],
      "@type": [
        "foaf:Agent",
        "Agent"
      ],
      "foaf:homepage": [
        "http://www.epirplongee.com/"
      ]
    }
  ],
  "hasDescription": [
    {
      "@id": "https://data.datatourisme.fr/90a2dd98-0e4c-30b9-adee-0bfbf0dcb7c2",
      "@type": [
        "Description"
      ],
      "hasTranslatedProperty": [
        {
          "@id": "https://data.datatourisme.fr/13fb77bf-2ef7-3c1f-89e1-fb60801eda3e",
          "dc:contributor": [
            "https://api.deepl.com/v2/translate"
          ],
          "rdf:language": [
            "es"
          ],
          "rdf:predicate": [
            "shortDescription"
          ]
        },
        {
          "@id": "https://data.datatourisme.fr/68211684-05c2-376b-b27e-3f5febd6edf1",
          "dc:contributor": [
            "https://api.deepl.com/v2/translate"
          ],
          "rdf:language": [
            "de"
          ],
          "rdf:predicate": [
            "shortDescription"
          ]
        },
        {
          "@id": "https://data.datatourisme.fr/cece4172-f077-3c73-8d06-f8b030710a47",
          "dc:contributor": [
            "https://api.deepl.com/v2/translate"
          ],
          "rdf:language": [
            "nl"
          ],
          "rdf:predicate": [
            "shortDescription"
          ]
        },
        {
          "@id": "https://data.datatourisme.fr/edaa4797-444a-36ab-873a-72f43dddaafb",
          "dc:contributor": [
            "https://api.deepl.com/v2/translate"
          ],
          "rdf:language": [
            "it"
          ],
          "rdf:predicate": [
            "shortDescription"
          ]
        }
      ],
      "shortDescription": {
        "de": [
          "Die Tauchschule von L'Ile-Rousse bietet Ihnen das ganze Jahr über Ausbildungen, Taufen und Erkundungen rund um eine Leidenschaft an: das Tauchen."
        ],
        "en": [
          "The L'Ile-Rousse Diving School offers you training, initiations and explorations all year round based on a passion: scuba diving."
        ],
        "it": [
          "La scuola di immersione di L'Ile-Rousse vi propone tutto l'anno allenamenti, battesimi ed esplorazioni intorno a una passione: l'immersione subacquea."
        ],
        "fr": [
          "L'Ecole de plongée de L'Ile-Rousse vous propose tout au long de l'année des formations, des baptêmes et des explorations autour d'une passion : la plongée sous-marine."
        ],
        "es": [
          "La escuela de buceo de L'Ile-Rousse le ofrece durante todo el año formación, bautismos y exploraciones en torno a una pasión: el buceo."
        ],
        "nl": [
          "De duikschool van L'Ile-Rousse biedt u het hele jaar door opleidingen, dopen en verkenningen rond een passie: duiken."
        ]
      }
    }
  ],
  "hasTheme": [
    {
      "@id": "kb:Diving",
      "@type": [
        "SportsTheme"
      ],
      "rdfs:label": {
        "de": [
          "Tauchen"
        ],
        "pt": [
          "Mergulho"
        ],
        "en": [
          "Diving"
        ],
        "it": [
          "Immersione"
        ],
        "fr": [
          "Plongée"
        ],
        "nl": [
          "Duiken"
        ],
        "es": [
          "Buceo"
        ]
      }
    },
    {
      "@id": "kb:Snorkeling",
      "@type": [
        "SportsTheme"
      ],
      "rdfs:label": {
        "de": [
          "Schnorcheln"
        ],
        "pt": [
          "Snorkling"
        ],
        "en": [
          "Snorkeling"
        ],
        "it": [
          "Snorkeling"
        ],
        "fr": [
          "Randonnée palmée"
        ],
        "nl": [
          "Snorkelen"
        ],
        "es": [
          "Esnórquel"
        ]
      }
    }
  ],
  "hasTranslatedProperty": [
    {
      "@id": "https://data.datatourisme.fr/117f9d42-63b6-39d4-acdd-798dc180a4f2",
      "dc:contributor": [
        "https://api.deepl.com/v2/translate"
      ],
      "rdf:language": [
        "nl"
      ],
      "rdf:predicate": [
        {
          "@id": "rdfs:comment"
        }
      ]
    },
    {
      "@id": "https://data.datatourisme.fr/6d75ddf2-78bb-395a-80d0-aeaee41c0b3b",
      "dc:contributor": [
        "https://api.deepl.com/v2/translate"
      ],
      "rdf:language": [
        "es"
      ],
      "rdf:predicate": [
        {
          "@id": "rdfs:comment"
        }
      ]
    },
    {
      "@id": "https://data.datatourisme.fr/d638bc42-675f-3355-aba8-352a57ad8d66",
      "dc:contributor": [
        "https://api.deepl.com/v2/translate"
      ],
      "rdf:language": [
        "de"
      ],
      "rdf:predicate": [
        {
          "@id": "rdfs:comment"
        }
      ]
    },
    {
      "@id": "https://data.datatourisme.fr/fe543e07-5dcf-3a7a-8cd2-1fafa9f9b44f",
      "dc:contributor": [
        "https://api.deepl.com/v2/translate"
      ],
      "rdf:language": [
        "it"
      ],
      "rdf:predicate": [
        {
          "@id": "rdfs:comment"
        }
      ]
    }
  ],
  "isLocatedAt": [
    {
      "@id": "https://data.datatourisme.fr/2ea89ab3-86f7-3df2-accd-8dba2f5bd751",
      "schema:address": [
        {
          "@id": "https://data.datatourisme.fr/55cf47ff-d1ec-34b1-bb5c-c8c91315b1f9",
          "schema:addressLocality": "L'Île-Rousse",
          "schema:postalCode": "20220",
          "@type": [
            "schema:PostalAddress",
            "PostalAddress"
          ],
          "hasAddressCity": {
            "@id": "kb:2B134",
            "@type": [
              "City"
            ],
            "rdfs:label": {
              "en": [
                "L'Île-Rousse"
              ],
              "fr": [
                "L'Île-Rousse"
              ]
            },
            "insee": "2B134",
            "isPartOfDepartment": {
              "@id": "kb:France942B",
              "@type": [
                "Department"
              ],
              "rdfs:label": {
                "en": [
                  "Haute-Corse"
                ],
                "fr": [
                  "Haute-Corse"
                ]
              },
              "insee": "2B",
              "isPartOfRegion": {
                "@id": "kb:France94",
                "@type": [
                  "Region"
                ],
                "rdfs:label": {
                  "en": [
                    "Corse"
                  ],
                  "fr": [
                    "Corse"
                  ]
                },
                "insee": "94",
                "isPartOfCountry": {
                  "@id": "kb:France",
                  "@type": [
                    "schema:Country"
                  ],
                  "rdfs:label": {
                    "de": [
                      "Frankreich"
                    ],
                    "pt": [
                      "França"
                    ],
                    "en": [
                      "France"
                    ],
                    "it": [
                      "Francia"
                    ],
                    "fr": [
                      "France"
                    ],
                    "nl": [
                      "Frankrijk"
                    ],
                    "es": [
                      "Francia"
                    ]
                  }
                }
              }
            }
          }
        }
      ],
      "schema:geo": {
        "@id": "https://data.datatourisme.fr/e4441e36-5738-347e-9815-5551ce4e0107",
        "schema:latitude": "42.64095",
        "schema:longitude": "8.936204",
        "@type": [
          "schema:GeoCoordinates"
        ]
      },
      "schema:openingHoursSpecification": [
        {
          "@id": "https://data.datatourisme.fr/f87e535a-636d-3343-ad63-8a03392e7511",
          "schema:validFrom": "2023-01-01T00:00:00",
          "schema:validThrough": "2023-12-31T23:59:59",
          "@type": [
            "schema:OpeningHoursSpecification"
          ]
        }
      ],
      "@type": [
        "schema:Place",
        "Place"
      ]
    }
  ],
  "isOwnedBy": [
    {
      "@id": "https://data.datatourisme.fr/252af22a-253d-33df-b9d7-204832749402",
      "schema:email": [
        "web@ileroussetourisme.com"
      ],
      "schema:legalName": "Office de Tourisme Intercommunal de L'Ile Rousse-Balagne",
      "@type": [
        "schema:Organization",
        "foaf:Agent",
        "Agent"
      ],
      "foaf:homepage": [
        "https://www.balagne-corsica.com/"
      ]
    }
  ],
  "lastUpdate": "2022-04-22",
  "lastUpdateDatatourisme": "2023-02-11T06:38:48.982Z"
}