{
  "@id": "https://data.datatourisme.fr/13/1eb722d7-5a3b-3362-be8d-00ac9f705480",
  "dc:identifier": "4994677",
  "@type": [
    "schema:LocalBusiness",
    "PlaceOfInterest",
    "PointOfInterest",
    "SightseeingBoat",
    "SportsAndLeisurePlace"
  ],
  "rdfs:comment": {
    "de": [
      "Gehen Sie mit Le Goéland an Bord, um das Naturschutzgebiet von Scandola und die Calanche de Piana zu entdecken. Mit unserer 20-jährigen Erfahrung wird der Golf von Porto kein Geheimnis mehr für Sie sein. Online-Reservierung möglich. -10% mit dem Promo-Code ot2020"
    ],
    "en": [
      "Come aboard the Goéland to explore Scandola Nature Reserve and Calanche de Piana. Thanks to our 20 years' experience, the Gulf of Porto will hold no more secrets for you."
    ],
    "it": [
      "Imbarcatevi con il Gabbiano alla scoperta della Riserva Naturale di Scandola e delle Calanche de Piana. Con i nostri 20 anni di esperienza, il Golfo di Porto non avrà più segreti per voi. Possibilità di prenotazione online. -10% di sconto con il codice promozionale ot2020"
    ],
    "fr": [
      "Embarquez avec le Goéland pour découvrir la Réserve Naturelle de Scandola et les Calanche de Piana. Fort de nos 20 ans d'expérience, le Golfe de Porto n'aura plus de secret pour vous. Réservation en ligne possible. -10% avec le code promo ot2020"
    ],
    "nl": [
      "Vertrek met de Meeuw om het Scandola Natuurreservaat en de Calanche de Piana te ontdekken. Met onze 20 jaar ervaring heeft de Golf van Porto geen geheimen meer voor u. Online boeken mogelijk. -10% korting met de promo code ot2020"
    ],
    "es": [
      "Embárcate con la Gaviota para descubrir la Reserva Natural de Scandola y el Calanche de Piana. Con nuestros 20 años de experiencia, el Golfo de Oporto no tendrá más secretos para usted. Se puede reservar en línea. -10% de descuento con el código promocional ot2020"
    ]
  },
  "rdfs:label": {
    "fr": [
      "Le Goéland"
    ]
  },
  "hasBeenCreatedBy": {
    "@id": "https://data.datatourisme.fr/13/8d420fa3-5754-31f1-8199-69c88780314d",
    "dc:identifier": "1647",
    "schema:email": [
      "web@ileroussetourisme.com"
    ],
    "schema:legalName": "Office de Tourisme Intercommunal de L'Ile Rousse-Balagne",
    "@type": [
      "schema:Organization",
      "foaf:Agent",
      "Agent"
    ],
    "foaf:homepage": [
      "https://www.balagne-corsica.com/"
    ]
  },
  "hasBeenPublishedBy": [
    {
      "@id": "https://data.datatourisme.fr/8a9feb4b-2cbd-3d2c-b507-bd6c6776b23b",
      "schema:legalName": "Apidae Tourisme Scic SA - source : Apidae Tourisme",
      "@type": [
        "schema:Organization",
        "foaf:Agent",
        "Agent"
      ],
      "foaf:homepage": [
        "https://www.apidae-tourisme.com/"
      ]
    }
  ],
  "hasContact": [
    {
      "@id": "https://data.datatourisme.fr/60a8a753-a76b-3e47-ad5a-ef73e143cea7",
      "schema:email": [
        "legoeland.porto@gmail.com"
      ],
      "schema:telephone": [
        "+33 6 09 49 06 10",
        "+33 6 25 43 01 78"
      ],
      "@type": [
        "foaf:Agent",
        "Agent"
      ],
      "foaf:homepage": [
        "http://www.goeland-porto.fr/"
      ]
    }
  ],
  "hasDescription": [
    {
      "@id": "https://data.datatourisme.fr/74ce0c5b-06eb-3751-bd8c-ffcd55d95a31",
      "@type": [
        "Description"
      ],
      "hasTranslatedProperty": [
        {
          "@id": "https://data.datatourisme.fr/337d0028-1ff9-3b98-a68d-8c9391a62e42",
          "dc:contributor": [
            "https://api.deepl.com/v2/translate"
          ],
          "rdf:language": [
            "es"
          ],
          "rdf:predicate": [
            "shortDescription"
          ]
        },
        {
          "@id": "https://data.datatourisme.fr/cad71ce2-0dc6-3c15-b6b6-f9e669d30abc",
          "dc:contributor": [
            "https://api.deepl.com/v2/translate"
          ],
          "rdf:language": [
            "de"
          ],
          "rdf:predicate": [
            "shortDescription"
          ]
        },
        {
          "@id": "https://data.datatourisme.fr/df1238ea-cb5a-332f-94de-c240bd87f8fa",
          "dc:contributor": [
            "https://api.deepl.com/v2/translate"
          ],
          "rdf:language": [
            "nl"
          ],
          "rdf:predicate": [
            "shortDescription"
          ]
        }
      ],
      "shortDescription": {
        "de": [
          "Gehen Sie mit Le Goéland an Bord, um das Naturschutzgebiet von Scandola und die Calanche de Piana zu entdecken. Mit unserer 20-jährigen Erfahrung wird der Golf von Porto kein Geheimnis mehr für Sie sein. Online-Reservierung möglich. -10% mit dem Promo-Code ot2020"
        ],
        "en": [
          "Come aboard the Goéland to explore Scandola Nature Reserve and Calanche de Piana. Thanks to our 20 years' experience, the Gulf of Porto will hold no more secrets for you."
        ],
        "it": [
          "Imbarcatevi con il Gabbiano alla scoperta della Riserva Naturale di Scandola e delle Calanche de Piana. Con i nostri 20 anni di esperienza, il Golfo di Porto non avrà più segreti per voi. Possibilità di prenotazione online. -10% di sconto con il codice promozionale ot2020"
        ],
        "fr": [
          "Embarquez avec le Goéland pour découvrir la Réserve Naturelle de Scandola et les Calanche de Piana. Fort de nos 20 ans d'expérience, le Golfe de Porto n'aura plus de secret pour vous. Réservation en ligne possible. -10% avec le code promo ot2020"
        ],
        "nl": [
          "Vertrek met de Meeuw om het Scandola Natuurreservaat en de Calanche de Piana te ontdekken. Met onze 20 jaar ervaring heeft de Golf van Porto geen geheimen meer voor u. Online boeken mogelijk. -10% korting met de promo code ot2020"
        ],
        "es": [
          "Embárcate con la Gaviota para descubrir la Reserva Natural de Scandola y el Calanche de Piana. Con nuestros 20 años de experiencia, el Golfo de Oporto no tendrá más secretos para usted. Se puede reservar en línea. -10% de descuento con el código promocional ot2020"
        ]
      }
    }
  ],
  "hasTranslatedProperty": [
    {
      "@id": "https://data.datatourisme.fr/c500796f-d25b-3e43-bb7c-1b19786447ab",
      "dc:contributor": [
        "https://api.deepl.com/v2/translate"
      ],
      "rdf:language": [
        "de"
      ],
      "rdf:predicate": [
        {
          "@id": "rdfs:comment"
        }
      ]
    },
    {
      "@id": "https://data.datatourisme.fr/d0a254c2-9510-36d1-b7ca-21a1c2550483",
      "dc:contributor": [
        "https://api.deepl.com/v2/translate"
      ],
      "rdf:language": [
        "nl"
      ],
      "rdf:predicate": [
        {
          "@id": "rdfs:comment"
        }
      ]
    },
    {
      "@id": "https://data.datatourisme.fr/fd8c16ad-78bc-3d2c-b2bf-16a3e661d3dd",
      "dc:contributor": [
        "https://api.deepl.com/v2/translate"
      ],
      "rdf:language": [
        "es"
      ],
      "rdf:predicate": [
        {
          "@id": "rdfs:comment"
        }
      ]
    }
  ],
  "isLocatedAt": [
    {
      "@id": "https://data.datatourisme.fr/5bc1a3a9-9b1b-380d-a26f-31ccbb02edff",
      "schema:address": [
        {
          "@id": "https://data.datatourisme.fr/650dbc8f-affb-3699-a985-6f156a9f00c2",
          "schema:addressLocality": "Ota",
          "schema:postalCode": "20150",
          "schema:streetAddress": [
            "Port de Porto",
            "Rive gauche"
          ],
          "@type": [
            "schema:PostalAddress",
            "PostalAddress"
          ],
          "hasAddressCity": {
            "@id": "kb:2A198",
            "@type": [
              "City"
            ],
            "rdfs:label": {
              "en": [
                "Ota"
              ],
              "fr": [
                "Ota"
              ]
            },
            "insee": "2A198",
            "isPartOfDepartment": {
              "@id": "kb:France942A",
              "@type": [
                "Department"
              ],
              "rdfs:label": {
                "en": [
                  "Corse-du-Sud"
                ],
                "fr": [
                  "Corse-du-Sud"
                ]
              },
              "insee": "2A",
              "isPartOfRegion": {
                "@id": "kb:France94",
                "@type": [
                  "Region"
                ],
                "rdfs:label": {
                  "en": [
                    "Corse"
                  ],
                  "fr": [
                    "Corse"
                  ]
                },
                "insee": "94",
                "isPartOfCountry": {
                  "@id": "kb:France",
                  "@type": [
                    "schema:Country"
                  ],
                  "rdfs:label": {
                    "de": [
                      "Frankreich"
                    ],
                    "pt": [
                      "França"
                    ],
                    "en": [
                      "France"
                    ],
                    "it": [
                      "Francia"
                    ],
                    "fr": [
                      "France"
                    ],
                    "nl": [
                      "Frankrijk"
                    ],
                    "es": [
                      "Francia"
                    ]
                  }
                }
              }
            }
          }
        }
      ],
      "schema:geo": {
        "@id": "https://data.datatourisme.fr/e1b6bec7-27df-301d-9d24-6f04f66928f4",
        "schema:latitude": "42.266251",
        "schema:longitude": "8.693779",
        "@type": [
          "schema:GeoCoordinates"
        ]
      },
      "schema:openingHoursSpecification": [
        {
          "@id": "https://data.datatourisme.fr/fe3b0c8a-e748-3c76-94b9-45a7f6e9995b",
          "schema:validFrom": "2023-04-01T00:00:00",
          "schema:validThrough": "2023-10-31T23:59:59",
          "@type": [
            "schema:OpeningHoursSpecification"
          ]
        }
      ],
      "@type": [
        "schema:Place",
        "Place"
      ]
    }
  ],
  "isOwnedBy": [
    {
      "@id": "https://data.datatourisme.fr/252af22a-253d-33df-b9d7-204832749402",
      "schema:email": [
        "web@ileroussetourisme.com"
      ],
      "schema:legalName": "Office de Tourisme Intercommunal de L'Ile Rousse-Balagne",
      "@type": [
        "schema:Organization",
        "foaf:Agent",
        "Agent"
      ],
      "foaf:homepage": [
        "https://www.balagne-corsica.com/"
      ]
    }
  ],
  "lastUpdate": "2022-09-27",
  "lastUpdateDatatourisme": "2023-02-01T18:07:35.829Z",
  "offers": [
    {
      "@id": "https://data.datatourisme.fr/17c63643-62e2-3911-ad33-230e3ea0d70b",
      "schema:priceSpecification": [
        {
          "@id": "https://data.datatourisme.fr/39c585ac-ef0f-361f-894b-f58ac018c319",
          "schema:maxPrice": [
            "60"
          ],
          "schema:minPrice": [
            "25"
          ],
          "schema:priceCurrency": "EUR",
          "@type": [
            "schema:PriceSpecification",
            "PriceSpecification"
          ],
          "appliesOnPeriod": [
            {
              "@id": "https://data.datatourisme.fr/280713b3-7de2-3c13-bdc9-247f97df0fab",
              "@type": [
                "Period"
              ],
              "endDate": "2022-10-31",
              "startDate": "2022-04-01"
            }
          ]
        }
      ],
      "@type": [
        "schema:Offer",
        "Offer"
      ]
    }
  ]
}