{
  "@id": "https://data.datatourisme.fr/13/1e101471-7b01-3017-bb52-ec6c61737bc7",
  "dc:identifier": "5445944",
  "@type": [
    "schema:Accommodation",
    "schema:LodgingBusiness",
    "Accommodation",
    "CollectiveAccommodation",
    "HolidayResort",
    "PlaceOfInterest",
    "PointOfInterest"
  ],
  "rdfs:comment": {
    "de": [
      "Die Residenz Cala di Sole, in der Nähe von Porto-Vecchio in Südkorsika (Gemeinde Lecci), bietet Ihnen 8 charmante und schön eingerichtete Wohnungen mit Blick auf das Meer oder/und den See von Saint Cyprien."
    ],
    "en": [
      "The Residence Cala di Sole, near Porto-Vecchio in South Corsica (Commune of Lecci), offers you its 8 charming apartments nicely fitted out with a view on the sea and/or on the marine lake of Saint Cyprien."
    ],
    "it": [
      "Il Residence Cala di Sole, vicino a Porto-Vecchio, nella Corsica del Sud (Comune di Lecci), vi offre 8 appartamenti graziosi e ben arredati con vista sul mare e/o sul lago marino di Saint Cyprien."
    ],
    "fr": [
      "La Résidence Cala di Sole, près de Porto-Vecchio en Corse du Sud (Commune de Lecci), vous propose ses 8 charmants appartements joliment aménagés avec vue sur la mer ou/et sur le lac marin de Saint Cyprien."
    ],
    "nl": [
      "Residence Cala di Sole, vlakbij Porto-Vecchio in het zuiden van Corsica (gemeente Lecci), biedt u 8 charmante en mooi ingerichte appartementen met uitzicht op zee en/of op het zeemeer van Saint Cyprien."
    ],
    "es": [
      "La Residencia Cala di Sole, cerca de Porto-Vecchio, en el sur de Córcega (municipio de Lecci), le ofrece 8 apartamentos encantadores y bien amueblados con vistas al mar y/o al lago marino de Saint Cyprien."
    ]
  },
  "rdfs:label": {
    "fr": [
      "Cala Di Sole"
    ]
  },
  "hasBeenCreatedBy": {
    "@id": "https://data.datatourisme.fr/13/84c6494d-3085-3c63-a55c-db8cb047fadd",
    "dc:identifier": "1738",
    "schema:email": [
      "camillef.omt@gmail.com",
      "direction@destination-sudcorse.com",
      "gestion@destination-sudcorse.com",
      "promotion@destination-sudcorse.com",
      "webmaster@destination-sudcorse.com"
    ],
    "schema:legalName": "Porto Vecchio Tourisme",
    "@type": [
      "schema:Organization",
      "foaf:Agent",
      "Agent"
    ],
    "foaf:homepage": [
      "http://www.ot-portovecchio.com/"
    ]
  },
  "hasBeenPublishedBy": [
    {
      "@id": "https://data.datatourisme.fr/8a9feb4b-2cbd-3d2c-b507-bd6c6776b23b",
      "schema:legalName": "Apidae Tourisme Scic SA - source : Apidae Tourisme",
      "@type": [
        "schema:Organization",
        "foaf:Agent",
        "Agent"
      ],
      "foaf:homepage": [
        "https://www.apidae-tourisme.com/"
      ]
    }
  ],
  "hasContact": [
    {
      "@id": "https://data.datatourisme.fr/dd8cd13d-9b6f-35fd-b478-506f21fa9440",
      "schema:email": [
        "contact@terrazzoni.com"
      ],
      "schema:telephone": [
        "+33 4 95 71 66 74",
        "+33 6 20 59 44 99"
      ],
      "@type": [
        "foaf:Agent",
        "Agent"
      ],
      "foaf:homepage": [
        "http://www.caladisole-corse.com/"
      ]
    }
  ],
  "hasDescription": [
    {
      "@id": "https://data.datatourisme.fr/7bda59ab-bcff-33bf-85f8-ee89bd67bd78",
      "@type": [
        "Description"
      ],
      "hasTranslatedProperty": [
        {
          "@id": "https://data.datatourisme.fr/010fa17d-84cf-3eab-b959-b9333433ed81",
          "dc:contributor": [
            "https://api.deepl.com/v2/translate"
          ],
          "rdf:language": [
            "nl"
          ],
          "rdf:predicate": [
            "shortDescription"
          ]
        },
        {
          "@id": "https://data.datatourisme.fr/2b595160-faab-383a-a5ed-b262827125bd",
          "dc:contributor": [
            "https://api.deepl.com/v2/translate"
          ],
          "rdf:language": [
            "de"
          ],
          "rdf:predicate": [
            "shortDescription"
          ]
        },
        {
          "@id": "https://data.datatourisme.fr/88032c69-1f14-315e-b74a-c1cca5fb9429",
          "dc:contributor": [
            "https://api.deepl.com/v2/translate"
          ],
          "rdf:language": [
            "it"
          ],
          "rdf:predicate": [
            "shortDescription"
          ]
        },
        {
          "@id": "https://data.datatourisme.fr/ddb55930-9054-305a-b2ca-7ed08fc8c4ae",
          "dc:contributor": [
            "https://api.deepl.com/v2/translate"
          ],
          "rdf:language": [
            "es"
          ],
          "rdf:predicate": [
            "shortDescription"
          ]
        },
        {
          "@id": "https://data.datatourisme.fr/e135ff1d-4beb-39e2-ac26-bd4e23270c18",
          "dc:contributor": [
            "https://api.deepl.com/v2/translate"
          ],
          "rdf:language": [
            "en"
          ],
          "rdf:predicate": [
            "shortDescription"
          ]
        }
      ],
      "shortDescription": {
        "de": [
          "Die Residenz Cala di Sole, in der Nähe von Porto-Vecchio in Südkorsika (Gemeinde Lecci), bietet Ihnen 8 charmante und schön eingerichtete Wohnungen mit Blick auf das Meer oder/und den See von Saint Cyprien."
        ],
        "en": [
          "The Residence Cala di Sole, near Porto-Vecchio in South Corsica (Commune of Lecci), offers you its 8 charming apartments nicely fitted out with a view on the sea and/or on the marine lake of Saint Cyprien."
        ],
        "it": [
          "Il Residence Cala di Sole, vicino a Porto-Vecchio, nella Corsica del Sud (Comune di Lecci), vi offre 8 appartamenti graziosi e ben arredati con vista sul mare e/o sul lago marino di Saint Cyprien."
        ],
        "fr": [
          "La Résidence Cala di Sole, près de Porto-Vecchio en Corse du Sud (Commune de Lecci), vous propose ses 8 charmants appartements joliment aménagés avec vue sur la mer ou/et sur le lac marin de Saint Cyprien."
        ],
        "nl": [
          "Residence Cala di Sole, vlakbij Porto-Vecchio in het zuiden van Corsica (gemeente Lecci), biedt u 8 charmante en mooi ingerichte appartementen met uitzicht op zee en/of op het zeemeer van Saint Cyprien."
        ],
        "es": [
          "La Residencia Cala di Sole, cerca de Porto-Vecchio, en el sur de Córcega (municipio de Lecci), le ofrece 8 apartamentos encantadores y bien amueblados con vistas al mar y/o al lago marino de Saint Cyprien."
        ]
      }
    }
  ],
  "hasTranslatedProperty": [
    {
      "@id": "https://data.datatourisme.fr/515cb229-9bc4-3a9f-b055-793e6126bdba",
      "dc:contributor": [
        "https://api.deepl.com/v2/translate"
      ],
      "rdf:language": [
        "en"
      ],
      "rdf:predicate": [
        {
          "@id": "rdfs:comment"
        }
      ]
    },
    {
      "@id": "https://data.datatourisme.fr/acd655b6-af38-3490-8511-29c67a60a75b",
      "dc:contributor": [
        "https://api.deepl.com/v2/translate"
      ],
      "rdf:language": [
        "es"
      ],
      "rdf:predicate": [
        {
          "@id": "rdfs:comment"
        }
      ]
    },
    {
      "@id": "https://data.datatourisme.fr/b756b296-8aa0-34c0-80d9-4b179e1677ad",
      "dc:contributor": [
        "https://api.deepl.com/v2/translate"
      ],
      "rdf:language": [
        "nl"
      ],
      "rdf:predicate": [
        {
          "@id": "rdfs:comment"
        }
      ]
    },
    {
      "@id": "https://data.datatourisme.fr/bc677627-8d9f-39f4-a306-48f593705060",
      "dc:contributor": [
        "https://api.deepl.com/v2/translate"
      ],
      "rdf:language": [
        "it"
      ],
      "rdf:predicate": [
        {
          "@id": "rdfs:comment"
        }
      ]
    },
    {
      "@id": "https://data.datatourisme.fr/c6a75c28-078d-3324-93eb-f74caeba3eef",
      "dc:contributor": [
        "https://api.deepl.com/v2/translate"
      ],
      "rdf:language": [
        "de"
      ],
      "rdf:predicate": [
        {
          "@id": "rdfs:comment"
        }
      ]
    }
  ],
  "isLocatedAt": [
    {
      "@id": "https://data.datatourisme.fr/42350b62-6863-34e8-924d-5e74ce5464a8",
      "schema:address": [
        {
          "@id": "https://data.datatourisme.fr/3361e900-d959-3640-be3a-c9482cbda84e",
          "schema:addressLocality": "Lecci",
          "schema:postalCode": "20137",
          "schema:streetAddress": [
            "68 Corsu Napoleoni",
            "San Ciprianu"
          ],
          "@type": [
            "schema:PostalAddress",
            "PostalAddress"
          ],
          "hasAddressCity": {
            "@id": "kb:2A139",
            "@type": [
              "City"
            ],
            "rdfs:label": {
              "en": [
                "Lecci"
              ],
              "fr": [
                "Lecci"
              ]
            },
            "insee": "2A139",
            "isPartOfDepartment": {
              "@id": "kb:France942A",
              "@type": [
                "Department"
              ],
              "rdfs:label": {
                "en": [
                  "Corse-du-Sud"
                ],
                "fr": [
                  "Corse-du-Sud"
                ]
              },
              "insee": "2A",
              "isPartOfRegion": {
                "@id": "kb:France94",
                "@type": [
                  "Region"
                ],
                "rdfs:label": {
                  "en": [
                    "Corse"
                  ],
                  "fr": [
                    "Corse"
                  ]
                },
                "insee": "94",
                "isPartOfCountry": {
                  "@id": "kb:France",
                  "@type": [
                    "schema:Country"
                  ],
                  "rdfs:label": {
                    "de": [
                      "Frankreich"
                    ],
                    "pt": [
                      "França"
                    ],
                    "en": [
                      "France"
                    ],
                    "it": [
                      "Francia"
                    ],
                    "fr": [
                      "France"
                    ],
                    "nl": [
                      "Frankrijk"
                    ],
                    "es": [
                      "Francia"
                    ]
                  }
                }
              }
            }
          }
        }
      ],
      "schema:geo": {
        "@id": "https://data.datatourisme.fr/b982d095-3974-3d00-ac93-fd8586d3d334",
        "schema:latitude": "41.637556",
        "schema:longitude": "9.346176",
        "@type": [
          "schema:GeoCoordinates"
        ]
      },
      "schema:openingHoursSpecification": [
        {
          "@id": "https://data.datatourisme.fr/88d5cffc-b267-3684-af18-bfd5cad39c69",
          "schema:validFrom": "2023-04-15T00:00:00",
          "schema:validThrough": "2023-10-29T23:59:59",
          "@type": [
            "schema:OpeningHoursSpecification"
          ],
          "additionalInformation": {
            "de": [
              "Montag, Dienstag, Mittwoch, Donnerstag, Freitag, Samstag, Sonntag: offen"
            ],
            "en": [
              "Monday, Tuesday, Wednesday, Thursday, Friday, Saturday, Sunday: open"
            ],
            "it": [
              "Lunedì, martedì, mercoledì, giovedì, venerdì, sabato, domenica: aperto"
            ],
            "fr": [
              "Lundi, Mardi, Mercredi, Jeudi, Vendredi, Samedi, Dimanche : ouvert"
            ],
            "nl": [
              "Maandag, dinsdag, woensdag, donderdag, vrijdag, zaterdag, zondag: open"
            ],
            "es": [
              "Lunes, martes, miércoles, jueves, viernes, sábado y domingo: abierto"
            ]
          },
          "hasTranslatedProperty": [
            {
              "@id": "https://data.datatourisme.fr/29f85cde-0ede-30b6-936f-4110b41d8521",
              "dc:contributor": [
                "https://api.deepl.com/v2/translate"
              ],
              "rdf:language": [
                "it"
              ],
              "rdf:predicate": [
                "additionalInformation"
              ]
            },
            {
              "@id": "https://data.datatourisme.fr/6b79aaa9-b1df-37bb-8313-21f6797a3893",
              "dc:contributor": [
                "https://api.deepl.com/v2/translate"
              ],
              "rdf:language": [
                "nl"
              ],
              "rdf:predicate": [
                "additionalInformation"
              ]
            },
            {
              "@id": "https://data.datatourisme.fr/6d8aa7ea-ace6-354b-9668-038611b460d7",
              "dc:contributor": [
                "https://api.deepl.com/v2/translate"
              ],
              "rdf:language": [
                "de"
              ],
              "rdf:predicate": [
                "additionalInformation"
              ]
            },
            {
              "@id": "https://data.datatourisme.fr/8c11792c-a63b-32b0-bb7e-038c923e8b49",
              "dc:contributor": [
                "https://api.deepl.com/v2/translate"
              ],
              "rdf:language": [
                "es"
              ],
              "rdf:predicate": [
                "additionalInformation"
              ]
            },
            {
              "@id": "https://data.datatourisme.fr/9b9fbe06-ca1a-3a35-a616-ec70353ac2c3",
              "dc:contributor": [
                "https://api.deepl.com/v2/translate"
              ],
              "rdf:language": [
                "en"
              ],
              "rdf:predicate": [
                "additionalInformation"
              ]
            }
          ]
        }
      ],
      "@type": [
        "schema:Place",
        "Place"
      ]
    }
  ],
  "isOwnedBy": [
    {
      "@id": "https://data.datatourisme.fr/f5f950f9-5eec-32b4-a357-2c969ccf4068",
      "schema:email": [
        "camillef.omt@gmail.com",
        "direction@destination-sudcorse.com",
        "gestion@destination-sudcorse.com",
        "promotion@destination-sudcorse.com",
        "webmaster@destination-sudcorse.com"
      ],
      "schema:legalName": "Porto Vecchio Tourisme",
      "@type": [
        "schema:Organization",
        "foaf:Agent",
        "Agent"
      ],
      "foaf:homepage": [
        "http://www.ot-portovecchio.com/"
      ]
    }
  ],
  "lastUpdate": "2022-12-06",
  "lastUpdateDatatourisme": "2023-02-01T18:07:35.921Z",
  "offers": [
    {
      "@id": "https://data.datatourisme.fr/d9b92bc0-4ae8-3f39-a56e-02b14118c645",
      "schema:priceSpecification": [
        {
          "@id": "https://data.datatourisme.fr/21bac123-0fe9-32df-8495-c0e6a409df88",
          "@type": [
            "schema:PriceSpecification",
            "PriceSpecification"
          ],
          "appliesOnPeriod": [
            {
              "@id": "https://data.datatourisme.fr/623cd61d-c3a4-3da3-8e8a-365624123f55",
              "@type": [
                "Period"
              ],
              "endDate": "2023-10-29",
              "startDate": "2023-04-15"
            }
          ]
        }
      ],
      "@type": [
        "schema:Offer",
        "Offer"
      ]
    }
  ]
}