{
  "@id": "https://data.datatourisme.fr/13/5730d0f7-ddf5-3d62-a564-3a336f9feaa3",
  "dc:identifier": "6093565",
  "@type": [
    "schema:Landform",
    "Beach",
    "NaturalHeritage",
    "PlaceOfInterest",
    "PointOfInterest",
    "SportsAndLeisurePlace"
  ],
  "rdfs:comment": {
    "de": [
      "Zwischen dem Turm von Caldarello und der Landspitze von Capineru befindet sich der Strand von San Giovanni (benannt nach den Sümpfen, die sich in der Nähe befinden)\r\nWenn Sie weiter am Strand entlanglaufen, gelangen Sie zum Genueserturm von Caldarellu."
    ],
    "en": [
      "Between the tower of Caldarello and the point of Capineru, there is the beach of San Giovanni (named after the marshes that are found nearby)\r\nContinuing on foot along the beach, you will arrive at the Genoese Tower of Caldarellu."
    ],
    "it": [
      "Tra la torre di Caldarello e la punta di Capineru, si trova la spiaggia di San Giovanni (che prende il nome dalle paludi vicine)\r\nContinuando a camminare lungo la spiaggia, si raggiunge la torre genovese di Caldarellu."
    ],
    "fr": [
      "Entre la tour de Caldarello et la pointe de Capineru, se trouve la plage de San Giovanni (du nom des marais que l’on trouve à proximité). \r\nEn continuant à pied le long de la plage, vous arriverez à la Tour génoise de Caldarellu."
    ],
    "nl": [
      "Tussen de toren van Caldarello en de punt van Capineru ligt het strand van San Giovanni (genoemd naar de nabijgelegen moerassen)\r\nAls u te voet verder gaat langs het strand, komt u bij de Genuese toren van Caldarellu."
    ],
    "es": [
      "Entre la torre de Caldarello y la punta de Capineru, se encuentra la playa de San Giovanni (llamada así por las marismas cercanas)\r\nSi sigue caminando por la playa, llegará a la Torre genovesa de Caldarellu."
    ]
  },
  "rdfs:label": {
    "fr": [
      "La plage de San Giovanni"
    ]
  },
  "hasBeenCreatedBy": {
    "@id": "https://data.datatourisme.fr/13/84c6494d-3085-3c63-a55c-db8cb047fadd",
    "dc:identifier": "1738",
    "schema:email": [
      "camillef.omt@gmail.com",
      "direction@destination-sudcorse.com",
      "gestion@destination-sudcorse.com",
      "promotion@destination-sudcorse.com",
      "webmaster@destination-sudcorse.com"
    ],
    "schema:legalName": "Porto Vecchio Tourisme",
    "@type": [
      "schema:Organization",
      "foaf:Agent",
      "Agent"
    ],
    "foaf:homepage": [
      "http://www.ot-portovecchio.com/"
    ]
  },
  "hasBeenPublishedBy": [
    {
      "@id": "https://data.datatourisme.fr/8a9feb4b-2cbd-3d2c-b507-bd6c6776b23b",
      "schema:legalName": "Apidae Tourisme Scic SA - source : Apidae Tourisme",
      "@type": [
        "schema:Organization",
        "foaf:Agent",
        "Agent"
      ],
      "foaf:homepage": [
        "https://www.apidae-tourisme.com/"
      ]
    }
  ],
  "hasContact": [
    {
      "@id": "https://data.datatourisme.fr/53287022-0a0f-371e-bee8-f9f505d23f63",
      "schema:telephone": [
        "+33 4 95 71 80 06"
      ],
      "@type": [
        "foaf:Agent",
        "Agent"
      ]
    }
  ],
  "hasDescription": [
    {
      "@id": "https://data.datatourisme.fr/320ee0d8-0f8e-3ddd-8785-0f9c7971d229",
      "@type": [
        "Description"
      ],
      "hasTranslatedProperty": [
        {
          "@id": "https://data.datatourisme.fr/35d673de-bb4e-3a0d-a842-479b9867be03",
          "dc:contributor": [
            "https://api.deepl.com/v2/translate"
          ],
          "rdf:language": [
            "de"
          ],
          "rdf:predicate": [
            "shortDescription"
          ]
        },
        {
          "@id": "https://data.datatourisme.fr/5e4c2f23-ef5a-3e83-9c02-5b7dfe988c07",
          "dc:contributor": [
            "https://api.deepl.com/v2/translate"
          ],
          "rdf:language": [
            "es"
          ],
          "rdf:predicate": [
            "shortDescription"
          ]
        },
        {
          "@id": "https://data.datatourisme.fr/9185f32f-dc7e-3b15-aa54-90f5b72290f5",
          "dc:contributor": [
            "https://api.deepl.com/v2/translate"
          ],
          "rdf:language": [
            "nl"
          ],
          "rdf:predicate": [
            "shortDescription"
          ]
        },
        {
          "@id": "https://data.datatourisme.fr/c94e81d5-a12f-3437-a88d-3049f568db37",
          "dc:contributor": [
            "https://api.deepl.com/v2/translate"
          ],
          "rdf:language": [
            "it"
          ],
          "rdf:predicate": [
            "shortDescription"
          ]
        },
        {
          "@id": "https://data.datatourisme.fr/e313d62e-7ae6-3833-9010-c59fb1363262",
          "dc:contributor": [
            "https://api.deepl.com/v2/translate"
          ],
          "rdf:language": [
            "en"
          ],
          "rdf:predicate": [
            "shortDescription"
          ]
        }
      ],
      "shortDescription": {
        "de": [
          "Zwischen dem Turm von Caldarello und der Landspitze von Capineru befindet sich der Strand von San Giovanni (benannt nach den Sümpfen, die sich in der Nähe befinden)\r\nWenn Sie weiter am Strand entlanglaufen, gelangen Sie zum Genueserturm von Caldarellu."
        ],
        "en": [
          "Between the tower of Caldarello and the point of Capineru, there is the beach of San Giovanni (named after the marshes that are found nearby)\r\nContinuing on foot along the beach, you will arrive at the Genoese Tower of Caldarellu."
        ],
        "it": [
          "Tra la torre di Caldarello e la punta di Capineru, si trova la spiaggia di San Giovanni (che prende il nome dalle paludi vicine)\r\nContinuando a camminare lungo la spiaggia, si raggiunge la torre genovese di Caldarellu."
        ],
        "fr": [
          "Entre la tour de Caldarello et la pointe de Capineru, se trouve la plage de San Giovanni (du nom des marais que l’on trouve à proximité). \r\nEn continuant à pied le long de la plage, vous arriverez à la Tour génoise de Caldarellu."
        ],
        "nl": [
          "Tussen de toren van Caldarello en de punt van Capineru ligt het strand van San Giovanni (genoemd naar de nabijgelegen moerassen)\r\nAls u te voet verder gaat langs het strand, komt u bij de Genuese toren van Caldarellu."
        ],
        "es": [
          "Entre la torre de Caldarello y la punta de Capineru, se encuentra la playa de San Giovanni (llamada así por las marismas cercanas)\r\nSi sigue caminando por la playa, llegará a la Torre genovesa de Caldarellu."
        ]
      }
    }
  ],
  "hasTheme": [
    {
      "@id": "kb:Bathing",
      "@type": [
        "AccommodationAmenity",
        "SportsTheme"
      ],
      "rdfs:label": {
        "de": [
          "Baden"
        ],
        "pt": [
          "Banho"
        ],
        "en": [
          "Bathing"
        ],
        "it": [
          "Bagno"
        ],
        "fr": [
          "Baignade"
        ],
        "nl": [
          "Zwemmen"
        ],
        "es": [
          "Baño"
        ]
      }
    }
  ],
  "hasTranslatedProperty": [
    {
      "@id": "https://data.datatourisme.fr/50cfff3d-ecf7-3fb8-abc1-27fa58fdfc7b",
      "dc:contributor": [
        "https://api.deepl.com/v2/translate"
      ],
      "rdf:language": [
        "es"
      ],
      "rdf:predicate": [
        {
          "@id": "rdfs:comment"
        }
      ]
    },
    {
      "@id": "https://data.datatourisme.fr/8ab21ff7-1be6-3acb-b3f0-7638f9408844",
      "dc:contributor": [
        "https://api.deepl.com/v2/translate"
      ],
      "rdf:language": [
        "en"
      ],
      "rdf:predicate": [
        {
          "@id": "rdfs:comment"
        }
      ]
    },
    {
      "@id": "https://data.datatourisme.fr/a59c8300-19b7-3666-a83a-a159c2f75aeb",
      "dc:contributor": [
        "https://api.deepl.com/v2/translate"
      ],
      "rdf:language": [
        "de"
      ],
      "rdf:predicate": [
        {
          "@id": "rdfs:comment"
        }
      ]
    },
    {
      "@id": "https://data.datatourisme.fr/acf1b4a5-3923-3336-8039-579a158f7b30",
      "dc:contributor": [
        "https://api.deepl.com/v2/translate"
      ],
      "rdf:language": [
        "nl"
      ],
      "rdf:predicate": [
        {
          "@id": "rdfs:comment"
        }
      ]
    },
    {
      "@id": "https://data.datatourisme.fr/c3145ccd-dc5e-3da6-96b8-35fae99d0aec",
      "dc:contributor": [
        "https://api.deepl.com/v2/translate"
      ],
      "rdf:language": [
        "it"
      ],
      "rdf:predicate": [
        {
          "@id": "rdfs:comment"
        }
      ]
    }
  ],
  "isLocatedAt": [
    {
      "@id": "https://data.datatourisme.fr/7de34d48-bd77-3a66-a155-d7c4ba5a1346",
      "schema:address": [
        {
          "@id": "https://data.datatourisme.fr/19b12cd7-c63e-3de2-9fbc-2fa09b531338",
          "schema:addressLocality": "Pianottoli-Caldarello",
          "schema:postalCode": "20131",
          "schema:streetAddress": [
            "Saint Jean"
          ],
          "@type": [
            "schema:PostalAddress",
            "PostalAddress"
          ],
          "hasAddressCity": {
            "@id": "kb:2A215",
            "@type": [
              "City"
            ],
            "rdfs:label": {
              "en": [
                "Pianottoli-Caldarello"
              ],
              "fr": [
                "Pianottoli-Caldarello"
              ]
            },
            "insee": "2A215",
            "isPartOfDepartment": {
              "@id": "kb:France942A",
              "@type": [
                "Department"
              ],
              "rdfs:label": {
                "en": [
                  "Corse-du-Sud"
                ],
                "fr": [
                  "Corse-du-Sud"
                ]
              },
              "insee": "2A",
              "isPartOfRegion": {
                "@id": "kb:France94",
                "@type": [
                  "Region"
                ],
                "rdfs:label": {
                  "en": [
                    "Corse"
                  ],
                  "fr": [
                    "Corse"
                  ]
                },
                "insee": "94",
                "isPartOfCountry": {
                  "@id": "kb:France",
                  "@type": [
                    "schema:Country"
                  ],
                  "rdfs:label": {
                    "de": [
                      "Frankreich"
                    ],
                    "pt": [
                      "França"
                    ],
                    "en": [
                      "France"
                    ],
                    "it": [
                      "Francia"
                    ],
                    "fr": [
                      "France"
                    ],
                    "nl": [
                      "Frankrijk"
                    ],
                    "es": [
                      "Francia"
                    ]
                  }
                }
              }
            }
          }
        }
      ],
      "schema:geo": {
        "@id": "https://data.datatourisme.fr/a24e17f3-c851-3d70-8071-a573fe82210c",
        "schema:latitude": "41.460968",
        "schema:longitude": "9.046606",
        "@type": [
          "schema:GeoCoordinates"
        ]
      },
      "schema:openingHoursSpecification": [
        {
          "@id": "https://data.datatourisme.fr/f87e535a-636d-3343-ad63-8a03392e7511",
          "schema:validFrom": "2023-01-01T00:00:00",
          "schema:validThrough": "2023-12-31T23:59:59",
          "@type": [
            "schema:OpeningHoursSpecification"
          ]
        }
      ],
      "@type": [
        "schema:Place",
        "Place"
      ]
    }
  ],
  "isOwnedBy": [
    {
      "@id": "https://data.datatourisme.fr/f5f950f9-5eec-32b4-a357-2c969ccf4068",
      "schema:email": [
        "camillef.omt@gmail.com",
        "direction@destination-sudcorse.com",
        "gestion@destination-sudcorse.com",
        "promotion@destination-sudcorse.com",
        "webmaster@destination-sudcorse.com"
      ],
      "schema:legalName": "Porto Vecchio Tourisme",
      "@type": [
        "schema:Organization",
        "foaf:Agent",
        "Agent"
      ],
      "foaf:homepage": [
        "http://www.ot-portovecchio.com/"
      ]
    }
  ],
  "lastUpdate": "2023-04-01",
  "lastUpdateDatatourisme": "2023-04-02T05:48:09.241Z"
}