{
  "@id": "https://data.datatourisme.fr/13/a32e86b1-d8ee-3a42-86bc-02b478aa0d13",
  "dc:identifier": "5971168",
  "@type": [
    "schema:LocalBusiness",
    "PlaceOfInterest",
    "PointOfInterest",
    "SightseeingBoat",
    "SportsAndLeisurePlace"
  ],
  "rdfs:comment": {
    "de": [
      "Vermietung von Katamaranen für private Tagesausflüge mit Skipper (von 1300 € bis 1600 € ohne Verpflegung für max. 12 Personen) oder wochenweise ab dem Hafen von Pianottoli / Figari samstags und sonntags. Kostenvoranschlag auf Anfrage. Zögern Sie nicht, uns zu kontaktieren!"
    ],
    "en": [
      "Catamarans rental for a private day trip with skipper (from 1300 € to 1600 € excluding meals for 12 people max) or by the week from the port of Pianottoli / Figari on Saturdays and Sundays. Quote on request. Do not hesitate to contact us !"
    ],
    "it": [
      "Noleggio catamarano per escursioni private di un giorno con skipper (da 1300 ? a 1600 ? pasti esclusi per un massimo di 12 persone) o a settimana dal porto di Pianottoli / Figari il sabato e la domenica. Preventivo su richiesta. Non esitate a contattarci!"
    ],
    "fr": [
      "Location de catamarans en sortie journée privative avec skipper (de 1300 € à 1600 € hors repas pour 12 personnes max) ou à la semaine au départ du port de Pianottoli / Figari les samedis et dimanches. Devis sur demande. N'hésitez pas à nous contacter !"
    ],
    "nl": [
      "Catamarans te huur voor een privé dagtocht met schipper (van 1300 € tot 1600 € exclusief maaltijden voor maximaal 12 personen) of per week vanuit de haven van Pianottoli / Figari op zaterdag en zondag. Offerte op aanvraag. Aarzel niet om contact met ons op te nemen!"
    ],
    "es": [
      "Alquiler de catamarán para excursiones privadas de un día con patrón (de 1300€ a 1600€ sin comidas para un máximo de 12 personas) o por semanas desde el puerto de Pianottoli / Figari los sábados y domingos. Presupuesto bajo petición. ¡No dude en ponerse en contacto con nosotros!"
    ]
  },
  "rdfs:label": {
    "fr": [
      "Corsica Sailing"
    ]
  },
  "hasBeenCreatedBy": {
    "@id": "https://data.datatourisme.fr/13/84c6494d-3085-3c63-a55c-db8cb047fadd",
    "dc:identifier": "1738",
    "schema:email": [
      "camillef.omt@gmail.com",
      "direction@destination-sudcorse.com",
      "gestion@destination-sudcorse.com",
      "promotion@destination-sudcorse.com",
      "webmaster@destination-sudcorse.com"
    ],
    "schema:legalName": "Porto Vecchio Tourisme",
    "@type": [
      "schema:Organization",
      "foaf:Agent",
      "Agent"
    ],
    "foaf:homepage": [
      "http://www.ot-portovecchio.com/"
    ]
  },
  "hasBeenPublishedBy": [
    {
      "@id": "https://data.datatourisme.fr/8a9feb4b-2cbd-3d2c-b507-bd6c6776b23b",
      "schema:legalName": "Apidae Tourisme Scic SA - source : Apidae Tourisme",
      "@type": [
        "schema:Organization",
        "foaf:Agent",
        "Agent"
      ],
      "foaf:homepage": [
        "https://www.apidae-tourisme.com/"
      ]
    }
  ],
  "hasContact": [
    {
      "@id": "https://data.datatourisme.fr/e193701a-153e-3264-a404-c64cee965650",
      "schema:email": [
        "corsicasailing@gmail.com"
      ],
      "schema:telephone": [
        "+33 6 60 65 39 90",
        "+33 7 67 25 42 83"
      ],
      "@type": [
        "foaf:Agent",
        "Agent"
      ],
      "foaf:homepage": [
        "http://www.corsicasailing.com/"
      ]
    }
  ],
  "hasDescription": [
    {
      "@id": "https://data.datatourisme.fr/9991e5fb-be15-334f-bf1a-3b8373e79d0a",
      "@type": [
        "Description"
      ],
      "hasTranslatedProperty": [
        {
          "@id": "https://data.datatourisme.fr/279626ad-c3bb-3690-9b0f-baee260b2a77",
          "dc:contributor": [
            "https://api.deepl.com/v2/translate"
          ],
          "rdf:language": [
            "es"
          ],
          "rdf:predicate": [
            "shortDescription"
          ]
        },
        {
          "@id": "https://data.datatourisme.fr/772b2b82-5e29-3886-be37-08093508c94d",
          "dc:contributor": [
            "https://api.deepl.com/v2/translate"
          ],
          "rdf:language": [
            "nl"
          ],
          "rdf:predicate": [
            "shortDescription"
          ]
        },
        {
          "@id": "https://data.datatourisme.fr/9f7958a0-4c15-35cd-b1cd-b9a03ff7255c",
          "dc:contributor": [
            "https://api.deepl.com/v2/translate"
          ],
          "rdf:language": [
            "it"
          ],
          "rdf:predicate": [
            "shortDescription"
          ]
        },
        {
          "@id": "https://data.datatourisme.fr/a574c66d-8ee5-3272-bf5a-be89b29884cb",
          "dc:contributor": [
            "https://api.deepl.com/v2/translate"
          ],
          "rdf:language": [
            "en"
          ],
          "rdf:predicate": [
            "shortDescription"
          ]
        },
        {
          "@id": "https://data.datatourisme.fr/a6c9b430-6755-37a8-982c-c8c4e749fbfb",
          "dc:contributor": [
            "https://api.deepl.com/v2/translate"
          ],
          "rdf:language": [
            "de"
          ],
          "rdf:predicate": [
            "shortDescription"
          ]
        }
      ],
      "shortDescription": {
        "de": [
          "Vermietung von Katamaranen für private Tagesausflüge mit Skipper (von 1300 € bis 1600 € ohne Verpflegung für max. 12 Personen) oder wochenweise ab dem Hafen von Pianottoli / Figari samstags und sonntags. Kostenvoranschlag auf Anfrage. Zögern Sie nicht, uns zu kontaktieren!"
        ],
        "en": [
          "Catamarans rental for a private day trip with skipper (from 1300 € to 1600 € excluding meals for 12 people max) or by the week from the port of Pianottoli / Figari on Saturdays and Sundays. Quote on request. Do not hesitate to contact us !"
        ],
        "it": [
          "Noleggio catamarano per escursioni private di un giorno con skipper (da 1300 ? a 1600 ? pasti esclusi per un massimo di 12 persone) o a settimana dal porto di Pianottoli / Figari il sabato e la domenica. Preventivo su richiesta. Non esitate a contattarci!"
        ],
        "fr": [
          "Location de catamarans en sortie journée privative avec skipper (de 1300 € à 1600 € hors repas pour 12 personnes max) ou à la semaine au départ du port de Pianottoli / Figari les samedis et dimanches. Devis sur demande. N'hésitez pas à nous contacter !"
        ],
        "nl": [
          "Catamarans te huur voor een privé dagtocht met schipper (van 1300 € tot 1600 € exclusief maaltijden voor maximaal 12 personen) of per week vanuit de haven van Pianottoli / Figari op zaterdag en zondag. Offerte op aanvraag. Aarzel niet om contact met ons op te nemen!"
        ],
        "es": [
          "Alquiler de catamarán para excursiones privadas de un día con patrón (de 1300€ a 1600€ sin comidas para un máximo de 12 personas) o por semanas desde el puerto de Pianottoli / Figari los sábados y domingos. Presupuesto bajo petición. ¡No dude en ponerse en contacto con nosotros!"
        ]
      }
    }
  ],
  "hasTranslatedProperty": [
    {
      "@id": "https://data.datatourisme.fr/14ce3aaa-5195-3b7f-ab13-9f588587533e",
      "dc:contributor": [
        "https://api.deepl.com/v2/translate"
      ],
      "rdf:language": [
        "en"
      ],
      "rdf:predicate": [
        {
          "@id": "rdfs:comment"
        }
      ]
    },
    {
      "@id": "https://data.datatourisme.fr/305e4722-36f6-365e-acec-93e950271c62",
      "dc:contributor": [
        "https://api.deepl.com/v2/translate"
      ],
      "rdf:language": [
        "de"
      ],
      "rdf:predicate": [
        {
          "@id": "rdfs:comment"
        }
      ]
    },
    {
      "@id": "https://data.datatourisme.fr/562c658f-5f1a-39c2-a23b-dd2047d867ac",
      "dc:contributor": [
        "https://api.deepl.com/v2/translate"
      ],
      "rdf:language": [
        "nl"
      ],
      "rdf:predicate": [
        {
          "@id": "rdfs:comment"
        }
      ]
    },
    {
      "@id": "https://data.datatourisme.fr/ed0f60cd-295b-3d1f-b666-b88331ad4d08",
      "dc:contributor": [
        "https://api.deepl.com/v2/translate"
      ],
      "rdf:language": [
        "it"
      ],
      "rdf:predicate": [
        {
          "@id": "rdfs:comment"
        }
      ]
    },
    {
      "@id": "https://data.datatourisme.fr/ef39bb3c-7b47-3fa7-8189-3af85037b254",
      "dc:contributor": [
        "https://api.deepl.com/v2/translate"
      ],
      "rdf:language": [
        "es"
      ],
      "rdf:predicate": [
        {
          "@id": "rdfs:comment"
        }
      ]
    }
  ],
  "isLocatedAt": [
    {
      "@id": "https://data.datatourisme.fr/8ceef8b6-e60e-3f5b-8ba8-27b886129fcd",
      "schema:address": [
        {
          "@id": "https://data.datatourisme.fr/1041a806-76cd-35c7-a223-7148e200f876",
          "schema:addressLocality": "Pianottoli-Caldarello",
          "schema:postalCode": "20131",
          "schema:streetAddress": [
            "Port de Pianottoli Caldarello"
          ],
          "@type": [
            "schema:PostalAddress",
            "PostalAddress"
          ],
          "hasAddressCity": {
            "@id": "kb:2A215",
            "@type": [
              "City"
            ],
            "rdfs:label": {
              "en": [
                "Pianottoli-Caldarello"
              ],
              "fr": [
                "Pianottoli-Caldarello"
              ]
            },
            "insee": "2A215",
            "isPartOfDepartment": {
              "@id": "kb:France942A",
              "@type": [
                "Department"
              ],
              "rdfs:label": {
                "en": [
                  "Corse-du-Sud"
                ],
                "fr": [
                  "Corse-du-Sud"
                ]
              },
              "insee": "2A",
              "isPartOfRegion": {
                "@id": "kb:France94",
                "@type": [
                  "Region"
                ],
                "rdfs:label": {
                  "en": [
                    "Corse"
                  ],
                  "fr": [
                    "Corse"
                  ]
                },
                "insee": "94",
                "isPartOfCountry": {
                  "@id": "kb:France",
                  "@type": [
                    "schema:Country"
                  ],
                  "rdfs:label": {
                    "de": [
                      "Frankreich"
                    ],
                    "pt": [
                      "França"
                    ],
                    "en": [
                      "France"
                    ],
                    "it": [
                      "Francia"
                    ],
                    "fr": [
                      "France"
                    ],
                    "nl": [
                      "Frankrijk"
                    ],
                    "es": [
                      "Francia"
                    ]
                  }
                }
              }
            }
          }
        }
      ],
      "schema:geo": {
        "@id": "https://data.datatourisme.fr/cb8fcba4-3835-3a62-a989-77fe288a49a6",
        "schema:latitude": "41.474748",
        "schema:longitude": "9.071887",
        "@type": [
          "schema:GeoCoordinates"
        ]
      },
      "schema:openingHoursSpecification": [
        {
          "@id": "https://data.datatourisme.fr/fe3b0c8a-e748-3c76-94b9-45a7f6e9995b",
          "schema:validFrom": "2023-04-01T00:00:00",
          "schema:validThrough": "2023-10-31T23:59:59",
          "@type": [
            "schema:OpeningHoursSpecification"
          ]
        }
      ],
      "@type": [
        "schema:Place",
        "Place"
      ]
    }
  ],
  "isOwnedBy": [
    {
      "@id": "https://data.datatourisme.fr/f5f950f9-5eec-32b4-a357-2c969ccf4068",
      "schema:email": [
        "camillef.omt@gmail.com",
        "direction@destination-sudcorse.com",
        "gestion@destination-sudcorse.com",
        "promotion@destination-sudcorse.com",
        "webmaster@destination-sudcorse.com"
      ],
      "schema:legalName": "Porto Vecchio Tourisme",
      "@type": [
        "schema:Organization",
        "foaf:Agent",
        "Agent"
      ],
      "foaf:homepage": [
        "http://www.ot-portovecchio.com/"
      ]
    }
  ],
  "lastUpdate": "2023-04-01",
  "lastUpdateDatatourisme": "2023-04-02T05:48:09.254Z"
}