{
  "@id": "https://data.datatourisme.fr/13/a3550431-7733-3cdf-909e-c28f1f94d439",
  "dc:identifier": "4974441",
  "@type": [
    "schema:FoodEstablishment",
    "FoodEstablishment",
    "PlaceOfInterest",
    "PointOfInterest"
  ],
  "rdfs:comment": {
    "de": [
      "Genießen Sie die korsische Gastronomie in Calvi, in der Balagne, im Schatten einer hundertjährigen Magnolie... Der Rahmen ist intim und raffiniert, mit einem blühenden Innenhof unter freiem Himmel als Hauptdekoration."
    ],
    "en": [
      "Come and taste the Corsican gastronomy, in Calvi, in Balagne, in the shade of a century-old magnolia... The setting is intimate and refined with as its main decor a flowery open-air patio."
    ],
    "it": [
      "Venite a gustare la gastronomia corsa, a Calvi, nella regione della Balagne, all'ombra di una magnolia centenaria... L'ambiente è intimo e raffinato, con un patio all'aperto pieno di fiori come decorazione principale."
    ],
    "fr": [
      "Venez déguster la gastronomie corse, à Calvi, en Balagne,  à l'ombre d'un magnolia centenaire... Le cadre y est intime et raffiné avec comme décor principal un patio fleuri à ciel ouvert."
    ],
    "es": [
      "Venga a degustar la gastronomía corsa, en Calvi, en la región de Balagne, a la sombra de un magnolio centenario... El entorno es íntimo y refinado, con un patio al aire libre lleno de flores como decoración principal."
    ],
    "nl": [
      "Kom en proef de Corsicaanse gastronomie, in Calvi, in de regio Balagne, in de schaduw van een honderd jaar oude magnoliaboom... De omgeving is intiem en verfijnd, met een openluchtpatio vol bloemen als belangrijkste decor."
    ]
  },
  "rdfs:label": {
    "en": [
      "Magnolia Restaurant"
    ],
    "fr": [
      "Le Magnolia"
    ]
  },
  "hasBeenCreatedBy": {
    "@id": "https://data.datatourisme.fr/13/e4873aa9-a05c-35ed-8395-61d121516766",
    "dc:identifier": "1646",
    "schema:email": [
      "info@balagne-corsica.com"
    ],
    "schema:legalName": "Office de Tourisme Intercommunal Calvi - Balagne",
    "@type": [
      "schema:Organization",
      "foaf:Agent",
      "Agent"
    ],
    "foaf:homepage": [
      "https://www.balagne-corsica.com/"
    ]
  },
  "hasBeenPublishedBy": [
    {
      "@id": "https://data.datatourisme.fr/8a9feb4b-2cbd-3d2c-b507-bd6c6776b23b",
      "schema:legalName": "Apidae Tourisme Scic SA - source : Apidae Tourisme",
      "@type": [
        "schema:Organization",
        "foaf:Agent",
        "Agent"
      ],
      "foaf:homepage": [
        "https://www.apidae-tourisme.com/"
      ]
    }
  ],
  "hasContact": [
    {
      "@id": "https://data.datatourisme.fr/eff3be17-24e2-3f21-b797-d9c0638b6cc6",
      "schema:email": [
        "hotel.magnolia@orange.fr"
      ],
      "schema:telephone": [
        "+33 4 95 65 19 16"
      ],
      "@type": [
        "foaf:Agent",
        "Agent"
      ],
      "foaf:homepage": [
        "http://www.hotel-le-magnolia.com/"
      ]
    }
  ],
  "hasDescription": [
    {
      "@id": "https://data.datatourisme.fr/59f726d2-d565-32d5-afc4-b4e98b126991",
      "@type": [
        "Description"
      ],
      "hasTranslatedProperty": [
        {
          "@id": "https://data.datatourisme.fr/1ea7e2c7-accf-3f04-8448-7027987b57bf",
          "dc:contributor": [
            "https://api.deepl.com/v2/translate"
          ],
          "rdf:language": [
            "nl"
          ],
          "rdf:predicate": [
            "shortDescription"
          ]
        },
        {
          "@id": "https://data.datatourisme.fr/35a55601-fb79-32ce-855f-65b30debbf0c",
          "dc:contributor": [
            "https://api.deepl.com/v2/translate"
          ],
          "rdf:language": [
            "es"
          ],
          "rdf:predicate": [
            "shortDescription"
          ]
        },
        {
          "@id": "https://data.datatourisme.fr/f441508a-9826-34eb-bc2f-c27f6895f325",
          "dc:contributor": [
            "https://api.deepl.com/v2/translate"
          ],
          "rdf:language": [
            "de"
          ],
          "rdf:predicate": [
            "shortDescription"
          ]
        }
      ],
      "shortDescription": {
        "de": [
          "Genießen Sie die korsische Gastronomie in Calvi, in der Balagne, im Schatten einer hundertjährigen Magnolie... Der Rahmen ist intim und raffiniert, mit einem blühenden Innenhof unter freiem Himmel als Hauptdekoration."
        ],
        "en": [
          "Come and taste the Corsican gastronomy, in Calvi, in Balagne, in the shade of a century-old magnolia... The setting is intimate and refined with as its main decor a flowery open-air patio."
        ],
        "it": [
          "Venite a gustare la gastronomia corsa, a Calvi, nella regione della Balagne, all'ombra di una magnolia centenaria... L'ambiente è intimo e raffinato, con un patio all'aperto pieno di fiori come decorazione principale."
        ],
        "fr": [
          "Venez déguster la gastronomie corse, à Calvi, en Balagne,  à l'ombre d'un magnolia centenaire... Le cadre y est intime et raffiné avec comme décor principal un patio fleuri à ciel ouvert."
        ],
        "es": [
          "Venga a degustar la gastronomía corsa, en Calvi, en la región de Balagne, a la sombra de un magnolio centenario... El entorno es íntimo y refinado, con un patio al aire libre lleno de flores como decoración principal."
        ],
        "nl": [
          "Kom en proef de Corsicaanse gastronomie, in Calvi, in de regio Balagne, in de schaduw van een honderd jaar oude magnoliaboom... De omgeving is intiem en verfijnd, met een openluchtpatio vol bloemen als belangrijkste decor."
        ]
      }
    }
  ],
  "hasTranslatedProperty": [
    {
      "@id": "https://data.datatourisme.fr/0d28bcf6-0799-39b3-a6ea-868eb75caba6",
      "dc:contributor": [
        "https://api.deepl.com/v2/translate"
      ],
      "rdf:language": [
        "es"
      ],
      "rdf:predicate": [
        {
          "@id": "rdfs:comment"
        }
      ]
    },
    {
      "@id": "https://data.datatourisme.fr/3754ba13-d6b4-398c-9c13-77868177babd",
      "dc:contributor": [
        "https://api.deepl.com/v2/translate"
      ],
      "rdf:language": [
        "de"
      ],
      "rdf:predicate": [
        {
          "@id": "rdfs:comment"
        }
      ]
    },
    {
      "@id": "https://data.datatourisme.fr/6205d922-7f1a-3631-9462-e4ff802e0f35",
      "dc:contributor": [
        "https://api.deepl.com/v2/translate"
      ],
      "rdf:language": [
        "nl"
      ],
      "rdf:predicate": [
        {
          "@id": "rdfs:comment"
        }
      ]
    }
  ],
  "isLocatedAt": [
    {
      "@id": "https://data.datatourisme.fr/70aefd7e-fc6c-3fae-a77a-9d184d352e99",
      "schema:address": [
        {
          "@id": "https://data.datatourisme.fr/48bc7a7b-0ea3-3a77-b3c5-8e8da5d22538",
          "schema:addressLocality": "Calvi",
          "schema:postalCode": "20260",
          "schema:streetAddress": [
            "Place du marché",
            "Rue Alsace Lorraine"
          ],
          "@type": [
            "schema:PostalAddress",
            "PostalAddress"
          ],
          "hasAddressCity": {
            "@id": "kb:2B050",
            "@type": [
              "City"
            ],
            "rdfs:label": {
              "en": [
                "Calvi"
              ],
              "fr": [
                "Calvi"
              ]
            },
            "insee": "2B050",
            "isPartOfDepartment": {
              "@id": "kb:France942B",
              "@type": [
                "Department"
              ],
              "rdfs:label": {
                "en": [
                  "Haute-Corse"
                ],
                "fr": [
                  "Haute-Corse"
                ]
              },
              "insee": "2B",
              "isPartOfRegion": {
                "@id": "kb:France94",
                "@type": [
                  "Region"
                ],
                "rdfs:label": {
                  "en": [
                    "Corse"
                  ],
                  "fr": [
                    "Corse"
                  ]
                },
                "insee": "94",
                "isPartOfCountry": {
                  "@id": "kb:France",
                  "@type": [
                    "schema:Country"
                  ],
                  "rdfs:label": {
                    "de": [
                      "Frankreich"
                    ],
                    "pt": [
                      "França"
                    ],
                    "en": [
                      "France"
                    ],
                    "it": [
                      "Francia"
                    ],
                    "fr": [
                      "France"
                    ],
                    "nl": [
                      "Frankrijk"
                    ],
                    "es": [
                      "Francia"
                    ]
                  }
                }
              }
            }
          }
        }
      ],
      "schema:geo": {
        "@id": "https://data.datatourisme.fr/c05f3ea4-b776-3b60-985a-42c964182666",
        "schema:latitude": "42.567049",
        "schema:longitude": "8.758378",
        "@type": [
          "schema:GeoCoordinates"
        ]
      },
      "schema:openingHoursSpecification": [
        {
          "@id": "https://data.datatourisme.fr/9584f91c-0653-31d7-8a3f-a2ad59b4f5e8",
          "schema:validFrom": "2023-05-01T00:00:00",
          "schema:validThrough": "2023-10-09T23:59:59",
          "@type": [
            "schema:OpeningHoursSpecification"
          ]
        }
      ],
      "@type": [
        "schema:Place",
        "Place"
      ]
    }
  ],
  "isOwnedBy": [
    {
      "@id": "https://data.datatourisme.fr/194c52e6-bbae-33dc-8464-caca97844fbb",
      "schema:email": [
        "info@balagne-corsica.com"
      ],
      "schema:legalName": "Office de Tourisme Intercommunal Calvi - Balagne",
      "@type": [
        "schema:Organization",
        "foaf:Agent",
        "Agent"
      ],
      "foaf:homepage": [
        "https://www.balagne-corsica.com/"
      ]
    }
  ],
  "lastUpdate": "2022-05-03",
  "lastUpdateDatatourisme": "2023-02-01T18:07:36.009Z",
  "offers": [
    {
      "@id": "https://data.datatourisme.fr/0631404f-96db-3e1b-82d3-8b0bfa262c3d",
      "schema:priceSpecification": [
        {
          "@id": "https://data.datatourisme.fr/6ff03389-5e6c-31cf-bcbe-66f7d5f19f3a",
          "schema:minPrice": [
            "29"
          ],
          "schema:priceCurrency": "EUR",
          "@type": [
            "schema:PriceSpecification",
            "PriceSpecification"
          ],
          "appliesOnPeriod": [
            {
              "@id": "https://data.datatourisme.fr/b1eacd43-fb20-3072-9c52-7fe8a6ba83b8",
              "@type": [
                "Period"
              ],
              "endDate": "2022-10-09",
              "startDate": "2022-05-01"
            }
          ]
        }
      ],
      "@type": [
        "schema:Offer",
        "Offer"
      ]
    }
  ]
}