{
  "@id": "https://data.datatourisme.fr/13/7db1aea0-8dcf-337d-b01c-f0bf23490f5d",
  "dc:identifier": "5916770",
  "@type": [
    "schema:FoodEstablishment",
    "FoodEstablishment",
    "PlaceOfInterest",
    "PointOfInterest"
  ],
  "rdfs:comment": {
    "de": [
      "Gegenüber der Bucht von Santa Giulia bietet Ihnen die Bar Plage eine großzügige mediterrane Küche, die ausschließlich aus frischen Zutaten zubereitet wird. Ein Restaurant, in dem Freundlichkeit und Professionalität herrschen! Privatisierung ist möglich. Ausgestatteter Privatstrand."
    ],
    "en": [
      "Facing the bay of Santa Giulia, the Bar Plage offers a generous Mediterranean cuisine made exclusively from fresh products. A restaurant where conviviality and professionalism reign! Privatization possible. Private beach equipped."
    ],
    "it": [
      "Affacciato sulla baia di Santa Giulia, il Bar Plage offre una generosa cucina mediterranea fatta esclusivamente di prodotti freschi. Un ristorante dove regnano convivialità e professionalità! La privatizzazione è possibile. Spiaggia privata attrezzata."
    ],
    "fr": [
      "Face à la baie de Santa Giulia, le Bar Plage vous propose une cuisine méditerranéenne généreuse faite exclusivement à base de produits frais. Un restaurant où règnent la convivialité et le professionnalisme ! Privatisation possible. Plage privée équipée."
    ],
    "nl": [
      "Met uitzicht op de baai van Santa Giulia biedt de Bar Plage royale mediterrane gerechten die uitsluitend met verse producten worden bereid. Een restaurant waar gezelligheid en professionaliteit heersen! Privatisering mogelijk. Privé strand uitgerust."
    ],
    "es": [
      "Frente a la bahía de Santa Giulia, el Bar Plage ofrece una generosa cocina mediterránea elaborada exclusivamente con productos frescos. Un restaurante en el que reinan la convivencia y la profesionalidad La privatización es posible. Playa privada equipada."
    ]
  },
  "rdfs:label": {
    "fr": [
      "Bar Plage"
    ]
  },
  "hasBeenCreatedBy": {
    "@id": "https://data.datatourisme.fr/13/84c6494d-3085-3c63-a55c-db8cb047fadd",
    "dc:identifier": "1738",
    "schema:email": [
      "camillef.omt@gmail.com",
      "direction@destination-sudcorse.com",
      "gestion@destination-sudcorse.com",
      "promotion@destination-sudcorse.com",
      "webmaster@destination-sudcorse.com"
    ],
    "schema:legalName": "Porto Vecchio Tourisme",
    "@type": [
      "schema:Organization",
      "foaf:Agent",
      "Agent"
    ],
    "foaf:homepage": [
      "http://www.ot-portovecchio.com/"
    ]
  },
  "hasBeenPublishedBy": [
    {
      "@id": "https://data.datatourisme.fr/8a9feb4b-2cbd-3d2c-b507-bd6c6776b23b",
      "schema:legalName": "Apidae Tourisme Scic SA - source : Apidae Tourisme",
      "@type": [
        "schema:Organization",
        "foaf:Agent",
        "Agent"
      ],
      "foaf:homepage": [
        "https://www.apidae-tourisme.com/"
      ]
    }
  ],
  "hasContact": [
    {
      "@id": "https://data.datatourisme.fr/a2cd4097-4011-360a-b313-a2a0be953757",
      "schema:email": [
        "contact@barplage.fr"
      ],
      "schema:telephone": [
        "+33 6 44 37 37 70"
      ],
      "@type": [
        "foaf:Agent",
        "Agent"
      ],
      "foaf:homepage": [
        "https://barplage.fr/"
      ]
    }
  ],
  "hasDescription": [
    {
      "@id": "https://data.datatourisme.fr/9571e243-2996-3f3d-8641-d9eff1d87b53",
      "@type": [
        "Description"
      ],
      "hasTranslatedProperty": [
        {
          "@id": "https://data.datatourisme.fr/2e6e1671-a3c2-3731-b008-622d1f5407d6",
          "dc:contributor": [
            "https://api.deepl.com/v2/translate"
          ],
          "rdf:language": [
            "de"
          ],
          "rdf:predicate": [
            "shortDescription"
          ]
        },
        {
          "@id": "https://data.datatourisme.fr/3c9f2970-62e9-3272-87df-b9daaf40327c",
          "dc:contributor": [
            "https://api.deepl.com/v2/translate"
          ],
          "rdf:language": [
            "es"
          ],
          "rdf:predicate": [
            "shortDescription"
          ]
        },
        {
          "@id": "https://data.datatourisme.fr/767accd4-1476-322b-95e9-23fa8c38bcd2",
          "dc:contributor": [
            "https://api.deepl.com/v2/translate"
          ],
          "rdf:language": [
            "nl"
          ],
          "rdf:predicate": [
            "shortDescription"
          ]
        },
        {
          "@id": "https://data.datatourisme.fr/866737eb-ed2d-31e3-a5ec-a5903bc0b032",
          "dc:contributor": [
            "https://api.deepl.com/v2/translate"
          ],
          "rdf:language": [
            "it"
          ],
          "rdf:predicate": [
            "shortDescription"
          ]
        },
        {
          "@id": "https://data.datatourisme.fr/a1a0d6da-c12a-3c74-9135-e684e3ab6cd1",
          "dc:contributor": [
            "https://api.deepl.com/v2/translate"
          ],
          "rdf:language": [
            "en"
          ],
          "rdf:predicate": [
            "shortDescription"
          ]
        }
      ],
      "shortDescription": {
        "de": [
          "Gegenüber der Bucht von Santa Giulia bietet Ihnen die Bar Plage eine großzügige mediterrane Küche, die ausschließlich aus frischen Zutaten zubereitet wird. Ein Restaurant, in dem Freundlichkeit und Professionalität herrschen! Privatisierung ist möglich. Ausgestatteter Privatstrand."
        ],
        "en": [
          "Facing the bay of Santa Giulia, the Bar Plage offers a generous Mediterranean cuisine made exclusively from fresh products. A restaurant where conviviality and professionalism reign! Privatization possible. Private beach equipped."
        ],
        "it": [
          "Affacciato sulla baia di Santa Giulia, il Bar Plage offre una generosa cucina mediterranea fatta esclusivamente di prodotti freschi. Un ristorante dove regnano convivialità e professionalità! La privatizzazione è possibile. Spiaggia privata attrezzata."
        ],
        "fr": [
          "Face à la baie de Santa Giulia, le Bar Plage vous propose une cuisine méditerranéenne généreuse faite exclusivement à base de produits frais. Un restaurant où règnent la convivialité et le professionnalisme ! Privatisation possible. Plage privée équipée."
        ],
        "nl": [
          "Met uitzicht op de baai van Santa Giulia biedt de Bar Plage royale mediterrane gerechten die uitsluitend met verse producten worden bereid. Een restaurant waar gezelligheid en professionaliteit heersen! Privatisering mogelijk. Privé strand uitgerust."
        ],
        "es": [
          "Frente a la bahía de Santa Giulia, el Bar Plage ofrece una generosa cocina mediterránea elaborada exclusivamente con productos frescos. Un restaurante en el que reinan la convivencia y la profesionalidad La privatización es posible. Playa privada equipada."
        ]
      }
    }
  ],
  "hasTheme": [
    {
      "@id": "kb:MediterraneanCuisine",
      "@type": [
        "CuisineCategory"
      ],
      "rdfs:label": {
        "de": [
          "Mediterrane Küche"
        ],
        "pt": [
          "Cozinha mediterrânica"
        ],
        "en": [
          "Mediterranean cuisine"
        ],
        "it": [
          "Cucina mediterranea"
        ],
        "fr": [
          "Cuisine méditerranéenne"
        ],
        "nl": [
          "Mediterrane keuken"
        ],
        "es": [
          "Cocina mediterránea"
        ]
      }
    }
  ],
  "hasTranslatedProperty": [
    {
      "@id": "https://data.datatourisme.fr/0a47b1c7-d529-3d81-a9fe-823f8abd3fa8",
      "dc:contributor": [
        "https://api.deepl.com/v2/translate"
      ],
      "rdf:language": [
        "it"
      ],
      "rdf:predicate": [
        {
          "@id": "rdfs:comment"
        }
      ]
    },
    {
      "@id": "https://data.datatourisme.fr/94d1d710-80fe-38b5-a7de-a298a6231812",
      "dc:contributor": [
        "https://api.deepl.com/v2/translate"
      ],
      "rdf:language": [
        "de"
      ],
      "rdf:predicate": [
        {
          "@id": "rdfs:comment"
        }
      ]
    },
    {
      "@id": "https://data.datatourisme.fr/9a4d0693-41bd-3160-9ce6-4601413d6b38",
      "dc:contributor": [
        "https://api.deepl.com/v2/translate"
      ],
      "rdf:language": [
        "nl"
      ],
      "rdf:predicate": [
        {
          "@id": "rdfs:comment"
        }
      ]
    },
    {
      "@id": "https://data.datatourisme.fr/b1e95948-0226-3536-a1fa-6018c1ca010b",
      "dc:contributor": [
        "https://api.deepl.com/v2/translate"
      ],
      "rdf:language": [
        "es"
      ],
      "rdf:predicate": [
        {
          "@id": "rdfs:comment"
        }
      ]
    },
    {
      "@id": "https://data.datatourisme.fr/c930a992-4285-37d7-a8ba-70ee98dc5e17",
      "dc:contributor": [
        "https://api.deepl.com/v2/translate"
      ],
      "rdf:language": [
        "en"
      ],
      "rdf:predicate": [
        {
          "@id": "rdfs:comment"
        }
      ]
    }
  ],
  "isLocatedAt": [
    {
      "@id": "https://data.datatourisme.fr/1480329f-d9b1-3ce9-8890-f36187f0a9a2",
      "schema:address": [
        {
          "@id": "https://data.datatourisme.fr/8aadc913-3f38-36be-a47f-4de8506f639c",
          "schema:addressLocality": "Porto-Vecchio",
          "schema:postalCode": "20137",
          "schema:streetAddress": [
            "Baie de Santa Giulia"
          ],
          "@type": [
            "schema:PostalAddress",
            "PostalAddress"
          ],
          "hasAddressCity": {
            "@id": "kb:2A247",
            "@type": [
              "City"
            ],
            "rdfs:label": {
              "en": [
                "Porto-Vecchio"
              ],
              "fr": [
                "Porto-Vecchio"
              ]
            },
            "insee": "2A247",
            "isPartOfDepartment": {
              "@id": "kb:France942A",
              "@type": [
                "Department"
              ],
              "rdfs:label": {
                "en": [
                  "Corse-du-Sud"
                ],
                "fr": [
                  "Corse-du-Sud"
                ]
              },
              "insee": "2A",
              "isPartOfRegion": {
                "@id": "kb:France94",
                "@type": [
                  "Region"
                ],
                "rdfs:label": {
                  "en": [
                    "Corse"
                  ],
                  "fr": [
                    "Corse"
                  ]
                },
                "insee": "94",
                "isPartOfCountry": {
                  "@id": "kb:France",
                  "@type": [
                    "schema:Country"
                  ],
                  "rdfs:label": {
                    "de": [
                      "Frankreich"
                    ],
                    "pt": [
                      "França"
                    ],
                    "en": [
                      "France"
                    ],
                    "it": [
                      "Francia"
                    ],
                    "fr": [
                      "France"
                    ],
                    "nl": [
                      "Frankrijk"
                    ],
                    "es": [
                      "Francia"
                    ]
                  }
                }
              }
            }
          }
        }
      ],
      "schema:geo": {
        "@id": "https://data.datatourisme.fr/3c489a96-c346-3e21-be6b-c9cab0221941",
        "schema:latitude": "41.531552",
        "schema:longitude": "9.274602",
        "@type": [
          "schema:GeoCoordinates"
        ]
      },
      "schema:openingHoursSpecification": [
        {
          "@id": "https://data.datatourisme.fr/8199d735-8756-30f6-ada7-d5c90930bcb8",
          "schema:validFrom": "2023-05-15T00:00:00",
          "schema:validThrough": "2023-10-15T23:59:59",
          "@type": [
            "schema:OpeningHoursSpecification"
          ],
          "additionalInformation": {
            "de": [
              "Montag, Dienstag, Mittwoch, Donnerstag, Freitag, Samstag, Sonntag: offen"
            ],
            "en": [
              "Monday, Tuesday, Wednesday, Thursday, Friday, Saturday, Sunday: open"
            ],
            "it": [
              "Lunedì, martedì, mercoledì, giovedì, venerdì, sabato, domenica: aperto"
            ],
            "fr": [
              "Lundi, Mardi, Mercredi, Jeudi, Vendredi, Samedi, Dimanche : ouvert"
            ],
            "nl": [
              "Maandag, dinsdag, woensdag, donderdag, vrijdag, zaterdag, zondag: open"
            ],
            "es": [
              "Lunes, martes, miércoles, jueves, viernes, sábado y domingo: abierto"
            ]
          },
          "hasTranslatedProperty": [
            {
              "@id": "https://data.datatourisme.fr/2155f65d-19cf-3c73-9d77-0fd431ff1292",
              "dc:contributor": [
                "https://api.deepl.com/v2/translate"
              ],
              "rdf:language": [
                "de"
              ],
              "rdf:predicate": [
                "additionalInformation"
              ]
            },
            {
              "@id": "https://data.datatourisme.fr/3db121d3-5eed-3d89-a581-00bba1d8006f",
              "dc:contributor": [
                "https://api.deepl.com/v2/translate"
              ],
              "rdf:language": [
                "it"
              ],
              "rdf:predicate": [
                "additionalInformation"
              ]
            },
            {
              "@id": "https://data.datatourisme.fr/6c9eb4c3-d619-3899-809e-373075bd43d8",
              "dc:contributor": [
                "https://api.deepl.com/v2/translate"
              ],
              "rdf:language": [
                "nl"
              ],
              "rdf:predicate": [
                "additionalInformation"
              ]
            },
            {
              "@id": "https://data.datatourisme.fr/74b89927-65e7-3554-a36a-23e0dee17db6",
              "dc:contributor": [
                "https://api.deepl.com/v2/translate"
              ],
              "rdf:language": [
                "es"
              ],
              "rdf:predicate": [
                "additionalInformation"
              ]
            },
            {
              "@id": "https://data.datatourisme.fr/d4fc1a45-9141-3540-9ec5-752a2fdccf4c",
              "dc:contributor": [
                "https://api.deepl.com/v2/translate"
              ],
              "rdf:language": [
                "en"
              ],
              "rdf:predicate": [
                "additionalInformation"
              ]
            }
          ]
        }
      ],
      "@type": [
        "schema:Place",
        "Place"
      ]
    }
  ],
  "isOwnedBy": [
    {
      "@id": "https://data.datatourisme.fr/f5f950f9-5eec-32b4-a357-2c969ccf4068",
      "schema:email": [
        "camillef.omt@gmail.com",
        "direction@destination-sudcorse.com",
        "gestion@destination-sudcorse.com",
        "promotion@destination-sudcorse.com",
        "webmaster@destination-sudcorse.com"
      ],
      "schema:legalName": "Porto Vecchio Tourisme",
      "@type": [
        "schema:Organization",
        "foaf:Agent",
        "Agent"
      ],
      "foaf:homepage": [
        "http://www.ot-portovecchio.com/"
      ]
    }
  ],
  "lastUpdate": "2023-02-14",
  "lastUpdateDatatourisme": "2023-02-15T06:38:07.073Z",
  "offers": [
    {
      "@id": "https://data.datatourisme.fr/34e8a9f5-74d7-3662-acd8-6cded4d36a46",
      "schema:priceSpecification": [
        {
          "@id": "https://data.datatourisme.fr/1bb7abde-bc69-36dc-807c-7cca7dc005ee",
          "schema:minPrice": [
            "35"
          ],
          "schema:priceCurrency": "EUR",
          "@type": [
            "schema:PriceSpecification",
            "PriceSpecification"
          ],
          "appliesOnPeriod": [
            {
              "@id": "https://data.datatourisme.fr/0d529fb0-1b72-3568-a46d-0d9f9542f24e",
              "@type": [
                "Period"
              ],
              "endDate": "2023-10-15",
              "startDate": "2023-05-15"
            }
          ]
        }
      ],
      "@type": [
        "schema:Offer",
        "Offer"
      ]
    }
  ],
  "providesCuisineOfType": [
    {
      "@id": "kb:MediterraneanCuisine",
      "@type": [
        "CuisineCategory"
      ],
      "rdfs:label": {
        "de": [
          "Mediterrane Küche"
        ],
        "pt": [
          "Cozinha mediterrânica"
        ],
        "en": [
          "Mediterranean cuisine"
        ],
        "it": [
          "Cucina mediterranea"
        ],
        "fr": [
          "Cuisine méditerranéenne"
        ],
        "nl": [
          "Mediterrane keuken"
        ],
        "es": [
          "Cocina mediterránea"
        ]
      }
    }
  ]
}