{
  "@id": "https://data.datatourisme.fr/13/c705a758-ff08-3930-b0c1-7fa87723398a",
  "dc:identifier": "5405133",
  "@type": [
    "schema:Accommodation",
    "schema:FoodEstablishment",
    "schema:Hotel",
    "schema:LodgingBusiness",
    "schema:Restaurant",
    "Accommodation",
    "FoodEstablishment",
    "Hotel",
    "HotelRestaurant",
    "HotelTrade",
    "PlaceOfInterest",
    "PointOfInterest",
    "Restaurant"
  ],
  "rdfs:comment": {
    "de": [
      "Ein außergewöhnliches Hotel mit Blick auf die Bucht und die Zitadelle von Calvi auf Korsika. Ihr Aufenthalt in der Balagne in einem Hotel, das Charakter und Modernität vereint."
    ],
    "en": [
      "Exceptional hotel overlooking the bay and the citadel of Calvi in Corsica. Your stay in Balagne in an establishment combining character and modernity."
    ],
    "it": [
      "Hotel eccezionale che domina la baia e la cittadella di Calvi in Corsica. Il vostro soggiorno in Balagne in uno stabilimento che combina carattere e modernità."
    ],
    "fr": [
      "Hôtel d'exception dominant la baie et la citadelle de Calvi en Corse. Votre séjour en Balagne dans un établissement alliant caractère et modernité."
    ],
    "nl": [
      "Uitzonderlijk hotel met uitzicht op de baai en de citadel van Calvi op Corsica. Uw verblijf in Balagne in een etablissement dat karakter en moderniteit combineert."
    ],
    "es": [
      "Excepcional hotel con vistas a la bahía y a la ciudadela de Calvi en Córcega. Su estancia en Balagne en un establecimiento que combina carácter y modernidad."
    ]
  },
  "rdfs:label": {
    "fr": [
      "La Villa Calvi"
    ]
  },
  "hasBeenCreatedBy": {
    "@id": "https://data.datatourisme.fr/13/e4873aa9-a05c-35ed-8395-61d121516766",
    "dc:identifier": "1646",
    "schema:email": [
      "info@balagne-corsica.com"
    ],
    "schema:legalName": "Office de Tourisme Intercommunal Calvi - Balagne",
    "@type": [
      "schema:Organization",
      "foaf:Agent",
      "Agent"
    ],
    "foaf:homepage": [
      "https://www.balagne-corsica.com/"
    ]
  },
  "hasBeenPublishedBy": [
    {
      "@id": "https://data.datatourisme.fr/8a9feb4b-2cbd-3d2c-b507-bd6c6776b23b",
      "schema:legalName": "Apidae Tourisme Scic SA - source : Apidae Tourisme",
      "@type": [
        "schema:Organization",
        "foaf:Agent",
        "Agent"
      ],
      "foaf:homepage": [
        "https://www.apidae-tourisme.com/"
      ]
    }
  ],
  "hasContact": [
    {
      "@id": "https://data.datatourisme.fr/a3f71974-4421-3d93-9329-1aa3627b101d",
      "schema:email": [
        "reservation@lavilla.fr"
      ],
      "schema:telephone": [
        "+33 4 95 65 10 10",
        "+33 4 95 65 83 54",
        "+33 4 95 65 83 60"
      ],
      "@type": [
        "foaf:Agent",
        "Agent"
      ],
      "foaf:homepage": [
        "https://www.lavilla.fr/"
      ]
    }
  ],
  "hasDescription": [
    {
      "@id": "https://data.datatourisme.fr/a1292388-541f-33c7-9108-cb3e155a748f",
      "@type": [
        "Description"
      ],
      "hasTranslatedProperty": [
        {
          "@id": "https://data.datatourisme.fr/1fce2d1d-8f8b-3ba3-a217-266e13e6a9ef",
          "dc:contributor": [
            "https://api.deepl.com/v2/translate"
          ],
          "rdf:language": [
            "de"
          ],
          "rdf:predicate": [
            "shortDescription"
          ]
        },
        {
          "@id": "https://data.datatourisme.fr/3fe87d67-ab99-3740-854f-c1c8b1aede12",
          "dc:contributor": [
            "https://api.deepl.com/v2/translate"
          ],
          "rdf:language": [
            "nl"
          ],
          "rdf:predicate": [
            "shortDescription"
          ]
        },
        {
          "@id": "https://data.datatourisme.fr/91b86f74-3f95-30d1-99b3-24a6a549751a",
          "dc:contributor": [
            "https://api.deepl.com/v2/translate"
          ],
          "rdf:language": [
            "es"
          ],
          "rdf:predicate": [
            "shortDescription"
          ]
        }
      ],
      "shortDescription": {
        "de": [
          "Ein außergewöhnliches Hotel mit Blick auf die Bucht und die Zitadelle von Calvi auf Korsika. Ihr Aufenthalt in der Balagne in einem Hotel, das Charakter und Modernität vereint."
        ],
        "en": [
          "Exceptional hotel overlooking the bay and the citadel of Calvi in Corsica. Your stay in Balagne in an establishment combining character and modernity."
        ],
        "it": [
          "Hotel eccezionale che domina la baia e la cittadella di Calvi in Corsica. Il vostro soggiorno in Balagne in uno stabilimento che combina carattere e modernità."
        ],
        "fr": [
          "Hôtel d'exception dominant la baie et la citadelle de Calvi en Corse. Votre séjour en Balagne dans un établissement alliant caractère et modernité."
        ],
        "nl": [
          "Uitzonderlijk hotel met uitzicht op de baai en de citadel van Calvi op Corsica. Uw verblijf in Balagne in een etablissement dat karakter en moderniteit combineert."
        ],
        "es": [
          "Excepcional hotel con vistas a la bahía y a la ciudadela de Calvi en Córcega. Su estancia en Balagne en un establecimiento que combina carácter y modernidad."
        ]
      }
    }
  ],
  "hasTranslatedProperty": [
    {
      "@id": "https://data.datatourisme.fr/01727315-0c8c-323d-bbee-0ffeb306ec23",
      "dc:contributor": [
        "https://api.deepl.com/v2/translate"
      ],
      "rdf:language": [
        "nl"
      ],
      "rdf:predicate": [
        {
          "@id": "rdfs:comment"
        }
      ]
    },
    {
      "@id": "https://data.datatourisme.fr/1a51c0a5-d41d-37ad-996f-b398893e715c",
      "dc:contributor": [
        "https://api.deepl.com/v2/translate"
      ],
      "rdf:language": [
        "es"
      ],
      "rdf:predicate": [
        {
          "@id": "rdfs:comment"
        }
      ]
    },
    {
      "@id": "https://data.datatourisme.fr/a9650b7a-41ce-3a4c-bd11-bfdb00c423a4",
      "dc:contributor": [
        "https://api.deepl.com/v2/translate"
      ],
      "rdf:language": [
        "de"
      ],
      "rdf:predicate": [
        {
          "@id": "rdfs:comment"
        }
      ]
    }
  ],
  "isLocatedAt": [
    {
      "@id": "https://data.datatourisme.fr/26689f7a-b389-376a-820e-e466e23ba055",
      "schema:address": [
        {
          "@id": "https://data.datatourisme.fr/f5280544-7aad-33a5-a0ed-9dcd20ad49d4",
          "schema:addressLocality": "Calvi",
          "schema:postalCode": "20260",
          "schema:streetAddress": [
            "Chemin Notre Dame de la Serra"
          ],
          "@type": [
            "schema:PostalAddress",
            "PostalAddress"
          ],
          "hasAddressCity": {
            "@id": "kb:2B050",
            "@type": [
              "City"
            ],
            "rdfs:label": {
              "en": [
                "Calvi"
              ],
              "fr": [
                "Calvi"
              ]
            },
            "insee": "2B050",
            "isPartOfDepartment": {
              "@id": "kb:France942B",
              "@type": [
                "Department"
              ],
              "rdfs:label": {
                "en": [
                  "Haute-Corse"
                ],
                "fr": [
                  "Haute-Corse"
                ]
              },
              "insee": "2B",
              "isPartOfRegion": {
                "@id": "kb:France94",
                "@type": [
                  "Region"
                ],
                "rdfs:label": {
                  "en": [
                    "Corse"
                  ],
                  "fr": [
                    "Corse"
                  ]
                },
                "insee": "94",
                "isPartOfCountry": {
                  "@id": "kb:France",
                  "@type": [
                    "schema:Country"
                  ],
                  "rdfs:label": {
                    "de": [
                      "Frankreich"
                    ],
                    "pt": [
                      "França"
                    ],
                    "en": [
                      "France"
                    ],
                    "it": [
                      "Francia"
                    ],
                    "fr": [
                      "France"
                    ],
                    "nl": [
                      "Frankrijk"
                    ],
                    "es": [
                      "Francia"
                    ]
                  }
                }
              }
            }
          }
        }
      ],
      "schema:geo": {
        "@id": "https://data.datatourisme.fr/9465d81b-c80c-3e32-a2c1-361dcb5fc68e",
        "schema:latitude": "42.555582",
        "schema:longitude": "8.745255",
        "@type": [
          "schema:GeoCoordinates"
        ]
      },
      "schema:openingHoursSpecification": [
        {
          "@id": "https://data.datatourisme.fr/543af490-2654-3da2-a426-8183bc99c16b",
          "schema:validFrom": "2023-05-10T00:00:00",
          "schema:validThrough": "2023-10-31T23:59:59",
          "@type": [
            "schema:OpeningHoursSpecification"
          ],
          "additionalInformation": {
            "de": [
              "Zeitraum zur Orientierung - genaue Daten werden noch bestätigt"
            ],
            "en": [
              "Indicative period - Specific dates to be confirmed"
            ],
            "it": [
              "Periodo indicativo - date precise da confermare"
            ],
            "fr": [
              "Période à titre indicatif - Dates précises à confirmer"
            ],
            "es": [
              "Periodo indicativo - fechas precisas por confirmar"
            ],
            "nl": [
              "Indicatieve periode - precieze data nog te bevestigen"
            ]
          },
          "hasTranslatedProperty": [
            {
              "@id": "https://data.datatourisme.fr/10d4d7f0-11e3-380b-97a0-672c6582a163",
              "dc:contributor": [
                "https://api.deepl.com/v2/translate"
              ],
              "rdf:language": [
                "nl"
              ],
              "rdf:predicate": [
                "additionalInformation"
              ]
            },
            {
              "@id": "https://data.datatourisme.fr/13d09d72-7a22-3d58-ae0f-93e5997eb356",
              "dc:contributor": [
                "https://api.deepl.com/v2/translate"
              ],
              "rdf:language": [
                "de"
              ],
              "rdf:predicate": [
                "additionalInformation"
              ]
            },
            {
              "@id": "https://data.datatourisme.fr/2d9b9d70-8c50-3ec6-a55a-bd64789c144a",
              "dc:contributor": [
                "https://api.deepl.com/v2/translate"
              ],
              "rdf:language": [
                "en"
              ],
              "rdf:predicate": [
                "additionalInformation"
              ]
            },
            {
              "@id": "https://data.datatourisme.fr/957f1671-fa07-3e7b-8a2b-88330b429ac2",
              "dc:contributor": [
                "https://api.deepl.com/v2/translate"
              ],
              "rdf:language": [
                "it"
              ],
              "rdf:predicate": [
                "additionalInformation"
              ]
            },
            {
              "@id": "https://data.datatourisme.fr/b76cf1b5-d29e-32e0-9d43-be175f22998a",
              "dc:contributor": [
                "https://api.deepl.com/v2/translate"
              ],
              "rdf:language": [
                "es"
              ],
              "rdf:predicate": [
                "additionalInformation"
              ]
            }
          ]
        }
      ],
      "@type": [
        "schema:Place",
        "Place"
      ]
    }
  ],
  "isOwnedBy": [
    {
      "@id": "https://data.datatourisme.fr/194c52e6-bbae-33dc-8464-caca97844fbb",
      "schema:email": [
        "info@balagne-corsica.com"
      ],
      "schema:legalName": "Office de Tourisme Intercommunal Calvi - Balagne",
      "@type": [
        "schema:Organization",
        "foaf:Agent",
        "Agent"
      ],
      "foaf:homepage": [
        "https://www.balagne-corsica.com/"
      ]
    }
  ],
  "lastUpdate": "2023-03-21",
  "lastUpdateDatatourisme": "2023-04-04T05:52:39.384Z",
  "offers": [
    {
      "@id": "https://data.datatourisme.fr/f55dfb6d-15de-3f81-9404-b96f1fc85927",
      "schema:priceSpecification": [
        {
          "@id": "https://data.datatourisme.fr/a26d85d4-5f5d-3311-8dd0-7056150ea1bd",
          "schema:maxPrice": [
            "2"
          ],
          "schema:minPrice": [
            "2",
            "400",
            "600"
          ],
          "schema:priceCurrency": "EUR",
          "@type": [
            "schema:PriceSpecification",
            "PriceSpecification"
          ],
          "appliesOnPeriod": [
            {
              "@id": "https://data.datatourisme.fr/42006c6b-f735-3239-a913-e4f3c16fc514",
              "@type": [
                "Period"
              ],
              "endDate": "2023-10-31",
              "startDate": "2023-05-10"
            }
          ]
        }
      ],
      "@type": [
        "schema:Offer",
        "Offer"
      ]
    }
  ]
}