{
  "@id": "https://data.datatourisme.fr/13/c653e169-8dc8-30f9-9003-3c4d16077d50",
  "dc:identifier": "5009367",
  "@type": [
    "schema:FoodEstablishment",
    "FoodEstablishment",
    "PlaceOfInterest",
    "PointOfInterest"
  ],
  "rdfs:comment": {
    "de": [
      "Dieses Restaurant in Calvi in der Balagne bietet Ihnen traditionelle korsische Küche, Pierrades, Grillspezialitäten und \"önologische Mahlzeiten\". Die Atmosphäre ist so herzlich wie die Gerichte, man fühlt sich wie zu Hause."
    ],
    "en": [
      "This restaurant in Calvi in ​​Balagnea offers traditional Corsican cuisine, grills and \"oenological meals\". The atmosphere is as warm as its dishes; it feels \"like at home\"."
    ],
    "it": [
      "Questo ristorante di Calvi, nella regione della Balagne, propone una cucina tradizionale corsa, pierrades, grigliate e \"pasti enologici\". L'atmosfera è calda come i suoi piatti; ci si sente \"a casa\"."
    ],
    "fr": [
      "Ce restaurant de Calvi en Balagne vous propose une cuisine traditionnelle corse, des pierrades, des grillades et des \"repas oenologiques\". L'ambiance est aussi chaleureuse que ses plats; on s'y sent \"comme à la maison\"."
    ],
    "es": [
      "Este restaurante de Calvi, en la región de la Balagne, ofrece cocina tradicional corsa, pierrades, parrilladas y \"comidas enológicas\". El ambiente es tan cálido como sus platos; te sientes \"como en casa\"."
    ],
    "nl": [
      "Dit restaurant in Calvi in de regio Balagne biedt traditionele Corsicaanse gerechten, pierrades, grillgerechten en \"oenologische maaltijden\". De sfeer is even warm als de gerechten; je voelt je er \"thuis\"."
    ]
  },
  "rdfs:label": {
    "fr": [
      "Le Clos des Sens"
    ]
  },
  "hasBeenCreatedBy": {
    "@id": "https://data.datatourisme.fr/13/e4873aa9-a05c-35ed-8395-61d121516766",
    "dc:identifier": "1646",
    "schema:email": [
      "info@balagne-corsica.com"
    ],
    "schema:legalName": "Office de Tourisme Intercommunal Calvi - Balagne",
    "@type": [
      "schema:Organization",
      "foaf:Agent",
      "Agent"
    ],
    "foaf:homepage": [
      "https://www.balagne-corsica.com/"
    ]
  },
  "hasBeenPublishedBy": [
    {
      "@id": "https://data.datatourisme.fr/8a9feb4b-2cbd-3d2c-b507-bd6c6776b23b",
      "schema:legalName": "Apidae Tourisme Scic SA - source : Apidae Tourisme",
      "@type": [
        "schema:Organization",
        "foaf:Agent",
        "Agent"
      ],
      "foaf:homepage": [
        "https://www.apidae-tourisme.com/"
      ]
    }
  ],
  "hasContact": [
    {
      "@id": "https://data.datatourisme.fr/73047a0b-59dd-3d37-bc7f-7c49cd797bf3",
      "schema:email": [
        "leclosdessens20260@gmail.com"
      ],
      "schema:telephone": [
        "+33 4 95 30 70 56"
      ],
      "@type": [
        "foaf:Agent",
        "Agent"
      ]
    }
  ],
  "hasDescription": [
    {
      "@id": "https://data.datatourisme.fr/6256eb6d-2a5b-352f-a7fa-bcedc9870401",
      "@type": [
        "Description"
      ],
      "hasTranslatedProperty": [
        {
          "@id": "https://data.datatourisme.fr/573b342b-82c7-3071-96f1-90e5985625f1",
          "dc:contributor": [
            "https://api.deepl.com/v2/translate"
          ],
          "rdf:language": [
            "es"
          ],
          "rdf:predicate": [
            "shortDescription"
          ]
        },
        {
          "@id": "https://data.datatourisme.fr/7e1290a9-1286-3d18-8bf4-162cedda8320",
          "dc:contributor": [
            "https://api.deepl.com/v2/translate"
          ],
          "rdf:language": [
            "de"
          ],
          "rdf:predicate": [
            "shortDescription"
          ]
        },
        {
          "@id": "https://data.datatourisme.fr/9508d585-8dc2-3af5-b87c-016953940571",
          "dc:contributor": [
            "https://api.deepl.com/v2/translate"
          ],
          "rdf:language": [
            "nl"
          ],
          "rdf:predicate": [
            "shortDescription"
          ]
        }
      ],
      "shortDescription": {
        "de": [
          "Dieses Restaurant in Calvi in der Balagne bietet Ihnen traditionelle korsische Küche, Pierrades, Grillspezialitäten und \"önologische Mahlzeiten\". Die Atmosphäre ist so herzlich wie die Gerichte, man fühlt sich wie zu Hause."
        ],
        "en": [
          "This restaurant in Calvi in ​​Balagnea offers traditional Corsican cuisine, grills and \"oenological meals\". The atmosphere is as warm as its dishes; it feels \"like at home\"."
        ],
        "it": [
          "Questo ristorante di Calvi, nella regione della Balagne, propone una cucina tradizionale corsa, pierrades, grigliate e \"pasti enologici\". L'atmosfera è calda come i suoi piatti; ci si sente \"a casa\"."
        ],
        "fr": [
          "Ce restaurant de Calvi en Balagne vous propose une cuisine traditionnelle corse, des pierrades, des grillades et des \"repas oenologiques\". L'ambiance est aussi chaleureuse que ses plats; on s'y sent \"comme à la maison\"."
        ],
        "es": [
          "Este restaurante de Calvi, en la región de la Balagne, ofrece cocina tradicional corsa, pierrades, parrilladas y \"comidas enológicas\". El ambiente es tan cálido como sus platos; te sientes \"como en casa\"."
        ],
        "nl": [
          "Dit restaurant in Calvi in de regio Balagne biedt traditionele Corsicaanse gerechten, pierrades, grillgerechten en \"oenologische maaltijden\". De sfeer is even warm als de gerechten; je voelt je er \"thuis\"."
        ]
      }
    }
  ],
  "hasTranslatedProperty": [
    {
      "@id": "https://data.datatourisme.fr/2a7b4fc3-ece7-338a-aa6a-431d5c7374d8",
      "dc:contributor": [
        "https://api.deepl.com/v2/translate"
      ],
      "rdf:language": [
        "de"
      ],
      "rdf:predicate": [
        {
          "@id": "rdfs:comment"
        }
      ]
    },
    {
      "@id": "https://data.datatourisme.fr/5c85c898-2405-3b47-b467-b32c4d168c9b",
      "dc:contributor": [
        "https://api.deepl.com/v2/translate"
      ],
      "rdf:language": [
        "es"
      ],
      "rdf:predicate": [
        {
          "@id": "rdfs:comment"
        }
      ]
    },
    {
      "@id": "https://data.datatourisme.fr/b9f03872-4547-336a-a08f-04a78f218b67",
      "dc:contributor": [
        "https://api.deepl.com/v2/translate"
      ],
      "rdf:language": [
        "nl"
      ],
      "rdf:predicate": [
        {
          "@id": "rdfs:comment"
        }
      ]
    }
  ],
  "isLocatedAt": [
    {
      "@id": "https://data.datatourisme.fr/3cbd4f3d-2f2f-3500-aebf-0c4d759a40f6",
      "schema:address": [
        {
          "@id": "https://data.datatourisme.fr/556f24b7-adda-311e-8ea5-2e314309bdeb",
          "schema:addressLocality": "Calvi",
          "schema:postalCode": "20260",
          "schema:streetAddress": [
            "Rond point de l'aéroport"
          ],
          "@type": [
            "schema:PostalAddress",
            "PostalAddress"
          ],
          "hasAddressCity": {
            "@id": "kb:2B050",
            "@type": [
              "City"
            ],
            "rdfs:label": {
              "en": [
                "Calvi"
              ],
              "fr": [
                "Calvi"
              ]
            },
            "insee": "2B050",
            "isPartOfDepartment": {
              "@id": "kb:France942B",
              "@type": [
                "Department"
              ],
              "rdfs:label": {
                "en": [
                  "Haute-Corse"
                ],
                "fr": [
                  "Haute-Corse"
                ]
              },
              "insee": "2B",
              "isPartOfRegion": {
                "@id": "kb:France94",
                "@type": [
                  "Region"
                ],
                "rdfs:label": {
                  "en": [
                    "Corse"
                  ],
                  "fr": [
                    "Corse"
                  ]
                },
                "insee": "94",
                "isPartOfCountry": {
                  "@id": "kb:France",
                  "@type": [
                    "schema:Country"
                  ],
                  "rdfs:label": {
                    "de": [
                      "Frankreich"
                    ],
                    "pt": [
                      "França"
                    ],
                    "en": [
                      "France"
                    ],
                    "it": [
                      "Francia"
                    ],
                    "fr": [
                      "France"
                    ],
                    "nl": [
                      "Frankrijk"
                    ],
                    "es": [
                      "Francia"
                    ]
                  }
                }
              }
            }
          }
        }
      ],
      "schema:geo": {
        "@id": "https://data.datatourisme.fr/276a0285-67a3-3b7f-87ff-2e447b7a5360",
        "schema:latitude": "42.549402",
        "schema:longitude": "8.782809",
        "@type": [
          "schema:GeoCoordinates"
        ]
      },
      "schema:openingHoursSpecification": [
        {
          "@id": "https://data.datatourisme.fr/b4502f53-a017-366c-8a0a-21a289ef4bc6",
          "schema:validFrom": "2023-01-01T00:00:00",
          "schema:validThrough": "2023-12-31T23:59:59",
          "@type": [
            "schema:OpeningHoursSpecification"
          ],
          "additionalInformation": {
            "de": [
              "Von April bis November: mittags und abends (1,5 Tage Schließung pro Woche außer Juli und August).\r\n\r\nVon November bis März: jeden Mittag und donnerstags, freitags und samstags abends geöffnet"
            ],
            "en": [
              "From April to November: noon and evening (1.5 days of weekly closure except July and August).\r\n\r\nFrom November to March: open every day for lunch and on Thursday, Friday and Saturday evenings"
            ],
            "it": [
              "Da aprile a novembre: pranzo e cena (1,5 giorni alla settimana di chiusura, tranne in luglio e agosto).\r\n\r\nDa novembre a marzo: aperto a pranzo e il giovedì, venerdì e sabato sera"
            ],
            "fr": [
              "D'avril à Novembre : midi et soir (1,5 jour de fermeture hebdomadaire hors juillet et août).\r\n\r\nDe novembre à Mars : ouvert tous les midis et les jeudis, vendredis et samedis soir"
            ],
            "nl": [
              "Van april tot november: lunch en diner (1,5 dag per week gesloten, behalve in juli en augustus).\r\n\r\nVan november tot maart: elke middag en op donderdag-, vrijdag- en zaterdagavond geopend"
            ],
            "es": [
              "De abril a noviembre: almuerzo y cena (1,5 días a la semana cerrado, excepto en julio y agosto).\r\n\r\nDe noviembre a marzo: abierto todos los mediodías y los jueves, viernes y sábados por la noche"
            ]
          },
          "hasTranslatedProperty": [
            {
              "@id": "https://data.datatourisme.fr/373932d9-2834-33ea-a760-b714e6a30604",
              "dc:contributor": [
                "https://api.deepl.com/v2/translate"
              ],
              "rdf:language": [
                "nl"
              ],
              "rdf:predicate": [
                "additionalInformation"
              ]
            },
            {
              "@id": "https://data.datatourisme.fr/5a631aca-ba7d-3cb9-bf0f-ee9f1f9e61f8",
              "dc:contributor": [
                "https://api.deepl.com/v2/translate"
              ],
              "rdf:language": [
                "en"
              ],
              "rdf:predicate": [
                "additionalInformation"
              ]
            },
            {
              "@id": "https://data.datatourisme.fr/99797a31-aece-3db9-846e-adf49b9b9b0e",
              "dc:contributor": [
                "https://api.deepl.com/v2/translate"
              ],
              "rdf:language": [
                "it"
              ],
              "rdf:predicate": [
                "additionalInformation"
              ]
            },
            {
              "@id": "https://data.datatourisme.fr/c3e92a14-2519-35e8-8af1-e8a786624b63",
              "dc:contributor": [
                "https://api.deepl.com/v2/translate"
              ],
              "rdf:language": [
                "de"
              ],
              "rdf:predicate": [
                "additionalInformation"
              ]
            },
            {
              "@id": "https://data.datatourisme.fr/f1ad86b3-af01-31c4-bad5-76bc904d0579",
              "dc:contributor": [
                "https://api.deepl.com/v2/translate"
              ],
              "rdf:language": [
                "es"
              ],
              "rdf:predicate": [
                "additionalInformation"
              ]
            }
          ]
        }
      ],
      "@type": [
        "schema:Place",
        "Place"
      ]
    }
  ],
  "isOwnedBy": [
    {
      "@id": "https://data.datatourisme.fr/194c52e6-bbae-33dc-8464-caca97844fbb",
      "schema:email": [
        "info@balagne-corsica.com"
      ],
      "schema:legalName": "Office de Tourisme Intercommunal Calvi - Balagne",
      "@type": [
        "schema:Organization",
        "foaf:Agent",
        "Agent"
      ],
      "foaf:homepage": [
        "https://www.balagne-corsica.com/"
      ]
    }
  ],
  "lastUpdate": "2022-05-03",
  "lastUpdateDatatourisme": "2023-04-04T05:52:39.294Z",
  "offers": [
    {
      "@id": "https://data.datatourisme.fr/397b96b2-1181-3a29-9c09-447f0254bb1f",
      "schema:priceSpecification": [
        {
          "@id": "https://data.datatourisme.fr/59489d85-497b-3e22-9a88-960360b87bde",
          "schema:minPrice": [
            "13",
            "18"
          ],
          "schema:priceCurrency": "EUR",
          "@type": [
            "schema:PriceSpecification",
            "PriceSpecification"
          ],
          "appliesOnPeriod": [
            {
              "@id": "https://data.datatourisme.fr/0663ca4b-3470-3171-9053-39aa704e8f56",
              "@type": [
                "Period"
              ],
              "endDate": "2022-12-31",
              "startDate": "2022-01-01"
            }
          ]
        }
      ],
      "@type": [
        "schema:Offer",
        "Offer"
      ]
    }
  ]
}