{
  "@id": "https://data.datatourisme.fr/13/80a4f1da-30df-3d12-bf37-4b0b4716465f",
  "dc:identifier": "5893652",
  "@type": [
    "schema:FoodEstablishment",
    "FoodEstablishment",
    "PlaceOfInterest",
    "PointOfInterest"
  ],
  "rdfs:comment": {
    "de": [
      "Pizzas im Schnitt \"al taglio\" wie in Rom, die pro Stück und am Blech (12 Stück) verkauft werden, die Beläge sind vielfältig. Vegane und vegetarische Optionen. Auf der Zuckerseite gibt es einen Klassiker, das Tiramisù, das Original mit Kaffee, sowie ausgefallenere Versionen!"
    ],
    "en": [
      "Pizzas by the slice \"al taglio\" as in Rome, sold by the slice and by the plate (12 slices), toppings are varied. Vegan and vegetarian options. Sugar side, a classic, the Tiramisù, the original with coffee, as well as more original versions!"
    ],
    "it": [
      "Pizze al taglio come a Roma, vendute al taglio e al piatto (12 fette), con una varietà di condimenti. Opzioni vegane e vegetariane. Sul fronte dei dolci, un classico, il Tiramisù, l'originale al caffè, oltre a versioni più originali!"
    ],
    "fr": [
      "Pizzas à la coupe \"al taglio\" comme à Rome, vendues à la part et à la plaque (12 parts), les garnitures sont variées. Options vegan et végétariennes. Côté sucre, un classique, le Tiramisù, l'original au café, ainsi que des versions plus originales !"
    ],
    "es": [
      "Pizzas por porción \"al taglio\" como en Roma, se venden por porción y por plato (12 porciones), los ingredientes son variados. Opciones veganas y vegetarianas. En el lado dulce, un clásico, el Tiramisù, el original con café, ¡así como más versiones originales!"
    ],
    "nl": [
      "Pizza's per plak \"al taglio\" zoals in Rome, verkocht per plak en per bord (12 plakken), met verschillende soorten beleg. Veganistische en vegetarische opties. Aan de zoete kant een klassieker, de Tiramisù, het origineel met koffie, maar ook meer originele versies!"
    ]
  },
  "rdfs:label": {
    "fr": [
      "Basilic"
    ]
  },
  "hasBeenCreatedBy": {
    "@id": "https://data.datatourisme.fr/13/84c6494d-3085-3c63-a55c-db8cb047fadd",
    "dc:identifier": "1738",
    "schema:email": [
      "camillef.omt@gmail.com",
      "direction@destination-sudcorse.com",
      "gestion@destination-sudcorse.com",
      "promotion@destination-sudcorse.com",
      "webmaster@destination-sudcorse.com"
    ],
    "schema:legalName": "Porto Vecchio Tourisme",
    "@type": [
      "schema:Organization",
      "foaf:Agent",
      "Agent"
    ],
    "foaf:homepage": [
      "http://www.ot-portovecchio.com/"
    ]
  },
  "hasBeenPublishedBy": [
    {
      "@id": "https://data.datatourisme.fr/8a9feb4b-2cbd-3d2c-b507-bd6c6776b23b",
      "schema:legalName": "Apidae Tourisme Scic SA - source : Apidae Tourisme",
      "@type": [
        "schema:Organization",
        "foaf:Agent",
        "Agent"
      ],
      "foaf:homepage": [
        "https://www.apidae-tourisme.com/"
      ]
    }
  ],
  "hasContact": [
    {
      "@id": "https://data.datatourisme.fr/7b471ba5-4605-3f01-acec-1550721b4e26",
      "schema:email": [
        "basilic@orange.fr"
      ],
      "schema:telephone": [
        "+33 4 95 77 15 56"
      ],
      "@type": [
        "foaf:Agent",
        "Agent"
      ]
    }
  ],
  "hasDescription": [
    {
      "@id": "https://data.datatourisme.fr/0cce90fd-1942-3d92-96ce-68c0bc692ef5",
      "@type": [
        "Description"
      ],
      "hasTranslatedProperty": [
        {
          "@id": "https://data.datatourisme.fr/1eda10dc-e99f-393a-b1d9-5f5a816ada77",
          "dc:contributor": [
            "https://api.deepl.com/v2/translate"
          ],
          "rdf:language": [
            "es"
          ],
          "rdf:predicate": [
            "shortDescription"
          ]
        },
        {
          "@id": "https://data.datatourisme.fr/43a543d2-6c32-359e-8ab8-188750fd14f9",
          "dc:contributor": [
            "https://api.deepl.com/v2/translate"
          ],
          "rdf:language": [
            "en"
          ],
          "rdf:predicate": [
            "shortDescription"
          ]
        },
        {
          "@id": "https://data.datatourisme.fr/64bae9be-3b4b-3a6e-b8be-f4a3ea595720",
          "dc:contributor": [
            "https://api.deepl.com/v2/translate"
          ],
          "rdf:language": [
            "nl"
          ],
          "rdf:predicate": [
            "shortDescription"
          ]
        },
        {
          "@id": "https://data.datatourisme.fr/7f1d3823-6d1c-3ee2-9c7b-874f97b066fc",
          "dc:contributor": [
            "https://api.deepl.com/v2/translate"
          ],
          "rdf:language": [
            "de"
          ],
          "rdf:predicate": [
            "shortDescription"
          ]
        },
        {
          "@id": "https://data.datatourisme.fr/b1d4ef13-482a-36b7-803a-94f82df5b9d2",
          "dc:contributor": [
            "https://api.deepl.com/v2/translate"
          ],
          "rdf:language": [
            "it"
          ],
          "rdf:predicate": [
            "shortDescription"
          ]
        }
      ],
      "shortDescription": {
        "de": [
          "Pizzas im Schnitt \"al taglio\" wie in Rom, die pro Stück und am Blech (12 Stück) verkauft werden, die Beläge sind vielfältig. Vegane und vegetarische Optionen. Auf der Zuckerseite gibt es einen Klassiker, das Tiramisù, das Original mit Kaffee, sowie ausgefallenere Versionen!"
        ],
        "en": [
          "Pizzas by the slice \"al taglio\" as in Rome, sold by the slice and by the plate (12 slices), toppings are varied. Vegan and vegetarian options. Sugar side, a classic, the Tiramisù, the original with coffee, as well as more original versions!"
        ],
        "it": [
          "Pizze al taglio come a Roma, vendute al taglio e al piatto (12 fette), con una varietà di condimenti. Opzioni vegane e vegetariane. Sul fronte dei dolci, un classico, il Tiramisù, l'originale al caffè, oltre a versioni più originali!"
        ],
        "fr": [
          "Pizzas à la coupe \"al taglio\" comme à Rome, vendues à la part et à la plaque (12 parts), les garnitures sont variées. Options vegan et végétariennes. Côté sucre, un classique, le Tiramisù, l'original au café, ainsi que des versions plus originales !"
        ],
        "es": [
          "Pizzas por porción \"al taglio\" como en Roma, se venden por porción y por plato (12 porciones), los ingredientes son variados. Opciones veganas y vegetarianas. En el lado dulce, un clásico, el Tiramisù, el original con café, ¡así como más versiones originales!"
        ],
        "nl": [
          "Pizza's per plak \"al taglio\" zoals in Rome, verkocht per plak en per bord (12 plakken), met verschillende soorten beleg. Veganistische en vegetarische opties. Aan de zoete kant een klassieker, de Tiramisù, het origineel met koffie, maar ook meer originele versies!"
        ]
      }
    }
  ],
  "hasTheme": [
    {
      "@id": "kb:MediterraneanCuisine",
      "@type": [
        "CuisineCategory"
      ],
      "rdfs:label": {
        "de": [
          "Mediterrane Küche"
        ],
        "pt": [
          "Cozinha mediterrânica"
        ],
        "en": [
          "Mediterranean cuisine"
        ],
        "it": [
          "Cucina mediterranea"
        ],
        "fr": [
          "Cuisine méditerranéenne"
        ],
        "nl": [
          "Mediterrane keuken"
        ],
        "es": [
          "Cocina mediterránea"
        ]
      }
    }
  ],
  "hasTranslatedProperty": [
    {
      "@id": "https://data.datatourisme.fr/0ba6e6a6-5198-3bd5-8b15-f6b0f3612a28",
      "dc:contributor": [
        "https://api.deepl.com/v2/translate"
      ],
      "rdf:language": [
        "es"
      ],
      "rdf:predicate": [
        {
          "@id": "rdfs:comment"
        }
      ]
    },
    {
      "@id": "https://data.datatourisme.fr/34c10651-df88-33ef-bf31-76bcd792605a",
      "dc:contributor": [
        "https://api.deepl.com/v2/translate"
      ],
      "rdf:language": [
        "it"
      ],
      "rdf:predicate": [
        {
          "@id": "rdfs:comment"
        }
      ]
    },
    {
      "@id": "https://data.datatourisme.fr/589266f5-39f4-35b2-b4b4-78e8bd7533f5",
      "dc:contributor": [
        "https://api.deepl.com/v2/translate"
      ],
      "rdf:language": [
        "en"
      ],
      "rdf:predicate": [
        {
          "@id": "rdfs:comment"
        }
      ]
    },
    {
      "@id": "https://data.datatourisme.fr/80b8c456-279d-3078-ac0a-29b9bcb4e621",
      "dc:contributor": [
        "https://api.deepl.com/v2/translate"
      ],
      "rdf:language": [
        "nl"
      ],
      "rdf:predicate": [
        {
          "@id": "rdfs:comment"
        }
      ]
    },
    {
      "@id": "https://data.datatourisme.fr/fda433c3-0883-3fec-abbb-a1802930d524",
      "dc:contributor": [
        "https://api.deepl.com/v2/translate"
      ],
      "rdf:language": [
        "de"
      ],
      "rdf:predicate": [
        {
          "@id": "rdfs:comment"
        }
      ]
    }
  ],
  "isLocatedAt": [
    {
      "@id": "https://data.datatourisme.fr/a0d73f76-1b72-3a55-bcc1-28f9e8bc9955",
      "schema:address": [
        {
          "@id": "https://data.datatourisme.fr/a70ac19b-ae91-3e4e-a746-2b2fbbfb6989",
          "schema:addressLocality": "Porto-Vecchio",
          "schema:postalCode": "20137",
          "schema:streetAddress": [
            "2 rue Jean Jaurès"
          ],
          "@type": [
            "schema:PostalAddress",
            "PostalAddress"
          ],
          "hasAddressCity": {
            "@id": "kb:2A247",
            "@type": [
              "City"
            ],
            "rdfs:label": {
              "en": [
                "Porto-Vecchio"
              ],
              "fr": [
                "Porto-Vecchio"
              ]
            },
            "insee": "2A247",
            "isPartOfDepartment": {
              "@id": "kb:France942A",
              "@type": [
                "Department"
              ],
              "rdfs:label": {
                "en": [
                  "Corse-du-Sud"
                ],
                "fr": [
                  "Corse-du-Sud"
                ]
              },
              "insee": "2A",
              "isPartOfRegion": {
                "@id": "kb:France94",
                "@type": [
                  "Region"
                ],
                "rdfs:label": {
                  "en": [
                    "Corse"
                  ],
                  "fr": [
                    "Corse"
                  ]
                },
                "insee": "94",
                "isPartOfCountry": {
                  "@id": "kb:France",
                  "@type": [
                    "schema:Country"
                  ],
                  "rdfs:label": {
                    "de": [
                      "Frankreich"
                    ],
                    "pt": [
                      "França"
                    ],
                    "en": [
                      "France"
                    ],
                    "it": [
                      "Francia"
                    ],
                    "fr": [
                      "France"
                    ],
                    "nl": [
                      "Frankrijk"
                    ],
                    "es": [
                      "Francia"
                    ]
                  }
                }
              }
            }
          }
        }
      ],
      "schema:geo": {
        "@id": "https://data.datatourisme.fr/36d4df5c-0af8-3724-8ba5-7e36343e8151",
        "schema:latitude": "41.59027",
        "schema:longitude": "9.277423",
        "@type": [
          "schema:GeoCoordinates"
        ]
      },
      "schema:openingHoursSpecification": [
        {
          "@id": "https://data.datatourisme.fr/21f93f15-d400-3f30-b314-8524bd5c25f0",
          "schema:closes": "22:00:00",
          "schema:opens": "11:00:00",
          "schema:validFrom": "2023-05-01T00:00:00",
          "schema:validThrough": "2023-10-31T23:59:59",
          "@type": [
            "schema:OpeningHoursSpecification"
          ]
        }
      ],
      "@type": [
        "schema:Place",
        "Place"
      ]
    }
  ],
  "isOwnedBy": [
    {
      "@id": "https://data.datatourisme.fr/f5f950f9-5eec-32b4-a357-2c969ccf4068",
      "schema:email": [
        "camillef.omt@gmail.com",
        "direction@destination-sudcorse.com",
        "gestion@destination-sudcorse.com",
        "promotion@destination-sudcorse.com",
        "webmaster@destination-sudcorse.com"
      ],
      "schema:legalName": "Porto Vecchio Tourisme",
      "@type": [
        "schema:Organization",
        "foaf:Agent",
        "Agent"
      ],
      "foaf:homepage": [
        "http://www.ot-portovecchio.com/"
      ]
    }
  ],
  "lastUpdate": "2023-02-14",
  "lastUpdateDatatourisme": "2023-02-15T06:38:07.085Z",
  "offers": [
    {
      "@id": "https://data.datatourisme.fr/a33214ad-28f2-3c08-bb13-4b6acf72c301",
      "schema:priceSpecification": [
        {
          "@id": "https://data.datatourisme.fr/384f24cd-2969-3da5-b4c5-4e8073be3035",
          "schema:minPrice": [
            "4.5"
          ],
          "schema:priceCurrency": "EUR",
          "@type": [
            "schema:PriceSpecification",
            "PriceSpecification"
          ],
          "appliesOnPeriod": [
            {
              "@id": "https://data.datatourisme.fr/0fb56521-6c16-3e76-afe0-652e585e8d25",
              "@type": [
                "Period"
              ],
              "endDate": "2023-10-31",
              "startDate": "2023-05-01"
            }
          ]
        }
      ],
      "@type": [
        "schema:Offer",
        "Offer"
      ]
    }
  ],
  "providesCuisineOfType": [
    {
      "@id": "kb:MediterraneanCuisine",
      "@type": [
        "CuisineCategory"
      ],
      "rdfs:label": {
        "de": [
          "Mediterrane Küche"
        ],
        "pt": [
          "Cozinha mediterrânica"
        ],
        "en": [
          "Mediterranean cuisine"
        ],
        "it": [
          "Cucina mediterranea"
        ],
        "fr": [
          "Cuisine méditerranéenne"
        ],
        "nl": [
          "Mediterrane keuken"
        ],
        "es": [
          "Cocina mediterránea"
        ]
      }
    }
  ]
}