{
  "@id": "https://data.datatourisme.fr/13/80556698-0dc3-39a6-9243-a6899751e699",
  "dc:identifier": "6305437",
  "@type": [
    "schema:LocalBusiness",
    "PlaceOfInterest",
    "PointOfInterest",
    "Store"
  ],
  "rdfs:comment": {
    "de": [
      "Haben Sie Lust auf ein Mittagessen, ein Abendessen, eine Geburtstagsfeier oder einen Aperitif auf dem Wasser in Korsika? Entscheiden Sie sich für das BBQ Boat, ein führerscheinfreies Boot, das für Ihre Feinschmeckerausflüge in der Balagne vollständig eingerichtet ist!"
    ],
    "en": [
      "A lunch, a dinner, a birthday party or an aperitif on the water in Corsica ? Opt for the BBQ Boat, a fully equipped boat for your gourmet escapades in Balagne!"
    ],
    "it": [
      "Volete fare un pranzo, una cena, una festa di compleanno o un aperitivo sull'acqua in Corsica? Optate per la BBQ Boat, una barca completamente attrezzata per le vostre fughe gastronomiche in Balagne!"
    ],
    "fr": [
      "Un déjeuner, un diner, une fête d'anniversaire ou un apéro sur l'eau en Corse ça vous dit ? Optez pour le BBQ Boat, bateau sans permis entièrement aménagé pour vos escapades gourmandes en Balagne !"
    ],
    "es": [
      "¿Quiere comer, cenar, celebrar un cumpleaños o tomar un aperitivo en el agua en Córcega? Opte por el BBQ Boat, un barco totalmente equipado para sus escapadas gastronómicas en Balagne"
    ],
    "nl": [
      "Wilt u lunchen, dineren, een verjaardagsfeestje of een aperitief op het water in Corsica? Kies voor de BBQ Boot, een volledig uitgeruste boot voor uw gastronomische uitjes in Balagne!"
    ]
  },
  "rdfs:label": {
    "fr": [
      "Corsica BBQ Boat"
    ]
  },
  "hasBeenCreatedBy": {
    "@id": "https://data.datatourisme.fr/13/e4873aa9-a05c-35ed-8395-61d121516766",
    "dc:identifier": "1646",
    "schema:email": [
      "info@balagne-corsica.com"
    ],
    "schema:legalName": "Office de Tourisme Intercommunal Calvi - Balagne",
    "@type": [
      "schema:Organization",
      "foaf:Agent",
      "Agent"
    ],
    "foaf:homepage": [
      "https://www.balagne-corsica.com/"
    ]
  },
  "hasBeenPublishedBy": [
    {
      "@id": "https://data.datatourisme.fr/8a9feb4b-2cbd-3d2c-b507-bd6c6776b23b",
      "schema:legalName": "Apidae Tourisme Scic SA - source : Apidae Tourisme",
      "@type": [
        "schema:Organization",
        "foaf:Agent",
        "Agent"
      ],
      "foaf:homepage": [
        "https://www.apidae-tourisme.com/"
      ]
    }
  ],
  "hasContact": [
    {
      "@id": "https://data.datatourisme.fr/d8097b1d-352a-339a-832f-b9aed17c6244",
      "schema:email": [
        "contact@corsicabbqboat.fr"
      ],
      "schema:telephone": [
        "+33 6 07 63 57 82"
      ],
      "@type": [
        "foaf:Agent",
        "Agent"
      ],
      "foaf:homepage": [
        "https://www.corsica-bbq-boat.fr/"
      ]
    }
  ],
  "hasDescription": [
    {
      "@id": "https://data.datatourisme.fr/11b5dfdf-2ab4-3c04-8203-4b8813d27175",
      "@type": [
        "Description"
      ],
      "hasTranslatedProperty": [
        {
          "@id": "https://data.datatourisme.fr/3bcb9499-17f5-3b34-ba01-1e7513a90cb1",
          "dc:contributor": [
            "https://api.deepl.com/v2/translate"
          ],
          "rdf:language": [
            "de"
          ],
          "rdf:predicate": [
            "shortDescription"
          ]
        },
        {
          "@id": "https://data.datatourisme.fr/a7e58c90-29a8-3319-b17d-32aa323b3938",
          "dc:contributor": [
            "https://api.deepl.com/v2/translate"
          ],
          "rdf:language": [
            "nl"
          ],
          "rdf:predicate": [
            "shortDescription"
          ]
        },
        {
          "@id": "https://data.datatourisme.fr/f1f6a581-1a69-348c-8020-0357b68b21bd",
          "dc:contributor": [
            "https://api.deepl.com/v2/translate"
          ],
          "rdf:language": [
            "es"
          ],
          "rdf:predicate": [
            "shortDescription"
          ]
        }
      ],
      "shortDescription": {
        "de": [
          "Haben Sie Lust auf ein Mittagessen, ein Abendessen, eine Geburtstagsfeier oder einen Aperitif auf dem Wasser in Korsika? Entscheiden Sie sich für das BBQ Boat, ein führerscheinfreies Boot, das für Ihre Feinschmeckerausflüge in der Balagne vollständig eingerichtet ist!"
        ],
        "en": [
          "A lunch, a dinner, a birthday party or an aperitif on the water in Corsica ? Opt for the BBQ Boat, a fully equipped boat for your gourmet escapades in Balagne!"
        ],
        "it": [
          "Volete fare un pranzo, una cena, una festa di compleanno o un aperitivo sull'acqua in Corsica? Optate per la BBQ Boat, una barca completamente attrezzata per le vostre fughe gastronomiche in Balagne!"
        ],
        "fr": [
          "Un déjeuner, un diner, une fête d'anniversaire ou un apéro sur l'eau en Corse ça vous dit ? Optez pour le BBQ Boat, bateau sans permis entièrement aménagé pour vos escapades gourmandes en Balagne !"
        ],
        "es": [
          "¿Quiere comer, cenar, celebrar un cumpleaños o tomar un aperitivo en el agua en Córcega? Opte por el BBQ Boat, un barco totalmente equipado para sus escapadas gastronómicas en Balagne"
        ],
        "nl": [
          "Wilt u lunchen, dineren, een verjaardagsfeestje of een aperitief op het water in Corsica? Kies voor de BBQ Boot, een volledig uitgeruste boot voor uw gastronomische uitjes in Balagne!"
        ]
      }
    }
  ],
  "hasTheme": [
    {
      "@id": "kb:PowerBoating",
      "@type": [
        "SportsTheme"
      ],
      "rdfs:label": {
        "de": [
          "Motorbootfahren"
        ],
        "pt": [
          "Motonáutica"
        ],
        "en": [
          "Power boating"
        ],
        "it": [
          "Motonautica"
        ],
        "fr": [
          "Motonautisme"
        ],
        "nl": [
          "Powerbootracing"
        ],
        "es": [
          "Navegación a motor"
        ]
      }
    }
  ],
  "hasTranslatedProperty": [
    {
      "@id": "https://data.datatourisme.fr/2cf92a70-cf85-3eae-924a-7c4e96867528",
      "dc:contributor": [
        "https://api.deepl.com/v2/translate"
      ],
      "rdf:language": [
        "nl"
      ],
      "rdf:predicate": [
        {
          "@id": "rdfs:comment"
        }
      ]
    },
    {
      "@id": "https://data.datatourisme.fr/50365495-415a-3f8b-bc33-315e2657a80c",
      "dc:contributor": [
        "https://api.deepl.com/v2/translate"
      ],
      "rdf:language": [
        "de"
      ],
      "rdf:predicate": [
        {
          "@id": "rdfs:comment"
        }
      ]
    },
    {
      "@id": "https://data.datatourisme.fr/c3b18bf7-bb5d-31f2-a837-7167d69e84a6",
      "dc:contributor": [
        "https://api.deepl.com/v2/translate"
      ],
      "rdf:language": [
        "es"
      ],
      "rdf:predicate": [
        {
          "@id": "rdfs:comment"
        }
      ]
    }
  ],
  "isLocatedAt": [
    {
      "@id": "https://data.datatourisme.fr/a7918d57-b9a7-351e-b9c4-214c9d7ce15a",
      "schema:address": [
        {
          "@id": "https://data.datatourisme.fr/30b63d0b-bfa2-3ba0-b834-6941b40ecfed",
          "schema:addressLocality": "Algajola",
          "schema:postalCode": "20220",
          "@type": [
            "schema:PostalAddress",
            "PostalAddress"
          ],
          "hasAddressCity": {
            "@id": "kb:2B010",
            "@type": [
              "City"
            ],
            "rdfs:label": {
              "en": [
                "Algajola"
              ],
              "fr": [
                "Algajola"
              ]
            },
            "insee": "2B010",
            "isPartOfDepartment": {
              "@id": "kb:France942B",
              "@type": [
                "Department"
              ],
              "rdfs:label": {
                "en": [
                  "Haute-Corse"
                ],
                "fr": [
                  "Haute-Corse"
                ]
              },
              "insee": "2B",
              "isPartOfRegion": {
                "@id": "kb:France94",
                "@type": [
                  "Region"
                ],
                "rdfs:label": {
                  "en": [
                    "Corse"
                  ],
                  "fr": [
                    "Corse"
                  ]
                },
                "insee": "94",
                "isPartOfCountry": {
                  "@id": "kb:France",
                  "@type": [
                    "schema:Country"
                  ],
                  "rdfs:label": {
                    "de": [
                      "Frankreich"
                    ],
                    "pt": [
                      "França"
                    ],
                    "en": [
                      "France"
                    ],
                    "it": [
                      "Francia"
                    ],
                    "fr": [
                      "France"
                    ],
                    "nl": [
                      "Frankrijk"
                    ],
                    "es": [
                      "Francia"
                    ]
                  }
                }
              }
            }
          }
        }
      ],
      "schema:geo": {
        "@id": "https://data.datatourisme.fr/7404c26d-1fa3-37fb-8ab1-210d07ca6cf1",
        "schema:latitude": "42.610487",
        "schema:longitude": "8.855123",
        "@type": [
          "schema:GeoCoordinates"
        ]
      },
      "schema:openingHoursSpecification": [
        {
          "@id": "https://data.datatourisme.fr/436803ff-96ad-35ff-a385-39978bfb23e9",
          "schema:validFrom": "2023-04-15T00:00:00",
          "schema:validThrough": "2023-10-15T23:59:59",
          "@type": [
            "schema:OpeningHoursSpecification"
          ],
          "additionalInformation": {
            "de": [
              "Zeitraum als Richtwert"
            ],
            "en": [
              "Indicative period"
            ],
            "it": [
              "Periodo indicativo"
            ],
            "fr": [
              "Période à titre indicatif"
            ],
            "es": [
              "Período indicativo"
            ],
            "nl": [
              "Indicatieve periode"
            ]
          },
          "hasTranslatedProperty": [
            {
              "@id": "https://data.datatourisme.fr/4f93ff98-7c63-3820-88bd-5097e886dda8",
              "dc:contributor": [
                "https://api.deepl.com/v2/translate"
              ],
              "rdf:language": [
                "en"
              ],
              "rdf:predicate": [
                "additionalInformation"
              ]
            },
            {
              "@id": "https://data.datatourisme.fr/4fa95bbe-11fb-3580-838b-eb52dcc7b25c",
              "dc:contributor": [
                "https://api.deepl.com/v2/translate"
              ],
              "rdf:language": [
                "de"
              ],
              "rdf:predicate": [
                "additionalInformation"
              ]
            },
            {
              "@id": "https://data.datatourisme.fr/99e82661-f051-3833-aae5-ceb4f3defc55",
              "dc:contributor": [
                "https://api.deepl.com/v2/translate"
              ],
              "rdf:language": [
                "es"
              ],
              "rdf:predicate": [
                "additionalInformation"
              ]
            },
            {
              "@id": "https://data.datatourisme.fr/c684fb1b-4dcf-333e-91e4-cdbae157bacf",
              "dc:contributor": [
                "https://api.deepl.com/v2/translate"
              ],
              "rdf:language": [
                "it"
              ],
              "rdf:predicate": [
                "additionalInformation"
              ]
            },
            {
              "@id": "https://data.datatourisme.fr/cb82ee1a-4f32-3c0d-a86e-451355e60c51",
              "dc:contributor": [
                "https://api.deepl.com/v2/translate"
              ],
              "rdf:language": [
                "nl"
              ],
              "rdf:predicate": [
                "additionalInformation"
              ]
            }
          ]
        }
      ],
      "@type": [
        "schema:Place",
        "Place"
      ]
    }
  ],
  "isOwnedBy": [
    {
      "@id": "https://data.datatourisme.fr/194c52e6-bbae-33dc-8464-caca97844fbb",
      "schema:email": [
        "info@balagne-corsica.com"
      ],
      "schema:legalName": "Office de Tourisme Intercommunal Calvi - Balagne",
      "@type": [
        "schema:Organization",
        "foaf:Agent",
        "Agent"
      ],
      "foaf:homepage": [
        "https://www.balagne-corsica.com/"
      ]
    }
  ],
  "lastUpdate": "2022-10-24",
  "lastUpdateDatatourisme": "2023-02-09T06:39:55.612Z",
  "offers": [
    {
      "@id": "https://data.datatourisme.fr/a36c0bba-b134-3242-9cc7-0782dc04e1d8",
      "schema:priceSpecification": [
        {
          "@id": "https://data.datatourisme.fr/5fa6692e-b9e0-3b92-8169-74eb999f0c92",
          "schema:maxPrice": [
            "190"
          ],
          "schema:minPrice": [
            "190"
          ],
          "schema:priceCurrency": "EUR",
          "@type": [
            "schema:PriceSpecification",
            "PriceSpecification"
          ],
          "appliesOnPeriod": [
            {
              "@id": "https://data.datatourisme.fr/f3f35760-c80f-3b1c-8cb0-5e2a21ba5396",
              "@type": [
                "Period"
              ],
              "endDate": "2023-10-15",
              "startDate": "2023-04-15"
            }
          ]
        }
      ],
      "@type": [
        "schema:Offer",
        "Offer"
      ]
    }
  ]
}