{
  "@id": "https://data.datatourisme.fr/13/8035d525-7011-3019-a29d-5fb7ec52600e",
  "dc:identifier": "5499100",
  "@type": [
    "schema:LocalBusiness",
    "ActivityProvider",
    "PlaceOfInterest",
    "PointOfInterest",
    "Store"
  ],
  "rdfs:comment": {
    "de": [
      "Entdecken Sie Korsika auf eine andere Art und Weise, mit Respekt vor der Natur und ohne Anstrengung dank des Elektro-Mountainbikes.\r\nOb Sie nun ein erfahrener Sportler sind oder einfach nur einen Familienausflug machen möchten, wir verfügen über eine große Auswahl an Elektro-Mountainbikes."
    ],
    "en": [
      "Come and discover Corsica in a different way, respecting nature and without effort thanks to the electric mountain bike.\r\nWhether you are a confirmed sportsman or you simply want to go out with your family, we have a wide range of electric mountain bikes."
    ],
    "it": [
      "Venite a scoprire la Corsica in modo diverso, rispettando la natura e senza fatica grazie alla mountain bike elettrica.\r\nSia che siate sportivi affermati o che vogliate semplicemente uscire con la vostra famiglia, abbiamo un'ampia gamma di mountain bike elettriche."
    ],
    "fr": [
      "Venez découvrir la Corse autrement, dans le respect de la nature et sans effort grâce au vtt électrique.\r\nQue vous soyez sportif confirmé ou que vous souhaitez simplement faire une sortie en famille, nous disposons d'une large gamme de vtt électriques."
    ],
    "es": [
      "Venga a descubrir Córcega de una manera diferente, respetando la naturaleza y sin esfuerzo gracias a la bicicleta de montaña eléctrica.\r\nTanto si eres un deportista empedernido como si simplemente quieres salir con tu familia, tenemos una amplia gama de bicicletas eléctricas de montaña."
    ],
    "nl": [
      "Kom en ontdek Corsica op een andere manier, met respect voor de natuur en zonder inspanning dankzij de elektrische mountainbike.\r\nOf u nu een overtuigd sporter bent of er gewoon met uw gezin op uit wilt, wij hebben een ruim assortiment elektrische mountainbikes."
    ]
  },
  "rdfs:label": {
    "fr": [
      "Corsica E Bike"
    ]
  },
  "hasBeenCreatedBy": {
    "@id": "https://data.datatourisme.fr/13/84c6494d-3085-3c63-a55c-db8cb047fadd",
    "dc:identifier": "1738",
    "schema:email": [
      "camillef.omt@gmail.com",
      "direction@destination-sudcorse.com",
      "gestion@destination-sudcorse.com",
      "promotion@destination-sudcorse.com",
      "webmaster@destination-sudcorse.com"
    ],
    "schema:legalName": "Porto Vecchio Tourisme",
    "@type": [
      "schema:Organization",
      "foaf:Agent",
      "Agent"
    ],
    "foaf:homepage": [
      "http://www.ot-portovecchio.com/"
    ]
  },
  "hasBeenPublishedBy": [
    {
      "@id": "https://data.datatourisme.fr/8a9feb4b-2cbd-3d2c-b507-bd6c6776b23b",
      "schema:legalName": "Apidae Tourisme Scic SA - source : Apidae Tourisme",
      "@type": [
        "schema:Organization",
        "foaf:Agent",
        "Agent"
      ],
      "foaf:homepage": [
        "https://www.apidae-tourisme.com/"
      ]
    }
  ],
  "hasContact": [
    {
      "@id": "https://data.datatourisme.fr/68b7d5a1-adb9-3d11-b464-0d3d798ec162",
      "schema:email": [
        "corsicaebike@gmail.com"
      ],
      "schema:telephone": [
        "+33 6 31 27 81 65"
      ],
      "@type": [
        "foaf:Agent",
        "Agent"
      ],
      "foaf:homepage": [
        "https://www.corsicaebike.fr/"
      ]
    }
  ],
  "hasDescription": [
    {
      "@id": "https://data.datatourisme.fr/ed9cb054-5b9a-340d-9d7e-f340cd39d8c3",
      "@type": [
        "Description"
      ],
      "hasTranslatedProperty": [
        {
          "@id": "https://data.datatourisme.fr/3c3f8990-df98-320c-a210-2c1d5f2056c0",
          "dc:contributor": [
            "https://api.deepl.com/v2/translate"
          ],
          "rdf:language": [
            "nl"
          ],
          "rdf:predicate": [
            "shortDescription"
          ]
        },
        {
          "@id": "https://data.datatourisme.fr/3f7c025e-1ae0-3acf-b146-2a2032fdfd4c",
          "dc:contributor": [
            "https://api.deepl.com/v2/translate"
          ],
          "rdf:language": [
            "de"
          ],
          "rdf:predicate": [
            "shortDescription"
          ]
        },
        {
          "@id": "https://data.datatourisme.fr/57282db6-0d0d-3c28-ae4c-52b6e52aefe7",
          "dc:contributor": [
            "https://api.deepl.com/v2/translate"
          ],
          "rdf:language": [
            "es"
          ],
          "rdf:predicate": [
            "shortDescription"
          ]
        },
        {
          "@id": "https://data.datatourisme.fr/817dbb3a-768e-33d9-bafb-6bf3ee85700a",
          "dc:contributor": [
            "https://api.deepl.com/v2/translate"
          ],
          "rdf:language": [
            "it"
          ],
          "rdf:predicate": [
            "shortDescription"
          ]
        },
        {
          "@id": "https://data.datatourisme.fr/cd7fd931-edde-3aa6-ae69-4cf35e3904d1",
          "dc:contributor": [
            "https://api.deepl.com/v2/translate"
          ],
          "rdf:language": [
            "en"
          ],
          "rdf:predicate": [
            "shortDescription"
          ]
        }
      ],
      "shortDescription": {
        "de": [
          "Entdecken Sie Korsika auf eine andere Art und Weise, mit Respekt vor der Natur und ohne Anstrengung dank des Elektro-Mountainbikes.\r\nOb Sie nun ein erfahrener Sportler sind oder einfach nur einen Familienausflug machen möchten, wir verfügen über eine große Auswahl an Elektro-Mountainbikes."
        ],
        "en": [
          "Come and discover Corsica in a different way, respecting nature and without effort thanks to the electric mountain bike.\r\nWhether you are a confirmed sportsman or you simply want to go out with your family, we have a wide range of electric mountain bikes."
        ],
        "it": [
          "Venite a scoprire la Corsica in modo diverso, rispettando la natura e senza fatica grazie alla mountain bike elettrica.\r\nSia che siate sportivi affermati o che vogliate semplicemente uscire con la vostra famiglia, abbiamo un'ampia gamma di mountain bike elettriche."
        ],
        "fr": [
          "Venez découvrir la Corse autrement, dans le respect de la nature et sans effort grâce au vtt électrique.\r\nQue vous soyez sportif confirmé ou que vous souhaitez simplement faire une sortie en famille, nous disposons d'une large gamme de vtt électriques."
        ],
        "es": [
          "Venga a descubrir Córcega de una manera diferente, respetando la naturaleza y sin esfuerzo gracias a la bicicleta de montaña eléctrica.\r\nTanto si eres un deportista empedernido como si simplemente quieres salir con tu familia, tenemos una amplia gama de bicicletas eléctricas de montaña."
        ],
        "nl": [
          "Kom en ontdek Corsica op een andere manier, met respect voor de natuur en zonder inspanning dankzij de elektrische mountainbike.\r\nOf u nu een overtuigd sporter bent of er gewoon met uw gezin op uit wilt, wij hebben een ruim assortiment elektrische mountainbikes."
        ]
      }
    }
  ],
  "hasTheme": [
    {
      "@id": "kb:Bike",
      "@type": [
        "SportsTheme"
      ],
      "rdfs:label": {
        "de": [
          "Fahrrad"
        ],
        "pt": [
          "Bicicleta"
        ],
        "en": [
          "Bike"
        ],
        "it": [
          "Bicicletta"
        ],
        "fr": [
          "Vélo"
        ],
        "nl": [
          "Fiets"
        ],
        "es": [
          "Bicicleta"
        ]
      }
    },
    {
      "@id": "kb:ElectricATV",
      "@type": [
        "SportsTheme"
      ],
      "rdfs:label": {
        "de": [
          "Elektro-Mountainbike"
        ],
        "pt": [
          "Bicicleta-todo-o-terreno (BTT) elétrica"
        ],
        "en": [
          "Electri atv"
        ],
        "it": [
          "Mountain bike elettrica"
        ],
        "fr": [
          "Vtt électrique"
        ],
        "nl": [
          "Elektrische mountainbike"
        ],
        "es": [
          "Bicicleta eléctrica de montaña"
        ]
      }
    }
  ],
  "hasTranslatedProperty": [
    {
      "@id": "https://data.datatourisme.fr/05fc93f1-58e4-31be-8cdc-96fffc8c0c19",
      "dc:contributor": [
        "https://api.deepl.com/v2/translate"
      ],
      "rdf:language": [
        "it"
      ],
      "rdf:predicate": [
        {
          "@id": "rdfs:comment"
        }
      ]
    },
    {
      "@id": "https://data.datatourisme.fr/0cff0d99-f943-39ff-bd95-9fafc7fc72eb",
      "dc:contributor": [
        "https://api.deepl.com/v2/translate"
      ],
      "rdf:language": [
        "en"
      ],
      "rdf:predicate": [
        {
          "@id": "rdfs:comment"
        }
      ]
    },
    {
      "@id": "https://data.datatourisme.fr/a720291c-d3d5-3c9a-8c56-79fc18cabeed",
      "dc:contributor": [
        "https://api.deepl.com/v2/translate"
      ],
      "rdf:language": [
        "es"
      ],
      "rdf:predicate": [
        {
          "@id": "rdfs:comment"
        }
      ]
    },
    {
      "@id": "https://data.datatourisme.fr/bae1eb3b-074e-3f9b-aa28-816985ef23d2",
      "dc:contributor": [
        "https://api.deepl.com/v2/translate"
      ],
      "rdf:language": [
        "nl"
      ],
      "rdf:predicate": [
        {
          "@id": "rdfs:comment"
        }
      ]
    },
    {
      "@id": "https://data.datatourisme.fr/fb03c4fd-0581-3d42-883d-103c5dfbc528",
      "dc:contributor": [
        "https://api.deepl.com/v2/translate"
      ],
      "rdf:language": [
        "de"
      ],
      "rdf:predicate": [
        {
          "@id": "rdfs:comment"
        }
      ]
    }
  ],
  "isLocatedAt": [
    {
      "@id": "https://data.datatourisme.fr/bd2f3193-e402-36f2-8128-b238b389aa00",
      "schema:address": [
        {
          "@id": "https://data.datatourisme.fr/41a6acb4-7fa8-3f40-8e77-d91080eab10d",
          "schema:addressLocality": "Lecci",
          "schema:postalCode": "20137",
          "schema:streetAddress": [
            "Route de Capu"
          ],
          "@type": [
            "schema:PostalAddress",
            "PostalAddress"
          ],
          "hasAddressCity": {
            "@id": "kb:2A139",
            "@type": [
              "City"
            ],
            "rdfs:label": {
              "en": [
                "Lecci"
              ],
              "fr": [
                "Lecci"
              ]
            },
            "insee": "2A139",
            "isPartOfDepartment": {
              "@id": "kb:France942A",
              "@type": [
                "Department"
              ],
              "rdfs:label": {
                "en": [
                  "Corse-du-Sud"
                ],
                "fr": [
                  "Corse-du-Sud"
                ]
              },
              "insee": "2A",
              "isPartOfRegion": {
                "@id": "kb:France94",
                "@type": [
                  "Region"
                ],
                "rdfs:label": {
                  "en": [
                    "Corse"
                  ],
                  "fr": [
                    "Corse"
                  ]
                },
                "insee": "94",
                "isPartOfCountry": {
                  "@id": "kb:France",
                  "@type": [
                    "schema:Country"
                  ],
                  "rdfs:label": {
                    "de": [
                      "Frankreich"
                    ],
                    "pt": [
                      "França"
                    ],
                    "en": [
                      "France"
                    ],
                    "it": [
                      "Francia"
                    ],
                    "fr": [
                      "France"
                    ],
                    "nl": [
                      "Frankrijk"
                    ],
                    "es": [
                      "Francia"
                    ]
                  }
                }
              }
            }
          }
        }
      ],
      "schema:geo": {
        "@id": "https://data.datatourisme.fr/710af536-fa04-3c83-aec5-6094a88f00aa",
        "schema:latitude": "41.680375",
        "schema:longitude": "9.316603",
        "@type": [
          "schema:GeoCoordinates"
        ]
      },
      "schema:openingHoursSpecification": [
        {
          "@id": "https://data.datatourisme.fr/f87e535a-636d-3343-ad63-8a03392e7511",
          "schema:validFrom": "2023-01-01T00:00:00",
          "schema:validThrough": "2023-12-31T23:59:59",
          "@type": [
            "schema:OpeningHoursSpecification"
          ]
        }
      ],
      "@type": [
        "schema:Place",
        "Place"
      ]
    }
  ],
  "isOwnedBy": [
    {
      "@id": "https://data.datatourisme.fr/f5f950f9-5eec-32b4-a357-2c969ccf4068",
      "schema:email": [
        "camillef.omt@gmail.com",
        "direction@destination-sudcorse.com",
        "gestion@destination-sudcorse.com",
        "promotion@destination-sudcorse.com",
        "webmaster@destination-sudcorse.com"
      ],
      "schema:legalName": "Porto Vecchio Tourisme",
      "@type": [
        "schema:Organization",
        "foaf:Agent",
        "Agent"
      ],
      "foaf:homepage": [
        "http://www.ot-portovecchio.com/"
      ]
    }
  ],
  "lastUpdate": "2022-11-15",
  "lastUpdateDatatourisme": "2023-02-10T06:39:19.747Z"
}