{
  "@id": "https://data.datatourisme.fr/13/3f1d6ca4-c790-3687-8a85-56b4baff0d23",
  "dc:identifier": "5964630",
  "@type": [
    "olo:OrderedList",
    "EducationalTrail",
    "PlaceOfInterest",
    "PointOfInterest",
    "SportsAndLeisurePlace",
    "Tour",
    "WalkingTour"
  ],
  "rdfs:comment": {
    "de": [
      "\"I stritonni\", was auf Korsisch \"kleine Wege\" bedeutet, ist ein 4 km langer Rundweg, für den Sie etwa 2 Stunden benötigen\r\nEin angenehmer Familienspaziergang, bei dem Sie einen Weg aus vergangenen Zeiten wiederentdecken, der für alle zugänglich und geeignet ist."
    ],
    "en": [
      "\"I stritonni\", which means \"small paths\" in Corsican, is a 4 km loop, for a journey time of about 2 hours\r\nA pleasant family walk, to rediscover a path from the past, accessible and suitable for all."
    ],
    "it": [
      "\"I stritonni\", che in lingua corsa significa \"piccoli sentieri\", è un anello di 4 km, con un tempo di percorrenza di circa 2 ore\r\nUna piacevole passeggiata per famiglie, alla riscoperta di un sentiero del passato, accessibile e adatto a tutti."
    ],
    "fr": [
      "« I stritonni » qui signifie « petits chemins » en corse, est une boucle de 4 km, pour un temps de parcours de 2 heures environ. \r\nUne agréable balade familiale, à la redécouverte d’un chemin d’autrefois, accessible et adapté à tous."
    ],
    "nl": [
      "\"I stritonni\", wat \"kleine paden\" betekent in het Corsicaans, is een lus van 4 km, met een looptijd van ongeveer 2 uur\r\nEen aangename gezinswandeling, waarbij een pad uit het verleden wordt herontdekt, toegankelijk en geschikt voor iedereen."
    ],
    "es": [
      "\"I stritonni\", que significa \"pequeños caminos\" en corso, es un bucle de 4 km, con un tiempo de recorrido de unas 2 horas\r\nUn agradable paseo en familia, redescubriendo un camino del pasado, accesible y apto para todos."
    ]
  },
  "rdfs:label": {
    "fr": [
      "I Stritonni, le sentier du patrimoine de Monacia d'Aullène"
    ]
  },
  "hasBeenCreatedBy": {
    "@id": "https://data.datatourisme.fr/13/84c6494d-3085-3c63-a55c-db8cb047fadd",
    "dc:identifier": "1738",
    "schema:email": [
      "camillef.omt@gmail.com",
      "direction@destination-sudcorse.com",
      "gestion@destination-sudcorse.com",
      "promotion@destination-sudcorse.com",
      "webmaster@destination-sudcorse.com"
    ],
    "schema:legalName": "Porto Vecchio Tourisme",
    "@type": [
      "schema:Organization",
      "foaf:Agent",
      "Agent"
    ],
    "foaf:homepage": [
      "http://www.ot-portovecchio.com/"
    ]
  },
  "hasBeenPublishedBy": [
    {
      "@id": "https://data.datatourisme.fr/8a9feb4b-2cbd-3d2c-b507-bd6c6776b23b",
      "schema:legalName": "Apidae Tourisme Scic SA - source : Apidae Tourisme",
      "@type": [
        "schema:Organization",
        "foaf:Agent",
        "Agent"
      ],
      "foaf:homepage": [
        "https://www.apidae-tourisme.com/"
      ]
    }
  ],
  "hasContact": [
    {
      "@id": "https://data.datatourisme.fr/ef36ff5b-15f2-35b3-a3f2-56e9cfd20747",
      "schema:telephone": [
        "+33 4 95 71 81 09"
      ],
      "@type": [
        "foaf:Agent",
        "Agent"
      ],
      "foaf:homepage": [
        "https://monacia-aullene.fr/"
      ]
    }
  ],
  "hasDescription": [
    {
      "@id": "https://data.datatourisme.fr/e2733899-9a87-3b36-9198-83c2934ee52a",
      "@type": [
        "Description"
      ],
      "hasTranslatedProperty": [
        {
          "@id": "https://data.datatourisme.fr/1ebd6663-69ad-362f-99a5-321c96e740c9",
          "dc:contributor": [
            "https://api.deepl.com/v2/translate"
          ],
          "rdf:language": [
            "en"
          ],
          "rdf:predicate": [
            "shortDescription"
          ]
        },
        {
          "@id": "https://data.datatourisme.fr/52cac8be-bc50-34a8-a4f1-9e08afddc2cd",
          "dc:contributor": [
            "https://api.deepl.com/v2/translate"
          ],
          "rdf:language": [
            "it"
          ],
          "rdf:predicate": [
            "shortDescription"
          ]
        },
        {
          "@id": "https://data.datatourisme.fr/908032d9-252b-384a-9335-0d39746b437d",
          "dc:contributor": [
            "https://api.deepl.com/v2/translate"
          ],
          "rdf:language": [
            "es"
          ],
          "rdf:predicate": [
            "shortDescription"
          ]
        },
        {
          "@id": "https://data.datatourisme.fr/bb0ed64e-7917-3e65-aa74-f83821c0e1ec",
          "dc:contributor": [
            "https://api.deepl.com/v2/translate"
          ],
          "rdf:language": [
            "de"
          ],
          "rdf:predicate": [
            "shortDescription"
          ]
        },
        {
          "@id": "https://data.datatourisme.fr/c6f01c32-dbbe-381c-8fb4-12dcdae361f4",
          "dc:contributor": [
            "https://api.deepl.com/v2/translate"
          ],
          "rdf:language": [
            "nl"
          ],
          "rdf:predicate": [
            "shortDescription"
          ]
        }
      ],
      "shortDescription": {
        "de": [
          "\"I stritonni\", was auf Korsisch \"kleine Wege\" bedeutet, ist ein 4 km langer Rundweg, für den Sie etwa 2 Stunden benötigen\r\nEin angenehmer Familienspaziergang, bei dem Sie einen Weg aus vergangenen Zeiten wiederentdecken, der für alle zugänglich und geeignet ist."
        ],
        "en": [
          "\"I stritonni\", which means \"small paths\" in Corsican, is a 4 km loop, for a journey time of about 2 hours\r\nA pleasant family walk, to rediscover a path from the past, accessible and suitable for all."
        ],
        "it": [
          "\"I stritonni\", che in lingua corsa significa \"piccoli sentieri\", è un anello di 4 km, con un tempo di percorrenza di circa 2 ore\r\nUna piacevole passeggiata per famiglie, alla riscoperta di un sentiero del passato, accessibile e adatto a tutti."
        ],
        "fr": [
          "« I stritonni » qui signifie « petits chemins » en corse, est une boucle de 4 km, pour un temps de parcours de 2 heures environ. \r\nUne agréable balade familiale, à la redécouverte d’un chemin d’autrefois, accessible et adapté à tous."
        ],
        "nl": [
          "\"I stritonni\", wat \"kleine paden\" betekent in het Corsicaans, is een lus van 4 km, met een looptijd van ongeveer 2 uur\r\nEen aangename gezinswandeling, waarbij een pad uit het verleden wordt herontdekt, toegankelijk en geschikt voor iedereen."
        ],
        "es": [
          "\"I stritonni\", que significa \"pequeños caminos\" en corso, es un bucle de 4 km, con un tiempo de recorrido de unas 2 horas\r\nUn agradable paseo en familia, redescubriendo un camino del pasado, accesible y apto para todos."
        ]
      }
    }
  ],
  "hasTheme": [
    {
      "@id": "kb:Hiking",
      "@type": [
        "SportsTheme"
      ],
      "rdfs:label": {
        "de": [
          "Wanderung"
        ],
        "pt": [
          "Caminhada"
        ],
        "en": [
          "Hiking"
        ],
        "it": [
          "Escursione"
        ],
        "fr": [
          "Randonnée"
        ],
        "nl": [
          "Wandelen"
        ],
        "es": [
          "Senderismo"
        ]
      }
    },
    {
      "@id": "kb:Pedestrian",
      "@type": [
        "SportsTheme"
      ],
      "rdfs:label": {
        "de": [
          "Zu Fuß"
        ],
        "pt": [
          "Pedestre"
        ],
        "en": [
          "Pedestrian"
        ],
        "it": [
          "A piedi"
        ],
        "fr": [
          "Pédestre"
        ],
        "nl": [
          "Voetgangers"
        ],
        "es": [
          "Peatón"
        ]
      }
    },
    {
      "@id": "kb:Running",
      "@type": [
        "SportsTheme"
      ],
      "rdfs:label": {
        "de": [
          "Laufen"
        ],
        "pt": [
          "Corrida a pé"
        ],
        "en": [
          "Running"
        ],
        "it": [
          "Corsa a piedi"
        ],
        "fr": [
          "Course à pied"
        ],
        "nl": [
          "Hardlopen"
        ],
        "es": [
          "Carrera a pie"
        ]
      }
    }
  ],
  "hasTranslatedProperty": [
    {
      "@id": "https://data.datatourisme.fr/793b8485-4466-38f7-af54-9d415118c7f9",
      "dc:contributor": [
        "https://api.deepl.com/v2/translate"
      ],
      "rdf:language": [
        "it"
      ],
      "rdf:predicate": [
        {
          "@id": "rdfs:comment"
        }
      ]
    },
    {
      "@id": "https://data.datatourisme.fr/7c4f75a7-6c8d-3324-a75f-9d9e5aceb310",
      "dc:contributor": [
        "https://api.deepl.com/v2/translate"
      ],
      "rdf:language": [
        "es"
      ],
      "rdf:predicate": [
        {
          "@id": "rdfs:comment"
        }
      ]
    },
    {
      "@id": "https://data.datatourisme.fr/7dcd3b60-f080-3dd4-9aec-84dd15f37d71",
      "dc:contributor": [
        "https://api.deepl.com/v2/translate"
      ],
      "rdf:language": [
        "de"
      ],
      "rdf:predicate": [
        {
          "@id": "rdfs:comment"
        }
      ]
    },
    {
      "@id": "https://data.datatourisme.fr/c054df46-efb9-3e87-bddf-059f8048e93d",
      "dc:contributor": [
        "https://api.deepl.com/v2/translate"
      ],
      "rdf:language": [
        "en"
      ],
      "rdf:predicate": [
        {
          "@id": "rdfs:comment"
        }
      ]
    },
    {
      "@id": "https://data.datatourisme.fr/e7ddca79-bb5c-3c6a-bb47-3edd773d3aea",
      "dc:contributor": [
        "https://api.deepl.com/v2/translate"
      ],
      "rdf:language": [
        "nl"
      ],
      "rdf:predicate": [
        {
          "@id": "rdfs:comment"
        }
      ]
    }
  ],
  "isLocatedAt": [
    {
      "@id": "https://data.datatourisme.fr/e01c3e23-091a-3169-9822-d6549cc7316d",
      "schema:address": [
        {
          "@id": "https://data.datatourisme.fr/8f665a03-d4ee-3bbe-a5dc-0bca36b67d09",
          "schema:addressLocality": "Monacia-d'Aullène",
          "schema:postalCode": "20171",
          "schema:streetAddress": [
            "D50",
            "Lieu dit Caserne"
          ],
          "@type": [
            "schema:PostalAddress",
            "PostalAddress"
          ],
          "hasAddressCity": {
            "@id": "kb:2A163",
            "@type": [
              "City"
            ],
            "rdfs:label": {
              "en": [
                "Monacia-d'Aullène"
              ],
              "fr": [
                "Monacia-d'Aullène"
              ]
            },
            "insee": "2A163",
            "isPartOfDepartment": {
              "@id": "kb:France942A",
              "@type": [
                "Department"
              ],
              "rdfs:label": {
                "en": [
                  "Corse-du-Sud"
                ],
                "fr": [
                  "Corse-du-Sud"
                ]
              },
              "insee": "2A",
              "isPartOfRegion": {
                "@id": "kb:France94",
                "@type": [
                  "Region"
                ],
                "rdfs:label": {
                  "en": [
                    "Corse"
                  ],
                  "fr": [
                    "Corse"
                  ]
                },
                "insee": "94",
                "isPartOfCountry": {
                  "@id": "kb:France",
                  "@type": [
                    "schema:Country"
                  ],
                  "rdfs:label": {
                    "de": [
                      "Frankreich"
                    ],
                    "pt": [
                      "França"
                    ],
                    "en": [
                      "France"
                    ],
                    "it": [
                      "Francia"
                    ],
                    "fr": [
                      "France"
                    ],
                    "nl": [
                      "Frankrijk"
                    ],
                    "es": [
                      "Francia"
                    ]
                  }
                }
              }
            }
          }
        }
      ],
      "schema:geo": {
        "@id": "https://data.datatourisme.fr/54df9709-128f-3fbb-8349-c0601f79cc8f",
        "schema:latitude": "41.512668",
        "schema:longitude": "9.010952",
        "@type": [
          "schema:GeoCoordinates"
        ]
      },
      "schema:openingHoursSpecification": [
        {
          "@id": "https://data.datatourisme.fr/f87e535a-636d-3343-ad63-8a03392e7511",
          "schema:validFrom": "2023-01-01T00:00:00",
          "schema:validThrough": "2023-12-31T23:59:59",
          "@type": [
            "schema:OpeningHoursSpecification"
          ]
        }
      ],
      "@type": [
        "schema:Place",
        "Place"
      ]
    }
  ],
  "isOwnedBy": [
    {
      "@id": "https://data.datatourisme.fr/f5f950f9-5eec-32b4-a357-2c969ccf4068",
      "schema:email": [
        "camillef.omt@gmail.com",
        "direction@destination-sudcorse.com",
        "gestion@destination-sudcorse.com",
        "promotion@destination-sudcorse.com",
        "webmaster@destination-sudcorse.com"
      ],
      "schema:legalName": "Porto Vecchio Tourisme",
      "@type": [
        "schema:Organization",
        "foaf:Agent",
        "Agent"
      ],
      "foaf:homepage": [
        "http://www.ot-portovecchio.com/"
      ]
    }
  ],
  "lastUpdate": "2022-04-20",
  "lastUpdateDatatourisme": "2023-02-10T06:39:19.98Z"
}