{
  "@id": "https://data.datatourisme.fr/13/3f59c4d8-e0e5-39fa-b41d-c828c4e29e7e",
  "dc:identifier": "5163633",
  "@type": [
    "schema:Accommodation",
    "schema:LodgingBusiness",
    "Accommodation",
    "CollectiveAccommodation",
    "HolidayResort",
    "PlaceOfInterest",
    "PointOfInterest"
  ],
  "rdfs:comment": {
    "de": [
      "In einer ruhigen Residenz, 16 klimatisierte und voll ausgestattete Villen mit beheiztem Schwimmbad in der Nähe von Santa Giulia, 6 davon mit privatem Garten, Frühstück in der Villa geliefert."
    ],
    "en": [
      "In a quiet residence, 16 air-conditioned and fully equipped villas with heated swimming pool near Santa Giulia, including 6 with private garden, breakfast delivered in villa."
    ],
    "it": [
      "All'interno di una residenza tranquilla, 16 ville con aria condizionata e completamente attrezzate con piscina riscaldata vicino a Santa Giulia, di cui 6 con giardino privato, colazione servita in villa."
    ],
    "fr": [
      "Au sein d’une résidence calme classée ***, 16 villas climatisées et entièrement équipées avec piscine chauffée près de Santa Giulia dont 6 avec jardin privatif, petit-déjeuner livrés en villa."
    ],
    "es": [
      "En una tranquila residencia clasificada ***, 16 villas climatizadas y totalmente equipadas con piscina climatizada cerca de Santa Giulia, 6 de ellas con jardín privado, desayuno servido en la villa."
    ],
    "nl": [
      "Binnen een rustige residentie, 16 geklimatiseerde en volledig uitgeruste villa's met verwarmd zwembad in de buurt van Santa Giulia, waarvan 6 met een eigen tuin, ontbijt geleverd in de villa."
    ]
  },
  "rdfs:label": {
    "fr": [
      "Les Pins de Santa Giulia"
    ]
  },
  "hasBeenCreatedBy": {
    "@id": "https://data.datatourisme.fr/13/84c6494d-3085-3c63-a55c-db8cb047fadd",
    "dc:identifier": "1738",
    "schema:email": [
      "camillef.omt@gmail.com",
      "direction@destination-sudcorse.com",
      "gestion@destination-sudcorse.com",
      "promotion@destination-sudcorse.com",
      "webmaster@destination-sudcorse.com"
    ],
    "schema:legalName": "Porto Vecchio Tourisme",
    "@type": [
      "schema:Organization",
      "foaf:Agent",
      "Agent"
    ],
    "foaf:homepage": [
      "http://www.ot-portovecchio.com/"
    ]
  },
  "hasBeenPublishedBy": [
    {
      "@id": "https://data.datatourisme.fr/8a9feb4b-2cbd-3d2c-b507-bd6c6776b23b",
      "schema:legalName": "Apidae Tourisme Scic SA - source : Apidae Tourisme",
      "@type": [
        "schema:Organization",
        "foaf:Agent",
        "Agent"
      ],
      "foaf:homepage": [
        "https://www.apidae-tourisme.com/"
      ]
    }
  ],
  "hasContact": [
    {
      "@id": "https://data.datatourisme.fr/eeed9a7c-ae6f-3b22-9517-efbd3a3c73aa",
      "schema:email": [
        "contact@lespinsdesantagiulia.com"
      ],
      "schema:telephone": [
        "+33 4 95 70 57 01",
        "+33 6 64 03 15 15"
      ],
      "@type": [
        "foaf:Agent",
        "Agent"
      ],
      "foaf:homepage": [
        "http://www.lespinsdesantagiulia.com/"
      ]
    }
  ],
  "hasDescription": [
    {
      "@id": "https://data.datatourisme.fr/97d0916e-381d-39ae-8013-0288981f108a",
      "@type": [
        "Description"
      ],
      "hasTranslatedProperty": [
        {
          "@id": "https://data.datatourisme.fr/c2540c92-3323-3808-8032-4b85545d2275",
          "dc:contributor": [
            "https://api.deepl.com/v2/translate"
          ],
          "rdf:language": [
            "es"
          ],
          "rdf:predicate": [
            "shortDescription"
          ]
        }
      ],
      "shortDescription": {
        "de": [
          "In einer ruhigen Residenz, 16 klimatisierte und voll ausgestattete Villen mit beheiztem Schwimmbad in der Nähe von Santa Giulia, 6 davon mit privatem Garten, Frühstück in der Villa geliefert."
        ],
        "en": [
          "In a quiet residence, 16 air-conditioned and fully equipped villas with heated swimming pool near Santa Giulia, including 6 with private garden, breakfast delivered in villa."
        ],
        "it": [
          "All'interno di una residenza tranquilla, 16 ville con aria condizionata e completamente attrezzate con piscina riscaldata vicino a Santa Giulia, di cui 6 con giardino privato, colazione servita in villa."
        ],
        "fr": [
          "Au sein d’une résidence calme classée ***, 16 villas climatisées et entièrement équipées avec piscine chauffée près de Santa Giulia dont 6 avec jardin privatif, petit-déjeuner livrés en villa."
        ],
        "es": [
          "En una tranquila residencia clasificada ***, 16 villas climatizadas y totalmente equipadas con piscina climatizada cerca de Santa Giulia, 6 de ellas con jardín privado, desayuno servido en la villa."
        ],
        "nl": [
          "Binnen een rustige residentie, 16 geklimatiseerde en volledig uitgeruste villa's met verwarmd zwembad in de buurt van Santa Giulia, waarvan 6 met een eigen tuin, ontbijt geleverd in de villa."
        ]
      }
    }
  ],
  "hasTranslatedProperty": [
    {
      "@id": "https://data.datatourisme.fr/87a7ab8b-c2cd-3154-8e2a-4416dd9c96ed",
      "dc:contributor": [
        "https://api.deepl.com/v2/translate"
      ],
      "rdf:language": [
        "es"
      ],
      "rdf:predicate": [
        {
          "@id": "rdfs:comment"
        }
      ]
    }
  ],
  "isLocatedAt": [
    {
      "@id": "https://data.datatourisme.fr/0e31cd4e-222e-3b32-9e7e-45ac33fb78d8",
      "schema:address": [
        {
          "@id": "https://data.datatourisme.fr/15253b85-1a25-330d-8822-5ec8aacdf153",
          "schema:addressLocality": "Porto-Vecchio",
          "schema:postalCode": "20137",
          "schema:streetAddress": [
            "Route de Bonifacio"
          ],
          "@type": [
            "schema:PostalAddress",
            "PostalAddress"
          ],
          "hasAddressCity": {
            "@id": "kb:2A247",
            "@type": [
              "City"
            ],
            "rdfs:label": {
              "en": [
                "Porto-Vecchio"
              ],
              "fr": [
                "Porto-Vecchio"
              ]
            },
            "insee": "2A247",
            "isPartOfDepartment": {
              "@id": "kb:France942A",
              "@type": [
                "Department"
              ],
              "rdfs:label": {
                "en": [
                  "Corse-du-Sud"
                ],
                "fr": [
                  "Corse-du-Sud"
                ]
              },
              "insee": "2A",
              "isPartOfRegion": {
                "@id": "kb:France94",
                "@type": [
                  "Region"
                ],
                "rdfs:label": {
                  "en": [
                    "Corse"
                  ],
                  "fr": [
                    "Corse"
                  ]
                },
                "insee": "94",
                "isPartOfCountry": {
                  "@id": "kb:France",
                  "@type": [
                    "schema:Country"
                  ],
                  "rdfs:label": {
                    "de": [
                      "Frankreich"
                    ],
                    "pt": [
                      "França"
                    ],
                    "en": [
                      "France"
                    ],
                    "it": [
                      "Francia"
                    ],
                    "fr": [
                      "France"
                    ],
                    "nl": [
                      "Frankrijk"
                    ],
                    "es": [
                      "Francia"
                    ]
                  }
                }
              }
            }
          }
        }
      ],
      "schema:geo": {
        "@id": "https://data.datatourisme.fr/4d255e48-d460-3371-962d-90d39fe8f030",
        "schema:latitude": "41.535",
        "schema:longitude": "9.2625",
        "@type": [
          "schema:GeoCoordinates"
        ]
      },
      "schema:openingHoursSpecification": [
        {
          "@id": "https://data.datatourisme.fr/33ff6a98-e00e-3a54-8a9b-11767f003c82",
          "schema:validFrom": "2023-04-15T00:00:00",
          "schema:validThrough": "2023-11-05T23:59:59",
          "@type": [
            "schema:OpeningHoursSpecification"
          ],
          "additionalInformation": {
            "de": [
              "Montag, Dienstag, Mittwoch, Donnerstag, Freitag, Samstag, Sonntag: offen"
            ],
            "en": [
              "Monday, Tuesday, Wednesday, Thursday, Friday, Saturday, Sunday: open"
            ],
            "it": [
              "Lunedì, martedì, mercoledì, giovedì, venerdì, sabato, domenica: aperto"
            ],
            "fr": [
              "Lundi, Mardi, Mercredi, Jeudi, Vendredi, Samedi, Dimanche : ouvert"
            ],
            "nl": [
              "Maandag, dinsdag, woensdag, donderdag, vrijdag, zaterdag, zondag: open"
            ],
            "es": [
              "Lunes, martes, miércoles, jueves, viernes, sábado y domingo: abierto"
            ]
          },
          "hasTranslatedProperty": [
            {
              "@id": "https://data.datatourisme.fr/46e5e2cc-0297-3a70-b2d4-51e75399462c",
              "dc:contributor": [
                "https://api.deepl.com/v2/translate"
              ],
              "rdf:language": [
                "en"
              ],
              "rdf:predicate": [
                "additionalInformation"
              ]
            },
            {
              "@id": "https://data.datatourisme.fr/5590948c-0c27-385d-8b84-211fcc695092",
              "dc:contributor": [
                "https://api.deepl.com/v2/translate"
              ],
              "rdf:language": [
                "nl"
              ],
              "rdf:predicate": [
                "additionalInformation"
              ]
            },
            {
              "@id": "https://data.datatourisme.fr/9c9c001e-0884-3cb1-b5bc-9dff30f49a59",
              "dc:contributor": [
                "https://api.deepl.com/v2/translate"
              ],
              "rdf:language": [
                "es"
              ],
              "rdf:predicate": [
                "additionalInformation"
              ]
            },
            {
              "@id": "https://data.datatourisme.fr/dfdfd763-3bd2-31d6-b043-7aa927bbc6c3",
              "dc:contributor": [
                "https://api.deepl.com/v2/translate"
              ],
              "rdf:language": [
                "it"
              ],
              "rdf:predicate": [
                "additionalInformation"
              ]
            },
            {
              "@id": "https://data.datatourisme.fr/ff09af00-dfe6-3bb0-b6a4-0f7605f5b4bb",
              "dc:contributor": [
                "https://api.deepl.com/v2/translate"
              ],
              "rdf:language": [
                "de"
              ],
              "rdf:predicate": [
                "additionalInformation"
              ]
            }
          ]
        }
      ],
      "@type": [
        "schema:Place",
        "Place"
      ]
    }
  ],
  "isOwnedBy": [
    {
      "@id": "https://data.datatourisme.fr/f5f950f9-5eec-32b4-a357-2c969ccf4068",
      "schema:email": [
        "camillef.omt@gmail.com",
        "direction@destination-sudcorse.com",
        "gestion@destination-sudcorse.com",
        "promotion@destination-sudcorse.com",
        "webmaster@destination-sudcorse.com"
      ],
      "schema:legalName": "Porto Vecchio Tourisme",
      "@type": [
        "schema:Organization",
        "foaf:Agent",
        "Agent"
      ],
      "foaf:homepage": [
        "http://www.ot-portovecchio.com/"
      ]
    }
  ],
  "lastUpdate": "2023-03-30",
  "lastUpdateDatatourisme": "2023-04-04T05:52:39.263Z",
  "offers": [
    {
      "@id": "https://data.datatourisme.fr/94011e5f-d113-353d-846b-d3c1bdbd079a",
      "schema:priceSpecification": [
        {
          "@id": "https://data.datatourisme.fr/ce807e68-4cbd-3955-bcbc-e6a122013728",
          "schema:maxPrice": [
            "15"
          ],
          "schema:minPrice": [
            "15",
            "559"
          ],
          "schema:priceCurrency": "EUR",
          "@type": [
            "schema:PriceSpecification",
            "PriceSpecification"
          ],
          "appliesOnPeriod": [
            {
              "@id": "https://data.datatourisme.fr/3fba147d-97d0-3599-97fe-fcfeff94ecb1",
              "@type": [
                "Period"
              ],
              "endDate": "2023-11-05",
              "startDate": "2023-04-15"
            }
          ]
        }
      ],
      "@type": [
        "schema:Offer",
        "Offer"
      ]
    }
  ]
}