{
  "@id": "https://data.datatourisme.fr/13/3f2ccfa0-dcab-3f37-a3e2-0343d8934ab7",
  "dc:identifier": "5213057",
  "@type": [
    "schema:LocalBusiness",
    "ActivityProvider",
    "PlaceOfInterest",
    "PointOfInterest",
    "Store"
  ],
  "rdfs:comment": {
    "de": [
      "Der größte Abenteuerpark Korsikas! Unbegrenzter Zugang zu den Workshops."
    ],
    "en": [
      "The largest adventure park in Corsica! Unlimited access to the workshops."
    ],
    "it": [
      "Il più grande parco avventura della Corsica! Accesso illimitato ai laboratori."
    ],
    "fr": [
      "Le plus grand parc de Corse. 3 niveaux de difficulté dans les arbres et sur les Via Ferrata, tyroliennes géantes, ponts de singes, accès illimité aux ateliers + de 4h d’activités. \r\nBaby parc dès 3 ans. \r\nPassez une journée idéale en famille ou entre amis !"
    ],
    "nl": [
      "Het grootste avonturenpark van Corsica! Onbeperkte toegang tot de werkplaatsen."
    ],
    "es": [
      "El parque más grande de Córcega. 3 niveles de dificultad en los árboles y en la Vía Ferrata, tirolinas gigantes, puentes de monos, acceso ilimitado a talleres + 4 horas de actividades.\r\nParque para bebés a partir de 3 años.\r\nPase un día ideal en familia o con amigos"
    ]
  },
  "rdfs:label": {
    "fr": [
      "Xtrem Sud"
    ]
  },
  "hasBeenCreatedBy": {
    "@id": "https://data.datatourisme.fr/13/84c6494d-3085-3c63-a55c-db8cb047fadd",
    "dc:identifier": "1738",
    "schema:email": [
      "camillef.omt@gmail.com",
      "direction@destination-sudcorse.com",
      "gestion@destination-sudcorse.com",
      "promotion@destination-sudcorse.com",
      "webmaster@destination-sudcorse.com"
    ],
    "schema:legalName": "Porto Vecchio Tourisme",
    "@type": [
      "schema:Organization",
      "foaf:Agent",
      "Agent"
    ],
    "foaf:homepage": [
      "http://www.ot-portovecchio.com/"
    ]
  },
  "hasBeenPublishedBy": [
    {
      "@id": "https://data.datatourisme.fr/8a9feb4b-2cbd-3d2c-b507-bd6c6776b23b",
      "schema:legalName": "Apidae Tourisme Scic SA - source : Apidae Tourisme",
      "@type": [
        "schema:Organization",
        "foaf:Agent",
        "Agent"
      ],
      "foaf:homepage": [
        "https://www.apidae-tourisme.com/"
      ]
    }
  ],
  "hasContact": [
    {
      "@id": "https://data.datatourisme.fr/99eb1b0f-462b-3d5f-a071-883f1a36f045",
      "schema:email": [
        "jmbxparc@gmail.com"
      ],
      "schema:telephone": [
        "+33 4 95 70 01 20",
        "+33 6 70 60 11 65"
      ],
      "@type": [
        "foaf:Agent",
        "Agent"
      ],
      "foaf:homepage": [
        "http://www.xtremsud.com/"
      ]
    }
  ],
  "hasDescription": [
    {
      "@id": "https://data.datatourisme.fr/67e0963b-6a2a-3f4b-ab98-97b374bc04ee",
      "@type": [
        "Description"
      ],
      "hasTranslatedProperty": [
        {
          "@id": "https://data.datatourisme.fr/28dbde18-06f8-34d9-850d-d338cde75caa",
          "dc:contributor": [
            "https://api.deepl.com/v2/translate"
          ],
          "rdf:language": [
            "es"
          ],
          "rdf:predicate": [
            "shortDescription"
          ]
        }
      ],
      "shortDescription": {
        "de": [
          "Der größte Abenteuerpark Korsikas! Unbegrenzter Zugang zu den Workshops."
        ],
        "en": [
          "The largest adventure park in Corsica! Unlimited access to the workshops."
        ],
        "it": [
          "Il più grande parco avventura della Corsica! Accesso illimitato ai laboratori."
        ],
        "fr": [
          "Le plus grand parc de Corse. 3 niveaux de difficulté dans les arbres et sur les Via Ferrata, tyroliennes géantes, ponts de singes, accès illimité aux ateliers + de 4h d’activités. \r\nBaby parc dès 3 ans. \r\nPassez une journée idéale en famille ou entre amis !"
        ],
        "nl": [
          "Het grootste avonturenpark van Corsica! Onbeperkte toegang tot de werkplaatsen."
        ],
        "es": [
          "El parque más grande de Córcega. 3 niveles de dificultad en los árboles y en la Vía Ferrata, tirolinas gigantes, puentes de monos, acceso ilimitado a talleres + 4 horas de actividades.\r\nParque para bebés a partir de 3 años.\r\nPase un día ideal en familia o con amigos"
        ]
      }
    }
  ],
  "hasTheme": [
    {
      "@id": "kb:AdventureCourse",
      "@type": [
        "SportsTheme"
      ],
      "rdfs:label": {
        "de": [
          "Abenteuerparcours"
        ],
        "pt": [
          "Percurso aventura"
        ],
        "en": [
          "Adventure course"
        ],
        "it": [
          "Percorso avventura"
        ],
        "fr": [
          "Parcours aventure"
        ],
        "es": [
          "Parque de aventuras"
        ],
        "nl": [
          "Avonturenparcours"
        ]
      }
    },
    {
      "@id": "kb:RopeCourse",
      "@type": [
        "SportsTheme"
      ],
      "rdfs:label": {
        "de": [
          "Klettergarten"
        ],
        "pt": [
          "Percurso nas árvores"
        ],
        "en": [
          "Rope course"
        ],
        "it": [
          "Parco avventura"
        ],
        "fr": [
          "Accro-branches"
        ],
        "nl": [
          "Boomklimmen"
        ],
        "es": [
          "Accro-branches"
        ]
      }
    },
    {
      "@id": "kb:ViaFerrata",
      "@type": [
        "SportsTheme"
      ],
      "rdfs:label": {
        "de": [
          "Klettersteig"
        ],
        "pt": [
          "Via ferrata"
        ],
        "en": [
          "Via ferrata"
        ],
        "it": [
          "Via ferrata"
        ],
        "fr": [
          "Via ferrata"
        ],
        "nl": [
          "Via ferrata"
        ],
        "es": [
          "Vía ferrata"
        ]
      }
    }
  ],
  "hasTranslatedProperty": [
    {
      "@id": "https://data.datatourisme.fr/5f775d8f-9baa-3134-b72e-a375f94592cf",
      "dc:contributor": [
        "https://api.deepl.com/v2/translate"
      ],
      "rdf:language": [
        "es"
      ],
      "rdf:predicate": [
        {
          "@id": "rdfs:comment"
        }
      ]
    }
  ],
  "isLocatedAt": [
    {
      "@id": "https://data.datatourisme.fr/c68115c0-edf1-3044-a421-62aeb6f1abca",
      "schema:address": [
        {
          "@id": "https://data.datatourisme.fr/e72c3a9b-db4b-338f-b97c-8c7796f11b4d",
          "schema:addressLocality": "Porto-Vecchio",
          "schema:postalCode": "20137",
          "schema:streetAddress": [
            "L'Ospedale"
          ],
          "@type": [
            "schema:PostalAddress",
            "PostalAddress"
          ],
          "hasAddressCity": {
            "@id": "kb:2A247",
            "@type": [
              "City"
            ],
            "rdfs:label": {
              "en": [
                "Porto-Vecchio"
              ],
              "fr": [
                "Porto-Vecchio"
              ]
            },
            "insee": "2A247",
            "isPartOfDepartment": {
              "@id": "kb:France942A",
              "@type": [
                "Department"
              ],
              "rdfs:label": {
                "en": [
                  "Corse-du-Sud"
                ],
                "fr": [
                  "Corse-du-Sud"
                ]
              },
              "insee": "2A",
              "isPartOfRegion": {
                "@id": "kb:France94",
                "@type": [
                  "Region"
                ],
                "rdfs:label": {
                  "en": [
                    "Corse"
                  ],
                  "fr": [
                    "Corse"
                  ]
                },
                "insee": "94",
                "isPartOfCountry": {
                  "@id": "kb:France",
                  "@type": [
                    "schema:Country"
                  ],
                  "rdfs:label": {
                    "de": [
                      "Frankreich"
                    ],
                    "pt": [
                      "França"
                    ],
                    "en": [
                      "France"
                    ],
                    "it": [
                      "Francia"
                    ],
                    "fr": [
                      "France"
                    ],
                    "nl": [
                      "Frankrijk"
                    ],
                    "es": [
                      "Francia"
                    ]
                  }
                }
              }
            }
          }
        }
      ],
      "schema:geo": {
        "@id": "https://data.datatourisme.fr/863b99cb-ab89-3699-9e98-ebf2c624a6ca",
        "schema:latitude": "41.659",
        "schema:longitude": "9.1944",
        "@type": [
          "schema:GeoCoordinates"
        ]
      },
      "schema:openingHoursSpecification": [
        {
          "@id": "https://data.datatourisme.fr/ac1b1610-628a-355c-b97d-8d3479da6b15",
          "schema:validFrom": "2023-04-01T00:00:00",
          "schema:validThrough": "2023-09-30T23:59:59",
          "@type": [
            "schema:OpeningHoursSpecification"
          ]
        }
      ],
      "@type": [
        "schema:Place",
        "Place"
      ]
    }
  ],
  "isOwnedBy": [
    {
      "@id": "https://data.datatourisme.fr/f5f950f9-5eec-32b4-a357-2c969ccf4068",
      "schema:email": [
        "camillef.omt@gmail.com",
        "direction@destination-sudcorse.com",
        "gestion@destination-sudcorse.com",
        "promotion@destination-sudcorse.com",
        "webmaster@destination-sudcorse.com"
      ],
      "schema:legalName": "Porto Vecchio Tourisme",
      "@type": [
        "schema:Organization",
        "foaf:Agent",
        "Agent"
      ],
      "foaf:homepage": [
        "http://www.ot-portovecchio.com/"
      ]
    }
  ],
  "lastUpdate": "2023-02-20",
  "lastUpdateDatatourisme": "2023-02-21T06:40:31.556Z",
  "offers": [
    {
      "@id": "https://data.datatourisme.fr/e6516d89-3f43-3a27-83e1-a77c5a2054cc",
      "schema:priceSpecification": [
        {
          "@id": "https://data.datatourisme.fr/d906bc09-49bf-36c1-83a5-3b4f808efa46",
          "schema:maxPrice": [
            "25"
          ],
          "schema:minPrice": [
            "12"
          ],
          "schema:priceCurrency": "EUR",
          "@type": [
            "schema:PriceSpecification",
            "PriceSpecification"
          ],
          "appliesOnPeriod": [
            {
              "@id": "https://data.datatourisme.fr/291ba96c-d01e-34cf-9674-0451f896f0e4",
              "@type": [
                "Period"
              ],
              "endDate": "2023-09-30",
              "startDate": "2023-04-01"
            }
          ]
        }
      ],
      "@type": [
        "schema:Offer",
        "Offer"
      ]
    }
  ]
}