{
  "@id": "https://data.datatourisme.fr/13/8e83ed32-f50a-3c33-85e0-89880f629cdd",
  "dc:identifier": "4932680",
  "@type": [
    "schema:Accommodation",
    "schema:Hotel",
    "schema:LodgingBusiness",
    "Accommodation",
    "Hotel",
    "HotelTrade",
    "PlaceOfInterest",
    "PointOfInterest"
  ],
  "rdfs:comment": {
    "de": [
      "Ideale Lage gegenüber den roten Inseln der Stadt, die Füße im Wasser mit direktem Zugang zum Strand für einen traumhaften Aufenthalt. Alle Annehmlichkeiten eines 4-Sterne-Hotels, Terrassen und Lounges mit Meerblick."
    ],
    "en": [
      "Ideally located opposite the Red Islands, you have direct access to the beach and spend a dream holiday, Enjoy the high standards of a 4-stars hotel, terraces, balconies with sea view."
    ],
    "it": [
      "Idealmente situato di fronte alle isole rosse della città, piedi in acqua con accesso diretto alla spiaggia per un soggiorno da sogno. Tutti i comfort di un 4 stelle, terrazze e salotti con vista mare."
    ],
    "fr": [
      "Idéalement situé face aux îles rousses de la ville, les pieds dans l'eau avec accès direct à la plage pour un séjour de rêve. Tout le confort d'un 4 étoiles, des terrasses et salons avec vue sur mer."
    ],
    "es": [
      "Idealmente situado frente a las islas pelirrojas de la ciudad, justo en el agua con acceso directo a la playa para una estancia de ensueño. Todas las comodidades de un hotel de 4 estrellas, terrazas y salones con vistas al mar."
    ],
    "nl": [
      "Ideaal gelegen voor de roodharige eilanden van de stad, direct aan het water met directe toegang tot het strand voor een droomverblijf. Alle comfort van een 4-sterrenhotel, terrassen en lounges met uitzicht op zee."
    ]
  },
  "rdfs:label": {
    "fr": [
      "Best Western Premier Santa Maria"
    ]
  },
  "hasBeenCreatedBy": {
    "@id": "https://data.datatourisme.fr/13/8d420fa3-5754-31f1-8199-69c88780314d",
    "dc:identifier": "1647",
    "schema:email": [
      "web@ileroussetourisme.com"
    ],
    "schema:legalName": "Office de Tourisme Intercommunal de L'Ile Rousse-Balagne",
    "@type": [
      "schema:Organization",
      "foaf:Agent",
      "Agent"
    ],
    "foaf:homepage": [
      "https://www.balagne-corsica.com/"
    ]
  },
  "hasBeenPublishedBy": [
    {
      "@id": "https://data.datatourisme.fr/8a9feb4b-2cbd-3d2c-b507-bd6c6776b23b",
      "schema:legalName": "Apidae Tourisme Scic SA - source : Apidae Tourisme",
      "@type": [
        "schema:Organization",
        "foaf:Agent",
        "Agent"
      ],
      "foaf:homepage": [
        "https://www.apidae-tourisme.com/"
      ]
    }
  ],
  "hasContact": [
    {
      "@id": "https://data.datatourisme.fr/c3fa44f9-ced1-3528-854b-e86531ae1344",
      "schema:email": [
        "infos@hotelsantamaria.com"
      ],
      "schema:telephone": [
        "+33 4 95 63 05 05"
      ],
      "@type": [
        "foaf:Agent",
        "Agent"
      ],
      "foaf:homepage": [
        "http://www.hotelsantamaria.com/"
      ]
    }
  ],
  "hasDescription": [
    {
      "@id": "https://data.datatourisme.fr/56bb61ed-6cfd-3bf3-85fa-f46c2863d9d6",
      "@type": [
        "Description"
      ],
      "hasTranslatedProperty": [
        {
          "@id": "https://data.datatourisme.fr/195f3e04-90ee-3a68-b584-45fe2eadeb95",
          "dc:contributor": [
            "https://api.deepl.com/v2/translate"
          ],
          "rdf:language": [
            "es"
          ],
          "rdf:predicate": [
            "shortDescription"
          ]
        },
        {
          "@id": "https://data.datatourisme.fr/41aee7a5-3628-340e-8e0b-aebd906ff1db",
          "dc:contributor": [
            "https://api.deepl.com/v2/translate"
          ],
          "rdf:language": [
            "nl"
          ],
          "rdf:predicate": [
            "shortDescription"
          ]
        },
        {
          "@id": "https://data.datatourisme.fr/97649144-f8fe-322e-80c4-67d1838dbb08",
          "dc:contributor": [
            "https://api.deepl.com/v2/translate"
          ],
          "rdf:language": [
            "de"
          ],
          "rdf:predicate": [
            "shortDescription"
          ]
        }
      ],
      "shortDescription": {
        "de": [
          "Ideale Lage gegenüber den roten Inseln der Stadt, die Füße im Wasser mit direktem Zugang zum Strand für einen traumhaften Aufenthalt. Alle Annehmlichkeiten eines 4-Sterne-Hotels, Terrassen und Lounges mit Meerblick."
        ],
        "en": [
          "Ideally located opposite the Red Islands, you have direct access to the beach and spend a dream holiday, Enjoy the high standards of a 4-stars hotel, terraces, balconies with sea view."
        ],
        "it": [
          "Idealmente situato di fronte alle isole rosse della città, piedi in acqua con accesso diretto alla spiaggia per un soggiorno da sogno. Tutti i comfort di un 4 stelle, terrazze e salotti con vista mare."
        ],
        "fr": [
          "Idéalement situé face aux îles rousses de la ville, les pieds dans l'eau avec accès direct à la plage pour un séjour de rêve. Tout le confort d'un 4 étoiles, des terrasses et salons avec vue sur mer."
        ],
        "es": [
          "Idealmente situado frente a las islas pelirrojas de la ciudad, justo en el agua con acceso directo a la playa para una estancia de ensueño. Todas las comodidades de un hotel de 4 estrellas, terrazas y salones con vistas al mar."
        ],
        "nl": [
          "Ideaal gelegen voor de roodharige eilanden van de stad, direct aan het water met directe toegang tot het strand voor een droomverblijf. Alle comfort van een 4-sterrenhotel, terrassen en lounges met uitzicht op zee."
        ]
      }
    }
  ],
  "hasTranslatedProperty": [
    {
      "@id": "https://data.datatourisme.fr/1f2cdfed-c26e-3738-91c9-b8701376ce09",
      "dc:contributor": [
        "https://api.deepl.com/v2/translate"
      ],
      "rdf:language": [
        "es"
      ],
      "rdf:predicate": [
        {
          "@id": "rdfs:comment"
        }
      ]
    },
    {
      "@id": "https://data.datatourisme.fr/408b73c7-6665-3e1f-9367-e4c5f9eadbb5",
      "dc:contributor": [
        "https://api.deepl.com/v2/translate"
      ],
      "rdf:language": [
        "de"
      ],
      "rdf:predicate": [
        {
          "@id": "rdfs:comment"
        }
      ]
    },
    {
      "@id": "https://data.datatourisme.fr/bcd47364-cd54-3226-9683-af689e4fffc8",
      "dc:contributor": [
        "https://api.deepl.com/v2/translate"
      ],
      "rdf:language": [
        "nl"
      ],
      "rdf:predicate": [
        {
          "@id": "rdfs:comment"
        }
      ]
    }
  ],
  "isLocatedAt": [
    {
      "@id": "https://data.datatourisme.fr/7b2f6976-4a33-3016-8114-406acddce5b7",
      "schema:address": [
        {
          "@id": "https://data.datatourisme.fr/7413bdec-8c9c-34ff-9094-4aa9430db0d1",
          "schema:addressLocality": "L'Île-Rousse",
          "schema:postalCode": "20220",
          "schema:streetAddress": [
            "Route du Port"
          ],
          "@type": [
            "schema:PostalAddress",
            "PostalAddress"
          ],
          "hasAddressCity": {
            "@id": "kb:2B134",
            "@type": [
              "City"
            ],
            "rdfs:label": {
              "en": [
                "L'Île-Rousse"
              ],
              "fr": [
                "L'Île-Rousse"
              ]
            },
            "insee": "2B134",
            "isPartOfDepartment": {
              "@id": "kb:France942B",
              "@type": [
                "Department"
              ],
              "rdfs:label": {
                "en": [
                  "Haute-Corse"
                ],
                "fr": [
                  "Haute-Corse"
                ]
              },
              "insee": "2B",
              "isPartOfRegion": {
                "@id": "kb:France94",
                "@type": [
                  "Region"
                ],
                "rdfs:label": {
                  "en": [
                    "Corse"
                  ],
                  "fr": [
                    "Corse"
                  ]
                },
                "insee": "94",
                "isPartOfCountry": {
                  "@id": "kb:France",
                  "@type": [
                    "schema:Country"
                  ],
                  "rdfs:label": {
                    "de": [
                      "Frankreich"
                    ],
                    "pt": [
                      "França"
                    ],
                    "en": [
                      "France"
                    ],
                    "it": [
                      "Francia"
                    ],
                    "fr": [
                      "France"
                    ],
                    "nl": [
                      "Frankrijk"
                    ],
                    "es": [
                      "Francia"
                    ]
                  }
                }
              }
            }
          }
        }
      ],
      "schema:geo": {
        "@id": "https://data.datatourisme.fr/98ac384b-7593-3352-b183-15bf5b12c05b",
        "schema:latitude": "42.638412",
        "schema:longitude": "8.934802",
        "@type": [
          "schema:GeoCoordinates"
        ]
      },
      "schema:openingHoursSpecification": [
        {
          "@id": "https://data.datatourisme.fr/578ec8ae-355a-367d-aac3-235540f3a7aa",
          "schema:validFrom": "2023-01-01T00:00:00",
          "schema:validThrough": "2023-12-31T23:59:59",
          "@type": [
            "schema:OpeningHoursSpecification"
          ],
          "additionalInformation": {
            "de": [
              "24 Stunden am Tag geöffnet.\r\nDie Rezeption ist von 7:00 bis 23:00 Uhr geöffnet"
            ],
            "en": [
              "Open 24 hours a day.\r\nReception is open from 7am to 11pm"
            ],
            "it": [
              "Aperto 24 ore su 24.\r\nLa reception è aperta dalle 7 alle 23"
            ],
            "fr": [
              "Ouvert 24h/24.\r\nLa réception est ouverte de 7h à 23h"
            ],
            "es": [
              "Abierto las 24 horas.\r\nLa recepción está abierta de 7 a 23 horas"
            ],
            "nl": [
              "24 uur open.\r\nDe receptie is geopend van 7 tot 23 uur"
            ]
          },
          "hasTranslatedProperty": [
            {
              "@id": "https://data.datatourisme.fr/048c4abf-c34c-3dc5-bd19-9cf01dec50ac",
              "dc:contributor": [
                "https://api.deepl.com/v2/translate"
              ],
              "rdf:language": [
                "en"
              ],
              "rdf:predicate": [
                "additionalInformation"
              ]
            },
            {
              "@id": "https://data.datatourisme.fr/04beef84-43e2-3530-8c8d-c001d3cbe30e",
              "dc:contributor": [
                "https://api.deepl.com/v2/translate"
              ],
              "rdf:language": [
                "it"
              ],
              "rdf:predicate": [
                "additionalInformation"
              ]
            },
            {
              "@id": "https://data.datatourisme.fr/c7833e44-6fbb-3158-9686-0de1aade6d7c",
              "dc:contributor": [
                "https://api.deepl.com/v2/translate"
              ],
              "rdf:language": [
                "nl"
              ],
              "rdf:predicate": [
                "additionalInformation"
              ]
            },
            {
              "@id": "https://data.datatourisme.fr/e17325b4-bb93-39a9-8b28-0e27d071af48",
              "dc:contributor": [
                "https://api.deepl.com/v2/translate"
              ],
              "rdf:language": [
                "de"
              ],
              "rdf:predicate": [
                "additionalInformation"
              ]
            },
            {
              "@id": "https://data.datatourisme.fr/f1370ada-c24c-3878-8d1b-9ca01aec2052",
              "dc:contributor": [
                "https://api.deepl.com/v2/translate"
              ],
              "rdf:language": [
                "es"
              ],
              "rdf:predicate": [
                "additionalInformation"
              ]
            }
          ]
        }
      ],
      "@type": [
        "schema:Place",
        "Place"
      ]
    }
  ],
  "isOwnedBy": [
    {
      "@id": "https://data.datatourisme.fr/252af22a-253d-33df-b9d7-204832749402",
      "schema:email": [
        "web@ileroussetourisme.com"
      ],
      "schema:legalName": "Office de Tourisme Intercommunal de L'Ile Rousse-Balagne",
      "@type": [
        "schema:Organization",
        "foaf:Agent",
        "Agent"
      ],
      "foaf:homepage": [
        "https://www.balagne-corsica.com/"
      ]
    }
  ],
  "lastUpdate": "2023-01-20",
  "lastUpdateDatatourisme": "2023-04-04T05:52:39.278Z",
  "offers": [
    {
      "@id": "https://data.datatourisme.fr/83550004-2939-363e-994d-671afb0864d5",
      "schema:priceSpecification": [
        {
          "@id": "https://data.datatourisme.fr/01c5852a-398d-3d35-a968-19734e59fd35",
          "schema:maxPrice": [
            "19",
            "20",
            "550"
          ],
          "schema:minPrice": [
            "19",
            "20",
            "85"
          ],
          "schema:priceCurrency": "EUR",
          "@type": [
            "schema:PriceSpecification",
            "PriceSpecification"
          ],
          "appliesOnPeriod": [
            {
              "@id": "https://data.datatourisme.fr/a425afdf-3594-300b-b55e-1858bafa3fd4",
              "@type": [
                "Period"
              ],
              "endDate": "2023-12-31",
              "startDate": "2023-01-01"
            }
          ]
        }
      ],
      "@type": [
        "schema:Offer",
        "Offer"
      ]
    }
  ]
}