{
  "@id": "https://data.datatourisme.fr/13/9e4a1037-4182-3c27-b7cb-833ddc28cf29",
  "dc:identifier": "5206087",
  "@type": [
    "schema:LocalBusiness",
    "ActivityProvider",
    "PlaceOfInterest",
    "PointOfInterest",
    "Store"
  ],
  "rdfs:comment": {
    "de": [
      "Wandern & Quadfahren auf den Pfaden der Alta Rocca."
    ],
    "en": [
      "Hiking & quad biking through the paths of the Alta Rocca."
    ],
    "it": [
      "Escursioni a piedi e in quad attraverso i sentieri dell'Alta Rocca."
    ],
    "fr": [
      "Au cœur de l'Alta Rocca, nous vous proposons des balades en quad ou ssv à la découverte des villages, des bergeries et de magnifiques paysages. Balades en famille, entre amis, C.E., enterrement de vie de jeune fille/garçon. Guide privé sur demande."
    ],
    "nl": [
      "Wandelen & quad rijden door de paden van de Alta Rocca."
    ],
    "es": [
      "En el corazón de la Alta Rocca, le ofrecemos paseos en quad o en ssv para descubrir pueblos, apriscos y hermosos paisajes. Paseos en familia, con amigos, reuniones de negocios, despedidas de soltero/a. Guía privado a petición."
    ]
  },
  "rdfs:label": {
    "fr": [
      "Corsica Mountain Quad"
    ]
  },
  "hasBeenCreatedBy": {
    "@id": "https://data.datatourisme.fr/13/84c6494d-3085-3c63-a55c-db8cb047fadd",
    "dc:identifier": "1738",
    "schema:email": [
      "camillef.omt@gmail.com",
      "direction@destination-sudcorse.com",
      "gestion@destination-sudcorse.com",
      "promotion@destination-sudcorse.com",
      "webmaster@destination-sudcorse.com"
    ],
    "schema:legalName": "Porto Vecchio Tourisme",
    "@type": [
      "schema:Organization",
      "foaf:Agent",
      "Agent"
    ],
    "foaf:homepage": [
      "http://www.ot-portovecchio.com/"
    ]
  },
  "hasBeenPublishedBy": [
    {
      "@id": "https://data.datatourisme.fr/8a9feb4b-2cbd-3d2c-b507-bd6c6776b23b",
      "schema:legalName": "Apidae Tourisme Scic SA - source : Apidae Tourisme",
      "@type": [
        "schema:Organization",
        "foaf:Agent",
        "Agent"
      ],
      "foaf:homepage": [
        "https://www.apidae-tourisme.com/"
      ]
    }
  ],
  "hasContact": [
    {
      "@id": "https://data.datatourisme.fr/30d291ef-6e81-3d0e-bfa9-a67c67f6364a",
      "schema:email": [
        "corsicamountainquad2a@gmail.com"
      ],
      "schema:telephone": [
        "+33 4 95 70 68 08",
        "+33 6 24 87 56 85"
      ],
      "@type": [
        "foaf:Agent",
        "Agent"
      ],
      "foaf:homepage": [
        "http://www.randoquadcorse.org/"
      ]
    }
  ],
  "hasDescription": [
    {
      "@id": "https://data.datatourisme.fr/95f9a521-cc07-3c53-8bc7-187ab3fc9122",
      "@type": [
        "Description"
      ],
      "hasTranslatedProperty": [
        {
          "@id": "https://data.datatourisme.fr/0e52e58c-055b-3060-86de-0d25d007d994",
          "dc:contributor": [
            "https://api.deepl.com/v2/translate"
          ],
          "rdf:language": [
            "es"
          ],
          "rdf:predicate": [
            "shortDescription"
          ]
        }
      ],
      "shortDescription": {
        "de": [
          "Wandern & Quadfahren auf den Pfaden der Alta Rocca."
        ],
        "en": [
          "Hiking & quad biking through the paths of the Alta Rocca."
        ],
        "it": [
          "Escursioni a piedi e in quad attraverso i sentieri dell'Alta Rocca."
        ],
        "fr": [
          "Au cœur de l'Alta Rocca, nous vous proposons des balades en quad ou ssv à la découverte des villages, des bergeries et de magnifiques paysages. Balades en famille, entre amis, C.E., enterrement de vie de jeune fille/garçon. Guide privé sur demande."
        ],
        "nl": [
          "Wandelen & quad rijden door de paden van de Alta Rocca."
        ],
        "es": [
          "En el corazón de la Alta Rocca, le ofrecemos paseos en quad o en ssv para descubrir pueblos, apriscos y hermosos paisajes. Paseos en familia, con amigos, reuniones de negocios, despedidas de soltero/a. Guía privado a petición."
        ]
      }
    }
  ],
  "hasTheme": [
    {
      "@id": "kb:Buggy",
      "@type": [
        "SportsTheme"
      ],
      "rdfs:label": {
        "de": [
          "Buggy"
        ],
        "pt": [
          "Buggy"
        ],
        "en": [
          "Buggy"
        ],
        "it": [
          "Buggy"
        ],
        "fr": [
          "Buggy"
        ],
        "nl": [
          "Buggy"
        ],
        "es": [
          "Buggy"
        ]
      }
    },
    {
      "@id": "kb:Quad",
      "@type": [
        "SportsTheme"
      ],
      "rdfs:label": {
        "de": [
          "Quad"
        ],
        "pt": [
          "Moto-quatro"
        ],
        "en": [
          "Quad"
        ],
        "it": [
          "Quad"
        ],
        "fr": [
          "Quad"
        ],
        "nl": [
          "Quad"
        ],
        "es": [
          "Quad"
        ]
      }
    }
  ],
  "hasTranslatedProperty": [
    {
      "@id": "https://data.datatourisme.fr/f39378c4-914a-35c5-81d0-1f17e2d5a2e1",
      "dc:contributor": [
        "https://api.deepl.com/v2/translate"
      ],
      "rdf:language": [
        "es"
      ],
      "rdf:predicate": [
        {
          "@id": "rdfs:comment"
        }
      ]
    }
  ],
  "isLocatedAt": [
    {
      "@id": "https://data.datatourisme.fr/c4aabd3a-878a-368b-b9e7-94c6ae646660",
      "schema:address": [
        {
          "@id": "https://data.datatourisme.fr/5efb53a5-3813-3bde-985d-cd4d4bf24590",
          "schema:addressLocality": "Porto-Vecchio",
          "schema:postalCode": "20137",
          "schema:streetAddress": [
            "L'Ospedale - D368",
            "Parking de la cascade",
            "Piscia di Ghjaddu"
          ],
          "@type": [
            "schema:PostalAddress",
            "PostalAddress"
          ],
          "hasAddressCity": {
            "@id": "kb:2A247",
            "@type": [
              "City"
            ],
            "rdfs:label": {
              "en": [
                "Porto-Vecchio"
              ],
              "fr": [
                "Porto-Vecchio"
              ]
            },
            "insee": "2A247",
            "isPartOfDepartment": {
              "@id": "kb:France942A",
              "@type": [
                "Department"
              ],
              "rdfs:label": {
                "en": [
                  "Corse-du-Sud"
                ],
                "fr": [
                  "Corse-du-Sud"
                ]
              },
              "insee": "2A",
              "isPartOfRegion": {
                "@id": "kb:France94",
                "@type": [
                  "Region"
                ],
                "rdfs:label": {
                  "en": [
                    "Corse"
                  ],
                  "fr": [
                    "Corse"
                  ]
                },
                "insee": "94",
                "isPartOfCountry": {
                  "@id": "kb:France",
                  "@type": [
                    "schema:Country"
                  ],
                  "rdfs:label": {
                    "de": [
                      "Frankreich"
                    ],
                    "pt": [
                      "França"
                    ],
                    "en": [
                      "France"
                    ],
                    "it": [
                      "Francia"
                    ],
                    "fr": [
                      "France"
                    ],
                    "nl": [
                      "Frankrijk"
                    ],
                    "es": [
                      "Francia"
                    ]
                  }
                }
              }
            }
          }
        }
      ],
      "schema:geo": {
        "@id": "https://data.datatourisme.fr/9f525288-8ec0-3c25-872f-d07c09e3e302",
        "schema:latitude": "41.689343",
        "schema:longitude": "9.205972",
        "@type": [
          "schema:GeoCoordinates"
        ]
      },
      "schema:openingHoursSpecification": [
        {
          "@id": "https://data.datatourisme.fr/f87e535a-636d-3343-ad63-8a03392e7511",
          "schema:validFrom": "2023-01-01T00:00:00",
          "schema:validThrough": "2023-12-31T23:59:59",
          "@type": [
            "schema:OpeningHoursSpecification"
          ]
        }
      ],
      "@type": [
        "schema:Place",
        "Place"
      ]
    }
  ],
  "isOwnedBy": [
    {
      "@id": "https://data.datatourisme.fr/f5f950f9-5eec-32b4-a357-2c969ccf4068",
      "schema:email": [
        "camillef.omt@gmail.com",
        "direction@destination-sudcorse.com",
        "gestion@destination-sudcorse.com",
        "promotion@destination-sudcorse.com",
        "webmaster@destination-sudcorse.com"
      ],
      "schema:legalName": "Porto Vecchio Tourisme",
      "@type": [
        "schema:Organization",
        "foaf:Agent",
        "Agent"
      ],
      "foaf:homepage": [
        "http://www.ot-portovecchio.com/"
      ]
    }
  ],
  "lastUpdate": "2023-02-15",
  "lastUpdateDatatourisme": "2023-02-16T06:39:41.953Z",
  "offers": [
    {
      "@id": "https://data.datatourisme.fr/eef7e0ce-eb08-3f6e-9891-c315e09bf1c2",
      "schema:priceSpecification": [
        {
          "@id": "https://data.datatourisme.fr/001e4f56-8ef8-3efa-bbf2-91327bd4e4f5",
          "schema:maxPrice": [
            "390"
          ],
          "schema:minPrice": [
            "12"
          ],
          "schema:priceCurrency": "EUR",
          "@type": [
            "schema:PriceSpecification",
            "PriceSpecification"
          ],
          "appliesOnPeriod": [
            {
              "@id": "https://data.datatourisme.fr/a425afdf-3594-300b-b55e-1858bafa3fd4",
              "@type": [
                "Period"
              ],
              "endDate": "2023-12-31",
              "startDate": "2023-01-01"
            }
          ]
        }
      ],
      "@type": [
        "schema:Offer",
        "Offer"
      ]
    }
  ]
}