{
  "@id": "https://data.datatourisme.fr/13/46d10565-85b7-3d18-8277-6bd7f3532a7a",
  "dc:identifier": "6316812",
  "@type": [
    "schema:LocalBusiness",
    "ActivityProvider",
    "PlaceOfInterest",
    "PointOfInterest",
    "Store"
  ],
  "rdfs:comment": {
    "de": [
      "Für leidenschaftliche Canyoning-Fans, Sensationshungrige oder einfach nur Naturliebhaber bietet der Alcudina Canyon eine atemberaubende Landschaft."
    ],
    "en": [
      "For canyoning enthusiasts, thrill seekers or simply for nature lovers, Alcudina Canyon will make you discover breathtaking landscapes."
    ],
    "it": [
      "Per gli appassionati di canyoning, gli amanti del brivido o semplicemente della natura, il Canyon dell'Alcudina offre scenari mozzafiato."
    ],
    "fr": [
      "Pour les passionnés de canyoning, les amateurs de sensations ou tout simplement pour les amoureux de la nature, Alcudina Canyon vous fera découvrir des paysages à couper le souffle."
    ],
    "nl": [
      "Voor liefhebbers van canyoning, sensatiezoekers of gewoon natuurliefhebbers biedt Alcudina Canyon een adembenemend landschap."
    ],
    "es": [
      "Para los aficionados al barranquismo, los buscadores de emociones o simplemente los amantes de la naturaleza, el Cañón de Alcudina ofrece un paisaje impresionante."
    ]
  },
  "rdfs:label": {
    "fr": [
      "Alcudina Canyon"
    ]
  },
  "hasBeenCreatedBy": {
    "@id": "https://data.datatourisme.fr/13/84c6494d-3085-3c63-a55c-db8cb047fadd",
    "dc:identifier": "1738",
    "schema:email": [
      "camillef.omt@gmail.com",
      "direction@destination-sudcorse.com",
      "gestion@destination-sudcorse.com",
      "promotion@destination-sudcorse.com",
      "webmaster@destination-sudcorse.com"
    ],
    "schema:legalName": "Porto Vecchio Tourisme",
    "@type": [
      "schema:Organization",
      "foaf:Agent",
      "Agent"
    ],
    "foaf:homepage": [
      "http://www.ot-portovecchio.com/"
    ]
  },
  "hasBeenPublishedBy": [
    {
      "@id": "https://data.datatourisme.fr/8a9feb4b-2cbd-3d2c-b507-bd6c6776b23b",
      "schema:legalName": "Apidae Tourisme Scic SA - source : Apidae Tourisme",
      "@type": [
        "schema:Organization",
        "foaf:Agent",
        "Agent"
      ],
      "foaf:homepage": [
        "https://www.apidae-tourisme.com/"
      ]
    }
  ],
  "hasContact": [
    {
      "@id": "https://data.datatourisme.fr/eb25838b-e5c4-32b4-8941-816ce24333ca",
      "schema:telephone": [
        "+33 6 82 31 29 08"
      ],
      "@type": [
        "foaf:Agent",
        "Agent"
      ]
    }
  ],
  "hasDescription": [
    {
      "@id": "https://data.datatourisme.fr/83934fa7-f22f-305e-a57d-d80dce5d7c24",
      "@type": [
        "Description"
      ],
      "hasTranslatedProperty": [
        {
          "@id": "https://data.datatourisme.fr/41ed943e-d7d7-3227-ab9e-9c828db4f2ad",
          "dc:contributor": [
            "https://api.deepl.com/v2/translate"
          ],
          "rdf:language": [
            "nl"
          ],
          "rdf:predicate": [
            "shortDescription"
          ]
        },
        {
          "@id": "https://data.datatourisme.fr/9be73a76-b302-3532-9ca9-529aa2954049",
          "dc:contributor": [
            "https://api.deepl.com/v2/translate"
          ],
          "rdf:language": [
            "en"
          ],
          "rdf:predicate": [
            "shortDescription"
          ]
        },
        {
          "@id": "https://data.datatourisme.fr/9e9ae7e0-0592-3ec3-a672-a1b4f159e29e",
          "dc:contributor": [
            "https://api.deepl.com/v2/translate"
          ],
          "rdf:language": [
            "es"
          ],
          "rdf:predicate": [
            "shortDescription"
          ]
        },
        {
          "@id": "https://data.datatourisme.fr/bb66fc60-082b-3536-881d-1d6e6be57f78",
          "dc:contributor": [
            "https://api.deepl.com/v2/translate"
          ],
          "rdf:language": [
            "it"
          ],
          "rdf:predicate": [
            "shortDescription"
          ]
        },
        {
          "@id": "https://data.datatourisme.fr/ed85be38-186b-3b45-8b14-82991fe7146d",
          "dc:contributor": [
            "https://api.deepl.com/v2/translate"
          ],
          "rdf:language": [
            "de"
          ],
          "rdf:predicate": [
            "shortDescription"
          ]
        }
      ],
      "shortDescription": {
        "de": [
          "Für leidenschaftliche Canyoning-Fans, Sensationshungrige oder einfach nur Naturliebhaber bietet der Alcudina Canyon eine atemberaubende Landschaft."
        ],
        "en": [
          "For canyoning enthusiasts, thrill seekers or simply for nature lovers, Alcudina Canyon will make you discover breathtaking landscapes."
        ],
        "it": [
          "Per gli appassionati di canyoning, gli amanti del brivido o semplicemente della natura, il Canyon dell'Alcudina offre scenari mozzafiato."
        ],
        "fr": [
          "Pour les passionnés de canyoning, les amateurs de sensations ou tout simplement pour les amoureux de la nature, Alcudina Canyon vous fera découvrir des paysages à couper le souffle."
        ],
        "nl": [
          "Voor liefhebbers van canyoning, sensatiezoekers of gewoon natuurliefhebbers biedt Alcudina Canyon een adembenemend landschap."
        ],
        "es": [
          "Para los aficionados al barranquismo, los buscadores de emociones o simplemente los amantes de la naturaleza, el Cañón de Alcudina ofrece un paisaje impresionante."
        ]
      }
    }
  ],
  "hasTheme": [
    {
      "@id": "kb:Canyoning",
      "@type": [
        "SportsTheme"
      ],
      "rdfs:label": {
        "de": [
          "Canyoning"
        ],
        "pt": [
          "Canoagem"
        ],
        "en": [
          "Canyoning"
        ],
        "it": [
          "Canyoning"
        ],
        "fr": [
          "Canyoning"
        ],
        "es": [
          "Piragüismo"
        ],
        "nl": [
          "Canyoning"
        ]
      }
    }
  ],
  "hasTranslatedProperty": [
    {
      "@id": "https://data.datatourisme.fr/21741300-f3ba-3fa1-94d3-98411e3d0e02",
      "dc:contributor": [
        "https://api.deepl.com/v2/translate"
      ],
      "rdf:language": [
        "en"
      ],
      "rdf:predicate": [
        {
          "@id": "rdfs:comment"
        }
      ]
    },
    {
      "@id": "https://data.datatourisme.fr/cbd62ddd-53a9-36d1-a065-015182d72f4d",
      "dc:contributor": [
        "https://api.deepl.com/v2/translate"
      ],
      "rdf:language": [
        "de"
      ],
      "rdf:predicate": [
        {
          "@id": "rdfs:comment"
        }
      ]
    },
    {
      "@id": "https://data.datatourisme.fr/db932f4e-33d8-3f1b-904e-d781a3a018a4",
      "dc:contributor": [
        "https://api.deepl.com/v2/translate"
      ],
      "rdf:language": [
        "nl"
      ],
      "rdf:predicate": [
        {
          "@id": "rdfs:comment"
        }
      ]
    },
    {
      "@id": "https://data.datatourisme.fr/e8e403a3-b8ca-3179-b851-fef1458f2fc6",
      "dc:contributor": [
        "https://api.deepl.com/v2/translate"
      ],
      "rdf:language": [
        "it"
      ],
      "rdf:predicate": [
        {
          "@id": "rdfs:comment"
        }
      ]
    },
    {
      "@id": "https://data.datatourisme.fr/fab27ac2-4291-3b66-aa8c-6a7821d91c49",
      "dc:contributor": [
        "https://api.deepl.com/v2/translate"
      ],
      "rdf:language": [
        "es"
      ],
      "rdf:predicate": [
        {
          "@id": "rdfs:comment"
        }
      ]
    }
  ],
  "isLocatedAt": [
    {
      "@id": "https://data.datatourisme.fr/c090ca50-b771-3a00-93c0-cbca3330641e",
      "schema:address": [
        {
          "@id": "https://data.datatourisme.fr/985b7223-aa1f-3c6a-81b6-e3ff21bdd021",
          "schema:addressLocality": "Quenza",
          "schema:postalCode": "20122",
          "@type": [
            "schema:PostalAddress",
            "PostalAddress"
          ],
          "hasAddressCity": {
            "@id": "kb:2A254",
            "@type": [
              "City"
            ],
            "rdfs:label": {
              "en": [
                "Quenza"
              ],
              "fr": [
                "Quenza"
              ]
            },
            "insee": "2A254",
            "isPartOfDepartment": {
              "@id": "kb:France942A",
              "@type": [
                "Department"
              ],
              "rdfs:label": {
                "en": [
                  "Corse-du-Sud"
                ],
                "fr": [
                  "Corse-du-Sud"
                ]
              },
              "insee": "2A",
              "isPartOfRegion": {
                "@id": "kb:France94",
                "@type": [
                  "Region"
                ],
                "rdfs:label": {
                  "en": [
                    "Corse"
                  ],
                  "fr": [
                    "Corse"
                  ]
                },
                "insee": "94",
                "isPartOfCountry": {
                  "@id": "kb:France",
                  "@type": [
                    "schema:Country"
                  ],
                  "rdfs:label": {
                    "de": [
                      "Frankreich"
                    ],
                    "pt": [
                      "França"
                    ],
                    "en": [
                      "France"
                    ],
                    "it": [
                      "Francia"
                    ],
                    "fr": [
                      "France"
                    ],
                    "nl": [
                      "Frankrijk"
                    ],
                    "es": [
                      "Francia"
                    ]
                  }
                }
              }
            }
          }
        }
      ],
      "schema:geo": {
        "@id": "https://data.datatourisme.fr/d5e01ed6-3a02-335c-9884-0fcd8670cb22",
        "schema:latitude": "41.781592",
        "schema:longitude": "9.143549",
        "@type": [
          "schema:GeoCoordinates"
        ]
      },
      "schema:openingHoursSpecification": [
        {
          "@id": "https://data.datatourisme.fr/7b642c36-6cf4-3ce7-83d2-2aa105984889",
          "schema:validFrom": "2023-04-15T00:00:00",
          "schema:validThrough": "2023-10-15T23:59:59",
          "@type": [
            "schema:OpeningHoursSpecification"
          ],
          "additionalInformation": {
            "de": [
              "Geöffnet vom 15. April bis 15. Oktober"
            ],
            "en": [
              "Open from April 15 to October 15"
            ],
            "it": [
              "Aperto dal 15 aprile al 15 ottobre"
            ],
            "fr": [
              "Ouvert du 15 avril au 15 octobre"
            ],
            "nl": [
              "Geopend van 15 april tot 15 oktober"
            ],
            "es": [
              "Abierto del 15 de abril al 15 de octubre"
            ]
          },
          "hasTranslatedProperty": [
            {
              "@id": "https://data.datatourisme.fr/14fea2ac-8489-3bbd-8007-4f7dbb616001",
              "dc:contributor": [
                "https://api.deepl.com/v2/translate"
              ],
              "rdf:language": [
                "en"
              ],
              "rdf:predicate": [
                "additionalInformation"
              ]
            },
            {
              "@id": "https://data.datatourisme.fr/73ab2292-32a0-3663-b8d7-3ef6d7224192",
              "dc:contributor": [
                "https://api.deepl.com/v2/translate"
              ],
              "rdf:language": [
                "de"
              ],
              "rdf:predicate": [
                "additionalInformation"
              ]
            },
            {
              "@id": "https://data.datatourisme.fr/7c049d67-ff7a-3879-8c44-983f9a7e56a2",
              "dc:contributor": [
                "https://api.deepl.com/v2/translate"
              ],
              "rdf:language": [
                "it"
              ],
              "rdf:predicate": [
                "additionalInformation"
              ]
            },
            {
              "@id": "https://data.datatourisme.fr/cd7492b5-d683-3677-9512-804667073c61",
              "dc:contributor": [
                "https://api.deepl.com/v2/translate"
              ],
              "rdf:language": [
                "es"
              ],
              "rdf:predicate": [
                "additionalInformation"
              ]
            },
            {
              "@id": "https://data.datatourisme.fr/eee07973-4ba9-38b2-89b4-175a534111e6",
              "dc:contributor": [
                "https://api.deepl.com/v2/translate"
              ],
              "rdf:language": [
                "nl"
              ],
              "rdf:predicate": [
                "additionalInformation"
              ]
            }
          ]
        }
      ],
      "@type": [
        "schema:Place",
        "Place"
      ]
    }
  ],
  "isOwnedBy": [
    {
      "@id": "https://data.datatourisme.fr/f5f950f9-5eec-32b4-a357-2c969ccf4068",
      "schema:email": [
        "camillef.omt@gmail.com",
        "direction@destination-sudcorse.com",
        "gestion@destination-sudcorse.com",
        "promotion@destination-sudcorse.com",
        "webmaster@destination-sudcorse.com"
      ],
      "schema:legalName": "Porto Vecchio Tourisme",
      "@type": [
        "schema:Organization",
        "foaf:Agent",
        "Agent"
      ],
      "foaf:homepage": [
        "http://www.ot-portovecchio.com/"
      ]
    }
  ],
  "lastUpdate": "2023-02-20",
  "lastUpdateDatatourisme": "2023-02-21T06:40:31.66Z",
  "offers": [
    {
      "@id": "https://data.datatourisme.fr/90ec6b61-eed5-3144-b6f7-4e025baa174c",
      "schema:priceSpecification": [
        {
          "@id": "https://data.datatourisme.fr/9f13ab81-8073-3256-853f-6860eed06940",
          "schema:minPrice": [
            "55"
          ],
          "schema:priceCurrency": "EUR",
          "@type": [
            "schema:PriceSpecification",
            "PriceSpecification"
          ],
          "appliesOnPeriod": [
            {
              "@id": "https://data.datatourisme.fr/f3f35760-c80f-3b1c-8cb0-5e2a21ba5396",
              "@type": [
                "Period"
              ],
              "endDate": "2023-10-15",
              "startDate": "2023-04-15"
            }
          ]
        }
      ],
      "@type": [
        "schema:Offer",
        "Offer"
      ]
    }
  ]
}