{
  "@id": "https://data.datatourisme.fr/13/bc6ef10a-f982-3e15-b2e1-5b0a00bcdf1b",
  "dc:identifier": "4991576",
  "@type": [
    "schema:FoodEstablishment",
    "FoodEstablishment",
    "PlaceOfInterest",
    "PointOfInterest"
  ],
  "rdfs:comment": {
    "de": [
      "In Casa ist eine Einladung zu einer Reise nach Korsika, einem Moment der Entspannung in der Balagne im weißen Sand mit Blick auf das Meer und die Zitadelle... unter der Sonne von Calvi... genau!"
    ],
    "en": [
      "In Casa is an invitation to travel to Corsica, a moment of relaxation in the Balagne region in the white sand while contemplating the sea and the citadel... under the sun of Calvi... exactly!"
    ],
    "it": [
      "In Casa è un invito a viaggiare in Corsica, un momento di relax nella regione della Balagne sulla sabbia bianca, contemplando il mare e la cittadella... sotto il sole di Calvi... esattamente!"
    ],
    "fr": [
      "In Casa est une invitation au voyage en Corse, un moment de détente en Balagne dans le sable blanc en contemplant la mer et la citadelle... sous le soleil de Calvi... exactement !"
    ],
    "nl": [
      "In Casa is een uitnodiging om naar Corsica te reizen, een moment van ontspanning in de Balagne in het witte zand, met uitzicht op de zee en de citadel... onder de zon van Calvi... precies!"
    ],
    "es": [
      "In Casa es una invitación a viajar a Córcega, un momento de relax en la región de Balagne en la arena blanca, contemplando el mar y la ciudadela... bajo el sol de Calvi... ¡exactamente!"
    ]
  },
  "rdfs:label": {
    "fr": [
      "In Casa"
    ]
  },
  "hasBeenCreatedBy": {
    "@id": "https://data.datatourisme.fr/13/e4873aa9-a05c-35ed-8395-61d121516766",
    "dc:identifier": "1646",
    "schema:email": [
      "info@balagne-corsica.com"
    ],
    "schema:legalName": "Office de Tourisme Intercommunal Calvi - Balagne",
    "@type": [
      "schema:Organization",
      "foaf:Agent",
      "Agent"
    ],
    "foaf:homepage": [
      "https://www.balagne-corsica.com/"
    ]
  },
  "hasBeenPublishedBy": [
    {
      "@id": "https://data.datatourisme.fr/8a9feb4b-2cbd-3d2c-b507-bd6c6776b23b",
      "schema:legalName": "Apidae Tourisme Scic SA - source : Apidae Tourisme",
      "@type": [
        "schema:Organization",
        "foaf:Agent",
        "Agent"
      ],
      "foaf:homepage": [
        "https://www.apidae-tourisme.com/"
      ]
    }
  ],
  "hasContact": [
    {
      "@id": "https://data.datatourisme.fr/1522fc08-4af9-3842-a3ab-488a8b9dbdca",
      "schema:email": [
        "incasacalvi@gmail.com"
      ],
      "schema:telephone": [
        "+33 4 95 60 18 21"
      ],
      "@type": [
        "foaf:Agent",
        "Agent"
      ],
      "foaf:homepage": [
        "http://www.plageincasa.com/"
      ]
    }
  ],
  "hasDescription": [
    {
      "@id": "https://data.datatourisme.fr/cd0f8e65-2733-32be-9d34-e701235b9f28",
      "@type": [
        "Description"
      ],
      "hasTranslatedProperty": [
        {
          "@id": "https://data.datatourisme.fr/184b27d9-7331-38a8-8ff9-a3f2b3fb1ab1",
          "dc:contributor": [
            "https://api.deepl.com/v2/translate"
          ],
          "rdf:language": [
            "de"
          ],
          "rdf:predicate": [
            "shortDescription"
          ]
        },
        {
          "@id": "https://data.datatourisme.fr/581976b4-cfe1-3027-a7b6-8d8e005d9764",
          "dc:contributor": [
            "https://api.deepl.com/v2/translate"
          ],
          "rdf:language": [
            "es"
          ],
          "rdf:predicate": [
            "shortDescription"
          ]
        },
        {
          "@id": "https://data.datatourisme.fr/810c167c-1809-3710-ae82-86916d0e3988",
          "dc:contributor": [
            "https://api.deepl.com/v2/translate"
          ],
          "rdf:language": [
            "nl"
          ],
          "rdf:predicate": [
            "shortDescription"
          ]
        }
      ],
      "shortDescription": {
        "de": [
          "In Casa ist eine Einladung zu einer Reise nach Korsika, einem Moment der Entspannung in der Balagne im weißen Sand mit Blick auf das Meer und die Zitadelle... unter der Sonne von Calvi... genau!"
        ],
        "en": [
          "In Casa is an invitation to travel to Corsica, a moment of relaxation in the Balagne region in the white sand while contemplating the sea and the citadel... under the sun of Calvi... exactly!"
        ],
        "it": [
          "In Casa è un invito a viaggiare in Corsica, un momento di relax nella regione della Balagne sulla sabbia bianca, contemplando il mare e la cittadella... sotto il sole di Calvi... esattamente!"
        ],
        "fr": [
          "In Casa est une invitation au voyage en Corse, un moment de détente en Balagne dans le sable blanc en contemplant la mer et la citadelle... sous le soleil de Calvi... exactement !"
        ],
        "nl": [
          "In Casa is een uitnodiging om naar Corsica te reizen, een moment van ontspanning in de Balagne in het witte zand, met uitzicht op de zee en de citadel... onder de zon van Calvi... precies!"
        ],
        "es": [
          "In Casa es una invitación a viajar a Córcega, un momento de relax en la región de Balagne en la arena blanca, contemplando el mar y la ciudadela... bajo el sol de Calvi... ¡exactamente!"
        ]
      }
    }
  ],
  "hasTheme": [
    {
      "@id": "kb:MediterraneanCuisine",
      "@type": [
        "CuisineCategory"
      ],
      "rdfs:label": {
        "de": [
          "Mediterrane Küche"
        ],
        "pt": [
          "Cozinha mediterrânica"
        ],
        "en": [
          "Mediterranean cuisine"
        ],
        "it": [
          "Cucina mediterranea"
        ],
        "fr": [
          "Cuisine méditerranéenne"
        ],
        "nl": [
          "Mediterrane keuken"
        ],
        "es": [
          "Cocina mediterránea"
        ]
      }
    }
  ],
  "hasTranslatedProperty": [
    {
      "@id": "https://data.datatourisme.fr/3c68a575-07d5-312b-972f-e9dc7d7739d5",
      "dc:contributor": [
        "https://api.deepl.com/v2/translate"
      ],
      "rdf:language": [
        "es"
      ],
      "rdf:predicate": [
        {
          "@id": "rdfs:comment"
        }
      ]
    },
    {
      "@id": "https://data.datatourisme.fr/5bfd2bc9-8b45-38c8-997e-8ad98a16b4a9",
      "dc:contributor": [
        "https://api.deepl.com/v2/translate"
      ],
      "rdf:language": [
        "de"
      ],
      "rdf:predicate": [
        {
          "@id": "rdfs:comment"
        }
      ]
    },
    {
      "@id": "https://data.datatourisme.fr/af047ede-fb5d-367b-9a95-f0188165d125",
      "dc:contributor": [
        "https://api.deepl.com/v2/translate"
      ],
      "rdf:language": [
        "nl"
      ],
      "rdf:predicate": [
        {
          "@id": "rdfs:comment"
        }
      ]
    }
  ],
  "isLocatedAt": [
    {
      "@id": "https://data.datatourisme.fr/7d15495a-2b60-3ef6-9abd-5937986a7104",
      "schema:address": [
        {
          "@id": "https://data.datatourisme.fr/bcb9c2de-8476-37bc-b179-68fc6a669944",
          "schema:addressLocality": "Calvi",
          "schema:postalCode": "20260",
          "schema:streetAddress": [
            "Plage de Calvi n° 17"
          ],
          "@type": [
            "schema:PostalAddress",
            "PostalAddress"
          ],
          "hasAddressCity": {
            "@id": "kb:2B050",
            "@type": [
              "City"
            ],
            "rdfs:label": {
              "en": [
                "Calvi"
              ],
              "fr": [
                "Calvi"
              ]
            },
            "insee": "2B050",
            "isPartOfDepartment": {
              "@id": "kb:France942B",
              "@type": [
                "Department"
              ],
              "rdfs:label": {
                "en": [
                  "Haute-Corse"
                ],
                "fr": [
                  "Haute-Corse"
                ]
              },
              "insee": "2B",
              "isPartOfRegion": {
                "@id": "kb:France94",
                "@type": [
                  "Region"
                ],
                "rdfs:label": {
                  "en": [
                    "Corse"
                  ],
                  "fr": [
                    "Corse"
                  ]
                },
                "insee": "94",
                "isPartOfCountry": {
                  "@id": "kb:France",
                  "@type": [
                    "schema:Country"
                  ],
                  "rdfs:label": {
                    "de": [
                      "Frankreich"
                    ],
                    "pt": [
                      "França"
                    ],
                    "en": [
                      "France"
                    ],
                    "it": [
                      "Francia"
                    ],
                    "fr": [
                      "France"
                    ],
                    "nl": [
                      "Frankrijk"
                    ],
                    "es": [
                      "Francia"
                    ]
                  }
                }
              }
            }
          }
        }
      ],
      "schema:geo": {
        "@id": "https://data.datatourisme.fr/4df149dd-e245-3937-a87b-6064baa09402",
        "schema:latitude": "42.554144",
        "schema:longitude": "8.771575",
        "@type": [
          "schema:GeoCoordinates"
        ]
      },
      "schema:openingHoursSpecification": [
        {
          "@id": "https://data.datatourisme.fr/85103c8e-41a2-36ae-b796-1339e2fcd202",
          "schema:validFrom": "2023-06-01T00:00:00",
          "schema:validThrough": "2023-09-30T23:59:59",
          "@type": [
            "schema:OpeningHoursSpecification"
          ]
        }
      ],
      "@type": [
        "schema:Place",
        "Place"
      ]
    }
  ],
  "isOwnedBy": [
    {
      "@id": "https://data.datatourisme.fr/194c52e6-bbae-33dc-8464-caca97844fbb",
      "schema:email": [
        "info@balagne-corsica.com"
      ],
      "schema:legalName": "Office de Tourisme Intercommunal Calvi - Balagne",
      "@type": [
        "schema:Organization",
        "foaf:Agent",
        "Agent"
      ],
      "foaf:homepage": [
        "https://www.balagne-corsica.com/"
      ]
    }
  ],
  "lastUpdate": "2022-05-03",
  "lastUpdateDatatourisme": "2023-02-27T06:40:40.77Z",
  "providesCuisineOfType": [
    {
      "@id": "kb:MediterraneanCuisine",
      "@type": [
        "CuisineCategory"
      ],
      "rdfs:label": {
        "de": [
          "Mediterrane Küche"
        ],
        "pt": [
          "Cozinha mediterrânica"
        ],
        "en": [
          "Mediterranean cuisine"
        ],
        "it": [
          "Cucina mediterranea"
        ],
        "fr": [
          "Cuisine méditerranéenne"
        ],
        "nl": [
          "Mediterrane keuken"
        ],
        "es": [
          "Cocina mediterránea"
        ]
      }
    }
  ]
}