{
  "@id": "https://data.datatourisme.fr/13/1f917c08-5f60-3d75-ab8d-1a54bf0688ac",
  "dc:identifier": "4998298",
  "@type": [
    "schema:GolfCourse",
    "GolfCourse",
    "PlaceOfInterest",
    "PointOfInterest",
    "SportsAndLeisurePlace"
  ],
  "rdfs:comment": {
    "de": [
      "Der Golf du Reginu, ein homologierter 9-Loch-Golfplatz und einzigartig in der Balagne, empfängt Sie jeden Tag für Ihre Übungen, Putting- und Pitching-Greens. Vor Ort können Sie vom Clubhaus, seiner Terrasse, der Bar und dem Sandwichladen profitieren."
    ],
    "en": [
      "Unique in Balagne, Reginu Golf Course is an accredited 9-hole course where you'll also find a driving range, putting green, pitching green and a club-house and bar where you can enjoy a snack on the terrace. Open daily."
    ],
    "it": [
      "Il Golf du Reginu, omologato per 9 buche e unico in Balagne, vi accoglie ogni giorno per la pratica, il putting green e il pitching green. Sul posto, potrete usufruire della club-house, della sua terrazza, del bar e della paninoteca."
    ],
    "fr": [
      "Le Golf du Reginu, homologué 9 trous et unique en Balagne, vous accueille tous les jours pour vos practice, putting green et pitching-green. Sur place, vous profiterez du club-house, de sa terrasse, du bar et de sa sandwicherie."
    ],
    "es": [
      "El Golf du Reginu, homologado para 9 hoyos y único en Balagne, le acoge cada día para su práctica, putting green y pitching green. En el lugar, podrá disfrutar de la casa club, su terraza, el bar y su tienda de bocadillos."
    ],
    "nl": [
      "De Golf du Reginu, goedgekeurd voor 9 holes en uniek in Balagne, verwelkomt u elke dag voor uw training, putting green en pitching green. Ter plaatse kunt u genieten van het clubhuis, het terras, de bar en de broodjeszaak."
    ]
  },
  "rdfs:label": {
    "fr": [
      "Golf du Reginu"
    ]
  },
  "hasBeenCreatedBy": {
    "@id": "https://data.datatourisme.fr/13/8d420fa3-5754-31f1-8199-69c88780314d",
    "dc:identifier": "1647",
    "schema:email": [
      "web@ileroussetourisme.com"
    ],
    "schema:legalName": "Office de Tourisme Intercommunal de L'Ile Rousse-Balagne",
    "@type": [
      "schema:Organization",
      "foaf:Agent",
      "Agent"
    ],
    "foaf:homepage": [
      "https://www.balagne-corsica.com/"
    ]
  },
  "hasBeenPublishedBy": [
    {
      "@id": "https://data.datatourisme.fr/8a9feb4b-2cbd-3d2c-b507-bd6c6776b23b",
      "schema:legalName": "Apidae Tourisme Scic SA - source : Apidae Tourisme",
      "@type": [
        "schema:Organization",
        "foaf:Agent",
        "Agent"
      ],
      "foaf:homepage": [
        "https://www.apidae-tourisme.com/"
      ]
    }
  ],
  "hasContact": [
    {
      "@id": "https://data.datatourisme.fr/1caf1c00-b8b3-3366-8ce4-dbb0250a57c4",
      "schema:email": [
        "golf.reginu@wanadoo.fr"
      ],
      "schema:telephone": [
        "+33 4 95 61 51 41",
        "+33 7 86 98 05 24"
      ],
      "@type": [
        "foaf:Agent",
        "Agent"
      ],
      "foaf:homepage": [
        "http://www.golf-reginu.com/"
      ]
    }
  ],
  "hasDescription": [
    {
      "@id": "https://data.datatourisme.fr/ce3e6762-edf2-31bd-aee6-30722f0848ad",
      "@type": [
        "Description"
      ],
      "hasTranslatedProperty": [
        {
          "@id": "https://data.datatourisme.fr/04990c32-0c70-384f-892d-62040e60e208",
          "dc:contributor": [
            "https://api.deepl.com/v2/translate"
          ],
          "rdf:language": [
            "de"
          ],
          "rdf:predicate": [
            "shortDescription"
          ]
        },
        {
          "@id": "https://data.datatourisme.fr/63869449-e3e6-3d3f-a6a0-28782d7c054a",
          "dc:contributor": [
            "https://api.deepl.com/v2/translate"
          ],
          "rdf:language": [
            "nl"
          ],
          "rdf:predicate": [
            "shortDescription"
          ]
        },
        {
          "@id": "https://data.datatourisme.fr/b050a24f-6152-3d09-8173-b48308ed01a0",
          "dc:contributor": [
            "https://api.deepl.com/v2/translate"
          ],
          "rdf:language": [
            "it"
          ],
          "rdf:predicate": [
            "shortDescription"
          ]
        },
        {
          "@id": "https://data.datatourisme.fr/cd1d02ff-de60-3ba3-841e-9b89ed0ff894",
          "dc:contributor": [
            "https://api.deepl.com/v2/translate"
          ],
          "rdf:language": [
            "es"
          ],
          "rdf:predicate": [
            "shortDescription"
          ]
        }
      ],
      "shortDescription": {
        "de": [
          "Der Golf du Reginu, ein homologierter 9-Loch-Golfplatz und einzigartig in der Balagne, empfängt Sie jeden Tag für Ihre Übungen, Putting- und Pitching-Greens. Vor Ort können Sie vom Clubhaus, seiner Terrasse, der Bar und dem Sandwichladen profitieren."
        ],
        "en": [
          "Unique in Balagne, Reginu Golf Course is an accredited 9-hole course where you'll also find a driving range, putting green, pitching green and a club-house and bar where you can enjoy a snack on the terrace. Open daily."
        ],
        "it": [
          "Il Golf du Reginu, omologato per 9 buche e unico in Balagne, vi accoglie ogni giorno per la pratica, il putting green e il pitching green. Sul posto, potrete usufruire della club-house, della sua terrazza, del bar e della paninoteca."
        ],
        "fr": [
          "Le Golf du Reginu, homologué 9 trous et unique en Balagne, vous accueille tous les jours pour vos practice, putting green et pitching-green. Sur place, vous profiterez du club-house, de sa terrasse, du bar et de sa sandwicherie."
        ],
        "es": [
          "El Golf du Reginu, homologado para 9 hoyos y único en Balagne, le acoge cada día para su práctica, putting green y pitching green. En el lugar, podrá disfrutar de la casa club, su terraza, el bar y su tienda de bocadillos."
        ],
        "nl": [
          "De Golf du Reginu, goedgekeurd voor 9 holes en uniek in Balagne, verwelkomt u elke dag voor uw training, putting green en pitching green. Ter plaatse kunt u genieten van het clubhuis, het terras, de bar en de broodjeszaak."
        ]
      }
    }
  ],
  "hasTheme": [
    {
      "@id": "kb:Golf",
      "@type": [
        "SportsTheme"
      ],
      "rdfs:label": {
        "de": [
          "Golf"
        ],
        "pt": [
          "Golfe"
        ],
        "en": [
          "Golf"
        ],
        "it": [
          "Golf"
        ],
        "fr": [
          "Golf"
        ],
        "nl": [
          "Golf"
        ],
        "es": [
          "Golf"
        ]
      }
    }
  ],
  "hasTranslatedProperty": [
    {
      "@id": "https://data.datatourisme.fr/243f2df1-d606-330d-b1bc-e8e90ee4944b",
      "dc:contributor": [
        "https://api.deepl.com/v2/translate"
      ],
      "rdf:language": [
        "nl"
      ],
      "rdf:predicate": [
        {
          "@id": "rdfs:comment"
        }
      ]
    },
    {
      "@id": "https://data.datatourisme.fr/30fcf5ab-a902-3ca6-b917-23c8b7a899a9",
      "dc:contributor": [
        "https://api.deepl.com/v2/translate"
      ],
      "rdf:language": [
        "it"
      ],
      "rdf:predicate": [
        {
          "@id": "rdfs:comment"
        }
      ]
    },
    {
      "@id": "https://data.datatourisme.fr/7c4d56a7-f43a-3143-a1fa-4f1ffb01ec56",
      "dc:contributor": [
        "https://api.deepl.com/v2/translate"
      ],
      "rdf:language": [
        "de"
      ],
      "rdf:predicate": [
        {
          "@id": "rdfs:comment"
        }
      ]
    },
    {
      "@id": "https://data.datatourisme.fr/edd26f33-748e-3037-bcb0-508591a614c6",
      "dc:contributor": [
        "https://api.deepl.com/v2/translate"
      ],
      "rdf:language": [
        "es"
      ],
      "rdf:predicate": [
        {
          "@id": "rdfs:comment"
        }
      ]
    }
  ],
  "isLocatedAt": [
    {
      "@id": "https://data.datatourisme.fr/d1a611b2-2efe-3a6c-9531-14757995e397",
      "schema:address": [
        {
          "@id": "https://data.datatourisme.fr/e87c70f3-0b0d-31dd-b835-510f120dd0aa",
          "schema:addressLocality": "Speloncato",
          "schema:postalCode": "20226",
          "schema:streetAddress": [
            "A 4km de la plage de Losari",
            "Golf du Reginu"
          ],
          "@type": [
            "schema:PostalAddress",
            "PostalAddress"
          ],
          "hasAddressCity": {
            "@id": "kb:2B290",
            "@type": [
              "City"
            ],
            "rdfs:label": {
              "en": [
                "Speloncato"
              ],
              "fr": [
                "Speloncato"
              ]
            },
            "insee": "2B290",
            "isPartOfDepartment": {
              "@id": "kb:France942B",
              "@type": [
                "Department"
              ],
              "rdfs:label": {
                "en": [
                  "Haute-Corse"
                ],
                "fr": [
                  "Haute-Corse"
                ]
              },
              "insee": "2B",
              "isPartOfRegion": {
                "@id": "kb:France94",
                "@type": [
                  "Region"
                ],
                "rdfs:label": {
                  "en": [
                    "Corse"
                  ],
                  "fr": [
                    "Corse"
                  ]
                },
                "insee": "94",
                "isPartOfCountry": {
                  "@id": "kb:France",
                  "@type": [
                    "schema:Country"
                  ],
                  "rdfs:label": {
                    "de": [
                      "Frankreich"
                    ],
                    "pt": [
                      "França"
                    ],
                    "en": [
                      "France"
                    ],
                    "it": [
                      "Francia"
                    ],
                    "fr": [
                      "France"
                    ],
                    "nl": [
                      "Frankrijk"
                    ],
                    "es": [
                      "Francia"
                    ]
                  }
                }
              }
            }
          }
        }
      ],
      "schema:geo": {
        "@id": "https://data.datatourisme.fr/be4f43bb-1c31-3875-9554-bba9fe37f418",
        "schema:latitude": "42.604003",
        "schema:longitude": "8.977359",
        "@type": [
          "schema:GeoCoordinates"
        ]
      },
      "schema:openingHoursSpecification": [
        {
          "@id": "https://data.datatourisme.fr/f87e535a-636d-3343-ad63-8a03392e7511",
          "schema:validFrom": "2023-01-01T00:00:00",
          "schema:validThrough": "2023-12-31T23:59:59",
          "@type": [
            "schema:OpeningHoursSpecification"
          ]
        }
      ],
      "@type": [
        "schema:Place",
        "Place"
      ]
    }
  ],
  "isOwnedBy": [
    {
      "@id": "https://data.datatourisme.fr/252af22a-253d-33df-b9d7-204832749402",
      "schema:email": [
        "web@ileroussetourisme.com"
      ],
      "schema:legalName": "Office de Tourisme Intercommunal de L'Ile Rousse-Balagne",
      "@type": [
        "schema:Organization",
        "foaf:Agent",
        "Agent"
      ],
      "foaf:homepage": [
        "https://www.balagne-corsica.com/"
      ]
    }
  ],
  "lastUpdate": "2022-04-08",
  "lastUpdateDatatourisme": "2023-02-23T06:39:42.634Z"
}