{
  "@id": "https://data.datatourisme.fr/13/1fe0c379-f39a-3ddf-b96d-73b20522aca4",
  "dc:identifier": "5483061",
  "@type": [
    "schema:LocalBusiness",
    "ActivityProvider",
    "PlaceOfInterest",
    "PointOfInterest",
    "Store"
  ],
  "rdfs:comment": {
    "de": [
      "Die Wasserskischule Le Ponton befindet sich in St. Cyprien in Südkorsika nördlich von Porto-Vecchio.\r\nDieser wunderschöne Strand ist von türkisblauem Wasser gesäumt\r\nEin paradiesischer Spot, um unsere Wassersportaktivitäten zu entdecken oder auszuüben!"
    ],
    "en": [
      "Le Ponton water ski school is located in St Cyprien in South Corsica, north of Porto-Vecchio.\r\nThis magnificent beach is bordered by turquoise blue water\r\nA heavenly spot to discover or practice our water activities!"
    ],
    "it": [
      "La scuola di sci nautico Le Ponton si trova a St Cyprien, nella Corsica del Sud, a nord di Porto-Vecchio.\r\nQuesta magnifica spiaggia è bagnata da acque blu turchese.\r\nUn luogo paradisiaco per scoprire o praticare le nostre attività acquatiche!"
    ],
    "fr": [
      "L'école de ski nautique Le Ponton est située à St Cyprien en Corse du Sud au Nord de Porto-Vecchio.\r\nCette magnifique plage est bordée d'une eau bleu turquoise. \r\nUn spot paradisiaque pour découvrir ou pratiquer nos activités nautiques !"
    ],
    "nl": [
      "Waterskischool Le Ponton ligt in St Cyprien in Zuid-Corsica, ten noorden van Porto-Vecchio.\r\nDit prachtige strand wordt begrensd door turquoise blauw water\r\nEen hemelse plek om onze wateractiviteiten te ontdekken of te beoefenen!"
    ],
    "es": [
      "La escuela de esquí náutico Le Ponton se encuentra en St Cyprien, en Córcega del Sur, al norte de Porto-Vecchio.\r\nEsta magnífica playa está bordeada por aguas azul turquesa.\r\nUn lugar paradisíaco para descubrir o practicar nuestras actividades acuáticas"
    ]
  },
  "rdfs:label": {
    "fr": [
      "Le Ponton"
    ]
  },
  "hasBeenCreatedBy": {
    "@id": "https://data.datatourisme.fr/13/84c6494d-3085-3c63-a55c-db8cb047fadd",
    "dc:identifier": "1738",
    "schema:email": [
      "camillef.omt@gmail.com",
      "direction@destination-sudcorse.com",
      "gestion@destination-sudcorse.com",
      "promotion@destination-sudcorse.com",
      "webmaster@destination-sudcorse.com"
    ],
    "schema:legalName": "Porto Vecchio Tourisme",
    "@type": [
      "schema:Organization",
      "foaf:Agent",
      "Agent"
    ],
    "foaf:homepage": [
      "http://www.ot-portovecchio.com/"
    ]
  },
  "hasBeenPublishedBy": [
    {
      "@id": "https://data.datatourisme.fr/8a9feb4b-2cbd-3d2c-b507-bd6c6776b23b",
      "schema:legalName": "Apidae Tourisme Scic SA - source : Apidae Tourisme",
      "@type": [
        "schema:Organization",
        "foaf:Agent",
        "Agent"
      ],
      "foaf:homepage": [
        "https://www.apidae-tourisme.com/"
      ]
    }
  ],
  "hasContact": [
    {
      "@id": "https://data.datatourisme.fr/5d0d2855-0854-3ef8-846f-f9b4cffb232e",
      "schema:email": [
        "lepontoncorse2a@gmail.com"
      ],
      "schema:telephone": [
        "+33 6 24 63 46 17"
      ],
      "@type": [
        "foaf:Agent",
        "Agent"
      ],
      "foaf:homepage": [
        "https://www.lepontoncorse.com/"
      ]
    }
  ],
  "hasDescription": [
    {
      "@id": "https://data.datatourisme.fr/4165ab70-3131-3a09-8ad8-151d5215e5af",
      "@type": [
        "Description"
      ],
      "hasTranslatedProperty": [
        {
          "@id": "https://data.datatourisme.fr/26a67922-e499-36a3-a2d5-9996ebf32a03",
          "dc:contributor": [
            "https://api.deepl.com/v2/translate"
          ],
          "rdf:language": [
            "es"
          ],
          "rdf:predicate": [
            "shortDescription"
          ]
        },
        {
          "@id": "https://data.datatourisme.fr/91348c37-a69e-3053-a9a0-eb35f0b2b66c",
          "dc:contributor": [
            "https://api.deepl.com/v2/translate"
          ],
          "rdf:language": [
            "de"
          ],
          "rdf:predicate": [
            "shortDescription"
          ]
        },
        {
          "@id": "https://data.datatourisme.fr/96f1bacf-704a-3795-9842-52850f3953c3",
          "dc:contributor": [
            "https://api.deepl.com/v2/translate"
          ],
          "rdf:language": [
            "it"
          ],
          "rdf:predicate": [
            "shortDescription"
          ]
        },
        {
          "@id": "https://data.datatourisme.fr/d9e61f9c-f72d-3649-b50c-06805b001ed6",
          "dc:contributor": [
            "https://api.deepl.com/v2/translate"
          ],
          "rdf:language": [
            "nl"
          ],
          "rdf:predicate": [
            "shortDescription"
          ]
        },
        {
          "@id": "https://data.datatourisme.fr/eeccb648-1156-3d93-8a0c-ed9f969e1985",
          "dc:contributor": [
            "https://api.deepl.com/v2/translate"
          ],
          "rdf:language": [
            "en"
          ],
          "rdf:predicate": [
            "shortDescription"
          ]
        }
      ],
      "shortDescription": {
        "de": [
          "Die Wasserskischule Le Ponton befindet sich in St. Cyprien in Südkorsika nördlich von Porto-Vecchio.\r\nDieser wunderschöne Strand ist von türkisblauem Wasser gesäumt\r\nEin paradiesischer Spot, um unsere Wassersportaktivitäten zu entdecken oder auszuüben!"
        ],
        "en": [
          "Le Ponton water ski school is located in St Cyprien in South Corsica, north of Porto-Vecchio.\r\nThis magnificent beach is bordered by turquoise blue water\r\nA heavenly spot to discover or practice our water activities!"
        ],
        "it": [
          "La scuola di sci nautico Le Ponton si trova a St Cyprien, nella Corsica del Sud, a nord di Porto-Vecchio.\r\nQuesta magnifica spiaggia è bagnata da acque blu turchese.\r\nUn luogo paradisiaco per scoprire o praticare le nostre attività acquatiche!"
        ],
        "fr": [
          "L'école de ski nautique Le Ponton est située à St Cyprien en Corse du Sud au Nord de Porto-Vecchio.\r\nCette magnifique plage est bordée d'une eau bleu turquoise. \r\nUn spot paradisiaque pour découvrir ou pratiquer nos activités nautiques !"
        ],
        "nl": [
          "Waterskischool Le Ponton ligt in St Cyprien in Zuid-Corsica, ten noorden van Porto-Vecchio.\r\nDit prachtige strand wordt begrensd door turquoise blauw water\r\nEen hemelse plek om onze wateractiviteiten te ontdekken of te beoefenen!"
        ],
        "es": [
          "La escuela de esquí náutico Le Ponton se encuentra en St Cyprien, en Córcega del Sur, al norte de Porto-Vecchio.\r\nEsta magnífica playa está bordeada por aguas azul turquesa.\r\nUn lugar paradisíaco para descubrir o practicar nuestras actividades acuáticas"
        ]
      }
    }
  ],
  "hasTheme": [
    {
      "@id": "kb:Wakeboarding",
      "@type": [
        "SportsTheme"
      ],
      "rdfs:label": {
        "de": [
          "Wake Board"
        ],
        "pt": [
          "Wakeboard"
        ],
        "en": [
          "Wakeboarding"
        ],
        "it": [
          "Wakeboard"
        ],
        "fr": [
          "Wake board"
        ],
        "nl": [
          "Wakeboarden"
        ],
        "es": [
          "Wake board"
        ]
      }
    },
    {
      "@id": "kb:WaterSkiing",
      "@type": [
        "SportsTheme"
      ],
      "rdfs:label": {
        "de": [
          "Wasserski"
        ],
        "pt": [
          "Esqui náutico"
        ],
        "en": [
          "Water skiing"
        ],
        "it": [
          "Sci d'acqua"
        ],
        "fr": [
          "Ski nautique"
        ],
        "nl": [
          "Waterskiën"
        ],
        "es": [
          "Esquí acuático"
        ]
      }
    }
  ],
  "hasTranslatedProperty": [
    {
      "@id": "https://data.datatourisme.fr/12284575-a07f-34bc-9ef8-c6036d88f51c",
      "dc:contributor": [
        "https://api.deepl.com/v2/translate"
      ],
      "rdf:language": [
        "it"
      ],
      "rdf:predicate": [
        {
          "@id": "rdfs:comment"
        }
      ]
    },
    {
      "@id": "https://data.datatourisme.fr/7b16590e-a870-3aac-9ff4-78efae1bd2a5",
      "dc:contributor": [
        "https://api.deepl.com/v2/translate"
      ],
      "rdf:language": [
        "en"
      ],
      "rdf:predicate": [
        {
          "@id": "rdfs:comment"
        }
      ]
    },
    {
      "@id": "https://data.datatourisme.fr/8dd99df5-b96e-3311-804e-06942942624b",
      "dc:contributor": [
        "https://api.deepl.com/v2/translate"
      ],
      "rdf:language": [
        "es"
      ],
      "rdf:predicate": [
        {
          "@id": "rdfs:comment"
        }
      ]
    },
    {
      "@id": "https://data.datatourisme.fr/9bdf649c-f8ef-3585-90ae-1af1062dbfb6",
      "dc:contributor": [
        "https://api.deepl.com/v2/translate"
      ],
      "rdf:language": [
        "de"
      ],
      "rdf:predicate": [
        {
          "@id": "rdfs:comment"
        }
      ]
    },
    {
      "@id": "https://data.datatourisme.fr/da649533-1fc3-3a12-a13a-82c27e538dc7",
      "dc:contributor": [
        "https://api.deepl.com/v2/translate"
      ],
      "rdf:language": [
        "nl"
      ],
      "rdf:predicate": [
        {
          "@id": "rdfs:comment"
        }
      ]
    }
  ],
  "isLocatedAt": [
    {
      "@id": "https://data.datatourisme.fr/e8cc4f81-926e-3949-95d3-ac5a8ed79fdc",
      "schema:address": [
        {
          "@id": "https://data.datatourisme.fr/57e6b872-1673-3666-852d-586dfea7af12",
          "schema:addressLocality": "Lecci",
          "schema:postalCode": "20137",
          "schema:streetAddress": [
            "Plage de St Cyprien"
          ],
          "@type": [
            "schema:PostalAddress",
            "PostalAddress"
          ],
          "hasAddressCity": {
            "@id": "kb:2A139",
            "@type": [
              "City"
            ],
            "rdfs:label": {
              "en": [
                "Lecci"
              ],
              "fr": [
                "Lecci"
              ]
            },
            "insee": "2A139",
            "isPartOfDepartment": {
              "@id": "kb:France942A",
              "@type": [
                "Department"
              ],
              "rdfs:label": {
                "en": [
                  "Corse-du-Sud"
                ],
                "fr": [
                  "Corse-du-Sud"
                ]
              },
              "insee": "2A",
              "isPartOfRegion": {
                "@id": "kb:France94",
                "@type": [
                  "Region"
                ],
                "rdfs:label": {
                  "en": [
                    "Corse"
                  ],
                  "fr": [
                    "Corse"
                  ]
                },
                "insee": "94",
                "isPartOfCountry": {
                  "@id": "kb:France",
                  "@type": [
                    "schema:Country"
                  ],
                  "rdfs:label": {
                    "de": [
                      "Frankreich"
                    ],
                    "pt": [
                      "França"
                    ],
                    "en": [
                      "France"
                    ],
                    "it": [
                      "Francia"
                    ],
                    "fr": [
                      "France"
                    ],
                    "nl": [
                      "Frankrijk"
                    ],
                    "es": [
                      "Francia"
                    ]
                  }
                }
              }
            }
          }
        }
      ],
      "schema:geo": {
        "@id": "https://data.datatourisme.fr/15d8bc53-bbea-39b7-9efe-03385ee11635",
        "schema:latitude": "41.638257",
        "schema:longitude": "9.348769",
        "@type": [
          "schema:GeoCoordinates"
        ]
      },
      "schema:openingHoursSpecification": [
        {
          "@id": "https://data.datatourisme.fr/f68ec0fc-05f1-397d-9692-f1a52c71dccc",
          "schema:validFrom": "2023-05-13T00:00:00",
          "schema:validThrough": "2023-10-29T23:59:59",
          "@type": [
            "schema:OpeningHoursSpecification"
          ]
        }
      ],
      "@type": [
        "schema:Place",
        "Place"
      ]
    }
  ],
  "isOwnedBy": [
    {
      "@id": "https://data.datatourisme.fr/f5f950f9-5eec-32b4-a357-2c969ccf4068",
      "schema:email": [
        "camillef.omt@gmail.com",
        "direction@destination-sudcorse.com",
        "gestion@destination-sudcorse.com",
        "promotion@destination-sudcorse.com",
        "webmaster@destination-sudcorse.com"
      ],
      "schema:legalName": "Porto Vecchio Tourisme",
      "@type": [
        "schema:Organization",
        "foaf:Agent",
        "Agent"
      ],
      "foaf:homepage": [
        "http://www.ot-portovecchio.com/"
      ]
    }
  ],
  "lastUpdate": "2023-03-31",
  "lastUpdateDatatourisme": "2023-04-01T05:50:20.077Z"
}