{
  "@id": "https://data.datatourisme.fr/13/3705cbb8-e954-3d6e-9bf2-9229eefb41a9",
  "dc:identifier": "4927760",
  "@type": [
    "schema:Accommodation",
    "schema:Hotel",
    "schema:LodgingBusiness",
    "Accommodation",
    "Hotel",
    "HotelTrade",
    "PlaceOfInterest",
    "PointOfInterest"
  ],
  "rdfs:comment": {
    "de": [
      "Buchen Sie jetzt Ihr charmantes Hotel auf Korsika...\r\nDie Hostellerie de l'Abbaye, die in den Mauern des ehemaligen Klosters St François aus dem 16. Jahrhundert untergebracht ist, liegt in der Balagne, 150 m vom Stadtzentrum und 200 m vom Sandstrand von Calvi entfernt."
    ],
    "en": [
      "Book now your charming hotel in Corsica...\r\nHoused within the walls of the former St François convent of the 16th century, the Hostellerie de l'Abbaye is located in Balagne, 150 meters from the city centre and 200 m. from the sandy beach of Calvi."
    ],
    "it": [
      "Prenota ora il tuo hotel di charme in Corsica...\r\nOspitata nelle mura dell'antico convento di St François del XVI secolo, l'Hostellerie de l'Abbaye si trova nella regione della Balagne, a 150 m dal centro della città e a 200 m dalla spiaggia di sabbia fine di Calvi."
    ],
    "fr": [
      "Réservez dès à présent votre hôtel de charme en Corse...\r\nAménagé dans les murs de l'ancien couvent St François du XVIème siècle, l'hostellerie de l'Abbaye se situe en Balagne, à 150 m. du centre ville et 200 m. de la plage de sable fin de Calvi."
    ],
    "es": [
      "Reserve ahora su hotel con encanto en Córcega...\r\nLa Hostellerie de l'Abbaye, ubicada en los muros del antiguo convento de San Francisco del siglo XVI, se encuentra en la región de Balagne, a 150 m del centro de la ciudad y a 200 m de la playa de arena fina de Calvi."
    ],
    "nl": [
      "Boek nu uw charmante hotel in Corsica...\r\nHostellerie de l'Abbaye is gehuisvest in de muren van het voormalige 16e-eeuwse St François-klooster en ligt in de regio Balagne, op 150 m van het stadscentrum en 200 m van het fijne zandstrand van Calvi."
    ]
  },
  "rdfs:label": {
    "fr": [
      "Hostellerie L'Abbaye"
    ]
  },
  "hasBeenCreatedBy": {
    "@id": "https://data.datatourisme.fr/13/e4873aa9-a05c-35ed-8395-61d121516766",
    "dc:identifier": "1646",
    "schema:email": [
      "info@balagne-corsica.com"
    ],
    "schema:legalName": "Office de Tourisme Intercommunal Calvi - Balagne",
    "@type": [
      "schema:Organization",
      "foaf:Agent",
      "Agent"
    ],
    "foaf:homepage": [
      "https://www.balagne-corsica.com/"
    ]
  },
  "hasBeenPublishedBy": [
    {
      "@id": "https://data.datatourisme.fr/8a9feb4b-2cbd-3d2c-b507-bd6c6776b23b",
      "schema:legalName": "Apidae Tourisme Scic SA - source : Apidae Tourisme",
      "@type": [
        "schema:Organization",
        "foaf:Agent",
        "Agent"
      ],
      "foaf:homepage": [
        "https://www.apidae-tourisme.com/"
      ]
    }
  ],
  "hasContact": [
    {
      "@id": "https://data.datatourisme.fr/69443524-afa7-39c7-8762-03ee047d5b72",
      "schema:email": [
        "abbaye.hotel@wanadoo.fr"
      ],
      "schema:telephone": [
        "+33 4 95 65 04 27"
      ],
      "@type": [
        "foaf:Agent",
        "Agent"
      ],
      "foaf:homepage": [
        "http://www.hostellerie-abbaye.com/"
      ]
    }
  ],
  "hasDescription": [
    {
      "@id": "https://data.datatourisme.fr/be6d8fc3-d81c-316b-ac3f-8a8382d807e4",
      "@type": [
        "Description"
      ],
      "hasTranslatedProperty": [
        {
          "@id": "https://data.datatourisme.fr/61afd216-e760-317b-a02b-2f0135f7a334",
          "dc:contributor": [
            "https://api.deepl.com/v2/translate"
          ],
          "rdf:language": [
            "es"
          ],
          "rdf:predicate": [
            "shortDescription"
          ]
        },
        {
          "@id": "https://data.datatourisme.fr/e751f49a-f2c8-32e9-b745-3a8ac2e50d10",
          "dc:contributor": [
            "https://api.deepl.com/v2/translate"
          ],
          "rdf:language": [
            "nl"
          ],
          "rdf:predicate": [
            "shortDescription"
          ]
        },
        {
          "@id": "https://data.datatourisme.fr/fdef23f8-e126-364f-ad0b-bfde337eec15",
          "dc:contributor": [
            "https://api.deepl.com/v2/translate"
          ],
          "rdf:language": [
            "de"
          ],
          "rdf:predicate": [
            "shortDescription"
          ]
        }
      ],
      "shortDescription": {
        "de": [
          "Buchen Sie jetzt Ihr charmantes Hotel auf Korsika...\r\nDie Hostellerie de l'Abbaye, die in den Mauern des ehemaligen Klosters St François aus dem 16. Jahrhundert untergebracht ist, liegt in der Balagne, 150 m vom Stadtzentrum und 200 m vom Sandstrand von Calvi entfernt."
        ],
        "en": [
          "Book now your charming hotel in Corsica...\r\nHoused within the walls of the former St François convent of the 16th century, the Hostellerie de l'Abbaye is located in Balagne, 150 meters from the city centre and 200 m. from the sandy beach of Calvi."
        ],
        "it": [
          "Prenota ora il tuo hotel di charme in Corsica...\r\nOspitata nelle mura dell'antico convento di St François del XVI secolo, l'Hostellerie de l'Abbaye si trova nella regione della Balagne, a 150 m dal centro della città e a 200 m dalla spiaggia di sabbia fine di Calvi."
        ],
        "fr": [
          "Réservez dès à présent votre hôtel de charme en Corse...\r\nAménagé dans les murs de l'ancien couvent St François du XVIème siècle, l'hostellerie de l'Abbaye se situe en Balagne, à 150 m. du centre ville et 200 m. de la plage de sable fin de Calvi."
        ],
        "es": [
          "Reserve ahora su hotel con encanto en Córcega...\r\nLa Hostellerie de l'Abbaye, ubicada en los muros del antiguo convento de San Francisco del siglo XVI, se encuentra en la región de Balagne, a 150 m del centro de la ciudad y a 200 m de la playa de arena fina de Calvi."
        ],
        "nl": [
          "Boek nu uw charmante hotel in Corsica...\r\nHostellerie de l'Abbaye is gehuisvest in de muren van het voormalige 16e-eeuwse St François-klooster en ligt in de regio Balagne, op 150 m van het stadscentrum en 200 m van het fijne zandstrand van Calvi."
        ]
      }
    }
  ],
  "hasTranslatedProperty": [
    {
      "@id": "https://data.datatourisme.fr/87dfac5e-300e-3fb5-9658-9bb4ccb85ae2",
      "dc:contributor": [
        "https://api.deepl.com/v2/translate"
      ],
      "rdf:language": [
        "de"
      ],
      "rdf:predicate": [
        {
          "@id": "rdfs:comment"
        }
      ]
    },
    {
      "@id": "https://data.datatourisme.fr/96a1ceaa-d6b7-30a2-968d-ca1e8095b754",
      "dc:contributor": [
        "https://api.deepl.com/v2/translate"
      ],
      "rdf:language": [
        "nl"
      ],
      "rdf:predicate": [
        {
          "@id": "rdfs:comment"
        }
      ]
    },
    {
      "@id": "https://data.datatourisme.fr/ad8f76ed-5797-3f70-ad65-d1f782d111fd",
      "dc:contributor": [
        "https://api.deepl.com/v2/translate"
      ],
      "rdf:language": [
        "es"
      ],
      "rdf:predicate": [
        {
          "@id": "rdfs:comment"
        }
      ]
    }
  ],
  "isLocatedAt": [
    {
      "@id": "https://data.datatourisme.fr/4835636b-c21b-3342-a0ec-1c98ac040fd6",
      "schema:address": [
        {
          "@id": "https://data.datatourisme.fr/94b32742-b13a-33a4-86b4-29cf7bbedc12",
          "schema:addressLocality": "Calvi",
          "schema:postalCode": "20260",
          "schema:streetAddress": [
            "Route de Santore"
          ],
          "@type": [
            "schema:PostalAddress",
            "PostalAddress"
          ],
          "hasAddressCity": {
            "@id": "kb:2B050",
            "@type": [
              "City"
            ],
            "rdfs:label": {
              "en": [
                "Calvi"
              ],
              "fr": [
                "Calvi"
              ]
            },
            "insee": "2B050",
            "isPartOfDepartment": {
              "@id": "kb:France942B",
              "@type": [
                "Department"
              ],
              "rdfs:label": {
                "en": [
                  "Haute-Corse"
                ],
                "fr": [
                  "Haute-Corse"
                ]
              },
              "insee": "2B",
              "isPartOfRegion": {
                "@id": "kb:France94",
                "@type": [
                  "Region"
                ],
                "rdfs:label": {
                  "en": [
                    "Corse"
                  ],
                  "fr": [
                    "Corse"
                  ]
                },
                "insee": "94",
                "isPartOfCountry": {
                  "@id": "kb:France",
                  "@type": [
                    "schema:Country"
                  ],
                  "rdfs:label": {
                    "de": [
                      "Frankreich"
                    ],
                    "pt": [
                      "França"
                    ],
                    "en": [
                      "France"
                    ],
                    "it": [
                      "Francia"
                    ],
                    "fr": [
                      "France"
                    ],
                    "nl": [
                      "Frankrijk"
                    ],
                    "es": [
                      "Francia"
                    ]
                  }
                }
              }
            }
          }
        }
      ],
      "schema:geo": {
        "@id": "https://data.datatourisme.fr/309424d0-e474-3c60-a85a-5a87e74bf0f4",
        "schema:latitude": "42.563826",
        "schema:longitude": "8.75423",
        "@type": [
          "schema:GeoCoordinates"
        ]
      },
      "schema:openingHoursSpecification": [
        {
          "@id": "https://data.datatourisme.fr/7c08578e-655e-3910-aaf2-cd1f45cda9e8",
          "schema:validFrom": "2023-04-01T00:00:00",
          "schema:validThrough": "2023-10-31T23:59:59",
          "@type": [
            "schema:OpeningHoursSpecification"
          ],
          "additionalInformation": {
            "de": [
              "Öffnungszeitraum nur zur Orientierung."
            ],
            "en": [
              "Opening period for information only."
            ],
            "it": [
              "Il periodo di apertura è indicativo."
            ],
            "fr": [
              "Période d'ouverture à titre indicatif."
            ],
            "es": [
              "El periodo de apertura es indicativo."
            ],
            "nl": [
              "De openingsperiode is indicatief."
            ]
          },
          "hasTranslatedProperty": [
            {
              "@id": "https://data.datatourisme.fr/2cd3d69f-f531-3392-9665-d0c45947926b",
              "dc:contributor": [
                "https://api.deepl.com/v2/translate"
              ],
              "rdf:language": [
                "es"
              ],
              "rdf:predicate": [
                "additionalInformation"
              ]
            },
            {
              "@id": "https://data.datatourisme.fr/4ebb7ef6-caf5-3ba3-b275-ec276e8396c8",
              "dc:contributor": [
                "https://api.deepl.com/v2/translate"
              ],
              "rdf:language": [
                "nl"
              ],
              "rdf:predicate": [
                "additionalInformation"
              ]
            },
            {
              "@id": "https://data.datatourisme.fr/7c318091-0cc8-367b-a869-b5b43338ec71",
              "dc:contributor": [
                "https://api.deepl.com/v2/translate"
              ],
              "rdf:language": [
                "en"
              ],
              "rdf:predicate": [
                "additionalInformation"
              ]
            },
            {
              "@id": "https://data.datatourisme.fr/a51722ab-202f-35ad-aa09-d6f6f0d797b3",
              "dc:contributor": [
                "https://api.deepl.com/v2/translate"
              ],
              "rdf:language": [
                "de"
              ],
              "rdf:predicate": [
                "additionalInformation"
              ]
            },
            {
              "@id": "https://data.datatourisme.fr/bb0290b9-dc7a-33d0-acb5-22bedd2d1a9c",
              "dc:contributor": [
                "https://api.deepl.com/v2/translate"
              ],
              "rdf:language": [
                "it"
              ],
              "rdf:predicate": [
                "additionalInformation"
              ]
            }
          ]
        }
      ],
      "@type": [
        "schema:Place",
        "Place"
      ]
    }
  ],
  "isOwnedBy": [
    {
      "@id": "https://data.datatourisme.fr/194c52e6-bbae-33dc-8464-caca97844fbb",
      "schema:email": [
        "info@balagne-corsica.com"
      ],
      "schema:legalName": "Office de Tourisme Intercommunal Calvi - Balagne",
      "@type": [
        "schema:Organization",
        "foaf:Agent",
        "Agent"
      ],
      "foaf:homepage": [
        "https://www.balagne-corsica.com/"
      ]
    }
  ],
  "lastUpdate": "2023-01-24",
  "lastUpdateDatatourisme": "2023-04-04T05:52:39.407Z",
  "offers": [
    {
      "@id": "https://data.datatourisme.fr/7649c0b9-40d0-3015-b575-bbf7ca9318b7",
      "schema:priceSpecification": [
        {
          "@id": "https://data.datatourisme.fr/dd44477a-e916-31b6-8e54-7b859781bac9",
          "schema:maxPrice": [
            "1.9",
            "22",
            "350",
            "370",
            "430"
          ],
          "schema:minPrice": [
            "1.9",
            "160",
            "22",
            "240",
            "310"
          ],
          "schema:priceCurrency": "EUR",
          "@type": [
            "schema:PriceSpecification",
            "PriceSpecification"
          ],
          "appliesOnPeriod": [
            {
              "@id": "https://data.datatourisme.fr/c18eaf92-4ed3-33aa-8117-05a6fe461fb2",
              "@type": [
                "Period"
              ],
              "endDate": "2023-10-31",
              "startDate": "2023-04-01"
            }
          ]
        }
      ],
      "@type": [
        "schema:Offer",
        "Offer"
      ]
    }
  ]
}