{
  "@id": "https://data.datatourisme.fr/13/7a7ec0ba-15e7-344f-aa9b-7395dbffa4a0",
  "dc:identifier": "5022722",
  "@type": [
    "schema:FoodEstablishment",
    "FoodEstablishment",
    "PlaceOfInterest",
    "PointOfInterest"
  ],
  "rdfs:comment": {
    "de": [
      "In einer gemütlichen Umgebung lassen die Düfte, die vom Grill oder aus dem Pizzaofen aufsteigen, die Geschmacksknospen singen. Im Holzofen gebackene Pizzen, die den Erfolg des Lokals ausmachen, gegrilltes Fleisch, Rindersteak, Lamm \"nustrale\", hausgemachte Desserts."
    ],
    "en": [
      "In the friendly atmosphere of A Rusta, the aromas from the barbecue and pizza oven are sure to make your mouth water. Pizzas cooked in the famous wood-fired oven, grilled meats, rib of beef and lamb \"nustrale\", homemade desserts..."
    ],
    "it": [
      "In un ambiente accogliente, gli odori che si sprigionano dalla griglia o dal forno per la pizza fanno vibrare le papille gustative. Pizze cotte a legna, che sono il successo del locale, carni alla griglia, costata di manzo, agnello \"nustrale\", dolci fatti in casa."
    ],
    "fr": [
      "Dans un cadre chaleureux, les fumets qui s’échappent du grill ou du four à pizza font chanter les papilles. Pizzas cuites au feu de bois qui font le succès du lieu, viandes grillées, côte de boeuf, agneau « nustrale », desserts maison."
    ],
    "nl": [
      "In een warme omgeving doen de geuren van de grill of de pizzaoven uw smaakpapillen zingen. Op houtvuur gebakken pizza's, het succes van de zaak, gegrild vlees, runderribstuk, \"nustrale\" lamsvlees, huisgemaakte desserts."
    ],
    "es": [
      "En un entorno cálido, los olores que se desprenden de la parrilla o del horno de pizza hacen que las papilas gustativas canten. Pizzas cocinadas a fuego de leña, que son el éxito del local, carnes a la brasa, costilla de ternera, cordero \"nustrale\", postres caseros."
    ]
  },
  "rdfs:label": {
    "fr": [
      "A Rusta"
    ]
  },
  "hasBeenCreatedBy": {
    "@id": "https://data.datatourisme.fr/13/8d420fa3-5754-31f1-8199-69c88780314d",
    "dc:identifier": "1647",
    "schema:email": [
      "web@ileroussetourisme.com"
    ],
    "schema:legalName": "Office de Tourisme Intercommunal de L'Ile Rousse-Balagne",
    "@type": [
      "schema:Organization",
      "foaf:Agent",
      "Agent"
    ],
    "foaf:homepage": [
      "https://www.balagne-corsica.com/"
    ]
  },
  "hasBeenPublishedBy": [
    {
      "@id": "https://data.datatourisme.fr/8a9feb4b-2cbd-3d2c-b507-bd6c6776b23b",
      "schema:legalName": "Apidae Tourisme Scic SA - source : Apidae Tourisme",
      "@type": [
        "schema:Organization",
        "foaf:Agent",
        "Agent"
      ],
      "foaf:homepage": [
        "https://www.apidae-tourisme.com/"
      ]
    }
  ],
  "hasContact": [
    {
      "@id": "https://data.datatourisme.fr/19008999-6791-3ccb-9283-66b65ff7d9d8",
      "schema:telephone": [
        "+33 4 95 60 14 34"
      ],
      "@type": [
        "foaf:Agent",
        "Agent"
      ]
    }
  ],
  "hasDescription": [
    {
      "@id": "https://data.datatourisme.fr/8b734830-4ad2-3722-9b60-85fae7e7d6f5",
      "@type": [
        "Description"
      ],
      "hasTranslatedProperty": [
        {
          "@id": "https://data.datatourisme.fr/158e1361-f41e-3296-a630-3950fde59441",
          "dc:contributor": [
            "https://api.deepl.com/v2/translate"
          ],
          "rdf:language": [
            "es"
          ],
          "rdf:predicate": [
            "shortDescription"
          ]
        },
        {
          "@id": "https://data.datatourisme.fr/160011c4-7d4c-3839-9702-8165188d0899",
          "dc:contributor": [
            "https://api.deepl.com/v2/translate"
          ],
          "rdf:language": [
            "nl"
          ],
          "rdf:predicate": [
            "shortDescription"
          ]
        },
        {
          "@id": "https://data.datatourisme.fr/f5c1afac-a655-3936-9e65-8b91542c4fcc",
          "dc:contributor": [
            "https://api.deepl.com/v2/translate"
          ],
          "rdf:language": [
            "de"
          ],
          "rdf:predicate": [
            "shortDescription"
          ]
        }
      ],
      "shortDescription": {
        "de": [
          "In einer gemütlichen Umgebung lassen die Düfte, die vom Grill oder aus dem Pizzaofen aufsteigen, die Geschmacksknospen singen. Im Holzofen gebackene Pizzen, die den Erfolg des Lokals ausmachen, gegrilltes Fleisch, Rindersteak, Lamm \"nustrale\", hausgemachte Desserts."
        ],
        "en": [
          "In the friendly atmosphere of A Rusta, the aromas from the barbecue and pizza oven are sure to make your mouth water. Pizzas cooked in the famous wood-fired oven, grilled meats, rib of beef and lamb \"nustrale\", homemade desserts..."
        ],
        "it": [
          "In un ambiente accogliente, gli odori che si sprigionano dalla griglia o dal forno per la pizza fanno vibrare le papille gustative. Pizze cotte a legna, che sono il successo del locale, carni alla griglia, costata di manzo, agnello \"nustrale\", dolci fatti in casa."
        ],
        "fr": [
          "Dans un cadre chaleureux, les fumets qui s’échappent du grill ou du four à pizza font chanter les papilles. Pizzas cuites au feu de bois qui font le succès du lieu, viandes grillées, côte de boeuf, agneau « nustrale », desserts maison."
        ],
        "nl": [
          "In een warme omgeving doen de geuren van de grill of de pizzaoven uw smaakpapillen zingen. Op houtvuur gebakken pizza's, het succes van de zaak, gegrild vlees, runderribstuk, \"nustrale\" lamsvlees, huisgemaakte desserts."
        ],
        "es": [
          "En un entorno cálido, los olores que se desprenden de la parrilla o del horno de pizza hacen que las papilas gustativas canten. Pizzas cocinadas a fuego de leña, que son el éxito del local, carnes a la brasa, costilla de ternera, cordero \"nustrale\", postres caseros."
        ]
      }
    }
  ],
  "hasTranslatedProperty": [
    {
      "@id": "https://data.datatourisme.fr/3ab3541f-fa97-3f6f-8a21-da5ce31eb7a0",
      "dc:contributor": [
        "https://api.deepl.com/v2/translate"
      ],
      "rdf:language": [
        "nl"
      ],
      "rdf:predicate": [
        {
          "@id": "rdfs:comment"
        }
      ]
    },
    {
      "@id": "https://data.datatourisme.fr/cd8ea3ec-37a5-376b-85f4-d7f456d134fd",
      "dc:contributor": [
        "https://api.deepl.com/v2/translate"
      ],
      "rdf:language": [
        "de"
      ],
      "rdf:predicate": [
        {
          "@id": "rdfs:comment"
        }
      ]
    },
    {
      "@id": "https://data.datatourisme.fr/dc69a54f-9ec9-36bd-a67e-2d44f49dc845",
      "dc:contributor": [
        "https://api.deepl.com/v2/translate"
      ],
      "rdf:language": [
        "es"
      ],
      "rdf:predicate": [
        {
          "@id": "rdfs:comment"
        }
      ]
    }
  ],
  "isLocatedAt": [
    {
      "@id": "https://data.datatourisme.fr/e30b3f9a-dfc8-3b89-849a-117c8a56f094",
      "schema:address": [
        {
          "@id": "https://data.datatourisme.fr/c275803e-7220-38d1-aa93-26ad741a62ee",
          "schema:addressLocality": "Monticello",
          "schema:postalCode": "20220",
          "schema:streetAddress": [
            "L'Orniccio"
          ],
          "@type": [
            "schema:PostalAddress",
            "PostalAddress"
          ],
          "hasAddressCity": {
            "@id": "kb:2B168",
            "@type": [
              "City"
            ],
            "rdfs:label": {
              "en": [
                "Monticello"
              ],
              "fr": [
                "Monticello"
              ]
            },
            "insee": "2B168",
            "isPartOfDepartment": {
              "@id": "kb:France942B",
              "@type": [
                "Department"
              ],
              "rdfs:label": {
                "en": [
                  "Haute-Corse"
                ],
                "fr": [
                  "Haute-Corse"
                ]
              },
              "insee": "2B",
              "isPartOfRegion": {
                "@id": "kb:France94",
                "@type": [
                  "Region"
                ],
                "rdfs:label": {
                  "en": [
                    "Corse"
                  ],
                  "fr": [
                    "Corse"
                  ]
                },
                "insee": "94",
                "isPartOfCountry": {
                  "@id": "kb:France",
                  "@type": [
                    "schema:Country"
                  ],
                  "rdfs:label": {
                    "de": [
                      "Frankreich"
                    ],
                    "pt": [
                      "França"
                    ],
                    "en": [
                      "France"
                    ],
                    "it": [
                      "Francia"
                    ],
                    "fr": [
                      "France"
                    ],
                    "nl": [
                      "Frankrijk"
                    ],
                    "es": [
                      "Francia"
                    ]
                  }
                }
              }
            }
          }
        }
      ],
      "schema:geo": {
        "@id": "https://data.datatourisme.fr/865a654a-7de5-3167-af42-195e48abf33a",
        "schema:latitude": "42.622039",
        "schema:longitude": "8.950095",
        "@type": [
          "schema:GeoCoordinates"
        ]
      },
      "schema:openingHoursSpecification": [
        {
          "@id": "https://data.datatourisme.fr/7cfa2478-da05-33b7-b72d-8c531c1a6cc2",
          "schema:validFrom": "2023-05-01T00:00:00",
          "schema:validThrough": "2023-10-09T23:59:59",
          "@type": [
            "schema:OpeningHoursSpecification"
          ],
          "additionalInformation": {
            "de": [
              "Nur am Abend"
            ],
            "en": [
              "In the evening only"
            ],
            "it": [
              "Solo la sera"
            ],
            "fr": [
              "Le soir uniquement"
            ],
            "es": [
              "Sólo por la noche"
            ],
            "nl": [
              "Alleen 's avonds"
            ]
          },
          "hasTranslatedProperty": [
            {
              "@id": "https://data.datatourisme.fr/013c2092-bd49-350d-b118-e44d74e571d2",
              "dc:contributor": [
                "https://api.deepl.com/v2/translate"
              ],
              "rdf:language": [
                "it"
              ],
              "rdf:predicate": [
                "additionalInformation"
              ]
            },
            {
              "@id": "https://data.datatourisme.fr/32c253a0-85d3-3c1f-88d0-f77aeb185eba",
              "dc:contributor": [
                "https://api.deepl.com/v2/translate"
              ],
              "rdf:language": [
                "es"
              ],
              "rdf:predicate": [
                "additionalInformation"
              ]
            },
            {
              "@id": "https://data.datatourisme.fr/71378b9c-7e51-3947-b97b-08206626447e",
              "dc:contributor": [
                "https://api.deepl.com/v2/translate"
              ],
              "rdf:language": [
                "de"
              ],
              "rdf:predicate": [
                "additionalInformation"
              ]
            },
            {
              "@id": "https://data.datatourisme.fr/a4da6aa1-b54d-3f42-a466-28591c355f5a",
              "dc:contributor": [
                "https://api.deepl.com/v2/translate"
              ],
              "rdf:language": [
                "en"
              ],
              "rdf:predicate": [
                "additionalInformation"
              ]
            },
            {
              "@id": "https://data.datatourisme.fr/af1e324f-f100-3600-a758-bfb8f687424c",
              "dc:contributor": [
                "https://api.deepl.com/v2/translate"
              ],
              "rdf:language": [
                "nl"
              ],
              "rdf:predicate": [
                "additionalInformation"
              ]
            }
          ]
        }
      ],
      "@type": [
        "schema:Place",
        "Place"
      ]
    }
  ],
  "isOwnedBy": [
    {
      "@id": "https://data.datatourisme.fr/252af22a-253d-33df-b9d7-204832749402",
      "schema:email": [
        "web@ileroussetourisme.com"
      ],
      "schema:legalName": "Office de Tourisme Intercommunal de L'Ile Rousse-Balagne",
      "@type": [
        "schema:Organization",
        "foaf:Agent",
        "Agent"
      ],
      "foaf:homepage": [
        "https://www.balagne-corsica.com/"
      ]
    }
  ],
  "lastUpdate": "2022-06-07",
  "lastUpdateDatatourisme": "2023-02-01T18:07:36.081Z"
}