{
  "@id": "https://data.datatourisme.fr/13/018c05e0-d6c7-34b8-b42d-5f29245d99f2",
  "dc:identifier": "5271003",
  "@type": [
    "schema:LocalBusiness",
    "schema:TouristInformationCenter",
    "LocalTouristOffice",
    "PlaceOfInterest",
    "PointOfInterest",
    "Store",
    "TouristInformationCenter"
  ],
  "rdfs:comment": {
    "de": [
      "In der Saison empfängt Sie das Büro für Touristeninformation am Eingang der Zitadelle von Calvi aus dem 13."
    ],
    "en": [
      "In the summer season, the Tourist Information Office can be found at the entrance to the 13th-century Citadel of Calvi."
    ],
    "it": [
      "In stagione, l'Ufficio del Turismo vi accoglie all'ingresso della Cittadella di Calvi, risalente al XIII secolo."
    ],
    "fr": [
      "En saison, le Bureau d'Information Touristique vous accueille à l'entrée de la Citadelle de Calvi du XIIIème siècle."
    ],
    "nl": [
      "In het seizoen ontvangt het VVV-kantoor u bij de ingang van de 13e eeuwse Citadel van Calvi."
    ],
    "es": [
      "En temporada, la Oficina de Turismo le da la bienvenida a la entrada de la Ciudadela de Calvi, del siglo XIII."
    ]
  },
  "rdfs:label": {
    "en": [
      "Tourist Information Office of The Citadel"
    ],
    "it": [
      "Ufficio turistico della Cittadella"
    ],
    "fr": [
      "Bureau d'Information Touristique de la Citadelle"
    ]
  },
  "hasBeenCreatedBy": {
    "@id": "https://data.datatourisme.fr/13/e4873aa9-a05c-35ed-8395-61d121516766",
    "dc:identifier": "1646",
    "schema:email": [
      "info@balagne-corsica.com"
    ],
    "schema:legalName": "Office de Tourisme Intercommunal Calvi - Balagne",
    "@type": [
      "schema:Organization",
      "foaf:Agent",
      "Agent"
    ],
    "foaf:homepage": [
      "https://www.balagne-corsica.com/"
    ]
  },
  "hasBeenPublishedBy": [
    {
      "@id": "https://data.datatourisme.fr/8a9feb4b-2cbd-3d2c-b507-bd6c6776b23b",
      "schema:legalName": "Apidae Tourisme Scic SA - source : Apidae Tourisme",
      "@type": [
        "schema:Organization",
        "foaf:Agent",
        "Agent"
      ],
      "foaf:homepage": [
        "https://www.apidae-tourisme.com/"
      ]
    }
  ],
  "hasContact": [
    {
      "@id": "https://data.datatourisme.fr/8943b355-5c02-333a-815b-a44aa97d99d1",
      "schema:email": [
        "tourisme@balagne-corsica.com"
      ],
      "schema:telephone": [
        "+33 4 95 65 16 67"
      ],
      "@type": [
        "foaf:Agent",
        "Agent"
      ],
      "foaf:homepage": [
        "https://www.balagne-corsica.com/"
      ]
    }
  ],
  "hasDescription": [
    {
      "@id": "https://data.datatourisme.fr/a2407589-9634-30a3-b3e2-7be0e54f7cc1",
      "@type": [
        "Description"
      ],
      "hasTranslatedProperty": [
        {
          "@id": "https://data.datatourisme.fr/822aec59-f49e-39fa-8008-4ea5e1717542",
          "dc:contributor": [
            "https://api.deepl.com/v2/translate"
          ],
          "rdf:language": [
            "de"
          ],
          "rdf:predicate": [
            "shortDescription"
          ]
        },
        {
          "@id": "https://data.datatourisme.fr/e4c7261d-6dd4-37f5-8c15-609d7dbed795",
          "dc:contributor": [
            "https://api.deepl.com/v2/translate"
          ],
          "rdf:language": [
            "es"
          ],
          "rdf:predicate": [
            "shortDescription"
          ]
        },
        {
          "@id": "https://data.datatourisme.fr/fecb4309-9b93-31b4-8ca3-31bb6d0ed41f",
          "dc:contributor": [
            "https://api.deepl.com/v2/translate"
          ],
          "rdf:language": [
            "nl"
          ],
          "rdf:predicate": [
            "shortDescription"
          ]
        }
      ],
      "shortDescription": {
        "de": [
          "In der Saison empfängt Sie das Büro für Touristeninformation am Eingang der Zitadelle von Calvi aus dem 13."
        ],
        "en": [
          "In the summer season, the Tourist Information Office can be found at the entrance to the 13th-century Citadel of Calvi."
        ],
        "it": [
          "In stagione, l'Ufficio del Turismo vi accoglie all'ingresso della Cittadella di Calvi, risalente al XIII secolo."
        ],
        "fr": [
          "En saison, le Bureau d'Information Touristique vous accueille à l'entrée de la Citadelle de Calvi du XIIIème siècle."
        ],
        "nl": [
          "In het seizoen ontvangt het VVV-kantoor u bij de ingang van de 13e eeuwse Citadel van Calvi."
        ],
        "es": [
          "En temporada, la Oficina de Turismo le da la bienvenida a la entrada de la Ciudadela de Calvi, del siglo XIII."
        ]
      }
    }
  ],
  "hasTranslatedProperty": [
    {
      "@id": "https://data.datatourisme.fr/06be4ba3-8fa2-3d2b-9fee-03f2978cee37",
      "dc:contributor": [
        "https://api.deepl.com/v2/translate"
      ],
      "rdf:language": [
        "nl"
      ],
      "rdf:predicate": [
        {
          "@id": "rdfs:comment"
        }
      ]
    },
    {
      "@id": "https://data.datatourisme.fr/13ac2c31-e564-36fb-8b48-170febda4566",
      "dc:contributor": [
        "https://api.deepl.com/v2/translate"
      ],
      "rdf:language": [
        "de"
      ],
      "rdf:predicate": [
        {
          "@id": "rdfs:comment"
        }
      ]
    },
    {
      "@id": "https://data.datatourisme.fr/3bcc1f8b-3304-3646-8373-394016270fb9",
      "dc:contributor": [
        "https://api.deepl.com/v2/translate"
      ],
      "rdf:language": [
        "es"
      ],
      "rdf:predicate": [
        {
          "@id": "rdfs:comment"
        }
      ]
    }
  ],
  "isLocatedAt": [
    {
      "@id": "https://data.datatourisme.fr/a768f988-5728-32d0-92ea-ada17494246a",
      "schema:address": [
        {
          "@id": "https://data.datatourisme.fr/3044cc40-2560-3a00-9fb0-9daf851edd9b",
          "schema:addressLocality": "Calvi",
          "schema:postalCode": "20260",
          "schema:streetAddress": [
            "Citadelle",
            "Porche d'entrée"
          ],
          "@type": [
            "schema:PostalAddress",
            "PostalAddress"
          ],
          "hasAddressCity": {
            "@id": "kb:2B050",
            "@type": [
              "City"
            ],
            "rdfs:label": {
              "en": [
                "Calvi"
              ],
              "fr": [
                "Calvi"
              ]
            },
            "insee": "2B050",
            "isPartOfDepartment": {
              "@id": "kb:France942B",
              "@type": [
                "Department"
              ],
              "rdfs:label": {
                "en": [
                  "Haute-Corse"
                ],
                "fr": [
                  "Haute-Corse"
                ]
              },
              "insee": "2B",
              "isPartOfRegion": {
                "@id": "kb:France94",
                "@type": [
                  "Region"
                ],
                "rdfs:label": {
                  "en": [
                    "Corse"
                  ],
                  "fr": [
                    "Corse"
                  ]
                },
                "insee": "94",
                "isPartOfCountry": {
                  "@id": "kb:France",
                  "@type": [
                    "schema:Country"
                  ],
                  "rdfs:label": {
                    "de": [
                      "Frankreich"
                    ],
                    "pt": [
                      "França"
                    ],
                    "en": [
                      "France"
                    ],
                    "it": [
                      "Francia"
                    ],
                    "fr": [
                      "France"
                    ],
                    "nl": [
                      "Frankrijk"
                    ],
                    "es": [
                      "Francia"
                    ]
                  }
                }
              }
            }
          }
        }
      ],
      "schema:geo": {
        "@id": "https://data.datatourisme.fr/9642f3f8-d11e-3989-8abb-8f9ff602bbde",
        "schema:latitude": "42.568",
        "schema:longitude": "8.7595",
        "@type": [
          "schema:GeoCoordinates"
        ]
      },
      "schema:openingHoursSpecification": [
        {
          "@id": "https://data.datatourisme.fr/d7943cb6-9ad6-30b6-abc0-d0af385a9c98",
          "schema:validFrom": "2023-06-06T00:00:00",
          "schema:validThrough": "2023-09-30T23:59:59",
          "@type": [
            "schema:OpeningHoursSpecification"
          ]
        }
      ],
      "@type": [
        "schema:Place",
        "Place"
      ]
    }
  ],
  "isOwnedBy": [
    {
      "@id": "https://data.datatourisme.fr/194c52e6-bbae-33dc-8464-caca97844fbb",
      "schema:email": [
        "info@balagne-corsica.com"
      ],
      "schema:legalName": "Office de Tourisme Intercommunal Calvi - Balagne",
      "@type": [
        "schema:Organization",
        "foaf:Agent",
        "Agent"
      ],
      "foaf:homepage": [
        "https://www.balagne-corsica.com/"
      ]
    }
  ],
  "lastUpdate": "2022-07-06",
  "lastUpdateDatatourisme": "2023-02-02T06:39:28.079Z"
}