{
  "@id": "https://data.datatourisme.fr/13/016f3145-67f8-33c3-9293-109b420a9104",
  "dc:identifier": "5663371",
  "@type": [
    "schema:LocalBusiness",
    "PlaceOfInterest",
    "PointOfInterest",
    "SightseeingBoat",
    "SportsAndLeisurePlace"
  ],
  "rdfs:comment": {
    "de": [
      "Fahrten im Rhythmus vergangener Zeiten an Bord der Ulysses, die zum nationalen Kulturerbe gehört! Ausfahrten aufs Meer außerhalb der Touristenrouten, Mahlzeiten an Bord, Grillen, Paddeln, Schnorcheln, Langleinenfischen. Am Abend Aperitif-Dinner und Rückfahrt unter dem Sternenhimmel."
    ],
    "en": [
      "Stroll at the rhythm of yesteryear on board the Ulysses, a national heritage ship! Sea outings outside the tourist circuits, meals on board, barbecue, paddle, snorkeling, long-line fishing. In the evening aperitif and return under the stars."
    ],
    "it": [
      "Viaggiate al ritmo di un tempo a bordo dell'Ulisse, una nave del patrimonio nazionale! Uscite in mare al di fuori dei circuiti turistici, pasti a bordo, barbecue, paddle, snorkeling, pesca a canna lunga. In serata aperitivo e rientro sotto le stelle."
    ],
    "fr": [
      "Promenades au rythme d'antan à bord d'Ulysse classé au patrimoine national ! Sorties en mer en dehors des circuits touristiques, repas à bord, barbecue, paddle, snorkeling, pêche à la palangrotte. Le soir apéritif dinatoire et retour sous les étoiles."
    ],
    "nl": [
      "Rijdt in het tempo van weleer aan boord van de Ulysses, een nationaal erfgoedschip! Uitstapjes op zee buiten de toeristische circuits, maaltijden aan boord, barbecue, peddelen, snorkelen, vissen met lange lijnen. S Avonds aperitief en terugkeer onder de sterrenhemel."
    ],
    "es": [
      "Paseos a ritmo de antaño a bordo del Ulises, ¡un barco patrimonio nacional! Salidas al mar fuera de los circuitos turísticos, comidas a bordo, barbacoa, paddle, snorkel, pesca con palangre. Por la noche aperitivo y regreso bajo las estrellas."
    ]
  },
  "rdfs:label": {
    "fr": [
      "Promenades du Golfe"
    ]
  },
  "hasBeenCreatedBy": {
    "@id": "https://data.datatourisme.fr/13/84c6494d-3085-3c63-a55c-db8cb047fadd",
    "dc:identifier": "1738",
    "schema:email": [
      "camillef.omt@gmail.com",
      "direction@destination-sudcorse.com",
      "gestion@destination-sudcorse.com",
      "promotion@destination-sudcorse.com",
      "webmaster@destination-sudcorse.com"
    ],
    "schema:legalName": "Porto Vecchio Tourisme",
    "@type": [
      "schema:Organization",
      "foaf:Agent",
      "Agent"
    ],
    "foaf:homepage": [
      "http://www.ot-portovecchio.com/"
    ]
  },
  "hasBeenPublishedBy": [
    {
      "@id": "https://data.datatourisme.fr/8a9feb4b-2cbd-3d2c-b507-bd6c6776b23b",
      "schema:legalName": "Apidae Tourisme Scic SA - source : Apidae Tourisme",
      "@type": [
        "schema:Organization",
        "foaf:Agent",
        "Agent"
      ],
      "foaf:homepage": [
        "https://www.apidae-tourisme.com/"
      ]
    }
  ],
  "hasContact": [
    {
      "@id": "https://data.datatourisme.fr/ffcc2787-f836-3c5e-9bfa-d947c7089ae7",
      "schema:email": [
        "promenadesdugolfe.ulysse@gmail.com"
      ],
      "schema:telephone": [
        "+33 6 15 07 34 68",
        "+33 6 21 09 21 41"
      ],
      "@type": [
        "foaf:Agent",
        "Agent"
      ],
      "foaf:homepage": [
        "https://www.promenadesdugolfe.com/"
      ]
    }
  ],
  "hasDescription": [
    {
      "@id": "https://data.datatourisme.fr/b1208604-fe24-329e-ab36-c229d8eac59f",
      "@type": [
        "Description"
      ],
      "hasTranslatedProperty": [
        {
          "@id": "https://data.datatourisme.fr/446e93d8-c4a3-30e3-8ecf-57ea8ccfe16d",
          "dc:contributor": [
            "https://api.deepl.com/v2/translate"
          ],
          "rdf:language": [
            "nl"
          ],
          "rdf:predicate": [
            "shortDescription"
          ]
        },
        {
          "@id": "https://data.datatourisme.fr/46ca51f4-896d-33c5-9932-7b708f480808",
          "dc:contributor": [
            "https://api.deepl.com/v2/translate"
          ],
          "rdf:language": [
            "es"
          ],
          "rdf:predicate": [
            "shortDescription"
          ]
        },
        {
          "@id": "https://data.datatourisme.fr/48994aa9-b01c-3c1a-aac4-f156761db6dc",
          "dc:contributor": [
            "https://api.deepl.com/v2/translate"
          ],
          "rdf:language": [
            "de"
          ],
          "rdf:predicate": [
            "shortDescription"
          ]
        },
        {
          "@id": "https://data.datatourisme.fr/4aeb1bf4-50fb-3d16-b196-b62a8a0cf87e",
          "dc:contributor": [
            "https://api.deepl.com/v2/translate"
          ],
          "rdf:language": [
            "en"
          ],
          "rdf:predicate": [
            "shortDescription"
          ]
        },
        {
          "@id": "https://data.datatourisme.fr/da703f3a-be35-3f19-b2ba-01cdbe255d5a",
          "dc:contributor": [
            "https://api.deepl.com/v2/translate"
          ],
          "rdf:language": [
            "it"
          ],
          "rdf:predicate": [
            "shortDescription"
          ]
        }
      ],
      "shortDescription": {
        "de": [
          "Fahrten im Rhythmus vergangener Zeiten an Bord der Ulysses, die zum nationalen Kulturerbe gehört! Ausfahrten aufs Meer außerhalb der Touristenrouten, Mahlzeiten an Bord, Grillen, Paddeln, Schnorcheln, Langleinenfischen. Am Abend Aperitif-Dinner und Rückfahrt unter dem Sternenhimmel."
        ],
        "en": [
          "Stroll at the rhythm of yesteryear on board the Ulysses, a national heritage ship! Sea outings outside the tourist circuits, meals on board, barbecue, paddle, snorkeling, long-line fishing. In the evening aperitif and return under the stars."
        ],
        "it": [
          "Viaggiate al ritmo di un tempo a bordo dell'Ulisse, una nave del patrimonio nazionale! Uscite in mare al di fuori dei circuiti turistici, pasti a bordo, barbecue, paddle, snorkeling, pesca a canna lunga. In serata aperitivo e rientro sotto le stelle."
        ],
        "fr": [
          "Promenades au rythme d'antan à bord d'Ulysse classé au patrimoine national ! Sorties en mer en dehors des circuits touristiques, repas à bord, barbecue, paddle, snorkeling, pêche à la palangrotte. Le soir apéritif dinatoire et retour sous les étoiles."
        ],
        "nl": [
          "Rijdt in het tempo van weleer aan boord van de Ulysses, een nationaal erfgoedschip! Uitstapjes op zee buiten de toeristische circuits, maaltijden aan boord, barbecue, peddelen, snorkelen, vissen met lange lijnen. S Avonds aperitief en terugkeer onder de sterrenhemel."
        ],
        "es": [
          "Paseos a ritmo de antaño a bordo del Ulises, ¡un barco patrimonio nacional! Salidas al mar fuera de los circuitos turísticos, comidas a bordo, barbacoa, paddle, snorkel, pesca con palangre. Por la noche aperitivo y regreso bajo las estrellas."
        ]
      }
    }
  ],
  "hasTheme": [
    {
      "@id": "kb:Fishing",
      "@type": [
        "SportsTheme"
      ],
      "rdfs:label": {
        "de": [
          "Fischerei"
        ],
        "pt": [
          "Pesca"
        ],
        "en": [
          "Fishing"
        ],
        "it": [
          "Pesca"
        ],
        "fr": [
          "Pêche"
        ],
        "nl": [
          "Visserij"
        ],
        "es": [
          "Pesca"
        ]
      }
    },
    {
      "@id": "kb:SeaFishing",
      "@type": [
        "SportsTheme"
      ],
      "rdfs:label": {
        "de": [
          "Meeresfischerei"
        ],
        "pt": [
          "Pesca no mar"
        ],
        "en": [
          "Sea fishing"
        ],
        "it": [
          "Pesca marittima"
        ],
        "fr": [
          "Pêche en mer"
        ],
        "nl": [
          "Zeevissen"
        ],
        "es": [
          "Pesca marítima"
        ]
      }
    },
    {
      "@id": "kb:Snorkeling",
      "@type": [
        "SportsTheme"
      ],
      "rdfs:label": {
        "de": [
          "Schnorcheln"
        ],
        "pt": [
          "Snorkling"
        ],
        "en": [
          "Snorkeling"
        ],
        "it": [
          "Snorkeling"
        ],
        "fr": [
          "Randonnée palmée"
        ],
        "nl": [
          "Snorkelen"
        ],
        "es": [
          "Esnórquel"
        ]
      }
    },
    {
      "@id": "kb:StandupPaddleboarding",
      "@type": [
        "SportsTheme"
      ],
      "rdfs:label": {
        "de": [
          "Stand-up Paddle (SUP)"
        ],
        "pt": [
          "Paddle de pé (SUP)"
        ],
        "en": [
          "Standup paddleboarding"
        ],
        "it": [
          "Stand up paddle (SUP)"
        ],
        "fr": [
          "Stand up paddle sup"
        ],
        "es": [
          "Tabla de pádel surf"
        ],
        "nl": [
          "Suppen"
        ]
      }
    }
  ],
  "hasTranslatedProperty": [
    {
      "@id": "https://data.datatourisme.fr/074eba62-87de-3a6d-a29e-cb89291ffeb7",
      "dc:contributor": [
        "https://api.deepl.com/v2/translate"
      ],
      "rdf:language": [
        "es"
      ],
      "rdf:predicate": [
        {
          "@id": "rdfs:comment"
        }
      ]
    },
    {
      "@id": "https://data.datatourisme.fr/16e9b040-a89d-37a4-b1c0-327e7306f367",
      "dc:contributor": [
        "https://api.deepl.com/v2/translate"
      ],
      "rdf:language": [
        "it"
      ],
      "rdf:predicate": [
        {
          "@id": "rdfs:comment"
        }
      ]
    },
    {
      "@id": "https://data.datatourisme.fr/3bcebd44-7d2b-3bf8-823d-237ba1235114",
      "dc:contributor": [
        "https://api.deepl.com/v2/translate"
      ],
      "rdf:language": [
        "nl"
      ],
      "rdf:predicate": [
        {
          "@id": "rdfs:comment"
        }
      ]
    },
    {
      "@id": "https://data.datatourisme.fr/c5854a7a-72d3-3fbb-a342-e3ea66624add",
      "dc:contributor": [
        "https://api.deepl.com/v2/translate"
      ],
      "rdf:language": [
        "en"
      ],
      "rdf:predicate": [
        {
          "@id": "rdfs:comment"
        }
      ]
    },
    {
      "@id": "https://data.datatourisme.fr/cb06ce4c-7b1c-309d-a87c-05e96a121ad2",
      "dc:contributor": [
        "https://api.deepl.com/v2/translate"
      ],
      "rdf:language": [
        "de"
      ],
      "rdf:predicate": [
        {
          "@id": "rdfs:comment"
        }
      ]
    }
  ],
  "isLocatedAt": [
    {
      "@id": "https://data.datatourisme.fr/91088f9a-bf80-3b39-a590-e148d2a888a4",
      "schema:address": [
        {
          "@id": "https://data.datatourisme.fr/e801a89e-7e7c-37a6-9098-5990c9cdc79d",
          "schema:addressLocality": "Porto-Vecchio",
          "schema:postalCode": "20137",
          "schema:streetAddress": [
            "Port de Plaisance",
            "Quai Nord n° 2"
          ],
          "@type": [
            "schema:PostalAddress",
            "PostalAddress"
          ],
          "hasAddressCity": {
            "@id": "kb:2A247",
            "@type": [
              "City"
            ],
            "rdfs:label": {
              "en": [
                "Porto-Vecchio"
              ],
              "fr": [
                "Porto-Vecchio"
              ]
            },
            "insee": "2A247",
            "isPartOfDepartment": {
              "@id": "kb:France942A",
              "@type": [
                "Department"
              ],
              "rdfs:label": {
                "en": [
                  "Corse-du-Sud"
                ],
                "fr": [
                  "Corse-du-Sud"
                ]
              },
              "insee": "2A",
              "isPartOfRegion": {
                "@id": "kb:France94",
                "@type": [
                  "Region"
                ],
                "rdfs:label": {
                  "en": [
                    "Corse"
                  ],
                  "fr": [
                    "Corse"
                  ]
                },
                "insee": "94",
                "isPartOfCountry": {
                  "@id": "kb:France",
                  "@type": [
                    "schema:Country"
                  ],
                  "rdfs:label": {
                    "de": [
                      "Frankreich"
                    ],
                    "pt": [
                      "França"
                    ],
                    "en": [
                      "France"
                    ],
                    "it": [
                      "Francia"
                    ],
                    "fr": [
                      "France"
                    ],
                    "nl": [
                      "Frankrijk"
                    ],
                    "es": [
                      "Francia"
                    ]
                  }
                }
              }
            }
          }
        }
      ],
      "schema:geo": {
        "@id": "https://data.datatourisme.fr/e789100a-05dc-3223-913e-19ff579657b9",
        "schema:latitude": "41.590132",
        "schema:longitude": "9.283183",
        "@type": [
          "schema:GeoCoordinates"
        ]
      },
      "schema:openingHoursSpecification": [
        {
          "@id": "https://data.datatourisme.fr/f87e535a-636d-3343-ad63-8a03392e7511",
          "schema:validFrom": "2023-01-01T00:00:00",
          "schema:validThrough": "2023-12-31T23:59:59",
          "@type": [
            "schema:OpeningHoursSpecification"
          ]
        }
      ],
      "@type": [
        "schema:Place",
        "Place"
      ]
    }
  ],
  "isOwnedBy": [
    {
      "@id": "https://data.datatourisme.fr/f5f950f9-5eec-32b4-a357-2c969ccf4068",
      "schema:email": [
        "camillef.omt@gmail.com",
        "direction@destination-sudcorse.com",
        "gestion@destination-sudcorse.com",
        "promotion@destination-sudcorse.com",
        "webmaster@destination-sudcorse.com"
      ],
      "schema:legalName": "Porto Vecchio Tourisme",
      "@type": [
        "schema:Organization",
        "foaf:Agent",
        "Agent"
      ],
      "foaf:homepage": [
        "http://www.ot-portovecchio.com/"
      ]
    }
  ],
  "lastUpdate": "2023-04-01",
  "lastUpdateDatatourisme": "2023-04-02T05:48:09.233Z",
  "offers": [
    {
      "@id": "https://data.datatourisme.fr/65a8723a-7e25-37d5-813e-42c66eb2d0ab",
      "schema:priceSpecification": [
        {
          "@id": "https://data.datatourisme.fr/2967ec71-dd21-3c15-a093-fd9e488bf538",
          "schema:maxPrice": [
            "110"
          ],
          "schema:minPrice": [
            "50"
          ],
          "schema:priceCurrency": "EUR",
          "@type": [
            "schema:PriceSpecification",
            "PriceSpecification"
          ],
          "appliesOnPeriod": [
            {
              "@id": "https://data.datatourisme.fr/a425afdf-3594-300b-b55e-1858bafa3fd4",
              "@type": [
                "Period"
              ],
              "endDate": "2023-12-31",
              "startDate": "2023-01-01"
            }
          ]
        }
      ],
      "@type": [
        "schema:Offer",
        "Offer"
      ]
    }
  ]
}