{
  "@id": "https://data.datatourisme.fr/13/28422c87-8985-30d8-a2d3-4d645cca5bdc",
  "dc:identifier": "4974552",
  "@type": [
    "schema:Accommodation",
    "schema:LodgingBusiness",
    "Accommodation",
    "CollectiveAccommodation",
    "HolidayResort",
    "PlaceOfInterest",
    "PointOfInterest"
  ],
  "rdfs:comment": {
    "de": [
      "In der Nähe von L'Ile-Rousse und den Stränden bietet Ihnen die Residenz Les Alizés einen bemerkenswerten Blick auf die Berge und das Dorf Monticello.  Für Ihren Komfort sorgen geräumige Appartements,\r\n Zwei Swimmingpools, Fitnessraum, Whirlpool und Hammam."
    ],
    "en": [
      "Located near L'Ile Rousse and the beaches, Résidence Les Alizés welcomes you in a quiet setting with a view of the mountain and the village of Monticello. For your comfort , spacious apartments, two swimming pools, fitness room, jacuzzi and hammam."
    ],
    "it": [
      "Vicino a L'Ile-Rousse e alle spiagge, il residence Les Alizés offre una vista straordinaria sulle montagne e sul villaggio di Monticello.  Per il vostro comfort, appartamenti spaziosi,\r\nDue piscine, sala fitness, idromassaggio e hammam."
    ],
    "fr": [
      "A proximité de L'Ile-Rousse et des plages, la résidence Les Alizés vous offre une vue remarquable sur les montagnes et le village de Monticello.  Pour votre confort, des appartements spacieux,\r\n Deux piscines, salle fitness, bain à remous et hammam."
    ],
    "nl": [
      "In de buurt van L'Ile-Rousse en de stranden biedt de residentie Les Alizés u een opmerkelijk uitzicht op de bergen en het dorp Monticello.  Voor uw comfort, ruime appartementen,\r\n Twee zwembaden, fitnessruimte, whirlpool en hammam."
    ],
    "es": [
      "Cerca de L'Ile-Rousse y de las playas, la residencia Les Alizés le ofrece una notable vista de las montañas y del pueblo de Monticello.  Para su comodidad, pisos amplios,\r\n Dos piscinas, sala de fitness, jacuzzi y hammam."
    ]
  },
  "rdfs:label": {
    "fr": [
      "Les Alizés"
    ]
  },
  "hasBeenCreatedBy": {
    "@id": "https://data.datatourisme.fr/13/8d420fa3-5754-31f1-8199-69c88780314d",
    "dc:identifier": "1647",
    "schema:email": [
      "web@ileroussetourisme.com"
    ],
    "schema:legalName": "Office de Tourisme Intercommunal de L'Ile Rousse-Balagne",
    "@type": [
      "schema:Organization",
      "foaf:Agent",
      "Agent"
    ],
    "foaf:homepage": [
      "https://www.balagne-corsica.com/"
    ]
  },
  "hasBeenPublishedBy": [
    {
      "@id": "https://data.datatourisme.fr/8a9feb4b-2cbd-3d2c-b507-bd6c6776b23b",
      "schema:legalName": "Apidae Tourisme Scic SA - source : Apidae Tourisme",
      "@type": [
        "schema:Organization",
        "foaf:Agent",
        "Agent"
      ],
      "foaf:homepage": [
        "https://www.apidae-tourisme.com/"
      ]
    }
  ],
  "hasContact": [
    {
      "@id": "https://data.datatourisme.fr/3337bad6-e74a-3bc3-91c4-d25fe7f417b1",
      "schema:email": [
        "residencealizes@gmail.com"
      ],
      "schema:telephone": [
        "+33 4 95 60 08 06",
        "+33 6 08 11 70 38",
        "+33 6 20 33 03 71"
      ],
      "@type": [
        "foaf:Agent",
        "Agent"
      ],
      "foaf:homepage": [
        "http://www.motel-lesalizes.com/"
      ]
    }
  ],
  "hasDescription": [
    {
      "@id": "https://data.datatourisme.fr/1148efa7-3ce8-35d1-847a-d94a4e1c2a86",
      "@type": [
        "Description"
      ],
      "hasTranslatedProperty": [
        {
          "@id": "https://data.datatourisme.fr/1b08beae-289d-339a-8482-5e4354236f70",
          "dc:contributor": [
            "https://api.deepl.com/v2/translate"
          ],
          "rdf:language": [
            "de"
          ],
          "rdf:predicate": [
            "shortDescription"
          ]
        },
        {
          "@id": "https://data.datatourisme.fr/362921ce-4541-3fe4-be65-176cc533b9dc",
          "dc:contributor": [
            "https://api.deepl.com/v2/translate"
          ],
          "rdf:language": [
            "es"
          ],
          "rdf:predicate": [
            "shortDescription"
          ]
        },
        {
          "@id": "https://data.datatourisme.fr/69a2bfc6-841a-3b75-8b70-e41db347ea48",
          "dc:contributor": [
            "https://api.deepl.com/v2/translate"
          ],
          "rdf:language": [
            "nl"
          ],
          "rdf:predicate": [
            "shortDescription"
          ]
        }
      ],
      "shortDescription": {
        "de": [
          "In der Nähe von L'Ile-Rousse und den Stränden bietet Ihnen die Residenz Les Alizés einen bemerkenswerten Blick auf die Berge und das Dorf Monticello.  Für Ihren Komfort sorgen geräumige Appartements,\r\n Zwei Swimmingpools, Fitnessraum, Whirlpool und Hammam."
        ],
        "en": [
          "Located near L'Ile Rousse and the beaches, Résidence Les Alizés welcomes you in a quiet setting with a view of the mountain and the village of Monticello. For your comfort , spacious apartments, two swimming pools, fitness room, jacuzzi and hammam."
        ],
        "it": [
          "Vicino a L'Ile-Rousse e alle spiagge, il residence Les Alizés offre una vista straordinaria sulle montagne e sul villaggio di Monticello.  Per il vostro comfort, appartamenti spaziosi,\r\nDue piscine, sala fitness, idromassaggio e hammam."
        ],
        "fr": [
          "A proximité de L'Ile-Rousse et des plages, la résidence Les Alizés vous offre une vue remarquable sur les montagnes et le village de Monticello.  Pour votre confort, des appartements spacieux,\r\n Deux piscines, salle fitness, bain à remous et hammam."
        ],
        "nl": [
          "In de buurt van L'Ile-Rousse en de stranden biedt de residentie Les Alizés u een opmerkelijk uitzicht op de bergen en het dorp Monticello.  Voor uw comfort, ruime appartementen,\r\n Twee zwembaden, fitnessruimte, whirlpool en hammam."
        ],
        "es": [
          "Cerca de L'Ile-Rousse y de las playas, la residencia Les Alizés le ofrece una notable vista de las montañas y del pueblo de Monticello.  Para su comodidad, pisos amplios,\r\n Dos piscinas, sala de fitness, jacuzzi y hammam."
        ]
      }
    }
  ],
  "hasTranslatedProperty": [
    {
      "@id": "https://data.datatourisme.fr/22e35ffc-9a71-3dc0-a664-737fd1d1be1b",
      "dc:contributor": [
        "https://api.deepl.com/v2/translate"
      ],
      "rdf:language": [
        "nl"
      ],
      "rdf:predicate": [
        {
          "@id": "rdfs:comment"
        }
      ]
    },
    {
      "@id": "https://data.datatourisme.fr/3e9c6090-e48a-36a9-b5e6-006a6c2fe691",
      "dc:contributor": [
        "https://api.deepl.com/v2/translate"
      ],
      "rdf:language": [
        "es"
      ],
      "rdf:predicate": [
        {
          "@id": "rdfs:comment"
        }
      ]
    },
    {
      "@id": "https://data.datatourisme.fr/f5a31a73-e5e5-3b36-beab-b76edf8f8c0f",
      "dc:contributor": [
        "https://api.deepl.com/v2/translate"
      ],
      "rdf:language": [
        "de"
      ],
      "rdf:predicate": [
        {
          "@id": "rdfs:comment"
        }
      ]
    }
  ],
  "isLocatedAt": [
    {
      "@id": "https://data.datatourisme.fr/f6c894f5-200f-3e16-a417-3c04e4d5cb1d",
      "schema:address": [
        {
          "@id": "https://data.datatourisme.fr/914ab2a7-5183-3f4f-92f4-1d575d17b5a2",
          "schema:addressLocality": "L'Île-Rousse",
          "schema:postalCode": "20220",
          "schema:streetAddress": [
            "Lotissement Castellaccio",
            "Route de Bastia"
          ],
          "@type": [
            "schema:PostalAddress",
            "PostalAddress"
          ],
          "hasAddressCity": {
            "@id": "kb:2B134",
            "@type": [
              "City"
            ],
            "rdfs:label": {
              "en": [
                "L'Île-Rousse"
              ],
              "fr": [
                "L'Île-Rousse"
              ]
            },
            "insee": "2B134",
            "isPartOfDepartment": {
              "@id": "kb:France942B",
              "@type": [
                "Department"
              ],
              "rdfs:label": {
                "en": [
                  "Haute-Corse"
                ],
                "fr": [
                  "Haute-Corse"
                ]
              },
              "insee": "2B",
              "isPartOfRegion": {
                "@id": "kb:France94",
                "@type": [
                  "Region"
                ],
                "rdfs:label": {
                  "en": [
                    "Corse"
                  ],
                  "fr": [
                    "Corse"
                  ]
                },
                "insee": "94",
                "isPartOfCountry": {
                  "@id": "kb:France",
                  "@type": [
                    "schema:Country"
                  ],
                  "rdfs:label": {
                    "de": [
                      "Frankreich"
                    ],
                    "pt": [
                      "França"
                    ],
                    "en": [
                      "France"
                    ],
                    "it": [
                      "Francia"
                    ],
                    "fr": [
                      "France"
                    ],
                    "nl": [
                      "Frankrijk"
                    ],
                    "es": [
                      "Francia"
                    ]
                  }
                }
              }
            }
          }
        }
      ],
      "schema:geo": {
        "@id": "https://data.datatourisme.fr/50e50c8e-c6fe-3056-9ec5-c4f2e506055c",
        "schema:latitude": "42.629741",
        "schema:longitude": "8.954928",
        "@type": [
          "schema:GeoCoordinates"
        ]
      },
      "schema:openingHoursSpecification": [
        {
          "@id": "https://data.datatourisme.fr/feb559db-69a2-31c3-9716-cc88686d90d7",
          "schema:closes": "19:00:00",
          "schema:opens": "08:00:00",
          "schema:validFrom": "2023-01-01T00:00:00",
          "schema:validThrough": "2023-12-31T23:59:59",
          "@type": [
            "schema:OpeningHoursSpecification"
          ]
        }
      ],
      "@type": [
        "schema:Place",
        "Place"
      ]
    }
  ],
  "isOwnedBy": [
    {
      "@id": "https://data.datatourisme.fr/252af22a-253d-33df-b9d7-204832749402",
      "schema:email": [
        "web@ileroussetourisme.com"
      ],
      "schema:legalName": "Office de Tourisme Intercommunal de L'Ile Rousse-Balagne",
      "@type": [
        "schema:Organization",
        "foaf:Agent",
        "Agent"
      ],
      "foaf:homepage": [
        "https://www.balagne-corsica.com/"
      ]
    }
  ],
  "lastUpdate": "2023-02-15",
  "lastUpdateDatatourisme": "2023-04-04T05:52:39.32Z",
  "offers": [
    {
      "@id": "https://data.datatourisme.fr/20721d85-2117-3d81-bd84-18d854b1a658",
      "schema:priceSpecification": [
        {
          "@id": "https://data.datatourisme.fr/1414a12f-8a18-310f-ac07-b10b2ee17969",
          "schema:maxPrice": [
            "10",
            "1640",
            "8"
          ],
          "schema:minPrice": [
            "10",
            "287",
            "8"
          ],
          "schema:priceCurrency": "EUR",
          "@type": [
            "schema:PriceSpecification",
            "PriceSpecification"
          ],
          "appliesOnPeriod": [
            {
              "@id": "https://data.datatourisme.fr/a425afdf-3594-300b-b55e-1858bafa3fd4",
              "@type": [
                "Period"
              ],
              "endDate": "2023-12-31",
              "startDate": "2023-01-01"
            }
          ]
        }
      ],
      "@type": [
        "schema:Offer",
        "Offer"
      ]
    }
  ]
}