{
  "@id": "https://data.datatourisme.fr/13/62ce615c-9782-3a03-a768-a28f7a171ccb",
  "dc:identifier": "5009825",
  "@type": [
    "schema:Accommodation",
    "schema:LodgingBusiness",
    "Accommodation",
    "CollectiveAccommodation",
    "HolidayResort",
    "PlaceOfInterest",
    "PointOfInterest"
  ],
  "rdfs:comment": {
    "de": [
      "Sie werden die ruhige Lage dieser Residenz schätzen, die sich in der Nähe des Meeres und des Strandes von Lumio befindet, den Sie zu Fuß erreichen können. Sie werden sich auch von der Aussicht auf die Bucht und die Zitadelle von Calvi verzaubern lassen."
    ],
    "en": [
      "You will appreciate the location of this residence, quietly located, near the sea and the beach of Lumio that you can reach on foot. You will also be seduced by the view of the bay and the citadel of Calvi."
    ],
    "it": [
      "Apprezzerete la posizione di questo residence, situato in una zona tranquilla, vicino al mare e alla spiaggia di Lumio che potrete raggiungere a piedi. Sarete inoltre sedotti dalla vista sulla baia e sulla cittadella di Calvi."
    ],
    "fr": [
      "Vous apprécierez la situation de cette résidence, située au calme, près de la mer et de la plage de Lumio que vous pouvez rejoindre à pied. Vous vous laisserez également séduire par la vue sur la baie et la citadelle de Calvi."
    ],
    "nl": [
      "U zult de locatie van deze residentie waarderen, gelegen in een rustige omgeving, vlakbij de zee en het strand van Lumio dat u te voet kunt bereiken. U zult ook verleid worden door het uitzicht over de baai en de citadel van Calvi."
    ],
    "es": [
      "Apreciará la ubicación de esta residencia, situada en una zona tranquila, cerca del mar y de la playa de Lumio, a la que podrá llegar a pie. También le seducirá la vista sobre la bahía y la ciudadela de Calvi."
    ]
  },
  "rdfs:label": {
    "en": [
      "Arinella"
    ],
    "fr": [
      "Arinella"
    ]
  },
  "hasBeenCreatedBy": {
    "@id": "https://data.datatourisme.fr/13/e4873aa9-a05c-35ed-8395-61d121516766",
    "dc:identifier": "1646",
    "schema:email": [
      "info@balagne-corsica.com"
    ],
    "schema:legalName": "Office de Tourisme Intercommunal Calvi - Balagne",
    "@type": [
      "schema:Organization",
      "foaf:Agent",
      "Agent"
    ],
    "foaf:homepage": [
      "https://www.balagne-corsica.com/"
    ]
  },
  "hasBeenPublishedBy": [
    {
      "@id": "https://data.datatourisme.fr/8a9feb4b-2cbd-3d2c-b507-bd6c6776b23b",
      "schema:legalName": "Apidae Tourisme Scic SA - source : Apidae Tourisme",
      "@type": [
        "schema:Organization",
        "foaf:Agent",
        "Agent"
      ],
      "foaf:homepage": [
        "https://www.apidae-tourisme.com/"
      ]
    }
  ],
  "hasContact": [
    {
      "@id": "https://data.datatourisme.fr/9bd8044d-4a8c-34b0-b92d-98530846ccd9",
      "schema:email": [
        "infos@arinella.com",
        "reception@arinella.com"
      ],
      "schema:telephone": [
        "+33 4 95 60 60 60"
      ],
      "@type": [
        "foaf:Agent",
        "Agent"
      ],
      "foaf:homepage": [
        "https://www.arinella.fr/"
      ]
    }
  ],
  "hasDescription": [
    {
      "@id": "https://data.datatourisme.fr/1b96fc62-b49d-3ce5-918d-a61d458aa35c",
      "@type": [
        "Description"
      ],
      "hasTranslatedProperty": [
        {
          "@id": "https://data.datatourisme.fr/4f03eb7d-afa4-3ec1-bd2c-c6dab8b88c86",
          "dc:contributor": [
            "https://api.deepl.com/v2/translate"
          ],
          "rdf:language": [
            "it"
          ],
          "rdf:predicate": [
            "shortDescription"
          ]
        },
        {
          "@id": "https://data.datatourisme.fr/531b5c1b-d15e-39d3-a197-61d939ac7b38",
          "dc:contributor": [
            "https://api.deepl.com/v2/translate"
          ],
          "rdf:language": [
            "es"
          ],
          "rdf:predicate": [
            "shortDescription"
          ]
        },
        {
          "@id": "https://data.datatourisme.fr/90cc3734-8f90-38d1-b1c6-b4b94277bdfe",
          "dc:contributor": [
            "https://api.deepl.com/v2/translate"
          ],
          "rdf:language": [
            "de"
          ],
          "rdf:predicate": [
            "shortDescription"
          ]
        },
        {
          "@id": "https://data.datatourisme.fr/d0b112b4-a127-363c-99bb-ebd52bbf6c1f",
          "dc:contributor": [
            "https://api.deepl.com/v2/translate"
          ],
          "rdf:language": [
            "nl"
          ],
          "rdf:predicate": [
            "shortDescription"
          ]
        }
      ],
      "shortDescription": {
        "de": [
          "Sie werden die ruhige Lage dieser Residenz schätzen, die sich in der Nähe des Meeres und des Strandes von Lumio befindet, den Sie zu Fuß erreichen können. Sie werden sich auch von der Aussicht auf die Bucht und die Zitadelle von Calvi verzaubern lassen."
        ],
        "en": [
          "You will appreciate the location of this residence, quietly located, near the sea and the beach of Lumio that you can reach on foot. You will also be seduced by the view of the bay and the citadel of Calvi."
        ],
        "it": [
          "Apprezzerete la posizione di questo residence, situato in una zona tranquilla, vicino al mare e alla spiaggia di Lumio che potrete raggiungere a piedi. Sarete inoltre sedotti dalla vista sulla baia e sulla cittadella di Calvi."
        ],
        "fr": [
          "Vous apprécierez la situation de cette résidence, située au calme, près de la mer et de la plage de Lumio que vous pouvez rejoindre à pied. Vous vous laisserez également séduire par la vue sur la baie et la citadelle de Calvi."
        ],
        "nl": [
          "U zult de locatie van deze residentie waarderen, gelegen in een rustige omgeving, vlakbij de zee en het strand van Lumio dat u te voet kunt bereiken. U zult ook verleid worden door het uitzicht over de baai en de citadel van Calvi."
        ],
        "es": [
          "Apreciará la ubicación de esta residencia, situada en una zona tranquila, cerca del mar y de la playa de Lumio, a la que podrá llegar a pie. También le seducirá la vista sobre la bahía y la ciudadela de Calvi."
        ]
      }
    }
  ],
  "hasTranslatedProperty": [
    {
      "@id": "https://data.datatourisme.fr/09867478-9076-3ac1-a2c6-752d24523f6d",
      "dc:contributor": [
        "https://api.deepl.com/v2/translate"
      ],
      "rdf:language": [
        "nl"
      ],
      "rdf:predicate": [
        {
          "@id": "rdfs:comment"
        }
      ]
    },
    {
      "@id": "https://data.datatourisme.fr/940e4f82-aa48-3064-bc5b-b622202c0c34",
      "dc:contributor": [
        "https://api.deepl.com/v2/translate"
      ],
      "rdf:language": [
        "de"
      ],
      "rdf:predicate": [
        {
          "@id": "rdfs:comment"
        }
      ]
    },
    {
      "@id": "https://data.datatourisme.fr/e0e08813-f054-3909-833a-8c0f2ea3a658",
      "dc:contributor": [
        "https://api.deepl.com/v2/translate"
      ],
      "rdf:language": [
        "it"
      ],
      "rdf:predicate": [
        {
          "@id": "rdfs:comment"
        }
      ]
    },
    {
      "@id": "https://data.datatourisme.fr/ff065059-ee04-3815-82ca-bb0fcedcd028",
      "dc:contributor": [
        "https://api.deepl.com/v2/translate"
      ],
      "rdf:language": [
        "es"
      ],
      "rdf:predicate": [
        {
          "@id": "rdfs:comment"
        }
      ]
    }
  ],
  "isLocatedAt": [
    {
      "@id": "https://data.datatourisme.fr/b97af98b-26d3-38a0-bcf5-0d3608b38707",
      "schema:address": [
        {
          "@id": "https://data.datatourisme.fr/22f839ff-b5ac-3d3c-8609-1e1ac536ae2a",
          "schema:addressLocality": "Lumio",
          "schema:postalCode": "20260",
          "schema:streetAddress": [
            "Route de la Mer"
          ],
          "@type": [
            "schema:PostalAddress",
            "PostalAddress"
          ],
          "hasAddressCity": {
            "@id": "kb:2B150",
            "@type": [
              "City"
            ],
            "rdfs:label": {
              "en": [
                "Lumio"
              ],
              "fr": [
                "Lumio"
              ]
            },
            "insee": "2B150",
            "isPartOfDepartment": {
              "@id": "kb:France942B",
              "@type": [
                "Department"
              ],
              "rdfs:label": {
                "en": [
                  "Haute-Corse"
                ],
                "fr": [
                  "Haute-Corse"
                ]
              },
              "insee": "2B",
              "isPartOfRegion": {
                "@id": "kb:France94",
                "@type": [
                  "Region"
                ],
                "rdfs:label": {
                  "en": [
                    "Corse"
                  ],
                  "fr": [
                    "Corse"
                  ]
                },
                "insee": "94",
                "isPartOfCountry": {
                  "@id": "kb:France",
                  "@type": [
                    "schema:Country"
                  ],
                  "rdfs:label": {
                    "de": [
                      "Frankreich"
                    ],
                    "pt": [
                      "França"
                    ],
                    "en": [
                      "France"
                    ],
                    "it": [
                      "Francia"
                    ],
                    "fr": [
                      "France"
                    ],
                    "nl": [
                      "Frankrijk"
                    ],
                    "es": [
                      "Francia"
                    ]
                  }
                }
              }
            }
          }
        }
      ],
      "schema:geo": {
        "@id": "https://data.datatourisme.fr/c1a4ff2b-65e6-35b8-a0d9-3065e2e32fc1",
        "schema:latitude": "42.576678",
        "schema:longitude": "8.808554",
        "@type": [
          "schema:GeoCoordinates"
        ]
      },
      "schema:openingHoursSpecification": [
        {
          "@id": "https://data.datatourisme.fr/b555be65-e479-3b1c-babb-df5f79983308",
          "schema:validFrom": "2023-04-01T00:00:00",
          "schema:validThrough": "2023-10-31T23:59:59",
          "@type": [
            "schema:OpeningHoursSpecification"
          ],
          "additionalInformation": {
            "de": [
              "Unverbindliche Öffnungszeiten - genaue Daten werden noch bestätigt"
            ],
            "en": [
              "Indicative opening period - Precise dates to be confirmed"
            ],
            "it": [
              "Periodo di apertura indicativo - date precise da confermare"
            ],
            "fr": [
              "Période d'ouverture à titre indicatif - Dates précises à confirmer"
            ],
            "es": [
              "Periodo de apertura indicativo - fechas precisas por confirmar"
            ],
            "nl": [
              "Indicatieve openingsperiode - precieze data nog te bevestigen"
            ]
          },
          "hasTranslatedProperty": [
            {
              "@id": "https://data.datatourisme.fr/20931ed1-ad7a-34dd-a42d-74b5f2317721",
              "dc:contributor": [
                "https://api.deepl.com/v2/translate"
              ],
              "rdf:language": [
                "it"
              ],
              "rdf:predicate": [
                "additionalInformation"
              ]
            },
            {
              "@id": "https://data.datatourisme.fr/34250ca6-c30f-3a62-beda-59ceb87d5535",
              "dc:contributor": [
                "https://api.deepl.com/v2/translate"
              ],
              "rdf:language": [
                "de"
              ],
              "rdf:predicate": [
                "additionalInformation"
              ]
            },
            {
              "@id": "https://data.datatourisme.fr/83ea0fa7-caf5-338a-9844-42afd503c85b",
              "dc:contributor": [
                "https://api.deepl.com/v2/translate"
              ],
              "rdf:language": [
                "nl"
              ],
              "rdf:predicate": [
                "additionalInformation"
              ]
            },
            {
              "@id": "https://data.datatourisme.fr/b0c6a634-346a-38ca-a6c5-b4d0bbb6a72e",
              "dc:contributor": [
                "https://api.deepl.com/v2/translate"
              ],
              "rdf:language": [
                "en"
              ],
              "rdf:predicate": [
                "additionalInformation"
              ]
            },
            {
              "@id": "https://data.datatourisme.fr/f117fb4e-2bdf-344d-926b-a84e6a28add5",
              "dc:contributor": [
                "https://api.deepl.com/v2/translate"
              ],
              "rdf:language": [
                "es"
              ],
              "rdf:predicate": [
                "additionalInformation"
              ]
            }
          ]
        }
      ],
      "@type": [
        "schema:Place",
        "Place"
      ]
    }
  ],
  "isOwnedBy": [
    {
      "@id": "https://data.datatourisme.fr/194c52e6-bbae-33dc-8464-caca97844fbb",
      "schema:email": [
        "info@balagne-corsica.com"
      ],
      "schema:legalName": "Office de Tourisme Intercommunal Calvi - Balagne",
      "@type": [
        "schema:Organization",
        "foaf:Agent",
        "Agent"
      ],
      "foaf:homepage": [
        "https://www.balagne-corsica.com/"
      ]
    }
  ],
  "lastUpdate": "2022-07-11",
  "lastUpdateDatatourisme": "2023-04-04T05:52:39.383Z",
  "offers": [
    {
      "@id": "https://data.datatourisme.fr/30645dcf-6f5a-3d41-846b-2512c8edb3f5",
      "schema:priceSpecification": [
        {
          "@id": "https://data.datatourisme.fr/43f32dd5-cfc0-3e7b-839c-5b3352d97558",
          "schema:maxPrice": [
            "1.35"
          ],
          "schema:minPrice": [
            "1.35",
            "300",
            "350",
            "450"
          ],
          "schema:priceCurrency": "EUR",
          "@type": [
            "schema:PriceSpecification",
            "PriceSpecification"
          ],
          "appliesOnPeriod": [
            {
              "@id": "https://data.datatourisme.fr/280713b3-7de2-3c13-bdc9-247f97df0fab",
              "@type": [
                "Period"
              ],
              "endDate": "2022-10-31",
              "startDate": "2022-04-01"
            }
          ]
        }
      ],
      "@type": [
        "schema:Offer",
        "Offer"
      ]
    }
  ]
}