{
  "@id": "https://data.datatourisme.fr/13/6245130e-aa09-3763-a988-e09ae191ee25",
  "dc:identifier": "5232949",
  "@type": [
    "schema:LocalBusiness",
    "PlaceOfInterest",
    "PointOfInterest",
    "Store"
  ],
  "rdfs:comment": {
    "de": [
      "Vermietung von Booten und RIBs von 6 m bis 16 m mit oder ohne professionellen Skipper. Pluspunkte: Unsere drei Stützpunkte: Hafen von Bonifacio, Insel Cavallo, Maora Beach. Neue Flotte und XXL-Einheiten. Seabob, Paddle können extra gemietet werden."
    ],
    "en": [
      "Rental of boats and semi-rigid boats from 6 m to 16 m with or without professional skipper. The advantages : our three bases : Bonifacio harbor, Cavallo island, Maora Beach. New fleet and XXL units. Seabob, paddle available for rental in extra."
    ],
    "it": [
      "Noleggio di barche e RIB da 6 m a 16 m con o senza skipper professionista. I vantaggi: le nostre tre basi: porto di Bonifacio, isola di Cavallo, spiaggia di Maora. Nuova flotta e unità XXL. Seabob, pagaia disponibile a noleggio come extra."
    ],
    "fr": [
      "Location de bateaux et semi-rigides de 6 m à 16 m avec ou sans skipper professionnel. Les plus : nos trois bases : port de Bonifacio, île de Cavallo, Maora Beach. Flotte neuve et unités XXL. Seabob, paddle disponibles à la location en extra."
    ],
    "nl": [
      "Verhuur van boten en RIBs van 6 m tot 16 m met of zonder professionele schipper. De voordelen : onze drie basissen : Bonifacio haven, Cavallo eiland, Maora Beach. Nieuwe vloot en XXL-eenheden. Seabob, peddel te huur als extra."
    ],
    "es": [
      "Alquiler de embarcaciones y semirrígidas de 6 m a 16 m con o sin patrón profesional. Las ventajas : nuestras tres bases : puerto de Bonifacio, isla de Cavallo, playa de Maora. Nueva flota y unidades XXL. Seabob, remo disponible para alquilar como extra."
    ]
  },
  "rdfs:label": {
    "fr": [
      "Nautic Aventures"
    ]
  },
  "hasBeenCreatedBy": {
    "@id": "https://data.datatourisme.fr/13/84c6494d-3085-3c63-a55c-db8cb047fadd",
    "dc:identifier": "1738",
    "schema:email": [
      "camillef.omt@gmail.com",
      "direction@destination-sudcorse.com",
      "gestion@destination-sudcorse.com",
      "promotion@destination-sudcorse.com",
      "webmaster@destination-sudcorse.com"
    ],
    "schema:legalName": "Porto Vecchio Tourisme",
    "@type": [
      "schema:Organization",
      "foaf:Agent",
      "Agent"
    ],
    "foaf:homepage": [
      "http://www.ot-portovecchio.com/"
    ]
  },
  "hasBeenPublishedBy": [
    {
      "@id": "https://data.datatourisme.fr/8a9feb4b-2cbd-3d2c-b507-bd6c6776b23b",
      "schema:legalName": "Apidae Tourisme Scic SA - source : Apidae Tourisme",
      "@type": [
        "schema:Organization",
        "foaf:Agent",
        "Agent"
      ],
      "foaf:homepage": [
        "https://www.apidae-tourisme.com/"
      ]
    }
  ],
  "hasContact": [
    {
      "@id": "https://data.datatourisme.fr/f19328f0-1ae7-362e-9c95-6f26d0cfa83d",
      "schema:email": [
        "contact@nautic-aventures.com"
      ],
      "schema:telephone": [
        "+33 4 95 10 43 52",
        "+33 6 24 64 36 31"
      ],
      "@type": [
        "foaf:Agent",
        "Agent"
      ],
      "foaf:homepage": [
        "http://www.nautic-aventures.com/"
      ]
    }
  ],
  "hasDescription": [
    {
      "@id": "https://data.datatourisme.fr/3a1a8282-b753-361b-b015-a916ac70be59",
      "@type": [
        "Description"
      ],
      "hasTranslatedProperty": [
        {
          "@id": "https://data.datatourisme.fr/3d6a0e53-de5e-3900-b737-26b60554dec8",
          "dc:contributor": [
            "https://api.deepl.com/v2/translate"
          ],
          "rdf:language": [
            "it"
          ],
          "rdf:predicate": [
            "shortDescription"
          ]
        },
        {
          "@id": "https://data.datatourisme.fr/6c80935b-30ee-30a1-97b1-06a1ca4ecd1d",
          "dc:contributor": [
            "https://api.deepl.com/v2/translate"
          ],
          "rdf:language": [
            "de"
          ],
          "rdf:predicate": [
            "shortDescription"
          ]
        },
        {
          "@id": "https://data.datatourisme.fr/756d4abe-c373-33ac-acb4-2a729c1d3c2f",
          "dc:contributor": [
            "https://api.deepl.com/v2/translate"
          ],
          "rdf:language": [
            "es"
          ],
          "rdf:predicate": [
            "shortDescription"
          ]
        },
        {
          "@id": "https://data.datatourisme.fr/8f870eca-192b-3efe-a4c0-3583539076db",
          "dc:contributor": [
            "https://api.deepl.com/v2/translate"
          ],
          "rdf:language": [
            "nl"
          ],
          "rdf:predicate": [
            "shortDescription"
          ]
        },
        {
          "@id": "https://data.datatourisme.fr/c564c582-2e4c-3d78-8f0e-a58fd7049104",
          "dc:contributor": [
            "https://api.deepl.com/v2/translate"
          ],
          "rdf:language": [
            "en"
          ],
          "rdf:predicate": [
            "shortDescription"
          ]
        }
      ],
      "shortDescription": {
        "de": [
          "Vermietung von Booten und RIBs von 6 m bis 16 m mit oder ohne professionellen Skipper. Pluspunkte: Unsere drei Stützpunkte: Hafen von Bonifacio, Insel Cavallo, Maora Beach. Neue Flotte und XXL-Einheiten. Seabob, Paddle können extra gemietet werden."
        ],
        "en": [
          "Rental of boats and semi-rigid boats from 6 m to 16 m with or without professional skipper. The advantages : our three bases : Bonifacio harbor, Cavallo island, Maora Beach. New fleet and XXL units. Seabob, paddle available for rental in extra."
        ],
        "it": [
          "Noleggio di barche e RIB da 6 m a 16 m con o senza skipper professionista. I vantaggi: le nostre tre basi: porto di Bonifacio, isola di Cavallo, spiaggia di Maora. Nuova flotta e unità XXL. Seabob, pagaia disponibile a noleggio come extra."
        ],
        "fr": [
          "Location de bateaux et semi-rigides de 6 m à 16 m avec ou sans skipper professionnel. Les plus : nos trois bases : port de Bonifacio, île de Cavallo, Maora Beach. Flotte neuve et unités XXL. Seabob, paddle disponibles à la location en extra."
        ],
        "nl": [
          "Verhuur van boten en RIBs van 6 m tot 16 m met of zonder professionele schipper. De voordelen : onze drie basissen : Bonifacio haven, Cavallo eiland, Maora Beach. Nieuwe vloot en XXL-eenheden. Seabob, peddel te huur als extra."
        ],
        "es": [
          "Alquiler de embarcaciones y semirrígidas de 6 m a 16 m con o sin patrón profesional. Las ventajas : nuestras tres bases : puerto de Bonifacio, isla de Cavallo, playa de Maora. Nueva flota y unidades XXL. Seabob, remo disponible para alquilar como extra."
        ]
      }
    }
  ],
  "hasTheme": [
    {
      "@id": "kb:StandupPaddleboarding",
      "@type": [
        "SportsTheme"
      ],
      "rdfs:label": {
        "de": [
          "Stand-up Paddle (SUP)"
        ],
        "pt": [
          "Paddle de pé (SUP)"
        ],
        "en": [
          "Standup paddleboarding"
        ],
        "it": [
          "Stand up paddle (SUP)"
        ],
        "fr": [
          "Stand up paddle sup"
        ],
        "es": [
          "Tabla de pádel surf"
        ],
        "nl": [
          "Suppen"
        ]
      }
    }
  ],
  "hasTranslatedProperty": [
    {
      "@id": "https://data.datatourisme.fr/86fe73d0-4c29-35a9-8e29-ff9c353e0ac9",
      "dc:contributor": [
        "https://api.deepl.com/v2/translate"
      ],
      "rdf:language": [
        "en"
      ],
      "rdf:predicate": [
        {
          "@id": "rdfs:comment"
        }
      ]
    },
    {
      "@id": "https://data.datatourisme.fr/ae487b46-0d6d-3878-ab59-5a872533d4ee",
      "dc:contributor": [
        "https://api.deepl.com/v2/translate"
      ],
      "rdf:language": [
        "de"
      ],
      "rdf:predicate": [
        {
          "@id": "rdfs:comment"
        }
      ]
    },
    {
      "@id": "https://data.datatourisme.fr/c0ebd221-346d-3119-9716-542e238df9de",
      "dc:contributor": [
        "https://api.deepl.com/v2/translate"
      ],
      "rdf:language": [
        "nl"
      ],
      "rdf:predicate": [
        {
          "@id": "rdfs:comment"
        }
      ]
    },
    {
      "@id": "https://data.datatourisme.fr/ced19482-380f-34f0-8c64-bfb1d8b522c1",
      "dc:contributor": [
        "https://api.deepl.com/v2/translate"
      ],
      "rdf:language": [
        "it"
      ],
      "rdf:predicate": [
        {
          "@id": "rdfs:comment"
        }
      ]
    },
    {
      "@id": "https://data.datatourisme.fr/f7479c6a-f373-33d2-87cb-fc339ab964f1",
      "dc:contributor": [
        "https://api.deepl.com/v2/translate"
      ],
      "rdf:language": [
        "es"
      ],
      "rdf:predicate": [
        {
          "@id": "rdfs:comment"
        }
      ]
    }
  ],
  "isLocatedAt": [
    {
      "@id": "https://data.datatourisme.fr/d241099a-adc4-3100-9af1-ad85431e7ff1",
      "schema:address": [
        {
          "@id": "https://data.datatourisme.fr/421ed1a5-3653-38b4-9173-38d97e5002b0",
          "schema:addressLocality": "Bonifacio",
          "schema:postalCode": "20169",
          "schema:streetAddress": [
            "Ile de Cavallo - Plage de Maora",
            "Plage de Maora",
            "Port de Bonifacio (Quai Nord)"
          ],
          "@type": [
            "schema:PostalAddress",
            "PostalAddress"
          ],
          "hasAddressCity": {
            "@id": "kb:2A041",
            "@type": [
              "City"
            ],
            "rdfs:label": {
              "en": [
                "Bonifacio"
              ],
              "fr": [
                "Bonifacio"
              ]
            },
            "insee": "2A041",
            "isPartOfDepartment": {
              "@id": "kb:France942A",
              "@type": [
                "Department"
              ],
              "rdfs:label": {
                "en": [
                  "Corse-du-Sud"
                ],
                "fr": [
                  "Corse-du-Sud"
                ]
              },
              "insee": "2A",
              "isPartOfRegion": {
                "@id": "kb:France94",
                "@type": [
                  "Region"
                ],
                "rdfs:label": {
                  "en": [
                    "Corse"
                  ],
                  "fr": [
                    "Corse"
                  ]
                },
                "insee": "94",
                "isPartOfCountry": {
                  "@id": "kb:France",
                  "@type": [
                    "schema:Country"
                  ],
                  "rdfs:label": {
                    "de": [
                      "Frankreich"
                    ],
                    "pt": [
                      "França"
                    ],
                    "en": [
                      "France"
                    ],
                    "it": [
                      "Francia"
                    ],
                    "fr": [
                      "France"
                    ],
                    "nl": [
                      "Frankrijk"
                    ],
                    "es": [
                      "Francia"
                    ]
                  }
                }
              }
            }
          }
        }
      ],
      "schema:geo": {
        "@id": "https://data.datatourisme.fr/dc3b399c-fd6d-3029-8ff8-a851687d604f",
        "schema:latitude": "41.389554",
        "schema:longitude": "9.163903",
        "@type": [
          "schema:GeoCoordinates"
        ]
      },
      "schema:openingHoursSpecification": [
        {
          "@id": "https://data.datatourisme.fr/f87e535a-636d-3343-ad63-8a03392e7511",
          "schema:validFrom": "2023-01-01T00:00:00",
          "schema:validThrough": "2023-12-31T23:59:59",
          "@type": [
            "schema:OpeningHoursSpecification"
          ]
        }
      ],
      "@type": [
        "schema:Place",
        "Place"
      ]
    }
  ],
  "isOwnedBy": [
    {
      "@id": "https://data.datatourisme.fr/f5f950f9-5eec-32b4-a357-2c969ccf4068",
      "schema:email": [
        "camillef.omt@gmail.com",
        "direction@destination-sudcorse.com",
        "gestion@destination-sudcorse.com",
        "promotion@destination-sudcorse.com",
        "webmaster@destination-sudcorse.com"
      ],
      "schema:legalName": "Porto Vecchio Tourisme",
      "@type": [
        "schema:Organization",
        "foaf:Agent",
        "Agent"
      ],
      "foaf:homepage": [
        "http://www.ot-portovecchio.com/"
      ]
    }
  ],
  "lastUpdate": "2023-02-15",
  "lastUpdateDatatourisme": "2023-02-17T06:38:59.341Z",
  "offers": [
    {
      "@id": "https://data.datatourisme.fr/96563ec1-cdf1-301c-8596-93cc415daee9",
      "schema:priceSpecification": [
        {
          "@id": "https://data.datatourisme.fr/7e37bb06-01e9-3b19-a856-bb56d0d7e143",
          "schema:maxPrice": [
            "4500"
          ],
          "schema:minPrice": [
            "350"
          ],
          "schema:priceCurrency": "EUR",
          "@type": [
            "schema:PriceSpecification",
            "PriceSpecification"
          ],
          "appliesOnPeriod": [
            {
              "@id": "https://data.datatourisme.fr/a425afdf-3594-300b-b55e-1858bafa3fd4",
              "@type": [
                "Period"
              ],
              "endDate": "2023-12-31",
              "startDate": "2023-01-01"
            }
          ]
        }
      ],
      "@type": [
        "schema:Offer",
        "Offer"
      ]
    }
  ]
}