{
  "@id": "https://data.datatourisme.fr/13/6204fca2-9fe0-37b0-8d76-cc4b976a9b4e",
  "dc:identifier": "5324821",
  "@type": [
    "schema:Landform",
    "Beach",
    "NaturalHeritage",
    "PlaceOfInterest",
    "PointOfInterest",
    "SportsAndLeisurePlace"
  ],
  "rdfs:comment": {
    "de": [
      "Unweit von L'Ile-Rousse, an der Küste von Belgodère, lädt Sie der Strand von Losari dazu ein, köstliche Momente in einer zauberhaften und geschützten Umgebung zu genießen. Heute hat das Conservatoire du Littoral diesen Strand zu einer Oase des Friedens gemacht."
    ],
    "en": [
      "Not far from L'Ile-Rousse on the Belgodère coast, Losari beach invites you to enjoy an exquisite experience in a magical, unspoilt setting. Thanks to the Conservatoire du Littoral, this is now a haven of peace."
    ],
    "it": [
      "Non lontano da Ile-Rousse, sulla costa del Belgodère, la spiaggia di Losari vi invita a trascorrere momenti deliziosi in un ambiente incantevole e preservato. Oggi il Conservatoire du Littoral lo ha trasformato in un'oasi di pace."
    ],
    "fr": [
      "Non loin de L’Ile-Rousse, sur la côte de Belgodère, la plage de Losari vous invite à venir savourer des moments délicieux dans un cadre enchanteur et préservé. Aujourd’hui, le Conservatoire du Littoral en a fait un havre de paix."
    ],
    "es": [
      "No lejos de Ile-Rousse, en la costa de Belgodère, la playa de Losari le invita a venir a disfrutar de deliciosos momentos en un entorno encantador y preservado. Hoy, el Conservatorio del Litoral lo ha convertido en un remanso de paz."
    ],
    "nl": [
      "Niet ver van Ile-Rousse, aan de kust van de Belgodère, nodigt het strand van Losari u uit om te komen genieten van heerlijke momenten in een betoverende en behouden omgeving. Vandaag heeft het Conservatoire du Littoral er een oase van rust van gemaakt."
    ]
  },
  "rdfs:label": {
    "en": [
      "Beach of Losari"
    ],
    "it": [
      "Spiaggia di Losari"
    ],
    "fr": [
      "Plage de Losari"
    ]
  },
  "hasBeenCreatedBy": {
    "@id": "https://data.datatourisme.fr/13/8d420fa3-5754-31f1-8199-69c88780314d",
    "dc:identifier": "1647",
    "schema:email": [
      "web@ileroussetourisme.com"
    ],
    "schema:legalName": "Office de Tourisme Intercommunal de L'Ile Rousse-Balagne",
    "@type": [
      "schema:Organization",
      "foaf:Agent",
      "Agent"
    ],
    "foaf:homepage": [
      "https://www.balagne-corsica.com/"
    ]
  },
  "hasBeenPublishedBy": [
    {
      "@id": "https://data.datatourisme.fr/8a9feb4b-2cbd-3d2c-b507-bd6c6776b23b",
      "schema:legalName": "Apidae Tourisme Scic SA - source : Apidae Tourisme",
      "@type": [
        "schema:Organization",
        "foaf:Agent",
        "Agent"
      ],
      "foaf:homepage": [
        "https://www.apidae-tourisme.com/"
      ]
    }
  ],
  "hasDescription": [
    {
      "@id": "https://data.datatourisme.fr/1eb4713a-2329-3fde-b9c9-a20aaf0dca5e",
      "@type": [
        "Description"
      ],
      "hasTranslatedProperty": [
        {
          "@id": "https://data.datatourisme.fr/2eb6e072-1443-38ab-be08-e40a5c4af287",
          "dc:contributor": [
            "https://api.deepl.com/v2/translate"
          ],
          "rdf:language": [
            "nl"
          ],
          "rdf:predicate": [
            "shortDescription"
          ]
        },
        {
          "@id": "https://data.datatourisme.fr/a8c7f69c-307f-35f1-8e37-bad439943abb",
          "dc:contributor": [
            "https://api.deepl.com/v2/translate"
          ],
          "rdf:language": [
            "es"
          ],
          "rdf:predicate": [
            "shortDescription"
          ]
        },
        {
          "@id": "https://data.datatourisme.fr/de5c3486-f570-339a-bf1c-6dcb824915d4",
          "dc:contributor": [
            "https://api.deepl.com/v2/translate"
          ],
          "rdf:language": [
            "de"
          ],
          "rdf:predicate": [
            "shortDescription"
          ]
        }
      ],
      "shortDescription": {
        "de": [
          "Unweit von L'Ile-Rousse, an der Küste von Belgodère, lädt Sie der Strand von Losari dazu ein, köstliche Momente in einer zauberhaften und geschützten Umgebung zu genießen. Heute hat das Conservatoire du Littoral diesen Strand zu einer Oase des Friedens gemacht."
        ],
        "en": [
          "Not far from L'Ile-Rousse on the Belgodère coast, Losari beach invites you to enjoy an exquisite experience in a magical, unspoilt setting. Thanks to the Conservatoire du Littoral, this is now a haven of peace."
        ],
        "it": [
          "Non lontano da Ile-Rousse, sulla costa del Belgodère, la spiaggia di Losari vi invita a trascorrere momenti deliziosi in un ambiente incantevole e preservato. Oggi il Conservatoire du Littoral lo ha trasformato in un'oasi di pace."
        ],
        "fr": [
          "Non loin de L’Ile-Rousse, sur la côte de Belgodère, la plage de Losari vous invite à venir savourer des moments délicieux dans un cadre enchanteur et préservé. Aujourd’hui, le Conservatoire du Littoral en a fait un havre de paix."
        ],
        "es": [
          "No lejos de Ile-Rousse, en la costa de Belgodère, la playa de Losari le invita a venir a disfrutar de deliciosos momentos en un entorno encantador y preservado. Hoy, el Conservatorio del Litoral lo ha convertido en un remanso de paz."
        ],
        "nl": [
          "Niet ver van Ile-Rousse, aan de kust van de Belgodère, nodigt het strand van Losari u uit om te komen genieten van heerlijke momenten in een betoverende en behouden omgeving. Vandaag heeft het Conservatoire du Littoral er een oase van rust van gemaakt."
        ]
      }
    }
  ],
  "hasTheme": [
    {
      "@id": "kb:Bathing",
      "@type": [
        "AccommodationAmenity",
        "SportsTheme"
      ],
      "rdfs:label": {
        "de": [
          "Baden"
        ],
        "pt": [
          "Banho"
        ],
        "en": [
          "Bathing"
        ],
        "it": [
          "Bagno"
        ],
        "fr": [
          "Baignade"
        ],
        "nl": [
          "Zwemmen"
        ],
        "es": [
          "Baño"
        ]
      }
    }
  ],
  "hasTranslatedProperty": [
    {
      "@id": "https://data.datatourisme.fr/0670e854-97f3-3bc5-8816-674f4da38f79",
      "dc:contributor": [
        "https://api.deepl.com/v2/translate"
      ],
      "rdf:language": [
        "es"
      ],
      "rdf:predicate": [
        {
          "@id": "rdfs:comment"
        }
      ]
    },
    {
      "@id": "https://data.datatourisme.fr/2811245b-813b-3450-91aa-af45e931bbbe",
      "dc:contributor": [
        "https://api.deepl.com/v2/translate"
      ],
      "rdf:language": [
        "de"
      ],
      "rdf:predicate": [
        {
          "@id": "rdfs:comment"
        }
      ]
    },
    {
      "@id": "https://data.datatourisme.fr/d7dfbb45-61a2-3ea3-8063-77441eacbd1c",
      "dc:contributor": [
        "https://api.deepl.com/v2/translate"
      ],
      "rdf:language": [
        "nl"
      ],
      "rdf:predicate": [
        {
          "@id": "rdfs:comment"
        }
      ]
    }
  ],
  "isLocatedAt": [
    {
      "@id": "https://data.datatourisme.fr/016a0e4e-a906-33a3-97c1-aca7cc0cce16",
      "schema:address": [
        {
          "@id": "https://data.datatourisme.fr/d11b95a0-dfc0-3561-a4bb-e87ed1e856ba",
          "schema:addressLocality": "Belgodère",
          "schema:postalCode": "20226",
          "schema:streetAddress": [
            "Losari"
          ],
          "@type": [
            "schema:PostalAddress",
            "PostalAddress"
          ],
          "hasAddressCity": {
            "@id": "kb:2B034",
            "@type": [
              "City"
            ],
            "rdfs:label": {
              "en": [
                "Belgodère"
              ],
              "fr": [
                "Belgodère"
              ]
            },
            "insee": "2B034",
            "isPartOfDepartment": {
              "@id": "kb:France942B",
              "@type": [
                "Department"
              ],
              "rdfs:label": {
                "en": [
                  "Haute-Corse"
                ],
                "fr": [
                  "Haute-Corse"
                ]
              },
              "insee": "2B",
              "isPartOfRegion": {
                "@id": "kb:France94",
                "@type": [
                  "Region"
                ],
                "rdfs:label": {
                  "en": [
                    "Corse"
                  ],
                  "fr": [
                    "Corse"
                  ]
                },
                "insee": "94",
                "isPartOfCountry": {
                  "@id": "kb:France",
                  "@type": [
                    "schema:Country"
                  ],
                  "rdfs:label": {
                    "de": [
                      "Frankreich"
                    ],
                    "pt": [
                      "França"
                    ],
                    "en": [
                      "France"
                    ],
                    "it": [
                      "Francia"
                    ],
                    "fr": [
                      "France"
                    ],
                    "nl": [
                      "Frankrijk"
                    ],
                    "es": [
                      "Francia"
                    ]
                  }
                }
              }
            }
          }
        }
      ],
      "schema:geo": {
        "@id": "https://data.datatourisme.fr/adc09403-32ff-3d60-8b66-67bbfae54685",
        "schema:latitude": "42.641",
        "schema:longitude": "9.0139",
        "@type": [
          "schema:GeoCoordinates"
        ]
      },
      "schema:openingHoursSpecification": [
        {
          "@id": "https://data.datatourisme.fr/77e5d8c0-bf74-3896-a1c7-11ca4a13ba40",
          "schema:validFrom": "2023-01-01T00:00:00",
          "schema:validThrough": "2023-12-31T23:59:59",
          "@type": [
            "schema:OpeningHoursSpecification"
          ],
          "additionalInformation": {
            "de": [
              "Parken und Bewachung nur im Sommer"
            ],
            "en": [
              "Parking and surveillance only in summer"
            ],
            "it": [
              "Parcheggio e sorveglianza solo in estate"
            ],
            "fr": [
              "Parking et surveillance uniquement en été"
            ],
            "nl": [
              "Parkeren en bewaking alleen in de zomer"
            ],
            "es": [
              "Aparcamiento y vigilancia sólo en verano"
            ]
          },
          "hasTranslatedProperty": [
            {
              "@id": "https://data.datatourisme.fr/007a842f-de9e-3dc2-8387-578c5cc0e668",
              "dc:contributor": [
                "https://api.deepl.com/v2/translate"
              ],
              "rdf:language": [
                "nl"
              ],
              "rdf:predicate": [
                "additionalInformation"
              ]
            },
            {
              "@id": "https://data.datatourisme.fr/1848eac1-ed7d-3f9f-9012-1ed87c7b5f14",
              "dc:contributor": [
                "https://api.deepl.com/v2/translate"
              ],
              "rdf:language": [
                "en"
              ],
              "rdf:predicate": [
                "additionalInformation"
              ]
            },
            {
              "@id": "https://data.datatourisme.fr/43e8cd50-1520-36e1-9b41-be6881da5683",
              "dc:contributor": [
                "https://api.deepl.com/v2/translate"
              ],
              "rdf:language": [
                "de"
              ],
              "rdf:predicate": [
                "additionalInformation"
              ]
            },
            {
              "@id": "https://data.datatourisme.fr/49bc38e8-57e9-3e9a-8e21-e4abe6ce4dc9",
              "dc:contributor": [
                "https://api.deepl.com/v2/translate"
              ],
              "rdf:language": [
                "es"
              ],
              "rdf:predicate": [
                "additionalInformation"
              ]
            },
            {
              "@id": "https://data.datatourisme.fr/d38738d0-584e-3b34-ae36-f7ce3706b987",
              "dc:contributor": [
                "https://api.deepl.com/v2/translate"
              ],
              "rdf:language": [
                "it"
              ],
              "rdf:predicate": [
                "additionalInformation"
              ]
            }
          ]
        }
      ],
      "@type": [
        "schema:Place",
        "Place"
      ]
    }
  ],
  "isOwnedBy": [
    {
      "@id": "https://data.datatourisme.fr/252af22a-253d-33df-b9d7-204832749402",
      "schema:email": [
        "web@ileroussetourisme.com"
      ],
      "schema:legalName": "Office de Tourisme Intercommunal de L'Ile Rousse-Balagne",
      "@type": [
        "schema:Organization",
        "foaf:Agent",
        "Agent"
      ],
      "foaf:homepage": [
        "https://www.balagne-corsica.com/"
      ]
    }
  ],
  "lastUpdate": "2022-09-28",
  "lastUpdateDatatourisme": "2023-02-11T06:38:49.001Z"
}