{
  "@id": "https://data.datatourisme.fr/13/7feed920-d21e-3ee6-98b6-e88536f52474",
  "dc:identifier": "5032965",
  "@type": [
    "Church",
    "CulturalSite",
    "PlaceOfInterest",
    "PointOfInterest",
    "ReligiousSite"
  ],
  "rdfs:comment": {
    "de": [
      "Die Kirche von Zilia befindet sich im Herzen des Dorfes und ist dem Heiligen Rochus, San Roccu, geweiht, der in der Balagne sehr verehrt wird."
    ],
    "en": [
      "Zilia church can be found in the heart of the village. It is dedicated to Saint Roch, or San Roccu, a highly venerated saint in Balagne."
    ],
    "it": [
      "La chiesa di Zilia si trova nel cuore del villaggio ed è dedicata a San Rocco, San Roccu, un santo molto venerato in Balagne."
    ],
    "fr": [
      "L'église de Zilia est située au coeur du village; elle est dédiée à Saint Roch, San Roccu, saint très vénéré en Balagne."
    ],
    "es": [
      "La iglesia de Zilia está situada en el corazón del pueblo; está dedicada a San Roque, San Roccu, un santo muy venerado en Balagne."
    ],
    "nl": [
      "De kerk van Zilia ligt in het hart van het dorp; ze is gewijd aan de heilige Roch, San Roccu, een zeer vereerde heilige in Balagne."
    ]
  },
  "rdfs:label": {
    "en": [
      "Saint Roch Church of Zilia"
    ],
    "it": [
      "Chiesa di San Rocco a Zilia"
    ],
    "fr": [
      "Eglise Saint Roch de Zilia"
    ]
  },
  "owl:sameAs": [
    "http://www.wikidata.org/entity/Q29569378"
  ],
  "hasBeenCreatedBy": {
    "@id": "https://data.datatourisme.fr/13/e4873aa9-a05c-35ed-8395-61d121516766",
    "dc:identifier": "1646",
    "schema:email": [
      "info@balagne-corsica.com"
    ],
    "schema:legalName": "Office de Tourisme Intercommunal Calvi - Balagne",
    "@type": [
      "schema:Organization",
      "foaf:Agent",
      "Agent"
    ],
    "foaf:homepage": [
      "https://www.balagne-corsica.com/"
    ]
  },
  "hasBeenPublishedBy": [
    {
      "@id": "https://data.datatourisme.fr/8a9feb4b-2cbd-3d2c-b507-bd6c6776b23b",
      "schema:legalName": "Apidae Tourisme Scic SA - source : Apidae Tourisme",
      "@type": [
        "schema:Organization",
        "foaf:Agent",
        "Agent"
      ],
      "foaf:homepage": [
        "https://www.apidae-tourisme.com/"
      ]
    }
  ],
  "hasContact": [
    {
      "@id": "https://data.datatourisme.fr/554f843f-04c7-32e7-a85e-09743843cf9a",
      "schema:email": [
        "mairie.zilia380@orange.fr"
      ],
      "schema:telephone": [
        "+33 4 95 62 71 59",
        "+33 4 95 65 16 67"
      ],
      "@type": [
        "foaf:Agent",
        "Agent"
      ]
    }
  ],
  "hasDescription": [
    {
      "@id": "https://data.datatourisme.fr/931a0f42-2cee-33ee-a184-affccf133c28",
      "@type": [
        "Description"
      ],
      "hasTranslatedProperty": [
        {
          "@id": "https://data.datatourisme.fr/be7e9738-19d8-363c-8f24-0f5b899a1258",
          "dc:contributor": [
            "https://api.deepl.com/v2/translate"
          ],
          "rdf:language": [
            "nl"
          ],
          "rdf:predicate": [
            "shortDescription"
          ]
        },
        {
          "@id": "https://data.datatourisme.fr/d4565963-90ad-383a-b8d7-2c2b42402643",
          "dc:contributor": [
            "https://api.deepl.com/v2/translate"
          ],
          "rdf:language": [
            "de"
          ],
          "rdf:predicate": [
            "shortDescription"
          ]
        },
        {
          "@id": "https://data.datatourisme.fr/dfaa5c88-a880-3cac-a427-7339eb7c3676",
          "dc:contributor": [
            "https://api.deepl.com/v2/translate"
          ],
          "rdf:language": [
            "es"
          ],
          "rdf:predicate": [
            "shortDescription"
          ]
        }
      ],
      "shortDescription": {
        "de": [
          "Die Kirche von Zilia befindet sich im Herzen des Dorfes und ist dem Heiligen Rochus, San Roccu, geweiht, der in der Balagne sehr verehrt wird."
        ],
        "en": [
          "Zilia church can be found in the heart of the village. It is dedicated to Saint Roch, or San Roccu, a highly venerated saint in Balagne."
        ],
        "it": [
          "La chiesa di Zilia si trova nel cuore del villaggio ed è dedicata a San Rocco, San Roccu, un santo molto venerato in Balagne."
        ],
        "fr": [
          "L'église de Zilia est située au coeur du village; elle est dédiée à Saint Roch, San Roccu, saint très vénéré en Balagne."
        ],
        "es": [
          "La iglesia de Zilia está situada en el corazón del pueblo; está dedicada a San Roque, San Roccu, un santo muy venerado en Balagne."
        ],
        "nl": [
          "De kerk van Zilia ligt in het hart van het dorp; ze is gewijd aan de heilige Roch, San Roccu, een zeer vereerde heilige in Balagne."
        ]
      }
    }
  ],
  "hasRepresentation": [
    {
      "@id": "https://data.datatourisme.fr/efd12705-7b62-349a-a5e7-1a5b08e98074",
      "ebucore:hasAnnotation": [
        {
          "@id": "https://data.datatourisme.fr/d08bb8a7-4ffc-3eeb-b495-449050baf462",
          "ebucore:isCoveredBy": "CC0",
          "ebucore:title": [
            "Church façade in Zilia (Église Saint-Roch de Zilia)"
          ],
          "@type": [
            "ebucore:Annotation"
          ],
          "credits": [
            "Ruthven (https://commons.wikimedia.org/wiki/User:Ruthven)"
          ]
        }
      ],
      "ebucore:hasRelatedResource": [
        {
          "@id": "https://data.datatourisme.fr/7e8b8893-81ce-3865-a724-ad8a76416777",
          "ebucore:fileSize": [
            1369642
          ],
          "ebucore:hasMimeType": [
            {
              "@id": "kb:JPEG",
              "@type": [
                "ebucore:MimeType"
              ],
              "rdfs:comment": {
                "de": [
                  "JPEG-Bild"
                ],
                "pt": [
                  "Imagem JPEG"
                ],
                "en": [
                  "JPEG image file"
                ],
                "it": [
                  "Immagine JPEG"
                ],
                "fr": [
                  "Image JPEG"
                ],
                "nl": [
                  "JPEG-afbeelding"
                ],
                "es": [
                  "Imagen JPEG"
                ]
              },
              "rdfs:label": {
                "de": [
                  "image/jpeg"
                ],
                "pt": [
                  "image/jpeg"
                ],
                "en": [
                  "image/jpeg"
                ],
                "it": [
                  "image/jpeg"
                ],
                "fr": [
                  "image/jpeg"
                ],
                "nl": [
                  "image/jpeg"
                ],
                "es": [
                  "image/jpeg"
                ]
              }
            }
          ],
          "ebucore:height": 4032,
          "ebucore:locator": [
            "https://upload.wikimedia.org/wikipedia/commons/2/26/Church_fa%C3%A7ade_in_Zilia_%28%C3%89glise_Saint-Roch_de_Zilia%29.jpg"
          ],
          "ebucore:width": 3024,
          "@type": [
            "ebucore:Resource"
          ]
        }
      ],
      "@type": [
        "ebucore:EditorialObject"
      ]
    }
  ],
  "hasTheme": [
    {
      "@id": "kb:Culture",
      "@type": [
        "CulturalTheme"
      ],
      "rdfs:label": {
        "de": [
          "Kultur"
        ],
        "pt": [
          "Cultura"
        ],
        "en": [
          "Culture"
        ],
        "it": [
          "Cultura"
        ],
        "fr": [
          "Culture"
        ],
        "nl": [
          "Cultuur"
        ],
        "es": [
          "Cultura"
        ]
      }
    }
  ],
  "hasTranslatedProperty": [
    {
      "@id": "https://data.datatourisme.fr/1782af67-645e-3ab5-b769-db41de83d7ea",
      "dc:contributor": [
        "https://api.deepl.com/v2/translate"
      ],
      "rdf:language": [
        "de"
      ],
      "rdf:predicate": [
        {
          "@id": "rdfs:comment"
        }
      ]
    },
    {
      "@id": "https://data.datatourisme.fr/77922a13-9b1c-382e-a7f3-7ffde5d281b9",
      "dc:contributor": [
        "https://api.deepl.com/v2/translate"
      ],
      "rdf:language": [
        "nl"
      ],
      "rdf:predicate": [
        {
          "@id": "rdfs:comment"
        }
      ]
    },
    {
      "@id": "https://data.datatourisme.fr/b260f443-d2cf-3831-bef7-7e48362a2886",
      "dc:contributor": [
        "https://api.deepl.com/v2/translate"
      ],
      "rdf:language": [
        "es"
      ],
      "rdf:predicate": [
        {
          "@id": "rdfs:comment"
        }
      ]
    }
  ],
  "isLocatedAt": [
    {
      "@id": "https://data.datatourisme.fr/948de298-a6c2-3d64-92f4-15551c78cd1f",
      "schema:address": [
        {
          "@id": "https://data.datatourisme.fr/55728055-cb2f-3a44-9fa3-35cf7a974156",
          "schema:addressLocality": "Zilia",
          "schema:postalCode": "20214",
          "@type": [
            "schema:PostalAddress",
            "PostalAddress"
          ],
          "hasAddressCity": {
            "@id": "kb:2B361",
            "@type": [
              "City"
            ],
            "rdfs:label": {
              "en": [
                "Zilia"
              ],
              "fr": [
                "Zilia"
              ]
            },
            "insee": "2B361",
            "isPartOfDepartment": {
              "@id": "kb:France942B",
              "@type": [
                "Department"
              ],
              "rdfs:label": {
                "en": [
                  "Haute-Corse"
                ],
                "fr": [
                  "Haute-Corse"
                ]
              },
              "insee": "2B",
              "isPartOfRegion": {
                "@id": "kb:France94",
                "@type": [
                  "Region"
                ],
                "rdfs:label": {
                  "en": [
                    "Corse"
                  ],
                  "fr": [
                    "Corse"
                  ]
                },
                "insee": "94",
                "isPartOfCountry": {
                  "@id": "kb:France",
                  "@type": [
                    "schema:Country"
                  ],
                  "rdfs:label": {
                    "de": [
                      "Frankreich"
                    ],
                    "pt": [
                      "França"
                    ],
                    "en": [
                      "France"
                    ],
                    "it": [
                      "Francia"
                    ],
                    "fr": [
                      "France"
                    ],
                    "nl": [
                      "Frankrijk"
                    ],
                    "es": [
                      "Francia"
                    ]
                  }
                }
              }
            }
          }
        }
      ],
      "schema:geo": {
        "@id": "https://data.datatourisme.fr/c9ebaa5e-5da2-3da0-8d9c-d3e9921d0dd8",
        "schema:latitude": "42.530433",
        "schema:longitude": "8.900879",
        "@type": [
          "schema:GeoCoordinates"
        ]
      },
      "schema:openingHoursSpecification": [
        {
          "@id": "https://data.datatourisme.fr/f87e535a-636d-3343-ad63-8a03392e7511",
          "schema:validFrom": "2023-01-01T00:00:00",
          "schema:validThrough": "2023-12-31T23:59:59",
          "@type": [
            "schema:OpeningHoursSpecification"
          ]
        }
      ],
      "@type": [
        "schema:Place",
        "Place"
      ]
    }
  ],
  "isOwnedBy": [
    {
      "@id": "https://data.datatourisme.fr/194c52e6-bbae-33dc-8464-caca97844fbb",
      "schema:email": [
        "info@balagne-corsica.com"
      ],
      "schema:legalName": "Office de Tourisme Intercommunal Calvi - Balagne",
      "@type": [
        "schema:Organization",
        "foaf:Agent",
        "Agent"
      ],
      "foaf:homepage": [
        "https://www.balagne-corsica.com/"
      ]
    }
  ],
  "lastUpdate": "2022-08-03",
  "lastUpdateDatatourisme": "2023-02-22T06:42:37.682Z"
}