{
  "@id": "https://data.datatourisme.fr/13/4b07de87-7314-31cd-a968-0cf454cd6a2d",
  "dc:identifier": "5323651",
  "@type": [
    "CityHeritage",
    "CulturalSite",
    "PlaceOfInterest",
    "PointOfInterest"
  ],
  "rdfs:comment": {
    "de": [
      "Hoch oben auf den Ausläufern des Montegrosso-Massivs liegt Feliceto, das von hohen Gipfeln gewiegt wird und in einer Ecke des Reginu-Tals stolz seinen Berggeist verkündet."
    ],
    "en": [
      "Perched high in the foothills of the Montegrosso massif, cradled by the surrounding high peaks, Feliceto is a proud mountain village nestling in a little corner of the Reginu valley."
    ],
    "it": [
      "Arroccato ai piedi del massiccio di Montegrosso, Feliceto, cullato dalle alte vette, proclama con orgoglio il suo spirito montano in un angolo della valle del Reginu."
    ],
    "fr": [
      "Perché sur les contreforts du massif du Montegrosso, Feliceto, bercé par les hauts sommets, clame fièrement son esprit montagnard dans un coin de la vallée du Reginu."
    ],
    "nl": [
      "Gelegen op de uitlopers van het Montegrosso massief, verkondigt Feliceto, gewiegd door de hoge toppen, trots zijn berggeest in een hoek van de Reginu vallei."
    ],
    "es": [
      "Encaramado en las estribaciones del macizo de Montegrosso, Feliceto, acunado por las altas cumbres, proclama con orgullo su espíritu montañés en un rincón del valle del Reginu."
    ]
  },
  "rdfs:label": {
    "fr": [
      "Feliceto"
    ]
  },
  "owl:sameAs": [
    "http://www.wikidata.org/entity/Q1109880"
  ],
  "hasBeenCreatedBy": {
    "@id": "https://data.datatourisme.fr/13/8d420fa3-5754-31f1-8199-69c88780314d",
    "dc:identifier": "1647",
    "schema:email": [
      "web@ileroussetourisme.com"
    ],
    "schema:legalName": "Office de Tourisme Intercommunal de L'Ile Rousse-Balagne",
    "@type": [
      "schema:Organization",
      "foaf:Agent",
      "Agent"
    ],
    "foaf:homepage": [
      "https://www.balagne-corsica.com/"
    ]
  },
  "hasBeenPublishedBy": [
    {
      "@id": "https://data.datatourisme.fr/8a9feb4b-2cbd-3d2c-b507-bd6c6776b23b",
      "schema:legalName": "Apidae Tourisme Scic SA - source : Apidae Tourisme",
      "@type": [
        "schema:Organization",
        "foaf:Agent",
        "Agent"
      ],
      "foaf:homepage": [
        "https://www.apidae-tourisme.com/"
      ]
    }
  ],
  "hasContact": [
    {
      "@id": "https://data.datatourisme.fr/f2634d1c-3336-329b-a4b5-f56a8be4249a",
      "schema:email": [
        "mairie.feliceto@orange.fr"
      ],
      "schema:telephone": [
        "+33 4 95 61 71 20"
      ],
      "@type": [
        "foaf:Agent",
        "Agent"
      ]
    }
  ],
  "hasDescription": [
    {
      "@id": "https://data.datatourisme.fr/afcf4128-2a1e-3d2b-b938-fbdb2e13a7bb",
      "@type": [
        "Description"
      ],
      "hasTranslatedProperty": [
        {
          "@id": "https://data.datatourisme.fr/049f5437-2c55-3ae8-856c-a58d81e7cd27",
          "dc:contributor": [
            "https://api.deepl.com/v2/translate"
          ],
          "rdf:language": [
            "it"
          ],
          "rdf:predicate": [
            "shortDescription"
          ]
        },
        {
          "@id": "https://data.datatourisme.fr/cadc76d2-1d1c-359e-a31a-cf95b0dd95b9",
          "dc:contributor": [
            "https://api.deepl.com/v2/translate"
          ],
          "rdf:language": [
            "nl"
          ],
          "rdf:predicate": [
            "shortDescription"
          ]
        },
        {
          "@id": "https://data.datatourisme.fr/cf84033e-d87d-3f2a-925a-ec83a7441438",
          "dc:contributor": [
            "https://api.deepl.com/v2/translate"
          ],
          "rdf:language": [
            "es"
          ],
          "rdf:predicate": [
            "shortDescription"
          ]
        },
        {
          "@id": "https://data.datatourisme.fr/d9d4f640-3c8e-39e5-a3ce-1871dade0621",
          "dc:contributor": [
            "https://api.deepl.com/v2/translate"
          ],
          "rdf:language": [
            "de"
          ],
          "rdf:predicate": [
            "shortDescription"
          ]
        }
      ],
      "shortDescription": {
        "de": [
          "Hoch oben auf den Ausläufern des Montegrosso-Massivs liegt Feliceto, das von hohen Gipfeln gewiegt wird und in einer Ecke des Reginu-Tals stolz seinen Berggeist verkündet."
        ],
        "en": [
          "Perched high in the foothills of the Montegrosso massif, cradled by the surrounding high peaks, Feliceto is a proud mountain village nestling in a little corner of the Reginu valley."
        ],
        "it": [
          "Arroccato ai piedi del massiccio di Montegrosso, Feliceto, cullato dalle alte vette, proclama con orgoglio il suo spirito montano in un angolo della valle del Reginu."
        ],
        "fr": [
          "Perché sur les contreforts du massif du Montegrosso, Feliceto, bercé par les hauts sommets, clame fièrement son esprit montagnard dans un coin de la vallée du Reginu."
        ],
        "nl": [
          "Gelegen op de uitlopers van het Montegrosso massief, verkondigt Feliceto, gewiegd door de hoge toppen, trots zijn berggeest in een hoek van de Reginu vallei."
        ],
        "es": [
          "Encaramado en las estribaciones del macizo de Montegrosso, Feliceto, acunado por las altas cumbres, proclama con orgullo su espíritu montañés en un rincón del valle del Reginu."
        ]
      }
    }
  ],
  "hasRepresentation": [
    {
      "@id": "https://data.datatourisme.fr/7f2c73df-a0f4-3aa5-8fef-e14256228d4c",
      "ebucore:hasAnnotation": [
        {
          "@id": "https://data.datatourisme.fr/f5275b7e-0131-3c0c-bce8-0432ad9b1ab1",
          "ebucore:isCoveredBy": "CC BY-SA 3.0",
          "ebucore:title": [
            "Feliceto"
          ],
          "@type": [
            "ebucore:Annotation"
          ],
          "credits": [
            "Pierre Bona (https://commons.wikimedia.org/wiki/User:Pierre_Bona)"
          ]
        }
      ],
      "ebucore:hasRelatedResource": [
        {
          "@id": "https://data.datatourisme.fr/71338db2-f926-399a-b4a2-65b1cca7f15b",
          "ebucore:fileSize": [
            13274855
          ],
          "ebucore:hasMimeType": [
            {
              "@id": "kb:JPEG",
              "@type": [
                "ebucore:MimeType"
              ],
              "rdfs:comment": {
                "de": [
                  "JPEG-Bild"
                ],
                "pt": [
                  "Imagem JPEG"
                ],
                "en": [
                  "JPEG image file"
                ],
                "it": [
                  "Immagine JPEG"
                ],
                "fr": [
                  "Image JPEG"
                ],
                "nl": [
                  "JPEG-afbeelding"
                ],
                "es": [
                  "Imagen JPEG"
                ]
              },
              "rdfs:label": {
                "de": [
                  "image/jpeg"
                ],
                "pt": [
                  "image/jpeg"
                ],
                "en": [
                  "image/jpeg"
                ],
                "it": [
                  "image/jpeg"
                ],
                "fr": [
                  "image/jpeg"
                ],
                "nl": [
                  "image/jpeg"
                ],
                "es": [
                  "image/jpeg"
                ]
              }
            }
          ],
          "ebucore:height": 3024,
          "ebucore:locator": [
            "https://upload.wikimedia.org/wikipedia/commons/5/58/Feliceto.jpg"
          ],
          "ebucore:width": 4032,
          "@type": [
            "ebucore:Resource"
          ]
        }
      ],
      "@type": [
        "ebucore:EditorialObject"
      ]
    }
  ],
  "hasTheme": [
    {
      "@id": "kb:Culture",
      "@type": [
        "CulturalTheme"
      ],
      "rdfs:label": {
        "de": [
          "Kultur"
        ],
        "pt": [
          "Cultura"
        ],
        "en": [
          "Culture"
        ],
        "it": [
          "Cultura"
        ],
        "fr": [
          "Culture"
        ],
        "nl": [
          "Cultuur"
        ],
        "es": [
          "Cultura"
        ]
      }
    }
  ],
  "hasTranslatedProperty": [
    {
      "@id": "https://data.datatourisme.fr/70d244a8-2f76-36ef-b4c9-99559edd615c",
      "dc:contributor": [
        "https://api.deepl.com/v2/translate"
      ],
      "rdf:language": [
        "es"
      ],
      "rdf:predicate": [
        {
          "@id": "rdfs:comment"
        }
      ]
    },
    {
      "@id": "https://data.datatourisme.fr/7480b5e1-3fb0-3c99-8cc0-765735d34be2",
      "dc:contributor": [
        "https://api.deepl.com/v2/translate"
      ],
      "rdf:language": [
        "it"
      ],
      "rdf:predicate": [
        {
          "@id": "rdfs:comment"
        }
      ]
    },
    {
      "@id": "https://data.datatourisme.fr/c4ce3e91-827b-36c6-a674-c724e84f7703",
      "dc:contributor": [
        "https://api.deepl.com/v2/translate"
      ],
      "rdf:language": [
        "de"
      ],
      "rdf:predicate": [
        {
          "@id": "rdfs:comment"
        }
      ]
    },
    {
      "@id": "https://data.datatourisme.fr/d8ecdc84-e549-394a-b40a-db29383c2191",
      "dc:contributor": [
        "https://api.deepl.com/v2/translate"
      ],
      "rdf:language": [
        "nl"
      ],
      "rdf:predicate": [
        {
          "@id": "rdfs:comment"
        }
      ]
    }
  ],
  "isLocatedAt": [
    {
      "@id": "https://data.datatourisme.fr/8e869b88-8627-3877-bec4-24cedd4983cc",
      "schema:address": [
        {
          "@id": "https://data.datatourisme.fr/230ae41a-6012-3541-8fc9-a44f0f0e56f0",
          "schema:addressLocality": "Feliceto",
          "schema:postalCode": "20225",
          "@type": [
            "schema:PostalAddress",
            "PostalAddress"
          ],
          "hasAddressCity": {
            "@id": "kb:2B112",
            "@type": [
              "City"
            ],
            "rdfs:label": {
              "en": [
                "Feliceto"
              ],
              "fr": [
                "Feliceto"
              ]
            },
            "insee": "2B112",
            "isPartOfDepartment": {
              "@id": "kb:France942B",
              "@type": [
                "Department"
              ],
              "rdfs:label": {
                "en": [
                  "Haute-Corse"
                ],
                "fr": [
                  "Haute-Corse"
                ]
              },
              "insee": "2B",
              "isPartOfRegion": {
                "@id": "kb:France94",
                "@type": [
                  "Region"
                ],
                "rdfs:label": {
                  "en": [
                    "Corse"
                  ],
                  "fr": [
                    "Corse"
                  ]
                },
                "insee": "94",
                "isPartOfCountry": {
                  "@id": "kb:France",
                  "@type": [
                    "schema:Country"
                  ],
                  "rdfs:label": {
                    "de": [
                      "Frankreich"
                    ],
                    "pt": [
                      "França"
                    ],
                    "en": [
                      "France"
                    ],
                    "it": [
                      "Francia"
                    ],
                    "fr": [
                      "France"
                    ],
                    "nl": [
                      "Frankrijk"
                    ],
                    "es": [
                      "Francia"
                    ]
                  }
                }
              }
            }
          }
        }
      ],
      "schema:geo": {
        "@id": "https://data.datatourisme.fr/46c44725-afec-36da-92fb-886b416574fe",
        "schema:latitude": "42.544049",
        "schema:longitude": "8.934371",
        "@type": [
          "schema:GeoCoordinates"
        ]
      },
      "schema:openingHoursSpecification": [
        {
          "@id": "https://data.datatourisme.fr/f87e535a-636d-3343-ad63-8a03392e7511",
          "schema:validFrom": "2023-01-01T00:00:00",
          "schema:validThrough": "2023-12-31T23:59:59",
          "@type": [
            "schema:OpeningHoursSpecification"
          ]
        }
      ],
      "@type": [
        "schema:Place",
        "Place"
      ]
    }
  ],
  "isOwnedBy": [
    {
      "@id": "https://data.datatourisme.fr/252af22a-253d-33df-b9d7-204832749402",
      "schema:email": [
        "web@ileroussetourisme.com"
      ],
      "schema:legalName": "Office de Tourisme Intercommunal de L'Ile Rousse-Balagne",
      "@type": [
        "schema:Organization",
        "foaf:Agent",
        "Agent"
      ],
      "foaf:homepage": [
        "https://www.balagne-corsica.com/"
      ]
    }
  ],
  "lastUpdate": "2021-01-06",
  "lastUpdateDatatourisme": "2023-02-22T06:42:37.912Z"
}