{
  "@id": "https://data.datatourisme.fr/13/b63d1ecd-efa3-3b0a-8b31-76aba9acc7c5",
  "dc:identifier": "4933338",
  "@type": [
    "schema:Accommodation",
    "schema:Hotel",
    "schema:LodgingBusiness",
    "Accommodation",
    "Hotel",
    "HotelTrade",
    "PlaceOfInterest",
    "PointOfInterest"
  ],
  "rdfs:comment": {
    "de": [
      "Das Hotel Le Saint Erasme, das sich in Calvi in der Balagne befindet und das Meer überblickt, genießt eine außergewöhnliche Aussicht, vor allem bei Sonnenuntergang!\r\nEs ist Mitglied des Programms \"Rispettu\", um die Auswirkungen des Hotels auf die Umwelt zu messen und vor allem zu reduzieren."
    ],
    "en": [
      "The Hotel Le Saint Erasme, located in Calvi in Balagne and overlooking the sea, enjoys an exceptional view, especially at sunset!\r\nIt adheres to the program \"Rispettu\" in order to measure and, above all, reduce the impact of the establishment on the environment."
    ],
    "it": [
      "L'hotel Le Saint Erasme, situato a Calvi nella regione della Balagne e affacciato sul mare, gode di una vista eccezionale, soprattutto al tramonto!\r\nFa parte del programma \"Rispettu\" per misurare e soprattutto ridurre l'impatto dello stabilimento sull'ambiente."
    ],
    "fr": [
      "L'hôtel Le Saint Erasme, situé à Calvi en Balagne et dominant la mer jouit d'une vue exceptionnelle surtout au coucher du soleil !\r\nIl adhère au programme \"Rispettu\" afin de mesurer et, surtout, réduire les impacts  de l'établissement sur l'environnement."
    ],
    "nl": [
      "Het hotel Le Saint Erasme, gelegen in Calvi in de regio Balagne en met uitzicht op zee, geniet een uitzonderlijk uitzicht, vooral bij zonsondergang!\r\nHet maakt deel uit van het programma \"Rispettu\" om de impact van de vestiging op het milieu te meten en vooral te verminderen."
    ],
    "es": [
      "El hotel Le Saint Erasme, situado en Calvi, en la región de Balagne, y con vistas al mar, goza de una vista excepcional, ¡sobre todo al atardecer!\r\nForma parte del programa \"Rispettu\" para medir y, sobre todo, reducir el impacto del establecimiento en el medio ambiente."
    ]
  },
  "rdfs:label": {
    "fr": [
      "Le Saint Erasme"
    ]
  },
  "hasBeenCreatedBy": {
    "@id": "https://data.datatourisme.fr/13/e4873aa9-a05c-35ed-8395-61d121516766",
    "dc:identifier": "1646",
    "schema:email": [
      "info@balagne-corsica.com"
    ],
    "schema:legalName": "Office de Tourisme Intercommunal Calvi - Balagne",
    "@type": [
      "schema:Organization",
      "foaf:Agent",
      "Agent"
    ],
    "foaf:homepage": [
      "https://www.balagne-corsica.com/"
    ]
  },
  "hasBeenPublishedBy": [
    {
      "@id": "https://data.datatourisme.fr/8a9feb4b-2cbd-3d2c-b507-bd6c6776b23b",
      "schema:legalName": "Apidae Tourisme Scic SA - source : Apidae Tourisme",
      "@type": [
        "schema:Organization",
        "foaf:Agent",
        "Agent"
      ],
      "foaf:homepage": [
        "https://www.apidae-tourisme.com/"
      ]
    }
  ],
  "hasContact": [
    {
      "@id": "https://data.datatourisme.fr/121ac9d0-116f-3e5f-b6ed-5d80502923c9",
      "schema:email": [
        "info@hotel-st-erasme.com"
      ],
      "schema:telephone": [
        "+33 4 95 65 04 50"
      ],
      "@type": [
        "foaf:Agent",
        "Agent"
      ],
      "foaf:homepage": [
        "http://www.hotel-st-erasme.com/"
      ]
    }
  ],
  "hasDescription": [
    {
      "@id": "https://data.datatourisme.fr/d83a08f2-f070-3b01-be38-cd9dc32408be",
      "@type": [
        "Description"
      ],
      "hasTranslatedProperty": [
        {
          "@id": "https://data.datatourisme.fr/18842ffe-0bb5-3160-8bbd-b1bd0c94fe9f",
          "dc:contributor": [
            "https://api.deepl.com/v2/translate"
          ],
          "rdf:language": [
            "nl"
          ],
          "rdf:predicate": [
            "shortDescription"
          ]
        },
        {
          "@id": "https://data.datatourisme.fr/9fe0ef8c-f1a5-3e56-8807-8893da872c7d",
          "dc:contributor": [
            "https://api.deepl.com/v2/translate"
          ],
          "rdf:language": [
            "es"
          ],
          "rdf:predicate": [
            "shortDescription"
          ]
        },
        {
          "@id": "https://data.datatourisme.fr/d93a8f8a-a7f7-31c9-a352-e6168b076374",
          "dc:contributor": [
            "https://api.deepl.com/v2/translate"
          ],
          "rdf:language": [
            "de"
          ],
          "rdf:predicate": [
            "shortDescription"
          ]
        }
      ],
      "shortDescription": {
        "de": [
          "Das Hotel Le Saint Erasme, das sich in Calvi in der Balagne befindet und das Meer überblickt, genießt eine außergewöhnliche Aussicht, vor allem bei Sonnenuntergang!\r\nEs ist Mitglied des Programms \"Rispettu\", um die Auswirkungen des Hotels auf die Umwelt zu messen und vor allem zu reduzieren."
        ],
        "en": [
          "The Hotel Le Saint Erasme, located in Calvi in Balagne and overlooking the sea, enjoys an exceptional view, especially at sunset!\r\nIt adheres to the program \"Rispettu\" in order to measure and, above all, reduce the impact of the establishment on the environment."
        ],
        "it": [
          "L'hotel Le Saint Erasme, situato a Calvi nella regione della Balagne e affacciato sul mare, gode di una vista eccezionale, soprattutto al tramonto!\r\nFa parte del programma \"Rispettu\" per misurare e soprattutto ridurre l'impatto dello stabilimento sull'ambiente."
        ],
        "fr": [
          "L'hôtel Le Saint Erasme, situé à Calvi en Balagne et dominant la mer jouit d'une vue exceptionnelle surtout au coucher du soleil !\r\nIl adhère au programme \"Rispettu\" afin de mesurer et, surtout, réduire les impacts  de l'établissement sur l'environnement."
        ],
        "nl": [
          "Het hotel Le Saint Erasme, gelegen in Calvi in de regio Balagne en met uitzicht op zee, geniet een uitzonderlijk uitzicht, vooral bij zonsondergang!\r\nHet maakt deel uit van het programma \"Rispettu\" om de impact van de vestiging op het milieu te meten en vooral te verminderen."
        ],
        "es": [
          "El hotel Le Saint Erasme, situado en Calvi, en la región de Balagne, y con vistas al mar, goza de una vista excepcional, ¡sobre todo al atardecer!\r\nForma parte del programa \"Rispettu\" para medir y, sobre todo, reducir el impacto del establecimiento en el medio ambiente."
        ]
      }
    }
  ],
  "hasTranslatedProperty": [
    {
      "@id": "https://data.datatourisme.fr/34bb2290-0819-3468-816d-3f6ae677cdb0",
      "dc:contributor": [
        "https://api.deepl.com/v2/translate"
      ],
      "rdf:language": [
        "nl"
      ],
      "rdf:predicate": [
        {
          "@id": "rdfs:comment"
        }
      ]
    },
    {
      "@id": "https://data.datatourisme.fr/58c3f234-96af-3ff5-b4b7-ee27270cbbf4",
      "dc:contributor": [
        "https://api.deepl.com/v2/translate"
      ],
      "rdf:language": [
        "de"
      ],
      "rdf:predicate": [
        {
          "@id": "rdfs:comment"
        }
      ]
    },
    {
      "@id": "https://data.datatourisme.fr/f9dcfdc0-babc-3fba-b899-8299d9f44bf9",
      "dc:contributor": [
        "https://api.deepl.com/v2/translate"
      ],
      "rdf:language": [
        "es"
      ],
      "rdf:predicate": [
        {
          "@id": "rdfs:comment"
        }
      ]
    }
  ],
  "isLocatedAt": [
    {
      "@id": "https://data.datatourisme.fr/b73f9f91-d2c8-3ea2-a6c4-1ce3e5424808",
      "schema:address": [
        {
          "@id": "https://data.datatourisme.fr/8fc0e226-1b93-395d-92e3-a8d207dd6f1f",
          "schema:addressLocality": "Calvi",
          "schema:postalCode": "20260",
          "schema:streetAddress": [
            "Route de Porto (par la côte)"
          ],
          "@type": [
            "schema:PostalAddress",
            "PostalAddress"
          ],
          "hasAddressCity": {
            "@id": "kb:2B050",
            "@type": [
              "City"
            ],
            "rdfs:label": {
              "en": [
                "Calvi"
              ],
              "fr": [
                "Calvi"
              ]
            },
            "insee": "2B050",
            "isPartOfDepartment": {
              "@id": "kb:France942B",
              "@type": [
                "Department"
              ],
              "rdfs:label": {
                "en": [
                  "Haute-Corse"
                ],
                "fr": [
                  "Haute-Corse"
                ]
              },
              "insee": "2B",
              "isPartOfRegion": {
                "@id": "kb:France94",
                "@type": [
                  "Region"
                ],
                "rdfs:label": {
                  "en": [
                    "Corse"
                  ],
                  "fr": [
                    "Corse"
                  ]
                },
                "insee": "94",
                "isPartOfCountry": {
                  "@id": "kb:France",
                  "@type": [
                    "schema:Country"
                  ],
                  "rdfs:label": {
                    "de": [
                      "Frankreich"
                    ],
                    "pt": [
                      "França"
                    ],
                    "en": [
                      "France"
                    ],
                    "it": [
                      "Francia"
                    ],
                    "fr": [
                      "France"
                    ],
                    "nl": [
                      "Frankrijk"
                    ],
                    "es": [
                      "Francia"
                    ]
                  }
                }
              }
            }
          }
        }
      ],
      "schema:geo": {
        "@id": "https://data.datatourisme.fr/42f1c9c3-4338-33fb-b5ad-e944e29d5fe6",
        "schema:latitude": "42.568137",
        "schema:longitude": "8.750731",
        "@type": [
          "schema:GeoCoordinates"
        ]
      },
      "schema:openingHoursSpecification": [
        {
          "@id": "https://data.datatourisme.fr/7705ae69-3767-32b5-819d-cc2a37878890",
          "schema:validFrom": "2023-05-01T00:00:00",
          "schema:validThrough": "2023-10-31T23:59:59",
          "@type": [
            "schema:OpeningHoursSpecification"
          ],
          "additionalInformation": {
            "de": [
              "Zeitraum als Richtwert"
            ],
            "en": [
              "Indicative period"
            ],
            "it": [
              "Periodo indicativo"
            ],
            "fr": [
              "Période à titre indicatif"
            ],
            "es": [
              "Período indicativo"
            ],
            "nl": [
              "Indicatieve periode"
            ]
          },
          "hasTranslatedProperty": [
            {
              "@id": "https://data.datatourisme.fr/4734ee35-3b59-32e0-974b-c8b1816fd561",
              "dc:contributor": [
                "https://api.deepl.com/v2/translate"
              ],
              "rdf:language": [
                "nl"
              ],
              "rdf:predicate": [
                "additionalInformation"
              ]
            },
            {
              "@id": "https://data.datatourisme.fr/4bfc3c83-ccf4-3339-9e4e-752e9e4fab48",
              "dc:contributor": [
                "https://api.deepl.com/v2/translate"
              ],
              "rdf:language": [
                "es"
              ],
              "rdf:predicate": [
                "additionalInformation"
              ]
            },
            {
              "@id": "https://data.datatourisme.fr/5608a701-b027-3e84-ab8a-de2738ea5154",
              "dc:contributor": [
                "https://api.deepl.com/v2/translate"
              ],
              "rdf:language": [
                "it"
              ],
              "rdf:predicate": [
                "additionalInformation"
              ]
            },
            {
              "@id": "https://data.datatourisme.fr/7c375cdf-3c2d-3342-b2ac-720239ee2bef",
              "dc:contributor": [
                "https://api.deepl.com/v2/translate"
              ],
              "rdf:language": [
                "en"
              ],
              "rdf:predicate": [
                "additionalInformation"
              ]
            },
            {
              "@id": "https://data.datatourisme.fr/f230ae4d-0ece-30f7-b11c-a9baa24a833b",
              "dc:contributor": [
                "https://api.deepl.com/v2/translate"
              ],
              "rdf:language": [
                "de"
              ],
              "rdf:predicate": [
                "additionalInformation"
              ]
            }
          ]
        }
      ],
      "@type": [
        "schema:Place",
        "Place"
      ]
    }
  ],
  "isOwnedBy": [
    {
      "@id": "https://data.datatourisme.fr/194c52e6-bbae-33dc-8464-caca97844fbb",
      "schema:email": [
        "info@balagne-corsica.com"
      ],
      "schema:legalName": "Office de Tourisme Intercommunal Calvi - Balagne",
      "@type": [
        "schema:Organization",
        "foaf:Agent",
        "Agent"
      ],
      "foaf:homepage": [
        "https://www.balagne-corsica.com/"
      ]
    }
  ],
  "lastUpdate": "2023-01-24",
  "lastUpdateDatatourisme": "2023-04-04T05:52:39.409Z",
  "offers": [
    {
      "@id": "https://data.datatourisme.fr/e144bf40-c53a-3d2f-8cb9-44ada16dbd49",
      "schema:priceSpecification": [
        {
          "@id": "https://data.datatourisme.fr/99f1bab5-947f-3f59-a006-f8e61a00ac28",
          "schema:maxPrice": [
            "1.35",
            "136",
            "285"
          ],
          "schema:minPrice": [
            "1.35",
            "129",
            "162",
            "89",
            "99"
          ],
          "schema:priceCurrency": "EUR",
          "@type": [
            "schema:PriceSpecification",
            "PriceSpecification"
          ],
          "appliesOnPeriod": [
            {
              "@id": "https://data.datatourisme.fr/0fb56521-6c16-3e76-afe0-652e585e8d25",
              "@type": [
                "Period"
              ],
              "endDate": "2023-10-31",
              "startDate": "2023-05-01"
            }
          ]
        }
      ],
      "@type": [
        "schema:Offer",
        "Offer"
      ]
    }
  ]
}