{
  "@id": "https://data.datatourisme.fr/13/0b4367f3-eb4a-31bf-8269-c28f53b27322",
  "dc:identifier": "4932879",
  "@type": [
    "schema:Accommodation",
    "schema:FoodEstablishment",
    "schema:Hotel",
    "schema:LodgingBusiness",
    "schema:Restaurant",
    "Accommodation",
    "FoodEstablishment",
    "Hotel",
    "HotelRestaurant",
    "HotelTrade",
    "PlaceOfInterest",
    "PointOfInterest",
    "Restaurant"
  ],
  "rdfs:comment": {
    "de": [
      "Für Ihren Urlaub bietet Ihnen das Hotel Joseph Charles, das direkt am Wasser und in der Nähe des Stadtzentrums liegt, eine Verpflegung inklusive Wein an."
    ],
    "en": [
      "Hotel-Club Joseph Charles is located on the seaside, near the town center, and is a perfect place for the guests quietness and relaxation. The hotel offers a restaurant service (including wine)."
    ],
    "it": [
      "Per le vostre vacanze, l'hotel Joseph Charles, situato sul lungomare e vicino al centro città, offre un ristorante con vino incluso."
    ],
    "fr": [
      "Pour vos vacances, l'hôtel Joseph Charles situé pieds dans l'eau et à proximité du centre ville, vous propose une restauration avec vin inclus."
    ],
    "nl": [
      "Voor uw vakantie biedt het Joseph Charles hotel, gelegen aan het water en dicht bij het stadscentrum, een restaurant met wijn inbegrepen."
    ],
    "es": [
      "Para sus vacaciones, el hotel Joseph Charles, situado frente al mar y cerca del centro de la ciudad, ofrece un restaurante con vino incluido."
    ]
  },
  "rdfs:label": {
    "fr": [
      "Hôtel-Club Joseph Charles"
    ]
  },
  "hasBeenCreatedBy": {
    "@id": "https://data.datatourisme.fr/13/8d420fa3-5754-31f1-8199-69c88780314d",
    "dc:identifier": "1647",
    "schema:email": [
      "web@ileroussetourisme.com"
    ],
    "schema:legalName": "Office de Tourisme Intercommunal de L'Ile Rousse-Balagne",
    "@type": [
      "schema:Organization",
      "foaf:Agent",
      "Agent"
    ],
    "foaf:homepage": [
      "https://www.balagne-corsica.com/"
    ]
  },
  "hasBeenPublishedBy": [
    {
      "@id": "https://data.datatourisme.fr/8a9feb4b-2cbd-3d2c-b507-bd6c6776b23b",
      "schema:legalName": "Apidae Tourisme Scic SA - source : Apidae Tourisme",
      "@type": [
        "schema:Organization",
        "foaf:Agent",
        "Agent"
      ],
      "foaf:homepage": [
        "https://www.apidae-tourisme.com/"
      ]
    }
  ],
  "hasContact": [
    {
      "@id": "https://data.datatourisme.fr/0375e1af-b6aa-3880-b790-33f147b798aa",
      "schema:email": [
        "info@univac.net"
      ],
      "schema:telephone": [
        "+33 3 87 75 77 45"
      ],
      "@type": [
        "foaf:Agent",
        "Agent"
      ],
      "foaf:homepage": [
        "http://www.univac.net/"
      ]
    }
  ],
  "hasDescription": [
    {
      "@id": "https://data.datatourisme.fr/5752b015-1ab3-30f6-8c92-6c614824d145",
      "@type": [
        "Description"
      ],
      "hasTranslatedProperty": [
        {
          "@id": "https://data.datatourisme.fr/508adb91-af57-3daa-96ba-97cc8a285bca",
          "dc:contributor": [
            "https://api.deepl.com/v2/translate"
          ],
          "rdf:language": [
            "nl"
          ],
          "rdf:predicate": [
            "shortDescription"
          ]
        },
        {
          "@id": "https://data.datatourisme.fr/889fe054-dceb-3220-a16c-5f5d1adb9c64",
          "dc:contributor": [
            "https://api.deepl.com/v2/translate"
          ],
          "rdf:language": [
            "de"
          ],
          "rdf:predicate": [
            "shortDescription"
          ]
        },
        {
          "@id": "https://data.datatourisme.fr/af6b487e-f414-3dd6-88ea-3f16129615dc",
          "dc:contributor": [
            "https://api.deepl.com/v2/translate"
          ],
          "rdf:language": [
            "es"
          ],
          "rdf:predicate": [
            "shortDescription"
          ]
        }
      ],
      "shortDescription": {
        "de": [
          "Für Ihren Urlaub bietet Ihnen das Hotel Joseph Charles, das direkt am Wasser und in der Nähe des Stadtzentrums liegt, eine Verpflegung inklusive Wein an."
        ],
        "en": [
          "Hotel-Club Joseph Charles is located on the seaside, near the town center, and is a perfect place for the guests quietness and relaxation. The hotel offers a restaurant service (including wine)."
        ],
        "it": [
          "Per le vostre vacanze, l'hotel Joseph Charles, situato sul lungomare e vicino al centro città, offre un ristorante con vino incluso."
        ],
        "fr": [
          "Pour vos vacances, l'hôtel Joseph Charles situé pieds dans l'eau et à proximité du centre ville, vous propose une restauration avec vin inclus."
        ],
        "nl": [
          "Voor uw vakantie biedt het Joseph Charles hotel, gelegen aan het water en dicht bij het stadscentrum, een restaurant met wijn inbegrepen."
        ],
        "es": [
          "Para sus vacaciones, el hotel Joseph Charles, situado frente al mar y cerca del centro de la ciudad, ofrece un restaurante con vino incluido."
        ]
      }
    }
  ],
  "hasTranslatedProperty": [
    {
      "@id": "https://data.datatourisme.fr/62fe64ff-cbe0-3ee6-a78a-66acf4b3d09f",
      "dc:contributor": [
        "https://api.deepl.com/v2/translate"
      ],
      "rdf:language": [
        "de"
      ],
      "rdf:predicate": [
        {
          "@id": "rdfs:comment"
        }
      ]
    },
    {
      "@id": "https://data.datatourisme.fr/c730a0a9-b2b1-3617-93a8-4b1b41347e5d",
      "dc:contributor": [
        "https://api.deepl.com/v2/translate"
      ],
      "rdf:language": [
        "es"
      ],
      "rdf:predicate": [
        {
          "@id": "rdfs:comment"
        }
      ]
    },
    {
      "@id": "https://data.datatourisme.fr/fdab51ef-821a-34bf-867f-04cdf7854cd8",
      "dc:contributor": [
        "https://api.deepl.com/v2/translate"
      ],
      "rdf:language": [
        "nl"
      ],
      "rdf:predicate": [
        {
          "@id": "rdfs:comment"
        }
      ]
    }
  ],
  "isLocatedAt": [
    {
      "@id": "https://data.datatourisme.fr/4b5ca735-aec1-32af-a79d-507db1cb93a4",
      "schema:address": [
        {
          "@id": "https://data.datatourisme.fr/c257f955-3f8d-315c-bc6b-7d38f0e16215",
          "schema:addressLocality": "L'Île-Rousse",
          "schema:postalCode": "20220",
          "schema:streetAddress": [
            "Route de Bastia"
          ],
          "@type": [
            "schema:PostalAddress",
            "PostalAddress"
          ],
          "hasAddressCity": {
            "@id": "kb:2B134",
            "@type": [
              "City"
            ],
            "rdfs:label": {
              "en": [
                "L'Île-Rousse"
              ],
              "fr": [
                "L'Île-Rousse"
              ]
            },
            "insee": "2B134",
            "isPartOfDepartment": {
              "@id": "kb:France942B",
              "@type": [
                "Department"
              ],
              "rdfs:label": {
                "en": [
                  "Haute-Corse"
                ],
                "fr": [
                  "Haute-Corse"
                ]
              },
              "insee": "2B",
              "isPartOfRegion": {
                "@id": "kb:France94",
                "@type": [
                  "Region"
                ],
                "rdfs:label": {
                  "en": [
                    "Corse"
                  ],
                  "fr": [
                    "Corse"
                  ]
                },
                "insee": "94",
                "isPartOfCountry": {
                  "@id": "kb:France",
                  "@type": [
                    "schema:Country"
                  ],
                  "rdfs:label": {
                    "de": [
                      "Frankreich"
                    ],
                    "pt": [
                      "França"
                    ],
                    "en": [
                      "France"
                    ],
                    "it": [
                      "Francia"
                    ],
                    "fr": [
                      "France"
                    ],
                    "nl": [
                      "Frankrijk"
                    ],
                    "es": [
                      "Francia"
                    ]
                  }
                }
              }
            }
          }
        }
      ],
      "schema:geo": {
        "@id": "https://data.datatourisme.fr/d8d74b64-a93d-3545-a0ca-fb652c06d59e",
        "schema:latitude": "42.632058",
        "schema:longitude": "8.948708",
        "@type": [
          "schema:GeoCoordinates"
        ]
      },
      "schema:openingHoursSpecification": [
        {
          "@id": "https://data.datatourisme.fr/def75211-66fb-3fdf-8757-0b3d00e66e07",
          "schema:validFrom": "2023-04-01T00:00:00",
          "schema:validThrough": "2023-10-29T23:59:59",
          "@type": [
            "schema:OpeningHoursSpecification"
          ]
        }
      ],
      "@type": [
        "schema:Place",
        "Place"
      ]
    }
  ],
  "isOwnedBy": [
    {
      "@id": "https://data.datatourisme.fr/252af22a-253d-33df-b9d7-204832749402",
      "schema:email": [
        "web@ileroussetourisme.com"
      ],
      "schema:legalName": "Office de Tourisme Intercommunal de L'Ile Rousse-Balagne",
      "@type": [
        "schema:Organization",
        "foaf:Agent",
        "Agent"
      ],
      "foaf:homepage": [
        "https://www.balagne-corsica.com/"
      ]
    }
  ],
  "lastUpdate": "2023-02-15",
  "lastUpdateDatatourisme": "2023-02-16T06:39:42.024Z",
  "offers": [
    {
      "@id": "https://data.datatourisme.fr/0970c21e-90da-3974-97a2-d316beb68f97",
      "schema:priceSpecification": [
        {
          "@id": "https://data.datatourisme.fr/8eb6996b-a939-325b-bfaa-1f5d37803788",
          "schema:maxPrice": [
            "1008"
          ],
          "schema:minPrice": [
            "581"
          ],
          "schema:priceCurrency": "EUR",
          "@type": [
            "schema:PriceSpecification",
            "PriceSpecification"
          ],
          "appliesOnPeriod": [
            {
              "@id": "https://data.datatourisme.fr/655d1335-e078-3f32-add3-c5c3ce317b8f",
              "@type": [
                "Period"
              ],
              "endDate": "2023-10-29",
              "startDate": "2023-04-01"
            }
          ]
        }
      ],
      "@type": [
        "schema:Offer",
        "Offer"
      ]
    }
  ]
}