{
  "@id": "https://data.datatourisme.fr/13/0b356816-4108-3331-9bae-61559b8ce0a7",
  "dc:identifier": "4975957",
  "@type": [
    "schema:LocalBusiness",
    "ActivityProvider",
    "PlaceOfInterest",
    "PointOfInterest",
    "Store"
  ],
  "rdfs:comment": {
    "de": [
      "Der Tauchclub Hippocampe empfängt Sie in einem der schönsten Golf von Korsika... Calvi."
    ],
    "en": [
      "The Hippocampe diving club welcomes you to Calvi Bay, one of the most beautiful bays of Corsica."
    ],
    "it": [
      "Il diving club Hippocampe vi accoglie in uno dei più bei golfi della Corsica... Calvi."
    ],
    "fr": [
      "Le club de plongée Hippocampe vous accueille dans l'un des plus beau golfe de Corse... Calvi."
    ],
    "es": [
      "El club de buceo Hippocampe le acoge en uno de los más bellos golfos de Córcega... Calvi."
    ],
    "nl": [
      "De duikclub Hippocampe verwelkomt u in een van de mooiste golf van Corsica... Calvi."
    ]
  },
  "rdfs:label": {
    "fr": [
      "L'Hippocampe"
    ]
  },
  "hasBeenCreatedBy": {
    "@id": "https://data.datatourisme.fr/13/e4873aa9-a05c-35ed-8395-61d121516766",
    "dc:identifier": "1646",
    "schema:email": [
      "info@balagne-corsica.com"
    ],
    "schema:legalName": "Office de Tourisme Intercommunal Calvi - Balagne",
    "@type": [
      "schema:Organization",
      "foaf:Agent",
      "Agent"
    ],
    "foaf:homepage": [
      "https://www.balagne-corsica.com/"
    ]
  },
  "hasBeenPublishedBy": [
    {
      "@id": "https://data.datatourisme.fr/8a9feb4b-2cbd-3d2c-b507-bd6c6776b23b",
      "schema:legalName": "Apidae Tourisme Scic SA - source : Apidae Tourisme",
      "@type": [
        "schema:Organization",
        "foaf:Agent",
        "Agent"
      ],
      "foaf:homepage": [
        "https://www.apidae-tourisme.com/"
      ]
    }
  ],
  "hasContact": [
    {
      "@id": "https://data.datatourisme.fr/b8d12a60-1c42-337a-a3b2-fff1292c75b0",
      "schema:email": [
        "hippocampe.calvi@gmail.com"
      ],
      "schema:telephone": [
        "+33 4 95 65 35 79",
        "+33 6 11 56 70 48"
      ],
      "@type": [
        "foaf:Agent",
        "Agent"
      ],
      "foaf:homepage": [
        "http://plongee-calvi-corse.com/"
      ]
    }
  ],
  "hasDescription": [
    {
      "@id": "https://data.datatourisme.fr/b945614d-fc69-3163-a425-4d64d4b1f205",
      "@type": [
        "Description"
      ],
      "hasTranslatedProperty": [
        {
          "@id": "https://data.datatourisme.fr/3352a395-b9f8-3cce-9c8e-c4520bd53584",
          "dc:contributor": [
            "https://api.deepl.com/v2/translate"
          ],
          "rdf:language": [
            "de"
          ],
          "rdf:predicate": [
            "shortDescription"
          ]
        },
        {
          "@id": "https://data.datatourisme.fr/5c0ff055-8ac6-3f80-8288-3adce25060b0",
          "dc:contributor": [
            "https://api.deepl.com/v2/translate"
          ],
          "rdf:language": [
            "nl"
          ],
          "rdf:predicate": [
            "shortDescription"
          ]
        },
        {
          "@id": "https://data.datatourisme.fr/bb84943f-e4ba-3d9a-bec6-8ddf963a0635",
          "dc:contributor": [
            "https://api.deepl.com/v2/translate"
          ],
          "rdf:language": [
            "es"
          ],
          "rdf:predicate": [
            "shortDescription"
          ]
        }
      ],
      "shortDescription": {
        "de": [
          "Der Tauchclub Hippocampe empfängt Sie in einem der schönsten Golf von Korsika... Calvi."
        ],
        "en": [
          "The Hippocampe diving club welcomes you to Calvi Bay, one of the most beautiful bays of Corsica."
        ],
        "it": [
          "Il diving club Hippocampe vi accoglie in uno dei più bei golfi della Corsica... Calvi."
        ],
        "fr": [
          "Le club de plongée Hippocampe vous accueille dans l'un des plus beau golfe de Corse... Calvi."
        ],
        "es": [
          "El club de buceo Hippocampe le acoge en uno de los más bellos golfos de Córcega... Calvi."
        ],
        "nl": [
          "De duikclub Hippocampe verwelkomt u in een van de mooiste golf van Corsica... Calvi."
        ]
      }
    }
  ],
  "hasTheme": [
    {
      "@id": "kb:Diving",
      "@type": [
        "SportsTheme"
      ],
      "rdfs:label": {
        "de": [
          "Tauchen"
        ],
        "pt": [
          "Mergulho"
        ],
        "en": [
          "Diving"
        ],
        "it": [
          "Immersione"
        ],
        "fr": [
          "Plongée"
        ],
        "nl": [
          "Duiken"
        ],
        "es": [
          "Buceo"
        ]
      }
    },
    {
      "@id": "kb:Snorkeling",
      "@type": [
        "SportsTheme"
      ],
      "rdfs:label": {
        "de": [
          "Schnorcheln"
        ],
        "pt": [
          "Snorkling"
        ],
        "en": [
          "Snorkeling"
        ],
        "it": [
          "Snorkeling"
        ],
        "fr": [
          "Randonnée palmée"
        ],
        "nl": [
          "Snorkelen"
        ],
        "es": [
          "Esnórquel"
        ]
      }
    }
  ],
  "hasTranslatedProperty": [
    {
      "@id": "https://data.datatourisme.fr/bb01edaf-42c9-3aa5-bc7e-412c8de5321e",
      "dc:contributor": [
        "https://api.deepl.com/v2/translate"
      ],
      "rdf:language": [
        "nl"
      ],
      "rdf:predicate": [
        {
          "@id": "rdfs:comment"
        }
      ]
    },
    {
      "@id": "https://data.datatourisme.fr/d53db69f-014a-3f98-a191-7e3c43ddedf7",
      "dc:contributor": [
        "https://api.deepl.com/v2/translate"
      ],
      "rdf:language": [
        "de"
      ],
      "rdf:predicate": [
        {
          "@id": "rdfs:comment"
        }
      ]
    },
    {
      "@id": "https://data.datatourisme.fr/d90fbb1b-8c12-380a-a5db-5626b2205c42",
      "dc:contributor": [
        "https://api.deepl.com/v2/translate"
      ],
      "rdf:language": [
        "es"
      ],
      "rdf:predicate": [
        {
          "@id": "rdfs:comment"
        }
      ]
    }
  ],
  "isLocatedAt": [
    {
      "@id": "https://data.datatourisme.fr/3407e4e8-c4ec-39dd-bf6a-de8ca62faeb6",
      "schema:address": [
        {
          "@id": "https://data.datatourisme.fr/b5b721ca-38a0-3f00-9a3f-55cac8a88eea",
          "schema:addressLocality": "Calvi",
          "schema:postalCode": "20260",
          "schema:streetAddress": [
            "Port de plaisance"
          ],
          "@type": [
            "schema:PostalAddress",
            "PostalAddress"
          ],
          "hasAddressCity": {
            "@id": "kb:2B050",
            "@type": [
              "City"
            ],
            "rdfs:label": {
              "en": [
                "Calvi"
              ],
              "fr": [
                "Calvi"
              ]
            },
            "insee": "2B050",
            "isPartOfDepartment": {
              "@id": "kb:France942B",
              "@type": [
                "Department"
              ],
              "rdfs:label": {
                "en": [
                  "Haute-Corse"
                ],
                "fr": [
                  "Haute-Corse"
                ]
              },
              "insee": "2B",
              "isPartOfRegion": {
                "@id": "kb:France94",
                "@type": [
                  "Region"
                ],
                "rdfs:label": {
                  "en": [
                    "Corse"
                  ],
                  "fr": [
                    "Corse"
                  ]
                },
                "insee": "94",
                "isPartOfCountry": {
                  "@id": "kb:France",
                  "@type": [
                    "schema:Country"
                  ],
                  "rdfs:label": {
                    "de": [
                      "Frankreich"
                    ],
                    "pt": [
                      "França"
                    ],
                    "en": [
                      "France"
                    ],
                    "it": [
                      "Francia"
                    ],
                    "fr": [
                      "France"
                    ],
                    "nl": [
                      "Frankrijk"
                    ],
                    "es": [
                      "Francia"
                    ]
                  }
                }
              }
            }
          }
        }
      ],
      "schema:geo": {
        "@id": "https://data.datatourisme.fr/16c719d5-60d1-31c2-9470-86c03e4fe3d2",
        "schema:latitude": "42.563993",
        "schema:longitude": "8.755962",
        "@type": [
          "schema:GeoCoordinates"
        ]
      },
      "schema:openingHoursSpecification": [
        {
          "@id": "https://data.datatourisme.fr/422cb2f6-43db-3d1e-b523-ef8db0e50f20",
          "schema:validFrom": "2023-04-09T00:00:00",
          "schema:validThrough": "2023-11-12T23:59:59",
          "@type": [
            "schema:OpeningHoursSpecification"
          ],
          "additionalInformation": {
            "de": [
              "Zeitraum als Richtwert"
            ],
            "en": [
              "Indicative period"
            ],
            "it": [
              "Periodo indicativo"
            ],
            "fr": [
              "Période à titre indicatif"
            ],
            "es": [
              "Período indicativo"
            ],
            "nl": [
              "Indicatieve periode"
            ]
          },
          "hasTranslatedProperty": [
            {
              "@id": "https://data.datatourisme.fr/029b5679-2568-3d73-98b9-e5513ea50395",
              "dc:contributor": [
                "https://api.deepl.com/v2/translate"
              ],
              "rdf:language": [
                "en"
              ],
              "rdf:predicate": [
                "additionalInformation"
              ]
            },
            {
              "@id": "https://data.datatourisme.fr/18d2eedf-2b90-34af-a07c-46e438277427",
              "dc:contributor": [
                "https://api.deepl.com/v2/translate"
              ],
              "rdf:language": [
                "es"
              ],
              "rdf:predicate": [
                "additionalInformation"
              ]
            },
            {
              "@id": "https://data.datatourisme.fr/769a0d52-4f3c-38ba-9d3e-22128785306f",
              "dc:contributor": [
                "https://api.deepl.com/v2/translate"
              ],
              "rdf:language": [
                "nl"
              ],
              "rdf:predicate": [
                "additionalInformation"
              ]
            },
            {
              "@id": "https://data.datatourisme.fr/7a3814b8-6ce6-3c0d-8225-886071de9076",
              "dc:contributor": [
                "https://api.deepl.com/v2/translate"
              ],
              "rdf:language": [
                "it"
              ],
              "rdf:predicate": [
                "additionalInformation"
              ]
            },
            {
              "@id": "https://data.datatourisme.fr/f9d7abcf-2d56-3f98-b78a-37037e0baef1",
              "dc:contributor": [
                "https://api.deepl.com/v2/translate"
              ],
              "rdf:language": [
                "de"
              ],
              "rdf:predicate": [
                "additionalInformation"
              ]
            }
          ]
        }
      ],
      "@type": [
        "schema:Place",
        "Place"
      ]
    }
  ],
  "isOwnedBy": [
    {
      "@id": "https://data.datatourisme.fr/194c52e6-bbae-33dc-8464-caca97844fbb",
      "schema:email": [
        "info@balagne-corsica.com"
      ],
      "schema:legalName": "Office de Tourisme Intercommunal Calvi - Balagne",
      "@type": [
        "schema:Organization",
        "foaf:Agent",
        "Agent"
      ],
      "foaf:homepage": [
        "https://www.balagne-corsica.com/"
      ]
    }
  ],
  "lastUpdate": "2022-12-26",
  "lastUpdateDatatourisme": "2023-02-11T06:38:49.068Z"
}