{
  "@id": "https://data.datatourisme.fr/13/0bb6ede8-6969-3254-91b0-6031e8460f41",
  "dc:identifier": "5156579",
  "@type": [
    "schema:Accommodation",
    "schema:FoodEstablishment",
    "schema:Hotel",
    "schema:LodgingBusiness",
    "schema:Restaurant",
    "Accommodation",
    "FoodEstablishment",
    "Hotel",
    "HotelRestaurant",
    "HotelTrade",
    "PlaceOfInterest",
    "PointOfInterest",
    "Restaurant"
  ],
  "rdfs:comment": {
    "de": [
      "Ein traumhafter Rahmen inmitten eines Pinienwaldes am Meer, außergewöhnliche Horizonte über dem Golf von Porto Vecchio und ein atemberaubender Blick auf die Oberstadt."
    ],
    "en": [
      "A dream setting in the heart of a pine forest by the sea, exceptional views of the Gulf of Porto Vecchio and a breathtaking view of the upper city."
    ],
    "it": [
      "Un ambiente da sogno nel cuore di una pineta in riva al mare, orizzonti eccezionali sul Golfo di Porto Vecchio e una vista mozzafiato sulla città alta."
    ],
    "fr": [
      "Un cadre rêvé au cœur d’une pinède en bord de mer, des horizons d’exception sur le golfe de Porto Vecchio et une vue imprenable sur la ville haute."
    ],
    "es": [
      "Un entorno de ensueño en el corazón de un bosque de pinos junto al mar, horizontes excepcionales sobre el Golfo de Porto Vecchio y una vista sin obstáculos de la ciudad alta."
    ],
    "nl": [
      "Een droomomgeving in het hart van een dennenbos aan zee, een uitzonderlijk uitzicht over de Golf van Porto Vecchio en een adembenemend uitzicht op de bovenstad."
    ]
  },
  "rdfs:label": {
    "fr": [
      "Don Cesar"
    ]
  },
  "hasBeenCreatedBy": {
    "@id": "https://data.datatourisme.fr/13/84c6494d-3085-3c63-a55c-db8cb047fadd",
    "dc:identifier": "1738",
    "schema:email": [
      "camillef.omt@gmail.com",
      "direction@destination-sudcorse.com",
      "gestion@destination-sudcorse.com",
      "promotion@destination-sudcorse.com",
      "webmaster@destination-sudcorse.com"
    ],
    "schema:legalName": "Porto Vecchio Tourisme",
    "@type": [
      "schema:Organization",
      "foaf:Agent",
      "Agent"
    ],
    "foaf:homepage": [
      "http://www.ot-portovecchio.com/"
    ]
  },
  "hasBeenPublishedBy": [
    {
      "@id": "https://data.datatourisme.fr/8a9feb4b-2cbd-3d2c-b507-bd6c6776b23b",
      "schema:legalName": "Apidae Tourisme Scic SA - source : Apidae Tourisme",
      "@type": [
        "schema:Organization",
        "foaf:Agent",
        "Agent"
      ],
      "foaf:homepage": [
        "https://www.apidae-tourisme.com/"
      ]
    }
  ],
  "hasContact": [
    {
      "@id": "https://data.datatourisme.fr/038402d8-8e60-3c7d-b46c-68741c00ca4c",
      "schema:email": [
        "info@hoteldoncesar.com"
      ],
      "schema:telephone": [
        "+33 4 95 76 09 09"
      ],
      "@type": [
        "foaf:Agent",
        "Agent"
      ],
      "foaf:homepage": [
        "http://www.hoteldoncesar.com/"
      ]
    }
  ],
  "hasDescription": [
    {
      "@id": "https://data.datatourisme.fr/7e0c2823-e0cb-34af-a115-f713fc521518",
      "@type": [
        "Description"
      ],
      "hasTranslatedProperty": [
        {
          "@id": "https://data.datatourisme.fr/d04d56f5-5838-3409-a6e2-6268dc88b853",
          "dc:contributor": [
            "https://api.deepl.com/v2/translate"
          ],
          "rdf:language": [
            "es"
          ],
          "rdf:predicate": [
            "shortDescription"
          ]
        }
      ],
      "shortDescription": {
        "de": [
          "Ein traumhafter Rahmen inmitten eines Pinienwaldes am Meer, außergewöhnliche Horizonte über dem Golf von Porto Vecchio und ein atemberaubender Blick auf die Oberstadt."
        ],
        "en": [
          "A dream setting in the heart of a pine forest by the sea, exceptional views of the Gulf of Porto Vecchio and a breathtaking view of the upper city."
        ],
        "it": [
          "Un ambiente da sogno nel cuore di una pineta in riva al mare, orizzonti eccezionali sul Golfo di Porto Vecchio e una vista mozzafiato sulla città alta."
        ],
        "fr": [
          "Un cadre rêvé au cœur d’une pinède en bord de mer, des horizons d’exception sur le golfe de Porto Vecchio et une vue imprenable sur la ville haute."
        ],
        "es": [
          "Un entorno de ensueño en el corazón de un bosque de pinos junto al mar, horizontes excepcionales sobre el Golfo de Porto Vecchio y una vista sin obstáculos de la ciudad alta."
        ],
        "nl": [
          "Een droomomgeving in het hart van een dennenbos aan zee, een uitzonderlijk uitzicht over de Golf van Porto Vecchio en een adembenemend uitzicht op de bovenstad."
        ]
      }
    }
  ],
  "hasTranslatedProperty": [
    {
      "@id": "https://data.datatourisme.fr/4e99fd61-f017-320b-99b6-78f7b58158ab",
      "dc:contributor": [
        "https://api.deepl.com/v2/translate"
      ],
      "rdf:language": [
        "es"
      ],
      "rdf:predicate": [
        {
          "@id": "rdfs:comment"
        }
      ]
    }
  ],
  "isLocatedAt": [
    {
      "@id": "https://data.datatourisme.fr/680c1507-4f8d-32e7-ba1b-4c5e49dfef5f",
      "schema:address": [
        {
          "@id": "https://data.datatourisme.fr/4b0277c7-55b4-399a-9330-5713c3a4a00a",
          "schema:addressLocality": "Porto-Vecchio",
          "schema:postalCode": "20137",
          "schema:streetAddress": [
            "Rue du Commandant Quilici"
          ],
          "@type": [
            "schema:PostalAddress",
            "PostalAddress"
          ],
          "hasAddressCity": {
            "@id": "kb:2A247",
            "@type": [
              "City"
            ],
            "rdfs:label": {
              "en": [
                "Porto-Vecchio"
              ],
              "fr": [
                "Porto-Vecchio"
              ]
            },
            "insee": "2A247",
            "isPartOfDepartment": {
              "@id": "kb:France942A",
              "@type": [
                "Department"
              ],
              "rdfs:label": {
                "en": [
                  "Corse-du-Sud"
                ],
                "fr": [
                  "Corse-du-Sud"
                ]
              },
              "insee": "2A",
              "isPartOfRegion": {
                "@id": "kb:France94",
                "@type": [
                  "Region"
                ],
                "rdfs:label": {
                  "en": [
                    "Corse"
                  ],
                  "fr": [
                    "Corse"
                  ]
                },
                "insee": "94",
                "isPartOfCountry": {
                  "@id": "kb:France",
                  "@type": [
                    "schema:Country"
                  ],
                  "rdfs:label": {
                    "de": [
                      "Frankreich"
                    ],
                    "pt": [
                      "França"
                    ],
                    "en": [
                      "France"
                    ],
                    "it": [
                      "Francia"
                    ],
                    "fr": [
                      "France"
                    ],
                    "nl": [
                      "Frankrijk"
                    ],
                    "es": [
                      "Francia"
                    ]
                  }
                }
              }
            }
          }
        }
      ],
      "schema:geo": {
        "@id": "https://data.datatourisme.fr/f55ba242-995b-3153-aaee-f47c44685669",
        "schema:latitude": "41.599784",
        "schema:longitude": "9.284327",
        "@type": [
          "schema:GeoCoordinates"
        ]
      },
      "schema:openingHoursSpecification": [
        {
          "@id": "https://data.datatourisme.fr/e6a80d67-fa53-31ca-b6bc-799e4d34fce5",
          "schema:validFrom": "2023-05-19T00:00:00",
          "schema:validThrough": "2023-09-24T23:59:59",
          "@type": [
            "schema:OpeningHoursSpecification"
          ],
          "additionalInformation": {
            "de": [
              "Montag, Dienstag, Mittwoch, Donnerstag, Freitag, Samstag, Sonntag: offen"
            ],
            "en": [
              "Monday, Tuesday, Wednesday, Thursday, Friday, Saturday, Sunday: open"
            ],
            "it": [
              "Lunedì, martedì, mercoledì, giovedì, venerdì, sabato, domenica: aperto"
            ],
            "fr": [
              "Lundi, Mardi, Mercredi, Jeudi, Vendredi, Samedi, Dimanche : ouvert"
            ],
            "nl": [
              "Maandag, dinsdag, woensdag, donderdag, vrijdag, zaterdag, zondag: open"
            ],
            "es": [
              "Lunes, martes, miércoles, jueves, viernes, sábado y domingo: abierto"
            ]
          },
          "hasTranslatedProperty": [
            {
              "@id": "https://data.datatourisme.fr/16ceb176-929f-3f39-ae13-ca879801a16d",
              "dc:contributor": [
                "https://api.deepl.com/v2/translate"
              ],
              "rdf:language": [
                "it"
              ],
              "rdf:predicate": [
                "additionalInformation"
              ]
            },
            {
              "@id": "https://data.datatourisme.fr/22c45e5f-3017-301f-aa8b-e66d4855aac9",
              "dc:contributor": [
                "https://api.deepl.com/v2/translate"
              ],
              "rdf:language": [
                "es"
              ],
              "rdf:predicate": [
                "additionalInformation"
              ]
            },
            {
              "@id": "https://data.datatourisme.fr/3c1a68cb-e442-3242-b85b-e3514589d616",
              "dc:contributor": [
                "https://api.deepl.com/v2/translate"
              ],
              "rdf:language": [
                "nl"
              ],
              "rdf:predicate": [
                "additionalInformation"
              ]
            },
            {
              "@id": "https://data.datatourisme.fr/76a8bf92-8c14-3555-9bf8-870c36e8c5b5",
              "dc:contributor": [
                "https://api.deepl.com/v2/translate"
              ],
              "rdf:language": [
                "en"
              ],
              "rdf:predicate": [
                "additionalInformation"
              ]
            },
            {
              "@id": "https://data.datatourisme.fr/b9773a3d-9f8b-3659-bfe2-fba79d8acb01",
              "dc:contributor": [
                "https://api.deepl.com/v2/translate"
              ],
              "rdf:language": [
                "de"
              ],
              "rdf:predicate": [
                "additionalInformation"
              ]
            }
          ]
        }
      ],
      "@type": [
        "schema:Place",
        "Place"
      ]
    }
  ],
  "isOwnedBy": [
    {
      "@id": "https://data.datatourisme.fr/f5f950f9-5eec-32b4-a357-2c969ccf4068",
      "schema:email": [
        "camillef.omt@gmail.com",
        "direction@destination-sudcorse.com",
        "gestion@destination-sudcorse.com",
        "promotion@destination-sudcorse.com",
        "webmaster@destination-sudcorse.com"
      ],
      "schema:legalName": "Porto Vecchio Tourisme",
      "@type": [
        "schema:Organization",
        "foaf:Agent",
        "Agent"
      ],
      "foaf:homepage": [
        "http://www.ot-portovecchio.com/"
      ]
    }
  ],
  "lastUpdate": "2023-03-16",
  "lastUpdateDatatourisme": "2023-03-17T06:40:44.072Z",
  "offers": [
    {
      "@id": "https://data.datatourisme.fr/4b204499-f934-30de-a5af-ee8a04f6b87f",
      "schema:priceSpecification": [
        {
          "@id": "https://data.datatourisme.fr/a8691aa7-02cd-3e37-8871-a57ebb7d7f14",
          "schema:maxPrice": [
            "2500"
          ],
          "schema:minPrice": [
            "650"
          ],
          "schema:priceCurrency": "EUR",
          "@type": [
            "schema:PriceSpecification",
            "PriceSpecification"
          ],
          "appliesOnPeriod": [
            {
              "@id": "https://data.datatourisme.fr/5c2ea874-d8b3-3e14-a43c-99bbfa53665f",
              "@type": [
                "Period"
              ],
              "endDate": "2023-09-24",
              "startDate": "2023-05-19"
            }
          ]
        }
      ],
      "@type": [
        "schema:Offer",
        "Offer"
      ]
    }
  ]
}