{
  "@id": "https://data.datatourisme.fr/13/a563f678-babe-3399-8910-b8a3659f2dfd",
  "dc:identifier": "5377461",
  "@type": [
    "schema:LocalBusiness",
    "ActivityProvider",
    "PlaceOfInterest",
    "PointOfInterest",
    "Store"
  ],
  "rdfs:comment": {
    "de": [
      "Canyoning-Basis auf der D268, 10 km von Solenzara (Route de Bavella) entfernt, auf dem Campingplatz U Ponte Grossu. Ab 6 Jahren. Pulischellu, Free Ride, Vacca, Purcaraccia und Wasserwanderungen. Verleih von Canyoning-Schuhen."
    ],
    "en": [
      "Canyoning base on the D268 at 10 km from Solenzara (Bavella road) at the U Ponte Grossu campsite. From 6 years old. Pulischellu, Free ride, Vacca, Purcaraccia and aquatic hiking. Rental of canyon shoes."
    ],
    "it": [
      "Base di canyoning sulla D268, a 10 km da Solenzara (strada di Bavella) presso il campeggio U Ponte Grossu. A partire da 6 anni. Pulischellu, Free ride, Vacca, Purcaraccia e trekking acquatico. Noleggio di scarpe da canyoning."
    ],
    "fr": [
      "Base canyoning sur la D268 à 10 km de Solenzara (route de Bavella) au camping U Ponte Grossu. À partir de 6 ans. Pulischellu, Free ride, Vacca, Purcaraccia et rando aquatique. Location de chaussures canyon."
    ],
    "nl": [
      "Canyoning basis op de D268, 10 km van Solenzara (Bavella weg) op de U Ponte Grossu camping. Vanaf 6 jaar. Pulischellu, Free ride, Vacca, Purcaraccia en aquatische trekking. Canyoning schoenen te huur."
    ],
    "es": [
      "Base de barranquismo en la D268, a 10 km de Solenzara (carretera de Bavella) en el camping U Ponte Grossu. A partir de 6 años. Pulischellu, Free ride, Vacca, Purcaraccia y senderismo acuático. Alquiler de zapatillas de barranquismo."
    ]
  },
  "rdfs:label": {
    "fr": [
      "Corsica Forest"
    ]
  },
  "hasBeenCreatedBy": {
    "@id": "https://data.datatourisme.fr/13/84c6494d-3085-3c63-a55c-db8cb047fadd",
    "dc:identifier": "1738",
    "schema:email": [
      "camillef.omt@gmail.com",
      "direction@destination-sudcorse.com",
      "gestion@destination-sudcorse.com",
      "promotion@destination-sudcorse.com",
      "webmaster@destination-sudcorse.com"
    ],
    "schema:legalName": "Porto Vecchio Tourisme",
    "@type": [
      "schema:Organization",
      "foaf:Agent",
      "Agent"
    ],
    "foaf:homepage": [
      "http://www.ot-portovecchio.com/"
    ]
  },
  "hasBeenPublishedBy": [
    {
      "@id": "https://data.datatourisme.fr/8a9feb4b-2cbd-3d2c-b507-bd6c6776b23b",
      "schema:legalName": "Apidae Tourisme Scic SA - source : Apidae Tourisme",
      "@type": [
        "schema:Organization",
        "foaf:Agent",
        "Agent"
      ],
      "foaf:homepage": [
        "https://www.apidae-tourisme.com/"
      ]
    }
  ],
  "hasContact": [
    {
      "@id": "https://data.datatourisme.fr/1e3ebd99-b037-34c5-93af-561e930b80ea",
      "schema:email": [
        "contact@corsica-forest.com"
      ],
      "schema:telephone": [
        "+33 6 16 18 00 58"
      ],
      "@type": [
        "foaf:Agent",
        "Agent"
      ],
      "foaf:homepage": [
        "http://corsica-forest.com/"
      ]
    }
  ],
  "hasDescription": [
    {
      "@id": "https://data.datatourisme.fr/17298d07-72cb-3d1d-8eaf-ecf5fd7977aa",
      "@type": [
        "Description"
      ],
      "hasTranslatedProperty": [
        {
          "@id": "https://data.datatourisme.fr/20cdb4f7-0fa7-314a-bd9d-4d31b5d760b0",
          "dc:contributor": [
            "https://api.deepl.com/v2/translate"
          ],
          "rdf:language": [
            "nl"
          ],
          "rdf:predicate": [
            "shortDescription"
          ]
        },
        {
          "@id": "https://data.datatourisme.fr/20f94f36-7e1d-377b-8b59-812e01640022",
          "dc:contributor": [
            "https://api.deepl.com/v2/translate"
          ],
          "rdf:language": [
            "de"
          ],
          "rdf:predicate": [
            "shortDescription"
          ]
        },
        {
          "@id": "https://data.datatourisme.fr/44d0768c-64f9-3f81-ad5c-cd8ec51dedf4",
          "dc:contributor": [
            "https://api.deepl.com/v2/translate"
          ],
          "rdf:language": [
            "es"
          ],
          "rdf:predicate": [
            "shortDescription"
          ]
        },
        {
          "@id": "https://data.datatourisme.fr/72d1355e-b2b4-36f1-a22f-4a997ecbf88a",
          "dc:contributor": [
            "https://api.deepl.com/v2/translate"
          ],
          "rdf:language": [
            "en"
          ],
          "rdf:predicate": [
            "shortDescription"
          ]
        },
        {
          "@id": "https://data.datatourisme.fr/9724b79f-c135-3811-80e5-f4a31249b6ed",
          "dc:contributor": [
            "https://api.deepl.com/v2/translate"
          ],
          "rdf:language": [
            "it"
          ],
          "rdf:predicate": [
            "shortDescription"
          ]
        }
      ],
      "shortDescription": {
        "de": [
          "Canyoning-Basis auf der D268, 10 km von Solenzara (Route de Bavella) entfernt, auf dem Campingplatz U Ponte Grossu. Ab 6 Jahren. Pulischellu, Free Ride, Vacca, Purcaraccia und Wasserwanderungen. Verleih von Canyoning-Schuhen."
        ],
        "en": [
          "Canyoning base on the D268 at 10 km from Solenzara (Bavella road) at the U Ponte Grossu campsite. From 6 years old. Pulischellu, Free ride, Vacca, Purcaraccia and aquatic hiking. Rental of canyon shoes."
        ],
        "it": [
          "Base di canyoning sulla D268, a 10 km da Solenzara (strada di Bavella) presso il campeggio U Ponte Grossu. A partire da 6 anni. Pulischellu, Free ride, Vacca, Purcaraccia e trekking acquatico. Noleggio di scarpe da canyoning."
        ],
        "fr": [
          "Base canyoning sur la D268 à 10 km de Solenzara (route de Bavella) au camping U Ponte Grossu. À partir de 6 ans. Pulischellu, Free ride, Vacca, Purcaraccia et rando aquatique. Location de chaussures canyon."
        ],
        "nl": [
          "Canyoning basis op de D268, 10 km van Solenzara (Bavella weg) op de U Ponte Grossu camping. Vanaf 6 jaar. Pulischellu, Free ride, Vacca, Purcaraccia en aquatische trekking. Canyoning schoenen te huur."
        ],
        "es": [
          "Base de barranquismo en la D268, a 10 km de Solenzara (carretera de Bavella) en el camping U Ponte Grossu. A partir de 6 años. Pulischellu, Free ride, Vacca, Purcaraccia y senderismo acuático. Alquiler de zapatillas de barranquismo."
        ]
      }
    }
  ],
  "hasTheme": [
    {
      "@id": "kb:Canyoning",
      "@type": [
        "SportsTheme"
      ],
      "rdfs:label": {
        "de": [
          "Canyoning"
        ],
        "pt": [
          "Canoagem"
        ],
        "en": [
          "Canyoning"
        ],
        "it": [
          "Canyoning"
        ],
        "fr": [
          "Canyoning"
        ],
        "es": [
          "Piragüismo"
        ],
        "nl": [
          "Canyoning"
        ]
      }
    }
  ],
  "hasTranslatedProperty": [
    {
      "@id": "https://data.datatourisme.fr/1ed919b7-e4a7-3474-a11b-722f4599b376",
      "dc:contributor": [
        "https://api.deepl.com/v2/translate"
      ],
      "rdf:language": [
        "es"
      ],
      "rdf:predicate": [
        {
          "@id": "rdfs:comment"
        }
      ]
    },
    {
      "@id": "https://data.datatourisme.fr/53a013e3-c5aa-3428-8ace-3a6e28d3e656",
      "dc:contributor": [
        "https://api.deepl.com/v2/translate"
      ],
      "rdf:language": [
        "en"
      ],
      "rdf:predicate": [
        {
          "@id": "rdfs:comment"
        }
      ]
    },
    {
      "@id": "https://data.datatourisme.fr/71210001-5e41-3183-ba86-d1a2e986f79a",
      "dc:contributor": [
        "https://api.deepl.com/v2/translate"
      ],
      "rdf:language": [
        "de"
      ],
      "rdf:predicate": [
        {
          "@id": "rdfs:comment"
        }
      ]
    },
    {
      "@id": "https://data.datatourisme.fr/7e26d9a0-b656-30a9-9f6c-3a862600b827",
      "dc:contributor": [
        "https://api.deepl.com/v2/translate"
      ],
      "rdf:language": [
        "nl"
      ],
      "rdf:predicate": [
        {
          "@id": "rdfs:comment"
        }
      ]
    },
    {
      "@id": "https://data.datatourisme.fr/909b797a-96b0-3ab1-9052-c4f8ef358921",
      "dc:contributor": [
        "https://api.deepl.com/v2/translate"
      ],
      "rdf:language": [
        "it"
      ],
      "rdf:predicate": [
        {
          "@id": "rdfs:comment"
        }
      ]
    }
  ],
  "isLocatedAt": [
    {
      "@id": "https://data.datatourisme.fr/1240fd9d-a9eb-39c5-9859-f2e79d37e6ba",
      "schema:address": [
        {
          "@id": "https://data.datatourisme.fr/df1e179d-e02e-3e81-91c7-85cbcd182909",
          "schema:addressLocality": "Sari-Solenzara",
          "schema:postalCode": "20145",
          "schema:streetAddress": [
            "A 10 km de Solenzara",
            "Camping U Ponte Grossu",
            "D 268"
          ],
          "@type": [
            "schema:PostalAddress",
            "PostalAddress"
          ],
          "hasAddressCity": {
            "@id": "kb:2A269",
            "@type": [
              "City"
            ],
            "rdfs:label": {
              "en": [
                "Sari-Solenzara"
              ],
              "fr": [
                "Sari-Solenzara"
              ]
            },
            "insee": "2A269",
            "isPartOfDepartment": {
              "@id": "kb:France942A",
              "@type": [
                "Department"
              ],
              "rdfs:label": {
                "en": [
                  "Corse-du-Sud"
                ],
                "fr": [
                  "Corse-du-Sud"
                ]
              },
              "insee": "2A",
              "isPartOfRegion": {
                "@id": "kb:France94",
                "@type": [
                  "Region"
                ],
                "rdfs:label": {
                  "en": [
                    "Corse"
                  ],
                  "fr": [
                    "Corse"
                  ]
                },
                "insee": "94",
                "isPartOfCountry": {
                  "@id": "kb:France",
                  "@type": [
                    "schema:Country"
                  ],
                  "rdfs:label": {
                    "de": [
                      "Frankreich"
                    ],
                    "pt": [
                      "França"
                    ],
                    "en": [
                      "France"
                    ],
                    "it": [
                      "Francia"
                    ],
                    "fr": [
                      "France"
                    ],
                    "nl": [
                      "Frankrijk"
                    ],
                    "es": [
                      "Francia"
                    ]
                  }
                }
              }
            }
          }
        }
      ],
      "schema:geo": {
        "@id": "https://data.datatourisme.fr/ab0db247-026b-3031-886b-2ada94301a12",
        "schema:latitude": "41.834776",
        "schema:longitude": "9.322471",
        "@type": [
          "schema:GeoCoordinates"
        ]
      },
      "schema:openingHoursSpecification": [
        {
          "@id": "https://data.datatourisme.fr/f87e535a-636d-3343-ad63-8a03392e7511",
          "schema:validFrom": "2023-01-01T00:00:00",
          "schema:validThrough": "2023-12-31T23:59:59",
          "@type": [
            "schema:OpeningHoursSpecification"
          ]
        }
      ],
      "@type": [
        "schema:Place",
        "Place"
      ]
    }
  ],
  "isOwnedBy": [
    {
      "@id": "https://data.datatourisme.fr/f5f950f9-5eec-32b4-a357-2c969ccf4068",
      "schema:email": [
        "camillef.omt@gmail.com",
        "direction@destination-sudcorse.com",
        "gestion@destination-sudcorse.com",
        "promotion@destination-sudcorse.com",
        "webmaster@destination-sudcorse.com"
      ],
      "schema:legalName": "Porto Vecchio Tourisme",
      "@type": [
        "schema:Organization",
        "foaf:Agent",
        "Agent"
      ],
      "foaf:homepage": [
        "http://www.ot-portovecchio.com/"
      ]
    }
  ],
  "lastUpdate": "2023-02-15",
  "lastUpdateDatatourisme": "2023-02-18T06:40:17.405Z",
  "offers": [
    {
      "@id": "https://data.datatourisme.fr/9d529c75-f2bc-38f8-ba21-8b73a3b93a86",
      "schema:priceSpecification": [
        {
          "@id": "https://data.datatourisme.fr/8ef24418-8605-3f40-aec4-953498db3744",
          "schema:maxPrice": [
            "65"
          ],
          "schema:minPrice": [
            "45"
          ],
          "schema:priceCurrency": "EUR",
          "@type": [
            "schema:PriceSpecification",
            "PriceSpecification"
          ],
          "appliesOnPeriod": [
            {
              "@id": "https://data.datatourisme.fr/a425afdf-3594-300b-b55e-1858bafa3fd4",
              "@type": [
                "Period"
              ],
              "endDate": "2023-12-31",
              "startDate": "2023-01-01"
            }
          ]
        }
      ],
      "@type": [
        "schema:Offer",
        "Offer"
      ]
    }
  ]
}