{
  "@id": "https://data.datatourisme.fr/13/a5d3fd51-d7c7-3349-9d88-b878d561e004",
  "dc:identifier": "5211678",
  "@type": [
    "schema:LocalBusiness",
    "PlaceOfInterest",
    "PointOfInterest",
    "SightseeingBoat",
    "SportsAndLeisurePlace"
  ],
  "rdfs:comment": {
    "de": [
      "Die Kreuzfahrt einmal anders! An Bord unseres Katamarans, eine Seereise abseits der Touristenpfade"
    ],
    "en": [
      "The cruise in a different way! Aboard our catamaran, a sea cruise off the tourist trails"
    ],
    "it": [
      "La crociera in modo diverso! A bordo del nostro catamarano, un viaggio in mare fuori dalle rotte turistiche"
    ],
    "fr": [
      "Balade à la journée au cœur de la Réserve Naturelle des Bouches de Bonifacio et des îles Cerbicale sur un catamaran de 13 m rapide et sécurisant, accompagné par Philippe, skipper professionnel. Mouillage hors des sentiers battus !"
    ],
    "es": [
      "Excursión de un día al corazón del Parque Natural de las Bouches de Bonifacio y de las Islas Cerbicale en un catamarán rápido y seguro de 13 metros, acompañado por Philippe, patrón profesional. ¡Anchorage fuera de los caminos trillados!"
    ],
    "nl": [
      "De cruise op een andere manier! Aan boord van onze catamaran, een tochtje op zee buiten het toeristische parcours om"
    ]
  },
  "rdfs:label": {
    "fr": [
      "Croisière Catamaran \"Aria\""
    ]
  },
  "hasBeenCreatedBy": {
    "@id": "https://data.datatourisme.fr/13/84c6494d-3085-3c63-a55c-db8cb047fadd",
    "dc:identifier": "1738",
    "schema:email": [
      "camillef.omt@gmail.com",
      "direction@destination-sudcorse.com",
      "gestion@destination-sudcorse.com",
      "promotion@destination-sudcorse.com",
      "webmaster@destination-sudcorse.com"
    ],
    "schema:legalName": "Porto Vecchio Tourisme",
    "@type": [
      "schema:Organization",
      "foaf:Agent",
      "Agent"
    ],
    "foaf:homepage": [
      "http://www.ot-portovecchio.com/"
    ]
  },
  "hasBeenPublishedBy": [
    {
      "@id": "https://data.datatourisme.fr/8a9feb4b-2cbd-3d2c-b507-bd6c6776b23b",
      "schema:legalName": "Apidae Tourisme Scic SA - source : Apidae Tourisme",
      "@type": [
        "schema:Organization",
        "foaf:Agent",
        "Agent"
      ],
      "foaf:homepage": [
        "https://www.apidae-tourisme.com/"
      ]
    }
  ],
  "hasContact": [
    {
      "@id": "https://data.datatourisme.fr/3229b4f0-a153-382e-9a82-178b7537b670",
      "schema:email": [
        "berphi35@gmail.com"
      ],
      "schema:telephone": [
        "+33 6 83 74 48 41"
      ],
      "@type": [
        "foaf:Agent",
        "Agent"
      ]
    }
  ],
  "hasDescription": [
    {
      "@id": "https://data.datatourisme.fr/3d8e1f8e-ffff-31c4-afa0-fd02561d192b",
      "@type": [
        "Description"
      ],
      "hasTranslatedProperty": [
        {
          "@id": "https://data.datatourisme.fr/e16fc566-fb93-3abb-a423-f8dd358db635",
          "dc:contributor": [
            "https://api.deepl.com/v2/translate"
          ],
          "rdf:language": [
            "es"
          ],
          "rdf:predicate": [
            "shortDescription"
          ]
        }
      ],
      "shortDescription": {
        "de": [
          "Die Kreuzfahrt einmal anders! An Bord unseres Katamarans, eine Seereise abseits der Touristenpfade"
        ],
        "en": [
          "The cruise in a different way! Aboard our catamaran, a sea cruise off the tourist trails"
        ],
        "it": [
          "La crociera in modo diverso! A bordo del nostro catamarano, un viaggio in mare fuori dalle rotte turistiche"
        ],
        "fr": [
          "Balade à la journée au cœur de la Réserve Naturelle des Bouches de Bonifacio et des îles Cerbicale sur un catamaran de 13 m rapide et sécurisant, accompagné par Philippe, skipper professionnel. Mouillage hors des sentiers battus !"
        ],
        "es": [
          "Excursión de un día al corazón del Parque Natural de las Bouches de Bonifacio y de las Islas Cerbicale en un catamarán rápido y seguro de 13 metros, acompañado por Philippe, patrón profesional. ¡Anchorage fuera de los caminos trillados!"
        ],
        "nl": [
          "De cruise op een andere manier! Aan boord van onze catamaran, een tochtje op zee buiten het toeristische parcours om"
        ]
      }
    }
  ],
  "hasTheme": [
    {
      "@id": "kb:SportSailing",
      "@type": [
        "SportsTheme"
      ],
      "rdfs:label": {
        "de": [
          "Segelsport"
        ],
        "pt": [
          "Desporto à vela"
        ],
        "en": [
          "Sport sailing"
        ],
        "it": [
          "Sport di vela"
        ],
        "fr": [
          "Sport à voile"
        ],
        "nl": [
          "Zeilsport"
        ],
        "es": [
          "Deportes de vela"
        ]
      }
    }
  ],
  "hasTranslatedProperty": [
    {
      "@id": "https://data.datatourisme.fr/aae81ff5-f06d-3be5-96d0-228261be2755",
      "dc:contributor": [
        "https://api.deepl.com/v2/translate"
      ],
      "rdf:language": [
        "es"
      ],
      "rdf:predicate": [
        {
          "@id": "rdfs:comment"
        }
      ]
    }
  ],
  "isLocatedAt": [
    {
      "@id": "https://data.datatourisme.fr/7b50040c-13d9-3804-b3ae-57db0050dbf1",
      "schema:address": [
        {
          "@id": "https://data.datatourisme.fr/a07d235e-ac0e-39da-b20d-f2b2d0f11540",
          "schema:addressLocality": "Porto-Vecchio",
          "schema:postalCode": "20137",
          "schema:streetAddress": [
            "Baie du Stagnolo"
          ],
          "@type": [
            "schema:PostalAddress",
            "PostalAddress"
          ],
          "hasAddressCity": {
            "@id": "kb:2A247",
            "@type": [
              "City"
            ],
            "rdfs:label": {
              "en": [
                "Porto-Vecchio"
              ],
              "fr": [
                "Porto-Vecchio"
              ]
            },
            "insee": "2A247",
            "isPartOfDepartment": {
              "@id": "kb:France942A",
              "@type": [
                "Department"
              ],
              "rdfs:label": {
                "en": [
                  "Corse-du-Sud"
                ],
                "fr": [
                  "Corse-du-Sud"
                ]
              },
              "insee": "2A",
              "isPartOfRegion": {
                "@id": "kb:France94",
                "@type": [
                  "Region"
                ],
                "rdfs:label": {
                  "en": [
                    "Corse"
                  ],
                  "fr": [
                    "Corse"
                  ]
                },
                "insee": "94",
                "isPartOfCountry": {
                  "@id": "kb:France",
                  "@type": [
                    "schema:Country"
                  ],
                  "rdfs:label": {
                    "de": [
                      "Frankreich"
                    ],
                    "pt": [
                      "França"
                    ],
                    "en": [
                      "France"
                    ],
                    "it": [
                      "Francia"
                    ],
                    "fr": [
                      "France"
                    ],
                    "nl": [
                      "Frankrijk"
                    ],
                    "es": [
                      "Francia"
                    ]
                  }
                }
              }
            }
          }
        }
      ],
      "schema:geo": {
        "@id": "https://data.datatourisme.fr/f519b8af-f1cc-3d51-b655-3db38b4d474b",
        "schema:latitude": "41.620258",
        "schema:longitude": "9.303755",
        "@type": [
          "schema:GeoCoordinates"
        ]
      },
      "schema:openingHoursSpecification": [
        {
          "@id": "https://data.datatourisme.fr/2dfaa855-f9b1-3f36-bd09-8e6e5503f19e",
          "schema:validFrom": "2023-03-01T00:00:00",
          "schema:validThrough": "2023-11-30T23:59:59",
          "@type": [
            "schema:OpeningHoursSpecification"
          ],
          "additionalInformation": {
            "de": [
              "24 Stunden am Tag geöffnet.\n\nMontag, Dienstag, Mittwoch, Donnerstag, Freitag, Samstag, Sonntag: geöffnet"
            ],
            "en": [
              "Open 24 hours a day.\n\nMonday, Tuesday, Wednesday, Thursday, Friday, Saturday, Sunday: open"
            ],
            "it": [
              "Aperto 24 ore su 24.\n\nLunedì, martedì, mercoledì, giovedì, venerdì, sabato, domenica: aperto"
            ],
            "fr": [
              "Ouvert 24h/24.\n\nLundi, Mardi, Mercredi, Jeudi, Vendredi, Samedi, Dimanche : ouvert"
            ],
            "es": [
              "Abierto las 24 horas.\n\nLunes, martes, miércoles, jueves, viernes, sábado y domingo: abierto"
            ],
            "nl": [
              "24 uur open.\n\nMaandag, dinsdag, woensdag, donderdag, vrijdag, zaterdag, zondag: open"
            ]
          },
          "hasTranslatedProperty": [
            {
              "@id": "https://data.datatourisme.fr/19555975-0d28-3b51-a540-36908e39dd5c",
              "dc:contributor": [
                "https://api.deepl.com/v2/translate"
              ],
              "rdf:language": [
                "it"
              ],
              "rdf:predicate": [
                "additionalInformation"
              ]
            },
            {
              "@id": "https://data.datatourisme.fr/239f1f8e-1c16-3b19-bf17-58a0c64b5f96",
              "dc:contributor": [
                "https://api.deepl.com/v2/translate"
              ],
              "rdf:language": [
                "nl"
              ],
              "rdf:predicate": [
                "additionalInformation"
              ]
            },
            {
              "@id": "https://data.datatourisme.fr/4fe405b8-1b39-3b5f-8074-bc4c03c091d9",
              "dc:contributor": [
                "https://api.deepl.com/v2/translate"
              ],
              "rdf:language": [
                "de"
              ],
              "rdf:predicate": [
                "additionalInformation"
              ]
            },
            {
              "@id": "https://data.datatourisme.fr/beefb97c-17f8-36d6-90dd-669f24e85abd",
              "dc:contributor": [
                "https://api.deepl.com/v2/translate"
              ],
              "rdf:language": [
                "es"
              ],
              "rdf:predicate": [
                "additionalInformation"
              ]
            },
            {
              "@id": "https://data.datatourisme.fr/e5b1ae84-b19b-318e-9111-db50fccfe1c1",
              "dc:contributor": [
                "https://api.deepl.com/v2/translate"
              ],
              "rdf:language": [
                "en"
              ],
              "rdf:predicate": [
                "additionalInformation"
              ]
            }
          ]
        }
      ],
      "@type": [
        "schema:Place",
        "Place"
      ]
    }
  ],
  "isOwnedBy": [
    {
      "@id": "https://data.datatourisme.fr/f5f950f9-5eec-32b4-a357-2c969ccf4068",
      "schema:email": [
        "camillef.omt@gmail.com",
        "direction@destination-sudcorse.com",
        "gestion@destination-sudcorse.com",
        "promotion@destination-sudcorse.com",
        "webmaster@destination-sudcorse.com"
      ],
      "schema:legalName": "Porto Vecchio Tourisme",
      "@type": [
        "schema:Organization",
        "foaf:Agent",
        "Agent"
      ],
      "foaf:homepage": [
        "http://www.ot-portovecchio.com/"
      ]
    }
  ],
  "lastUpdate": "2023-04-01",
  "lastUpdateDatatourisme": "2023-04-04T05:52:39.352Z",
  "offers": [
    {
      "@id": "https://data.datatourisme.fr/02a0a2e2-07d3-3024-be15-6d3cfa1b6c77",
      "schema:priceSpecification": [
        {
          "@id": "https://data.datatourisme.fr/0aa08473-ffe8-3120-8d5d-9e2ad02cd803",
          "schema:maxPrice": [
            "110",
            "85"
          ],
          "schema:minPrice": [
            "110",
            "85"
          ],
          "schema:priceCurrency": "EUR",
          "@type": [
            "schema:PriceSpecification",
            "PriceSpecification"
          ],
          "appliesOnPeriod": [
            {
              "@id": "https://data.datatourisme.fr/3a24e666-dfbf-314f-8a23-2efac437890d",
              "@type": [
                "Period"
              ],
              "endDate": "2023-11-30",
              "startDate": "2023-03-01"
            }
          ]
        }
      ],
      "@type": [
        "schema:Offer",
        "Offer"
      ]
    }
  ]
}