{
  "@id": "https://data.datatourisme.fr/13/b89995cb-2183-3a04-83b9-a69d37de4e0f",
  "dc:identifier": "4958464",
  "@type": [
    "schema:LocalBusiness",
    "ActivityProvider",
    "PlaceOfInterest",
    "PointOfInterest",
    "Store"
  ],
  "rdfs:comment": {
    "de": [
      "Entdecken Sie den Golf von L'Ile-Rousse mithilfe der Expertise des Club nautique de L'Ile-Rousse. Der Club nautique stellt Ihnen Katamarane, Windsurfbretter, Optimisten, Kajaks, Paddle, Habitate und Funboards zur Verfügung."
    ],
    "en": [
      "Discover L'Ile-Rousse bay thanks to the expertise of the Nautic Club of L'Ile-Rousse. This sailing club proposes catamarans, windsurf boards, optimist dinghies, kayaks, paddleboards, liveaboard yachts and funboards. For your wellbeing, don't forget to try stand-up paddle yoga!"
    ],
    "it": [
      "Scoprite il golfo di L'Ile-Rousse grazie all'esperienza del Club Nautico Ile-Rousse. Il Club Nautico mette a disposizione catamarani, windsurf, optimist, kayak, pedalò e funboard."
    ],
    "fr": [
      "Découvrez le golfe de L'Ile-Rousse grâce à l'expertise du Club nautique de L'Ile-Rousse. Le Club nautique met à votre disposition catamarans, planches à voile, optimists, kayaks, paddle, habitable et funboard."
    ],
    "nl": [
      "Ontdek de golf van L'Ile-Rousse dankzij de expertise van de Ile-Rousse Nautical Club. De Nautische Club stelt u catamarans, windsurfers, optimisten, kajaks, waterfietsen en funboards ter beschikking."
    ],
    "es": [
      "Descubra el golfo de L'Ile-Rousse gracias a la experiencia del Club Náutico de Ile-Rousse. El Club Náutico pone a su disposición catamaranes, windsurf, optimist, kayaks, botes de remos y funboards."
    ]
  },
  "rdfs:label": {
    "en": [
      "Nautic club of L'Ile-Rousse"
    ],
    "fr": [
      "Club nautique de L'Ile-Rousse"
    ]
  },
  "hasBeenCreatedBy": {
    "@id": "https://data.datatourisme.fr/13/8d420fa3-5754-31f1-8199-69c88780314d",
    "dc:identifier": "1647",
    "schema:email": [
      "web@ileroussetourisme.com"
    ],
    "schema:legalName": "Office de Tourisme Intercommunal de L'Ile Rousse-Balagne",
    "@type": [
      "schema:Organization",
      "foaf:Agent",
      "Agent"
    ],
    "foaf:homepage": [
      "https://www.balagne-corsica.com/"
    ]
  },
  "hasBeenPublishedBy": [
    {
      "@id": "https://data.datatourisme.fr/8a9feb4b-2cbd-3d2c-b507-bd6c6776b23b",
      "schema:legalName": "Apidae Tourisme Scic SA - source : Apidae Tourisme",
      "@type": [
        "schema:Organization",
        "foaf:Agent",
        "Agent"
      ],
      "foaf:homepage": [
        "https://www.apidae-tourisme.com/"
      ]
    }
  ],
  "hasContact": [
    {
      "@id": "https://data.datatourisme.fr/c8be994b-77ae-376b-ac87-2ca3828f4018",
      "schema:email": [
        "cnilerousse@gmail.com"
      ],
      "schema:telephone": [
        "+33 4 95 60 22 55"
      ],
      "@type": [
        "foaf:Agent",
        "Agent"
      ],
      "foaf:homepage": [
        "http://www.cnir.org/"
      ]
    }
  ],
  "hasDescription": [
    {
      "@id": "https://data.datatourisme.fr/2b0b008d-f6de-371c-b0be-6872622fc8a9",
      "@type": [
        "Description"
      ],
      "hasTranslatedProperty": [
        {
          "@id": "https://data.datatourisme.fr/14eef6fe-ef44-373d-90cb-7527910fcb4a",
          "dc:contributor": [
            "https://api.deepl.com/v2/translate"
          ],
          "rdf:language": [
            "de"
          ],
          "rdf:predicate": [
            "shortDescription"
          ]
        },
        {
          "@id": "https://data.datatourisme.fr/1a25efce-c4c2-3e82-bacf-b0c59371066e",
          "dc:contributor": [
            "https://api.deepl.com/v2/translate"
          ],
          "rdf:language": [
            "it"
          ],
          "rdf:predicate": [
            "shortDescription"
          ]
        },
        {
          "@id": "https://data.datatourisme.fr/401c06f2-8b19-396f-bab5-3b21bf1aa057",
          "dc:contributor": [
            "https://api.deepl.com/v2/translate"
          ],
          "rdf:language": [
            "es"
          ],
          "rdf:predicate": [
            "shortDescription"
          ]
        },
        {
          "@id": "https://data.datatourisme.fr/80017f73-246f-38e2-beb1-595c24699289",
          "dc:contributor": [
            "https://api.deepl.com/v2/translate"
          ],
          "rdf:language": [
            "nl"
          ],
          "rdf:predicate": [
            "shortDescription"
          ]
        }
      ],
      "shortDescription": {
        "de": [
          "Entdecken Sie den Golf von L'Ile-Rousse mithilfe der Expertise des Club nautique de L'Ile-Rousse. Der Club nautique stellt Ihnen Katamarane, Windsurfbretter, Optimisten, Kajaks, Paddle, Habitate und Funboards zur Verfügung."
        ],
        "en": [
          "Discover L'Ile-Rousse bay thanks to the expertise of the Nautic Club of L'Ile-Rousse. This sailing club proposes catamarans, windsurf boards, optimist dinghies, kayaks, paddleboards, liveaboard yachts and funboards. For your wellbeing, don't forget to try stand-up paddle yoga!"
        ],
        "it": [
          "Scoprite il golfo di L'Ile-Rousse grazie all'esperienza del Club Nautico Ile-Rousse. Il Club Nautico mette a disposizione catamarani, windsurf, optimist, kayak, pedalò e funboard."
        ],
        "fr": [
          "Découvrez le golfe de L'Ile-Rousse grâce à l'expertise du Club nautique de L'Ile-Rousse. Le Club nautique met à votre disposition catamarans, planches à voile, optimists, kayaks, paddle, habitable et funboard."
        ],
        "nl": [
          "Ontdek de golf van L'Ile-Rousse dankzij de expertise van de Ile-Rousse Nautical Club. De Nautische Club stelt u catamarans, windsurfers, optimisten, kajaks, waterfietsen en funboards ter beschikking."
        ],
        "es": [
          "Descubra el golfo de L'Ile-Rousse gracias a la experiencia del Club Náutico de Ile-Rousse. El Club Náutico pone a su disposición catamaranes, windsurf, optimist, kayaks, botes de remos y funboards."
        ]
      }
    }
  ],
  "hasTheme": [
    {
      "@id": "kb:Catamaran",
      "@type": [
        "SportsTheme"
      ],
      "rdfs:label": {
        "de": [
          "Katamaran"
        ],
        "pt": [
          "Catamarã"
        ],
        "en": [
          "Catamaran"
        ],
        "it": [
          "Catamarano"
        ],
        "fr": [
          "Catamaran"
        ],
        "nl": [
          "Catamaran"
        ],
        "es": [
          "Catamarán"
        ]
      }
    },
    {
      "@id": "kb:SeaKayaking",
      "@type": [
        "SportsTheme"
      ],
      "rdfs:label": {
        "de": [
          "Seekajak"
        ],
        "pt": [
          "Caiaque marítimo"
        ],
        "en": [
          "Sea kayaking"
        ],
        "it": [
          "Kayak da mare"
        ],
        "fr": [
          "Kayak de mer"
        ],
        "nl": [
          "Zeekajakken"
        ],
        "es": [
          "Kayak de mar"
        ]
      }
    },
    {
      "@id": "kb:SportSailing",
      "@type": [
        "SportsTheme"
      ],
      "rdfs:label": {
        "de": [
          "Segelsport"
        ],
        "pt": [
          "Desporto à vela"
        ],
        "en": [
          "Sport sailing"
        ],
        "it": [
          "Sport di vela"
        ],
        "fr": [
          "Sport à voile"
        ],
        "nl": [
          "Zeilsport"
        ],
        "es": [
          "Deportes de vela"
        ]
      }
    },
    {
      "@id": "kb:StandupPaddleboarding",
      "@type": [
        "SportsTheme"
      ],
      "rdfs:label": {
        "de": [
          "Stand-up Paddle (SUP)"
        ],
        "pt": [
          "Paddle de pé (SUP)"
        ],
        "en": [
          "Standup paddleboarding"
        ],
        "it": [
          "Stand up paddle (SUP)"
        ],
        "fr": [
          "Stand up paddle sup"
        ],
        "es": [
          "Tabla de pádel surf"
        ],
        "nl": [
          "Suppen"
        ]
      }
    },
    {
      "@id": "kb:Windsurfing",
      "@type": [
        "SportsTheme"
      ],
      "rdfs:label": {
        "de": [
          "Windsurfen"
        ],
        "pt": [
          "Prancha à vela"
        ],
        "en": [
          "Windsurfing"
        ],
        "it": [
          "Windsurf"
        ],
        "fr": [
          "Planche à voile"
        ],
        "es": [
          "Tabla de windsurf"
        ],
        "nl": [
          "Surfplank"
        ]
      }
    }
  ],
  "hasTranslatedProperty": [
    {
      "@id": "https://data.datatourisme.fr/0463c75a-b1d8-3565-95b7-82608ad25877",
      "dc:contributor": [
        "https://api.deepl.com/v2/translate"
      ],
      "rdf:language": [
        "de"
      ],
      "rdf:predicate": [
        {
          "@id": "rdfs:comment"
        }
      ]
    },
    {
      "@id": "https://data.datatourisme.fr/2874d142-109f-3af6-bbad-45240b98e7eb",
      "dc:contributor": [
        "https://api.deepl.com/v2/translate"
      ],
      "rdf:language": [
        "es"
      ],
      "rdf:predicate": [
        {
          "@id": "rdfs:comment"
        }
      ]
    },
    {
      "@id": "https://data.datatourisme.fr/29119a2c-ee6a-360e-9eb5-48f7313490f9",
      "dc:contributor": [
        "https://api.deepl.com/v2/translate"
      ],
      "rdf:language": [
        "it"
      ],
      "rdf:predicate": [
        {
          "@id": "rdfs:comment"
        }
      ]
    },
    {
      "@id": "https://data.datatourisme.fr/c96d0f97-85af-3607-82d3-d37dc24af7d7",
      "dc:contributor": [
        "https://api.deepl.com/v2/translate"
      ],
      "rdf:language": [
        "nl"
      ],
      "rdf:predicate": [
        {
          "@id": "rdfs:comment"
        }
      ]
    }
  ],
  "isLocatedAt": [
    {
      "@id": "https://data.datatourisme.fr/6634c580-279e-396f-bc7c-68247c65e066",
      "schema:address": [
        {
          "@id": "https://data.datatourisme.fr/8d9edef6-8c4e-3e7c-8b9d-c6ccb847c15c",
          "schema:addressLocality": "L'Île-Rousse",
          "schema:postalCode": "20220",
          "schema:streetAddress": [
            "Plage de la Gare",
            "Route du port"
          ],
          "@type": [
            "schema:PostalAddress",
            "PostalAddress"
          ],
          "hasAddressCity": {
            "@id": "kb:2B134",
            "@type": [
              "City"
            ],
            "rdfs:label": {
              "en": [
                "L'Île-Rousse"
              ],
              "fr": [
                "L'Île-Rousse"
              ]
            },
            "insee": "2B134",
            "isPartOfDepartment": {
              "@id": "kb:France942B",
              "@type": [
                "Department"
              ],
              "rdfs:label": {
                "en": [
                  "Haute-Corse"
                ],
                "fr": [
                  "Haute-Corse"
                ]
              },
              "insee": "2B",
              "isPartOfRegion": {
                "@id": "kb:France94",
                "@type": [
                  "Region"
                ],
                "rdfs:label": {
                  "en": [
                    "Corse"
                  ],
                  "fr": [
                    "Corse"
                  ]
                },
                "insee": "94",
                "isPartOfCountry": {
                  "@id": "kb:France",
                  "@type": [
                    "schema:Country"
                  ],
                  "rdfs:label": {
                    "de": [
                      "Frankreich"
                    ],
                    "pt": [
                      "França"
                    ],
                    "en": [
                      "France"
                    ],
                    "it": [
                      "Francia"
                    ],
                    "fr": [
                      "France"
                    ],
                    "nl": [
                      "Frankrijk"
                    ],
                    "es": [
                      "Francia"
                    ]
                  }
                }
              }
            }
          }
        }
      ],
      "schema:geo": {
        "@id": "https://data.datatourisme.fr/2df30834-dd5f-3518-ae5d-874998d35ede",
        "schema:latitude": "42.637557",
        "schema:longitude": "8.93595",
        "@type": [
          "schema:GeoCoordinates"
        ]
      },
      "schema:openingHoursSpecification": [
        {
          "@id": "https://data.datatourisme.fr/ca8089cf-0098-3440-b49d-6018cc387648",
          "schema:validFrom": "2023-03-01T00:00:00",
          "schema:validThrough": "2023-10-31T23:59:59",
          "@type": [
            "schema:OpeningHoursSpecification"
          ],
          "additionalInformation": {
            "de": [
              "Im Juli und August jeden Tag.\r\nBis zum 10.4. nur mittwochs und samstags vormittags\r\nAußerhalb von Juli und August von Montag bis Samstag"
            ],
            "en": [
              "Every day in July and August.\r\nUntil 10/04 on Wednesday and Saturday mornings only\r\nOutside July and August, Monday to Saturday"
            ],
            "it": [
              "Tutti i giorni in luglio e agosto.\r\nFino al 10/04 solo il mercoledì e il sabato mattina\r\nFuori luglio e agosto, da lunedì a sabato"
            ],
            "fr": [
              "Tous les jours en juillet août.\r\nJusqu'au 10/04 le mercredi et le samedi matin uniquement\r\nHors juillet et août, du lundi au samedi"
            ],
            "es": [
              "Todos los días de julio y agosto.\r\nHasta el 10/04 sólo los miércoles y sábados por la mañana\r\nFuera de julio y agosto, de lunes a sábado"
            ],
            "nl": [
              "Elke dag in juli en augustus.\r\nTot 10/04 alleen op woensdag- en zaterdagochtend\r\nBuiten juli en augustus, maandag tot en met zaterdag"
            ]
          },
          "hasTranslatedProperty": [
            {
              "@id": "https://data.datatourisme.fr/04686038-60fd-3dec-b4d7-d3d9eb1f90d7",
              "dc:contributor": [
                "https://api.deepl.com/v2/translate"
              ],
              "rdf:language": [
                "nl"
              ],
              "rdf:predicate": [
                "additionalInformation"
              ]
            },
            {
              "@id": "https://data.datatourisme.fr/063a9a88-32e2-3ada-bd47-76db51ace467",
              "dc:contributor": [
                "https://api.deepl.com/v2/translate"
              ],
              "rdf:language": [
                "de"
              ],
              "rdf:predicate": [
                "additionalInformation"
              ]
            },
            {
              "@id": "https://data.datatourisme.fr/0bb8c477-2ddc-3ef3-9385-3aafebb796ba",
              "dc:contributor": [
                "https://api.deepl.com/v2/translate"
              ],
              "rdf:language": [
                "es"
              ],
              "rdf:predicate": [
                "additionalInformation"
              ]
            },
            {
              "@id": "https://data.datatourisme.fr/28eee830-0e9c-32cc-bb0f-e9e553e0d3ce",
              "dc:contributor": [
                "https://api.deepl.com/v2/translate"
              ],
              "rdf:language": [
                "en"
              ],
              "rdf:predicate": [
                "additionalInformation"
              ]
            },
            {
              "@id": "https://data.datatourisme.fr/af8aa67c-eb02-3882-83d1-c7d495a4d763",
              "dc:contributor": [
                "https://api.deepl.com/v2/translate"
              ],
              "rdf:language": [
                "it"
              ],
              "rdf:predicate": [
                "additionalInformation"
              ]
            }
          ]
        }
      ],
      "@type": [
        "schema:Place",
        "Place"
      ]
    }
  ],
  "isOwnedBy": [
    {
      "@id": "https://data.datatourisme.fr/252af22a-253d-33df-b9d7-204832749402",
      "schema:email": [
        "web@ileroussetourisme.com"
      ],
      "schema:legalName": "Office de Tourisme Intercommunal de L'Ile Rousse-Balagne",
      "@type": [
        "schema:Organization",
        "foaf:Agent",
        "Agent"
      ],
      "foaf:homepage": [
        "https://www.balagne-corsica.com/"
      ]
    }
  ],
  "lastUpdate": "2023-01-11",
  "lastUpdateDatatourisme": "2023-02-17T06:38:59.357Z"
}