{
  "@id": "https://data.datatourisme.fr/13/1680731a-475d-37af-957e-2b6f87881040",
  "dc:identifier": "5235179",
  "@type": [
    "schema:LocalBusiness",
    "ActivityProvider",
    "PlaceOfInterest",
    "PointOfInterest",
    "Store"
  ],
  "rdfs:comment": {
    "de": [
      "Die Ursprünge von Pilates und Yoga in Porto-Vecchio."
    ],
    "en": [
      "The origins of pilates and yoga in Porto-Vecchio."
    ],
    "it": [
      "Le origini del pilates e dello yoga a Porto-Vecchio."
    ],
    "fr": [
      "Studio Romana. La méthode Joseph Pilates avec le matériel d’origine. Reformer, Cadillac, Barrel… Cours privé ou collectif au sol, 4 pers. max. Yoga Sivananda, posture, respiration et relaxation pour adultes et enfants. AcroYoga parent / enfant."
    ],
    "es": [
      "Estudio Romana. El método Joseph Pilates con el equipo original. ¿Reformer, Cadillac, Barrel? Clases particulares o en grupo en el suelo, máximo 4 personas. Yoga Sivananda, postura, respiración y relajación para adultos y niños. AcroYoga padre / hijo."
    ],
    "nl": [
      "De oorsprong van pilates en yoga in Porto-Vecchio."
    ]
  },
  "rdfs:label": {
    "fr": [
      "Pur'Pilates & Yoga"
    ]
  },
  "hasBeenCreatedBy": {
    "@id": "https://data.datatourisme.fr/13/84c6494d-3085-3c63-a55c-db8cb047fadd",
    "dc:identifier": "1738",
    "schema:email": [
      "camillef.omt@gmail.com",
      "direction@destination-sudcorse.com",
      "gestion@destination-sudcorse.com",
      "promotion@destination-sudcorse.com",
      "webmaster@destination-sudcorse.com"
    ],
    "schema:legalName": "Porto Vecchio Tourisme",
    "@type": [
      "schema:Organization",
      "foaf:Agent",
      "Agent"
    ],
    "foaf:homepage": [
      "http://www.ot-portovecchio.com/"
    ]
  },
  "hasBeenPublishedBy": [
    {
      "@id": "https://data.datatourisme.fr/8a9feb4b-2cbd-3d2c-b507-bd6c6776b23b",
      "schema:legalName": "Apidae Tourisme Scic SA - source : Apidae Tourisme",
      "@type": [
        "schema:Organization",
        "foaf:Agent",
        "Agent"
      ],
      "foaf:homepage": [
        "https://www.apidae-tourisme.com/"
      ]
    }
  ],
  "hasContact": [
    {
      "@id": "https://data.datatourisme.fr/51597a39-218f-3c22-b5c8-88deb854dc7f",
      "schema:email": [
        "purpilates@yahoo.com"
      ],
      "schema:telephone": [
        "+33 6 88 95 09 18"
      ],
      "@type": [
        "foaf:Agent",
        "Agent"
      ],
      "foaf:homepage": [
        "https://www.pure-pilates-yoga-in-corsica.com/"
      ]
    }
  ],
  "hasDescription": [
    {
      "@id": "https://data.datatourisme.fr/cc1d9bda-6c7b-3b54-b5a5-6b89e2441338",
      "@type": [
        "Description"
      ],
      "hasTranslatedProperty": [
        {
          "@id": "https://data.datatourisme.fr/0780ff6e-a442-3213-8bf3-b8e4606a27bb",
          "dc:contributor": [
            "https://api.deepl.com/v2/translate"
          ],
          "rdf:language": [
            "es"
          ],
          "rdf:predicate": [
            "shortDescription"
          ]
        }
      ],
      "shortDescription": {
        "de": [
          "Die Ursprünge von Pilates und Yoga in Porto-Vecchio."
        ],
        "en": [
          "The origins of pilates and yoga in Porto-Vecchio."
        ],
        "it": [
          "Le origini del pilates e dello yoga a Porto-Vecchio."
        ],
        "fr": [
          "Studio Romana. La méthode Joseph Pilates avec le matériel d’origine. Reformer, Cadillac, Barrel… Cours privé ou collectif au sol, 4 pers. max. Yoga Sivananda, posture, respiration et relaxation pour adultes et enfants. AcroYoga parent / enfant."
        ],
        "es": [
          "Estudio Romana. El método Joseph Pilates con el equipo original. ¿Reformer, Cadillac, Barrel? Clases particulares o en grupo en el suelo, máximo 4 personas. Yoga Sivananda, postura, respiración y relajación para adultos y niños. AcroYoga padre / hijo."
        ],
        "nl": [
          "De oorsprong van pilates en yoga in Porto-Vecchio."
        ]
      }
    }
  ],
  "hasTheme": [
    {
      "@id": "kb:Pilates",
      "@type": [
        "SportsTheme"
      ],
      "rdfs:label": {
        "de": [
          "Pilates"
        ],
        "pt": [
          "Pilates"
        ],
        "en": [
          "Pilates"
        ],
        "it": [
          "Pilates"
        ],
        "fr": [
          "Pilates"
        ],
        "nl": [
          "Pilates"
        ],
        "es": [
          "Pilates"
        ]
      }
    },
    {
      "@id": "kb:Yoga",
      "@type": [
        "SportsTheme"
      ],
      "rdfs:label": {
        "de": [
          "Yoga"
        ],
        "pt": [
          "Ioga"
        ],
        "en": [
          "Yoga"
        ],
        "it": [
          "Yoga"
        ],
        "fr": [
          "Yoga"
        ],
        "nl": [
          "Yoga"
        ],
        "es": [
          "Yoga"
        ]
      }
    }
  ],
  "hasTranslatedProperty": [
    {
      "@id": "https://data.datatourisme.fr/901f6296-188c-370e-b0a8-cba2c4356271",
      "dc:contributor": [
        "https://api.deepl.com/v2/translate"
      ],
      "rdf:language": [
        "es"
      ],
      "rdf:predicate": [
        {
          "@id": "rdfs:comment"
        }
      ]
    }
  ],
  "isLocatedAt": [
    {
      "@id": "https://data.datatourisme.fr/afb880d2-f090-3a35-a221-f122f1ef5104",
      "schema:address": [
        {
          "@id": "https://data.datatourisme.fr/242b3255-7896-3836-abad-3c886e5a4272",
          "schema:addressLocality": "Porto-Vecchio",
          "schema:postalCode": "20137",
          "schema:streetAddress": [
            "Arutoli",
            "Direction Muratello",
            "Studio Objectif Danse"
          ],
          "@type": [
            "schema:PostalAddress",
            "PostalAddress"
          ],
          "hasAddressCity": {
            "@id": "kb:2A247",
            "@type": [
              "City"
            ],
            "rdfs:label": {
              "en": [
                "Porto-Vecchio"
              ],
              "fr": [
                "Porto-Vecchio"
              ]
            },
            "insee": "2A247",
            "isPartOfDepartment": {
              "@id": "kb:France942A",
              "@type": [
                "Department"
              ],
              "rdfs:label": {
                "en": [
                  "Corse-du-Sud"
                ],
                "fr": [
                  "Corse-du-Sud"
                ]
              },
              "insee": "2A",
              "isPartOfRegion": {
                "@id": "kb:France94",
                "@type": [
                  "Region"
                ],
                "rdfs:label": {
                  "en": [
                    "Corse"
                  ],
                  "fr": [
                    "Corse"
                  ]
                },
                "insee": "94",
                "isPartOfCountry": {
                  "@id": "kb:France",
                  "@type": [
                    "schema:Country"
                  ],
                  "rdfs:label": {
                    "de": [
                      "Frankreich"
                    ],
                    "pt": [
                      "França"
                    ],
                    "en": [
                      "France"
                    ],
                    "it": [
                      "Francia"
                    ],
                    "fr": [
                      "France"
                    ],
                    "nl": [
                      "Frankrijk"
                    ],
                    "es": [
                      "Francia"
                    ]
                  }
                }
              }
            }
          }
        }
      ],
      "schema:geo": {
        "@id": "https://data.datatourisme.fr/28d25473-b0c7-3c96-901f-29b7d438b394",
        "schema:latitude": "41.598",
        "schema:longitude": "9.2639",
        "@type": [
          "schema:GeoCoordinates"
        ]
      },
      "schema:openingHoursSpecification": [
        {
          "@id": "https://data.datatourisme.fr/f1b1e1f0-9335-3cac-97d6-508b2d7ba0ae",
          "schema:closes": "18:00:00",
          "schema:opens": "08:00:00",
          "schema:validFrom": "2023-01-01T00:00:00",
          "schema:validThrough": "2023-12-31T23:59:59",
          "@type": [
            "schema:OpeningHoursSpecification"
          ],
          "additionalInformation": {
            "de": [
              "mit Ausnahme von Sitzungen, die am Abend bis 20 Uhr organisiert werden."
            ],
            "en": [
              "with the exception of evening sessions until 8pm."
            ],
            "it": [
              "ad eccezione delle sessioni serali fino alle 20:00."
            ],
            "fr": [
              "sauf exception de séances organisées le soir jusqu'à 20h."
            ],
            "nl": [
              "met uitzondering van avondsessies tot 20.00 uur."
            ],
            "es": [
              "a excepción de las sesiones vespertinas hasta las 20.00 horas."
            ]
          },
          "hasTranslatedProperty": [
            {
              "@id": "https://data.datatourisme.fr/05bb5791-4fa5-320b-9812-cd18675a4fb0",
              "dc:contributor": [
                "https://api.deepl.com/v2/translate"
              ],
              "rdf:language": [
                "en"
              ],
              "rdf:predicate": [
                "additionalInformation"
              ]
            },
            {
              "@id": "https://data.datatourisme.fr/1836baf5-c7a9-39fc-abb0-4d5c9af652d2",
              "dc:contributor": [
                "https://api.deepl.com/v2/translate"
              ],
              "rdf:language": [
                "de"
              ],
              "rdf:predicate": [
                "additionalInformation"
              ]
            },
            {
              "@id": "https://data.datatourisme.fr/a2ba4ce2-f3b1-373b-926b-59a95e15ebc3",
              "dc:contributor": [
                "https://api.deepl.com/v2/translate"
              ],
              "rdf:language": [
                "es"
              ],
              "rdf:predicate": [
                "additionalInformation"
              ]
            },
            {
              "@id": "https://data.datatourisme.fr/c9acf5dc-e49b-3362-98ee-a338cefd87fd",
              "dc:contributor": [
                "https://api.deepl.com/v2/translate"
              ],
              "rdf:language": [
                "it"
              ],
              "rdf:predicate": [
                "additionalInformation"
              ]
            },
            {
              "@id": "https://data.datatourisme.fr/da0db566-e8a2-390d-ae82-36a27d424d7b",
              "dc:contributor": [
                "https://api.deepl.com/v2/translate"
              ],
              "rdf:language": [
                "nl"
              ],
              "rdf:predicate": [
                "additionalInformation"
              ]
            }
          ]
        }
      ],
      "@type": [
        "schema:Place",
        "Place"
      ]
    }
  ],
  "isOwnedBy": [
    {
      "@id": "https://data.datatourisme.fr/f5f950f9-5eec-32b4-a357-2c969ccf4068",
      "schema:email": [
        "camillef.omt@gmail.com",
        "direction@destination-sudcorse.com",
        "gestion@destination-sudcorse.com",
        "promotion@destination-sudcorse.com",
        "webmaster@destination-sudcorse.com"
      ],
      "schema:legalName": "Porto Vecchio Tourisme",
      "@type": [
        "schema:Organization",
        "foaf:Agent",
        "Agent"
      ],
      "foaf:homepage": [
        "http://www.ot-portovecchio.com/"
      ]
    }
  ],
  "lastUpdate": "2023-02-20",
  "lastUpdateDatatourisme": "2023-02-22T06:42:37.713Z",
  "offers": [
    {
      "@id": "https://data.datatourisme.fr/395b35f6-854b-3a36-9fa9-5eff5b022c63",
      "schema:priceSpecification": [
        {
          "@id": "https://data.datatourisme.fr/88651e5b-626d-341b-a755-fa7630bfe4b5",
          "schema:maxPrice": [
            "55"
          ],
          "schema:minPrice": [
            "20"
          ],
          "schema:priceCurrency": "EUR",
          "@type": [
            "schema:PriceSpecification",
            "PriceSpecification"
          ],
          "appliesOnPeriod": [
            {
              "@id": "https://data.datatourisme.fr/a425afdf-3594-300b-b55e-1858bafa3fd4",
              "@type": [
                "Period"
              ],
              "endDate": "2023-12-31",
              "startDate": "2023-01-01"
            }
          ]
        }
      ],
      "@type": [
        "schema:Offer",
        "Offer"
      ]
    }
  ]
}