{
  "@id": "https://data.datatourisme.fr/13/16c2edd4-73c3-3516-839a-d5854fbf4f60",
  "dc:identifier": "5022738",
  "@type": [
    "schema:FoodEstablishment",
    "FoodEstablishment",
    "PlaceOfInterest",
    "PointOfInterest"
  ],
  "rdfs:comment": {
    "de": [
      "Mitten im Stadtzentrum, mit Blick auf das Meer, empfängt Sie die Brasserie, um ihre Tagesvorschläge, Salate und Pizzen zu probieren. Schnellrestaurants mit durchgehendem Service von 11 Uhr bis Mitternacht."
    ],
    "en": [
      "Located right in the town center, facing the sea, La Brasserie welcomes you with \"today's specials\", salads, pizze. They serve a selection of fast fare all day long from 11.00 am to midnight."
    ],
    "it": [
      "Nel centro della città, di fronte al mare, la Brasserie vi accoglie per gustare le sue proposte giornaliere, le insalate e le pizze. Fast food con servizio continuo dalle 11 a mezzanotte."
    ],
    "fr": [
      "En plein centre ville, face à la mer, la Brasserie vous accueille pour déguster ses suggestions du jour, ses salades et ses pizze. Restauration rapide avec service continu de 11h à minuit."
    ],
    "nl": [
      "In het stadscentrum, tegenover de zee, verwelkomt de Brasserie u om zijn dagelijkse suggesties, salades en pizza's te proeven. Fast food met continue bediening van 11 uur tot middernacht."
    ],
    "es": [
      "En el centro de la ciudad, frente al mar, la Brasserie le da la bienvenida para degustar sus sugerencias diarias, ensaladas y pizzas. Comida rápida con servicio continuo de 11 a 24 horas."
    ]
  },
  "rdfs:label": {
    "fr": [
      "La Brasserie"
    ]
  },
  "hasBeenCreatedBy": {
    "@id": "https://data.datatourisme.fr/13/8d420fa3-5754-31f1-8199-69c88780314d",
    "dc:identifier": "1647",
    "schema:email": [
      "web@ileroussetourisme.com"
    ],
    "schema:legalName": "Office de Tourisme Intercommunal de L'Ile Rousse-Balagne",
    "@type": [
      "schema:Organization",
      "foaf:Agent",
      "Agent"
    ],
    "foaf:homepage": [
      "https://www.balagne-corsica.com/"
    ]
  },
  "hasBeenPublishedBy": [
    {
      "@id": "https://data.datatourisme.fr/8a9feb4b-2cbd-3d2c-b507-bd6c6776b23b",
      "schema:legalName": "Apidae Tourisme Scic SA - source : Apidae Tourisme",
      "@type": [
        "schema:Organization",
        "foaf:Agent",
        "Agent"
      ],
      "foaf:homepage": [
        "https://www.apidae-tourisme.com/"
      ]
    }
  ],
  "hasContact": [
    {
      "@id": "https://data.datatourisme.fr/75b10a86-e682-30d6-b092-ce339f2281e1",
      "schema:email": [
        "lacreperie.ilerousse@outlook.fr"
      ],
      "schema:telephone": [
        "+33 4 95 60 11 57"
      ],
      "@type": [
        "foaf:Agent",
        "Agent"
      ]
    }
  ],
  "hasDescription": [
    {
      "@id": "https://data.datatourisme.fr/576077d4-4713-37c5-9b5a-c454de6c5ffe",
      "@type": [
        "Description"
      ],
      "hasTranslatedProperty": [
        {
          "@id": "https://data.datatourisme.fr/3bb23ab0-cca9-3e7f-9a25-b654406c9a24",
          "dc:contributor": [
            "https://api.deepl.com/v2/translate"
          ],
          "rdf:language": [
            "de"
          ],
          "rdf:predicate": [
            "shortDescription"
          ]
        },
        {
          "@id": "https://data.datatourisme.fr/3efe4996-dadb-3915-b856-27bf46b49dec",
          "dc:contributor": [
            "https://api.deepl.com/v2/translate"
          ],
          "rdf:language": [
            "nl"
          ],
          "rdf:predicate": [
            "shortDescription"
          ]
        },
        {
          "@id": "https://data.datatourisme.fr/60585d45-7d61-37a2-b82d-e2d9b33eaf54",
          "dc:contributor": [
            "https://api.deepl.com/v2/translate"
          ],
          "rdf:language": [
            "it"
          ],
          "rdf:predicate": [
            "shortDescription"
          ]
        },
        {
          "@id": "https://data.datatourisme.fr/786bda1a-3bfa-358b-9734-9756f6eaca76",
          "dc:contributor": [
            "https://api.deepl.com/v2/translate"
          ],
          "rdf:language": [
            "es"
          ],
          "rdf:predicate": [
            "shortDescription"
          ]
        }
      ],
      "shortDescription": {
        "de": [
          "Mitten im Stadtzentrum, mit Blick auf das Meer, empfängt Sie die Brasserie, um ihre Tagesvorschläge, Salate und Pizzen zu probieren. Schnellrestaurants mit durchgehendem Service von 11 Uhr bis Mitternacht."
        ],
        "en": [
          "Located right in the town center, facing the sea, La Brasserie welcomes you with \"today's specials\", salads, pizze. They serve a selection of fast fare all day long from 11.00 am to midnight."
        ],
        "it": [
          "Nel centro della città, di fronte al mare, la Brasserie vi accoglie per gustare le sue proposte giornaliere, le insalate e le pizze. Fast food con servizio continuo dalle 11 a mezzanotte."
        ],
        "fr": [
          "En plein centre ville, face à la mer, la Brasserie vous accueille pour déguster ses suggestions du jour, ses salades et ses pizze. Restauration rapide avec service continu de 11h à minuit."
        ],
        "nl": [
          "In het stadscentrum, tegenover de zee, verwelkomt de Brasserie u om zijn dagelijkse suggesties, salades en pizza's te proeven. Fast food met continue bediening van 11 uur tot middernacht."
        ],
        "es": [
          "En el centro de la ciudad, frente al mar, la Brasserie le da la bienvenida para degustar sus sugerencias diarias, ensaladas y pizzas. Comida rápida con servicio continuo de 11 a 24 horas."
        ]
      }
    }
  ],
  "hasTheme": [
    {
      "@id": "kb:MediterraneanCuisine",
      "@type": [
        "CuisineCategory"
      ],
      "rdfs:label": {
        "de": [
          "Mediterrane Küche"
        ],
        "pt": [
          "Cozinha mediterrânica"
        ],
        "en": [
          "Mediterranean cuisine"
        ],
        "it": [
          "Cucina mediterranea"
        ],
        "fr": [
          "Cuisine méditerranéenne"
        ],
        "nl": [
          "Mediterrane keuken"
        ],
        "es": [
          "Cocina mediterránea"
        ]
      }
    }
  ],
  "hasTranslatedProperty": [
    {
      "@id": "https://data.datatourisme.fr/d813ab7f-19cb-3a6e-8663-54e04234d71e",
      "dc:contributor": [
        "https://api.deepl.com/v2/translate"
      ],
      "rdf:language": [
        "nl"
      ],
      "rdf:predicate": [
        {
          "@id": "rdfs:comment"
        }
      ]
    },
    {
      "@id": "https://data.datatourisme.fr/e5470db1-ecf5-3c13-95fe-e837ae8e1472",
      "dc:contributor": [
        "https://api.deepl.com/v2/translate"
      ],
      "rdf:language": [
        "es"
      ],
      "rdf:predicate": [
        {
          "@id": "rdfs:comment"
        }
      ]
    },
    {
      "@id": "https://data.datatourisme.fr/e5be02d4-4182-3971-ac2a-e91dabfbb9eb",
      "dc:contributor": [
        "https://api.deepl.com/v2/translate"
      ],
      "rdf:language": [
        "it"
      ],
      "rdf:predicate": [
        {
          "@id": "rdfs:comment"
        }
      ]
    },
    {
      "@id": "https://data.datatourisme.fr/ede1c4c2-1bcf-3c10-adfe-221a028c55cc",
      "dc:contributor": [
        "https://api.deepl.com/v2/translate"
      ],
      "rdf:language": [
        "de"
      ],
      "rdf:predicate": [
        {
          "@id": "rdfs:comment"
        }
      ]
    }
  ],
  "isLocatedAt": [
    {
      "@id": "https://data.datatourisme.fr/65a3e288-5098-3456-b7f5-b1cb34b11911",
      "schema:address": [
        {
          "@id": "https://data.datatourisme.fr/a573568e-2fde-33e3-8f64-7924841eafa7",
          "schema:addressLocality": "L'Île-Rousse",
          "schema:postalCode": "20220",
          "schema:streetAddress": [
            "Place Paoli"
          ],
          "@type": [
            "schema:PostalAddress",
            "PostalAddress"
          ],
          "hasAddressCity": {
            "@id": "kb:2B134",
            "@type": [
              "City"
            ],
            "rdfs:label": {
              "en": [
                "L'Île-Rousse"
              ],
              "fr": [
                "L'Île-Rousse"
              ]
            },
            "insee": "2B134",
            "isPartOfDepartment": {
              "@id": "kb:France942B",
              "@type": [
                "Department"
              ],
              "rdfs:label": {
                "en": [
                  "Haute-Corse"
                ],
                "fr": [
                  "Haute-Corse"
                ]
              },
              "insee": "2B",
              "isPartOfRegion": {
                "@id": "kb:France94",
                "@type": [
                  "Region"
                ],
                "rdfs:label": {
                  "en": [
                    "Corse"
                  ],
                  "fr": [
                    "Corse"
                  ]
                },
                "insee": "94",
                "isPartOfCountry": {
                  "@id": "kb:France",
                  "@type": [
                    "schema:Country"
                  ],
                  "rdfs:label": {
                    "de": [
                      "Frankreich"
                    ],
                    "pt": [
                      "França"
                    ],
                    "en": [
                      "France"
                    ],
                    "it": [
                      "Francia"
                    ],
                    "fr": [
                      "France"
                    ],
                    "nl": [
                      "Frankrijk"
                    ],
                    "es": [
                      "Francia"
                    ]
                  }
                }
              }
            }
          }
        }
      ],
      "schema:geo": {
        "@id": "https://data.datatourisme.fr/c90458e3-70e8-3f92-a13d-d42be89b1a63",
        "schema:latitude": "42.633995",
        "schema:longitude": "8.939356",
        "@type": [
          "schema:GeoCoordinates"
        ]
      },
      "schema:openingHoursSpecification": [
        {
          "@id": "https://data.datatourisme.fr/361ba051-ec37-3a68-becd-15e58b832086",
          "schema:closes": "00:00:00",
          "schema:opens": "11:00:00",
          "schema:validFrom": "2023-02-01T00:00:00",
          "schema:validThrough": "2023-12-31T23:59:59",
          "@type": [
            "schema:OpeningHoursSpecification"
          ]
        }
      ],
      "@type": [
        "schema:Place",
        "Place"
      ]
    }
  ],
  "isOwnedBy": [
    {
      "@id": "https://data.datatourisme.fr/252af22a-253d-33df-b9d7-204832749402",
      "schema:email": [
        "web@ileroussetourisme.com"
      ],
      "schema:legalName": "Office de Tourisme Intercommunal de L'Ile Rousse-Balagne",
      "@type": [
        "schema:Organization",
        "foaf:Agent",
        "Agent"
      ],
      "foaf:homepage": [
        "https://www.balagne-corsica.com/"
      ]
    }
  ],
  "lastUpdate": "2022-01-18",
  "lastUpdateDatatourisme": "2023-02-01T18:07:35.69Z",
  "offers": [
    {
      "@id": "https://data.datatourisme.fr/86ff32a5-7adf-37cb-9bf1-a42b18ba8f17",
      "schema:priceSpecification": [
        {
          "@id": "https://data.datatourisme.fr/6f13506d-9373-3131-830c-86cb58dffb87",
          "@type": [
            "schema:PriceSpecification",
            "PriceSpecification"
          ],
          "appliesOnPeriod": [
            {
              "@id": "https://data.datatourisme.fr/f718db61-fce6-3618-af07-8dcb047539db",
              "@type": [
                "Period"
              ],
              "endDate": "2022-12-31",
              "startDate": "2022-02-01"
            }
          ]
        }
      ],
      "@type": [
        "schema:Offer",
        "Offer"
      ]
    }
  ],
  "providesCuisineOfType": [
    {
      "@id": "kb:MediterraneanCuisine",
      "@type": [
        "CuisineCategory"
      ],
      "rdfs:label": {
        "de": [
          "Mediterrane Küche"
        ],
        "pt": [
          "Cozinha mediterrânica"
        ],
        "en": [
          "Mediterranean cuisine"
        ],
        "it": [
          "Cucina mediterranea"
        ],
        "fr": [
          "Cuisine méditerranéenne"
        ],
        "nl": [
          "Mediterrane keuken"
        ],
        "es": [
          "Cocina mediterránea"
        ]
      }
    }
  ]
}