{
  "@id": "https://data.datatourisme.fr/13/1b94da7f-68e7-3201-af87-766afd79e82c",
  "dc:identifier": "5428860",
  "@type": [
    "schema:LocalBusiness",
    "ActivityProvider",
    "PlaceOfInterest",
    "PointOfInterest",
    "Store"
  ],
  "rdfs:comment": {
    "de": [
      "RANDO4x4CORSE nimmt Sie mit auf eine Entdeckungsreise durch eine der schönsten Regionen der Welt, Korsika, wo Sie bequem an Bord unseres Geländewagens sitzen können. Landschaften, Kultur, Gastronomie und paradiesische Orte stehen auf Ihrem Tagesprogramm. Ihre Sinne werden geweckt."
    ],
    "en": [
      "Comfortably seated onboard our 4x4, you will discover one of the most beautiful sites in the world. Corsica. Its landscapes, culture, good food, heavenly places... are on your trip schedule."
    ],
    "it": [
      "Comodamente seduti a bordo della nostra 4x4, RANDO4x4CORSE? vi accompagna alla scoperta di una delle regioni più belle del mondo, la Corsica. Paesaggi, cultura, gastronomia, luoghi paradisiaci sono il programma della vostra giornata. I vostri sensi saranno risvegliati."
    ],
    "fr": [
      "Assis confortablement à bord de notre 4x4, RANDO4x4CORSE﻿ vous embarque à la découverte d'une de plus belle région au monde, la Corse. Paysages, culture, gastronomie, lieux paradisiaques sont au programme de votre journée. Vos sens sont en éveil."
    ],
    "es": [
      "Sentado cómodamente a bordo de nuestro 4x4, RANDO4x4CORSE? le lleva a descubrir una de las regiones más bellas del mundo, Córcega. Paisajes, cultura, gastronomía, lugares paradisíacos están en el programa de su día. Tus sentidos se despertarán."
    ],
    "nl": [
      "Comfortabel gezeten aan boord van onze 4x4, neemt RANDO4x4CORSE u mee op ontdekkingsreis door een van de mooiste streken ter wereld, Corsica. Landschappen, cultuur, gastronomie, paradijselijke plaatsen staan op het programma van uw dag. Je zintuigen worden gewekt."
    ]
  },
  "rdfs:label": {
    "fr": [
      "Rando4x4corse"
    ]
  },
  "hasBeenCreatedBy": {
    "@id": "https://data.datatourisme.fr/13/8d420fa3-5754-31f1-8199-69c88780314d",
    "dc:identifier": "1647",
    "schema:email": [
      "web@ileroussetourisme.com"
    ],
    "schema:legalName": "Office de Tourisme Intercommunal de L'Ile Rousse-Balagne",
    "@type": [
      "schema:Organization",
      "foaf:Agent",
      "Agent"
    ],
    "foaf:homepage": [
      "https://www.balagne-corsica.com/"
    ]
  },
  "hasBeenPublishedBy": [
    {
      "@id": "https://data.datatourisme.fr/8a9feb4b-2cbd-3d2c-b507-bd6c6776b23b",
      "schema:legalName": "Apidae Tourisme Scic SA - source : Apidae Tourisme",
      "@type": [
        "schema:Organization",
        "foaf:Agent",
        "Agent"
      ],
      "foaf:homepage": [
        "https://www.apidae-tourisme.com/"
      ]
    }
  ],
  "hasContact": [
    {
      "@id": "https://data.datatourisme.fr/008236ad-4fb3-33ac-9876-e73f0222fb49",
      "schema:email": [
        "rando4x4corse@gmail.com"
      ],
      "schema:telephone": [
        "+33 6 11 54 92 52"
      ],
      "@type": [
        "foaf:Agent",
        "Agent"
      ],
      "foaf:homepage": [
        "https://www.rando4x4corse.com/"
      ]
    }
  ],
  "hasDescription": [
    {
      "@id": "https://data.datatourisme.fr/2a164f21-83bc-305c-9bc0-7c0e49884772",
      "@type": [
        "Description"
      ],
      "hasTranslatedProperty": [
        {
          "@id": "https://data.datatourisme.fr/0153dbed-62b0-3e1e-a06c-c912edb4a806",
          "dc:contributor": [
            "https://api.deepl.com/v2/translate"
          ],
          "rdf:language": [
            "es"
          ],
          "rdf:predicate": [
            "shortDescription"
          ]
        },
        {
          "@id": "https://data.datatourisme.fr/2dbb2f3e-a3ea-3cf1-8814-802cb0a7d3b6",
          "dc:contributor": [
            "https://api.deepl.com/v2/translate"
          ],
          "rdf:language": [
            "nl"
          ],
          "rdf:predicate": [
            "shortDescription"
          ]
        },
        {
          "@id": "https://data.datatourisme.fr/46ddb334-936e-37e8-bcec-b48443275988",
          "dc:contributor": [
            "https://api.deepl.com/v2/translate"
          ],
          "rdf:language": [
            "it"
          ],
          "rdf:predicate": [
            "shortDescription"
          ]
        },
        {
          "@id": "https://data.datatourisme.fr/8d43224a-2c57-30d0-adb1-66325bd26c0d",
          "dc:contributor": [
            "https://api.deepl.com/v2/translate"
          ],
          "rdf:language": [
            "de"
          ],
          "rdf:predicate": [
            "shortDescription"
          ]
        }
      ],
      "shortDescription": {
        "de": [
          "RANDO4x4CORSE nimmt Sie mit auf eine Entdeckungsreise durch eine der schönsten Regionen der Welt, Korsika, wo Sie bequem an Bord unseres Geländewagens sitzen können. Landschaften, Kultur, Gastronomie und paradiesische Orte stehen auf Ihrem Tagesprogramm. Ihre Sinne werden geweckt."
        ],
        "en": [
          "Comfortably seated onboard our 4x4, you will discover one of the most beautiful sites in the world. Corsica. Its landscapes, culture, good food, heavenly places... are on your trip schedule."
        ],
        "it": [
          "Comodamente seduti a bordo della nostra 4x4, RANDO4x4CORSE? vi accompagna alla scoperta di una delle regioni più belle del mondo, la Corsica. Paesaggi, cultura, gastronomia, luoghi paradisiaci sono il programma della vostra giornata. I vostri sensi saranno risvegliati."
        ],
        "fr": [
          "Assis confortablement à bord de notre 4x4, RANDO4x4CORSE﻿ vous embarque à la découverte d'une de plus belle région au monde, la Corse. Paysages, culture, gastronomie, lieux paradisiaques sont au programme de votre journée. Vos sens sont en éveil."
        ],
        "es": [
          "Sentado cómodamente a bordo de nuestro 4x4, RANDO4x4CORSE? le lleva a descubrir una de las regiones más bellas del mundo, Córcega. Paisajes, cultura, gastronomía, lugares paradisíacos están en el programa de su día. Tus sentidos se despertarán."
        ],
        "nl": [
          "Comfortabel gezeten aan boord van onze 4x4, neemt RANDO4x4CORSE u mee op ontdekkingsreis door een van de mooiste streken ter wereld, Corsica. Landschappen, cultuur, gastronomie, paradijselijke plaatsen staan op het programma van uw dag. Je zintuigen worden gewekt."
        ]
      }
    }
  ],
  "hasTheme": [
    {
      "@id": "kb:Buggy",
      "@type": [
        "SportsTheme"
      ],
      "rdfs:label": {
        "de": [
          "Buggy"
        ],
        "pt": [
          "Buggy"
        ],
        "en": [
          "Buggy"
        ],
        "it": [
          "Buggy"
        ],
        "fr": [
          "Buggy"
        ],
        "nl": [
          "Buggy"
        ],
        "es": [
          "Buggy"
        ]
      }
    },
    {
      "@id": "kb:FourWheelDrive",
      "@type": [
        "SportsTheme"
      ],
      "rdfs:label": {
        "de": [
          "4 × 4"
        ],
        "pt": [
          "4 X 4"
        ],
        "en": [
          "Four-wheel drive"
        ],
        "it": [
          "4 × 4"
        ],
        "fr": [
          "4 x 4"
        ],
        "nl": [
          "4 × 4"
        ],
        "es": [
          "4 x 4"
        ]
      }
    }
  ],
  "hasTranslatedProperty": [
    {
      "@id": "https://data.datatourisme.fr/283c4601-7102-3a87-a1c7-2da580138d7b",
      "dc:contributor": [
        "https://api.deepl.com/v2/translate"
      ],
      "rdf:language": [
        "es"
      ],
      "rdf:predicate": [
        {
          "@id": "rdfs:comment"
        }
      ]
    },
    {
      "@id": "https://data.datatourisme.fr/4b435e5f-b5f2-3dcd-ace1-a654a05741d4",
      "dc:contributor": [
        "https://api.deepl.com/v2/translate"
      ],
      "rdf:language": [
        "nl"
      ],
      "rdf:predicate": [
        {
          "@id": "rdfs:comment"
        }
      ]
    },
    {
      "@id": "https://data.datatourisme.fr/54493652-8fdf-31a4-a547-9412d42e315f",
      "dc:contributor": [
        "https://api.deepl.com/v2/translate"
      ],
      "rdf:language": [
        "de"
      ],
      "rdf:predicate": [
        {
          "@id": "rdfs:comment"
        }
      ]
    },
    {
      "@id": "https://data.datatourisme.fr/9303f420-8020-3387-8791-0ec1cd11999e",
      "dc:contributor": [
        "https://api.deepl.com/v2/translate"
      ],
      "rdf:language": [
        "it"
      ],
      "rdf:predicate": [
        {
          "@id": "rdfs:comment"
        }
      ]
    }
  ],
  "isLocatedAt": [
    {
      "@id": "https://data.datatourisme.fr/ff93074b-b21e-39b3-849c-f2ab578e3c17",
      "schema:address": [
        {
          "@id": "https://data.datatourisme.fr/e23d88dd-396d-3175-9d36-0b98a303750f",
          "schema:addressLocality": "Furiani",
          "schema:postalCode": "20600",
          "schema:streetAddress": [
            "49 Lot E Casette"
          ],
          "@type": [
            "schema:PostalAddress",
            "PostalAddress"
          ],
          "hasAddressCity": {
            "@id": "kb:2B120",
            "@type": [
              "City"
            ],
            "rdfs:label": {
              "en": [
                "Furiani"
              ],
              "fr": [
                "Furiani"
              ]
            },
            "insee": "2B120",
            "isPartOfDepartment": {
              "@id": "kb:France942B",
              "@type": [
                "Department"
              ],
              "rdfs:label": {
                "en": [
                  "Haute-Corse"
                ],
                "fr": [
                  "Haute-Corse"
                ]
              },
              "insee": "2B",
              "isPartOfRegion": {
                "@id": "kb:France94",
                "@type": [
                  "Region"
                ],
                "rdfs:label": {
                  "en": [
                    "Corse"
                  ],
                  "fr": [
                    "Corse"
                  ]
                },
                "insee": "94",
                "isPartOfCountry": {
                  "@id": "kb:France",
                  "@type": [
                    "schema:Country"
                  ],
                  "rdfs:label": {
                    "de": [
                      "Frankreich"
                    ],
                    "pt": [
                      "França"
                    ],
                    "en": [
                      "France"
                    ],
                    "it": [
                      "Francia"
                    ],
                    "fr": [
                      "France"
                    ],
                    "nl": [
                      "Frankrijk"
                    ],
                    "es": [
                      "Francia"
                    ]
                  }
                }
              }
            }
          }
        }
      ],
      "schema:geo": {
        "@id": "https://data.datatourisme.fr/dd8f4884-6d57-3320-a17a-50f0ae800f14",
        "schema:latitude": "42.653673",
        "schema:longitude": "9.442084",
        "@type": [
          "schema:GeoCoordinates"
        ]
      },
      "schema:openingHoursSpecification": [
        {
          "@id": "https://data.datatourisme.fr/78011bf2-e45a-33b6-9c21-93641d9c7558",
          "schema:validFrom": "2023-01-01T00:00:00",
          "schema:validThrough": "2023-12-31T23:59:59",
          "@type": [
            "schema:OpeningHoursSpecification"
          ],
          "additionalInformation": {
            "de": [
              "24 Stunden am Tag geöffnet."
            ],
            "en": [
              "Open 24 hours a day."
            ],
            "it": [
              "Aperto 24 ore su 24."
            ],
            "fr": [
              "Ouvert 24h/24."
            ],
            "es": [
              "Abierto las 24 horas."
            ],
            "nl": [
              "24 uur open."
            ]
          },
          "hasTranslatedProperty": [
            {
              "@id": "https://data.datatourisme.fr/2c829c8f-7c3b-3d92-b597-6adb930cfc92",
              "dc:contributor": [
                "https://api.deepl.com/v2/translate"
              ],
              "rdf:language": [
                "en"
              ],
              "rdf:predicate": [
                "additionalInformation"
              ]
            },
            {
              "@id": "https://data.datatourisme.fr/8f572f2d-97d7-3723-b1df-3d20bce1cd75",
              "dc:contributor": [
                "https://api.deepl.com/v2/translate"
              ],
              "rdf:language": [
                "es"
              ],
              "rdf:predicate": [
                "additionalInformation"
              ]
            },
            {
              "@id": "https://data.datatourisme.fr/97bfdb96-f59e-37d5-825f-f3e213c7eda4",
              "dc:contributor": [
                "https://api.deepl.com/v2/translate"
              ],
              "rdf:language": [
                "it"
              ],
              "rdf:predicate": [
                "additionalInformation"
              ]
            },
            {
              "@id": "https://data.datatourisme.fr/cad2b6b4-c748-37c6-b547-97bb48d94b5b",
              "dc:contributor": [
                "https://api.deepl.com/v2/translate"
              ],
              "rdf:language": [
                "nl"
              ],
              "rdf:predicate": [
                "additionalInformation"
              ]
            },
            {
              "@id": "https://data.datatourisme.fr/ce99f383-3e09-348b-a1c7-4b06e3232e83",
              "dc:contributor": [
                "https://api.deepl.com/v2/translate"
              ],
              "rdf:language": [
                "de"
              ],
              "rdf:predicate": [
                "additionalInformation"
              ]
            }
          ]
        }
      ],
      "@type": [
        "schema:Place",
        "Place"
      ]
    }
  ],
  "isOwnedBy": [
    {
      "@id": "https://data.datatourisme.fr/252af22a-253d-33df-b9d7-204832749402",
      "schema:email": [
        "web@ileroussetourisme.com"
      ],
      "schema:legalName": "Office de Tourisme Intercommunal de L'Ile Rousse-Balagne",
      "@type": [
        "schema:Organization",
        "foaf:Agent",
        "Agent"
      ],
      "foaf:homepage": [
        "https://www.balagne-corsica.com/"
      ]
    }
  ],
  "lastUpdate": "2023-01-23",
  "lastUpdateDatatourisme": "2023-02-10T06:39:19.915Z"
}