{
  "@id": "https://data.datatourisme.fr/13/a94cfec5-fdc2-3cff-b77d-8c10ba5c5ebe",
  "dc:identifier": "5382425",
  "@type": [
    "schema:FoodEstablishment",
    "FoodEstablishment",
    "PlaceOfInterest",
    "PointOfInterest"
  ],
  "rdfs:comment": {
    "de": [
      "Lounge-Restaurant am Yachthafen mit einer Speisekarte, die von den exotischsten Weltküchen inspiriert ist!"
    ],
    "en": [
      "Lounge restaurant on the marina offering a menu inspired by the most exotic world cuisines!"
    ],
    "it": [
      "Lounge restaurant sul porto turistico che offre un menu ispirato alle cucine più esotiche del mondo!"
    ],
    "fr": [
      "Restaurant lounge, décor design, ambiance moderne et dynamique. Une carte inspirée des cuisines du monde les plus exotiques ! À partir de 19h, notre espace « Le Pont » vous propose cocktails, tapas et sushis confectionnés en direct par nos Maîtres sushis."
    ],
    "es": [
      "Restaurante lounge, decoración de diseño, ambiente moderno y dinámico. Un menú inspirado en las cocinas más exóticas del mundo A partir de las 19:00 horas, nuestro espacio \"Le Pont\" ofrece cócteles, tapas y sushi elaborados directamente por nuestros Maestros Sushi."
    ],
    "nl": [
      "Lounge restaurant op de jachthaven met een menu geïnspireerd op de meest exotische wereldkeuken!"
    ]
  },
  "rdfs:label": {
    "fr": [
      "Café La Marine"
    ]
  },
  "hasBeenCreatedBy": {
    "@id": "https://data.datatourisme.fr/13/84c6494d-3085-3c63-a55c-db8cb047fadd",
    "dc:identifier": "1738",
    "schema:email": [
      "camillef.omt@gmail.com",
      "direction@destination-sudcorse.com",
      "gestion@destination-sudcorse.com",
      "promotion@destination-sudcorse.com",
      "webmaster@destination-sudcorse.com"
    ],
    "schema:legalName": "Porto Vecchio Tourisme",
    "@type": [
      "schema:Organization",
      "foaf:Agent",
      "Agent"
    ],
    "foaf:homepage": [
      "http://www.ot-portovecchio.com/"
    ]
  },
  "hasBeenPublishedBy": [
    {
      "@id": "https://data.datatourisme.fr/8a9feb4b-2cbd-3d2c-b507-bd6c6776b23b",
      "schema:legalName": "Apidae Tourisme Scic SA - source : Apidae Tourisme",
      "@type": [
        "schema:Organization",
        "foaf:Agent",
        "Agent"
      ],
      "foaf:homepage": [
        "https://www.apidae-tourisme.com/"
      ]
    }
  ],
  "hasContact": [
    {
      "@id": "https://data.datatourisme.fr/0bcb8827-a071-38a1-a5d6-5253218b0d7a",
      "schema:email": [
        "cafelamarine@orange.fr"
      ],
      "schema:telephone": [
        "+33 4 95 70 35 24"
      ],
      "@type": [
        "foaf:Agent",
        "Agent"
      ],
      "foaf:homepage": [
        "http://carte-lamarine.com/"
      ]
    }
  ],
  "hasDescription": [
    {
      "@id": "https://data.datatourisme.fr/587ea628-e85a-3822-9bd3-63c2fc104cd7",
      "@type": [
        "Description"
      ],
      "hasTranslatedProperty": [
        {
          "@id": "https://data.datatourisme.fr/a1ece12f-ae5a-3d71-9737-0d41891a73c9",
          "dc:contributor": [
            "https://api.deepl.com/v2/translate"
          ],
          "rdf:language": [
            "es"
          ],
          "rdf:predicate": [
            "shortDescription"
          ]
        }
      ],
      "shortDescription": {
        "de": [
          "Lounge-Restaurant am Yachthafen mit einer Speisekarte, die von den exotischsten Weltküchen inspiriert ist!"
        ],
        "en": [
          "Lounge restaurant on the marina offering a menu inspired by the most exotic world cuisines!"
        ],
        "it": [
          "Lounge restaurant sul porto turistico che offre un menu ispirato alle cucine più esotiche del mondo!"
        ],
        "fr": [
          "Restaurant lounge, décor design, ambiance moderne et dynamique. Une carte inspirée des cuisines du monde les plus exotiques ! À partir de 19h, notre espace « Le Pont » vous propose cocktails, tapas et sushis confectionnés en direct par nos Maîtres sushis."
        ],
        "es": [
          "Restaurante lounge, decoración de diseño, ambiente moderno y dinámico. Un menú inspirado en las cocinas más exóticas del mundo A partir de las 19:00 horas, nuestro espacio \"Le Pont\" ofrece cócteles, tapas y sushi elaborados directamente por nuestros Maestros Sushi."
        ],
        "nl": [
          "Lounge restaurant op de jachthaven met een menu geïnspireerd op de meest exotische wereldkeuken!"
        ]
      }
    }
  ],
  "hasTheme": [
    {
      "@id": "kb:MediterraneanCuisine",
      "@type": [
        "CuisineCategory"
      ],
      "rdfs:label": {
        "de": [
          "Mediterrane Küche"
        ],
        "pt": [
          "Cozinha mediterrânica"
        ],
        "en": [
          "Mediterranean cuisine"
        ],
        "it": [
          "Cucina mediterranea"
        ],
        "fr": [
          "Cuisine méditerranéenne"
        ],
        "nl": [
          "Mediterrane keuken"
        ],
        "es": [
          "Cocina mediterránea"
        ]
      }
    }
  ],
  "hasTranslatedProperty": [
    {
      "@id": "https://data.datatourisme.fr/b2986f15-1eee-3bcc-b83a-3b796c24a41a",
      "dc:contributor": [
        "https://api.deepl.com/v2/translate"
      ],
      "rdf:language": [
        "es"
      ],
      "rdf:predicate": [
        {
          "@id": "rdfs:comment"
        }
      ]
    }
  ],
  "isLocatedAt": [
    {
      "@id": "https://data.datatourisme.fr/134c05b7-3ea3-3d68-a20c-ee140c2933fb",
      "schema:address": [
        {
          "@id": "https://data.datatourisme.fr/a94595fe-6ee5-3a0d-aa16-360efce916d5",
          "schema:addressLocality": "Porto-Vecchio",
          "schema:postalCode": "20137",
          "schema:streetAddress": [
            "Port de Plaisance",
            "Quai Pascal Paoli"
          ],
          "@type": [
            "schema:PostalAddress",
            "PostalAddress"
          ],
          "hasAddressCity": {
            "@id": "kb:2A247",
            "@type": [
              "City"
            ],
            "rdfs:label": {
              "en": [
                "Porto-Vecchio"
              ],
              "fr": [
                "Porto-Vecchio"
              ]
            },
            "insee": "2A247",
            "isPartOfDepartment": {
              "@id": "kb:France942A",
              "@type": [
                "Department"
              ],
              "rdfs:label": {
                "en": [
                  "Corse-du-Sud"
                ],
                "fr": [
                  "Corse-du-Sud"
                ]
              },
              "insee": "2A",
              "isPartOfRegion": {
                "@id": "kb:France94",
                "@type": [
                  "Region"
                ],
                "rdfs:label": {
                  "en": [
                    "Corse"
                  ],
                  "fr": [
                    "Corse"
                  ]
                },
                "insee": "94",
                "isPartOfCountry": {
                  "@id": "kb:France",
                  "@type": [
                    "schema:Country"
                  ],
                  "rdfs:label": {
                    "de": [
                      "Frankreich"
                    ],
                    "pt": [
                      "França"
                    ],
                    "en": [
                      "France"
                    ],
                    "it": [
                      "Francia"
                    ],
                    "fr": [
                      "France"
                    ],
                    "nl": [
                      "Frankrijk"
                    ],
                    "es": [
                      "Francia"
                    ]
                  }
                }
              }
            }
          }
        }
      ],
      "schema:geo": {
        "@id": "https://data.datatourisme.fr/cd0d90e6-efe1-353f-866f-846401565a86",
        "schema:latitude": "41.589617",
        "schema:longitude": "9.283333",
        "@type": [
          "schema:GeoCoordinates"
        ]
      },
      "schema:openingHoursSpecification": [
        {
          "@id": "https://data.datatourisme.fr/0cb0cb42-dcd4-3793-838c-90f522f16edc",
          "schema:validFrom": "2023-01-01T00:00:00",
          "schema:validThrough": "2023-12-31T23:59:59",
          "@type": [
            "schema:OpeningHoursSpecification"
          ],
          "additionalInformation": {
            "de": [
              "Montags geschlossen vom 10/10 bis zum 30/06\r\nJährlich geschlossen vom 20/12 bis 20/01"
            ],
            "en": [
              "Closed on Monday from 10/10 to 30/06\r\nAnnual closing from 20/12 to 20/01"
            ],
            "it": [
              "Chiuso il lunedì dal 10/10 al 30/06\r\nChiusura annuale dal 20/12 al 20/01"
            ],
            "fr": [
              "Fermé le lundi du 10/10 au 30/06\r\nFermeture annuelle du 20/12 au 20/01"
            ],
            "nl": [
              "Gesloten op maandag van 10/10 tot 30/06\r\nJaarlijkse sluiting van 20/12 tot 20/01"
            ],
            "es": [
              "Cerrado los lunes del 10/10 al 30/06\r\nCierre anual del 20/12 al 20/01"
            ]
          },
          "hasTranslatedProperty": [
            {
              "@id": "https://data.datatourisme.fr/33a576b0-fafd-3acb-a89e-3275e05117d4",
              "dc:contributor": [
                "https://api.deepl.com/v2/translate"
              ],
              "rdf:language": [
                "de"
              ],
              "rdf:predicate": [
                "additionalInformation"
              ]
            },
            {
              "@id": "https://data.datatourisme.fr/4365689b-6a02-3280-9054-6f9aebad7eea",
              "dc:contributor": [
                "https://api.deepl.com/v2/translate"
              ],
              "rdf:language": [
                "es"
              ],
              "rdf:predicate": [
                "additionalInformation"
              ]
            },
            {
              "@id": "https://data.datatourisme.fr/87c63d0f-8826-3558-92f3-bb38a09eb0b4",
              "dc:contributor": [
                "https://api.deepl.com/v2/translate"
              ],
              "rdf:language": [
                "nl"
              ],
              "rdf:predicate": [
                "additionalInformation"
              ]
            },
            {
              "@id": "https://data.datatourisme.fr/c3315f4e-8961-3ca0-92cb-5601e040bf72",
              "dc:contributor": [
                "https://api.deepl.com/v2/translate"
              ],
              "rdf:language": [
                "it"
              ],
              "rdf:predicate": [
                "additionalInformation"
              ]
            },
            {
              "@id": "https://data.datatourisme.fr/fee513bc-a556-3340-8749-c1ae72338753",
              "dc:contributor": [
                "https://api.deepl.com/v2/translate"
              ],
              "rdf:language": [
                "en"
              ],
              "rdf:predicate": [
                "additionalInformation"
              ]
            }
          ]
        }
      ],
      "@type": [
        "schema:Place",
        "Place"
      ]
    }
  ],
  "isOwnedBy": [
    {
      "@id": "https://data.datatourisme.fr/f5f950f9-5eec-32b4-a357-2c969ccf4068",
      "schema:email": [
        "camillef.omt@gmail.com",
        "direction@destination-sudcorse.com",
        "gestion@destination-sudcorse.com",
        "promotion@destination-sudcorse.com",
        "webmaster@destination-sudcorse.com"
      ],
      "schema:legalName": "Porto Vecchio Tourisme",
      "@type": [
        "schema:Organization",
        "foaf:Agent",
        "Agent"
      ],
      "foaf:homepage": [
        "http://www.ot-portovecchio.com/"
      ]
    }
  ],
  "lastUpdate": "2023-02-14",
  "lastUpdateDatatourisme": "2023-02-15T06:38:06.985Z",
  "offers": [
    {
      "@id": "https://data.datatourisme.fr/4a750421-30dc-3733-a809-3610b32f99e4",
      "schema:priceSpecification": [
        {
          "@id": "https://data.datatourisme.fr/3ddeec8b-4ab2-3ecc-bcdf-a553de54a049",
          "schema:maxPrice": [
            "50"
          ],
          "schema:minPrice": [
            "15"
          ],
          "schema:priceCurrency": "EUR",
          "@type": [
            "schema:PriceSpecification",
            "PriceSpecification"
          ],
          "appliesOnPeriod": [
            {
              "@id": "https://data.datatourisme.fr/a425afdf-3594-300b-b55e-1858bafa3fd4",
              "@type": [
                "Period"
              ],
              "endDate": "2023-12-31",
              "startDate": "2023-01-01"
            }
          ]
        }
      ],
      "@type": [
        "schema:Offer",
        "Offer"
      ]
    }
  ],
  "providesCuisineOfType": [
    {
      "@id": "kb:MediterraneanCuisine",
      "@type": [
        "CuisineCategory"
      ],
      "rdfs:label": {
        "de": [
          "Mediterrane Küche"
        ],
        "pt": [
          "Cozinha mediterrânica"
        ],
        "en": [
          "Mediterranean cuisine"
        ],
        "it": [
          "Cucina mediterranea"
        ],
        "fr": [
          "Cuisine méditerranéenne"
        ],
        "nl": [
          "Mediterrane keuken"
        ],
        "es": [
          "Cocina mediterránea"
        ]
      }
    }
  ]
}