{
  "@id": "https://data.datatourisme.fr/13/991b4196-f509-3076-b4cb-d8a242a40bc7",
  "dc:identifier": "5699138",
  "@type": [
    "schema:FoodEstablishment",
    "schema:Winery",
    "BistroOrWineBar",
    "FoodEstablishment",
    "PlaceOfInterest",
    "PointOfInterest",
    "SportsAndLeisurePlace"
  ],
  "rdfs:comment": {
    "de": [
      "Bar-Kabarett, in dem den ganzen Abend lang das Repertoire wechselt, von korsischen Liedern für die Liebhaber der Authentizität bis hin zu französischer und internationaler Vielfalt, und die Zuschauer im Laufe der Nacht auf eine abwechselnd bukolische und wilde Reise mitnimmt."
    ],
    "en": [
      "Bar-cabaret where throughout the evening, the repertoire evolves, from Corsican songs for those who love authenticity, to French and international variety, taking the spectator throughout the night on a journey that is by turns bucolic and wild."
    ],
    "it": [
      "Bar-cabaret dove, nel corso della serata, il repertorio si evolve, dalle canzoni corse per gli amanti dell'autenticità, al varietà francese e internazionale, accompagnando lo spettatore per tutta la notte in un viaggio a tratti bucolico e selvaggio."
    ],
    "fr": [
      "Bar-cabaret où tout au long de la soirée, le répertoire évolue, des chants corses pour les amateurs d’authenticité, à la variété française et internationale, entraînant le spectateur au fil de la nuit dans un voyage tour à tour bucolique et endiablé."
    ],
    "nl": [
      "Bar-cabaret waar gedurende de hele avond het repertoire evolueert, van Corsicaanse liedjes voor de liefhebbers van authenticiteit, tot Franse en internationale variaties, die de toeschouwer gedurende de hele nacht meenemen op een reis die afwisselend bucolisch en wild is."
    ],
    "es": [
      "Bar-cabaret donde a lo largo de la noche, el repertorio evoluciona, desde las canciones corsas para los amantes de la autenticidad, hasta la variedad francesa e internacional, llevando al espectador a lo largo de la noche en un viaje a veces bucólico y a veces salvaje."
    ]
  },
  "rdfs:label": {
    "fr": [
      "L'Alba"
    ]
  },
  "hasBeenCreatedBy": {
    "@id": "https://data.datatourisme.fr/13/84c6494d-3085-3c63-a55c-db8cb047fadd",
    "dc:identifier": "1738",
    "schema:email": [
      "camillef.omt@gmail.com",
      "direction@destination-sudcorse.com",
      "gestion@destination-sudcorse.com",
      "promotion@destination-sudcorse.com",
      "webmaster@destination-sudcorse.com"
    ],
    "schema:legalName": "Porto Vecchio Tourisme",
    "@type": [
      "schema:Organization",
      "foaf:Agent",
      "Agent"
    ],
    "foaf:homepage": [
      "http://www.ot-portovecchio.com/"
    ]
  },
  "hasBeenPublishedBy": [
    {
      "@id": "https://data.datatourisme.fr/8a9feb4b-2cbd-3d2c-b507-bd6c6776b23b",
      "schema:legalName": "Apidae Tourisme Scic SA - source : Apidae Tourisme",
      "@type": [
        "schema:Organization",
        "foaf:Agent",
        "Agent"
      ],
      "foaf:homepage": [
        "https://www.apidae-tourisme.com/"
      ]
    }
  ],
  "hasContact": [
    {
      "@id": "https://data.datatourisme.fr/1d14b2b7-5a36-35a4-930b-0aa6b087deef",
      "schema:email": [
        "casamusicale@hotmail.fr"
      ],
      "schema:telephone": [
        "+33 6 10 73 16 53"
      ],
      "@type": [
        "foaf:Agent",
        "Agent"
      ]
    }
  ],
  "hasDescription": [
    {
      "@id": "https://data.datatourisme.fr/e0e84a9a-27f6-375e-9785-3eace33fa754",
      "@type": [
        "Description"
      ],
      "hasTranslatedProperty": [
        {
          "@id": "https://data.datatourisme.fr/3e0bc3df-dfef-31ec-bf06-c9044cb9fe5d",
          "dc:contributor": [
            "https://api.deepl.com/v2/translate"
          ],
          "rdf:language": [
            "it"
          ],
          "rdf:predicate": [
            "shortDescription"
          ]
        },
        {
          "@id": "https://data.datatourisme.fr/762dff7e-0bc8-3b93-a2aa-8002571fde56",
          "dc:contributor": [
            "https://api.deepl.com/v2/translate"
          ],
          "rdf:language": [
            "es"
          ],
          "rdf:predicate": [
            "shortDescription"
          ]
        },
        {
          "@id": "https://data.datatourisme.fr/9b628543-ba12-3cbb-894a-ac2a130579b5",
          "dc:contributor": [
            "https://api.deepl.com/v2/translate"
          ],
          "rdf:language": [
            "en"
          ],
          "rdf:predicate": [
            "shortDescription"
          ]
        },
        {
          "@id": "https://data.datatourisme.fr/9fedd37c-2205-3124-b1fe-9c4d0857164f",
          "dc:contributor": [
            "https://api.deepl.com/v2/translate"
          ],
          "rdf:language": [
            "de"
          ],
          "rdf:predicate": [
            "shortDescription"
          ]
        },
        {
          "@id": "https://data.datatourisme.fr/a2703a54-5c96-3708-88a5-5ae91398040b",
          "dc:contributor": [
            "https://api.deepl.com/v2/translate"
          ],
          "rdf:language": [
            "nl"
          ],
          "rdf:predicate": [
            "shortDescription"
          ]
        }
      ],
      "shortDescription": {
        "de": [
          "Bar-Kabarett, in dem den ganzen Abend lang das Repertoire wechselt, von korsischen Liedern für die Liebhaber der Authentizität bis hin zu französischer und internationaler Vielfalt, und die Zuschauer im Laufe der Nacht auf eine abwechselnd bukolische und wilde Reise mitnimmt."
        ],
        "en": [
          "Bar-cabaret where throughout the evening, the repertoire evolves, from Corsican songs for those who love authenticity, to French and international variety, taking the spectator throughout the night on a journey that is by turns bucolic and wild."
        ],
        "it": [
          "Bar-cabaret dove, nel corso della serata, il repertorio si evolve, dalle canzoni corse per gli amanti dell'autenticità, al varietà francese e internazionale, accompagnando lo spettatore per tutta la notte in un viaggio a tratti bucolico e selvaggio."
        ],
        "fr": [
          "Bar-cabaret où tout au long de la soirée, le répertoire évolue, des chants corses pour les amateurs d’authenticité, à la variété française et internationale, entraînant le spectateur au fil de la nuit dans un voyage tour à tour bucolique et endiablé."
        ],
        "nl": [
          "Bar-cabaret waar gedurende de hele avond het repertoire evolueert, van Corsicaanse liedjes voor de liefhebbers van authenticiteit, tot Franse en internationale variaties, die de toeschouwer gedurende de hele nacht meenemen op een reis die afwisselend bucolisch en wild is."
        ],
        "es": [
          "Bar-cabaret donde a lo largo de la noche, el repertorio evoluciona, desde las canciones corsas para los amantes de la autenticidad, hasta la variedad francesa e internacional, llevando al espectador a lo largo de la noche en un viaje a veces bucólico y a veces salvaje."
        ]
      }
    }
  ],
  "hasTranslatedProperty": [
    {
      "@id": "https://data.datatourisme.fr/966f198c-eba9-33c0-9987-0965dab694dd",
      "dc:contributor": [
        "https://api.deepl.com/v2/translate"
      ],
      "rdf:language": [
        "en"
      ],
      "rdf:predicate": [
        {
          "@id": "rdfs:comment"
        }
      ]
    },
    {
      "@id": "https://data.datatourisme.fr/a39e49df-683f-3cce-afb4-814bee7ed473",
      "dc:contributor": [
        "https://api.deepl.com/v2/translate"
      ],
      "rdf:language": [
        "nl"
      ],
      "rdf:predicate": [
        {
          "@id": "rdfs:comment"
        }
      ]
    },
    {
      "@id": "https://data.datatourisme.fr/aba5da5a-8f0a-3f97-b46d-29ac53052f78",
      "dc:contributor": [
        "https://api.deepl.com/v2/translate"
      ],
      "rdf:language": [
        "it"
      ],
      "rdf:predicate": [
        {
          "@id": "rdfs:comment"
        }
      ]
    },
    {
      "@id": "https://data.datatourisme.fr/bc07e1bf-9a58-3f23-9481-6b246bbe6b29",
      "dc:contributor": [
        "https://api.deepl.com/v2/translate"
      ],
      "rdf:language": [
        "es"
      ],
      "rdf:predicate": [
        {
          "@id": "rdfs:comment"
        }
      ]
    },
    {
      "@id": "https://data.datatourisme.fr/f9a9cc61-00e3-3770-a1ae-6986e4382da8",
      "dc:contributor": [
        "https://api.deepl.com/v2/translate"
      ],
      "rdf:language": [
        "de"
      ],
      "rdf:predicate": [
        {
          "@id": "rdfs:comment"
        }
      ]
    }
  ],
  "isLocatedAt": [
    {
      "@id": "https://data.datatourisme.fr/30d4b132-4463-32eb-a538-9a6a8254daa5",
      "schema:address": [
        {
          "@id": "https://data.datatourisme.fr/1a12d894-6425-3ba1-a697-fc9b9b66725b",
          "schema:addressLocality": "Porto-Vecchio",
          "schema:postalCode": "20137",
          "schema:streetAddress": [
            "43 rue Borgo",
            "Porte Génoise"
          ],
          "@type": [
            "schema:PostalAddress",
            "PostalAddress"
          ],
          "hasAddressCity": {
            "@id": "kb:2A247",
            "@type": [
              "City"
            ],
            "rdfs:label": {
              "en": [
                "Porto-Vecchio"
              ],
              "fr": [
                "Porto-Vecchio"
              ]
            },
            "insee": "2A247",
            "isPartOfDepartment": {
              "@id": "kb:France942A",
              "@type": [
                "Department"
              ],
              "rdfs:label": {
                "en": [
                  "Corse-du-Sud"
                ],
                "fr": [
                  "Corse-du-Sud"
                ]
              },
              "insee": "2A",
              "isPartOfRegion": {
                "@id": "kb:France94",
                "@type": [
                  "Region"
                ],
                "rdfs:label": {
                  "en": [
                    "Corse"
                  ],
                  "fr": [
                    "Corse"
                  ]
                },
                "insee": "94",
                "isPartOfCountry": {
                  "@id": "kb:France",
                  "@type": [
                    "schema:Country"
                  ],
                  "rdfs:label": {
                    "de": [
                      "Frankreich"
                    ],
                    "pt": [
                      "França"
                    ],
                    "en": [
                      "France"
                    ],
                    "it": [
                      "Francia"
                    ],
                    "fr": [
                      "France"
                    ],
                    "nl": [
                      "Frankrijk"
                    ],
                    "es": [
                      "Francia"
                    ]
                  }
                }
              }
            }
          }
        }
      ],
      "schema:geo": {
        "@id": "https://data.datatourisme.fr/a61edd0d-94d0-32d6-a33f-13e03031b847",
        "schema:latitude": "41.59027",
        "schema:longitude": "9.279853",
        "@type": [
          "schema:GeoCoordinates"
        ]
      },
      "schema:openingHoursSpecification": [
        {
          "@id": "https://data.datatourisme.fr/bb73b8a2-b1ca-362e-8dca-9b64f5e235c4",
          "schema:validFrom": "2023-01-01T00:00:00",
          "schema:validThrough": "2023-12-31T23:59:59",
          "@type": [
            "schema:OpeningHoursSpecification"
          ],
          "additionalInformation": {
            "de": [
              "In der Sommersaison ist die Einrichtung fast jeden Tag geöffnet."
            ],
            "en": [
              "During the summer season, the establishment is open almost every day."
            ],
            "it": [
              "Durante la stagione estiva, lo stabilimento è aperto quasi tutti i giorni."
            ],
            "fr": [
              "En saison estivale, l'établissement est ouvert quasiment tous les jours."
            ],
            "nl": [
              "Tijdens het zomerseizoen is het etablissement bijna elke dag geopend."
            ],
            "es": [
              "Durante la temporada de verano, el establecimiento abre casi todos los días."
            ]
          },
          "hasTranslatedProperty": [
            {
              "@id": "https://data.datatourisme.fr/111c8e93-8552-31da-b8be-7108bcd24144",
              "dc:contributor": [
                "https://api.deepl.com/v2/translate"
              ],
              "rdf:language": [
                "de"
              ],
              "rdf:predicate": [
                "additionalInformation"
              ]
            },
            {
              "@id": "https://data.datatourisme.fr/16f4eb02-defa-3a4b-9a5a-41633b3aa881",
              "dc:contributor": [
                "https://api.deepl.com/v2/translate"
              ],
              "rdf:language": [
                "en"
              ],
              "rdf:predicate": [
                "additionalInformation"
              ]
            },
            {
              "@id": "https://data.datatourisme.fr/19acea72-84b1-3eaf-b1b4-f7da3cfd1189",
              "dc:contributor": [
                "https://api.deepl.com/v2/translate"
              ],
              "rdf:language": [
                "nl"
              ],
              "rdf:predicate": [
                "additionalInformation"
              ]
            },
            {
              "@id": "https://data.datatourisme.fr/394adfa8-03ac-3d1b-a7f1-3ac92e652300",
              "dc:contributor": [
                "https://api.deepl.com/v2/translate"
              ],
              "rdf:language": [
                "es"
              ],
              "rdf:predicate": [
                "additionalInformation"
              ]
            },
            {
              "@id": "https://data.datatourisme.fr/f325a482-942d-39b3-8382-e8fdfd331579",
              "dc:contributor": [
                "https://api.deepl.com/v2/translate"
              ],
              "rdf:language": [
                "it"
              ],
              "rdf:predicate": [
                "additionalInformation"
              ]
            }
          ]
        }
      ],
      "@type": [
        "schema:Place",
        "Place"
      ]
    }
  ],
  "isOwnedBy": [
    {
      "@id": "https://data.datatourisme.fr/f5f950f9-5eec-32b4-a357-2c969ccf4068",
      "schema:email": [
        "camillef.omt@gmail.com",
        "direction@destination-sudcorse.com",
        "gestion@destination-sudcorse.com",
        "promotion@destination-sudcorse.com",
        "webmaster@destination-sudcorse.com"
      ],
      "schema:legalName": "Porto Vecchio Tourisme",
      "@type": [
        "schema:Organization",
        "foaf:Agent",
        "Agent"
      ],
      "foaf:homepage": [
        "http://www.ot-portovecchio.com/"
      ]
    }
  ],
  "lastUpdate": "2023-01-24",
  "lastUpdateDatatourisme": "2023-02-01T18:07:35.617Z"
}