{
  "@id": "https://data.datatourisme.fr/13/81e5386c-ec9a-3a4c-a7dc-9a848dc140e0",
  "dc:identifier": "5606224",
  "@type": [
    "schema:LocalBusiness",
    "CraftsmanShop",
    "PlaceOfInterest",
    "PointOfInterest",
    "Store"
  ],
  "rdfs:comment": {
    "de": [
      "Die bildende Künstlerin und Keramikerin Cathy lädt Sie in ihr Atelier in Calvi ein, um ihre Werke zu entdecken, die aus korsischem Ton, gemischt mit Steingut und Porzellan, hergestellt werden."
    ],
    "en": [
      "Cathy, plastic artist and ceramist, invites you to her studio in Calvi to discover her works made with Corsican clays mixed with stoneware and porcelain."
    ],
    "it": [
      "Cathy, artista e ceramista, vi invita nel suo laboratorio di Calvi per scoprire le sue opere realizzate con argille corse mescolate a gres e porcellane."
    ],
    "fr": [
      "Cathy, artiste plasticienne et céramiste, vous invite dans son atelier à Calvi pour découvrir ses oeuvres réalisées avec des argiles de Corse mêlées à des grès et de la porcelaine."
    ],
    "nl": [
      "Cathy, kunstenares en keramiste, nodigt u uit in haar atelier in Calvi om kennis te maken met haar werken gemaakt met Corsicaanse klei vermengd met steengoed en porselein."
    ],
    "es": [
      "Cathy, artista y ceramista, le invita a su taller de Calvi para descubrir sus obras realizadas con arcillas corsas mezcladas con gres y porcelana."
    ]
  },
  "rdfs:label": {
    "fr": [
      "Cathy Astolfi Céramique & Land-art"
    ]
  },
  "hasBeenCreatedBy": {
    "@id": "https://data.datatourisme.fr/13/e4873aa9-a05c-35ed-8395-61d121516766",
    "dc:identifier": "1646",
    "schema:email": [
      "info@balagne-corsica.com"
    ],
    "schema:legalName": "Office de Tourisme Intercommunal Calvi - Balagne",
    "@type": [
      "schema:Organization",
      "foaf:Agent",
      "Agent"
    ],
    "foaf:homepage": [
      "https://www.balagne-corsica.com/"
    ]
  },
  "hasBeenPublishedBy": [
    {
      "@id": "https://data.datatourisme.fr/8a9feb4b-2cbd-3d2c-b507-bd6c6776b23b",
      "schema:legalName": "Apidae Tourisme Scic SA - source : Apidae Tourisme",
      "@type": [
        "schema:Organization",
        "foaf:Agent",
        "Agent"
      ],
      "foaf:homepage": [
        "https://www.apidae-tourisme.com/"
      ]
    }
  ],
  "hasContact": [
    {
      "@id": "https://data.datatourisme.fr/b808e01d-05c4-35b2-a1a2-85db2f859e9b",
      "schema:telephone": [
        "+33 6 46 21 84 66"
      ],
      "@type": [
        "foaf:Agent",
        "Agent"
      ],
      "foaf:homepage": [
        "https://cathy-astolfi.com/"
      ]
    }
  ],
  "hasDescription": [
    {
      "@id": "https://data.datatourisme.fr/58491b0b-d977-3adf-b5d0-b55082bfeaf0",
      "@type": [
        "Description"
      ],
      "hasTranslatedProperty": [
        {
          "@id": "https://data.datatourisme.fr/0ef13ce3-8de7-3dd9-920c-60cfd2d8b0bb",
          "dc:contributor": [
            "https://api.deepl.com/v2/translate"
          ],
          "rdf:language": [
            "de"
          ],
          "rdf:predicate": [
            "shortDescription"
          ]
        },
        {
          "@id": "https://data.datatourisme.fr/7e40c1b8-fef6-3a54-bde4-44348bc0de82",
          "dc:contributor": [
            "https://api.deepl.com/v2/translate"
          ],
          "rdf:language": [
            "nl"
          ],
          "rdf:predicate": [
            "shortDescription"
          ]
        },
        {
          "@id": "https://data.datatourisme.fr/d02a0f9f-9121-3b3a-9c31-1a598af8a480",
          "dc:contributor": [
            "https://api.deepl.com/v2/translate"
          ],
          "rdf:language": [
            "es"
          ],
          "rdf:predicate": [
            "shortDescription"
          ]
        }
      ],
      "shortDescription": {
        "de": [
          "Die bildende Künstlerin und Keramikerin Cathy lädt Sie in ihr Atelier in Calvi ein, um ihre Werke zu entdecken, die aus korsischem Ton, gemischt mit Steingut und Porzellan, hergestellt werden."
        ],
        "en": [
          "Cathy, plastic artist and ceramist, invites you to her studio in Calvi to discover her works made with Corsican clays mixed with stoneware and porcelain."
        ],
        "it": [
          "Cathy, artista e ceramista, vi invita nel suo laboratorio di Calvi per scoprire le sue opere realizzate con argille corse mescolate a gres e porcellane."
        ],
        "fr": [
          "Cathy, artiste plasticienne et céramiste, vous invite dans son atelier à Calvi pour découvrir ses oeuvres réalisées avec des argiles de Corse mêlées à des grès et de la porcelaine."
        ],
        "nl": [
          "Cathy, kunstenares en keramiste, nodigt u uit in haar atelier in Calvi om kennis te maken met haar werken gemaakt met Corsicaanse klei vermengd met steengoed en porselein."
        ],
        "es": [
          "Cathy, artista y ceramista, le invita a su taller de Calvi para descubrir sus obras realizadas con arcillas corsas mezcladas con gres y porcelana."
        ]
      }
    }
  ],
  "hasTranslatedProperty": [
    {
      "@id": "https://data.datatourisme.fr/41ed5859-cffc-358c-a7f4-1e81ccfd72d7",
      "dc:contributor": [
        "https://api.deepl.com/v2/translate"
      ],
      "rdf:language": [
        "nl"
      ],
      "rdf:predicate": [
        {
          "@id": "rdfs:comment"
        }
      ]
    },
    {
      "@id": "https://data.datatourisme.fr/ae5cd6f5-ebd1-30a6-a39f-53887eb7138b",
      "dc:contributor": [
        "https://api.deepl.com/v2/translate"
      ],
      "rdf:language": [
        "de"
      ],
      "rdf:predicate": [
        {
          "@id": "rdfs:comment"
        }
      ]
    },
    {
      "@id": "https://data.datatourisme.fr/e8c581ff-bc42-3035-884c-162ff942dca0",
      "dc:contributor": [
        "https://api.deepl.com/v2/translate"
      ],
      "rdf:language": [
        "es"
      ],
      "rdf:predicate": [
        {
          "@id": "rdfs:comment"
        }
      ]
    }
  ],
  "isLocatedAt": [
    {
      "@id": "https://data.datatourisme.fr/c0b98ac7-f56e-30e9-b0f4-a9713c0ba180",
      "schema:address": [
        {
          "@id": "https://data.datatourisme.fr/d29cd59e-9996-3ea6-8f23-93202fa7804c",
          "schema:addressLocality": "Calvi",
          "schema:postalCode": "20260",
          "schema:streetAddress": [
            "Immeuble les Remparts",
            "Rue Alsace Lorraine"
          ],
          "@type": [
            "schema:PostalAddress",
            "PostalAddress"
          ],
          "hasAddressCity": {
            "@id": "kb:2B050",
            "@type": [
              "City"
            ],
            "rdfs:label": {
              "en": [
                "Calvi"
              ],
              "fr": [
                "Calvi"
              ]
            },
            "insee": "2B050",
            "isPartOfDepartment": {
              "@id": "kb:France942B",
              "@type": [
                "Department"
              ],
              "rdfs:label": {
                "en": [
                  "Haute-Corse"
                ],
                "fr": [
                  "Haute-Corse"
                ]
              },
              "insee": "2B",
              "isPartOfRegion": {
                "@id": "kb:France94",
                "@type": [
                  "Region"
                ],
                "rdfs:label": {
                  "en": [
                    "Corse"
                  ],
                  "fr": [
                    "Corse"
                  ]
                },
                "insee": "94",
                "isPartOfCountry": {
                  "@id": "kb:France",
                  "@type": [
                    "schema:Country"
                  ],
                  "rdfs:label": {
                    "de": [
                      "Frankreich"
                    ],
                    "pt": [
                      "França"
                    ],
                    "en": [
                      "France"
                    ],
                    "it": [
                      "Francia"
                    ],
                    "fr": [
                      "France"
                    ],
                    "nl": [
                      "Frankrijk"
                    ],
                    "es": [
                      "Francia"
                    ]
                  }
                }
              }
            }
          }
        }
      ],
      "schema:geo": {
        "@id": "https://data.datatourisme.fr/e2a9af2e-d987-3661-ba61-7bcba43d367d",
        "schema:latitude": "42.567366",
        "schema:longitude": "8.758566",
        "@type": [
          "schema:GeoCoordinates"
        ]
      },
      "schema:openingHoursSpecification": [
        {
          "@id": "https://data.datatourisme.fr/57551d53-c638-35d3-a8b2-a5d6184fc45c",
          "schema:validFrom": "2023-01-01T00:00:00",
          "schema:validThrough": "2023-12-31T23:59:59",
          "@type": [
            "schema:OpeningHoursSpecification"
          ],
          "additionalInformation": {
            "de": [
              "Im August: Montag bis Freitag von 10:00 bis 13:00 Uhr; an Wochenenden und zu anderen Zeiten nur nach Vereinbarung"
            ],
            "en": [
              "In August: from 10am to 1pm Monday to Friday; weekends and other times by appointment only"
            ],
            "it": [
              "In agosto: dalle 10.00 alle 13.00 dal lunedì al venerdì; nei fine settimana e in altri orari solo su appuntamento"
            ],
            "fr": [
              "En août : de 10h à 13h du lundi au vendredi; les week-end et autres horaires sur RDV uniquement"
            ],
            "nl": [
              "In augustus: 10 tot 13 uur van maandag tot vrijdag; weekends en andere tijden alleen op afspraak"
            ],
            "es": [
              "En agosto: de 10 a 13 horas de lunes a viernes; fines de semana y otros horarios sólo con cita previa"
            ]
          },
          "hasTranslatedProperty": [
            {
              "@id": "https://data.datatourisme.fr/1dfa7f76-ae14-3599-900c-4d1e293f7c0c",
              "dc:contributor": [
                "https://api.deepl.com/v2/translate"
              ],
              "rdf:language": [
                "de"
              ],
              "rdf:predicate": [
                "additionalInformation"
              ]
            },
            {
              "@id": "https://data.datatourisme.fr/338b1b5f-d396-3cdc-a23e-fe65bda6f9bd",
              "dc:contributor": [
                "https://api.deepl.com/v2/translate"
              ],
              "rdf:language": [
                "es"
              ],
              "rdf:predicate": [
                "additionalInformation"
              ]
            },
            {
              "@id": "https://data.datatourisme.fr/6456241d-4417-3616-afda-69d617aa7548",
              "dc:contributor": [
                "https://api.deepl.com/v2/translate"
              ],
              "rdf:language": [
                "it"
              ],
              "rdf:predicate": [
                "additionalInformation"
              ]
            },
            {
              "@id": "https://data.datatourisme.fr/881a491f-5557-3509-8112-d55ebb69283f",
              "dc:contributor": [
                "https://api.deepl.com/v2/translate"
              ],
              "rdf:language": [
                "nl"
              ],
              "rdf:predicate": [
                "additionalInformation"
              ]
            },
            {
              "@id": "https://data.datatourisme.fr/a4a32fa2-31ac-363a-b8a2-cd51a14c3c05",
              "dc:contributor": [
                "https://api.deepl.com/v2/translate"
              ],
              "rdf:language": [
                "en"
              ],
              "rdf:predicate": [
                "additionalInformation"
              ]
            }
          ]
        }
      ],
      "@type": [
        "schema:Place",
        "Place"
      ]
    }
  ],
  "isOwnedBy": [
    {
      "@id": "https://data.datatourisme.fr/194c52e6-bbae-33dc-8464-caca97844fbb",
      "schema:email": [
        "info@balagne-corsica.com"
      ],
      "schema:legalName": "Office de Tourisme Intercommunal Calvi - Balagne",
      "@type": [
        "schema:Organization",
        "foaf:Agent",
        "Agent"
      ],
      "foaf:homepage": [
        "https://www.balagne-corsica.com/"
      ]
    }
  ],
  "lastUpdate": "2022-06-02",
  "lastUpdateDatatourisme": "2023-02-01T18:07:35.956Z"
}