{
  "@id": "https://data.datatourisme.fr/13/9b0674f7-8c70-332c-bd80-ae961f203362",
  "dc:identifier": "4935747",
  "@type": [
    "schema:Accommodation",
    "schema:Hotel",
    "schema:LodgingBusiness",
    "Accommodation",
    "Hotel",
    "HotelTrade",
    "PlaceOfInterest",
    "PointOfInterest"
  ],
  "rdfs:comment": {
    "de": [
      "Das Hotel Le Grillon mit einem guten Preis-Leistungs-Verhältnis liegt in der Nähe der Strände und des Stadtzentrums. Für Ihren Komfort wurden die Zimmer kürzlich renoviert. Frühstücksservice (frische und hausgemachte Produkte)."
    ],
    "en": [
      "This friendly hotel, located near the beaches and town center, offers comfortable newly renovated rooms at attractive prices. Breakfast service, fresh and home made food."
    ],
    "it": [
      "L'hotel Le Grillon offre un buon rapporto qualità-prezzo e si trova vicino alle spiagge e al centro della città. Per il vostro comfort, le camere sono state rinnovate di recente. Servizio di prima colazione (prodotti freschi e fatti in casa)."
    ],
    "fr": [
      "L'hôtel Le Grillon de bon rapport qualité prix est situé à proximité des plages et du centre ville. Pour votre confort, les chambres ont été rénovées récemment. Service petit déjeuner (produits frais et maison)."
    ],
    "nl": [
      "Het hotel Le Grillon biedt een goede prijs-kwaliteitverhouding en ligt dicht bij de stranden en het stadscentrum. Voor uw comfort zijn de kamers onlangs gerenoveerd. Ontbijtservice (verse en zelfgemaakte producten)."
    ],
    "es": [
      "El hotel Le Grillon ofrece una buena relación calidad-precio y está situado cerca de las playas y del centro de la ciudad. Para su comodidad, las habitaciones han sido renovadas recientemente. Servicio de desayuno (productos frescos y caseros)."
    ]
  },
  "rdfs:label": {
    "fr": [
      "Le Grillon"
    ]
  },
  "hasBeenCreatedBy": {
    "@id": "https://data.datatourisme.fr/13/8d420fa3-5754-31f1-8199-69c88780314d",
    "dc:identifier": "1647",
    "schema:email": [
      "web@ileroussetourisme.com"
    ],
    "schema:legalName": "Office de Tourisme Intercommunal de L'Ile Rousse-Balagne",
    "@type": [
      "schema:Organization",
      "foaf:Agent",
      "Agent"
    ],
    "foaf:homepage": [
      "https://www.balagne-corsica.com/"
    ]
  },
  "hasBeenPublishedBy": [
    {
      "@id": "https://data.datatourisme.fr/8a9feb4b-2cbd-3d2c-b507-bd6c6776b23b",
      "schema:legalName": "Apidae Tourisme Scic SA - source : Apidae Tourisme",
      "@type": [
        "schema:Organization",
        "foaf:Agent",
        "Agent"
      ],
      "foaf:homepage": [
        "https://www.apidae-tourisme.com/"
      ]
    }
  ],
  "hasContact": [
    {
      "@id": "https://data.datatourisme.fr/55accd7c-57ba-3702-a208-06df9c347e96",
      "schema:email": [
        "hr-le-grillon@wanadoo.fr"
      ],
      "schema:telephone": [
        "+33 4 95 60 00 49"
      ],
      "@type": [
        "foaf:Agent",
        "Agent"
      ],
      "foaf:homepage": [
        "https://www.hotelgrillon.com/"
      ]
    }
  ],
  "hasDescription": [
    {
      "@id": "https://data.datatourisme.fr/37fbb37c-8372-35b8-b0c8-c86fd3266c4d",
      "@type": [
        "Description"
      ],
      "hasTranslatedProperty": [
        {
          "@id": "https://data.datatourisme.fr/14342543-ac56-3b98-bf35-f4cc900b3f66",
          "dc:contributor": [
            "https://api.deepl.com/v2/translate"
          ],
          "rdf:language": [
            "es"
          ],
          "rdf:predicate": [
            "shortDescription"
          ]
        },
        {
          "@id": "https://data.datatourisme.fr/3c1d88b2-6acb-3ebc-91a3-39726da39388",
          "dc:contributor": [
            "https://api.deepl.com/v2/translate"
          ],
          "rdf:language": [
            "de"
          ],
          "rdf:predicate": [
            "shortDescription"
          ]
        },
        {
          "@id": "https://data.datatourisme.fr/4b09fe9a-250e-37ea-9d92-5a90bd4f06fe",
          "dc:contributor": [
            "https://api.deepl.com/v2/translate"
          ],
          "rdf:language": [
            "nl"
          ],
          "rdf:predicate": [
            "shortDescription"
          ]
        }
      ],
      "shortDescription": {
        "de": [
          "Das Hotel Le Grillon mit einem guten Preis-Leistungs-Verhältnis liegt in der Nähe der Strände und des Stadtzentrums. Für Ihren Komfort wurden die Zimmer kürzlich renoviert. Frühstücksservice (frische und hausgemachte Produkte)."
        ],
        "en": [
          "This friendly hotel, located near the beaches and town center, offers comfortable newly renovated rooms at attractive prices. Breakfast service, fresh and home made food."
        ],
        "it": [
          "L'hotel Le Grillon offre un buon rapporto qualità-prezzo e si trova vicino alle spiagge e al centro della città. Per il vostro comfort, le camere sono state rinnovate di recente. Servizio di prima colazione (prodotti freschi e fatti in casa)."
        ],
        "fr": [
          "L'hôtel Le Grillon de bon rapport qualité prix est situé à proximité des plages et du centre ville. Pour votre confort, les chambres ont été rénovées récemment. Service petit déjeuner (produits frais et maison)."
        ],
        "nl": [
          "Het hotel Le Grillon biedt een goede prijs-kwaliteitverhouding en ligt dicht bij de stranden en het stadscentrum. Voor uw comfort zijn de kamers onlangs gerenoveerd. Ontbijtservice (verse en zelfgemaakte producten)."
        ],
        "es": [
          "El hotel Le Grillon ofrece una buena relación calidad-precio y está situado cerca de las playas y del centro de la ciudad. Para su comodidad, las habitaciones han sido renovadas recientemente. Servicio de desayuno (productos frescos y caseros)."
        ]
      }
    }
  ],
  "hasTranslatedProperty": [
    {
      "@id": "https://data.datatourisme.fr/3ec22ee3-a395-303a-8a56-2732511db14f",
      "dc:contributor": [
        "https://api.deepl.com/v2/translate"
      ],
      "rdf:language": [
        "nl"
      ],
      "rdf:predicate": [
        {
          "@id": "rdfs:comment"
        }
      ]
    },
    {
      "@id": "https://data.datatourisme.fr/8c460fba-e4af-3a2e-9a6c-b6a74a66c28d",
      "dc:contributor": [
        "https://api.deepl.com/v2/translate"
      ],
      "rdf:language": [
        "es"
      ],
      "rdf:predicate": [
        {
          "@id": "rdfs:comment"
        }
      ]
    },
    {
      "@id": "https://data.datatourisme.fr/e335ca8d-11a5-3bda-9d5b-8ed9741b0aed",
      "dc:contributor": [
        "https://api.deepl.com/v2/translate"
      ],
      "rdf:language": [
        "de"
      ],
      "rdf:predicate": [
        {
          "@id": "rdfs:comment"
        }
      ]
    }
  ],
  "isLocatedAt": [
    {
      "@id": "https://data.datatourisme.fr/3771f6cd-8a2b-3b43-9163-53a6dc78327a",
      "schema:address": [
        {
          "@id": "https://data.datatourisme.fr/bcde1cf3-1c5e-38bb-8b96-04f91402aa89",
          "schema:addressLocality": "L'Île-Rousse",
          "schema:postalCode": "20220",
          "schema:streetAddress": [
            "Avenue Paul Doumer"
          ],
          "@type": [
            "schema:PostalAddress",
            "PostalAddress"
          ],
          "hasAddressCity": {
            "@id": "kb:2B134",
            "@type": [
              "City"
            ],
            "rdfs:label": {
              "en": [
                "L'Île-Rousse"
              ],
              "fr": [
                "L'Île-Rousse"
              ]
            },
            "insee": "2B134",
            "isPartOfDepartment": {
              "@id": "kb:France942B",
              "@type": [
                "Department"
              ],
              "rdfs:label": {
                "en": [
                  "Haute-Corse"
                ],
                "fr": [
                  "Haute-Corse"
                ]
              },
              "insee": "2B",
              "isPartOfRegion": {
                "@id": "kb:France94",
                "@type": [
                  "Region"
                ],
                "rdfs:label": {
                  "en": [
                    "Corse"
                  ],
                  "fr": [
                    "Corse"
                  ]
                },
                "insee": "94",
                "isPartOfCountry": {
                  "@id": "kb:France",
                  "@type": [
                    "schema:Country"
                  ],
                  "rdfs:label": {
                    "de": [
                      "Frankreich"
                    ],
                    "pt": [
                      "França"
                    ],
                    "en": [
                      "France"
                    ],
                    "it": [
                      "Francia"
                    ],
                    "fr": [
                      "France"
                    ],
                    "nl": [
                      "Frankrijk"
                    ],
                    "es": [
                      "Francia"
                    ]
                  }
                }
              }
            }
          }
        }
      ],
      "schema:geo": {
        "@id": "https://data.datatourisme.fr/ab258c4e-a0eb-3451-a1d9-8cf5216f9c2b",
        "schema:latitude": "42.632424",
        "schema:longitude": "8.940731",
        "@type": [
          "schema:GeoCoordinates"
        ]
      },
      "schema:openingHoursSpecification": [
        {
          "@id": "https://data.datatourisme.fr/adc93acb-35b3-388f-ad04-4fedd3a282ba",
          "schema:closes": "21:00:00",
          "schema:opens": "07:30:00",
          "schema:validFrom": "2023-04-01T00:00:00",
          "schema:validThrough": "2023-11-01T23:59:59",
          "@type": [
            "schema:OpeningHoursSpecification"
          ]
        }
      ],
      "@type": [
        "schema:Place",
        "Place"
      ]
    }
  ],
  "isOwnedBy": [
    {
      "@id": "https://data.datatourisme.fr/252af22a-253d-33df-b9d7-204832749402",
      "schema:email": [
        "web@ileroussetourisme.com"
      ],
      "schema:legalName": "Office de Tourisme Intercommunal de L'Ile Rousse-Balagne",
      "@type": [
        "schema:Organization",
        "foaf:Agent",
        "Agent"
      ],
      "foaf:homepage": [
        "https://www.balagne-corsica.com/"
      ]
    }
  ],
  "lastUpdate": "2023-02-15",
  "lastUpdateDatatourisme": "2023-02-16T06:39:42.011Z",
  "offers": [
    {
      "@id": "https://data.datatourisme.fr/3807d818-2d81-320d-92bb-4b8e926e3cca",
      "schema:priceSpecification": [
        {
          "@id": "https://data.datatourisme.fr/5e906f9c-5110-3f2a-80bb-0d5a1aca29f1",
          "schema:minPrice": [
            "45"
          ],
          "schema:priceCurrency": "EUR",
          "@type": [
            "schema:PriceSpecification",
            "PriceSpecification"
          ],
          "appliesOnPeriod": [
            {
              "@id": "https://data.datatourisme.fr/fbbba86d-d789-37bc-958a-0061be3a714f",
              "@type": [
                "Period"
              ],
              "endDate": "2023-11-01",
              "startDate": "2023-04-01"
            }
          ]
        }
      ],
      "@type": [
        "schema:Offer",
        "Offer"
      ]
    }
  ]
}