{
  "@id": "https://data.datatourisme.fr/13/3c44503f-33f9-3825-86eb-004b884153ff",
  "dc:identifier": "5005936",
  "@type": [
    "schema:LocalBusiness",
    "PlaceOfInterest",
    "PointOfInterest",
    "SightseeingBoat",
    "SportsAndLeisurePlace"
  ],
  "rdfs:comment": {
    "de": [
      "Mieten Sie ein Segelboot mit Kapitän Skipper in Calvi oder l'Île-Rousse auf Korsika.\r\nGehen Sie an Bord eines Segelbootes und erleben Sie einen unvergesslichen Segeltörn!"
    ],
    "en": [
      "Sailboat rental with skipper in Calvi, Corsica... time to escape, to relax and to enjoy! Come aboard Hiva-Oa, and live at the rhythm of the sea for a day or a week."
    ],
    "it": [
      "Noleggio di barche a vela con skipper a Calvi, in Corsica... tempo di evasione, di relax e di divertimento! Salite a bordo dell'Hiva-Oa e vivete al ritmo del mare per un giorno o una settimana."
    ],
    "fr": [
      "Location de voilier avec Capitaine  Skipper à Calvi ou l’Île-Rousse en Corse.\r\nEmbarquer pour une sortie en voilier en mer à la journée en voilier pour vivre une promenade en mer inoubliable !"
    ],
    "nl": [
      "Zeilbootverhuur bij Capitaine Skipper in Calvi of Ile-Rousse op Corsica.\r\nMaak een dagtocht op een zeilboot om een onvergetelijke zeetocht te beleven!"
    ],
    "es": [
      "Alquiler de veleros con Capitaine Skipper en Calvi o Ile-Rousse en Córcega.\r\nEmbárquese en una excursión de un día en un velero para vivir una experiencia marítima inolvidable"
    ]
  },
  "rdfs:label": {
    "en": [
      "Voyage à voile"
    ],
    "it": [
      "Voyage à voile"
    ],
    "fr": [
      "Voyage à voile"
    ]
  },
  "hasBeenCreatedBy": {
    "@id": "https://data.datatourisme.fr/13/e4873aa9-a05c-35ed-8395-61d121516766",
    "dc:identifier": "1646",
    "schema:email": [
      "info@balagne-corsica.com"
    ],
    "schema:legalName": "Office de Tourisme Intercommunal Calvi - Balagne",
    "@type": [
      "schema:Organization",
      "foaf:Agent",
      "Agent"
    ],
    "foaf:homepage": [
      "https://www.balagne-corsica.com/"
    ]
  },
  "hasBeenPublishedBy": [
    {
      "@id": "https://data.datatourisme.fr/8a9feb4b-2cbd-3d2c-b507-bd6c6776b23b",
      "schema:legalName": "Apidae Tourisme Scic SA - source : Apidae Tourisme",
      "@type": [
        "schema:Organization",
        "foaf:Agent",
        "Agent"
      ],
      "foaf:homepage": [
        "https://www.apidae-tourisme.com/"
      ]
    }
  ],
  "hasContact": [
    {
      "@id": "https://data.datatourisme.fr/99e2c279-fb3d-33dd-99fa-e74dd0c6d46a",
      "schema:email": [
        "christophepoirat@gmail.com"
      ],
      "schema:telephone": [
        "+33 6 87 49 24 04"
      ],
      "@type": [
        "foaf:Agent",
        "Agent"
      ],
      "foaf:homepage": [
        "https://www.voyageavoile.com/"
      ]
    }
  ],
  "hasDescription": [
    {
      "@id": "https://data.datatourisme.fr/8bf0bf9c-90b1-319f-9a29-242c88758701",
      "@type": [
        "Description"
      ],
      "hasTranslatedProperty": [
        {
          "@id": "https://data.datatourisme.fr/81350116-bfbb-3b5a-b703-0d7c32e712cb",
          "dc:contributor": [
            "https://api.deepl.com/v2/translate"
          ],
          "rdf:language": [
            "nl"
          ],
          "rdf:predicate": [
            "shortDescription"
          ]
        },
        {
          "@id": "https://data.datatourisme.fr/890b4cb4-a07e-3217-9d3a-93d787b1ecf9",
          "dc:contributor": [
            "https://api.deepl.com/v2/translate"
          ],
          "rdf:language": [
            "es"
          ],
          "rdf:predicate": [
            "shortDescription"
          ]
        },
        {
          "@id": "https://data.datatourisme.fr/92fdbb30-81f1-39e7-a31f-66fb25c1de13",
          "dc:contributor": [
            "https://api.deepl.com/v2/translate"
          ],
          "rdf:language": [
            "de"
          ],
          "rdf:predicate": [
            "shortDescription"
          ]
        }
      ],
      "shortDescription": {
        "de": [
          "Mieten Sie ein Segelboot mit Kapitän Skipper in Calvi oder l'Île-Rousse auf Korsika.\r\nGehen Sie an Bord eines Segelbootes und erleben Sie einen unvergesslichen Segeltörn!"
        ],
        "en": [
          "Sailboat rental with skipper in Calvi, Corsica... time to escape, to relax and to enjoy! Come aboard Hiva-Oa, and live at the rhythm of the sea for a day or a week."
        ],
        "it": [
          "Noleggio di barche a vela con skipper a Calvi, in Corsica... tempo di evasione, di relax e di divertimento! Salite a bordo dell'Hiva-Oa e vivete al ritmo del mare per un giorno o una settimana."
        ],
        "fr": [
          "Location de voilier avec Capitaine  Skipper à Calvi ou l’Île-Rousse en Corse.\r\nEmbarquer pour une sortie en voilier en mer à la journée en voilier pour vivre une promenade en mer inoubliable !"
        ],
        "nl": [
          "Zeilbootverhuur bij Capitaine Skipper in Calvi of Ile-Rousse op Corsica.\r\nMaak een dagtocht op een zeilboot om een onvergetelijke zeetocht te beleven!"
        ],
        "es": [
          "Alquiler de veleros con Capitaine Skipper en Calvi o Ile-Rousse en Córcega.\r\nEmbárquese en una excursión de un día en un velero para vivir una experiencia marítima inolvidable"
        ]
      }
    }
  ],
  "hasTranslatedProperty": [
    {
      "@id": "https://data.datatourisme.fr/02cae653-5295-324b-9cf1-c20dfa69bbcb",
      "dc:contributor": [
        "https://api.deepl.com/v2/translate"
      ],
      "rdf:language": [
        "es"
      ],
      "rdf:predicate": [
        {
          "@id": "rdfs:comment"
        }
      ]
    },
    {
      "@id": "https://data.datatourisme.fr/e43c55d6-09ad-3613-9f80-deb4630ecb14",
      "dc:contributor": [
        "https://api.deepl.com/v2/translate"
      ],
      "rdf:language": [
        "de"
      ],
      "rdf:predicate": [
        {
          "@id": "rdfs:comment"
        }
      ]
    },
    {
      "@id": "https://data.datatourisme.fr/f229c8a5-e774-3bbb-a23c-fe5d2f972783",
      "dc:contributor": [
        "https://api.deepl.com/v2/translate"
      ],
      "rdf:language": [
        "nl"
      ],
      "rdf:predicate": [
        {
          "@id": "rdfs:comment"
        }
      ]
    }
  ],
  "isLocatedAt": [
    {
      "@id": "https://data.datatourisme.fr/a81b3e92-da1b-3ec5-8a98-1ef5501c7614",
      "schema:address": [
        {
          "@id": "https://data.datatourisme.fr/fb11d4ad-2908-39dc-9cfc-a3389d1f3d87",
          "schema:addressLocality": "Calvi",
          "schema:postalCode": "20260",
          "@type": [
            "schema:PostalAddress",
            "PostalAddress"
          ],
          "hasAddressCity": {
            "@id": "kb:2B050",
            "@type": [
              "City"
            ],
            "rdfs:label": {
              "en": [
                "Calvi"
              ],
              "fr": [
                "Calvi"
              ]
            },
            "insee": "2B050",
            "isPartOfDepartment": {
              "@id": "kb:France942B",
              "@type": [
                "Department"
              ],
              "rdfs:label": {
                "en": [
                  "Haute-Corse"
                ],
                "fr": [
                  "Haute-Corse"
                ]
              },
              "insee": "2B",
              "isPartOfRegion": {
                "@id": "kb:France94",
                "@type": [
                  "Region"
                ],
                "rdfs:label": {
                  "en": [
                    "Corse"
                  ],
                  "fr": [
                    "Corse"
                  ]
                },
                "insee": "94",
                "isPartOfCountry": {
                  "@id": "kb:France",
                  "@type": [
                    "schema:Country"
                  ],
                  "rdfs:label": {
                    "de": [
                      "Frankreich"
                    ],
                    "pt": [
                      "França"
                    ],
                    "en": [
                      "France"
                    ],
                    "it": [
                      "Francia"
                    ],
                    "fr": [
                      "France"
                    ],
                    "nl": [
                      "Frankrijk"
                    ],
                    "es": [
                      "Francia"
                    ]
                  }
                }
              }
            }
          }
        }
      ],
      "schema:geo": {
        "@id": "https://data.datatourisme.fr/90b74e9c-47b5-34aa-a59c-d75810f46173",
        "schema:latitude": "42.565196",
        "schema:longitude": "8.756928",
        "@type": [
          "schema:GeoCoordinates"
        ]
      },
      "schema:openingHoursSpecification": [
        {
          "@id": "https://data.datatourisme.fr/f5bccb50-1e10-311b-ad53-c82f7a641208",
          "schema:validFrom": "2023-04-01T00:00:00",
          "schema:validThrough": "2023-11-15T23:59:59",
          "@type": [
            "schema:OpeningHoursSpecification"
          ],
          "additionalInformation": {
            "de": [
              "Zeitraum zur Orientierung - genaue Daten werden noch bestätigt"
            ],
            "en": [
              "Indicative period - Specific dates to be confirmed"
            ],
            "it": [
              "Periodo indicativo - date precise da confermare"
            ],
            "fr": [
              "Période à titre indicatif - Dates précises à confirmer"
            ],
            "es": [
              "Periodo indicativo - fechas precisas por confirmar"
            ],
            "nl": [
              "Indicatieve periode - precieze data nog te bevestigen"
            ]
          },
          "hasTranslatedProperty": [
            {
              "@id": "https://data.datatourisme.fr/0781ec8d-fd14-3aca-9eec-34aa12f6b536",
              "dc:contributor": [
                "https://api.deepl.com/v2/translate"
              ],
              "rdf:language": [
                "it"
              ],
              "rdf:predicate": [
                "additionalInformation"
              ]
            },
            {
              "@id": "https://data.datatourisme.fr/1d66e9ae-5489-3d07-9182-8a91733a33c5",
              "dc:contributor": [
                "https://api.deepl.com/v2/translate"
              ],
              "rdf:language": [
                "nl"
              ],
              "rdf:predicate": [
                "additionalInformation"
              ]
            },
            {
              "@id": "https://data.datatourisme.fr/27cf8fcf-6d15-377c-9055-5701c3680bef",
              "dc:contributor": [
                "https://api.deepl.com/v2/translate"
              ],
              "rdf:language": [
                "es"
              ],
              "rdf:predicate": [
                "additionalInformation"
              ]
            },
            {
              "@id": "https://data.datatourisme.fr/c06e2305-c09e-359b-9250-360850b6555e",
              "dc:contributor": [
                "https://api.deepl.com/v2/translate"
              ],
              "rdf:language": [
                "en"
              ],
              "rdf:predicate": [
                "additionalInformation"
              ]
            },
            {
              "@id": "https://data.datatourisme.fr/e04cf7b1-e449-3eb4-bf17-bb62b6386a23",
              "dc:contributor": [
                "https://api.deepl.com/v2/translate"
              ],
              "rdf:language": [
                "de"
              ],
              "rdf:predicate": [
                "additionalInformation"
              ]
            }
          ]
        }
      ],
      "@type": [
        "schema:Place",
        "Place"
      ]
    }
  ],
  "isOwnedBy": [
    {
      "@id": "https://data.datatourisme.fr/194c52e6-bbae-33dc-8464-caca97844fbb",
      "schema:email": [
        "info@balagne-corsica.com"
      ],
      "schema:legalName": "Office de Tourisme Intercommunal Calvi - Balagne",
      "@type": [
        "schema:Organization",
        "foaf:Agent",
        "Agent"
      ],
      "foaf:homepage": [
        "https://www.balagne-corsica.com/"
      ]
    }
  ],
  "lastUpdate": "2022-08-11",
  "lastUpdateDatatourisme": "2023-02-01T18:07:35.94Z"
}