{
  "@id": "https://data.datatourisme.fr/13/3ca7be2d-df27-342c-8107-f8e516061ae7",
  "dc:identifier": "5097652",
  "@type": [
    "schema:LocalBusiness",
    "EquestrianCenter",
    "PlaceOfInterest",
    "PointOfInterest",
    "SportsAndLeisurePlace"
  ],
  "rdfs:comment": {
    "de": [
      "Entdecken Sie die Freude am Reiten im Reitzentrum von Balagne in der Nähe von Calvi auf Korsika."
    ],
    "en": [
      "Discover the joys of riding in Corsica, at Balagne riding stables near Calvi."
    ],
    "it": [
      "Vieni a scoprire il piacere di cavalcare al centro ippico di Balagne vicino a Calvi in ​​Corsica."
    ],
    "fr": [
      "Venez découvrir le plaisir de l'équitation au centre équestre de Balagne près de Calvi en Corse."
    ],
    "es": [
      "Venga a descubrir el placer de la equitación en el centro ecuestre de Balagne, cerca de Calvi, en Córcega."
    ],
    "nl": [
      "Kom en ontdek het plezier van paardrijden in de manege Balagne bij Calvi op Corsica."
    ]
  },
  "rdfs:label": {
    "en": [
      "Balagne Equestrian Center"
    ],
    "it": [
      "Centro ippico della Balagne"
    ],
    "fr": [
      "Centre équestre de Balagne"
    ]
  },
  "hasBeenCreatedBy": {
    "@id": "https://data.datatourisme.fr/13/e4873aa9-a05c-35ed-8395-61d121516766",
    "dc:identifier": "1646",
    "schema:email": [
      "info@balagne-corsica.com"
    ],
    "schema:legalName": "Office de Tourisme Intercommunal Calvi - Balagne",
    "@type": [
      "schema:Organization",
      "foaf:Agent",
      "Agent"
    ],
    "foaf:homepage": [
      "https://www.balagne-corsica.com/"
    ]
  },
  "hasBeenPublishedBy": [
    {
      "@id": "https://data.datatourisme.fr/8a9feb4b-2cbd-3d2c-b507-bd6c6776b23b",
      "schema:legalName": "Apidae Tourisme Scic SA - source : Apidae Tourisme",
      "@type": [
        "schema:Organization",
        "foaf:Agent",
        "Agent"
      ],
      "foaf:homepage": [
        "https://www.apidae-tourisme.com/"
      ]
    }
  ],
  "hasContact": [
    {
      "@id": "https://data.datatourisme.fr/19cb0bfc-55ce-384c-b51d-52a64e543f2b",
      "schema:email": [
        "mireille.ouvrier-buffet@wanadoo.fr"
      ],
      "schema:telephone": [
        "+33 4 95 60 66 66",
        "+33 6 13 42 27 62"
      ],
      "@type": [
        "foaf:Agent",
        "Agent"
      ]
    }
  ],
  "hasDescription": [
    {
      "@id": "https://data.datatourisme.fr/bfda1171-5e77-3d2d-b78d-43d9bb1c670f",
      "@type": [
        "Description"
      ],
      "hasTranslatedProperty": [
        {
          "@id": "https://data.datatourisme.fr/649202e7-b7b7-3160-8bf5-baf89bf592e0",
          "dc:contributor": [
            "https://api.deepl.com/v2/translate"
          ],
          "rdf:language": [
            "nl"
          ],
          "rdf:predicate": [
            "shortDescription"
          ]
        },
        {
          "@id": "https://data.datatourisme.fr/a6986091-7991-36be-89fb-c032a5e72162",
          "dc:contributor": [
            "https://api.deepl.com/v2/translate"
          ],
          "rdf:language": [
            "es"
          ],
          "rdf:predicate": [
            "shortDescription"
          ]
        },
        {
          "@id": "https://data.datatourisme.fr/b6cdeef6-83a9-3a09-a1f8-1c89bc0da3bc",
          "dc:contributor": [
            "https://api.deepl.com/v2/translate"
          ],
          "rdf:language": [
            "de"
          ],
          "rdf:predicate": [
            "shortDescription"
          ]
        }
      ],
      "shortDescription": {
        "de": [
          "Entdecken Sie die Freude am Reiten im Reitzentrum von Balagne in der Nähe von Calvi auf Korsika."
        ],
        "en": [
          "Discover the joys of riding in Corsica, at Balagne riding stables near Calvi."
        ],
        "it": [
          "Vieni a scoprire il piacere di cavalcare al centro ippico di Balagne vicino a Calvi in ​​Corsica."
        ],
        "fr": [
          "Venez découvrir le plaisir de l'équitation au centre équestre de Balagne près de Calvi en Corse."
        ],
        "es": [
          "Venga a descubrir el placer de la equitación en el centro ecuestre de Balagne, cerca de Calvi, en Córcega."
        ],
        "nl": [
          "Kom en ontdek het plezier van paardrijden in de manege Balagne bij Calvi op Corsica."
        ]
      }
    }
  ],
  "hasTheme": [
    {
      "@id": "kb:Riding",
      "@type": [
        "SportsTheme"
      ],
      "rdfs:label": {
        "de": [
          "Reiten"
        ],
        "pt": [
          "Equitação"
        ],
        "en": [
          "Riding"
        ],
        "it": [
          "Equitazione"
        ],
        "fr": [
          "Equitation"
        ],
        "nl": [
          "Paardrijden"
        ],
        "es": [
          "Equitación"
        ]
      }
    }
  ],
  "hasTranslatedProperty": [
    {
      "@id": "https://data.datatourisme.fr/1d7c8222-58b0-3d20-88b4-42cba9834c2a",
      "dc:contributor": [
        "https://api.deepl.com/v2/translate"
      ],
      "rdf:language": [
        "nl"
      ],
      "rdf:predicate": [
        {
          "@id": "rdfs:comment"
        }
      ]
    },
    {
      "@id": "https://data.datatourisme.fr/4a68d81f-9a9a-3714-b7af-1e9ad11a9cd5",
      "dc:contributor": [
        "https://api.deepl.com/v2/translate"
      ],
      "rdf:language": [
        "de"
      ],
      "rdf:predicate": [
        {
          "@id": "rdfs:comment"
        }
      ]
    },
    {
      "@id": "https://data.datatourisme.fr/d9cacba4-157f-36ce-800f-cac8303aa7e5",
      "dc:contributor": [
        "https://api.deepl.com/v2/translate"
      ],
      "rdf:language": [
        "es"
      ],
      "rdf:predicate": [
        {
          "@id": "rdfs:comment"
        }
      ]
    }
  ],
  "isLocatedAt": [
    {
      "@id": "https://data.datatourisme.fr/d287ec32-4088-3761-9154-20b04b282aec",
      "schema:address": [
        {
          "@id": "https://data.datatourisme.fr/796c2ad9-ccc7-3c27-b93b-684505cc1592",
          "schema:addressLocality": "Lumio",
          "schema:postalCode": "20260",
          "schema:streetAddress": [
            "Le Cormoran",
            "RT 30"
          ],
          "@type": [
            "schema:PostalAddress",
            "PostalAddress"
          ],
          "hasAddressCity": {
            "@id": "kb:2B150",
            "@type": [
              "City"
            ],
            "rdfs:label": {
              "en": [
                "Lumio"
              ],
              "fr": [
                "Lumio"
              ]
            },
            "insee": "2B150",
            "isPartOfDepartment": {
              "@id": "kb:France942B",
              "@type": [
                "Department"
              ],
              "rdfs:label": {
                "en": [
                  "Haute-Corse"
                ],
                "fr": [
                  "Haute-Corse"
                ]
              },
              "insee": "2B",
              "isPartOfRegion": {
                "@id": "kb:France94",
                "@type": [
                  "Region"
                ],
                "rdfs:label": {
                  "en": [
                    "Corse"
                  ],
                  "fr": [
                    "Corse"
                  ]
                },
                "insee": "94",
                "isPartOfCountry": {
                  "@id": "kb:France",
                  "@type": [
                    "schema:Country"
                  ],
                  "rdfs:label": {
                    "de": [
                      "Frankreich"
                    ],
                    "pt": [
                      "França"
                    ],
                    "en": [
                      "France"
                    ],
                    "it": [
                      "Francia"
                    ],
                    "fr": [
                      "France"
                    ],
                    "nl": [
                      "Frankrijk"
                    ],
                    "es": [
                      "Francia"
                    ]
                  }
                }
              }
            }
          }
        }
      ],
      "schema:geo": {
        "@id": "https://data.datatourisme.fr/0dd0d7c7-33e2-3075-b909-995800a31c5c",
        "schema:latitude": "42.562888",
        "schema:longitude": "8.804911",
        "@type": [
          "schema:GeoCoordinates"
        ]
      },
      "schema:openingHoursSpecification": [
        {
          "@id": "https://data.datatourisme.fr/f87e535a-636d-3343-ad63-8a03392e7511",
          "schema:validFrom": "2023-01-01T00:00:00",
          "schema:validThrough": "2023-12-31T23:59:59",
          "@type": [
            "schema:OpeningHoursSpecification"
          ]
        }
      ],
      "@type": [
        "schema:Place",
        "Place"
      ]
    }
  ],
  "isOwnedBy": [
    {
      "@id": "https://data.datatourisme.fr/194c52e6-bbae-33dc-8464-caca97844fbb",
      "schema:email": [
        "info@balagne-corsica.com"
      ],
      "schema:legalName": "Office de Tourisme Intercommunal Calvi - Balagne",
      "@type": [
        "schema:Organization",
        "foaf:Agent",
        "Agent"
      ],
      "foaf:homepage": [
        "https://www.balagne-corsica.com/"
      ]
    }
  ],
  "lastUpdate": "2022-03-29",
  "lastUpdateDatatourisme": "2023-02-10T06:39:19.908Z"
}