{
  "@id": "https://data.datatourisme.fr/13/3c4574f5-3073-3351-a17e-0a907262c10d",
  "dc:identifier": "5892134",
  "@type": [
    "schema:LocalBusiness",
    "ActivityProvider",
    "PlaceOfInterest",
    "PointOfInterest",
    "Store"
  ],
  "rdfs:comment": {
    "de": [
      "Seit über 15 Jahren, 900 m. vom Hafen von Porto-Vecchio entfernt, alle notwendigen Ausrüstungen, um das Meer in vollen Zügen zu genießen und es gleichzeitig zu respektieren!\r\nBootszubehör, Navigation, Hochseeangeln, Schnorcheln, Unterwasserjagd, Gleitsportarten, Verleih."
    ],
    "en": [
      "For more than 15 years, at 900 m. from the port of Porto-Vecchio, all the necessary equipment to fully enjoy the sea while respecting it!\r\nFitting out, navigation, sea fishing, snorkeling, underwater hunting, board sports, rental."
    ],
    "it": [
      "Da oltre 15 anni, a 900 m. dal porto di Porto-Vecchio, tutte le attrezzature necessarie per godere appieno del mare rispettandolo!\r\nAllestimento, navigazione, pesca in mare, snorkeling, caccia subacquea, sport da tavola, noleggio."
    ],
    "fr": [
      "Depuis plus de 15 ans, à 900 m. du port de Porto-Vecchio, tout l'équipement nécessaire pour profiter pleinement de la mer tout en la respectant ! \r\nAccastillage, navigation, pêche en mer, snorkeling, chasse sous-marine, sports de glisse, location."
    ],
    "es": [
      "Desde hace más de 15 años, a 900 m. del puerto de Porto-Vecchio, todo el equipamiento necesario para disfrutar plenamente del mar respetándolo\r\nEquipamiento, navegación, pesca marítima, snorkel, caza submarina, deportes de tabla, alquiler."
    ],
    "nl": [
      "Al meer dan 15 jaar, op 900 m. van de haven van Porto-Vecchio, alle benodigdheden om ten volle van de zee te genieten met respect voor de zee!\r\nUitrusting, navigatie, zeevissen, snorkelen, onderwaterjacht, boardsporten, verhuur."
    ]
  },
  "rdfs:label": {
    "fr": [
      "Comptoir des Mers"
    ]
  },
  "hasBeenCreatedBy": {
    "@id": "https://data.datatourisme.fr/13/84c6494d-3085-3c63-a55c-db8cb047fadd",
    "dc:identifier": "1738",
    "schema:email": [
      "camillef.omt@gmail.com",
      "direction@destination-sudcorse.com",
      "gestion@destination-sudcorse.com",
      "promotion@destination-sudcorse.com",
      "webmaster@destination-sudcorse.com"
    ],
    "schema:legalName": "Porto Vecchio Tourisme",
    "@type": [
      "schema:Organization",
      "foaf:Agent",
      "Agent"
    ],
    "foaf:homepage": [
      "http://www.ot-portovecchio.com/"
    ]
  },
  "hasBeenPublishedBy": [
    {
      "@id": "https://data.datatourisme.fr/8a9feb4b-2cbd-3d2c-b507-bd6c6776b23b",
      "schema:legalName": "Apidae Tourisme Scic SA - source : Apidae Tourisme",
      "@type": [
        "schema:Organization",
        "foaf:Agent",
        "Agent"
      ],
      "foaf:homepage": [
        "https://www.apidae-tourisme.com/"
      ]
    }
  ],
  "hasContact": [
    {
      "@id": "https://data.datatourisme.fr/40f346ed-bae7-39ba-b148-e7910c7e337d",
      "schema:email": [
        "poliservices@wanadoo.fr"
      ],
      "schema:telephone": [
        "+33 4 95 21 82 82"
      ],
      "@type": [
        "foaf:Agent",
        "Agent"
      ],
      "foaf:homepage": [
        "https://www.comptoirdesmers-corse.com/"
      ]
    }
  ],
  "hasDescription": [
    {
      "@id": "https://data.datatourisme.fr/fcc0d09f-c06c-3c66-a466-28629e3c734d",
      "@type": [
        "Description"
      ],
      "hasTranslatedProperty": [
        {
          "@id": "https://data.datatourisme.fr/567dea0a-3c2f-3c65-8906-6cbe2a3bdee8",
          "dc:contributor": [
            "https://api.deepl.com/v2/translate"
          ],
          "rdf:language": [
            "nl"
          ],
          "rdf:predicate": [
            "shortDescription"
          ]
        },
        {
          "@id": "https://data.datatourisme.fr/81fac7d6-4e9d-35f9-86d5-21d36c9d79e1",
          "dc:contributor": [
            "https://api.deepl.com/v2/translate"
          ],
          "rdf:language": [
            "it"
          ],
          "rdf:predicate": [
            "shortDescription"
          ]
        },
        {
          "@id": "https://data.datatourisme.fr/d58cae72-849e-311f-ad9b-e8acbf81306c",
          "dc:contributor": [
            "https://api.deepl.com/v2/translate"
          ],
          "rdf:language": [
            "de"
          ],
          "rdf:predicate": [
            "shortDescription"
          ]
        },
        {
          "@id": "https://data.datatourisme.fr/dcf920a2-7c7b-3e1a-af56-eb530fd8f0d9",
          "dc:contributor": [
            "https://api.deepl.com/v2/translate"
          ],
          "rdf:language": [
            "es"
          ],
          "rdf:predicate": [
            "shortDescription"
          ]
        },
        {
          "@id": "https://data.datatourisme.fr/e29e0e91-fd56-3db6-bd98-d9b550efeb4a",
          "dc:contributor": [
            "https://api.deepl.com/v2/translate"
          ],
          "rdf:language": [
            "en"
          ],
          "rdf:predicate": [
            "shortDescription"
          ]
        }
      ],
      "shortDescription": {
        "de": [
          "Seit über 15 Jahren, 900 m. vom Hafen von Porto-Vecchio entfernt, alle notwendigen Ausrüstungen, um das Meer in vollen Zügen zu genießen und es gleichzeitig zu respektieren!\r\nBootszubehör, Navigation, Hochseeangeln, Schnorcheln, Unterwasserjagd, Gleitsportarten, Verleih."
        ],
        "en": [
          "For more than 15 years, at 900 m. from the port of Porto-Vecchio, all the necessary equipment to fully enjoy the sea while respecting it!\r\nFitting out, navigation, sea fishing, snorkeling, underwater hunting, board sports, rental."
        ],
        "it": [
          "Da oltre 15 anni, a 900 m. dal porto di Porto-Vecchio, tutte le attrezzature necessarie per godere appieno del mare rispettandolo!\r\nAllestimento, navigazione, pesca in mare, snorkeling, caccia subacquea, sport da tavola, noleggio."
        ],
        "fr": [
          "Depuis plus de 15 ans, à 900 m. du port de Porto-Vecchio, tout l'équipement nécessaire pour profiter pleinement de la mer tout en la respectant ! \r\nAccastillage, navigation, pêche en mer, snorkeling, chasse sous-marine, sports de glisse, location."
        ],
        "es": [
          "Desde hace más de 15 años, a 900 m. del puerto de Porto-Vecchio, todo el equipamiento necesario para disfrutar plenamente del mar respetándolo\r\nEquipamiento, navegación, pesca marítima, snorkel, caza submarina, deportes de tabla, alquiler."
        ],
        "nl": [
          "Al meer dan 15 jaar, op 900 m. van de haven van Porto-Vecchio, alle benodigdheden om ten volle van de zee te genieten met respect voor de zee!\r\nUitrusting, navigatie, zeevissen, snorkelen, onderwaterjacht, boardsporten, verhuur."
        ]
      }
    }
  ],
  "hasTheme": [
    {
      "@id": "kb:CanoeingKayaking",
      "@type": [
        "SportsTheme"
      ],
      "rdfs:label": {
        "de": [
          "Kanu-Kajakfahren"
        ],
        "pt": [
          "Canoa caiaque"
        ],
        "en": [
          "Canoeing-kayaking"
        ],
        "it": [
          "Canoismo"
        ],
        "fr": [
          "Canoé kayak"
        ],
        "es": [
          "Piraguas y kayak"
        ],
        "nl": [
          "Kano/kajak"
        ]
      }
    },
    {
      "@id": "kb:Diving",
      "@type": [
        "SportsTheme"
      ],
      "rdfs:label": {
        "de": [
          "Tauchen"
        ],
        "pt": [
          "Mergulho"
        ],
        "en": [
          "Diving"
        ],
        "it": [
          "Immersione"
        ],
        "fr": [
          "Plongée"
        ],
        "nl": [
          "Duiken"
        ],
        "es": [
          "Buceo"
        ]
      }
    },
    {
      "@id": "kb:Fishing",
      "@type": [
        "SportsTheme"
      ],
      "rdfs:label": {
        "de": [
          "Fischerei"
        ],
        "pt": [
          "Pesca"
        ],
        "en": [
          "Fishing"
        ],
        "it": [
          "Pesca"
        ],
        "fr": [
          "Pêche"
        ],
        "nl": [
          "Visserij"
        ],
        "es": [
          "Pesca"
        ]
      }
    },
    {
      "@id": "kb:SeaFishing",
      "@type": [
        "SportsTheme"
      ],
      "rdfs:label": {
        "de": [
          "Meeresfischerei"
        ],
        "pt": [
          "Pesca no mar"
        ],
        "en": [
          "Sea fishing"
        ],
        "it": [
          "Pesca marittima"
        ],
        "fr": [
          "Pêche en mer"
        ],
        "nl": [
          "Zeevissen"
        ],
        "es": [
          "Pesca marítima"
        ]
      }
    },
    {
      "@id": "kb:SeaKayaking",
      "@type": [
        "SportsTheme"
      ],
      "rdfs:label": {
        "de": [
          "Seekajak"
        ],
        "pt": [
          "Caiaque marítimo"
        ],
        "en": [
          "Sea kayaking"
        ],
        "it": [
          "Kayak da mare"
        ],
        "fr": [
          "Kayak de mer"
        ],
        "nl": [
          "Zeekajakken"
        ],
        "es": [
          "Kayak de mar"
        ]
      }
    },
    {
      "@id": "kb:Snorkeling",
      "@type": [
        "SportsTheme"
      ],
      "rdfs:label": {
        "de": [
          "Schnorcheln"
        ],
        "pt": [
          "Snorkling"
        ],
        "en": [
          "Snorkeling"
        ],
        "it": [
          "Snorkeling"
        ],
        "fr": [
          "Randonnée palmée"
        ],
        "nl": [
          "Snorkelen"
        ],
        "es": [
          "Esnórquel"
        ]
      }
    },
    {
      "@id": "kb:SportSailing",
      "@type": [
        "SportsTheme"
      ],
      "rdfs:label": {
        "de": [
          "Segelsport"
        ],
        "pt": [
          "Desporto à vela"
        ],
        "en": [
          "Sport sailing"
        ],
        "it": [
          "Sport di vela"
        ],
        "fr": [
          "Sport à voile"
        ],
        "nl": [
          "Zeilsport"
        ],
        "es": [
          "Deportes de vela"
        ]
      }
    },
    {
      "@id": "kb:StandupPaddleboarding",
      "@type": [
        "SportsTheme"
      ],
      "rdfs:label": {
        "de": [
          "Stand-up Paddle (SUP)"
        ],
        "pt": [
          "Paddle de pé (SUP)"
        ],
        "en": [
          "Standup paddleboarding"
        ],
        "it": [
          "Stand up paddle (SUP)"
        ],
        "fr": [
          "Stand up paddle sup"
        ],
        "es": [
          "Tabla de pádel surf"
        ],
        "nl": [
          "Suppen"
        ]
      }
    },
    {
      "@id": "kb:TowableTube",
      "@type": [
        "SportsTheme"
      ],
      "rdfs:label": {
        "de": [
          "Banana Boat"
        ],
        "pt": [
          "Boia de tração"
        ],
        "en": [
          "Towable tube"
        ],
        "it": [
          "Ciambella trainata"
        ],
        "fr": [
          "Bouée tractée"
        ],
        "nl": [
          "Tubing"
        ],
        "es": [
          "Skibus náutico"
        ]
      }
    },
    {
      "@id": "kb:Wakeboarding",
      "@type": [
        "SportsTheme"
      ],
      "rdfs:label": {
        "de": [
          "Wake Board"
        ],
        "pt": [
          "Wakeboard"
        ],
        "en": [
          "Wakeboarding"
        ],
        "it": [
          "Wakeboard"
        ],
        "fr": [
          "Wake board"
        ],
        "nl": [
          "Wakeboarden"
        ],
        "es": [
          "Wake board"
        ]
      }
    },
    {
      "@id": "kb:WaterSkiing",
      "@type": [
        "SportsTheme"
      ],
      "rdfs:label": {
        "de": [
          "Wasserski"
        ],
        "pt": [
          "Esqui náutico"
        ],
        "en": [
          "Water skiing"
        ],
        "it": [
          "Sci d'acqua"
        ],
        "fr": [
          "Ski nautique"
        ],
        "nl": [
          "Waterskiën"
        ],
        "es": [
          "Esquí acuático"
        ]
      }
    }
  ],
  "hasTranslatedProperty": [
    {
      "@id": "https://data.datatourisme.fr/34e69272-9cb6-3c4a-a6e0-d5d7b7a37e06",
      "dc:contributor": [
        "https://api.deepl.com/v2/translate"
      ],
      "rdf:language": [
        "nl"
      ],
      "rdf:predicate": [
        {
          "@id": "rdfs:comment"
        }
      ]
    },
    {
      "@id": "https://data.datatourisme.fr/d63d4889-adaa-3af0-b999-ee6f457dac6d",
      "dc:contributor": [
        "https://api.deepl.com/v2/translate"
      ],
      "rdf:language": [
        "en"
      ],
      "rdf:predicate": [
        {
          "@id": "rdfs:comment"
        }
      ]
    },
    {
      "@id": "https://data.datatourisme.fr/e8f10ae8-aebb-3fe9-819f-ebdb191c8b26",
      "dc:contributor": [
        "https://api.deepl.com/v2/translate"
      ],
      "rdf:language": [
        "de"
      ],
      "rdf:predicate": [
        {
          "@id": "rdfs:comment"
        }
      ]
    },
    {
      "@id": "https://data.datatourisme.fr/f512af2d-3eef-3618-be55-3dffd95875fa",
      "dc:contributor": [
        "https://api.deepl.com/v2/translate"
      ],
      "rdf:language": [
        "es"
      ],
      "rdf:predicate": [
        {
          "@id": "rdfs:comment"
        }
      ]
    },
    {
      "@id": "https://data.datatourisme.fr/fb22caa8-5236-3253-bbdb-1155dc037c44",
      "dc:contributor": [
        "https://api.deepl.com/v2/translate"
      ],
      "rdf:language": [
        "it"
      ],
      "rdf:predicate": [
        {
          "@id": "rdfs:comment"
        }
      ]
    }
  ],
  "isLocatedAt": [
    {
      "@id": "https://data.datatourisme.fr/74d0a8f3-279e-3292-8176-abcc8b173b50",
      "schema:address": [
        {
          "@id": "https://data.datatourisme.fr/76767a65-3657-3707-9f6d-62addf453634",
          "schema:addressLocality": "Porto-Vecchio",
          "schema:postalCode": "20137",
          "schema:streetAddress": [
            "Avenue Georges Pompidou",
            "Immeuble Rondina Marina"
          ],
          "@type": [
            "schema:PostalAddress",
            "PostalAddress"
          ],
          "hasAddressCity": {
            "@id": "kb:2A247",
            "@type": [
              "City"
            ],
            "rdfs:label": {
              "en": [
                "Porto-Vecchio"
              ],
              "fr": [
                "Porto-Vecchio"
              ]
            },
            "insee": "2A247",
            "isPartOfDepartment": {
              "@id": "kb:France942A",
              "@type": [
                "Department"
              ],
              "rdfs:label": {
                "en": [
                  "Corse-du-Sud"
                ],
                "fr": [
                  "Corse-du-Sud"
                ]
              },
              "insee": "2A",
              "isPartOfRegion": {
                "@id": "kb:France94",
                "@type": [
                  "Region"
                ],
                "rdfs:label": {
                  "en": [
                    "Corse"
                  ],
                  "fr": [
                    "Corse"
                  ]
                },
                "insee": "94",
                "isPartOfCountry": {
                  "@id": "kb:France",
                  "@type": [
                    "schema:Country"
                  ],
                  "rdfs:label": {
                    "de": [
                      "Frankreich"
                    ],
                    "pt": [
                      "França"
                    ],
                    "en": [
                      "France"
                    ],
                    "it": [
                      "Francia"
                    ],
                    "fr": [
                      "France"
                    ],
                    "nl": [
                      "Frankrijk"
                    ],
                    "es": [
                      "Francia"
                    ]
                  }
                }
              }
            }
          }
        }
      ],
      "schema:geo": {
        "@id": "https://data.datatourisme.fr/a622707a-e115-3dec-8b1a-21cd7cefb159",
        "schema:latitude": "41.596315",
        "schema:longitude": "9.27968",
        "@type": [
          "schema:GeoCoordinates"
        ]
      },
      "schema:openingHoursSpecification": [
        {
          "@id": "https://data.datatourisme.fr/f87e535a-636d-3343-ad63-8a03392e7511",
          "schema:validFrom": "2023-01-01T00:00:00",
          "schema:validThrough": "2023-12-31T23:59:59",
          "@type": [
            "schema:OpeningHoursSpecification"
          ]
        }
      ],
      "@type": [
        "schema:Place",
        "Place"
      ]
    }
  ],
  "isOwnedBy": [
    {
      "@id": "https://data.datatourisme.fr/f5f950f9-5eec-32b4-a357-2c969ccf4068",
      "schema:email": [
        "camillef.omt@gmail.com",
        "direction@destination-sudcorse.com",
        "gestion@destination-sudcorse.com",
        "promotion@destination-sudcorse.com",
        "webmaster@destination-sudcorse.com"
      ],
      "schema:legalName": "Porto Vecchio Tourisme",
      "@type": [
        "schema:Organization",
        "foaf:Agent",
        "Agent"
      ],
      "foaf:homepage": [
        "http://www.ot-portovecchio.com/"
      ]
    }
  ],
  "lastUpdate": "2022-10-19",
  "lastUpdateDatatourisme": "2023-02-22T06:42:37.853Z"
}