{
  "@id": "https://data.datatourisme.fr/13/9640afcd-bebc-3287-996b-1ba22cd3b3d1",
  "dc:identifier": "4973356",
  "@type": [
    "schema:Accommodation",
    "schema:LodgingBusiness",
    "Accommodation",
    "CollectiveAccommodation",
    "HolidayResort",
    "PlaceOfInterest",
    "PointOfInterest"
  ],
  "rdfs:comment": {
    "de": [
      "Das Belambra de Losari liegt direkt am Meer, am wunderschönen Strand von Losari. Es empfängt Sie in Appartements, die inmitten eines Pinienwaldes liegen und die Füße im Wasser haben. Für Ihren Komfort gibt es einen Swimmingpool, ein Planschbecken und alle Serviceleistungen der Belambra-Clubs."
    ],
    "en": [
      "Located on the seaside, on the beautiful beach of Losari, the Belambra de Losari welcomes you in apartments nestled in the heart of a pine forest. For your comfort, swimming pool, paddling pool and all the services of Belambra clubs."
    ],
    "it": [
      "Situato in riva al mare, sulla magnifica spiaggia di Losari, il Belambra de Losari vi accoglie in appartamenti immersi nel cuore di una pineta e con i piedi nell'acqua. Per il vostro comfort, piscina, piscina per bambini e tutti i servizi dei club Belambra."
    ],
    "fr": [
      "Situé au bord de mer, sur la magnifique plage de Losari, le Belambra de Losari vous accueille dans des appartements lovés au cœur d'une pinède et les pieds dans l'eau. Pour votre confort, piscine, pataugeoire et tous les services des clubs Belambra."
    ],
    "es": [
      "Situada en primera línea de mar, en la magnífica playa de Losari, la Belambra de Losari le acoge en pisos enclavados en el corazón de un pinar y con los pies en el agua. Para su comodidad, hay piscina, piscina infantil y todos los servicios de los clubes Belambra."
    ],
    "nl": [
      "Het Belambra de Losari, gelegen aan de kust, aan het prachtige Losari strand, verwelkomt u in appartementen genesteld in het hart van een dennenbos en met uw voeten in het water. Voor uw comfort, zwembad, peuterbad en alle diensten van de Belambra clubs."
    ]
  },
  "rdfs:label": {
    "fr": [
      "Belambra Clubs de Losari"
    ]
  },
  "hasBeenCreatedBy": {
    "@id": "https://data.datatourisme.fr/13/8d420fa3-5754-31f1-8199-69c88780314d",
    "dc:identifier": "1647",
    "schema:email": [
      "web@ileroussetourisme.com"
    ],
    "schema:legalName": "Office de Tourisme Intercommunal de L'Ile Rousse-Balagne",
    "@type": [
      "schema:Organization",
      "foaf:Agent",
      "Agent"
    ],
    "foaf:homepage": [
      "https://www.balagne-corsica.com/"
    ]
  },
  "hasBeenPublishedBy": [
    {
      "@id": "https://data.datatourisme.fr/8a9feb4b-2cbd-3d2c-b507-bd6c6776b23b",
      "schema:legalName": "Apidae Tourisme Scic SA - source : Apidae Tourisme",
      "@type": [
        "schema:Organization",
        "foaf:Agent",
        "Agent"
      ],
      "foaf:homepage": [
        "https://www.apidae-tourisme.com/"
      ]
    }
  ],
  "hasContact": [
    {
      "@id": "https://data.datatourisme.fr/6417e6e9-6b06-385a-8f09-6ba4d1015520",
      "schema:email": [
        "hebergement.belgodere@belambra.fr"
      ],
      "schema:telephone": [
        "+33 4 95 63 00 60"
      ],
      "@type": [
        "foaf:Agent",
        "Agent"
      ],
      "foaf:homepage": [
        "http://www.belambra.fr/club-belgodere-golfe-de-lozari/ete"
      ]
    }
  ],
  "hasDescription": [
    {
      "@id": "https://data.datatourisme.fr/e8496610-283f-3f24-a3df-1fc29f7f41d1",
      "@type": [
        "Description"
      ],
      "hasTranslatedProperty": [
        {
          "@id": "https://data.datatourisme.fr/6fb4dfc3-de88-3431-9e0a-a2a8f979d1ab",
          "dc:contributor": [
            "https://api.deepl.com/v2/translate"
          ],
          "rdf:language": [
            "es"
          ],
          "rdf:predicate": [
            "shortDescription"
          ]
        },
        {
          "@id": "https://data.datatourisme.fr/753ecb3c-442c-3579-9a97-01267d36c90c",
          "dc:contributor": [
            "https://api.deepl.com/v2/translate"
          ],
          "rdf:language": [
            "de"
          ],
          "rdf:predicate": [
            "shortDescription"
          ]
        },
        {
          "@id": "https://data.datatourisme.fr/cb565808-f4a9-30ad-abbf-aa2e5d87ecea",
          "dc:contributor": [
            "https://api.deepl.com/v2/translate"
          ],
          "rdf:language": [
            "nl"
          ],
          "rdf:predicate": [
            "shortDescription"
          ]
        }
      ],
      "shortDescription": {
        "de": [
          "Das Belambra de Losari liegt direkt am Meer, am wunderschönen Strand von Losari. Es empfängt Sie in Appartements, die inmitten eines Pinienwaldes liegen und die Füße im Wasser haben. Für Ihren Komfort gibt es einen Swimmingpool, ein Planschbecken und alle Serviceleistungen der Belambra-Clubs."
        ],
        "en": [
          "Located on the seaside, on the beautiful beach of Losari, the Belambra de Losari welcomes you in apartments nestled in the heart of a pine forest. For your comfort, swimming pool, paddling pool and all the services of Belambra clubs."
        ],
        "it": [
          "Situato in riva al mare, sulla magnifica spiaggia di Losari, il Belambra de Losari vi accoglie in appartamenti immersi nel cuore di una pineta e con i piedi nell'acqua. Per il vostro comfort, piscina, piscina per bambini e tutti i servizi dei club Belambra."
        ],
        "fr": [
          "Situé au bord de mer, sur la magnifique plage de Losari, le Belambra de Losari vous accueille dans des appartements lovés au cœur d'une pinède et les pieds dans l'eau. Pour votre confort, piscine, pataugeoire et tous les services des clubs Belambra."
        ],
        "es": [
          "Situada en primera línea de mar, en la magnífica playa de Losari, la Belambra de Losari le acoge en pisos enclavados en el corazón de un pinar y con los pies en el agua. Para su comodidad, hay piscina, piscina infantil y todos los servicios de los clubes Belambra."
        ],
        "nl": [
          "Het Belambra de Losari, gelegen aan de kust, aan het prachtige Losari strand, verwelkomt u in appartementen genesteld in het hart van een dennenbos en met uw voeten in het water. Voor uw comfort, zwembad, peuterbad en alle diensten van de Belambra clubs."
        ]
      }
    }
  ],
  "hasTranslatedProperty": [
    {
      "@id": "https://data.datatourisme.fr/6a19fbf6-4525-30fd-9404-0d5afadf09fc",
      "dc:contributor": [
        "https://api.deepl.com/v2/translate"
      ],
      "rdf:language": [
        "es"
      ],
      "rdf:predicate": [
        {
          "@id": "rdfs:comment"
        }
      ]
    },
    {
      "@id": "https://data.datatourisme.fr/976a8c59-9943-3f31-9782-59bb6751d048",
      "dc:contributor": [
        "https://api.deepl.com/v2/translate"
      ],
      "rdf:language": [
        "nl"
      ],
      "rdf:predicate": [
        {
          "@id": "rdfs:comment"
        }
      ]
    },
    {
      "@id": "https://data.datatourisme.fr/99948793-82bd-3834-ab07-0699aa854225",
      "dc:contributor": [
        "https://api.deepl.com/v2/translate"
      ],
      "rdf:language": [
        "de"
      ],
      "rdf:predicate": [
        {
          "@id": "rdfs:comment"
        }
      ]
    }
  ],
  "isLocatedAt": [
    {
      "@id": "https://data.datatourisme.fr/dd916b34-061c-3453-a154-2556ebb7b645",
      "schema:address": [
        {
          "@id": "https://data.datatourisme.fr/8be11c35-8b52-363a-933b-54961d79f8b6",
          "schema:addressLocality": "Belgodère",
          "schema:postalCode": "20226",
          "schema:streetAddress": [
            "Losari",
            "golfe de lozari"
          ],
          "@type": [
            "schema:PostalAddress",
            "PostalAddress"
          ],
          "hasAddressCity": {
            "@id": "kb:2B034",
            "@type": [
              "City"
            ],
            "rdfs:label": {
              "en": [
                "Belgodère"
              ],
              "fr": [
                "Belgodère"
              ]
            },
            "insee": "2B034",
            "isPartOfDepartment": {
              "@id": "kb:France942B",
              "@type": [
                "Department"
              ],
              "rdfs:label": {
                "en": [
                  "Haute-Corse"
                ],
                "fr": [
                  "Haute-Corse"
                ]
              },
              "insee": "2B",
              "isPartOfRegion": {
                "@id": "kb:France94",
                "@type": [
                  "Region"
                ],
                "rdfs:label": {
                  "en": [
                    "Corse"
                  ],
                  "fr": [
                    "Corse"
                  ]
                },
                "insee": "94",
                "isPartOfCountry": {
                  "@id": "kb:France",
                  "@type": [
                    "schema:Country"
                  ],
                  "rdfs:label": {
                    "de": [
                      "Frankreich"
                    ],
                    "pt": [
                      "França"
                    ],
                    "en": [
                      "France"
                    ],
                    "it": [
                      "Francia"
                    ],
                    "fr": [
                      "France"
                    ],
                    "nl": [
                      "Frankrijk"
                    ],
                    "es": [
                      "Francia"
                    ]
                  }
                }
              }
            }
          }
        }
      ],
      "schema:geo": {
        "@id": "https://data.datatourisme.fr/3c445cfa-4d2c-34c2-bfa0-435574210374",
        "schema:latitude": "42.641175",
        "schema:longitude": "9.019761",
        "@type": [
          "schema:GeoCoordinates"
        ]
      },
      "schema:openingHoursSpecification": [
        {
          "@id": "https://data.datatourisme.fr/4ec3269d-bc97-3f6e-b372-13a29826a561",
          "schema:validFrom": "2023-04-08T00:00:00",
          "schema:validThrough": "2023-11-04T23:59:59",
          "@type": [
            "schema:OpeningHoursSpecification"
          ]
        }
      ],
      "@type": [
        "schema:Place",
        "Place"
      ]
    }
  ],
  "isOwnedBy": [
    {
      "@id": "https://data.datatourisme.fr/252af22a-253d-33df-b9d7-204832749402",
      "schema:email": [
        "web@ileroussetourisme.com"
      ],
      "schema:legalName": "Office de Tourisme Intercommunal de L'Ile Rousse-Balagne",
      "@type": [
        "schema:Organization",
        "foaf:Agent",
        "Agent"
      ],
      "foaf:homepage": [
        "https://www.balagne-corsica.com/"
      ]
    }
  ],
  "lastUpdate": "2023-01-23",
  "lastUpdateDatatourisme": "2023-02-01T18:07:35.759Z",
  "offers": [
    {
      "@id": "https://data.datatourisme.fr/b9349f15-3ee7-323a-ae94-f71afbcc646f",
      "schema:priceSpecification": [
        {
          "@id": "https://data.datatourisme.fr/b7558de4-ba2f-3fd1-a37e-63a98a760328",
          "schema:minPrice": [
            "470"
          ],
          "schema:priceCurrency": "EUR",
          "@type": [
            "schema:PriceSpecification",
            "PriceSpecification"
          ],
          "appliesOnPeriod": [
            {
              "@id": "https://data.datatourisme.fr/6e6ca21b-5690-3ea3-af6b-2c68d3f677b1",
              "@type": [
                "Period"
              ],
              "endDate": "2023-11-04",
              "startDate": "2023-04-08"
            }
          ]
        }
      ],
      "@type": [
        "schema:Offer",
        "Offer"
      ]
    }
  ]
}