{
  "@id": "https://data.datatourisme.fr/13/4866a1a0-0add-3d73-a1d4-0731511f4792",
  "dc:identifier": "5211214",
  "@type": [
    "schema:LocalBusiness",
    "PlaceOfInterest",
    "PointOfInterest",
    "SightseeingBoat",
    "SportsAndLeisurePlace"
  ],
  "rdfs:comment": {
    "de": [
      "Seereise zu den Lavezzi-Inseln."
    ],
    "en": [
      "Sea trip to the Lavezzi Islands."
    ],
    "it": [
      "Gita in mare alle Isole Lavezzi."
    ],
    "fr": [
      "Promenade en mer à bord de nos bateaux, Ruscana et Ile de Beauté, à destination des îles Lavezzi. Repas à bord, trois menus au choix : le menu de la mer (bouillabaisse), le menu corse et le menu végétarien. Départs de Porto-Vecchio et Pinarellu."
    ],
    "nl": [
      "Zeereis naar de Lavezzi-eilanden."
    ],
    "es": [
      "Excursión marítima a bordo de nuestros barcos, Ruscana e Ile de Beauté, a las islas Lavezzi. Comidas a bordo, tres menús a elegir: el menú del mar (bullabesa), el menú corso y el menú vegetariano. Salidas desde Porto-Vecchio y Pinarellu."
    ]
  },
  "rdfs:label": {
    "fr": [
      "Chiocca Croisières"
    ]
  },
  "hasBeenCreatedBy": {
    "@id": "https://data.datatourisme.fr/13/84c6494d-3085-3c63-a55c-db8cb047fadd",
    "dc:identifier": "1738",
    "schema:email": [
      "camillef.omt@gmail.com",
      "direction@destination-sudcorse.com",
      "gestion@destination-sudcorse.com",
      "promotion@destination-sudcorse.com",
      "webmaster@destination-sudcorse.com"
    ],
    "schema:legalName": "Porto Vecchio Tourisme",
    "@type": [
      "schema:Organization",
      "foaf:Agent",
      "Agent"
    ],
    "foaf:homepage": [
      "http://www.ot-portovecchio.com/"
    ]
  },
  "hasBeenPublishedBy": [
    {
      "@id": "https://data.datatourisme.fr/8a9feb4b-2cbd-3d2c-b507-bd6c6776b23b",
      "schema:legalName": "Apidae Tourisme Scic SA - source : Apidae Tourisme",
      "@type": [
        "schema:Organization",
        "foaf:Agent",
        "Agent"
      ],
      "foaf:homepage": [
        "https://www.apidae-tourisme.com/"
      ]
    }
  ],
  "hasContact": [
    {
      "@id": "https://data.datatourisme.fr/fc2e4a1c-35a1-3d46-bb9f-2ba958424451",
      "schema:email": [
        "vincentchiocca@aol.com"
      ],
      "schema:telephone": [
        "+33 4 95 70 33 67",
        "+33 6 26 05 37 24"
      ],
      "@type": [
        "foaf:Agent",
        "Agent"
      ],
      "foaf:homepage": [
        "http://www.croisieres-ruscana.com/"
      ]
    }
  ],
  "hasDescription": [
    {
      "@id": "https://data.datatourisme.fr/ccd6f44f-d444-3cb7-97e9-06bbd1e13025",
      "@type": [
        "Description"
      ],
      "hasTranslatedProperty": [
        {
          "@id": "https://data.datatourisme.fr/e846aced-1a9d-3369-a2dc-51d3be964c14",
          "dc:contributor": [
            "https://api.deepl.com/v2/translate"
          ],
          "rdf:language": [
            "es"
          ],
          "rdf:predicate": [
            "shortDescription"
          ]
        }
      ],
      "shortDescription": {
        "de": [
          "Seereise zu den Lavezzi-Inseln."
        ],
        "en": [
          "Sea trip to the Lavezzi Islands."
        ],
        "it": [
          "Gita in mare alle Isole Lavezzi."
        ],
        "fr": [
          "Promenade en mer à bord de nos bateaux, Ruscana et Ile de Beauté, à destination des îles Lavezzi. Repas à bord, trois menus au choix : le menu de la mer (bouillabaisse), le menu corse et le menu végétarien. Départs de Porto-Vecchio et Pinarellu."
        ],
        "nl": [
          "Zeereis naar de Lavezzi-eilanden."
        ],
        "es": [
          "Excursión marítima a bordo de nuestros barcos, Ruscana e Ile de Beauté, a las islas Lavezzi. Comidas a bordo, tres menús a elegir: el menú del mar (bullabesa), el menú corso y el menú vegetariano. Salidas desde Porto-Vecchio y Pinarellu."
        ]
      }
    }
  ],
  "hasTranslatedProperty": [
    {
      "@id": "https://data.datatourisme.fr/cc1c5895-72af-36de-8346-a887ca766d39",
      "dc:contributor": [
        "https://api.deepl.com/v2/translate"
      ],
      "rdf:language": [
        "es"
      ],
      "rdf:predicate": [
        {
          "@id": "rdfs:comment"
        }
      ]
    }
  ],
  "isLocatedAt": [
    {
      "@id": "https://data.datatourisme.fr/a3b5db31-fcc0-30b1-91dd-a31a49c508fe",
      "schema:address": [
        {
          "@id": "https://data.datatourisme.fr/28b8cd45-bdb9-3b49-9f43-ed22c08f85e8",
          "schema:addressLocality": "Porto-Vecchio",
          "schema:postalCode": "20137",
          "schema:streetAddress": [
            "Port de Plaisance"
          ],
          "@type": [
            "schema:PostalAddress",
            "PostalAddress"
          ],
          "hasAddressCity": {
            "@id": "kb:2A247",
            "@type": [
              "City"
            ],
            "rdfs:label": {
              "en": [
                "Porto-Vecchio"
              ],
              "fr": [
                "Porto-Vecchio"
              ]
            },
            "insee": "2A247",
            "isPartOfDepartment": {
              "@id": "kb:France942A",
              "@type": [
                "Department"
              ],
              "rdfs:label": {
                "en": [
                  "Corse-du-Sud"
                ],
                "fr": [
                  "Corse-du-Sud"
                ]
              },
              "insee": "2A",
              "isPartOfRegion": {
                "@id": "kb:France94",
                "@type": [
                  "Region"
                ],
                "rdfs:label": {
                  "en": [
                    "Corse"
                  ],
                  "fr": [
                    "Corse"
                  ]
                },
                "insee": "94",
                "isPartOfCountry": {
                  "@id": "kb:France",
                  "@type": [
                    "schema:Country"
                  ],
                  "rdfs:label": {
                    "de": [
                      "Frankreich"
                    ],
                    "pt": [
                      "França"
                    ],
                    "en": [
                      "France"
                    ],
                    "it": [
                      "Francia"
                    ],
                    "fr": [
                      "France"
                    ],
                    "nl": [
                      "Frankrijk"
                    ],
                    "es": [
                      "Francia"
                    ]
                  }
                }
              }
            }
          }
        }
      ],
      "schema:geo": {
        "@id": "https://data.datatourisme.fr/c9eb315b-483e-3c57-9dcd-d4235b49c92a",
        "schema:latitude": "41.591235",
        "schema:longitude": "9.283752",
        "@type": [
          "schema:GeoCoordinates"
        ]
      },
      "schema:openingHoursSpecification": [
        {
          "@id": "https://data.datatourisme.fr/775c88a6-19f6-3412-86dd-0b1ae34d6791",
          "schema:validFrom": "2023-03-31T00:00:00",
          "schema:validThrough": "2023-10-14T23:59:59",
          "@type": [
            "schema:OpeningHoursSpecification"
          ],
          "additionalInformation": {
            "de": [
              "Montag, Dienstag, Mittwoch, Donnerstag, Freitag, Samstag, Sonntag: offen"
            ],
            "en": [
              "Monday, Tuesday, Wednesday, Thursday, Friday, Saturday, Sunday: open"
            ],
            "it": [
              "Lunedì, martedì, mercoledì, giovedì, venerdì, sabato, domenica: aperto"
            ],
            "fr": [
              "Lundi, Mardi, Mercredi, Jeudi, Vendredi, Samedi, Dimanche : ouvert"
            ],
            "nl": [
              "Maandag, dinsdag, woensdag, donderdag, vrijdag, zaterdag, zondag: open"
            ],
            "es": [
              "Lunes, martes, miércoles, jueves, viernes, sábado y domingo: abierto"
            ]
          },
          "hasTranslatedProperty": [
            {
              "@id": "https://data.datatourisme.fr/11a2dfb7-1796-3150-9d5a-f44f87be83e1",
              "dc:contributor": [
                "https://api.deepl.com/v2/translate"
              ],
              "rdf:language": [
                "de"
              ],
              "rdf:predicate": [
                "additionalInformation"
              ]
            },
            {
              "@id": "https://data.datatourisme.fr/13f51bb4-406a-35af-96df-f64c0d4d2ae5",
              "dc:contributor": [
                "https://api.deepl.com/v2/translate"
              ],
              "rdf:language": [
                "nl"
              ],
              "rdf:predicate": [
                "additionalInformation"
              ]
            },
            {
              "@id": "https://data.datatourisme.fr/828f926c-62a8-3064-a860-19ef2e173c6c",
              "dc:contributor": [
                "https://api.deepl.com/v2/translate"
              ],
              "rdf:language": [
                "es"
              ],
              "rdf:predicate": [
                "additionalInformation"
              ]
            },
            {
              "@id": "https://data.datatourisme.fr/966c3d22-7f31-3d72-9b06-b5410867b11b",
              "dc:contributor": [
                "https://api.deepl.com/v2/translate"
              ],
              "rdf:language": [
                "it"
              ],
              "rdf:predicate": [
                "additionalInformation"
              ]
            },
            {
              "@id": "https://data.datatourisme.fr/b9d77408-0672-3761-856e-ef7c8b81718c",
              "dc:contributor": [
                "https://api.deepl.com/v2/translate"
              ],
              "rdf:language": [
                "en"
              ],
              "rdf:predicate": [
                "additionalInformation"
              ]
            }
          ]
        }
      ],
      "@type": [
        "schema:Place",
        "Place"
      ]
    }
  ],
  "isOwnedBy": [
    {
      "@id": "https://data.datatourisme.fr/f5f950f9-5eec-32b4-a357-2c969ccf4068",
      "schema:email": [
        "camillef.omt@gmail.com",
        "direction@destination-sudcorse.com",
        "gestion@destination-sudcorse.com",
        "promotion@destination-sudcorse.com",
        "webmaster@destination-sudcorse.com"
      ],
      "schema:legalName": "Porto Vecchio Tourisme",
      "@type": [
        "schema:Organization",
        "foaf:Agent",
        "Agent"
      ],
      "foaf:homepage": [
        "http://www.ot-portovecchio.com/"
      ]
    }
  ],
  "lastUpdate": "2023-04-01",
  "lastUpdateDatatourisme": "2023-04-02T05:48:09.192Z",
  "offers": [
    {
      "@id": "https://data.datatourisme.fr/417f072b-3453-36fa-9259-973bafbf1533",
      "schema:priceSpecification": [
        {
          "@id": "https://data.datatourisme.fr/1d08dfb5-c5c4-3486-8621-cec4e6e4072d",
          "schema:maxPrice": [
            "80"
          ],
          "schema:minPrice": [
            "35"
          ],
          "schema:priceCurrency": "EUR",
          "@type": [
            "schema:PriceSpecification",
            "PriceSpecification"
          ],
          "appliesOnPeriod": [
            {
              "@id": "https://data.datatourisme.fr/c94b9940-16e7-3567-8d4a-4d37b68985cc",
              "@type": [
                "Period"
              ],
              "endDate": "2023-10-14",
              "startDate": "2023-03-31"
            }
          ]
        }
      ],
      "@type": [
        "schema:Offer",
        "Offer"
      ]
    }
  ]
}