{
  "@id": "https://data.datatourisme.fr/13/48798c51-bc2f-3329-85da-6ae16ca7756c",
  "dc:identifier": "4982987",
  "@type": [
    "schema:Accommodation",
    "schema:LodgingBusiness",
    "Accommodation",
    "PlaceOfInterest",
    "PointOfInterest"
  ],
  "rdfs:comment": {
    "de": [
      "Genießen Sie bei Ihrem Aufenthalt in der Balagne den Komfort der Mobilheime im Wohnpark La Listra, der nur 1 km vom wunderschönen Strand von Losari entfernt ist. Sie können sich am Pool entspannen und das außergewöhnliche Panorama genießen."
    ],
    "en": [
      "Situated 1 km from the stunning Losari Beach, A Listra offers you comfortable fully-equipped mobile homes. A great place to relax by the poolside and enjoy the exceptional view."
    ],
    "it": [
      "Per il vostro soggiorno in Balagne, godetevi il comfort delle case mobili del Parco Residenziale La Listra, a 1 km dalla magnifica spiaggia di Losari. Potrete rilassarvi a bordo piscina e godere di un panorama eccezionale."
    ],
    "fr": [
      "Pour votre séjour en Balagne, profitez du confort des mobil-homes du Parc Résidentiel La Listra, à 1km de la magnifique plage de Losari. Vous pourrez vous détendre au bord de la piscine et apprécier le panorama exceptionnel."
    ],
    "es": [
      "Para su estancia en Balagne, disfrute de la comodidad de las casas móviles del Parque Residencial La Listra, a 1 km de la magnífica playa de Losari. Podrá relajarse en la piscina y disfrutar del excepcional panorama."
    ],
    "nl": [
      "Geniet voor uw verblijf in Balagne van het comfort van de stacaravans van het Residentiële Park La Listra, op 1 km van het prachtige strand van Losari. U kunt ontspannen bij het zwembad en genieten van het uitzonderlijke panorama."
    ]
  },
  "rdfs:label": {
    "fr": [
      "La Listra Parc Résidentiel"
    ]
  },
  "hasBeenCreatedBy": {
    "@id": "https://data.datatourisme.fr/13/8d420fa3-5754-31f1-8199-69c88780314d",
    "dc:identifier": "1647",
    "schema:email": [
      "web@ileroussetourisme.com"
    ],
    "schema:legalName": "Office de Tourisme Intercommunal de L'Ile Rousse-Balagne",
    "@type": [
      "schema:Organization",
      "foaf:Agent",
      "Agent"
    ],
    "foaf:homepage": [
      "https://www.balagne-corsica.com/"
    ]
  },
  "hasBeenPublishedBy": [
    {
      "@id": "https://data.datatourisme.fr/8a9feb4b-2cbd-3d2c-b507-bd6c6776b23b",
      "schema:legalName": "Apidae Tourisme Scic SA - source : Apidae Tourisme",
      "@type": [
        "schema:Organization",
        "foaf:Agent",
        "Agent"
      ],
      "foaf:homepage": [
        "https://www.apidae-tourisme.com/"
      ]
    }
  ],
  "hasContact": [
    {
      "@id": "https://data.datatourisme.fr/88710698-20b7-325c-8da7-111f1210ff90",
      "schema:email": [
        "contacts@camping-apv.com"
      ],
      "schema:telephone": [
        "+33 2 51 56 08 78"
      ],
      "@type": [
        "foaf:Agent",
        "Agent"
      ],
      "foaf:homepage": [
        "https://www.camping-apv.com/fr/corse/camping-haute-corse-golfe-de-lozari/"
      ]
    }
  ],
  "hasDescription": [
    {
      "@id": "https://data.datatourisme.fr/de3efbfa-51b1-37b2-96a6-fdfba75dcf7f",
      "@type": [
        "Description"
      ],
      "hasTranslatedProperty": [
        {
          "@id": "https://data.datatourisme.fr/37b84939-5a27-3c0b-ae4e-a65770898033",
          "dc:contributor": [
            "https://api.deepl.com/v2/translate"
          ],
          "rdf:language": [
            "nl"
          ],
          "rdf:predicate": [
            "shortDescription"
          ]
        },
        {
          "@id": "https://data.datatourisme.fr/cd1f76eb-43dc-3918-8780-c895da57d798",
          "dc:contributor": [
            "https://api.deepl.com/v2/translate"
          ],
          "rdf:language": [
            "es"
          ],
          "rdf:predicate": [
            "shortDescription"
          ]
        },
        {
          "@id": "https://data.datatourisme.fr/e24022bf-9784-3906-837c-ec7f182a35e9",
          "dc:contributor": [
            "https://api.deepl.com/v2/translate"
          ],
          "rdf:language": [
            "de"
          ],
          "rdf:predicate": [
            "shortDescription"
          ]
        }
      ],
      "shortDescription": {
        "de": [
          "Genießen Sie bei Ihrem Aufenthalt in der Balagne den Komfort der Mobilheime im Wohnpark La Listra, der nur 1 km vom wunderschönen Strand von Losari entfernt ist. Sie können sich am Pool entspannen und das außergewöhnliche Panorama genießen."
        ],
        "en": [
          "Situated 1 km from the stunning Losari Beach, A Listra offers you comfortable fully-equipped mobile homes. A great place to relax by the poolside and enjoy the exceptional view."
        ],
        "it": [
          "Per il vostro soggiorno in Balagne, godetevi il comfort delle case mobili del Parco Residenziale La Listra, a 1 km dalla magnifica spiaggia di Losari. Potrete rilassarvi a bordo piscina e godere di un panorama eccezionale."
        ],
        "fr": [
          "Pour votre séjour en Balagne, profitez du confort des mobil-homes du Parc Résidentiel La Listra, à 1km de la magnifique plage de Losari. Vous pourrez vous détendre au bord de la piscine et apprécier le panorama exceptionnel."
        ],
        "es": [
          "Para su estancia en Balagne, disfrute de la comodidad de las casas móviles del Parque Residencial La Listra, a 1 km de la magnífica playa de Losari. Podrá relajarse en la piscina y disfrutar del excepcional panorama."
        ],
        "nl": [
          "Geniet voor uw verblijf in Balagne van het comfort van de stacaravans van het Residentiële Park La Listra, op 1 km van het prachtige strand van Losari. U kunt ontspannen bij het zwembad en genieten van het uitzonderlijke panorama."
        ]
      }
    }
  ],
  "hasTranslatedProperty": [
    {
      "@id": "https://data.datatourisme.fr/01b845af-db56-3554-bb83-9eac08c9f015",
      "dc:contributor": [
        "https://api.deepl.com/v2/translate"
      ],
      "rdf:language": [
        "de"
      ],
      "rdf:predicate": [
        {
          "@id": "rdfs:comment"
        }
      ]
    },
    {
      "@id": "https://data.datatourisme.fr/d8ee14dd-b621-375b-aa49-2eb6e66d333b",
      "dc:contributor": [
        "https://api.deepl.com/v2/translate"
      ],
      "rdf:language": [
        "nl"
      ],
      "rdf:predicate": [
        {
          "@id": "rdfs:comment"
        }
      ]
    },
    {
      "@id": "https://data.datatourisme.fr/e86d9c09-09d1-329d-9bea-704908f0b66c",
      "dc:contributor": [
        "https://api.deepl.com/v2/translate"
      ],
      "rdf:language": [
        "es"
      ],
      "rdf:predicate": [
        {
          "@id": "rdfs:comment"
        }
      ]
    }
  ],
  "isLocatedAt": [
    {
      "@id": "https://data.datatourisme.fr/2139eb01-ad3a-3d4c-8ec6-50e26d199ee6",
      "schema:address": [
        {
          "@id": "https://data.datatourisme.fr/f21249e6-280f-36e5-b690-1d30e1c7a8c6",
          "schema:addressLocality": "Belgodère",
          "schema:postalCode": "20226",
          "schema:streetAddress": [
            "Croisement de Palasca"
          ],
          "@type": [
            "schema:PostalAddress",
            "PostalAddress"
          ],
          "hasAddressCity": {
            "@id": "kb:2B034",
            "@type": [
              "City"
            ],
            "rdfs:label": {
              "en": [
                "Belgodère"
              ],
              "fr": [
                "Belgodère"
              ]
            },
            "insee": "2B034",
            "isPartOfDepartment": {
              "@id": "kb:France942B",
              "@type": [
                "Department"
              ],
              "rdfs:label": {
                "en": [
                  "Haute-Corse"
                ],
                "fr": [
                  "Haute-Corse"
                ]
              },
              "insee": "2B",
              "isPartOfRegion": {
                "@id": "kb:France94",
                "@type": [
                  "Region"
                ],
                "rdfs:label": {
                  "en": [
                    "Corse"
                  ],
                  "fr": [
                    "Corse"
                  ]
                },
                "insee": "94",
                "isPartOfCountry": {
                  "@id": "kb:France",
                  "@type": [
                    "schema:Country"
                  ],
                  "rdfs:label": {
                    "de": [
                      "Frankreich"
                    ],
                    "pt": [
                      "França"
                    ],
                    "en": [
                      "France"
                    ],
                    "it": [
                      "Francia"
                    ],
                    "fr": [
                      "France"
                    ],
                    "nl": [
                      "Frankrijk"
                    ],
                    "es": [
                      "Francia"
                    ]
                  }
                }
              }
            }
          }
        }
      ],
      "schema:geo": {
        "@id": "https://data.datatourisme.fr/4931dcdb-1824-3af3-8c18-df98c0202a29",
        "schema:latitude": "42.63246",
        "schema:longitude": "9.021305",
        "@type": [
          "schema:GeoCoordinates"
        ]
      },
      "schema:openingHoursSpecification": [
        {
          "@id": "https://data.datatourisme.fr/328bf80f-f9a5-32ac-95d7-efd943ba8ca4",
          "schema:validFrom": "2023-04-14T00:00:00",
          "schema:validThrough": "2023-11-05T23:59:59",
          "@type": [
            "schema:OpeningHoursSpecification"
          ],
          "additionalInformation": {
            "de": [
              "Geschlossen vom 8. bis 20.10.2023"
            ],
            "en": [
              "Closed from 8 to 20/10/2023"
            ],
            "it": [
              "Chiuso dall'8 al 20/10/2023"
            ],
            "fr": [
              "Fermé du 8 au 20/10/2023"
            ],
            "nl": [
              "Gesloten van 8 tot 20/10/2023"
            ],
            "es": [
              "Cerrado del 8 al 20/10/2023"
            ]
          },
          "hasTranslatedProperty": [
            {
              "@id": "https://data.datatourisme.fr/3b6e11e1-ecb0-3cc6-a2e9-f622ddd5b47d",
              "dc:contributor": [
                "https://api.deepl.com/v2/translate"
              ],
              "rdf:language": [
                "de"
              ],
              "rdf:predicate": [
                "additionalInformation"
              ]
            },
            {
              "@id": "https://data.datatourisme.fr/b77f3fc1-da0b-3163-b452-5dc6220ba585",
              "dc:contributor": [
                "https://api.deepl.com/v2/translate"
              ],
              "rdf:language": [
                "es"
              ],
              "rdf:predicate": [
                "additionalInformation"
              ]
            },
            {
              "@id": "https://data.datatourisme.fr/bb4a7e7e-906b-33f5-a0d2-dd4dc4f475c6",
              "dc:contributor": [
                "https://api.deepl.com/v2/translate"
              ],
              "rdf:language": [
                "en"
              ],
              "rdf:predicate": [
                "additionalInformation"
              ]
            },
            {
              "@id": "https://data.datatourisme.fr/c53ae4e7-8433-30ed-88a0-5b6e2bc016ed",
              "dc:contributor": [
                "https://api.deepl.com/v2/translate"
              ],
              "rdf:language": [
                "it"
              ],
              "rdf:predicate": [
                "additionalInformation"
              ]
            },
            {
              "@id": "https://data.datatourisme.fr/f4ff02f2-59c3-3e48-b6ba-7a02a3ec6f69",
              "dc:contributor": [
                "https://api.deepl.com/v2/translate"
              ],
              "rdf:language": [
                "nl"
              ],
              "rdf:predicate": [
                "additionalInformation"
              ]
            }
          ]
        }
      ],
      "@type": [
        "schema:Place",
        "Place"
      ]
    }
  ],
  "isOwnedBy": [
    {
      "@id": "https://data.datatourisme.fr/252af22a-253d-33df-b9d7-204832749402",
      "schema:email": [
        "web@ileroussetourisme.com"
      ],
      "schema:legalName": "Office de Tourisme Intercommunal de L'Ile Rousse-Balagne",
      "@type": [
        "schema:Organization",
        "foaf:Agent",
        "Agent"
      ],
      "foaf:homepage": [
        "https://www.balagne-corsica.com/"
      ]
    }
  ],
  "lastUpdate": "2023-02-15",
  "lastUpdateDatatourisme": "2023-02-16T06:39:42.004Z",
  "offers": [
    {
      "@id": "https://data.datatourisme.fr/1ccd9cf7-5314-3e8a-933e-335bc69fea80",
      "schema:priceSpecification": [
        {
          "@id": "https://data.datatourisme.fr/9e2ee2e7-1d7a-3cd2-b524-0abf33c25331",
          "schema:maxPrice": [
            "1490"
          ],
          "schema:minPrice": [
            "450"
          ],
          "schema:priceCurrency": "EUR",
          "@type": [
            "schema:PriceSpecification",
            "PriceSpecification"
          ],
          "appliesOnPeriod": [
            {
              "@id": "https://data.datatourisme.fr/075a1df2-81a3-395f-a8cc-079432728909",
              "@type": [
                "Period"
              ],
              "endDate": "2023-11-05",
              "startDate": "2023-04-14"
            }
          ]
        }
      ],
      "@type": [
        "schema:Offer",
        "Offer"
      ]
    }
  ]
}