{
  "@id": "https://data.datatourisme.fr/13/4811b71f-4e18-3be4-9e4d-8bd961c40e08",
  "dc:identifier": "5215999",
  "@type": [
    "schema:LocalBusiness",
    "ActivityProvider",
    "PlaceOfInterest",
    "PointOfInterest",
    "Store"
  ],
  "rdfs:comment": {
    "de": [
      "Kommen Sie und erleben Sie eine einzigartige Erfahrung im Herzen des Naturparks Bouches de Bonifacio!"
    ],
    "en": [
      "Come and live a unique experience in the heart of the Bouches de Bonifacio Nature Reserve!"
    ],
    "it": [
      "Venite a vivere un'esperienza unica nel cuore della Riserva Naturale di Bouches de Bonifacio!"
    ],
    "fr": [
      "Au coeur de la Réserve Naturelle des Bouches de Bonifacio, Baptême 20 min, Classe découverte 40 min, Formations et Explorations 2 tanks pour plongeurs certifiés."
    ],
    "nl": [
      "Kom en beleef een unieke ervaring in het hart van het natuurreservaat van de Bouches de Bonifacio!"
    ],
    "es": [
      "En el corazón de la Reserva Natural de Bouches de Bonifacio, Bautizo 20 min, Clase de Descubrimiento 40 min, Formación y Exploración 2 tanques para buceadores certificados."
    ]
  },
  "rdfs:label": {
    "fr": [
      "Bonifacio Plongée"
    ]
  },
  "hasBeenCreatedBy": {
    "@id": "https://data.datatourisme.fr/13/84c6494d-3085-3c63-a55c-db8cb047fadd",
    "dc:identifier": "1738",
    "schema:email": [
      "camillef.omt@gmail.com",
      "direction@destination-sudcorse.com",
      "gestion@destination-sudcorse.com",
      "promotion@destination-sudcorse.com",
      "webmaster@destination-sudcorse.com"
    ],
    "schema:legalName": "Porto Vecchio Tourisme",
    "@type": [
      "schema:Organization",
      "foaf:Agent",
      "Agent"
    ],
    "foaf:homepage": [
      "http://www.ot-portovecchio.com/"
    ]
  },
  "hasBeenPublishedBy": [
    {
      "@id": "https://data.datatourisme.fr/8a9feb4b-2cbd-3d2c-b507-bd6c6776b23b",
      "schema:legalName": "Apidae Tourisme Scic SA - source : Apidae Tourisme",
      "@type": [
        "schema:Organization",
        "foaf:Agent",
        "Agent"
      ],
      "foaf:homepage": [
        "https://www.apidae-tourisme.com/"
      ]
    }
  ],
  "hasContact": [
    {
      "@id": "https://data.datatourisme.fr/9ce52671-b259-3d6e-8a43-3b18b162bfb9",
      "schema:email": [
        "bonifacio.plongee@gmail.com"
      ],
      "schema:telephone": [
        "+33 4 20 04 73 27"
      ],
      "@type": [
        "foaf:Agent",
        "Agent"
      ],
      "foaf:homepage": [
        "http://www.bonifacioplongee.corsica/"
      ]
    }
  ],
  "hasDescription": [
    {
      "@id": "https://data.datatourisme.fr/bf28e597-5113-36af-b320-13d40d4abea8",
      "@type": [
        "Description"
      ],
      "hasTranslatedProperty": [
        {
          "@id": "https://data.datatourisme.fr/4b055420-b9de-321e-9483-2d8fecca2d98",
          "dc:contributor": [
            "https://api.deepl.com/v2/translate"
          ],
          "rdf:language": [
            "es"
          ],
          "rdf:predicate": [
            "shortDescription"
          ]
        }
      ],
      "shortDescription": {
        "de": [
          "Kommen Sie und erleben Sie eine einzigartige Erfahrung im Herzen des Naturparks Bouches de Bonifacio!"
        ],
        "en": [
          "Come and live a unique experience in the heart of the Bouches de Bonifacio Nature Reserve!"
        ],
        "it": [
          "Venite a vivere un'esperienza unica nel cuore della Riserva Naturale di Bouches de Bonifacio!"
        ],
        "fr": [
          "Au coeur de la Réserve Naturelle des Bouches de Bonifacio, Baptême 20 min, Classe découverte 40 min, Formations et Explorations 2 tanks pour plongeurs certifiés."
        ],
        "nl": [
          "Kom en beleef een unieke ervaring in het hart van het natuurreservaat van de Bouches de Bonifacio!"
        ],
        "es": [
          "En el corazón de la Reserva Natural de Bouches de Bonifacio, Bautizo 20 min, Clase de Descubrimiento 40 min, Formación y Exploración 2 tanques para buceadores certificados."
        ]
      }
    }
  ],
  "hasTheme": [
    {
      "@id": "kb:Diving",
      "@type": [
        "SportsTheme"
      ],
      "rdfs:label": {
        "de": [
          "Tauchen"
        ],
        "pt": [
          "Mergulho"
        ],
        "en": [
          "Diving"
        ],
        "it": [
          "Immersione"
        ],
        "fr": [
          "Plongée"
        ],
        "nl": [
          "Duiken"
        ],
        "es": [
          "Buceo"
        ]
      }
    }
  ],
  "hasTranslatedProperty": [
    {
      "@id": "https://data.datatourisme.fr/a28a73dd-cf6f-386c-8bb1-506d736260d7",
      "dc:contributor": [
        "https://api.deepl.com/v2/translate"
      ],
      "rdf:language": [
        "es"
      ],
      "rdf:predicate": [
        {
          "@id": "rdfs:comment"
        }
      ]
    }
  ],
  "isLocatedAt": [
    {
      "@id": "https://data.datatourisme.fr/93325caa-978f-3460-9f43-25eb91756d5e",
      "schema:address": [
        {
          "@id": "https://data.datatourisme.fr/f8e5b53a-5d5d-3e5d-b1a9-c677c0c7b5c0",
          "schema:addressLocality": "Bonifacio",
          "schema:postalCode": "20169",
          "schema:streetAddress": [
            "Avenue Sylver Bohn",
            "Lieudit Sennola",
            "Port de Bonifacio"
          ],
          "@type": [
            "schema:PostalAddress",
            "PostalAddress"
          ],
          "hasAddressCity": {
            "@id": "kb:2A041",
            "@type": [
              "City"
            ],
            "rdfs:label": {
              "en": [
                "Bonifacio"
              ],
              "fr": [
                "Bonifacio"
              ]
            },
            "insee": "2A041",
            "isPartOfDepartment": {
              "@id": "kb:France942A",
              "@type": [
                "Department"
              ],
              "rdfs:label": {
                "en": [
                  "Corse-du-Sud"
                ],
                "fr": [
                  "Corse-du-Sud"
                ]
              },
              "insee": "2A",
              "isPartOfRegion": {
                "@id": "kb:France94",
                "@type": [
                  "Region"
                ],
                "rdfs:label": {
                  "en": [
                    "Corse"
                  ],
                  "fr": [
                    "Corse"
                  ]
                },
                "insee": "94",
                "isPartOfCountry": {
                  "@id": "kb:France",
                  "@type": [
                    "schema:Country"
                  ],
                  "rdfs:label": {
                    "de": [
                      "Frankreich"
                    ],
                    "pt": [
                      "França"
                    ],
                    "en": [
                      "France"
                    ],
                    "it": [
                      "Francia"
                    ],
                    "fr": [
                      "France"
                    ],
                    "nl": [
                      "Frankrijk"
                    ],
                    "es": [
                      "Francia"
                    ]
                  }
                }
              }
            }
          }
        }
      ],
      "schema:geo": {
        "@id": "https://data.datatourisme.fr/9885e1c1-2511-3955-b17a-80b62e8e5989",
        "schema:latitude": "41.390424",
        "schema:longitude": "9.165386",
        "@type": [
          "schema:GeoCoordinates"
        ]
      },
      "schema:openingHoursSpecification": [
        {
          "@id": "https://data.datatourisme.fr/06c64de4-f671-36cb-ac56-f707ed3bf1cd",
          "schema:validFrom": "2023-04-15T00:00:00",
          "schema:validThrough": "2023-10-31T23:59:59",
          "@type": [
            "schema:OpeningHoursSpecification"
          ]
        }
      ],
      "@type": [
        "schema:Place",
        "Place"
      ]
    }
  ],
  "isOwnedBy": [
    {
      "@id": "https://data.datatourisme.fr/f5f950f9-5eec-32b4-a357-2c969ccf4068",
      "schema:email": [
        "camillef.omt@gmail.com",
        "direction@destination-sudcorse.com",
        "gestion@destination-sudcorse.com",
        "promotion@destination-sudcorse.com",
        "webmaster@destination-sudcorse.com"
      ],
      "schema:legalName": "Porto Vecchio Tourisme",
      "@type": [
        "schema:Organization",
        "foaf:Agent",
        "Agent"
      ],
      "foaf:homepage": [
        "http://www.ot-portovecchio.com/"
      ]
    }
  ],
  "lastUpdate": "2023-02-15",
  "lastUpdateDatatourisme": "2023-02-16T06:39:41.976Z",
  "offers": [
    {
      "@id": "https://data.datatourisme.fr/648ab8df-b59a-3577-adfe-386d1d72cdc1",
      "schema:priceSpecification": [
        {
          "@id": "https://data.datatourisme.fr/af0bb3dc-a0b8-30f8-8d26-0ad60e95f85b",
          "schema:minPrice": [
            "45"
          ],
          "schema:priceCurrency": "EUR",
          "@type": [
            "schema:PriceSpecification",
            "PriceSpecification"
          ],
          "appliesOnPeriod": [
            {
              "@id": "https://data.datatourisme.fr/19de878d-6e3b-3d65-812c-5e8fb63aa9fd",
              "@type": [
                "Period"
              ],
              "endDate": "2023-10-31",
              "startDate": "2023-04-15"
            }
          ]
        }
      ],
      "@type": [
        "schema:Offer",
        "Offer"
      ]
    }
  ]
}