{
  "@id": "https://data.datatourisme.fr/13/48b71285-8ff5-3e06-938b-2cc6ecccd2de",
  "dc:identifier": "5006608",
  "@type": [
    "schema:LocalBusiness",
    "ActivityProvider",
    "PlaceOfInterest",
    "PointOfInterest",
    "Store"
  ],
  "rdfs:comment": {
    "de": [
      "Um die Agriate zu entdecken, gibt es nichts Besseres, als Ihren eigenen Geländewagen bei St Flo 4x4 zu mieten. Komfortable Fahrzeuge, mit denen Sie die Balagne und ihre herrlichen Landschaften in aller Ruhe entdecken können. Nicht zu vergessen die Beratung und die persönliche Organisation."
    ],
    "en": [
      "There's no better way of exploring Agriate than in your own 4x4 vehicle rented from St Flo 4x4. Comfortable vehicles for peace of mind on a discovery of the magnificent Balagne landscape. Customised tips and arrangements."
    ],
    "it": [
      "Per scoprire l'Agriate non c'è niente di meglio che noleggiare il proprio 4x4 con St Flo 4x4. Veicoli confortevoli per scoprire la Balagne e i suoi magnifici paesaggi in tutta tranquillità. Senza dimenticare i consigli e l'organizzazione personalizzata."
    ],
    "fr": [
      "Pour découvrir l'Agriate rien de mieux que louer votre propre 4x4 avec St Flo 4x4. Des véhicules confortables pour découvrir en toute tranquillité la Balagne et ses paysages magnifiques. Sans oublier les conseils et l'organisation personnalisée."
    ],
    "es": [
      "Para descubrir el Agriate nada mejor que alquilar su propio 4x4 con St Flo 4x4. Vehículos cómodos para descubrir la Balagne y sus magníficos paisajes con total tranquilidad. Sin olvidar el asesoramiento y la organización personalizada."
    ],
    "nl": [
      "Om de Agriate te ontdekken gaat er niets boven het huren van uw eigen 4x4 bij St Flo 4x4. Comfortabele voertuigen om de Balagne en zijn prachtige landschappen in alle rust te ontdekken. Zonder het advies en de persoonlijke organisatie te vergeten."
    ]
  },
  "rdfs:label": {
    "fr": [
      "St Flo 4x4"
    ]
  },
  "hasBeenCreatedBy": {
    "@id": "https://data.datatourisme.fr/13/8d420fa3-5754-31f1-8199-69c88780314d",
    "dc:identifier": "1647",
    "schema:email": [
      "web@ileroussetourisme.com"
    ],
    "schema:legalName": "Office de Tourisme Intercommunal de L'Ile Rousse-Balagne",
    "@type": [
      "schema:Organization",
      "foaf:Agent",
      "Agent"
    ],
    "foaf:homepage": [
      "https://www.balagne-corsica.com/"
    ]
  },
  "hasBeenPublishedBy": [
    {
      "@id": "https://data.datatourisme.fr/8a9feb4b-2cbd-3d2c-b507-bd6c6776b23b",
      "schema:legalName": "Apidae Tourisme Scic SA - source : Apidae Tourisme",
      "@type": [
        "schema:Organization",
        "foaf:Agent",
        "Agent"
      ],
      "foaf:homepage": [
        "https://www.apidae-tourisme.com/"
      ]
    }
  ],
  "hasContact": [
    {
      "@id": "https://data.datatourisme.fr/a8290143-60b3-3df8-b3c0-8c370851dd7f",
      "schema:email": [
        "st-flo-4x4@orange.fr"
      ],
      "schema:telephone": [
        "+33 4 95 37 06 42",
        "+33 6 23 01 68 79"
      ],
      "@type": [
        "foaf:Agent",
        "Agent"
      ],
      "foaf:homepage": [
        "http://www.stflo4x4.com/"
      ]
    }
  ],
  "hasDescription": [
    {
      "@id": "https://data.datatourisme.fr/1c373c07-1bde-3703-96c7-8ddcc12275a2",
      "@type": [
        "Description"
      ],
      "hasTranslatedProperty": [
        {
          "@id": "https://data.datatourisme.fr/707667f4-9603-3083-9eec-ae3a64c43863",
          "dc:contributor": [
            "https://api.deepl.com/v2/translate"
          ],
          "rdf:language": [
            "nl"
          ],
          "rdf:predicate": [
            "shortDescription"
          ]
        },
        {
          "@id": "https://data.datatourisme.fr/89ed7de0-d58f-3d38-b72b-de4681ff0e41",
          "dc:contributor": [
            "https://api.deepl.com/v2/translate"
          ],
          "rdf:language": [
            "es"
          ],
          "rdf:predicate": [
            "shortDescription"
          ]
        },
        {
          "@id": "https://data.datatourisme.fr/af96cf5f-4c50-3f54-b3b7-a72e9b93f3fe",
          "dc:contributor": [
            "https://api.deepl.com/v2/translate"
          ],
          "rdf:language": [
            "de"
          ],
          "rdf:predicate": [
            "shortDescription"
          ]
        }
      ],
      "shortDescription": {
        "de": [
          "Um die Agriate zu entdecken, gibt es nichts Besseres, als Ihren eigenen Geländewagen bei St Flo 4x4 zu mieten. Komfortable Fahrzeuge, mit denen Sie die Balagne und ihre herrlichen Landschaften in aller Ruhe entdecken können. Nicht zu vergessen die Beratung und die persönliche Organisation."
        ],
        "en": [
          "There's no better way of exploring Agriate than in your own 4x4 vehicle rented from St Flo 4x4. Comfortable vehicles for peace of mind on a discovery of the magnificent Balagne landscape. Customised tips and arrangements."
        ],
        "it": [
          "Per scoprire l'Agriate non c'è niente di meglio che noleggiare il proprio 4x4 con St Flo 4x4. Veicoli confortevoli per scoprire la Balagne e i suoi magnifici paesaggi in tutta tranquillità. Senza dimenticare i consigli e l'organizzazione personalizzata."
        ],
        "fr": [
          "Pour découvrir l'Agriate rien de mieux que louer votre propre 4x4 avec St Flo 4x4. Des véhicules confortables pour découvrir en toute tranquillité la Balagne et ses paysages magnifiques. Sans oublier les conseils et l'organisation personnalisée."
        ],
        "es": [
          "Para descubrir el Agriate nada mejor que alquilar su propio 4x4 con St Flo 4x4. Vehículos cómodos para descubrir la Balagne y sus magníficos paisajes con total tranquilidad. Sin olvidar el asesoramiento y la organización personalizada."
        ],
        "nl": [
          "Om de Agriate te ontdekken gaat er niets boven het huren van uw eigen 4x4 bij St Flo 4x4. Comfortabele voertuigen om de Balagne en zijn prachtige landschappen in alle rust te ontdekken. Zonder het advies en de persoonlijke organisatie te vergeten."
        ]
      }
    }
  ],
  "hasTheme": [
    {
      "@id": "kb:FourWheelDrive",
      "@type": [
        "SportsTheme"
      ],
      "rdfs:label": {
        "de": [
          "4 × 4"
        ],
        "pt": [
          "4 X 4"
        ],
        "en": [
          "Four-wheel drive"
        ],
        "it": [
          "4 × 4"
        ],
        "fr": [
          "4 x 4"
        ],
        "nl": [
          "4 × 4"
        ],
        "es": [
          "4 x 4"
        ]
      }
    }
  ],
  "hasTranslatedProperty": [
    {
      "@id": "https://data.datatourisme.fr/45b5b645-51da-3f4c-91ac-3dd1355f3d1d",
      "dc:contributor": [
        "https://api.deepl.com/v2/translate"
      ],
      "rdf:language": [
        "es"
      ],
      "rdf:predicate": [
        {
          "@id": "rdfs:comment"
        }
      ]
    },
    {
      "@id": "https://data.datatourisme.fr/72175b5b-8457-343f-82df-4397ea9aae4e",
      "dc:contributor": [
        "https://api.deepl.com/v2/translate"
      ],
      "rdf:language": [
        "nl"
      ],
      "rdf:predicate": [
        {
          "@id": "rdfs:comment"
        }
      ]
    },
    {
      "@id": "https://data.datatourisme.fr/e27135b2-cf28-308c-a530-523e95bebff7",
      "dc:contributor": [
        "https://api.deepl.com/v2/translate"
      ],
      "rdf:language": [
        "de"
      ],
      "rdf:predicate": [
        {
          "@id": "rdfs:comment"
        }
      ]
    }
  ],
  "isLocatedAt": [
    {
      "@id": "https://data.datatourisme.fr/4f8c7c51-1028-3637-9a16-4663e20d7e91",
      "schema:address": [
        {
          "@id": "https://data.datatourisme.fr/3fb5a2b5-e9b4-3225-9795-0a04c811e8b1",
          "schema:addressLocality": "Saint-Florent",
          "schema:postalCode": "20217",
          "schema:streetAddress": [
            "Route de la plage"
          ],
          "@type": [
            "schema:PostalAddress",
            "PostalAddress"
          ],
          "hasAddressCity": {
            "@id": "kb:2B298",
            "@type": [
              "City"
            ],
            "rdfs:label": {
              "en": [
                "Saint-Florent"
              ],
              "fr": [
                "Saint-Florent"
              ]
            },
            "insee": "2B298",
            "isPartOfDepartment": {
              "@id": "kb:France942B",
              "@type": [
                "Department"
              ],
              "rdfs:label": {
                "en": [
                  "Haute-Corse"
                ],
                "fr": [
                  "Haute-Corse"
                ]
              },
              "insee": "2B",
              "isPartOfRegion": {
                "@id": "kb:France94",
                "@type": [
                  "Region"
                ],
                "rdfs:label": {
                  "en": [
                    "Corse"
                  ],
                  "fr": [
                    "Corse"
                  ]
                },
                "insee": "94",
                "isPartOfCountry": {
                  "@id": "kb:France",
                  "@type": [
                    "schema:Country"
                  ],
                  "rdfs:label": {
                    "de": [
                      "Frankreich"
                    ],
                    "pt": [
                      "França"
                    ],
                    "en": [
                      "France"
                    ],
                    "it": [
                      "Francia"
                    ],
                    "fr": [
                      "France"
                    ],
                    "nl": [
                      "Frankrijk"
                    ],
                    "es": [
                      "Francia"
                    ]
                  }
                }
              }
            }
          }
        }
      ],
      "schema:geo": {
        "@id": "https://data.datatourisme.fr/5fed6b13-7448-3b94-a991-ecbf46da2281",
        "schema:latitude": "42.672902",
        "schema:longitude": "9.298082",
        "@type": [
          "schema:GeoCoordinates"
        ]
      },
      "schema:openingHoursSpecification": [
        {
          "@id": "https://data.datatourisme.fr/366ec1a9-7b8d-341e-9819-6982f8bdd355",
          "schema:validFrom": "2023-01-01T00:00:00",
          "schema:validThrough": "2023-12-31T23:59:59",
          "@type": [
            "schema:OpeningHoursSpecification"
          ],
          "additionalInformation": {
            "de": [
              "Montag bis Freitag: 09h-12h / 14h-18h\r\nIn der Saison: am Wochenende 09:30-11:00 Uhr und 16:30-18:30 Uhr\r\nRest des Jahres: am Wochenende nach Voranmeldung"
            ],
            "en": [
              "Monday to Friday: 09h-12h / 14h-18h\r\nIn season: weekends 09h30-11h and from 16h30-18h30\r\nThe rest of the year: weekends by reservation"
            ],
            "it": [
              "Da lunedì a venerdì: 9.00-12.00 / 14.00-18.00\r\nIn stagione: nei fine settimana dalle 9.30 alle 11 e dalle 16.30 alle 18.30\r\nIl resto dell'anno: weekend su prenotazione"
            ],
            "fr": [
              "Du lundi au vendredi : 09h-12h / 14h-18h\r\nEn saison : le week-end 09h30-11h et de 16h30-18h30\r\nLe reste de l'année : le week-end sur réservation"
            ],
            "nl": [
              "Maandag tot vrijdag: 9u-12u / 14u-18u\r\nIn het seizoen: weekends van 9.30 tot 11 uur en van 16.30 tot 18.30 uur\r\nDe rest van het jaar: weekends op reservering"
            ],
            "es": [
              "De lunes a viernes: 9:00-12:00 / 14:00-18:00\r\nEn temporada: fines de semana de 9:30 a 11:00 y de 16:30 a 18:30\r\nEl resto del año: fines de semana con reserva"
            ]
          },
          "hasTranslatedProperty": [
            {
              "@id": "https://data.datatourisme.fr/01435be5-83be-3a78-950a-d7fd50b0ebbf",
              "dc:contributor": [
                "https://api.deepl.com/v2/translate"
              ],
              "rdf:language": [
                "nl"
              ],
              "rdf:predicate": [
                "additionalInformation"
              ]
            },
            {
              "@id": "https://data.datatourisme.fr/17721212-0e12-3249-a3a8-7b5c3543f4b0",
              "dc:contributor": [
                "https://api.deepl.com/v2/translate"
              ],
              "rdf:language": [
                "it"
              ],
              "rdf:predicate": [
                "additionalInformation"
              ]
            },
            {
              "@id": "https://data.datatourisme.fr/30f4697a-0d62-39bc-acbb-52029f8f090c",
              "dc:contributor": [
                "https://api.deepl.com/v2/translate"
              ],
              "rdf:language": [
                "en"
              ],
              "rdf:predicate": [
                "additionalInformation"
              ]
            },
            {
              "@id": "https://data.datatourisme.fr/58d51cd7-e3af-3c32-bdcc-3ad131e44be0",
              "dc:contributor": [
                "https://api.deepl.com/v2/translate"
              ],
              "rdf:language": [
                "es"
              ],
              "rdf:predicate": [
                "additionalInformation"
              ]
            },
            {
              "@id": "https://data.datatourisme.fr/7e5bf910-9605-35e9-9ab2-c129fe5d5aa1",
              "dc:contributor": [
                "https://api.deepl.com/v2/translate"
              ],
              "rdf:language": [
                "de"
              ],
              "rdf:predicate": [
                "additionalInformation"
              ]
            }
          ]
        }
      ],
      "@type": [
        "schema:Place",
        "Place"
      ]
    }
  ],
  "isOwnedBy": [
    {
      "@id": "https://data.datatourisme.fr/252af22a-253d-33df-b9d7-204832749402",
      "schema:email": [
        "web@ileroussetourisme.com"
      ],
      "schema:legalName": "Office de Tourisme Intercommunal de L'Ile Rousse-Balagne",
      "@type": [
        "schema:Organization",
        "foaf:Agent",
        "Agent"
      ],
      "foaf:homepage": [
        "https://www.balagne-corsica.com/"
      ]
    }
  ],
  "lastUpdate": "2023-03-14",
  "lastUpdateDatatourisme": "2023-03-15T06:42:03.491Z"
}