{
  "@id": "https://data.datatourisme.fr/13/48b13998-8bb4-3acd-aceb-870bf92fed89",
  "dc:identifier": "4973625",
  "@type": [
    "Church",
    "CulturalSite",
    "PlaceOfInterest",
    "PointOfInterest",
    "ReligiousSite"
  ],
  "rdfs:comment": {
    "de": [
      "Die unter Denkmalschutz stehende Pfarrkirche von Calenzana ist eines der wichtigsten Barockgebäude der Balagne."
    ],
    "en": [
      "The parish church of Calenzana is a listed historical monument and one of the most significant Baroque buildings in Balagne."
    ],
    "it": [
      "La chiesa parrocchiale di Calenzana, classificata come monumento storico, è uno dei principali edifici barocchi della Balagne."
    ],
    "fr": [
      "L'église paroissiale de Calenzana, classée monument historique, est un des principaux édifices baroques de la Balagne."
    ],
    "es": [
      "La iglesia parroquial de Calenzana, clasificada como monumento histórico, es uno de los principales edificios barrocos de la región de Balagne."
    ],
    "nl": [
      "De parochiekerk van Calenzana, geklasseerd als historisch monument, is een van de belangrijkste barokgebouwen van de Balagne."
    ]
  },
  "rdfs:label": {
    "en": [
      "Saint Blaise Church"
    ],
    "it": [
      "Chiesa Saint Blaise"
    ],
    "fr": [
      "Eglise Saint Blaise"
    ]
  },
  "owl:sameAs": [
    "http://www.wikidata.org/entity/Q3581098"
  ],
  "hasBeenCreatedBy": {
    "@id": "https://data.datatourisme.fr/13/e4873aa9-a05c-35ed-8395-61d121516766",
    "dc:identifier": "1646",
    "schema:email": [
      "info@balagne-corsica.com"
    ],
    "schema:legalName": "Office de Tourisme Intercommunal Calvi - Balagne",
    "@type": [
      "schema:Organization",
      "foaf:Agent",
      "Agent"
    ],
    "foaf:homepage": [
      "https://www.balagne-corsica.com/"
    ]
  },
  "hasBeenPublishedBy": [
    {
      "@id": "https://data.datatourisme.fr/8a9feb4b-2cbd-3d2c-b507-bd6c6776b23b",
      "schema:legalName": "Apidae Tourisme Scic SA - source : Apidae Tourisme",
      "@type": [
        "schema:Organization",
        "foaf:Agent",
        "Agent"
      ],
      "foaf:homepage": [
        "https://www.apidae-tourisme.com/"
      ]
    }
  ],
  "hasContact": [
    {
      "@id": "https://data.datatourisme.fr/cc158f13-f12d-3fe4-81b6-fa8d61a1c38f",
      "schema:telephone": [
        "+33 4 95 62 70 08",
        "+33 4 95 65 00 72",
        "+33 4 95 65 16 67"
      ],
      "@type": [
        "foaf:Agent",
        "Agent"
      ]
    }
  ],
  "hasDescription": [
    {
      "@id": "https://data.datatourisme.fr/8ff36071-d3ba-38e7-9b60-d8eb367727ae",
      "@type": [
        "Description"
      ],
      "hasTranslatedProperty": [
        {
          "@id": "https://data.datatourisme.fr/632e8404-9e77-31ee-9518-8f1f6b7525eb",
          "dc:contributor": [
            "https://api.deepl.com/v2/translate"
          ],
          "rdf:language": [
            "de"
          ],
          "rdf:predicate": [
            "shortDescription"
          ]
        },
        {
          "@id": "https://data.datatourisme.fr/d40954cb-be12-3114-a82b-fe2cc6bdd78a",
          "dc:contributor": [
            "https://api.deepl.com/v2/translate"
          ],
          "rdf:language": [
            "nl"
          ],
          "rdf:predicate": [
            "shortDescription"
          ]
        },
        {
          "@id": "https://data.datatourisme.fr/f49b84f6-a22b-39dd-b344-dc1db016beeb",
          "dc:contributor": [
            "https://api.deepl.com/v2/translate"
          ],
          "rdf:language": [
            "es"
          ],
          "rdf:predicate": [
            "shortDescription"
          ]
        }
      ],
      "shortDescription": {
        "de": [
          "Die unter Denkmalschutz stehende Pfarrkirche von Calenzana ist eines der wichtigsten Barockgebäude der Balagne."
        ],
        "en": [
          "The parish church of Calenzana is a listed historical monument and one of the most significant Baroque buildings in Balagne."
        ],
        "it": [
          "La chiesa parrocchiale di Calenzana, classificata come monumento storico, è uno dei principali edifici barocchi della Balagne."
        ],
        "fr": [
          "L'église paroissiale de Calenzana, classée monument historique, est un des principaux édifices baroques de la Balagne."
        ],
        "es": [
          "La iglesia parroquial de Calenzana, clasificada como monumento histórico, es uno de los principales edificios barrocos de la región de Balagne."
        ],
        "nl": [
          "De parochiekerk van Calenzana, geklasseerd als historisch monument, is een van de belangrijkste barokgebouwen van de Balagne."
        ]
      }
    }
  ],
  "hasRepresentation": [
    {
      "@id": "https://data.datatourisme.fr/b1d7c6b6-7085-3760-81f5-8bc794f0fe86",
      "ebucore:hasAnnotation": [
        {
          "@id": "https://data.datatourisme.fr/f00cb881-a019-38fc-b1ff-d16726bcba98",
          "ebucore:isCoveredBy": "CC BY-SA 3.0",
          "ebucore:title": [
            "Calenzana - Saint-Blaise"
          ],
          "@type": [
            "ebucore:Annotation"
          ],
          "credits": [
            "Pierre Bona (https://commons.wikimedia.org/wiki/User:Pierre_Bona)"
          ]
        }
      ],
      "ebucore:hasRelatedResource": [
        {
          "@id": "https://data.datatourisme.fr/e362295e-d9b0-3349-93b2-a34620023cc8",
          "ebucore:fileSize": [
            6312572
          ],
          "ebucore:hasMimeType": [
            {
              "@id": "kb:JPEG",
              "@type": [
                "ebucore:MimeType"
              ],
              "rdfs:comment": {
                "de": [
                  "JPEG-Bild"
                ],
                "pt": [
                  "Imagem JPEG"
                ],
                "en": [
                  "JPEG image file"
                ],
                "it": [
                  "Immagine JPEG"
                ],
                "fr": [
                  "Image JPEG"
                ],
                "nl": [
                  "JPEG-afbeelding"
                ],
                "es": [
                  "Imagen JPEG"
                ]
              },
              "rdfs:label": {
                "de": [
                  "image/jpeg"
                ],
                "pt": [
                  "image/jpeg"
                ],
                "en": [
                  "image/jpeg"
                ],
                "it": [
                  "image/jpeg"
                ],
                "fr": [
                  "image/jpeg"
                ],
                "nl": [
                  "image/jpeg"
                ],
                "es": [
                  "image/jpeg"
                ]
              }
            }
          ],
          "ebucore:height": 2352,
          "ebucore:locator": [
            "https://upload.wikimedia.org/wikipedia/commons/b/b0/Calenzana_-_Saint-Blaise.jpg"
          ],
          "ebucore:width": 3136,
          "@type": [
            "ebucore:Resource"
          ]
        }
      ],
      "@type": [
        "ebucore:EditorialObject"
      ]
    }
  ],
  "hasTheme": [
    {
      "@id": "kb:Culture",
      "@type": [
        "CulturalTheme"
      ],
      "rdfs:label": {
        "de": [
          "Kultur"
        ],
        "pt": [
          "Cultura"
        ],
        "en": [
          "Culture"
        ],
        "it": [
          "Cultura"
        ],
        "fr": [
          "Culture"
        ],
        "nl": [
          "Cultuur"
        ],
        "es": [
          "Cultura"
        ]
      }
    }
  ],
  "hasTranslatedProperty": [
    {
      "@id": "https://data.datatourisme.fr/1a5c8860-2c69-38c7-a048-9936c820fa31",
      "dc:contributor": [
        "https://api.deepl.com/v2/translate"
      ],
      "rdf:language": [
        "es"
      ],
      "rdf:predicate": [
        {
          "@id": "rdfs:comment"
        }
      ]
    },
    {
      "@id": "https://data.datatourisme.fr/381969d0-de9c-3d21-9636-69accddaf622",
      "dc:contributor": [
        "https://api.deepl.com/v2/translate"
      ],
      "rdf:language": [
        "nl"
      ],
      "rdf:predicate": [
        {
          "@id": "rdfs:comment"
        }
      ]
    },
    {
      "@id": "https://data.datatourisme.fr/4e2fec39-63c6-347b-85f2-e50c74f56257",
      "dc:contributor": [
        "https://api.deepl.com/v2/translate"
      ],
      "rdf:language": [
        "de"
      ],
      "rdf:predicate": [
        {
          "@id": "rdfs:comment"
        }
      ]
    }
  ],
  "isLocatedAt": [
    {
      "@id": "https://data.datatourisme.fr/3e8ab636-e350-3369-af52-e0e7788c5388",
      "schema:address": [
        {
          "@id": "https://data.datatourisme.fr/03ca0542-8633-317f-83af-f24cbc973b36",
          "schema:addressLocality": "Calenzana",
          "schema:postalCode": "20214",
          "@type": [
            "schema:PostalAddress",
            "PostalAddress"
          ],
          "hasAddressCity": {
            "@id": "kb:2B049",
            "@type": [
              "City"
            ],
            "rdfs:label": {
              "en": [
                "Calenzana"
              ],
              "fr": [
                "Calenzana"
              ]
            },
            "insee": "2B049",
            "isPartOfDepartment": {
              "@id": "kb:France942B",
              "@type": [
                "Department"
              ],
              "rdfs:label": {
                "en": [
                  "Haute-Corse"
                ],
                "fr": [
                  "Haute-Corse"
                ]
              },
              "insee": "2B",
              "isPartOfRegion": {
                "@id": "kb:France94",
                "@type": [
                  "Region"
                ],
                "rdfs:label": {
                  "en": [
                    "Corse"
                  ],
                  "fr": [
                    "Corse"
                  ]
                },
                "insee": "94",
                "isPartOfCountry": {
                  "@id": "kb:France",
                  "@type": [
                    "schema:Country"
                  ],
                  "rdfs:label": {
                    "de": [
                      "Frankreich"
                    ],
                    "pt": [
                      "França"
                    ],
                    "en": [
                      "France"
                    ],
                    "it": [
                      "Francia"
                    ],
                    "fr": [
                      "France"
                    ],
                    "nl": [
                      "Frankrijk"
                    ],
                    "es": [
                      "Francia"
                    ]
                  }
                }
              }
            }
          }
        }
      ],
      "schema:geo": {
        "@id": "https://data.datatourisme.fr/2a989f1a-933b-3d53-b40a-6f7d0274697f",
        "schema:latitude": "42.508316",
        "schema:longitude": "8.855248",
        "@type": [
          "schema:GeoCoordinates"
        ]
      },
      "schema:openingHoursSpecification": [
        {
          "@id": "https://data.datatourisme.fr/f87e535a-636d-3343-ad63-8a03392e7511",
          "schema:validFrom": "2023-01-01T00:00:00",
          "schema:validThrough": "2023-12-31T23:59:59",
          "@type": [
            "schema:OpeningHoursSpecification"
          ]
        }
      ],
      "@type": [
        "schema:Place",
        "Place"
      ]
    }
  ],
  "isOwnedBy": [
    {
      "@id": "https://data.datatourisme.fr/194c52e6-bbae-33dc-8464-caca97844fbb",
      "schema:email": [
        "info@balagne-corsica.com"
      ],
      "schema:legalName": "Office de Tourisme Intercommunal Calvi - Balagne",
      "@type": [
        "schema:Organization",
        "foaf:Agent",
        "Agent"
      ],
      "foaf:homepage": [
        "https://www.balagne-corsica.com/"
      ]
    }
  ],
  "lastUpdate": "2022-08-03",
  "lastUpdateDatatourisme": "2023-02-28T06:40:59.576Z"
}