{
  "@id": "https://data.datatourisme.fr/13/441fa178-3ed4-3458-80a7-e2b71dcd717c",
  "dc:identifier": "5007665",
  "@type": [
    "schema:LocalBusiness",
    "CraftsmanShop",
    "PlaceOfInterest",
    "PointOfInterest",
    "Store"
  ],
  "rdfs:comment": {
    "de": [
      "Gebrauchs- und dekorative Fayencen. Von Hand dekorierte Gegenstände . Auftragsarbeiten: Hausschilder, personalisiertes Geschirr, .."
    ],
    "en": [
      "Decorative and practical earthenware. Handpainted and made-to-order items including ceramic house name plates and custom-made crockery."
    ],
    "it": [
      "Terracotta utilitaria e decorativa. Oggetti decorati a mano. Lavori su ordinazione: targhette per la casa, piatti personalizzati, ecc."
    ],
    "fr": [
      "Faïences utilitaires et décoratives. Objets décorés à la main . Travail sur commande : plaques maison, vaisselles personnalisées, …"
    ],
    "nl": [
      "Utilitair en decoratief aardewerk. Met de hand versierde objecten. Werk op bestelling: huisborden, gepersonaliseerd servies, enz"
    ],
    "es": [
      "Loza utilitaria y decorativa. Objetos decorados a mano. Trabajos por encargo: platos caseros, vajillas personalizadas, etc"
    ]
  },
  "rdfs:label": {
    "fr": [
      "Atelier Kinaï"
    ]
  },
  "hasBeenCreatedBy": {
    "@id": "https://data.datatourisme.fr/13/e4873aa9-a05c-35ed-8395-61d121516766",
    "dc:identifier": "1646",
    "schema:email": [
      "info@balagne-corsica.com"
    ],
    "schema:legalName": "Office de Tourisme Intercommunal Calvi - Balagne",
    "@type": [
      "schema:Organization",
      "foaf:Agent",
      "Agent"
    ],
    "foaf:homepage": [
      "https://www.balagne-corsica.com/"
    ]
  },
  "hasBeenPublishedBy": [
    {
      "@id": "https://data.datatourisme.fr/8a9feb4b-2cbd-3d2c-b507-bd6c6776b23b",
      "schema:legalName": "Apidae Tourisme Scic SA - source : Apidae Tourisme",
      "@type": [
        "schema:Organization",
        "foaf:Agent",
        "Agent"
      ],
      "foaf:homepage": [
        "https://www.apidae-tourisme.com/"
      ]
    }
  ],
  "hasContact": [
    {
      "@id": "https://data.datatourisme.fr/29e1f104-c759-3b1d-9894-02e50a9321c9",
      "schema:email": [
        "kinai-poterie@live.fr"
      ],
      "schema:telephone": [
        "+33 6 62 38 53 76"
      ],
      "@type": [
        "foaf:Agent",
        "Agent"
      ]
    }
  ],
  "hasDescription": [
    {
      "@id": "https://data.datatourisme.fr/059f55f1-e50a-36fd-a574-45af4c5b6279",
      "@type": [
        "Description"
      ],
      "hasTranslatedProperty": [
        {
          "@id": "https://data.datatourisme.fr/30687412-ab4d-36d0-9071-3750257901ad",
          "dc:contributor": [
            "https://api.deepl.com/v2/translate"
          ],
          "rdf:language": [
            "nl"
          ],
          "rdf:predicate": [
            "shortDescription"
          ]
        },
        {
          "@id": "https://data.datatourisme.fr/3925fd28-224e-3a91-807e-935d0f3a92ba",
          "dc:contributor": [
            "https://api.deepl.com/v2/translate"
          ],
          "rdf:language": [
            "de"
          ],
          "rdf:predicate": [
            "shortDescription"
          ]
        },
        {
          "@id": "https://data.datatourisme.fr/9842fd86-7ee5-332d-96bb-77a3f1b0a54a",
          "dc:contributor": [
            "https://api.deepl.com/v2/translate"
          ],
          "rdf:language": [
            "es"
          ],
          "rdf:predicate": [
            "shortDescription"
          ]
        }
      ],
      "shortDescription": {
        "de": [
          "Gebrauchs- und dekorative Fayencen. Von Hand dekorierte Gegenstände . Auftragsarbeiten: Hausschilder, personalisiertes Geschirr, .."
        ],
        "en": [
          "Decorative and practical earthenware. Handpainted and made-to-order items including ceramic house name plates and custom-made crockery."
        ],
        "it": [
          "Terracotta utilitaria e decorativa. Oggetti decorati a mano. Lavori su ordinazione: targhette per la casa, piatti personalizzati, ecc."
        ],
        "fr": [
          "Faïences utilitaires et décoratives. Objets décorés à la main . Travail sur commande : plaques maison, vaisselles personnalisées, …"
        ],
        "nl": [
          "Utilitair en decoratief aardewerk. Met de hand versierde objecten. Werk op bestelling: huisborden, gepersonaliseerd servies, enz"
        ],
        "es": [
          "Loza utilitaria y decorativa. Objetos decorados a mano. Trabajos por encargo: platos caseros, vajillas personalizadas, etc"
        ]
      }
    }
  ],
  "hasTranslatedProperty": [
    {
      "@id": "https://data.datatourisme.fr/b668a969-235e-37b7-adcf-acde23a0b195",
      "dc:contributor": [
        "https://api.deepl.com/v2/translate"
      ],
      "rdf:language": [
        "nl"
      ],
      "rdf:predicate": [
        {
          "@id": "rdfs:comment"
        }
      ]
    },
    {
      "@id": "https://data.datatourisme.fr/ca81ac45-3b0d-3315-8a1e-43a3a8da44ca",
      "dc:contributor": [
        "https://api.deepl.com/v2/translate"
      ],
      "rdf:language": [
        "de"
      ],
      "rdf:predicate": [
        {
          "@id": "rdfs:comment"
        }
      ]
    },
    {
      "@id": "https://data.datatourisme.fr/d0c453b6-e9c8-3f48-b76a-be6839e3e4ec",
      "dc:contributor": [
        "https://api.deepl.com/v2/translate"
      ],
      "rdf:language": [
        "es"
      ],
      "rdf:predicate": [
        {
          "@id": "rdfs:comment"
        }
      ]
    }
  ],
  "isLocatedAt": [
    {
      "@id": "https://data.datatourisme.fr/2c468e0a-9ee0-3402-a674-5262dbbd311c",
      "schema:address": [
        {
          "@id": "https://data.datatourisme.fr/40250b6f-ca1c-3ded-82a9-05d47b22f3b3",
          "schema:addressLocality": "Cateri",
          "schema:postalCode": "20225",
          "schema:streetAddress": [
            "(derrière l'église)",
            "Place du Monument"
          ],
          "@type": [
            "schema:PostalAddress",
            "PostalAddress"
          ],
          "hasAddressCity": {
            "@id": "kb:2B084",
            "@type": [
              "City"
            ],
            "rdfs:label": {
              "en": [
                "Cateri"
              ],
              "fr": [
                "Cateri"
              ]
            },
            "insee": "2B084",
            "isPartOfDepartment": {
              "@id": "kb:France942B",
              "@type": [
                "Department"
              ],
              "rdfs:label": {
                "en": [
                  "Haute-Corse"
                ],
                "fr": [
                  "Haute-Corse"
                ]
              },
              "insee": "2B",
              "isPartOfRegion": {
                "@id": "kb:France94",
                "@type": [
                  "Region"
                ],
                "rdfs:label": {
                  "en": [
                    "Corse"
                  ],
                  "fr": [
                    "Corse"
                  ]
                },
                "insee": "94",
                "isPartOfCountry": {
                  "@id": "kb:France",
                  "@type": [
                    "schema:Country"
                  ],
                  "rdfs:label": {
                    "de": [
                      "Frankreich"
                    ],
                    "pt": [
                      "França"
                    ],
                    "en": [
                      "France"
                    ],
                    "it": [
                      "Francia"
                    ],
                    "fr": [
                      "France"
                    ],
                    "nl": [
                      "Frankrijk"
                    ],
                    "es": [
                      "Francia"
                    ]
                  }
                }
              }
            }
          }
        }
      ],
      "schema:geo": {
        "@id": "https://data.datatourisme.fr/ebc426d1-8a71-3655-8a8f-89d86a02e271",
        "schema:latitude": "42.57103",
        "schema:longitude": "8.892732",
        "@type": [
          "schema:GeoCoordinates"
        ]
      },
      "schema:openingHoursSpecification": [
        {
          "@id": "https://data.datatourisme.fr/e8a613c1-6583-37a1-bd18-79c5f112704d",
          "schema:validFrom": "2023-04-01T00:00:00",
          "schema:validThrough": "2023-10-31T23:59:59",
          "@type": [
            "schema:OpeningHoursSpecification"
          ],
          "additionalInformation": {
            "de": [
              "Unverbindliche Öffnungszeiten - genaue Daten werden noch bestätigt\r\nApril, Mai, Juni und September: von 10:00 bis 17:30 Uhr\r\nJuli und August: von 10:00 bis 18:00 Uhr\r\nOktober: Juli/August: 10:00 bis 17:00 Uhr"
            ],
            "en": [
              "Indicative opening period - precise dates to be confirmed\r\nApril, May, June and September: from 10am to 5:30pm\r\nJuly and August: from 10am to 6pm\r\nOctober: July/August from 10am to 5pm"
            ],
            "it": [
              "Periodo di apertura indicativo - date precise da confermare\r\nAprile, maggio, giugno e settembre: dalle 10.00 alle 17.30\r\nLuglio e agosto: dalle 10 alle 18\r\nOttobre: luglio/agosto dalle 10.00 alle 17.00"
            ],
            "fr": [
              "Période d'ouverture à titre indicatif - Dates précises à confirmer\r\nAvril, mai, juin et septembre : de 10h à 17h30\r\nJuillet et août : de 10h à 18h\r\nOctobre : uillet/août de 10h à 17h"
            ],
            "es": [
              "Periodo de apertura indicativo - fechas precisas por confirmar\r\nAbril, mayo, junio y septiembre: de 10:00 a 17:30\r\nJulio y agosto: de 10 a 18 horas\r\nOctubre: julio/agosto de 10 a 17 horas"
            ],
            "nl": [
              "Indicatieve openingsperiode - precieze data nog te bevestigen\r\nApril, mei, juni en september: 10u tot 17u30\r\nJuli en augustus: 10 tot 18 uur\r\nOktober: juli/augustus van 10 tot 17 uur"
            ]
          },
          "hasTranslatedProperty": [
            {
              "@id": "https://data.datatourisme.fr/5ede6aff-f719-3656-8dd4-7b5bc5f38c05",
              "dc:contributor": [
                "https://api.deepl.com/v2/translate"
              ],
              "rdf:language": [
                "de"
              ],
              "rdf:predicate": [
                "additionalInformation"
              ]
            },
            {
              "@id": "https://data.datatourisme.fr/6fc32fd4-7d7a-3445-acbb-dd914485d93e",
              "dc:contributor": [
                "https://api.deepl.com/v2/translate"
              ],
              "rdf:language": [
                "en"
              ],
              "rdf:predicate": [
                "additionalInformation"
              ]
            },
            {
              "@id": "https://data.datatourisme.fr/acff027b-ff49-3cfc-b8d4-df6139c941cf",
              "dc:contributor": [
                "https://api.deepl.com/v2/translate"
              ],
              "rdf:language": [
                "es"
              ],
              "rdf:predicate": [
                "additionalInformation"
              ]
            },
            {
              "@id": "https://data.datatourisme.fr/c63e8f81-2b95-37c7-9c65-acc8a70f285f",
              "dc:contributor": [
                "https://api.deepl.com/v2/translate"
              ],
              "rdf:language": [
                "nl"
              ],
              "rdf:predicate": [
                "additionalInformation"
              ]
            },
            {
              "@id": "https://data.datatourisme.fr/f6fa4c40-aca5-3653-adcc-ba1659a6e7e5",
              "dc:contributor": [
                "https://api.deepl.com/v2/translate"
              ],
              "rdf:language": [
                "it"
              ],
              "rdf:predicate": [
                "additionalInformation"
              ]
            }
          ]
        }
      ],
      "@type": [
        "schema:Place",
        "Place"
      ]
    }
  ],
  "isOwnedBy": [
    {
      "@id": "https://data.datatourisme.fr/194c52e6-bbae-33dc-8464-caca97844fbb",
      "schema:email": [
        "info@balagne-corsica.com"
      ],
      "schema:legalName": "Office de Tourisme Intercommunal Calvi - Balagne",
      "@type": [
        "schema:Organization",
        "foaf:Agent",
        "Agent"
      ],
      "foaf:homepage": [
        "https://www.balagne-corsica.com/"
      ]
    }
  ],
  "lastUpdate": "2022-05-31",
  "lastUpdateDatatourisme": "2023-02-01T18:07:36.183Z"
}