{
  "@id": "https://data.datatourisme.fr/13/446954ea-3be4-3044-9523-10e8af896194",
  "dc:identifier": "5298999",
  "@type": [
    "schema:LocalBusiness",
    "ActivityProvider",
    "PlaceOfInterest",
    "PointOfInterest",
    "Store"
  ],
  "rdfs:comment": {
    "de": [
      "Entdecken Sie die prestigeträchtigsten Strände durch unsere Jet-Ski-Touren!"
    ],
    "en": [
      "Discover the most prestigious beaches through our jet ski tours!"
    ],
    "it": [
      "Scoprite le spiagge più prestigiose attraverso i nostri jet ski tour!"
    ],
    "fr": [
      "Le meilleur du Jet-ski avec Jean-Baptiste Botti, 8 fois champion du monde ! Idéalement situés sur le Port avec un parking privé, son équipe et lui même sauront vous conseiller et vous faire découvrir les plages les plus prestigieuses du sud."
    ],
    "nl": [
      "Ontdek de meest prestigieuze stranden via onze jetski tours!"
    ],
    "es": [
      "Lo mejor del Jet-ski con Jean-Baptiste Botti, ¡8 veces campeón del mundo! Idealmente situado en el Puerto con un aparcamiento privado, él y su equipo le aconsejarán y le ayudarán a descubrir las playas más prestigiosas del sur."
    ]
  },
  "rdfs:label": {
    "fr": [
      "Botti Racing"
    ]
  },
  "hasBeenCreatedBy": {
    "@id": "https://data.datatourisme.fr/13/84c6494d-3085-3c63-a55c-db8cb047fadd",
    "dc:identifier": "1738",
    "schema:email": [
      "camillef.omt@gmail.com",
      "direction@destination-sudcorse.com",
      "gestion@destination-sudcorse.com",
      "promotion@destination-sudcorse.com",
      "webmaster@destination-sudcorse.com"
    ],
    "schema:legalName": "Porto Vecchio Tourisme",
    "@type": [
      "schema:Organization",
      "foaf:Agent",
      "Agent"
    ],
    "foaf:homepage": [
      "http://www.ot-portovecchio.com/"
    ]
  },
  "hasBeenPublishedBy": [
    {
      "@id": "https://data.datatourisme.fr/8a9feb4b-2cbd-3d2c-b507-bd6c6776b23b",
      "schema:legalName": "Apidae Tourisme Scic SA - source : Apidae Tourisme",
      "@type": [
        "schema:Organization",
        "foaf:Agent",
        "Agent"
      ],
      "foaf:homepage": [
        "https://www.apidae-tourisme.com/"
      ]
    }
  ],
  "hasContact": [
    {
      "@id": "https://data.datatourisme.fr/72e1bdfc-46cd-30e4-b0b9-cfd087ac0d2a",
      "schema:email": [
        "bottiracing2a@gmail.com"
      ],
      "schema:telephone": [
        "+33 4 95 72 12 98",
        "+33 7 85 99 03 35"
      ],
      "@type": [
        "foaf:Agent",
        "Agent"
      ],
      "foaf:homepage": [
        "https://www.bottiracing.fr/"
      ]
    }
  ],
  "hasDescription": [
    {
      "@id": "https://data.datatourisme.fr/24356385-d64c-36c0-b71c-6a917b511d69",
      "@type": [
        "Description"
      ],
      "hasTranslatedProperty": [
        {
          "@id": "https://data.datatourisme.fr/4818e75a-2a81-32f4-9fe2-c334057ccb0a",
          "dc:contributor": [
            "https://api.deepl.com/v2/translate"
          ],
          "rdf:language": [
            "es"
          ],
          "rdf:predicate": [
            "shortDescription"
          ]
        }
      ],
      "shortDescription": {
        "de": [
          "Entdecken Sie die prestigeträchtigsten Strände durch unsere Jet-Ski-Touren!"
        ],
        "en": [
          "Discover the most prestigious beaches through our jet ski tours!"
        ],
        "it": [
          "Scoprite le spiagge più prestigiose attraverso i nostri jet ski tour!"
        ],
        "fr": [
          "Le meilleur du Jet-ski avec Jean-Baptiste Botti, 8 fois champion du monde ! Idéalement situés sur le Port avec un parking privé, son équipe et lui même sauront vous conseiller et vous faire découvrir les plages les plus prestigieuses du sud."
        ],
        "nl": [
          "Ontdek de meest prestigieuze stranden via onze jetski tours!"
        ],
        "es": [
          "Lo mejor del Jet-ski con Jean-Baptiste Botti, ¡8 veces campeón del mundo! Idealmente situado en el Puerto con un aparcamiento privado, él y su equipo le aconsejarán y le ayudarán a descubrir las playas más prestigiosas del sur."
        ]
      }
    }
  ],
  "hasTranslatedProperty": [
    {
      "@id": "https://data.datatourisme.fr/9f3465c7-d078-36c2-847c-a9f658b088ef",
      "dc:contributor": [
        "https://api.deepl.com/v2/translate"
      ],
      "rdf:language": [
        "es"
      ],
      "rdf:predicate": [
        {
          "@id": "rdfs:comment"
        }
      ]
    }
  ],
  "isLocatedAt": [
    {
      "@id": "https://data.datatourisme.fr/b38a835f-e206-3d24-9a09-8dad90f30538",
      "schema:address": [
        {
          "@id": "https://data.datatourisme.fr/28b8cd45-bdb9-3b49-9f43-ed22c08f85e8",
          "schema:addressLocality": "Porto-Vecchio",
          "schema:postalCode": "20137",
          "schema:streetAddress": [
            "Port de Plaisance"
          ],
          "@type": [
            "schema:PostalAddress",
            "PostalAddress"
          ],
          "hasAddressCity": {
            "@id": "kb:2A247",
            "@type": [
              "City"
            ],
            "rdfs:label": {
              "en": [
                "Porto-Vecchio"
              ],
              "fr": [
                "Porto-Vecchio"
              ]
            },
            "insee": "2A247",
            "isPartOfDepartment": {
              "@id": "kb:France942A",
              "@type": [
                "Department"
              ],
              "rdfs:label": {
                "en": [
                  "Corse-du-Sud"
                ],
                "fr": [
                  "Corse-du-Sud"
                ]
              },
              "insee": "2A",
              "isPartOfRegion": {
                "@id": "kb:France94",
                "@type": [
                  "Region"
                ],
                "rdfs:label": {
                  "en": [
                    "Corse"
                  ],
                  "fr": [
                    "Corse"
                  ]
                },
                "insee": "94",
                "isPartOfCountry": {
                  "@id": "kb:France",
                  "@type": [
                    "schema:Country"
                  ],
                  "rdfs:label": {
                    "de": [
                      "Frankreich"
                    ],
                    "pt": [
                      "França"
                    ],
                    "en": [
                      "France"
                    ],
                    "it": [
                      "Francia"
                    ],
                    "fr": [
                      "France"
                    ],
                    "nl": [
                      "Frankrijk"
                    ],
                    "es": [
                      "Francia"
                    ]
                  }
                }
              }
            }
          }
        }
      ],
      "schema:geo": {
        "@id": "https://data.datatourisme.fr/497598ef-c0a5-35c4-8f3f-592ee2567e9d",
        "schema:latitude": "41.591",
        "schema:longitude": "9.2837",
        "@type": [
          "schema:GeoCoordinates"
        ]
      },
      "schema:openingHoursSpecification": [
        {
          "@id": "https://data.datatourisme.fr/276c1629-b959-356b-98a9-da082e1b7922",
          "schema:validFrom": "2023-04-30T00:00:00",
          "schema:validThrough": "2023-10-14T23:59:59",
          "@type": [
            "schema:OpeningHoursSpecification"
          ],
          "additionalInformation": {
            "de": [
              "Montag, Dienstag, Mittwoch, Donnerstag, Freitag, Samstag, Sonntag: offen"
            ],
            "en": [
              "Monday, Tuesday, Wednesday, Thursday, Friday, Saturday, Sunday: open"
            ],
            "it": [
              "Lunedì, martedì, mercoledì, giovedì, venerdì, sabato, domenica: aperto"
            ],
            "fr": [
              "Lundi, Mardi, Mercredi, Jeudi, Vendredi, Samedi, Dimanche : ouvert"
            ],
            "nl": [
              "Maandag, dinsdag, woensdag, donderdag, vrijdag, zaterdag, zondag: open"
            ],
            "es": [
              "Lunes, martes, miércoles, jueves, viernes, sábado y domingo: abierto"
            ]
          },
          "hasTranslatedProperty": [
            {
              "@id": "https://data.datatourisme.fr/3bde8064-74ec-3a9b-8ef0-123a3563c4aa",
              "dc:contributor": [
                "https://api.deepl.com/v2/translate"
              ],
              "rdf:language": [
                "nl"
              ],
              "rdf:predicate": [
                "additionalInformation"
              ]
            },
            {
              "@id": "https://data.datatourisme.fr/7e0fbfd1-adcd-300b-ac90-726130661149",
              "dc:contributor": [
                "https://api.deepl.com/v2/translate"
              ],
              "rdf:language": [
                "en"
              ],
              "rdf:predicate": [
                "additionalInformation"
              ]
            },
            {
              "@id": "https://data.datatourisme.fr/bcf25ebc-b3c0-3cb3-865b-1e61bd2bd92e",
              "dc:contributor": [
                "https://api.deepl.com/v2/translate"
              ],
              "rdf:language": [
                "it"
              ],
              "rdf:predicate": [
                "additionalInformation"
              ]
            },
            {
              "@id": "https://data.datatourisme.fr/d6ad4ba1-42e5-3d7d-bbd9-a02dd00abaf7",
              "dc:contributor": [
                "https://api.deepl.com/v2/translate"
              ],
              "rdf:language": [
                "es"
              ],
              "rdf:predicate": [
                "additionalInformation"
              ]
            },
            {
              "@id": "https://data.datatourisme.fr/e01bd703-796a-3d4c-90ea-4e5c7992d278",
              "dc:contributor": [
                "https://api.deepl.com/v2/translate"
              ],
              "rdf:language": [
                "de"
              ],
              "rdf:predicate": [
                "additionalInformation"
              ]
            }
          ]
        }
      ],
      "@type": [
        "schema:Place",
        "Place"
      ]
    }
  ],
  "isOwnedBy": [
    {
      "@id": "https://data.datatourisme.fr/f5f950f9-5eec-32b4-a357-2c969ccf4068",
      "schema:email": [
        "camillef.omt@gmail.com",
        "direction@destination-sudcorse.com",
        "gestion@destination-sudcorse.com",
        "promotion@destination-sudcorse.com",
        "webmaster@destination-sudcorse.com"
      ],
      "schema:legalName": "Porto Vecchio Tourisme",
      "@type": [
        "schema:Organization",
        "foaf:Agent",
        "Agent"
      ],
      "foaf:homepage": [
        "http://www.ot-portovecchio.com/"
      ]
    }
  ],
  "lastUpdate": "2023-02-15",
  "lastUpdateDatatourisme": "2023-02-16T06:39:41.895Z",
  "offers": [
    {
      "@id": "https://data.datatourisme.fr/0a4633af-8877-3d83-b34e-5e916a7bb7fc",
      "schema:priceSpecification": [
        {
          "@id": "https://data.datatourisme.fr/7a1b6fc4-21ce-3e2f-aa5c-31689bc9f63c",
          "schema:minPrice": [
            "60"
          ],
          "schema:priceCurrency": "EUR",
          "@type": [
            "schema:PriceSpecification",
            "PriceSpecification"
          ],
          "appliesOnPeriod": [
            {
              "@id": "https://data.datatourisme.fr/dc1e55f3-40e6-3c10-8795-b4584fd7b434",
              "@type": [
                "Period"
              ],
              "endDate": "2023-10-14",
              "startDate": "2023-04-30"
            }
          ]
        }
      ],
      "@type": [
        "schema:Offer",
        "Offer"
      ]
    }
  ]
}