{
  "@id": "https://data.datatourisme.fr/13/4441e409-74b0-3ed3-8fc1-0c065d96e36a",
  "dc:identifier": "6093495",
  "@type": [
    "schema:Landform",
    "Beach",
    "NaturalHeritage",
    "PlaceOfInterest",
    "PointOfInterest",
    "SportsAndLeisurePlace"
  ],
  "rdfs:comment": {
    "de": [
      "Ein weiteres Juwel für die Gemeinde Lecci. Cala Rossa ist eine Hochburg für den gehobenen Tourismus. Eine Abstufung von Grün und Blau vor der Kulisse der Aiguilles de Bavella.."
    ],
    "en": [
      "One more jewel for the town of Lecci, Cala Rossa constitutes a high place for the tourism of great standing. A gradient of green and blue with the Aiguilles de Bavella in the background.."
    ],
    "it": [
      "Ulteriore gioiello del comune di Lecci, Cala Rossa è una destinazione turistica di alto livello. Una gradazione di verde e blu con le Aiguilles de Bavella sullo sfondo?"
    ],
    "fr": [
      "Un joyau de plus pour la commune de Lecci, Cala Rossa constitue un haut lieu pour le tourisme de grand standing. Un dégradé de vert et de bleu avec en toile de fond les Aiguilles de Bavella…"
    ],
    "es": [
      "Una joya más para el municipio de Lecci, Cala Rossa es un destino turístico de alto nivel. ¿Una gradación de verde y azul con las Aiguilles de Bavella al fondo?"
    ],
    "nl": [
      "Cala Rossa, nog een juweel voor de gemeente Lecci, is een eersteklas toeristische bestemming. Een gradatie van groen en blauw met de Aiguilles de Bavella op de achtergrond.."
    ]
  },
  "rdfs:label": {
    "fr": [
      "La plage de Cala Rossa"
    ]
  },
  "hasBeenCreatedBy": {
    "@id": "https://data.datatourisme.fr/13/84c6494d-3085-3c63-a55c-db8cb047fadd",
    "dc:identifier": "1738",
    "schema:email": [
      "camillef.omt@gmail.com",
      "direction@destination-sudcorse.com",
      "gestion@destination-sudcorse.com",
      "promotion@destination-sudcorse.com",
      "webmaster@destination-sudcorse.com"
    ],
    "schema:legalName": "Porto Vecchio Tourisme",
    "@type": [
      "schema:Organization",
      "foaf:Agent",
      "Agent"
    ],
    "foaf:homepage": [
      "http://www.ot-portovecchio.com/"
    ]
  },
  "hasBeenPublishedBy": [
    {
      "@id": "https://data.datatourisme.fr/8a9feb4b-2cbd-3d2c-b507-bd6c6776b23b",
      "schema:legalName": "Apidae Tourisme Scic SA - source : Apidae Tourisme",
      "@type": [
        "schema:Organization",
        "foaf:Agent",
        "Agent"
      ],
      "foaf:homepage": [
        "https://www.apidae-tourisme.com/"
      ]
    }
  ],
  "hasContact": [
    {
      "@id": "https://data.datatourisme.fr/552ff804-74cf-3250-9be9-6d8b6d38c56d",
      "schema:telephone": [
        "+33 4 95 71 05 75"
      ],
      "@type": [
        "foaf:Agent",
        "Agent"
      ]
    }
  ],
  "hasDescription": [
    {
      "@id": "https://data.datatourisme.fr/9ea52ec0-666f-38f2-aafb-764b6da7d230",
      "@type": [
        "Description"
      ],
      "hasTranslatedProperty": [
        {
          "@id": "https://data.datatourisme.fr/574bfc6f-f399-36b2-b026-895788899fb2",
          "dc:contributor": [
            "https://api.deepl.com/v2/translate"
          ],
          "rdf:language": [
            "it"
          ],
          "rdf:predicate": [
            "shortDescription"
          ]
        },
        {
          "@id": "https://data.datatourisme.fr/80365506-0661-350a-abea-374d6eec4300",
          "dc:contributor": [
            "https://api.deepl.com/v2/translate"
          ],
          "rdf:language": [
            "en"
          ],
          "rdf:predicate": [
            "shortDescription"
          ]
        },
        {
          "@id": "https://data.datatourisme.fr/80958e84-b0ba-341b-8f7e-4043c69182a6",
          "dc:contributor": [
            "https://api.deepl.com/v2/translate"
          ],
          "rdf:language": [
            "de"
          ],
          "rdf:predicate": [
            "shortDescription"
          ]
        },
        {
          "@id": "https://data.datatourisme.fr/96dc8cdf-8dac-3090-af3a-86c929904fd1",
          "dc:contributor": [
            "https://api.deepl.com/v2/translate"
          ],
          "rdf:language": [
            "nl"
          ],
          "rdf:predicate": [
            "shortDescription"
          ]
        },
        {
          "@id": "https://data.datatourisme.fr/cfca0ea1-64b7-3bb5-9907-f5ff133097c7",
          "dc:contributor": [
            "https://api.deepl.com/v2/translate"
          ],
          "rdf:language": [
            "es"
          ],
          "rdf:predicate": [
            "shortDescription"
          ]
        }
      ],
      "shortDescription": {
        "de": [
          "Ein weiteres Juwel für die Gemeinde Lecci. Cala Rossa ist eine Hochburg für den gehobenen Tourismus. Eine Abstufung von Grün und Blau vor der Kulisse der Aiguilles de Bavella.."
        ],
        "en": [
          "One more jewel for the town of Lecci, Cala Rossa constitutes a high place for the tourism of great standing. A gradient of green and blue with the Aiguilles de Bavella in the background.."
        ],
        "it": [
          "Ulteriore gioiello del comune di Lecci, Cala Rossa è una destinazione turistica di alto livello. Una gradazione di verde e blu con le Aiguilles de Bavella sullo sfondo?"
        ],
        "fr": [
          "Un joyau de plus pour la commune de Lecci, Cala Rossa constitue un haut lieu pour le tourisme de grand standing. Un dégradé de vert et de bleu avec en toile de fond les Aiguilles de Bavella…"
        ],
        "es": [
          "Una joya más para el municipio de Lecci, Cala Rossa es un destino turístico de alto nivel. ¿Una gradación de verde y azul con las Aiguilles de Bavella al fondo?"
        ],
        "nl": [
          "Cala Rossa, nog een juweel voor de gemeente Lecci, is een eersteklas toeristische bestemming. Een gradatie van groen en blauw met de Aiguilles de Bavella op de achtergrond.."
        ]
      }
    }
  ],
  "hasTheme": [
    {
      "@id": "kb:Bathing",
      "@type": [
        "AccommodationAmenity",
        "SportsTheme"
      ],
      "rdfs:label": {
        "de": [
          "Baden"
        ],
        "pt": [
          "Banho"
        ],
        "en": [
          "Bathing"
        ],
        "it": [
          "Bagno"
        ],
        "fr": [
          "Baignade"
        ],
        "nl": [
          "Zwemmen"
        ],
        "es": [
          "Baño"
        ]
      }
    }
  ],
  "hasTranslatedProperty": [
    {
      "@id": "https://data.datatourisme.fr/1a282598-4eb9-31d6-9bbd-cc75b48ee771",
      "dc:contributor": [
        "https://api.deepl.com/v2/translate"
      ],
      "rdf:language": [
        "en"
      ],
      "rdf:predicate": [
        {
          "@id": "rdfs:comment"
        }
      ]
    },
    {
      "@id": "https://data.datatourisme.fr/5ae5c383-336c-3189-8614-6deb44d0ce62",
      "dc:contributor": [
        "https://api.deepl.com/v2/translate"
      ],
      "rdf:language": [
        "de"
      ],
      "rdf:predicate": [
        {
          "@id": "rdfs:comment"
        }
      ]
    },
    {
      "@id": "https://data.datatourisme.fr/7f4601dc-8aad-3337-87a7-2acbd7979292",
      "dc:contributor": [
        "https://api.deepl.com/v2/translate"
      ],
      "rdf:language": [
        "nl"
      ],
      "rdf:predicate": [
        {
          "@id": "rdfs:comment"
        }
      ]
    },
    {
      "@id": "https://data.datatourisme.fr/bf177ab7-3286-365d-b2cd-ba052dbacc10",
      "dc:contributor": [
        "https://api.deepl.com/v2/translate"
      ],
      "rdf:language": [
        "es"
      ],
      "rdf:predicate": [
        {
          "@id": "rdfs:comment"
        }
      ]
    },
    {
      "@id": "https://data.datatourisme.fr/ce36df1e-9f53-39d8-b3e7-cf838c1a1634",
      "dc:contributor": [
        "https://api.deepl.com/v2/translate"
      ],
      "rdf:language": [
        "it"
      ],
      "rdf:predicate": [
        {
          "@id": "rdfs:comment"
        }
      ]
    }
  ],
  "isLocatedAt": [
    {
      "@id": "https://data.datatourisme.fr/9df289e6-19d6-31b2-9d1d-93a770980ffe",
      "schema:address": [
        {
          "@id": "https://data.datatourisme.fr/259e14fa-ae1e-30ae-b3be-bf785c1cdec7",
          "schema:addressLocality": "Lecci",
          "schema:postalCode": "20137",
          "schema:streetAddress": [
            "Cala Rossa"
          ],
          "@type": [
            "schema:PostalAddress",
            "PostalAddress"
          ],
          "hasAddressCity": {
            "@id": "kb:2A139",
            "@type": [
              "City"
            ],
            "rdfs:label": {
              "en": [
                "Lecci"
              ],
              "fr": [
                "Lecci"
              ]
            },
            "insee": "2A139",
            "isPartOfDepartment": {
              "@id": "kb:France942A",
              "@type": [
                "Department"
              ],
              "rdfs:label": {
                "en": [
                  "Corse-du-Sud"
                ],
                "fr": [
                  "Corse-du-Sud"
                ]
              },
              "insee": "2A",
              "isPartOfRegion": {
                "@id": "kb:France94",
                "@type": [
                  "Region"
                ],
                "rdfs:label": {
                  "en": [
                    "Corse"
                  ],
                  "fr": [
                    "Corse"
                  ]
                },
                "insee": "94",
                "isPartOfCountry": {
                  "@id": "kb:France",
                  "@type": [
                    "schema:Country"
                  ],
                  "rdfs:label": {
                    "de": [
                      "Frankreich"
                    ],
                    "pt": [
                      "França"
                    ],
                    "en": [
                      "France"
                    ],
                    "it": [
                      "Francia"
                    ],
                    "fr": [
                      "France"
                    ],
                    "nl": [
                      "Frankrijk"
                    ],
                    "es": [
                      "Francia"
                    ]
                  }
                }
              }
            }
          }
        }
      ],
      "schema:geo": {
        "@id": "https://data.datatourisme.fr/d4967b99-7e45-3a0b-a2f7-93510212dbfd",
        "schema:latitude": "41.620128",
        "schema:longitude": "9.331364",
        "@type": [
          "schema:GeoCoordinates"
        ]
      },
      "schema:openingHoursSpecification": [
        {
          "@id": "https://data.datatourisme.fr/f87e535a-636d-3343-ad63-8a03392e7511",
          "schema:validFrom": "2023-01-01T00:00:00",
          "schema:validThrough": "2023-12-31T23:59:59",
          "@type": [
            "schema:OpeningHoursSpecification"
          ]
        }
      ],
      "@type": [
        "schema:Place",
        "Place"
      ]
    }
  ],
  "isOwnedBy": [
    {
      "@id": "https://data.datatourisme.fr/f5f950f9-5eec-32b4-a357-2c969ccf4068",
      "schema:email": [
        "camillef.omt@gmail.com",
        "direction@destination-sudcorse.com",
        "gestion@destination-sudcorse.com",
        "promotion@destination-sudcorse.com",
        "webmaster@destination-sudcorse.com"
      ],
      "schema:legalName": "Porto Vecchio Tourisme",
      "@type": [
        "schema:Organization",
        "foaf:Agent",
        "Agent"
      ],
      "foaf:homepage": [
        "http://www.ot-portovecchio.com/"
      ]
    }
  ],
  "lastUpdate": "2022-09-30",
  "lastUpdateDatatourisme": "2023-02-11T06:38:49.084Z"
}