{
  "@id": "https://data.datatourisme.fr/13/0d036e2e-0473-3251-8e59-afee6bc744bc",
  "dc:identifier": "5163700",
  "@type": [
    "schema:Accommodation",
    "schema:LodgingBusiness",
    "Accommodation",
    "PlaceOfInterest",
    "PointOfInterest"
  ],
  "rdfs:comment": {
    "de": [
      "Eingebettet in einen sonnigen Hang mit Blick auf die Bucht von Santa Giulia, wird Sie unser familiäres Ferienhaus mit seiner schimmernden Umgebung inmitten eines ausgedehnten bewaldeten Parks verzaubern."
    ],
    "en": [
      "Nestled on a sunny hillside facing the bay of Santa Giulia, our family holiday residence will charm you with its shimmering setting in the heart of a vast wooded park."
    ],
    "it": [
      "Adagiato su una collina soleggiata che si affaccia sulla baia di Santa Giulia, il nostro residence per vacanze in famiglia vi affascinerà con il suo ambiente scintillante nel cuore di un vasto parco boscoso."
    ],
    "fr": [
      "Nichée sur un coteau ensoleillé face à la baie de Santa Giulia, notre résidence de vacances familiale vous charmera par son cadre chatoyant au cœur d’un vaste parc arboré"
    ],
    "nl": [
      "Genesteld op een zonnige heuvel met uitzicht op de baai van Santa Giulia, zal onze familievakantieverblijf u bekoren met zijn glinsterende omgeving in het hart van een uitgestrekt bosrijk park."
    ],
    "es": [
      "Enclavada en una soleada ladera frente a la bahía de Santa Giulia, nuestra casa de vacaciones familiar le encantará por su resplandeciente entorno en el corazón de un vasto parque arbolado"
    ]
  },
  "rdfs:label": {
    "fr": [
      "Les Hauts de Santa Giulia"
    ]
  },
  "hasBeenCreatedBy": {
    "@id": "https://data.datatourisme.fr/13/84c6494d-3085-3c63-a55c-db8cb047fadd",
    "dc:identifier": "1738",
    "schema:email": [
      "camillef.omt@gmail.com",
      "direction@destination-sudcorse.com",
      "gestion@destination-sudcorse.com",
      "promotion@destination-sudcorse.com",
      "webmaster@destination-sudcorse.com"
    ],
    "schema:legalName": "Porto Vecchio Tourisme",
    "@type": [
      "schema:Organization",
      "foaf:Agent",
      "Agent"
    ],
    "foaf:homepage": [
      "http://www.ot-portovecchio.com/"
    ]
  },
  "hasBeenPublishedBy": [
    {
      "@id": "https://data.datatourisme.fr/8a9feb4b-2cbd-3d2c-b507-bd6c6776b23b",
      "schema:legalName": "Apidae Tourisme Scic SA - source : Apidae Tourisme",
      "@type": [
        "schema:Organization",
        "foaf:Agent",
        "Agent"
      ],
      "foaf:homepage": [
        "https://www.apidae-tourisme.com/"
      ]
    }
  ],
  "hasContact": [
    {
      "@id": "https://data.datatourisme.fr/24aab7e2-2818-31a7-9a23-a9185287d102",
      "schema:email": [
        "les-hauts-de-santagiulia@wanadoo.fr"
      ],
      "schema:telephone": [
        "+33 4 95 70 32 63",
        "+33 6 09 58 50 27"
      ],
      "@type": [
        "foaf:Agent",
        "Agent"
      ],
      "foaf:homepage": [
        "http://www.hautsdesantagiulia.com/"
      ]
    }
  ],
  "hasDescription": [
    {
      "@id": "https://data.datatourisme.fr/07b4ea21-84fa-3550-a8ce-0faa002ebf37",
      "@type": [
        "Description"
      ],
      "hasTranslatedProperty": [
        {
          "@id": "https://data.datatourisme.fr/7a5c52bb-454e-3e0a-87f0-b6bc67d5d068",
          "dc:contributor": [
            "https://api.deepl.com/v2/translate"
          ],
          "rdf:language": [
            "es"
          ],
          "rdf:predicate": [
            "shortDescription"
          ]
        }
      ],
      "shortDescription": {
        "de": [
          "Eingebettet in einen sonnigen Hang mit Blick auf die Bucht von Santa Giulia, wird Sie unser familiäres Ferienhaus mit seiner schimmernden Umgebung inmitten eines ausgedehnten bewaldeten Parks verzaubern."
        ],
        "en": [
          "Nestled on a sunny hillside facing the bay of Santa Giulia, our family holiday residence will charm you with its shimmering setting in the heart of a vast wooded park."
        ],
        "it": [
          "Adagiato su una collina soleggiata che si affaccia sulla baia di Santa Giulia, il nostro residence per vacanze in famiglia vi affascinerà con il suo ambiente scintillante nel cuore di un vasto parco boscoso."
        ],
        "fr": [
          "Nichée sur un coteau ensoleillé face à la baie de Santa Giulia, notre résidence de vacances familiale vous charmera par son cadre chatoyant au cœur d’un vaste parc arboré"
        ],
        "nl": [
          "Genesteld op een zonnige heuvel met uitzicht op de baai van Santa Giulia, zal onze familievakantieverblijf u bekoren met zijn glinsterende omgeving in het hart van een uitgestrekt bosrijk park."
        ],
        "es": [
          "Enclavada en una soleada ladera frente a la bahía de Santa Giulia, nuestra casa de vacaciones familiar le encantará por su resplandeciente entorno en el corazón de un vasto parque arbolado"
        ]
      }
    }
  ],
  "hasTranslatedProperty": [
    {
      "@id": "https://data.datatourisme.fr/ed2cc9dd-cc62-3d8f-9ebf-8373f1fa4bea",
      "dc:contributor": [
        "https://api.deepl.com/v2/translate"
      ],
      "rdf:language": [
        "es"
      ],
      "rdf:predicate": [
        {
          "@id": "rdfs:comment"
        }
      ]
    }
  ],
  "isLocatedAt": [
    {
      "@id": "https://data.datatourisme.fr/66f772a5-c8fb-3424-a5fc-cddcbc905c7a",
      "schema:address": [
        {
          "@id": "https://data.datatourisme.fr/15253b85-1a25-330d-8822-5ec8aacdf153",
          "schema:addressLocality": "Porto-Vecchio",
          "schema:postalCode": "20137",
          "schema:streetAddress": [
            "Route de Bonifacio"
          ],
          "@type": [
            "schema:PostalAddress",
            "PostalAddress"
          ],
          "hasAddressCity": {
            "@id": "kb:2A247",
            "@type": [
              "City"
            ],
            "rdfs:label": {
              "en": [
                "Porto-Vecchio"
              ],
              "fr": [
                "Porto-Vecchio"
              ]
            },
            "insee": "2A247",
            "isPartOfDepartment": {
              "@id": "kb:France942A",
              "@type": [
                "Department"
              ],
              "rdfs:label": {
                "en": [
                  "Corse-du-Sud"
                ],
                "fr": [
                  "Corse-du-Sud"
                ]
              },
              "insee": "2A",
              "isPartOfRegion": {
                "@id": "kb:France94",
                "@type": [
                  "Region"
                ],
                "rdfs:label": {
                  "en": [
                    "Corse"
                  ],
                  "fr": [
                    "Corse"
                  ]
                },
                "insee": "94",
                "isPartOfCountry": {
                  "@id": "kb:France",
                  "@type": [
                    "schema:Country"
                  ],
                  "rdfs:label": {
                    "de": [
                      "Frankreich"
                    ],
                    "pt": [
                      "França"
                    ],
                    "en": [
                      "France"
                    ],
                    "it": [
                      "Francia"
                    ],
                    "fr": [
                      "France"
                    ],
                    "nl": [
                      "Frankrijk"
                    ],
                    "es": [
                      "Francia"
                    ]
                  }
                }
              }
            }
          }
        }
      ],
      "schema:geo": {
        "@id": "https://data.datatourisme.fr/0df230ff-5d4e-3614-97b2-d3ca17010e41",
        "schema:latitude": "41.539",
        "schema:longitude": "9.2608",
        "@type": [
          "schema:GeoCoordinates"
        ]
      },
      "schema:openingHoursSpecification": [
        {
          "@id": "https://data.datatourisme.fr/cc7df76c-3db2-34b3-86ca-d10e6bfa8eaa",
          "schema:validFrom": "2023-05-20T00:00:00",
          "schema:validThrough": "2023-09-30T23:59:59",
          "@type": [
            "schema:OpeningHoursSpecification"
          ],
          "additionalInformation": {
            "de": [
              "Montag, Dienstag, Mittwoch, Donnerstag, Freitag, Samstag, Sonntag: offen"
            ],
            "en": [
              "Monday, Tuesday, Wednesday, Thursday, Friday, Saturday, Sunday: open"
            ],
            "it": [
              "Lunedì, martedì, mercoledì, giovedì, venerdì, sabato, domenica: aperto"
            ],
            "fr": [
              "Lundi, Mardi, Mercredi, Jeudi, Vendredi, Samedi, Dimanche : ouvert"
            ],
            "nl": [
              "Maandag, dinsdag, woensdag, donderdag, vrijdag, zaterdag, zondag: open"
            ],
            "es": [
              "Lunes, martes, miércoles, jueves, viernes, sábado y domingo: abierto"
            ]
          },
          "hasTranslatedProperty": [
            {
              "@id": "https://data.datatourisme.fr/08142acc-f48e-3e37-9d96-2fd1957df934",
              "dc:contributor": [
                "https://api.deepl.com/v2/translate"
              ],
              "rdf:language": [
                "nl"
              ],
              "rdf:predicate": [
                "additionalInformation"
              ]
            },
            {
              "@id": "https://data.datatourisme.fr/2d70f2ee-8d08-33ea-96e1-f21946f10cad",
              "dc:contributor": [
                "https://api.deepl.com/v2/translate"
              ],
              "rdf:language": [
                "en"
              ],
              "rdf:predicate": [
                "additionalInformation"
              ]
            },
            {
              "@id": "https://data.datatourisme.fr/507c8903-992f-39ca-98d5-f8d5cdd48ab4",
              "dc:contributor": [
                "https://api.deepl.com/v2/translate"
              ],
              "rdf:language": [
                "es"
              ],
              "rdf:predicate": [
                "additionalInformation"
              ]
            },
            {
              "@id": "https://data.datatourisme.fr/d4e3ba57-1c18-39fe-9045-5a6bf7511f32",
              "dc:contributor": [
                "https://api.deepl.com/v2/translate"
              ],
              "rdf:language": [
                "it"
              ],
              "rdf:predicate": [
                "additionalInformation"
              ]
            },
            {
              "@id": "https://data.datatourisme.fr/d79085c3-11aa-3b68-ae17-07e069ce7109",
              "dc:contributor": [
                "https://api.deepl.com/v2/translate"
              ],
              "rdf:language": [
                "de"
              ],
              "rdf:predicate": [
                "additionalInformation"
              ]
            }
          ]
        }
      ],
      "@type": [
        "schema:Place",
        "Place"
      ]
    }
  ],
  "isOwnedBy": [
    {
      "@id": "https://data.datatourisme.fr/f5f950f9-5eec-32b4-a357-2c969ccf4068",
      "schema:email": [
        "camillef.omt@gmail.com",
        "direction@destination-sudcorse.com",
        "gestion@destination-sudcorse.com",
        "promotion@destination-sudcorse.com",
        "webmaster@destination-sudcorse.com"
      ],
      "schema:legalName": "Porto Vecchio Tourisme",
      "@type": [
        "schema:Organization",
        "foaf:Agent",
        "Agent"
      ],
      "foaf:homepage": [
        "http://www.ot-portovecchio.com/"
      ]
    }
  ],
  "lastUpdate": "2023-02-06",
  "lastUpdateDatatourisme": "2023-02-07T06:39:35.104Z",
  "offers": [
    {
      "@id": "https://data.datatourisme.fr/46fc0e4f-a88b-31c5-9435-5570560e6626",
      "schema:priceSpecification": [
        {
          "@id": "https://data.datatourisme.fr/77a80fac-ed62-3b17-a457-f45883224a39",
          "@type": [
            "schema:PriceSpecification",
            "PriceSpecification"
          ],
          "appliesOnPeriod": [
            {
              "@id": "https://data.datatourisme.fr/4f744291-a338-3b04-b51e-aa810acdce98",
              "@type": [
                "Period"
              ],
              "endDate": "2023-09-30",
              "startDate": "2023-05-20"
            }
          ]
        }
      ],
      "@type": [
        "schema:Offer",
        "Offer"
      ]
    }
  ]
}