{
  "@id": "https://data.datatourisme.fr/13/7b3b94ed-9cec-38fa-8dc1-dc2bc7830618",
  "dc:identifier": "5433342",
  "@type": [
    "PlaceOfInterest",
    "PointOfInterest",
    "SportsAndLeisurePlace"
  ],
  "rdfs:comment": {
    "de": [
      "Das Kulturzentrum der Gemeinde Porto Vecchio verfügt über zwei Säle, in denen es ein vielfältiges Programm anbietet: Tanz- und Musikaufführungen, Theaterstücke und Filmvorführungen"
    ],
    "en": [
      "The Porto Vecchio municipal cultural centre has two halls where it offers a varied programme of dance and music performances, theatre plays and film screenings"
    ],
    "it": [
      "Il centro culturale comunale di Porto Vecchio dispone di due sale dove offre un programma vario: spettacoli di danza e musica, opere teatrali e proiezioni cinematografiche"
    ],
    "fr": [
      "Le centre culturel communal de Porto Vecchio dispose de deux salles au sein desquelles il propose une programmation variée : spectacles de danse et de musique, pièces de théâtre et projections de films"
    ],
    "nl": [
      "Het gemeentelijke culturele centrum van Porto Vecchio heeft twee zalen waar een gevarieerd programma wordt aangeboden: dans- en muziekvoorstellingen, toneelstukken en filmvoorstellingen"
    ],
    "es": [
      "El centro cultural municipal de Porto Vecchio cuenta con dos salas en las que ofrece una variada programación: espectáculos de danza y música, obras de teatro y proyecciones de películas"
    ]
  },
  "rdfs:label": {
    "fr": [
      "Centre Culturel Communal"
    ]
  },
  "hasBeenCreatedBy": {
    "@id": "https://data.datatourisme.fr/13/84c6494d-3085-3c63-a55c-db8cb047fadd",
    "dc:identifier": "1738",
    "schema:email": [
      "camillef.omt@gmail.com",
      "direction@destination-sudcorse.com",
      "gestion@destination-sudcorse.com",
      "promotion@destination-sudcorse.com",
      "webmaster@destination-sudcorse.com"
    ],
    "schema:legalName": "Porto Vecchio Tourisme",
    "@type": [
      "schema:Organization",
      "foaf:Agent",
      "Agent"
    ],
    "foaf:homepage": [
      "http://www.ot-portovecchio.com/"
    ]
  },
  "hasBeenPublishedBy": [
    {
      "@id": "https://data.datatourisme.fr/8a9feb4b-2cbd-3d2c-b507-bd6c6776b23b",
      "schema:legalName": "Apidae Tourisme Scic SA - source : Apidae Tourisme",
      "@type": [
        "schema:Organization",
        "foaf:Agent",
        "Agent"
      ],
      "foaf:homepage": [
        "https://www.apidae-tourisme.com/"
      ]
    }
  ],
  "hasContact": [
    {
      "@id": "https://data.datatourisme.fr/858a2a91-e019-358e-992b-af25115f28b3",
      "schema:email": [
        "centre-culturel@porto-vecchio.fr"
      ],
      "schema:telephone": [
        "+33 4 95 72 18 18"
      ],
      "@type": [
        "foaf:Agent",
        "Agent"
      ],
      "foaf:homepage": [
        "http://www.porto-vecchio.fr/"
      ]
    }
  ],
  "hasDescription": [
    {
      "@id": "https://data.datatourisme.fr/55859f26-735f-3be9-886a-52b1f53d77d4",
      "@type": [
        "Description"
      ],
      "hasTranslatedProperty": [
        {
          "@id": "https://data.datatourisme.fr/114aa1ea-ae32-39e2-93f3-4b567070fd35",
          "dc:contributor": [
            "https://api.deepl.com/v2/translate"
          ],
          "rdf:language": [
            "nl"
          ],
          "rdf:predicate": [
            "shortDescription"
          ]
        },
        {
          "@id": "https://data.datatourisme.fr/7b55a9ef-ebcf-34c0-a681-7e24232f91db",
          "dc:contributor": [
            "https://api.deepl.com/v2/translate"
          ],
          "rdf:language": [
            "es"
          ],
          "rdf:predicate": [
            "shortDescription"
          ]
        },
        {
          "@id": "https://data.datatourisme.fr/b8309d68-3043-3561-b4b9-ba8698fd158c",
          "dc:contributor": [
            "https://api.deepl.com/v2/translate"
          ],
          "rdf:language": [
            "de"
          ],
          "rdf:predicate": [
            "shortDescription"
          ]
        },
        {
          "@id": "https://data.datatourisme.fr/d9dae034-ab93-3567-91ac-69cdd0c4aeeb",
          "dc:contributor": [
            "https://api.deepl.com/v2/translate"
          ],
          "rdf:language": [
            "it"
          ],
          "rdf:predicate": [
            "shortDescription"
          ]
        },
        {
          "@id": "https://data.datatourisme.fr/f328d0f5-12a2-30c8-9604-a277fd835b86",
          "dc:contributor": [
            "https://api.deepl.com/v2/translate"
          ],
          "rdf:language": [
            "en"
          ],
          "rdf:predicate": [
            "shortDescription"
          ]
        }
      ],
      "shortDescription": {
        "de": [
          "Das Kulturzentrum der Gemeinde Porto Vecchio verfügt über zwei Säle, in denen es ein vielfältiges Programm anbietet: Tanz- und Musikaufführungen, Theaterstücke und Filmvorführungen"
        ],
        "en": [
          "The Porto Vecchio municipal cultural centre has two halls where it offers a varied programme of dance and music performances, theatre plays and film screenings"
        ],
        "it": [
          "Il centro culturale comunale di Porto Vecchio dispone di due sale dove offre un programma vario: spettacoli di danza e musica, opere teatrali e proiezioni cinematografiche"
        ],
        "fr": [
          "Le centre culturel communal de Porto Vecchio dispose de deux salles au sein desquelles il propose une programmation variée : spectacles de danse et de musique, pièces de théâtre et projections de films"
        ],
        "nl": [
          "Het gemeentelijke culturele centrum van Porto Vecchio heeft twee zalen waar een gevarieerd programma wordt aangeboden: dans- en muziekvoorstellingen, toneelstukken en filmvoorstellingen"
        ],
        "es": [
          "El centro cultural municipal de Porto Vecchio cuenta con dos salas en las que ofrece una variada programación: espectáculos de danza y música, obras de teatro y proyecciones de películas"
        ]
      }
    }
  ],
  "hasTranslatedProperty": [
    {
      "@id": "https://data.datatourisme.fr/050306ef-b285-3235-a1c5-bd79dac75127",
      "dc:contributor": [
        "https://api.deepl.com/v2/translate"
      ],
      "rdf:language": [
        "es"
      ],
      "rdf:predicate": [
        {
          "@id": "rdfs:comment"
        }
      ]
    },
    {
      "@id": "https://data.datatourisme.fr/0ddd9298-56f0-3f64-8fc8-3c77ad3f1da0",
      "dc:contributor": [
        "https://api.deepl.com/v2/translate"
      ],
      "rdf:language": [
        "it"
      ],
      "rdf:predicate": [
        {
          "@id": "rdfs:comment"
        }
      ]
    },
    {
      "@id": "https://data.datatourisme.fr/3b6768b7-c2b8-38cf-aba6-1b674c5e74b2",
      "dc:contributor": [
        "https://api.deepl.com/v2/translate"
      ],
      "rdf:language": [
        "de"
      ],
      "rdf:predicate": [
        {
          "@id": "rdfs:comment"
        }
      ]
    },
    {
      "@id": "https://data.datatourisme.fr/4bd667e7-4644-3498-ba6e-e58154758f99",
      "dc:contributor": [
        "https://api.deepl.com/v2/translate"
      ],
      "rdf:language": [
        "en"
      ],
      "rdf:predicate": [
        {
          "@id": "rdfs:comment"
        }
      ]
    },
    {
      "@id": "https://data.datatourisme.fr/9032a2bd-48c7-32d3-b239-41c1a3178459",
      "dc:contributor": [
        "https://api.deepl.com/v2/translate"
      ],
      "rdf:language": [
        "nl"
      ],
      "rdf:predicate": [
        {
          "@id": "rdfs:comment"
        }
      ]
    }
  ],
  "isLocatedAt": [
    {
      "@id": "https://data.datatourisme.fr/8f8c33cc-6b7d-339d-8064-883829c5d82c",
      "schema:address": [
        {
          "@id": "https://data.datatourisme.fr/0be8726f-7b3f-3360-91d3-fa9152d25988",
          "schema:addressLocality": "Porto-Vecchio",
          "schema:postalCode": "20137",
          "schema:streetAddress": [
            "2 Rue Fred Scamaroni"
          ],
          "@type": [
            "schema:PostalAddress",
            "PostalAddress"
          ],
          "hasAddressCity": {
            "@id": "kb:2A247",
            "@type": [
              "City"
            ],
            "rdfs:label": {
              "en": [
                "Porto-Vecchio"
              ],
              "fr": [
                "Porto-Vecchio"
              ]
            },
            "insee": "2A247",
            "isPartOfDepartment": {
              "@id": "kb:France942A",
              "@type": [
                "Department"
              ],
              "rdfs:label": {
                "en": [
                  "Corse-du-Sud"
                ],
                "fr": [
                  "Corse-du-Sud"
                ]
              },
              "insee": "2A",
              "isPartOfRegion": {
                "@id": "kb:France94",
                "@type": [
                  "Region"
                ],
                "rdfs:label": {
                  "en": [
                    "Corse"
                  ],
                  "fr": [
                    "Corse"
                  ]
                },
                "insee": "94",
                "isPartOfCountry": {
                  "@id": "kb:France",
                  "@type": [
                    "schema:Country"
                  ],
                  "rdfs:label": {
                    "de": [
                      "Frankreich"
                    ],
                    "pt": [
                      "França"
                    ],
                    "en": [
                      "France"
                    ],
                    "it": [
                      "Francia"
                    ],
                    "fr": [
                      "France"
                    ],
                    "nl": [
                      "Frankrijk"
                    ],
                    "es": [
                      "Francia"
                    ]
                  }
                }
              }
            }
          }
        }
      ],
      "schema:geo": {
        "@id": "https://data.datatourisme.fr/9624995a-e743-337d-b6e9-faf5d912d06f",
        "schema:latitude": "41.591675",
        "schema:longitude": "9.278397",
        "@type": [
          "schema:GeoCoordinates"
        ]
      },
      "schema:openingHoursSpecification": [
        {
          "@id": "https://data.datatourisme.fr/f87e535a-636d-3343-ad63-8a03392e7511",
          "schema:validFrom": "2023-01-01T00:00:00",
          "schema:validThrough": "2023-12-31T23:59:59",
          "@type": [
            "schema:OpeningHoursSpecification"
          ]
        }
      ],
      "@type": [
        "schema:Place",
        "Place"
      ]
    }
  ],
  "isOwnedBy": [
    {
      "@id": "https://data.datatourisme.fr/f5f950f9-5eec-32b4-a357-2c969ccf4068",
      "schema:email": [
        "camillef.omt@gmail.com",
        "direction@destination-sudcorse.com",
        "gestion@destination-sudcorse.com",
        "promotion@destination-sudcorse.com",
        "webmaster@destination-sudcorse.com"
      ],
      "schema:legalName": "Porto Vecchio Tourisme",
      "@type": [
        "schema:Organization",
        "foaf:Agent",
        "Agent"
      ],
      "foaf:homepage": [
        "http://www.ot-portovecchio.com/"
      ]
    }
  ],
  "lastUpdate": "2023-04-01",
  "lastUpdateDatatourisme": "2023-04-02T05:48:09.315Z"
}