{
  "@id": "https://data.datatourisme.fr/13/91091d16-3ead-3477-8059-90fd936d033b",
  "dc:identifier": "5238562",
  "@type": [
    "schema:FoodEstablishment",
    "FoodEstablishment",
    "PlaceOfInterest",
    "PointOfInterest"
  ],
  "rdfs:comment": {
    "de": [
      "Ein authentisches Essen in einer ruhigen und friedlichen Atmosphäre an einem geschützten Strand."
    ],
    "en": [
      "An authentic meal in a serene and peaceful atmosphere on a preserved beach."
    ],
    "it": [
      "Un pasto autentico in un'atmosfera serena e tranquilla su una spiaggia preservata."
    ],
    "fr": [
      "Restaurant avec vue sur les eaux turquoise de la plage d'Acciaghju. Spécialités de poissons, fruits de mer, langoustes, grillades au feu de bois, salades. Plage aménagée. Loisirs nautiques. Service en continu. Réservation uniquement par téléphone."
    ],
    "es": [
      "Restaurante con vistas a las aguas turquesas de la playa de Acciaghju. Especialidades de pescado, marisco, langostas, a la parrilla de leña, ensaladas. Instalaciones de playa. Actividades deportivas acuáticas. Servicio continuo. Reservas sólo por teléfono."
    ],
    "nl": [
      "Een authentieke maaltijd in een serene en rustige sfeer op een bewaard gebleven strand."
    ]
  },
  "rdfs:label": {
    "fr": [
      "L'Acciaro Plage"
    ]
  },
  "hasBeenCreatedBy": {
    "@id": "https://data.datatourisme.fr/13/84c6494d-3085-3c63-a55c-db8cb047fadd",
    "dc:identifier": "1738",
    "schema:email": [
      "camillef.omt@gmail.com",
      "direction@destination-sudcorse.com",
      "gestion@destination-sudcorse.com",
      "promotion@destination-sudcorse.com",
      "webmaster@destination-sudcorse.com"
    ],
    "schema:legalName": "Porto Vecchio Tourisme",
    "@type": [
      "schema:Organization",
      "foaf:Agent",
      "Agent"
    ],
    "foaf:homepage": [
      "http://www.ot-portovecchio.com/"
    ]
  },
  "hasBeenPublishedBy": [
    {
      "@id": "https://data.datatourisme.fr/8a9feb4b-2cbd-3d2c-b507-bd6c6776b23b",
      "schema:legalName": "Apidae Tourisme Scic SA - source : Apidae Tourisme",
      "@type": [
        "schema:Organization",
        "foaf:Agent",
        "Agent"
      ],
      "foaf:homepage": [
        "https://www.apidae-tourisme.com/"
      ]
    }
  ],
  "hasContact": [
    {
      "@id": "https://data.datatourisme.fr/7c4c7ee5-72b2-3fa3-9b80-75edb5c277e6",
      "schema:email": [
        "lacciaroplage@gmail.com"
      ],
      "schema:telephone": [
        "+33 6 18 01 24 33"
      ],
      "@type": [
        "foaf:Agent",
        "Agent"
      ]
    }
  ],
  "hasDescription": [
    {
      "@id": "https://data.datatourisme.fr/d1139dc1-23db-3d70-b347-6a9adb9e9be7",
      "@type": [
        "Description"
      ],
      "hasTranslatedProperty": [
        {
          "@id": "https://data.datatourisme.fr/683f9e9b-7ae8-34fb-a2e7-b40aa64dd251",
          "dc:contributor": [
            "https://api.deepl.com/v2/translate"
          ],
          "rdf:language": [
            "es"
          ],
          "rdf:predicate": [
            "shortDescription"
          ]
        }
      ],
      "shortDescription": {
        "de": [
          "Ein authentisches Essen in einer ruhigen und friedlichen Atmosphäre an einem geschützten Strand."
        ],
        "en": [
          "An authentic meal in a serene and peaceful atmosphere on a preserved beach."
        ],
        "it": [
          "Un pasto autentico in un'atmosfera serena e tranquilla su una spiaggia preservata."
        ],
        "fr": [
          "Restaurant avec vue sur les eaux turquoise de la plage d'Acciaghju. Spécialités de poissons, fruits de mer, langoustes, grillades au feu de bois, salades. Plage aménagée. Loisirs nautiques. Service en continu. Réservation uniquement par téléphone."
        ],
        "es": [
          "Restaurante con vistas a las aguas turquesas de la playa de Acciaghju. Especialidades de pescado, marisco, langostas, a la parrilla de leña, ensaladas. Instalaciones de playa. Actividades deportivas acuáticas. Servicio continuo. Reservas sólo por teléfono."
        ],
        "nl": [
          "Een authentieke maaltijd in een serene en rustige sfeer op een bewaard gebleven strand."
        ]
      }
    }
  ],
  "hasTheme": [
    {
      "@id": "kb:MediterraneanCuisine",
      "@type": [
        "CuisineCategory"
      ],
      "rdfs:label": {
        "de": [
          "Mediterrane Küche"
        ],
        "pt": [
          "Cozinha mediterrânica"
        ],
        "en": [
          "Mediterranean cuisine"
        ],
        "it": [
          "Cucina mediterranea"
        ],
        "fr": [
          "Cuisine méditerranéenne"
        ],
        "nl": [
          "Mediterrane keuken"
        ],
        "es": [
          "Cocina mediterránea"
        ]
      }
    }
  ],
  "hasTranslatedProperty": [
    {
      "@id": "https://data.datatourisme.fr/e293d96a-5f71-3d75-8f78-463b8d2d1a2a",
      "dc:contributor": [
        "https://api.deepl.com/v2/translate"
      ],
      "rdf:language": [
        "es"
      ],
      "rdf:predicate": [
        {
          "@id": "rdfs:comment"
        }
      ]
    }
  ],
  "isLocatedAt": [
    {
      "@id": "https://data.datatourisme.fr/4507cddb-cb99-3198-9ec8-2392265eaf51",
      "schema:address": [
        {
          "@id": "https://data.datatourisme.fr/d6b12d7d-6718-37eb-8686-5a348ae89871",
          "schema:addressLocality": "Porto-Vecchio",
          "schema:postalCode": "20137",
          "schema:streetAddress": [
            "Plage d'Acciaghju",
            "Route de Palombaghja"
          ],
          "@type": [
            "schema:PostalAddress",
            "PostalAddress"
          ],
          "hasAddressCity": {
            "@id": "kb:2A247",
            "@type": [
              "City"
            ],
            "rdfs:label": {
              "en": [
                "Porto-Vecchio"
              ],
              "fr": [
                "Porto-Vecchio"
              ]
            },
            "insee": "2A247",
            "isPartOfDepartment": {
              "@id": "kb:France942A",
              "@type": [
                "Department"
              ],
              "rdfs:label": {
                "en": [
                  "Corse-du-Sud"
                ],
                "fr": [
                  "Corse-du-Sud"
                ]
              },
              "insee": "2A",
              "isPartOfRegion": {
                "@id": "kb:France94",
                "@type": [
                  "Region"
                ],
                "rdfs:label": {
                  "en": [
                    "Corse"
                  ],
                  "fr": [
                    "Corse"
                  ]
                },
                "insee": "94",
                "isPartOfCountry": {
                  "@id": "kb:France",
                  "@type": [
                    "schema:Country"
                  ],
                  "rdfs:label": {
                    "de": [
                      "Frankreich"
                    ],
                    "pt": [
                      "França"
                    ],
                    "en": [
                      "France"
                    ],
                    "it": [
                      "Francia"
                    ],
                    "fr": [
                      "France"
                    ],
                    "nl": [
                      "Frankrijk"
                    ],
                    "es": [
                      "Francia"
                    ]
                  }
                }
              }
            }
          }
        }
      ],
      "schema:geo": {
        "@id": "https://data.datatourisme.fr/586d8b18-673d-3dff-96f3-6b43991637a2",
        "schema:latitude": "41.546325",
        "schema:longitude": "9.305087",
        "@type": [
          "schema:GeoCoordinates"
        ]
      },
      "schema:openingHoursSpecification": [
        {
          "@id": "https://data.datatourisme.fr/60048004-29f7-30e7-b8d9-1db671a1702a",
          "schema:validFrom": "2023-01-01T00:00:00",
          "schema:validThrough": "2023-12-31T23:59:59",
          "@type": [
            "schema:OpeningHoursSpecification"
          ],
          "additionalInformation": {
            "de": [
              "Nur am Wochenende vom 05.11. bis 20.03. und während der Schulferien geöffnet."
            ],
            "en": [
              "Open only on weekends from 05/11 to 20/03 and during school holidays."
            ],
            "it": [
              "Aperto solo nei fine settimana dal 05/11 al 20/03 e durante le vacanze scolastiche."
            ],
            "fr": [
              "Ouvert uniquement le week-end du 05/11 au 20/03 et pendant les vacances scolaires."
            ],
            "nl": [
              "Alleen open in het weekend van 05/11 tot 20/03 en tijdens schoolvakanties."
            ],
            "es": [
              "Abierto sólo los fines de semana del 05/11 al 20/03 y durante las vacaciones escolares."
            ]
          },
          "hasTranslatedProperty": [
            {
              "@id": "https://data.datatourisme.fr/7db94d44-614d-3485-944c-26cb3d93d8fe",
              "dc:contributor": [
                "https://api.deepl.com/v2/translate"
              ],
              "rdf:language": [
                "es"
              ],
              "rdf:predicate": [
                "additionalInformation"
              ]
            },
            {
              "@id": "https://data.datatourisme.fr/8e8ff3fb-e4cf-335a-a459-a3fab1dc8dd2",
              "dc:contributor": [
                "https://api.deepl.com/v2/translate"
              ],
              "rdf:language": [
                "it"
              ],
              "rdf:predicate": [
                "additionalInformation"
              ]
            },
            {
              "@id": "https://data.datatourisme.fr/b892362b-296d-39ea-ba3f-ba64b9892598",
              "dc:contributor": [
                "https://api.deepl.com/v2/translate"
              ],
              "rdf:language": [
                "de"
              ],
              "rdf:predicate": [
                "additionalInformation"
              ]
            },
            {
              "@id": "https://data.datatourisme.fr/c4b00e1e-61c1-3c96-b387-6d98aedbc33e",
              "dc:contributor": [
                "https://api.deepl.com/v2/translate"
              ],
              "rdf:language": [
                "nl"
              ],
              "rdf:predicate": [
                "additionalInformation"
              ]
            },
            {
              "@id": "https://data.datatourisme.fr/fde784b3-780c-3398-a386-38fc24b962bb",
              "dc:contributor": [
                "https://api.deepl.com/v2/translate"
              ],
              "rdf:language": [
                "en"
              ],
              "rdf:predicate": [
                "additionalInformation"
              ]
            }
          ]
        }
      ],
      "@type": [
        "schema:Place",
        "Place"
      ]
    }
  ],
  "isOwnedBy": [
    {
      "@id": "https://data.datatourisme.fr/f5f950f9-5eec-32b4-a357-2c969ccf4068",
      "schema:email": [
        "camillef.omt@gmail.com",
        "direction@destination-sudcorse.com",
        "gestion@destination-sudcorse.com",
        "promotion@destination-sudcorse.com",
        "webmaster@destination-sudcorse.com"
      ],
      "schema:legalName": "Porto Vecchio Tourisme",
      "@type": [
        "schema:Organization",
        "foaf:Agent",
        "Agent"
      ],
      "foaf:homepage": [
        "http://www.ot-portovecchio.com/"
      ]
    }
  ],
  "lastUpdate": "2023-02-14",
  "lastUpdateDatatourisme": "2023-02-15T06:38:06.995Z",
  "offers": [
    {
      "@id": "https://data.datatourisme.fr/0205d0e9-7c22-3a1d-b1d9-e1cf2a45f2ba",
      "schema:priceSpecification": [
        {
          "@id": "https://data.datatourisme.fr/617256dc-2611-36ee-a52d-847a1ccf8b51",
          "schema:maxPrice": [
            "210"
          ],
          "schema:minPrice": [
            "15.5"
          ],
          "schema:priceCurrency": "EUR",
          "@type": [
            "schema:PriceSpecification",
            "PriceSpecification"
          ],
          "appliesOnPeriod": [
            {
              "@id": "https://data.datatourisme.fr/a425afdf-3594-300b-b55e-1858bafa3fd4",
              "@type": [
                "Period"
              ],
              "endDate": "2023-12-31",
              "startDate": "2023-01-01"
            }
          ]
        }
      ],
      "@type": [
        "schema:Offer",
        "Offer"
      ]
    }
  ],
  "providesCuisineOfType": [
    {
      "@id": "kb:MediterraneanCuisine",
      "@type": [
        "CuisineCategory"
      ],
      "rdfs:label": {
        "de": [
          "Mediterrane Küche"
        ],
        "pt": [
          "Cozinha mediterrânica"
        ],
        "en": [
          "Mediterranean cuisine"
        ],
        "it": [
          "Cucina mediterranea"
        ],
        "fr": [
          "Cuisine méditerranéenne"
        ],
        "nl": [
          "Mediterrane keuken"
        ],
        "es": [
          "Cocina mediterránea"
        ]
      }
    }
  ]
}