{
  "@id": "https://data.datatourisme.fr/13/91798afa-3bb1-3d3a-825c-ce4f1869cd6b",
  "dc:identifier": "5283260",
  "@type": [
    "schema:LocalBusiness",
    "ActivityProvider",
    "PlaceOfInterest",
    "PointOfInterest",
    "Store"
  ],
  "rdfs:comment": {
    "de": [
      "Tauchen à la carte in der Bucht von Santa Giulia."
    ],
    "en": [
      "Diving à la carte in the bay of Santa Giulia."
    ],
    "it": [
      "Immersioni à la carte nella baia di Santa Giulia."
    ],
    "fr": [
      "Plongée à la carte dans la baie de Santa Giulia. Embarcation (10 pers). \r\nBaptêmes, formations, FFESSM et plongées NITROX et TECH sur devis. \r\nSortie snorkeling."
    ],
    "nl": [
      "Duiken à la carte in de baai van Santa Giulia."
    ],
    "es": [
      "Buceo a la carta en la bahía de Santa Giulia. Barco (10 personas).\r\nPrimeras inmersiones, formación, FFESSM y NITROX e inmersiones TECH previa solicitud.\r\nExcursión de snorkel."
    ]
  },
  "rdfs:label": {
    "fr": [
      "Oxygène"
    ]
  },
  "hasBeenCreatedBy": {
    "@id": "https://data.datatourisme.fr/13/84c6494d-3085-3c63-a55c-db8cb047fadd",
    "dc:identifier": "1738",
    "schema:email": [
      "camillef.omt@gmail.com",
      "direction@destination-sudcorse.com",
      "gestion@destination-sudcorse.com",
      "promotion@destination-sudcorse.com",
      "webmaster@destination-sudcorse.com"
    ],
    "schema:legalName": "Porto Vecchio Tourisme",
    "@type": [
      "schema:Organization",
      "foaf:Agent",
      "Agent"
    ],
    "foaf:homepage": [
      "http://www.ot-portovecchio.com/"
    ]
  },
  "hasBeenPublishedBy": [
    {
      "@id": "https://data.datatourisme.fr/8a9feb4b-2cbd-3d2c-b507-bd6c6776b23b",
      "schema:legalName": "Apidae Tourisme Scic SA - source : Apidae Tourisme",
      "@type": [
        "schema:Organization",
        "foaf:Agent",
        "Agent"
      ],
      "foaf:homepage": [
        "https://www.apidae-tourisme.com/"
      ]
    }
  ],
  "hasContact": [
    {
      "@id": "https://data.datatourisme.fr/4ed05e2d-65c9-3057-af7e-26dd5fa95ef0",
      "schema:email": [
        "sub.oxygene@gmail.com"
      ],
      "schema:telephone": [
        "+33 6 09 69 58 62",
        "+33 7 52 05 85 35"
      ],
      "@type": [
        "foaf:Agent",
        "Agent"
      ],
      "foaf:homepage": [
        "http://oxygene2.plongee.free.fr/"
      ]
    }
  ],
  "hasDescription": [
    {
      "@id": "https://data.datatourisme.fr/41d28968-bbba-326c-9fd2-f91d73249c57",
      "@type": [
        "Description"
      ],
      "hasTranslatedProperty": [
        {
          "@id": "https://data.datatourisme.fr/908f2307-ffec-3ad6-aed7-305d175149ea",
          "dc:contributor": [
            "https://api.deepl.com/v2/translate"
          ],
          "rdf:language": [
            "es"
          ],
          "rdf:predicate": [
            "shortDescription"
          ]
        }
      ],
      "shortDescription": {
        "de": [
          "Tauchen à la carte in der Bucht von Santa Giulia."
        ],
        "en": [
          "Diving à la carte in the bay of Santa Giulia."
        ],
        "it": [
          "Immersioni à la carte nella baia di Santa Giulia."
        ],
        "fr": [
          "Plongée à la carte dans la baie de Santa Giulia. Embarcation (10 pers). \r\nBaptêmes, formations, FFESSM et plongées NITROX et TECH sur devis. \r\nSortie snorkeling."
        ],
        "nl": [
          "Duiken à la carte in de baai van Santa Giulia."
        ],
        "es": [
          "Buceo a la carta en la bahía de Santa Giulia. Barco (10 personas).\r\nPrimeras inmersiones, formación, FFESSM y NITROX e inmersiones TECH previa solicitud.\r\nExcursión de snorkel."
        ]
      }
    }
  ],
  "hasTheme": [
    {
      "@id": "kb:Diving",
      "@type": [
        "SportsTheme"
      ],
      "rdfs:label": {
        "de": [
          "Tauchen"
        ],
        "pt": [
          "Mergulho"
        ],
        "en": [
          "Diving"
        ],
        "it": [
          "Immersione"
        ],
        "fr": [
          "Plongée"
        ],
        "nl": [
          "Duiken"
        ],
        "es": [
          "Buceo"
        ]
      }
    },
    {
      "@id": "kb:Snorkeling",
      "@type": [
        "SportsTheme"
      ],
      "rdfs:label": {
        "de": [
          "Schnorcheln"
        ],
        "pt": [
          "Snorkling"
        ],
        "en": [
          "Snorkeling"
        ],
        "it": [
          "Snorkeling"
        ],
        "fr": [
          "Randonnée palmée"
        ],
        "nl": [
          "Snorkelen"
        ],
        "es": [
          "Esnórquel"
        ]
      }
    }
  ],
  "hasTranslatedProperty": [
    {
      "@id": "https://data.datatourisme.fr/dfb98d45-de4f-3b7c-a1fa-25bd2b05ef21",
      "dc:contributor": [
        "https://api.deepl.com/v2/translate"
      ],
      "rdf:language": [
        "es"
      ],
      "rdf:predicate": [
        {
          "@id": "rdfs:comment"
        }
      ]
    }
  ],
  "isLocatedAt": [
    {
      "@id": "https://data.datatourisme.fr/7c96c3cb-a2fe-3066-be0d-8d973a6d204e",
      "schema:address": [
        {
          "@id": "https://data.datatourisme.fr/1cb14a26-8268-31aa-a022-13eb650b7035",
          "schema:addressLocality": "Porto-Vecchio",
          "schema:postalCode": "20137",
          "schema:streetAddress": [
            "Baie de Santa Giulia",
            "Marina"
          ],
          "@type": [
            "schema:PostalAddress",
            "PostalAddress"
          ],
          "hasAddressCity": {
            "@id": "kb:2A247",
            "@type": [
              "City"
            ],
            "rdfs:label": {
              "en": [
                "Porto-Vecchio"
              ],
              "fr": [
                "Porto-Vecchio"
              ]
            },
            "insee": "2A247",
            "isPartOfDepartment": {
              "@id": "kb:France942A",
              "@type": [
                "Department"
              ],
              "rdfs:label": {
                "en": [
                  "Corse-du-Sud"
                ],
                "fr": [
                  "Corse-du-Sud"
                ]
              },
              "insee": "2A",
              "isPartOfRegion": {
                "@id": "kb:France94",
                "@type": [
                  "Region"
                ],
                "rdfs:label": {
                  "en": [
                    "Corse"
                  ],
                  "fr": [
                    "Corse"
                  ]
                },
                "insee": "94",
                "isPartOfCountry": {
                  "@id": "kb:France",
                  "@type": [
                    "schema:Country"
                  ],
                  "rdfs:label": {
                    "de": [
                      "Frankreich"
                    ],
                    "pt": [
                      "França"
                    ],
                    "en": [
                      "France"
                    ],
                    "it": [
                      "Francia"
                    ],
                    "fr": [
                      "France"
                    ],
                    "nl": [
                      "Frankrijk"
                    ],
                    "es": [
                      "Francia"
                    ]
                  }
                }
              }
            }
          }
        }
      ],
      "schema:geo": {
        "@id": "https://data.datatourisme.fr/795e0723-228c-3797-8782-a0c80fafd7fc",
        "schema:latitude": "41.531",
        "schema:longitude": "9.2804",
        "@type": [
          "schema:GeoCoordinates"
        ]
      },
      "schema:openingHoursSpecification": [
        {
          "@id": "https://data.datatourisme.fr/038c9d35-4b72-34d0-865f-0516a519fa7a",
          "schema:validFrom": "2023-05-01T00:00:00",
          "schema:validThrough": "2023-11-04T23:59:59",
          "@type": [
            "schema:OpeningHoursSpecification"
          ]
        }
      ],
      "@type": [
        "schema:Place",
        "Place"
      ]
    }
  ],
  "isOwnedBy": [
    {
      "@id": "https://data.datatourisme.fr/f5f950f9-5eec-32b4-a357-2c969ccf4068",
      "schema:email": [
        "camillef.omt@gmail.com",
        "direction@destination-sudcorse.com",
        "gestion@destination-sudcorse.com",
        "promotion@destination-sudcorse.com",
        "webmaster@destination-sudcorse.com"
      ],
      "schema:legalName": "Porto Vecchio Tourisme",
      "@type": [
        "schema:Organization",
        "foaf:Agent",
        "Agent"
      ],
      "foaf:homepage": [
        "http://www.ot-portovecchio.com/"
      ]
    }
  ],
  "lastUpdate": "2023-02-15",
  "lastUpdateDatatourisme": "2023-02-16T06:39:42.028Z",
  "offers": [
    {
      "@id": "https://data.datatourisme.fr/a5adc22d-cabf-3f7e-8761-b9f7220c517e",
      "schema:priceSpecification": [
        {
          "@id": "https://data.datatourisme.fr/e07a43db-7033-3484-8244-ea9681ff5c9e",
          "schema:minPrice": [
            "40"
          ],
          "schema:priceCurrency": "EUR",
          "@type": [
            "schema:PriceSpecification",
            "PriceSpecification"
          ],
          "appliesOnPeriod": [
            {
              "@id": "https://data.datatourisme.fr/7bad2412-0209-3be5-a82e-1f002cb4b3bb",
              "@type": [
                "Period"
              ],
              "endDate": "2023-11-04",
              "startDate": "2023-05-01"
            }
          ]
        }
      ],
      "@type": [
        "schema:Offer",
        "Offer"
      ]
    }
  ]
}