{
  "@id": "https://data.datatourisme.fr/13/9100158b-d02e-3904-a0a9-a14918a04749",
  "dc:identifier": "5170137",
  "@type": [
    "schema:LocalBusiness",
    "ArtGalleryOrExhibitionGallery",
    "PlaceOfInterest",
    "PointOfInterest",
    "SportsAndLeisurePlace",
    "Store"
  ],
  "rdfs:comment": {
    "de": [
      "In dieser 1845 erbauten ehemaligen Militärfestung befindet sich heute das Zentrum für die Erhaltung und Restaurierung des beweglichen Kulturerbes Korsikas."
    ],
    "en": [
      "This former military fortress built in 1845 is now home to Corsica's Movable Heritage Conservation and Restoration Centre."
    ],
    "it": [
      "Questo anziano forte militare costruito nel 1845 oggi ospita il Centro per la Conservazione e il Restauro del Patrimonio Mobile della Corsica."
    ],
    "fr": [
      "Cet ancien fort militaire construit en 1845 abrite désormais le Centre de Conservation et de Restauration du Patrimoine Mobilier de Corse."
    ],
    "nl": [
      "In dit voormalige militaire fort, gebouwd in 1845, is nu het Centrum voor het behoud en de restauratie van het Corsicaanse meubilair gevestigd."
    ],
    "es": [
      "Este antiguo fuerte militar, construido en 1845, alberga actualmente el Centro de Conservación y Restauración del Patrimonio Mueble de Córcega."
    ]
  },
  "rdfs:label": {
    "en": [
      "Fort Charlet"
    ],
    "it": [
      "Il Forte Charlet"
    ],
    "fr": [
      "Le Fort Charlet"
    ]
  },
  "hasBeenCreatedBy": {
    "@id": "https://data.datatourisme.fr/13/e4873aa9-a05c-35ed-8395-61d121516766",
    "dc:identifier": "1646",
    "schema:email": [
      "info@balagne-corsica.com"
    ],
    "schema:legalName": "Office de Tourisme Intercommunal Calvi - Balagne",
    "@type": [
      "schema:Organization",
      "foaf:Agent",
      "Agent"
    ],
    "foaf:homepage": [
      "https://www.balagne-corsica.com/"
    ]
  },
  "hasBeenPublishedBy": [
    {
      "@id": "https://data.datatourisme.fr/8a9feb4b-2cbd-3d2c-b507-bd6c6776b23b",
      "schema:legalName": "Apidae Tourisme Scic SA - source : Apidae Tourisme",
      "@type": [
        "schema:Organization",
        "foaf:Agent",
        "Agent"
      ],
      "foaf:homepage": [
        "https://www.apidae-tourisme.com/"
      ]
    }
  ],
  "hasContact": [
    {
      "@id": "https://data.datatourisme.fr/8c83cdfd-2611-32a7-bc86-f991b40ce9fc",
      "schema:email": [
        "contact@corse.fr"
      ],
      "schema:telephone": [
        "+33 4 20 03 94 75",
        "+33 4 95 51 64 64"
      ],
      "@type": [
        "foaf:Agent",
        "Agent"
      ],
      "foaf:homepage": [
        "https://www.corse.fr/",
        "https://www.isula.corsica/"
      ]
    }
  ],
  "hasDescription": [
    {
      "@id": "https://data.datatourisme.fr/b87afdf8-c732-3a8b-b7c8-f75cbed29aec",
      "@type": [
        "Description"
      ],
      "hasTranslatedProperty": [
        {
          "@id": "https://data.datatourisme.fr/5c0eff01-91b6-37a3-8219-fc0159a44520",
          "dc:contributor": [
            "https://api.deepl.com/v2/translate"
          ],
          "rdf:language": [
            "nl"
          ],
          "rdf:predicate": [
            "shortDescription"
          ]
        },
        {
          "@id": "https://data.datatourisme.fr/7ce1c260-3376-3e0e-878f-ff6425ff32f2",
          "dc:contributor": [
            "https://api.deepl.com/v2/translate"
          ],
          "rdf:language": [
            "de"
          ],
          "rdf:predicate": [
            "shortDescription"
          ]
        },
        {
          "@id": "https://data.datatourisme.fr/b811f613-efc2-3f29-8579-31a8c14f4358",
          "dc:contributor": [
            "https://api.deepl.com/v2/translate"
          ],
          "rdf:language": [
            "es"
          ],
          "rdf:predicate": [
            "shortDescription"
          ]
        }
      ],
      "shortDescription": {
        "de": [
          "In dieser 1845 erbauten ehemaligen Militärfestung befindet sich heute das Zentrum für die Erhaltung und Restaurierung des beweglichen Kulturerbes Korsikas."
        ],
        "en": [
          "This former military fortress built in 1845 is now home to Corsica's Movable Heritage Conservation and Restoration Centre."
        ],
        "it": [
          "Questo anziano forte militare costruito nel 1845 oggi ospita il Centro per la Conservazione e il Restauro del Patrimonio Mobile della Corsica."
        ],
        "fr": [
          "Cet ancien fort militaire construit en 1845 abrite désormais le Centre de Conservation et de Restauration du Patrimoine Mobilier de Corse."
        ],
        "nl": [
          "In dit voormalige militaire fort, gebouwd in 1845, is nu het Centrum voor het behoud en de restauratie van het Corsicaanse meubilair gevestigd."
        ],
        "es": [
          "Este antiguo fuerte militar, construido en 1845, alberga actualmente el Centro de Conservación y Restauración del Patrimonio Mueble de Córcega."
        ]
      }
    }
  ],
  "hasTranslatedProperty": [
    {
      "@id": "https://data.datatourisme.fr/0f08e965-c16c-36e5-96e8-23a14ce7b24c",
      "dc:contributor": [
        "https://api.deepl.com/v2/translate"
      ],
      "rdf:language": [
        "de"
      ],
      "rdf:predicate": [
        {
          "@id": "rdfs:comment"
        }
      ]
    },
    {
      "@id": "https://data.datatourisme.fr/78d8114a-a213-3b33-84da-a8b5e70d899d",
      "dc:contributor": [
        "https://api.deepl.com/v2/translate"
      ],
      "rdf:language": [
        "nl"
      ],
      "rdf:predicate": [
        {
          "@id": "rdfs:comment"
        }
      ]
    },
    {
      "@id": "https://data.datatourisme.fr/dfcb6e1c-ba27-34ae-af36-936f44530be7",
      "dc:contributor": [
        "https://api.deepl.com/v2/translate"
      ],
      "rdf:language": [
        "es"
      ],
      "rdf:predicate": [
        {
          "@id": "rdfs:comment"
        }
      ]
    }
  ],
  "isLocatedAt": [
    {
      "@id": "https://data.datatourisme.fr/31fc04e0-7b43-3856-bbec-171756c42242",
      "schema:address": [
        {
          "@id": "https://data.datatourisme.fr/017c8ee5-d036-35a4-abf1-0acfaa1ed046",
          "schema:addressLocality": "Calvi",
          "schema:postalCode": "20260",
          "schema:streetAddress": [
            "Avenue du Commandant Marche",
            "Centre de Conservation et de Restauration du Patrimoine Mobilier de Corse"
          ],
          "@type": [
            "schema:PostalAddress",
            "PostalAddress"
          ],
          "hasAddressCity": {
            "@id": "kb:2B050",
            "@type": [
              "City"
            ],
            "rdfs:label": {
              "en": [
                "Calvi"
              ],
              "fr": [
                "Calvi"
              ]
            },
            "insee": "2B050",
            "isPartOfDepartment": {
              "@id": "kb:France942B",
              "@type": [
                "Department"
              ],
              "rdfs:label": {
                "en": [
                  "Haute-Corse"
                ],
                "fr": [
                  "Haute-Corse"
                ]
              },
              "insee": "2B",
              "isPartOfRegion": {
                "@id": "kb:France94",
                "@type": [
                  "Region"
                ],
                "rdfs:label": {
                  "en": [
                    "Corse"
                  ],
                  "fr": [
                    "Corse"
                  ]
                },
                "insee": "94",
                "isPartOfCountry": {
                  "@id": "kb:France",
                  "@type": [
                    "schema:Country"
                  ],
                  "rdfs:label": {
                    "de": [
                      "Frankreich"
                    ],
                    "pt": [
                      "França"
                    ],
                    "en": [
                      "France"
                    ],
                    "it": [
                      "Francia"
                    ],
                    "fr": [
                      "France"
                    ],
                    "nl": [
                      "Frankrijk"
                    ],
                    "es": [
                      "Francia"
                    ]
                  }
                }
              }
            }
          }
        }
      ],
      "schema:geo": {
        "@id": "https://data.datatourisme.fr/fd9c3c2f-4542-3334-837f-b8556dd3fed8",
        "schema:latitude": "42.566671",
        "schema:longitude": "8.751931",
        "@type": [
          "schema:GeoCoordinates"
        ]
      },
      "schema:openingHoursSpecification": [
        {
          "@id": "https://data.datatourisme.fr/6c6cd932-735a-34ed-9bf0-eabdaaef3a8d",
          "schema:validFrom": "2023-01-01T00:00:00",
          "schema:validThrough": "2023-12-31T23:59:59",
          "@type": [
            "schema:OpeningHoursSpecification"
          ],
          "additionalInformation": {
            "de": [
              "Für die Öffentlichkeit nur am Freitag geöffnet."
            ],
            "en": [
              "Open to the public on Fridays only."
            ],
            "it": [
              "Aperto al pubblico solo il venerdì."
            ],
            "fr": [
              "Ouverture au public le vendredi uniquement."
            ],
            "nl": [
              "Alleen op vrijdag open voor publiek."
            ],
            "es": [
              "Abierto al público sólo el viernes."
            ]
          },
          "hasTranslatedProperty": [
            {
              "@id": "https://data.datatourisme.fr/25163dac-b452-3f07-9218-de65adae2170",
              "dc:contributor": [
                "https://api.deepl.com/v2/translate"
              ],
              "rdf:language": [
                "nl"
              ],
              "rdf:predicate": [
                "additionalInformation"
              ]
            },
            {
              "@id": "https://data.datatourisme.fr/33b03ead-7c6a-3cb4-9386-14b6fcab83b7",
              "dc:contributor": [
                "https://api.deepl.com/v2/translate"
              ],
              "rdf:language": [
                "it"
              ],
              "rdf:predicate": [
                "additionalInformation"
              ]
            },
            {
              "@id": "https://data.datatourisme.fr/96c054a8-1a9a-36aa-bf98-d6b3fb07756a",
              "dc:contributor": [
                "https://api.deepl.com/v2/translate"
              ],
              "rdf:language": [
                "en"
              ],
              "rdf:predicate": [
                "additionalInformation"
              ]
            },
            {
              "@id": "https://data.datatourisme.fr/c9fed64c-d1e5-3a60-8c15-d09d406c15d0",
              "dc:contributor": [
                "https://api.deepl.com/v2/translate"
              ],
              "rdf:language": [
                "de"
              ],
              "rdf:predicate": [
                "additionalInformation"
              ]
            },
            {
              "@id": "https://data.datatourisme.fr/f43771b6-53c6-3f33-b197-ae618e311519",
              "dc:contributor": [
                "https://api.deepl.com/v2/translate"
              ],
              "rdf:language": [
                "es"
              ],
              "rdf:predicate": [
                "additionalInformation"
              ]
            }
          ]
        }
      ],
      "@type": [
        "schema:Place",
        "Place"
      ]
    }
  ],
  "isOwnedBy": [
    {
      "@id": "https://data.datatourisme.fr/194c52e6-bbae-33dc-8464-caca97844fbb",
      "schema:email": [
        "info@balagne-corsica.com"
      ],
      "schema:legalName": "Office de Tourisme Intercommunal Calvi - Balagne",
      "@type": [
        "schema:Organization",
        "foaf:Agent",
        "Agent"
      ],
      "foaf:homepage": [
        "https://www.balagne-corsica.com/"
      ]
    }
  ],
  "lastUpdate": "2022-05-18",
  "lastUpdateDatatourisme": "2023-02-01T18:07:35.999Z"
}