{
  "@id": "https://data.datatourisme.fr/13/91f70343-e4b4-3963-908d-20a1f17581fa",
  "dc:identifier": "6283821",
  "@type": [
    "schema:LocalBusiness",
    "PlaceOfInterest",
    "PointOfInterest",
    "SightseeingBoat",
    "SportsAndLeisurePlace"
  ],
  "rdfs:comment": {
    "de": [
      "Gehen Sie sofort an Bord für eine unvergessliche Reise nach Korsika!\r\nLiebe Meeresliebhaber wir zeigen Ihnen die Landschaften und Juwelen der Insel der Schönheit"
    ],
    "en": [
      "Immediate boarding for an unforgettable trip in Corsica!\r\nDear sea lovers, we will make you discover the landscapes and the jewels of the island of beauty"
    ],
    "it": [
      "Imbarco immediato per un viaggio indimenticabile in Corsica!\r\nCari amanti del mare, vi faremo scoprire i paesaggi e i gioielli dell'isola della bellezza"
    ],
    "fr": [
      "Embarquement immédiat pour un voyage inoubliable en Corse !\r\nChers amoureux de la mer nous vous ferons découvrir les paysages et les joyaux de l'île de beauté"
    ],
    "es": [
      "¡Embarque inmediato para un viaje inolvidable a Córcega!\r\nQueridos amantes del mar, les haremos descubrir los paisajes y las joyas de la isla de la belleza"
    ],
    "nl": [
      "Onmiddellijke inscheping voor een onvergetelijke reis naar Corsica!\r\nBeste zeeliefhebbers, wij zullen u de landschappen en de juwelen van het eiland van de schoonheid laten ontdekken"
    ]
  },
  "rdfs:label": {
    "fr": [
      "Bella Vita Catamaran"
    ]
  },
  "hasBeenCreatedBy": {
    "@id": "https://data.datatourisme.fr/13/e4873aa9-a05c-35ed-8395-61d121516766",
    "dc:identifier": "1646",
    "schema:email": [
      "info@balagne-corsica.com"
    ],
    "schema:legalName": "Office de Tourisme Intercommunal Calvi - Balagne",
    "@type": [
      "schema:Organization",
      "foaf:Agent",
      "Agent"
    ],
    "foaf:homepage": [
      "https://www.balagne-corsica.com/"
    ]
  },
  "hasBeenPublishedBy": [
    {
      "@id": "https://data.datatourisme.fr/8a9feb4b-2cbd-3d2c-b507-bd6c6776b23b",
      "schema:legalName": "Apidae Tourisme Scic SA - source : Apidae Tourisme",
      "@type": [
        "schema:Organization",
        "foaf:Agent",
        "Agent"
      ],
      "foaf:homepage": [
        "https://www.apidae-tourisme.com/"
      ]
    }
  ],
  "hasContact": [
    {
      "@id": "https://data.datatourisme.fr/705440c5-fd48-33fb-8a71-fc62f50da06f",
      "schema:email": [
        "catamaranbellavita@gmail.com"
      ],
      "schema:telephone": [
        "+33 7 88 79 23 33"
      ],
      "@type": [
        "foaf:Agent",
        "Agent"
      ],
      "foaf:homepage": [
        "https://www.catamaran-bellavita.com/"
      ]
    }
  ],
  "hasDescription": [
    {
      "@id": "https://data.datatourisme.fr/0a27ba64-4a5a-3ec4-92fc-59939370255d",
      "@type": [
        "Description"
      ],
      "hasTranslatedProperty": [
        {
          "@id": "https://data.datatourisme.fr/1af6c865-5df0-3cb9-b63c-b4296272505b",
          "dc:contributor": [
            "https://api.deepl.com/v2/translate"
          ],
          "rdf:language": [
            "es"
          ],
          "rdf:predicate": [
            "shortDescription"
          ]
        },
        {
          "@id": "https://data.datatourisme.fr/91687057-1dd0-3a19-95f6-eee0f33c0154",
          "dc:contributor": [
            "https://api.deepl.com/v2/translate"
          ],
          "rdf:language": [
            "nl"
          ],
          "rdf:predicate": [
            "shortDescription"
          ]
        },
        {
          "@id": "https://data.datatourisme.fr/9dbe1243-d424-393c-9c6e-f55ab8075eab",
          "dc:contributor": [
            "https://api.deepl.com/v2/translate"
          ],
          "rdf:language": [
            "de"
          ],
          "rdf:predicate": [
            "shortDescription"
          ]
        }
      ],
      "shortDescription": {
        "de": [
          "Gehen Sie sofort an Bord für eine unvergessliche Reise nach Korsika!\r\nLiebe Meeresliebhaber wir zeigen Ihnen die Landschaften und Juwelen der Insel der Schönheit"
        ],
        "en": [
          "Immediate boarding for an unforgettable trip in Corsica!\r\nDear sea lovers, we will make you discover the landscapes and the jewels of the island of beauty"
        ],
        "it": [
          "Imbarco immediato per un viaggio indimenticabile in Corsica!\r\nCari amanti del mare, vi faremo scoprire i paesaggi e i gioielli dell'isola della bellezza"
        ],
        "fr": [
          "Embarquement immédiat pour un voyage inoubliable en Corse !\r\nChers amoureux de la mer nous vous ferons découvrir les paysages et les joyaux de l'île de beauté"
        ],
        "es": [
          "¡Embarque inmediato para un viaje inolvidable a Córcega!\r\nQueridos amantes del mar, les haremos descubrir los paisajes y las joyas de la isla de la belleza"
        ],
        "nl": [
          "Onmiddellijke inscheping voor een onvergetelijke reis naar Corsica!\r\nBeste zeeliefhebbers, wij zullen u de landschappen en de juwelen van het eiland van de schoonheid laten ontdekken"
        ]
      }
    }
  ],
  "hasTheme": [
    {
      "@id": "kb:Catamaran",
      "@type": [
        "SportsTheme"
      ],
      "rdfs:label": {
        "de": [
          "Katamaran"
        ],
        "pt": [
          "Catamarã"
        ],
        "en": [
          "Catamaran"
        ],
        "it": [
          "Catamarano"
        ],
        "fr": [
          "Catamaran"
        ],
        "nl": [
          "Catamaran"
        ],
        "es": [
          "Catamarán"
        ]
      }
    }
  ],
  "hasTranslatedProperty": [
    {
      "@id": "https://data.datatourisme.fr/3234a0da-f25c-32a9-b4f2-e598b974b4f5",
      "dc:contributor": [
        "https://api.deepl.com/v2/translate"
      ],
      "rdf:language": [
        "nl"
      ],
      "rdf:predicate": [
        {
          "@id": "rdfs:comment"
        }
      ]
    },
    {
      "@id": "https://data.datatourisme.fr/73e3716c-6c23-3693-abf2-e59a9a420155",
      "dc:contributor": [
        "https://api.deepl.com/v2/translate"
      ],
      "rdf:language": [
        "es"
      ],
      "rdf:predicate": [
        {
          "@id": "rdfs:comment"
        }
      ]
    },
    {
      "@id": "https://data.datatourisme.fr/e3a5f4ef-b77f-37a4-9aa7-b1f3f1f60a6b",
      "dc:contributor": [
        "https://api.deepl.com/v2/translate"
      ],
      "rdf:language": [
        "de"
      ],
      "rdf:predicate": [
        {
          "@id": "rdfs:comment"
        }
      ]
    }
  ],
  "isLocatedAt": [
    {
      "@id": "https://data.datatourisme.fr/ed675f4f-526e-3c4c-9088-066f9cd40b9c",
      "schema:address": [
        {
          "@id": "https://data.datatourisme.fr/6ea61590-d891-3c16-a117-b93702aaf24b",
          "schema:addressLocality": "Saint-Florent",
          "schema:postalCode": "20217",
          "schema:streetAddress": [
            "Port de plaisance"
          ],
          "@type": [
            "schema:PostalAddress",
            "PostalAddress"
          ],
          "hasAddressCity": {
            "@id": "kb:2B298",
            "@type": [
              "City"
            ],
            "rdfs:label": {
              "en": [
                "Saint-Florent"
              ],
              "fr": [
                "Saint-Florent"
              ]
            },
            "insee": "2B298",
            "isPartOfDepartment": {
              "@id": "kb:France942B",
              "@type": [
                "Department"
              ],
              "rdfs:label": {
                "en": [
                  "Haute-Corse"
                ],
                "fr": [
                  "Haute-Corse"
                ]
              },
              "insee": "2B",
              "isPartOfRegion": {
                "@id": "kb:France94",
                "@type": [
                  "Region"
                ],
                "rdfs:label": {
                  "en": [
                    "Corse"
                  ],
                  "fr": [
                    "Corse"
                  ]
                },
                "insee": "94",
                "isPartOfCountry": {
                  "@id": "kb:France",
                  "@type": [
                    "schema:Country"
                  ],
                  "rdfs:label": {
                    "de": [
                      "Frankreich"
                    ],
                    "pt": [
                      "França"
                    ],
                    "en": [
                      "France"
                    ],
                    "it": [
                      "Francia"
                    ],
                    "fr": [
                      "France"
                    ],
                    "nl": [
                      "Frankrijk"
                    ],
                    "es": [
                      "Francia"
                    ]
                  }
                }
              }
            }
          }
        }
      ],
      "schema:geo": {
        "@id": "https://data.datatourisme.fr/6e238670-6f1e-3eb9-a94e-f3e11198a7c6",
        "schema:latitude": "42.680335",
        "schema:longitude": "9.300995",
        "@type": [
          "schema:GeoCoordinates"
        ]
      },
      "schema:openingHoursSpecification": [
        {
          "@id": "https://data.datatourisme.fr/d498d246-7800-3303-9d0b-e48e573599f6",
          "schema:validFrom": "2023-04-15T00:00:00",
          "schema:validThrough": "2023-10-15T23:59:59",
          "@type": [
            "schema:OpeningHoursSpecification"
          ],
          "additionalInformation": {
            "de": [
              "Zeitraum nur zur Orientierung. Möglichkeit von Themenausflügen in der Nebensaison."
            ],
            "en": [
              "Period as an indication. Possibility of theme outings in the off season."
            ],
            "it": [
              "Periodo a titolo puramente informativo. Possibilità di uscite a tema in bassa stagione."
            ],
            "fr": [
              "Période à titre indicatif. Possibilité de sorties à thème en hors saison."
            ],
            "es": [
              "Periodo sólo informativo. Posibilidad de salidas temáticas fuera de temporada."
            ],
            "nl": [
              "Periode ter informatie. Mogelijkheid tot thema-uitstapjes in het laagseizoen."
            ]
          },
          "hasTranslatedProperty": [
            {
              "@id": "https://data.datatourisme.fr/2d63fad5-f9f3-30a3-a813-32e3c758839b",
              "dc:contributor": [
                "https://api.deepl.com/v2/translate"
              ],
              "rdf:language": [
                "en"
              ],
              "rdf:predicate": [
                "additionalInformation"
              ]
            },
            {
              "@id": "https://data.datatourisme.fr/4499b3dd-1f8a-3654-98f2-21e63bdf70ed",
              "dc:contributor": [
                "https://api.deepl.com/v2/translate"
              ],
              "rdf:language": [
                "es"
              ],
              "rdf:predicate": [
                "additionalInformation"
              ]
            },
            {
              "@id": "https://data.datatourisme.fr/56d64e58-ed66-303b-b0ba-ba1bcc8b95ac",
              "dc:contributor": [
                "https://api.deepl.com/v2/translate"
              ],
              "rdf:language": [
                "it"
              ],
              "rdf:predicate": [
                "additionalInformation"
              ]
            },
            {
              "@id": "https://data.datatourisme.fr/806665c6-3a9f-37d8-b651-5902abc7ec47",
              "dc:contributor": [
                "https://api.deepl.com/v2/translate"
              ],
              "rdf:language": [
                "nl"
              ],
              "rdf:predicate": [
                "additionalInformation"
              ]
            },
            {
              "@id": "https://data.datatourisme.fr/a5b9d89d-8ad0-3032-ade5-a615d5d7c613",
              "dc:contributor": [
                "https://api.deepl.com/v2/translate"
              ],
              "rdf:language": [
                "de"
              ],
              "rdf:predicate": [
                "additionalInformation"
              ]
            }
          ]
        }
      ],
      "@type": [
        "schema:Place",
        "Place"
      ]
    }
  ],
  "isOwnedBy": [
    {
      "@id": "https://data.datatourisme.fr/194c52e6-bbae-33dc-8464-caca97844fbb",
      "schema:email": [
        "info@balagne-corsica.com"
      ],
      "schema:legalName": "Office de Tourisme Intercommunal Calvi - Balagne",
      "@type": [
        "schema:Organization",
        "foaf:Agent",
        "Agent"
      ],
      "foaf:homepage": [
        "https://www.balagne-corsica.com/"
      ]
    }
  ],
  "lastUpdate": "2023-01-24",
  "lastUpdateDatatourisme": "2023-02-10T06:39:19.873Z",
  "offers": [
    {
      "@id": "https://data.datatourisme.fr/dcd76347-d7e1-3595-9ea3-7e436ef93458",
      "schema:priceSpecification": [
        {
          "@id": "https://data.datatourisme.fr/9dac12a2-f197-348f-99dc-061f6cbe8ebd",
          "schema:maxPrice": [
            "90"
          ],
          "schema:minPrice": [
            "30"
          ],
          "schema:priceCurrency": "EUR",
          "@type": [
            "schema:PriceSpecification",
            "PriceSpecification"
          ],
          "appliesOnPeriod": [
            {
              "@id": "https://data.datatourisme.fr/f3f35760-c80f-3b1c-8cb0-5e2a21ba5396",
              "@type": [
                "Period"
              ],
              "endDate": "2023-10-15",
              "startDate": "2023-04-15"
            }
          ]
        }
      ],
      "@type": [
        "schema:Offer",
        "Offer"
      ]
    }
  ]
}