{
  "@id": "https://data.datatourisme.fr/13/25dd6d0b-1c22-33e2-bbdf-bc44f2d31cd6",
  "dc:identifier": "6424956",
  "@type": [
    "schema:FoodEstablishment",
    "schema:Winery",
    "BistroOrWineBar",
    "FoodEstablishment",
    "PlaceOfInterest",
    "PointOfInterest",
    "SportsAndLeisurePlace"
  ],
  "rdfs:comment": {
    "de": [
      "Aperitif / Cocktailbar - Live-Musik - das ganze Jahr über - im Herzen von Porto-Vecchio."
    ],
    "en": [
      "Aperitif / cocktail bar - live music - all year round - in the heart of Porto-Vecchio."
    ],
    "it": [
      "Aperitivo / cocktail bar - musica dal vivo - tutto l'anno - nel cuore di Porto-Vecchio."
    ],
    "fr": [
      "Dans le cœur de ville, le bar Les Beaux Arts vous propose de venir siroter ses cocktails et déguster ses tapas en intérieur ou sur sa belle terrasse ! \r\nUne carte simple, à base de produits frais et faits maison. Dans la bonne humeur et en musique !"
    ],
    "es": [
      "En pleno centro de la ciudad, el bar Les Beaux Arts le invita a venir a saborear sus cócteles y degustar sus tapas en el interior o en su bonita terraza\r\nUna carta sencilla, basada en productos frescos y caseros. ¡De buen humor y con música!"
    ],
    "nl": [
      "Aperitief / cocktailbar - live muziek - het hele jaar door - in het hart van Porto-Vecchio."
    ]
  },
  "rdfs:label": {
    "fr": [
      "Les Beaux Arts"
    ]
  },
  "hasBeenCreatedBy": {
    "@id": "https://data.datatourisme.fr/13/84c6494d-3085-3c63-a55c-db8cb047fadd",
    "dc:identifier": "1738",
    "schema:email": [
      "camillef.omt@gmail.com",
      "direction@destination-sudcorse.com",
      "gestion@destination-sudcorse.com",
      "promotion@destination-sudcorse.com",
      "webmaster@destination-sudcorse.com"
    ],
    "schema:legalName": "Porto Vecchio Tourisme",
    "@type": [
      "schema:Organization",
      "foaf:Agent",
      "Agent"
    ],
    "foaf:homepage": [
      "http://www.ot-portovecchio.com/"
    ]
  },
  "hasBeenPublishedBy": [
    {
      "@id": "https://data.datatourisme.fr/8a9feb4b-2cbd-3d2c-b507-bd6c6776b23b",
      "schema:legalName": "Apidae Tourisme Scic SA - source : Apidae Tourisme",
      "@type": [
        "schema:Organization",
        "foaf:Agent",
        "Agent"
      ],
      "foaf:homepage": [
        "https://www.apidae-tourisme.com/"
      ]
    }
  ],
  "hasContact": [
    {
      "@id": "https://data.datatourisme.fr/63b47447-f820-357d-88e4-62c576813db8",
      "schema:email": [
        "lbaportovecchio@gmail.com"
      ],
      "@type": [
        "foaf:Agent",
        "Agent"
      ]
    }
  ],
  "hasDescription": [
    {
      "@id": "https://data.datatourisme.fr/c8bc99c5-f63c-3d40-9d03-d48f3202f064",
      "@type": [
        "Description"
      ],
      "hasTranslatedProperty": [
        {
          "@id": "https://data.datatourisme.fr/54c4bff4-dd41-3589-9ab9-8fadd8cfa3e3",
          "dc:contributor": [
            "https://api.deepl.com/v2/translate"
          ],
          "rdf:language": [
            "es"
          ],
          "rdf:predicate": [
            "shortDescription"
          ]
        }
      ],
      "shortDescription": {
        "de": [
          "Aperitif / Cocktailbar - Live-Musik - das ganze Jahr über - im Herzen von Porto-Vecchio."
        ],
        "en": [
          "Aperitif / cocktail bar - live music - all year round - in the heart of Porto-Vecchio."
        ],
        "it": [
          "Aperitivo / cocktail bar - musica dal vivo - tutto l'anno - nel cuore di Porto-Vecchio."
        ],
        "fr": [
          "Dans le cœur de ville, le bar Les Beaux Arts vous propose de venir siroter ses cocktails et déguster ses tapas en intérieur ou sur sa belle terrasse ! \r\nUne carte simple, à base de produits frais et faits maison. Dans la bonne humeur et en musique !"
        ],
        "es": [
          "En pleno centro de la ciudad, el bar Les Beaux Arts le invita a venir a saborear sus cócteles y degustar sus tapas en el interior o en su bonita terraza\r\nUna carta sencilla, basada en productos frescos y caseros. ¡De buen humor y con música!"
        ],
        "nl": [
          "Aperitief / cocktailbar - live muziek - het hele jaar door - in het hart van Porto-Vecchio."
        ]
      }
    }
  ],
  "hasTranslatedProperty": [
    {
      "@id": "https://data.datatourisme.fr/185b6a97-ec67-35a4-9ecf-2108d57130dc",
      "dc:contributor": [
        "https://api.deepl.com/v2/translate"
      ],
      "rdf:language": [
        "es"
      ],
      "rdf:predicate": [
        {
          "@id": "rdfs:comment"
        }
      ]
    }
  ],
  "isLocatedAt": [
    {
      "@id": "https://data.datatourisme.fr/e9ae4d1a-b3d5-3a27-ae64-a72bb6bae30e",
      "schema:address": [
        {
          "@id": "https://data.datatourisme.fr/d0f60d8b-cfea-3926-b42d-7edea8a56342",
          "schema:addressLocality": "Porto-Vecchio",
          "schema:postalCode": "20137",
          "schema:streetAddress": [
            "20 cours Napoléon"
          ],
          "@type": [
            "schema:PostalAddress",
            "PostalAddress"
          ],
          "hasAddressCity": {
            "@id": "kb:2A247",
            "@type": [
              "City"
            ],
            "rdfs:label": {
              "en": [
                "Porto-Vecchio"
              ],
              "fr": [
                "Porto-Vecchio"
              ]
            },
            "insee": "2A247",
            "isPartOfDepartment": {
              "@id": "kb:France942A",
              "@type": [
                "Department"
              ],
              "rdfs:label": {
                "en": [
                  "Corse-du-Sud"
                ],
                "fr": [
                  "Corse-du-Sud"
                ]
              },
              "insee": "2A",
              "isPartOfRegion": {
                "@id": "kb:France94",
                "@type": [
                  "Region"
                ],
                "rdfs:label": {
                  "en": [
                    "Corse"
                  ],
                  "fr": [
                    "Corse"
                  ]
                },
                "insee": "94",
                "isPartOfCountry": {
                  "@id": "kb:France",
                  "@type": [
                    "schema:Country"
                  ],
                  "rdfs:label": {
                    "de": [
                      "Frankreich"
                    ],
                    "pt": [
                      "França"
                    ],
                    "en": [
                      "France"
                    ],
                    "it": [
                      "Francia"
                    ],
                    "fr": [
                      "France"
                    ],
                    "nl": [
                      "Frankrijk"
                    ],
                    "es": [
                      "Francia"
                    ]
                  }
                }
              }
            }
          }
        }
      ],
      "schema:geo": {
        "@id": "https://data.datatourisme.fr/e249944b-bb3d-3847-a96c-876fa5415bfe",
        "schema:latitude": "41.591073",
        "schema:longitude": "9.279736",
        "@type": [
          "schema:GeoCoordinates"
        ]
      },
      "schema:openingHoursSpecification": [
        {
          "@id": "https://data.datatourisme.fr/75f69e4a-39a0-3149-9b13-24f29d07a353",
          "schema:validFrom": "2023-01-01T00:00:00",
          "schema:validThrough": "2023-12-31T23:59:59",
          "@type": [
            "schema:OpeningHoursSpecification"
          ],
          "additionalInformation": {
            "de": [
              "Dienstag, Mittwoch, Donnerstag, Freitag, Samstag, Sonntag: offen"
            ],
            "en": [
              "Tuesday, Wednesday, Thursday, Friday, Saturday, Sunday: open"
            ],
            "it": [
              "Martedì, mercoledì, giovedì, venerdì, sabato, domenica: aperto"
            ],
            "fr": [
              "Mardi, Mercredi, Jeudi, Vendredi, Samedi, Dimanche : ouvert"
            ],
            "es": [
              "Martes, miércoles, jueves, viernes, sábado y domingo: abierto"
            ],
            "nl": [
              "Dinsdag, woensdag, donderdag, vrijdag, zaterdag, zondag: open"
            ]
          },
          "hasTranslatedProperty": [
            {
              "@id": "https://data.datatourisme.fr/1050a010-3051-3212-a026-e1a6079fea23",
              "dc:contributor": [
                "https://api.deepl.com/v2/translate"
              ],
              "rdf:language": [
                "nl"
              ],
              "rdf:predicate": [
                "additionalInformation"
              ]
            },
            {
              "@id": "https://data.datatourisme.fr/1583235a-0169-3249-8dc0-6a846cc6618d",
              "dc:contributor": [
                "https://api.deepl.com/v2/translate"
              ],
              "rdf:language": [
                "en"
              ],
              "rdf:predicate": [
                "additionalInformation"
              ]
            },
            {
              "@id": "https://data.datatourisme.fr/c3e2de47-07fc-3250-abf8-3b81f236f791",
              "dc:contributor": [
                "https://api.deepl.com/v2/translate"
              ],
              "rdf:language": [
                "it"
              ],
              "rdf:predicate": [
                "additionalInformation"
              ]
            },
            {
              "@id": "https://data.datatourisme.fr/dae8e8ee-6b46-35dc-951d-5f666b66b609",
              "dc:contributor": [
                "https://api.deepl.com/v2/translate"
              ],
              "rdf:language": [
                "de"
              ],
              "rdf:predicate": [
                "additionalInformation"
              ]
            },
            {
              "@id": "https://data.datatourisme.fr/df88ba16-cdae-32af-bb6b-a8e84224f3df",
              "dc:contributor": [
                "https://api.deepl.com/v2/translate"
              ],
              "rdf:language": [
                "es"
              ],
              "rdf:predicate": [
                "additionalInformation"
              ]
            }
          ]
        }
      ],
      "@type": [
        "schema:Place",
        "Place"
      ]
    }
  ],
  "isOwnedBy": [
    {
      "@id": "https://data.datatourisme.fr/f5f950f9-5eec-32b4-a357-2c969ccf4068",
      "schema:email": [
        "camillef.omt@gmail.com",
        "direction@destination-sudcorse.com",
        "gestion@destination-sudcorse.com",
        "promotion@destination-sudcorse.com",
        "webmaster@destination-sudcorse.com"
      ],
      "schema:legalName": "Porto Vecchio Tourisme",
      "@type": [
        "schema:Organization",
        "foaf:Agent",
        "Agent"
      ],
      "foaf:homepage": [
        "http://www.ot-portovecchio.com/"
      ]
    }
  ],
  "lastUpdate": "2023-02-22",
  "lastUpdateDatatourisme": "2023-03-27T05:53:19.949Z"
}