{
  "@id": "https://data.datatourisme.fr/13/405c8fa3-605d-3871-ad95-593c6fe2cd80",
  "dc:identifier": "5156759",
  "@type": [
    "schema:Accommodation",
    "schema:FoodEstablishment",
    "schema:Hotel",
    "schema:LodgingBusiness",
    "schema:Restaurant",
    "Accommodation",
    "FoodEstablishment",
    "Hotel",
    "HotelRestaurant",
    "HotelTrade",
    "PlaceOfInterest",
    "PointOfInterest",
    "Restaurant"
  ],
  "rdfs:comment": {
    "de": [
      "Ideal gelegen, im Herzen der Bucht von Porto-Vecchio, nur wenige Schritte vom Yachthafen und der Zitadelle entfernt.\r\nEntdecken Sie den Charme eines Hotel-Restaurants mit herzlichem und authentischem Empfang."
    ],
    "en": [
      "Ideally located in the heart of the bay of Porto-Vecchio, a stone's throw from the marina and the citadel.\r\nDiscover the charm of a hotel-restaurant with a warm and authentic welcome."
    ],
    "it": [
      "Situato in posizione ideale nel cuore della baia di Porto-Vecchio, a due passi dal porto turistico e dalla cittadella.\r\nScoprite il fascino di un hotel-ristorante con un'accoglienza calda e autentica."
    ],
    "fr": [
      "Idéalement situé, au cœur de la baie de Porto-Vecchio, à deux pas du port de plaisance et de la citadelle.\r\nDécouvrez le charme d’un hôtel-restaurant à l’accueil chaleureux et authentique."
    ],
    "es": [
      "Idealmente situado en el corazón de la bahía de Porto-Vecchio, a dos pasos del puerto deportivo y de la ciudadela.\r\nDescubra el encanto de un hotel-restaurante con una acogida cálida y auténtica."
    ],
    "nl": [
      "Ideaal gelegen in het hart van de baai van Porto-Vecchio, op een steenworp afstand van de jachthaven en de citadel.\r\nOntdek de charme van een hotel-restaurant met een warm en authentiek onthaal."
    ]
  },
  "rdfs:label": {
    "fr": [
      "Casa Santini x Roc Seven"
    ]
  },
  "hasBeenCreatedBy": {
    "@id": "https://data.datatourisme.fr/13/84c6494d-3085-3c63-a55c-db8cb047fadd",
    "dc:identifier": "1738",
    "schema:email": [
      "camillef.omt@gmail.com",
      "direction@destination-sudcorse.com",
      "gestion@destination-sudcorse.com",
      "promotion@destination-sudcorse.com",
      "webmaster@destination-sudcorse.com"
    ],
    "schema:legalName": "Porto Vecchio Tourisme",
    "@type": [
      "schema:Organization",
      "foaf:Agent",
      "Agent"
    ],
    "foaf:homepage": [
      "http://www.ot-portovecchio.com/"
    ]
  },
  "hasBeenPublishedBy": [
    {
      "@id": "https://data.datatourisme.fr/8a9feb4b-2cbd-3d2c-b507-bd6c6776b23b",
      "schema:legalName": "Apidae Tourisme Scic SA - source : Apidae Tourisme",
      "@type": [
        "schema:Organization",
        "foaf:Agent",
        "Agent"
      ],
      "foaf:homepage": [
        "https://www.apidae-tourisme.com/"
      ]
    }
  ],
  "hasContact": [
    {
      "@id": "https://data.datatourisme.fr/3d8a4f9c-8dd3-397a-83d8-be0dc212178a",
      "schema:email": [
        "povo@rocseven.com"
      ],
      "schema:telephone": [
        "+33 4 95 70 14 15"
      ],
      "@type": [
        "foaf:Agent",
        "Agent"
      ],
      "foaf:homepage": [
        "https://www.fahrenheitseven.com/les-destinations/roc-seven-casa-santini-hotel-porto-vecchio.html"
      ]
    }
  ],
  "hasDescription": [
    {
      "@id": "https://data.datatourisme.fr/bd9ee93f-c1af-3f68-a01e-cb4653e09099",
      "@type": [
        "Description"
      ],
      "hasTranslatedProperty": [
        {
          "@id": "https://data.datatourisme.fr/2c96ef61-0aa4-3cf8-9ec5-34aab8472551",
          "dc:contributor": [
            "https://api.deepl.com/v2/translate"
          ],
          "rdf:language": [
            "es"
          ],
          "rdf:predicate": [
            "shortDescription"
          ]
        }
      ],
      "shortDescription": {
        "de": [
          "Ideal gelegen, im Herzen der Bucht von Porto-Vecchio, nur wenige Schritte vom Yachthafen und der Zitadelle entfernt.\r\nEntdecken Sie den Charme eines Hotel-Restaurants mit herzlichem und authentischem Empfang."
        ],
        "en": [
          "Ideally located in the heart of the bay of Porto-Vecchio, a stone's throw from the marina and the citadel.\r\nDiscover the charm of a hotel-restaurant with a warm and authentic welcome."
        ],
        "it": [
          "Situato in posizione ideale nel cuore della baia di Porto-Vecchio, a due passi dal porto turistico e dalla cittadella.\r\nScoprite il fascino di un hotel-ristorante con un'accoglienza calda e autentica."
        ],
        "fr": [
          "Idéalement situé, au cœur de la baie de Porto-Vecchio, à deux pas du port de plaisance et de la citadelle.\r\nDécouvrez le charme d’un hôtel-restaurant à l’accueil chaleureux et authentique."
        ],
        "es": [
          "Idealmente situado en el corazón de la bahía de Porto-Vecchio, a dos pasos del puerto deportivo y de la ciudadela.\r\nDescubra el encanto de un hotel-restaurante con una acogida cálida y auténtica."
        ],
        "nl": [
          "Ideaal gelegen in het hart van de baai van Porto-Vecchio, op een steenworp afstand van de jachthaven en de citadel.\r\nOntdek de charme van een hotel-restaurant met een warm en authentiek onthaal."
        ]
      }
    }
  ],
  "hasTranslatedProperty": [
    {
      "@id": "https://data.datatourisme.fr/7413066b-6c98-3a2a-9818-70b69aedbafb",
      "dc:contributor": [
        "https://api.deepl.com/v2/translate"
      ],
      "rdf:language": [
        "es"
      ],
      "rdf:predicate": [
        {
          "@id": "rdfs:comment"
        }
      ]
    }
  ],
  "isLocatedAt": [
    {
      "@id": "https://data.datatourisme.fr/1f2887bf-3106-3357-8bdd-db6965cfca12",
      "schema:address": [
        {
          "@id": "https://data.datatourisme.fr/85435d4c-aa45-394c-8928-9635cb6279a5",
          "schema:addressLocality": "Porto-Vecchio",
          "schema:postalCode": "20137",
          "schema:streetAddress": [
            "Avenue Georges Pompidou"
          ],
          "@type": [
            "schema:PostalAddress",
            "PostalAddress"
          ],
          "hasAddressCity": {
            "@id": "kb:2A247",
            "@type": [
              "City"
            ],
            "rdfs:label": {
              "en": [
                "Porto-Vecchio"
              ],
              "fr": [
                "Porto-Vecchio"
              ]
            },
            "insee": "2A247",
            "isPartOfDepartment": {
              "@id": "kb:France942A",
              "@type": [
                "Department"
              ],
              "rdfs:label": {
                "en": [
                  "Corse-du-Sud"
                ],
                "fr": [
                  "Corse-du-Sud"
                ]
              },
              "insee": "2A",
              "isPartOfRegion": {
                "@id": "kb:France94",
                "@type": [
                  "Region"
                ],
                "rdfs:label": {
                  "en": [
                    "Corse"
                  ],
                  "fr": [
                    "Corse"
                  ]
                },
                "insee": "94",
                "isPartOfCountry": {
                  "@id": "kb:France",
                  "@type": [
                    "schema:Country"
                  ],
                  "rdfs:label": {
                    "de": [
                      "Frankreich"
                    ],
                    "pt": [
                      "França"
                    ],
                    "en": [
                      "France"
                    ],
                    "it": [
                      "Francia"
                    ],
                    "fr": [
                      "France"
                    ],
                    "nl": [
                      "Frankrijk"
                    ],
                    "es": [
                      "Francia"
                    ]
                  }
                }
              }
            }
          }
        }
      ],
      "schema:geo": {
        "@id": "https://data.datatourisme.fr/051386e7-a9e2-3a92-af63-4cd73e7f1bd9",
        "schema:latitude": "41.595181",
        "schema:longitude": "9.284643",
        "@type": [
          "schema:GeoCoordinates"
        ]
      },
      "schema:openingHoursSpecification": [
        {
          "@id": "https://data.datatourisme.fr/0adb426c-1db7-3f3d-89eb-2483cc1c3b82",
          "schema:validFrom": "2023-04-27T00:00:00",
          "schema:validThrough": "2023-10-29T23:59:59",
          "@type": [
            "schema:OpeningHoursSpecification"
          ],
          "additionalInformation": {
            "de": [
              "Montag, Dienstag, Mittwoch, Donnerstag, Freitag, Samstag, Sonntag: offen\n\n24 Stunden geöffnet."
            ],
            "en": [
              "Monday, Tuesday, Wednesday, Thursday, Friday, Saturday, Sunday: open\n\nOpen 24 hours a day."
            ],
            "it": [
              "Lunedì, martedì, mercoledì, giovedì, venerdì, sabato, domenica: aperto\n\nAperto 24 ore su 24."
            ],
            "fr": [
              "Lundi, Mardi, Mercredi, Jeudi, Vendredi, Samedi, Dimanche : ouvert\n\nOuvert 24h/24."
            ],
            "nl": [
              "Maandag, dinsdag, woensdag, donderdag, vrijdag, zaterdag, zondag: open\n\n24 uur per dag geopend."
            ],
            "es": [
              "Lunes, martes, miércoles, jueves, viernes, sábado y domingo: abierto\n\nAbierto las 24 horas del día."
            ]
          },
          "hasTranslatedProperty": [
            {
              "@id": "https://data.datatourisme.fr/1a1de401-5bfb-32b4-a85c-c7bcb35ed8ac",
              "dc:contributor": [
                "https://api.deepl.com/v2/translate"
              ],
              "rdf:language": [
                "de"
              ],
              "rdf:predicate": [
                "additionalInformation"
              ]
            },
            {
              "@id": "https://data.datatourisme.fr/24e42d61-782d-3562-be47-38d5f539be16",
              "dc:contributor": [
                "https://api.deepl.com/v2/translate"
              ],
              "rdf:language": [
                "it"
              ],
              "rdf:predicate": [
                "additionalInformation"
              ]
            },
            {
              "@id": "https://data.datatourisme.fr/4137c5a7-a597-37e6-9b18-65e4e6939c2b",
              "dc:contributor": [
                "https://api.deepl.com/v2/translate"
              ],
              "rdf:language": [
                "en"
              ],
              "rdf:predicate": [
                "additionalInformation"
              ]
            },
            {
              "@id": "https://data.datatourisme.fr/947eb684-c42a-3d72-80c4-25cbbee2a9e4",
              "dc:contributor": [
                "https://api.deepl.com/v2/translate"
              ],
              "rdf:language": [
                "nl"
              ],
              "rdf:predicate": [
                "additionalInformation"
              ]
            },
            {
              "@id": "https://data.datatourisme.fr/a69b4ac5-514a-3f4b-830d-44037e3ce5f0",
              "dc:contributor": [
                "https://api.deepl.com/v2/translate"
              ],
              "rdf:language": [
                "es"
              ],
              "rdf:predicate": [
                "additionalInformation"
              ]
            }
          ]
        }
      ],
      "@type": [
        "schema:Place",
        "Place"
      ]
    }
  ],
  "isOwnedBy": [
    {
      "@id": "https://data.datatourisme.fr/f5f950f9-5eec-32b4-a357-2c969ccf4068",
      "schema:email": [
        "camillef.omt@gmail.com",
        "direction@destination-sudcorse.com",
        "gestion@destination-sudcorse.com",
        "promotion@destination-sudcorse.com",
        "webmaster@destination-sudcorse.com"
      ],
      "schema:legalName": "Porto Vecchio Tourisme",
      "@type": [
        "schema:Organization",
        "foaf:Agent",
        "Agent"
      ],
      "foaf:homepage": [
        "http://www.ot-portovecchio.com/"
      ]
    }
  ],
  "lastUpdate": "2023-03-15",
  "lastUpdateDatatourisme": "2023-04-04T05:52:39.408Z",
  "offers": [
    {
      "@id": "https://data.datatourisme.fr/23f32505-413d-36e7-ab5b-2d91e878aaf6",
      "schema:priceSpecification": [
        {
          "@id": "https://data.datatourisme.fr/5597f06d-2934-3d40-b010-827702f2f927",
          "schema:minPrice": [
            "149",
            "280"
          ],
          "schema:priceCurrency": "EUR",
          "@type": [
            "schema:PriceSpecification",
            "PriceSpecification"
          ],
          "appliesOnPeriod": [
            {
              "@id": "https://data.datatourisme.fr/d2868ae8-5e1b-35d7-8df7-fbae5e6bf342",
              "@type": [
                "Period"
              ],
              "endDate": "2023-10-29",
              "startDate": "2023-04-27"
            }
          ]
        }
      ],
      "@type": [
        "schema:Offer",
        "Offer"
      ]
    }
  ]
}