{
  "@id": "https://data.datatourisme.fr/13/5c448066-a249-391e-a6be-9cdacebbf771",
  "dc:identifier": "5968216",
  "@type": [
    "schema:FoodEstablishment",
    "FoodEstablishment",
    "PlaceOfInterest",
    "PointOfInterest"
  ],
  "rdfs:comment": {
    "de": [
      "Machen Sie eine Schlemmerpause in der Balagne mit Blick auf das Meer in diesem Restaurant - Eisdiele - Crêperie in Galeria auf Korsika."
    ],
    "en": [
      "Take a gourmet break in Balagne facing the sea in this restaurant - ice-cream parlour - creperie in Galeria, Corsica."
    ],
    "it": [
      "Situato sul boulevard Wilson, la via principale del centro di Calvi in Corsica, il Concept offre un piccolo ristorante servito su una terrazza ombreggiata di fronte alla Fate una pausa golosa in Balagna di fronte al mare in questo ristorante - gelateria - creperia di Galeria, in Corsica."
    ],
    "fr": [
      "Faites une pause gourmande en Balagne face à la mer dans ce restaurant - glacier - crêperie à Galeria en Corse."
    ],
    "nl": [
      "In dit restaurant - ijssalon - crêperie in Galeria, Corsica, kunt u genieten van een gastronomische pauze in Balagne met uitzicht op zee."
    ],
    "es": [
      "Haga una pausa gastronómica en Balagne frente al mar en este restaurante - heladería - crepería de Galeria, Córcega."
    ]
  },
  "rdfs:label": {
    "fr": [
      "Le Concept"
    ]
  },
  "hasBeenCreatedBy": {
    "@id": "https://data.datatourisme.fr/13/e4873aa9-a05c-35ed-8395-61d121516766",
    "dc:identifier": "1646",
    "schema:email": [
      "info@balagne-corsica.com"
    ],
    "schema:legalName": "Office de Tourisme Intercommunal Calvi - Balagne",
    "@type": [
      "schema:Organization",
      "foaf:Agent",
      "Agent"
    ],
    "foaf:homepage": [
      "https://www.balagne-corsica.com/"
    ]
  },
  "hasBeenPublishedBy": [
    {
      "@id": "https://data.datatourisme.fr/8a9feb4b-2cbd-3d2c-b507-bd6c6776b23b",
      "schema:legalName": "Apidae Tourisme Scic SA - source : Apidae Tourisme",
      "@type": [
        "schema:Organization",
        "foaf:Agent",
        "Agent"
      ],
      "foaf:homepage": [
        "https://www.apidae-tourisme.com/"
      ]
    }
  ],
  "hasContact": [
    {
      "@id": "https://data.datatourisme.fr/c36d9440-ea95-3c88-8f63-bc88729d6487",
      "schema:telephone": [
        "+33 6 49 61 32 57"
      ],
      "@type": [
        "foaf:Agent",
        "Agent"
      ]
    }
  ],
  "hasDescription": [
    {
      "@id": "https://data.datatourisme.fr/a7a50673-33d6-39eb-9468-30fb2424db2b",
      "@type": [
        "Description"
      ],
      "hasTranslatedProperty": [
        {
          "@id": "https://data.datatourisme.fr/0e6c3bb7-57df-3a6a-b976-57b1c9be7c59",
          "dc:contributor": [
            "https://api.deepl.com/v2/translate"
          ],
          "rdf:language": [
            "nl"
          ],
          "rdf:predicate": [
            "shortDescription"
          ]
        },
        {
          "@id": "https://data.datatourisme.fr/bd758483-bf81-34ed-be98-e572dddeb234",
          "dc:contributor": [
            "https://api.deepl.com/v2/translate"
          ],
          "rdf:language": [
            "es"
          ],
          "rdf:predicate": [
            "shortDescription"
          ]
        },
        {
          "@id": "https://data.datatourisme.fr/e5d731ab-3eb6-34f5-b196-492879cbec09",
          "dc:contributor": [
            "https://api.deepl.com/v2/translate"
          ],
          "rdf:language": [
            "de"
          ],
          "rdf:predicate": [
            "shortDescription"
          ]
        }
      ],
      "shortDescription": {
        "de": [
          "Machen Sie eine Schlemmerpause in der Balagne mit Blick auf das Meer in diesem Restaurant - Eisdiele - Crêperie in Galeria auf Korsika."
        ],
        "en": [
          "Take a gourmet break in Balagne facing the sea in this restaurant - ice-cream parlour - creperie in Galeria, Corsica."
        ],
        "it": [
          "Situato sul boulevard Wilson, la via principale del centro di Calvi in Corsica, il Concept offre un piccolo ristorante servito su una terrazza ombreggiata di fronte alla Fate una pausa golosa in Balagna di fronte al mare in questo ristorante - gelateria - creperia di Galeria, in Corsica."
        ],
        "fr": [
          "Faites une pause gourmande en Balagne face à la mer dans ce restaurant - glacier - crêperie à Galeria en Corse."
        ],
        "nl": [
          "In dit restaurant - ijssalon - crêperie in Galeria, Corsica, kunt u genieten van een gastronomische pauze in Balagne met uitzicht op zee."
        ],
        "es": [
          "Haga una pausa gastronómica en Balagne frente al mar en este restaurante - heladería - crepería de Galeria, Córcega."
        ]
      }
    }
  ],
  "hasTranslatedProperty": [
    {
      "@id": "https://data.datatourisme.fr/735443fc-140b-3d40-b879-2dbc842c006b",
      "dc:contributor": [
        "https://api.deepl.com/v2/translate"
      ],
      "rdf:language": [
        "es"
      ],
      "rdf:predicate": [
        {
          "@id": "rdfs:comment"
        }
      ]
    },
    {
      "@id": "https://data.datatourisme.fr/c6fd4a80-cd43-32d6-938b-490d310f27ad",
      "dc:contributor": [
        "https://api.deepl.com/v2/translate"
      ],
      "rdf:language": [
        "nl"
      ],
      "rdf:predicate": [
        {
          "@id": "rdfs:comment"
        }
      ]
    },
    {
      "@id": "https://data.datatourisme.fr/dad8568d-99a0-30cb-afa5-a88fe68a1aef",
      "dc:contributor": [
        "https://api.deepl.com/v2/translate"
      ],
      "rdf:language": [
        "de"
      ],
      "rdf:predicate": [
        {
          "@id": "rdfs:comment"
        }
      ]
    }
  ],
  "isLocatedAt": [
    {
      "@id": "https://data.datatourisme.fr/bd75c0eb-71fb-369f-93f2-c86729f5edd1",
      "schema:address": [
        {
          "@id": "https://data.datatourisme.fr/3cbc525b-3be4-3c28-a87e-1dc1f8bda667",
          "schema:addressLocality": "Galéria",
          "schema:postalCode": "20245",
          "schema:streetAddress": [
            "Route de la mer"
          ],
          "@type": [
            "schema:PostalAddress",
            "PostalAddress"
          ],
          "hasAddressCity": {
            "@id": "kb:2B121",
            "@type": [
              "City"
            ],
            "rdfs:label": {
              "en": [
                "Galéria"
              ],
              "fr": [
                "Galéria"
              ]
            },
            "insee": "2B121",
            "isPartOfDepartment": {
              "@id": "kb:France942B",
              "@type": [
                "Department"
              ],
              "rdfs:label": {
                "en": [
                  "Haute-Corse"
                ],
                "fr": [
                  "Haute-Corse"
                ]
              },
              "insee": "2B",
              "isPartOfRegion": {
                "@id": "kb:France94",
                "@type": [
                  "Region"
                ],
                "rdfs:label": {
                  "en": [
                    "Corse"
                  ],
                  "fr": [
                    "Corse"
                  ]
                },
                "insee": "94",
                "isPartOfCountry": {
                  "@id": "kb:France",
                  "@type": [
                    "schema:Country"
                  ],
                  "rdfs:label": {
                    "de": [
                      "Frankreich"
                    ],
                    "pt": [
                      "França"
                    ],
                    "en": [
                      "France"
                    ],
                    "it": [
                      "Francia"
                    ],
                    "fr": [
                      "France"
                    ],
                    "nl": [
                      "Frankrijk"
                    ],
                    "es": [
                      "Francia"
                    ]
                  }
                }
              }
            }
          }
        }
      ],
      "schema:geo": {
        "@id": "https://data.datatourisme.fr/904836b5-93ba-3680-9fa8-1ec3dceb8881",
        "schema:latitude": "42.412981",
        "schema:longitude": "8.648089",
        "@type": [
          "schema:GeoCoordinates"
        ]
      },
      "schema:openingHoursSpecification": [
        {
          "@id": "https://data.datatourisme.fr/bbd05489-a6b4-351f-85b5-7c445e6487ba",
          "schema:closes": "19:00:00",
          "schema:opens": "10:00:00",
          "schema:validFrom": "2023-04-15T00:00:00",
          "schema:validThrough": "2023-10-15T23:59:59",
          "@type": [
            "schema:OpeningHoursSpecification"
          ],
          "additionalInformation": {
            "de": [
              "Zeitraum unverbindlich genaue Daten müssen noch bestätigt werden."
            ],
            "en": [
              "Indicative period and precise dates to be confirmed."
            ],
            "it": [
              "Periodo indicativo e date esatte da confermare."
            ],
            "fr": [
              "Période à titre indicatif dates précises à confirmer."
            ],
            "es": [
              "Periodo indicativo y fechas exactas por confirmar."
            ],
            "nl": [
              "Indicatieve periode en exacte data nog te bevestigen."
            ]
          },
          "hasTranslatedProperty": [
            {
              "@id": "https://data.datatourisme.fr/75b16dac-9421-3eeb-ab43-ac66b010e46c",
              "dc:contributor": [
                "https://api.deepl.com/v2/translate"
              ],
              "rdf:language": [
                "de"
              ],
              "rdf:predicate": [
                "additionalInformation"
              ]
            },
            {
              "@id": "https://data.datatourisme.fr/805b9d2b-47ac-3765-9635-7663dd79f052",
              "dc:contributor": [
                "https://api.deepl.com/v2/translate"
              ],
              "rdf:language": [
                "it"
              ],
              "rdf:predicate": [
                "additionalInformation"
              ]
            },
            {
              "@id": "https://data.datatourisme.fr/86a954f5-4dbb-38a8-99a2-154f48243020",
              "dc:contributor": [
                "https://api.deepl.com/v2/translate"
              ],
              "rdf:language": [
                "en"
              ],
              "rdf:predicate": [
                "additionalInformation"
              ]
            },
            {
              "@id": "https://data.datatourisme.fr/d7520901-4ef7-35f4-b0d7-7a40c624df7e",
              "dc:contributor": [
                "https://api.deepl.com/v2/translate"
              ],
              "rdf:language": [
                "nl"
              ],
              "rdf:predicate": [
                "additionalInformation"
              ]
            },
            {
              "@id": "https://data.datatourisme.fr/f8735d00-42b1-3b52-bde9-517eaf8ba330",
              "dc:contributor": [
                "https://api.deepl.com/v2/translate"
              ],
              "rdf:language": [
                "es"
              ],
              "rdf:predicate": [
                "additionalInformation"
              ]
            }
          ]
        }
      ],
      "@type": [
        "schema:Place",
        "Place"
      ]
    }
  ],
  "isOwnedBy": [
    {
      "@id": "https://data.datatourisme.fr/194c52e6-bbae-33dc-8464-caca97844fbb",
      "schema:email": [
        "info@balagne-corsica.com"
      ],
      "schema:legalName": "Office de Tourisme Intercommunal Calvi - Balagne",
      "@type": [
        "schema:Organization",
        "foaf:Agent",
        "Agent"
      ],
      "foaf:homepage": [
        "https://www.balagne-corsica.com/"
      ]
    }
  ],
  "lastUpdate": "2022-05-03",
  "lastUpdateDatatourisme": "2023-02-01T18:07:35.603Z"
}