{
  "@id": "https://data.datatourisme.fr/13/5c4cd768-41d5-3e93-896f-ac146b845d35",
  "dc:identifier": "5129694",
  "@type": [
    "schema:FoodEstablishment",
    "FoodEstablishment",
    "PlaceOfInterest",
    "PointOfInterest"
  ],
  "rdfs:comment": {
    "de": [
      "L'Agriate café - Domaine de l'Ostriconi lädt Sie ein, seine frische und köstliche regionale Küche in einer wunderschönen Umgebung, dem Ostriconi-Tal, zu entdecken."
    ],
    "en": [
      "L'Agriate Café - Domaine de LOstriconi, offers a fresh and delicious traditional cuisine in a wonderful setting in the Ostricoi Valley."
    ],
    "it": [
      "L'Agriate café - Domaine de l'Ostriconi vi invita a scoprire la sua fresca e deliziosa cucina locale in una magnifica cornice, la valle dell'Ostriconi."
    ],
    "fr": [
      "L'Agriate café - Domaine de l'Ostriconi vous propose de venir découvrir sa cuisine de terroir, fraîche et délicieuse dans un cadre magnifique, la vallée de l'Ostriconi."
    ],
    "nl": [
      "Het Agriate café - Domaine de l'Ostriconi nodigt u uit om zijn verse en heerlijke lokale keuken te komen ontdekken in een prachtige omgeving, de Ostriconi vallei."
    ],
    "es": [
      "El café Agriate - Domaine de l'Ostriconi le invita a venir a descubrir su fresca y deliciosa cocina local en un magnífico entorno, el valle de Ostriconi."
    ]
  },
  "rdfs:label": {
    "fr": [
      "L'Agriate Café - Domaine de l'Ostriconi"
    ]
  },
  "hasBeenCreatedBy": {
    "@id": "https://data.datatourisme.fr/13/8d420fa3-5754-31f1-8199-69c88780314d",
    "dc:identifier": "1647",
    "schema:email": [
      "web@ileroussetourisme.com"
    ],
    "schema:legalName": "Office de Tourisme Intercommunal de L'Ile Rousse-Balagne",
    "@type": [
      "schema:Organization",
      "foaf:Agent",
      "Agent"
    ],
    "foaf:homepage": [
      "https://www.balagne-corsica.com/"
    ]
  },
  "hasBeenPublishedBy": [
    {
      "@id": "https://data.datatourisme.fr/8a9feb4b-2cbd-3d2c-b507-bd6c6776b23b",
      "schema:legalName": "Apidae Tourisme Scic SA - source : Apidae Tourisme",
      "@type": [
        "schema:Organization",
        "foaf:Agent",
        "Agent"
      ],
      "foaf:homepage": [
        "https://www.apidae-tourisme.com/"
      ]
    }
  ],
  "hasContact": [
    {
      "@id": "https://data.datatourisme.fr/21dd3950-93cf-321f-b3c1-eb951a76c1de",
      "schema:telephone": [
        "+33 6 37 40 53 91",
        "+33 6 70 84 40 53"
      ],
      "@type": [
        "foaf:Agent",
        "Agent"
      ]
    }
  ],
  "hasDescription": [
    {
      "@id": "https://data.datatourisme.fr/5884ea5c-0a07-3d87-9410-8a2c26605263",
      "@type": [
        "Description"
      ],
      "hasTranslatedProperty": [
        {
          "@id": "https://data.datatourisme.fr/09b38de1-fc32-3631-ac8a-fbc437842517",
          "dc:contributor": [
            "https://api.deepl.com/v2/translate"
          ],
          "rdf:language": [
            "it"
          ],
          "rdf:predicate": [
            "shortDescription"
          ]
        },
        {
          "@id": "https://data.datatourisme.fr/2919df8a-fcfd-388f-ab69-0b8d3ac499c7",
          "dc:contributor": [
            "https://api.deepl.com/v2/translate"
          ],
          "rdf:language": [
            "es"
          ],
          "rdf:predicate": [
            "shortDescription"
          ]
        },
        {
          "@id": "https://data.datatourisme.fr/70c5c988-51ce-334e-9fea-fc63ffabbaf1",
          "dc:contributor": [
            "https://api.deepl.com/v2/translate"
          ],
          "rdf:language": [
            "nl"
          ],
          "rdf:predicate": [
            "shortDescription"
          ]
        },
        {
          "@id": "https://data.datatourisme.fr/7590df49-5edf-32a7-aeb8-2efd5ba33708",
          "dc:contributor": [
            "https://api.deepl.com/v2/translate"
          ],
          "rdf:language": [
            "de"
          ],
          "rdf:predicate": [
            "shortDescription"
          ]
        }
      ],
      "shortDescription": {
        "de": [
          "L'Agriate café - Domaine de l'Ostriconi lädt Sie ein, seine frische und köstliche regionale Küche in einer wunderschönen Umgebung, dem Ostriconi-Tal, zu entdecken."
        ],
        "en": [
          "L'Agriate Café - Domaine de LOstriconi, offers a fresh and delicious traditional cuisine in a wonderful setting in the Ostricoi Valley."
        ],
        "it": [
          "L'Agriate café - Domaine de l'Ostriconi vi invita a scoprire la sua fresca e deliziosa cucina locale in una magnifica cornice, la valle dell'Ostriconi."
        ],
        "fr": [
          "L'Agriate café - Domaine de l'Ostriconi vous propose de venir découvrir sa cuisine de terroir, fraîche et délicieuse dans un cadre magnifique, la vallée de l'Ostriconi."
        ],
        "nl": [
          "Het Agriate café - Domaine de l'Ostriconi nodigt u uit om zijn verse en heerlijke lokale keuken te komen ontdekken in een prachtige omgeving, de Ostriconi vallei."
        ],
        "es": [
          "El café Agriate - Domaine de l'Ostriconi le invita a venir a descubrir su fresca y deliciosa cocina local en un magnífico entorno, el valle de Ostriconi."
        ]
      }
    }
  ],
  "hasTheme": [
    {
      "@id": "kb:MediterraneanCuisine",
      "@type": [
        "CuisineCategory"
      ],
      "rdfs:label": {
        "de": [
          "Mediterrane Küche"
        ],
        "pt": [
          "Cozinha mediterrânica"
        ],
        "en": [
          "Mediterranean cuisine"
        ],
        "it": [
          "Cucina mediterranea"
        ],
        "fr": [
          "Cuisine méditerranéenne"
        ],
        "nl": [
          "Mediterrane keuken"
        ],
        "es": [
          "Cocina mediterránea"
        ]
      }
    }
  ],
  "hasTranslatedProperty": [
    {
      "@id": "https://data.datatourisme.fr/07125e6f-5482-3fcf-bd90-9b2142c377b7",
      "dc:contributor": [
        "https://api.deepl.com/v2/translate"
      ],
      "rdf:language": [
        "it"
      ],
      "rdf:predicate": [
        {
          "@id": "rdfs:comment"
        }
      ]
    },
    {
      "@id": "https://data.datatourisme.fr/2ddb2fbc-8523-383b-9ae3-75caf43e9d9c",
      "dc:contributor": [
        "https://api.deepl.com/v2/translate"
      ],
      "rdf:language": [
        "es"
      ],
      "rdf:predicate": [
        {
          "@id": "rdfs:comment"
        }
      ]
    },
    {
      "@id": "https://data.datatourisme.fr/bc2f02a9-752d-3047-9f03-6bc857e0aa97",
      "dc:contributor": [
        "https://api.deepl.com/v2/translate"
      ],
      "rdf:language": [
        "nl"
      ],
      "rdf:predicate": [
        {
          "@id": "rdfs:comment"
        }
      ]
    },
    {
      "@id": "https://data.datatourisme.fr/f81f4543-1737-39a6-a74a-2bf4d75d82ec",
      "dc:contributor": [
        "https://api.deepl.com/v2/translate"
      ],
      "rdf:language": [
        "de"
      ],
      "rdf:predicate": [
        {
          "@id": "rdfs:comment"
        }
      ]
    }
  ],
  "isLocatedAt": [
    {
      "@id": "https://data.datatourisme.fr/39551514-9b95-3e03-947f-41675596e7e9",
      "schema:address": [
        {
          "@id": "https://data.datatourisme.fr/5e806852-9763-39bf-8ed0-fc3b1927d1a3",
          "schema:addressLocality": "Palasca",
          "schema:postalCode": "20226",
          "schema:streetAddress": [
            "Territoriale 30"
          ],
          "@type": [
            "schema:PostalAddress",
            "PostalAddress"
          ],
          "hasAddressCity": {
            "@id": "kb:2B199",
            "@type": [
              "City"
            ],
            "rdfs:label": {
              "en": [
                "Palasca"
              ],
              "fr": [
                "Palasca"
              ]
            },
            "insee": "2B199",
            "isPartOfDepartment": {
              "@id": "kb:France942B",
              "@type": [
                "Department"
              ],
              "rdfs:label": {
                "en": [
                  "Haute-Corse"
                ],
                "fr": [
                  "Haute-Corse"
                ]
              },
              "insee": "2B",
              "isPartOfRegion": {
                "@id": "kb:France94",
                "@type": [
                  "Region"
                ],
                "rdfs:label": {
                  "en": [
                    "Corse"
                  ],
                  "fr": [
                    "Corse"
                  ]
                },
                "insee": "94",
                "isPartOfCountry": {
                  "@id": "kb:France",
                  "@type": [
                    "schema:Country"
                  ],
                  "rdfs:label": {
                    "de": [
                      "Frankreich"
                    ],
                    "pt": [
                      "França"
                    ],
                    "en": [
                      "France"
                    ],
                    "it": [
                      "Francia"
                    ],
                    "fr": [
                      "France"
                    ],
                    "nl": [
                      "Frankrijk"
                    ],
                    "es": [
                      "Francia"
                    ]
                  }
                }
              }
            }
          }
        }
      ],
      "schema:geo": {
        "@id": "https://data.datatourisme.fr/5a9c2926-1dda-370c-95fa-ffc32ccc6ac4",
        "schema:latitude": "42.651478",
        "schema:longitude": "9.079814",
        "@type": [
          "schema:GeoCoordinates"
        ]
      },
      "schema:openingHoursSpecification": [
        {
          "@id": "https://data.datatourisme.fr/fe3b0c8a-e748-3c76-94b9-45a7f6e9995b",
          "schema:validFrom": "2023-04-01T00:00:00",
          "schema:validThrough": "2023-10-31T23:59:59",
          "@type": [
            "schema:OpeningHoursSpecification"
          ]
        }
      ],
      "@type": [
        "schema:Place",
        "Place"
      ]
    }
  ],
  "isOwnedBy": [
    {
      "@id": "https://data.datatourisme.fr/252af22a-253d-33df-b9d7-204832749402",
      "schema:email": [
        "web@ileroussetourisme.com"
      ],
      "schema:legalName": "Office de Tourisme Intercommunal de L'Ile Rousse-Balagne",
      "@type": [
        "schema:Organization",
        "foaf:Agent",
        "Agent"
      ],
      "foaf:homepage": [
        "https://www.balagne-corsica.com/"
      ]
    }
  ],
  "lastUpdate": "2021-09-13",
  "lastUpdateDatatourisme": "2023-04-04T05:52:39.403Z",
  "offers": [
    {
      "@id": "https://data.datatourisme.fr/5351c7c1-6cf7-3c12-87a5-873e7a7ff163",
      "schema:priceSpecification": [
        {
          "@id": "https://data.datatourisme.fr/af2ad851-53f5-3a61-b57a-4b05e8bee3ef",
          "schema:maxPrice": [
            "12",
            "15",
            "2",
            "22",
            "45"
          ],
          "schema:minPrice": [
            "12",
            "14",
            "15",
            "2",
            "8"
          ],
          "schema:priceCurrency": "EUR",
          "@type": [
            "schema:PriceSpecification",
            "PriceSpecification"
          ],
          "appliesOnPeriod": [
            {
              "@id": "https://data.datatourisme.fr/8cae4ef6-a5e3-32f6-bb4f-08cf086b2831",
              "@type": [
                "Period"
              ],
              "endDate": "2020-10-31",
              "startDate": "2020-04-01"
            }
          ]
        }
      ],
      "@type": [
        "schema:Offer",
        "Offer"
      ]
    }
  ],
  "providesCuisineOfType": [
    {
      "@id": "kb:MediterraneanCuisine",
      "@type": [
        "CuisineCategory"
      ],
      "rdfs:label": {
        "de": [
          "Mediterrane Küche"
        ],
        "pt": [
          "Cozinha mediterrânica"
        ],
        "en": [
          "Mediterranean cuisine"
        ],
        "it": [
          "Cucina mediterranea"
        ],
        "fr": [
          "Cuisine méditerranéenne"
        ],
        "nl": [
          "Mediterrane keuken"
        ],
        "es": [
          "Cocina mediterránea"
        ]
      }
    }
  ]
}