{
  "@id": "https://data.datatourisme.fr/13/1cf83a96-188b-399d-885a-5548da8638fd",
  "dc:identifier": "5323578",
  "@type": [
    "CityHeritage",
    "CulturalSite",
    "PlaceOfInterest",
    "PointOfInterest"
  ],
  "rdfs:comment": {
    "de": [
      "Klettern Sie zu diesem Felsvorsprung hinauf und lassen Sie sich von Lama verzaubern.\r\nGehen Sie durch die engen, geschotterten Gassen und gewölbten Durchgänge und entdecken Sie den alten Dorfkern mit seinen an den Felsen gebaute Häusern."
    ],
    "en": [
      "Climb to the top of the rocky peak and succumb to the magical charm of Lama. Follow the narrow stone alleyways and arched passages to explore the heart of the ancient village and admire the houses built against the rock."
    ],
    "it": [
      "Salite su questo sperone di roccia e lasciatevi incantare da Lama.\r\nSeguite le strade strette e sassose e i passaggi a volta e scoprite il cuore dell'antico villaggio con le sue case costruite contro la roccia."
    ],
    "fr": [
      "Grimpez jusqu’à ce piton rocheux et laissez vous envoûter par Lama.\r\nEmpruntez les ruelles étroites et empierrées, les passages voûtés, et découvrez le cœur de l’ancien village aux maisons accolées au rocher."
    ],
    "es": [
      "Suba a este afloramiento rocoso y déjese encantar por Lama.\r\nSiga las calles estrechas y pedregosas y los pasajes abovedados y descubra el corazón del antiguo pueblo con sus casas construidas contra la roca."
    ],
    "nl": [
      "Klim naar deze rotspunt en laat je betoveren door Lama.\r\nVolg de smalle stenen straatjes en gewelfde doorgangen en ontdek het hart van het oude dorp met zijn tegen de rots gebouwde huizen."
    ]
  },
  "rdfs:label": {
    "fr": [
      "Lama"
    ]
  },
  "owl:sameAs": [
    "http://www.wikidata.org/entity/Q1108188"
  ],
  "hasBeenCreatedBy": {
    "@id": "https://data.datatourisme.fr/13/8d420fa3-5754-31f1-8199-69c88780314d",
    "dc:identifier": "1647",
    "schema:email": [
      "web@ileroussetourisme.com"
    ],
    "schema:legalName": "Office de Tourisme Intercommunal de L'Ile Rousse-Balagne",
    "@type": [
      "schema:Organization",
      "foaf:Agent",
      "Agent"
    ],
    "foaf:homepage": [
      "https://www.balagne-corsica.com/"
    ]
  },
  "hasBeenPublishedBy": [
    {
      "@id": "https://data.datatourisme.fr/8a9feb4b-2cbd-3d2c-b507-bd6c6776b23b",
      "schema:legalName": "Apidae Tourisme Scic SA - source : Apidae Tourisme",
      "@type": [
        "schema:Organization",
        "foaf:Agent",
        "Agent"
      ],
      "foaf:homepage": [
        "https://www.apidae-tourisme.com/"
      ]
    }
  ],
  "hasContact": [
    {
      "@id": "https://data.datatourisme.fr/73411f7a-e9da-3ef7-b4d9-a24034e17776",
      "schema:email": [
        "mairie-de-lama@orange.fr"
      ],
      "schema:telephone": [
        "+33 4 95 48 21 05"
      ],
      "@type": [
        "foaf:Agent",
        "Agent"
      ]
    }
  ],
  "hasDescription": [
    {
      "@id": "https://data.datatourisme.fr/ec697b62-5256-341c-b796-9e4079d875b3",
      "@type": [
        "Description"
      ],
      "hasTranslatedProperty": [
        {
          "@id": "https://data.datatourisme.fr/8de3c409-2ba0-3baa-8008-1e4e790dee26",
          "dc:contributor": [
            "https://api.deepl.com/v2/translate"
          ],
          "rdf:language": [
            "it"
          ],
          "rdf:predicate": [
            "shortDescription"
          ]
        },
        {
          "@id": "https://data.datatourisme.fr/9c67f4c7-4dc4-31a3-bf12-5574caff7a8e",
          "dc:contributor": [
            "https://api.deepl.com/v2/translate"
          ],
          "rdf:language": [
            "es"
          ],
          "rdf:predicate": [
            "shortDescription"
          ]
        },
        {
          "@id": "https://data.datatourisme.fr/d86c7875-ab9d-3543-bdbe-f79b73b08627",
          "dc:contributor": [
            "https://api.deepl.com/v2/translate"
          ],
          "rdf:language": [
            "nl"
          ],
          "rdf:predicate": [
            "shortDescription"
          ]
        },
        {
          "@id": "https://data.datatourisme.fr/dbb21652-cf0b-3493-8c8e-c5555422ae0a",
          "dc:contributor": [
            "https://api.deepl.com/v2/translate"
          ],
          "rdf:language": [
            "de"
          ],
          "rdf:predicate": [
            "shortDescription"
          ]
        }
      ],
      "shortDescription": {
        "de": [
          "Klettern Sie zu diesem Felsvorsprung hinauf und lassen Sie sich von Lama verzaubern.\r\nGehen Sie durch die engen, geschotterten Gassen und gewölbten Durchgänge und entdecken Sie den alten Dorfkern mit seinen an den Felsen gebaute Häusern."
        ],
        "en": [
          "Climb to the top of the rocky peak and succumb to the magical charm of Lama. Follow the narrow stone alleyways and arched passages to explore the heart of the ancient village and admire the houses built against the rock."
        ],
        "it": [
          "Salite su questo sperone di roccia e lasciatevi incantare da Lama.\r\nSeguite le strade strette e sassose e i passaggi a volta e scoprite il cuore dell'antico villaggio con le sue case costruite contro la roccia."
        ],
        "fr": [
          "Grimpez jusqu’à ce piton rocheux et laissez vous envoûter par Lama.\r\nEmpruntez les ruelles étroites et empierrées, les passages voûtés, et découvrez le cœur de l’ancien village aux maisons accolées au rocher."
        ],
        "es": [
          "Suba a este afloramiento rocoso y déjese encantar por Lama.\r\nSiga las calles estrechas y pedregosas y los pasajes abovedados y descubra el corazón del antiguo pueblo con sus casas construidas contra la roca."
        ],
        "nl": [
          "Klim naar deze rotspunt en laat je betoveren door Lama.\r\nVolg de smalle stenen straatjes en gewelfde doorgangen en ontdek het hart van het oude dorp met zijn tegen de rots gebouwde huizen."
        ]
      }
    }
  ],
  "hasRepresentation": [
    {
      "@id": "https://data.datatourisme.fr/af5e8d32-392a-3768-810a-6782afddf272",
      "ebucore:hasAnnotation": [
        {
          "@id": "https://data.datatourisme.fr/08e94c5b-d1a7-3a3d-80f7-cf7b1afc9d76",
          "ebucore:isCoveredBy": "CC BY-SA 3.0",
          "ebucore:title": [
            "Lama village LV"
          ],
          "@type": [
            "ebucore:Annotation"
          ],
          "credits": [
            "Pierre Bona (https://commons.wikimedia.org/wiki/User:Pierre_Bona)"
          ]
        }
      ],
      "ebucore:hasRelatedResource": [
        {
          "@id": "https://data.datatourisme.fr/de7a2ecb-c7ae-3481-a432-61b3bbec26a3",
          "ebucore:fileSize": [
            6688182
          ],
          "ebucore:hasMimeType": [
            {
              "@id": "kb:JPEG",
              "@type": [
                "ebucore:MimeType"
              ],
              "rdfs:comment": {
                "de": [
                  "JPEG-Bild"
                ],
                "pt": [
                  "Imagem JPEG"
                ],
                "en": [
                  "JPEG image file"
                ],
                "it": [
                  "Immagine JPEG"
                ],
                "fr": [
                  "Image JPEG"
                ],
                "nl": [
                  "JPEG-afbeelding"
                ],
                "es": [
                  "Imagen JPEG"
                ]
              },
              "rdfs:label": {
                "de": [
                  "image/jpeg"
                ],
                "pt": [
                  "image/jpeg"
                ],
                "en": [
                  "image/jpeg"
                ],
                "it": [
                  "image/jpeg"
                ],
                "fr": [
                  "image/jpeg"
                ],
                "nl": [
                  "image/jpeg"
                ],
                "es": [
                  "image/jpeg"
                ]
              }
            }
          ],
          "ebucore:height": 1647,
          "ebucore:locator": [
            "https://upload.wikimedia.org/wikipedia/commons/b/ba/Lama_village_LV.jpg"
          ],
          "ebucore:width": 3516,
          "@type": [
            "ebucore:Resource"
          ]
        }
      ],
      "@type": [
        "ebucore:EditorialObject"
      ]
    }
  ],
  "hasTheme": [
    {
      "@id": "kb:Culture",
      "@type": [
        "CulturalTheme"
      ],
      "rdfs:label": {
        "de": [
          "Kultur"
        ],
        "pt": [
          "Cultura"
        ],
        "en": [
          "Culture"
        ],
        "it": [
          "Cultura"
        ],
        "fr": [
          "Culture"
        ],
        "nl": [
          "Cultuur"
        ],
        "es": [
          "Cultura"
        ]
      }
    }
  ],
  "hasTranslatedProperty": [
    {
      "@id": "https://data.datatourisme.fr/3b21b064-a885-3626-80dc-4935db822397",
      "dc:contributor": [
        "https://api.deepl.com/v2/translate"
      ],
      "rdf:language": [
        "es"
      ],
      "rdf:predicate": [
        {
          "@id": "rdfs:comment"
        }
      ]
    },
    {
      "@id": "https://data.datatourisme.fr/7e2f9f5f-44e2-3e2c-b5e6-a0c3de7bd571",
      "dc:contributor": [
        "https://api.deepl.com/v2/translate"
      ],
      "rdf:language": [
        "it"
      ],
      "rdf:predicate": [
        {
          "@id": "rdfs:comment"
        }
      ]
    },
    {
      "@id": "https://data.datatourisme.fr/97a81fa2-29e4-3ab1-96b9-6c33ffdc1944",
      "dc:contributor": [
        "https://api.deepl.com/v2/translate"
      ],
      "rdf:language": [
        "de"
      ],
      "rdf:predicate": [
        {
          "@id": "rdfs:comment"
        }
      ]
    },
    {
      "@id": "https://data.datatourisme.fr/f312dae5-f1b5-3881-9b3e-d48326f444cc",
      "dc:contributor": [
        "https://api.deepl.com/v2/translate"
      ],
      "rdf:language": [
        "nl"
      ],
      "rdf:predicate": [
        {
          "@id": "rdfs:comment"
        }
      ]
    }
  ],
  "isLocatedAt": [
    {
      "@id": "https://data.datatourisme.fr/cf6741cd-c5bf-3357-8434-b42aee2e2571",
      "schema:address": [
        {
          "@id": "https://data.datatourisme.fr/da7cc4d8-cbea-303b-8b78-5ae5a3c77bdf",
          "schema:addressLocality": "Lama",
          "schema:postalCode": "20218",
          "schema:streetAddress": [
            "village"
          ],
          "@type": [
            "schema:PostalAddress",
            "PostalAddress"
          ],
          "hasAddressCity": {
            "@id": "kb:2B136",
            "@type": [
              "City"
            ],
            "rdfs:label": {
              "en": [
                "Lama"
              ],
              "fr": [
                "Lama"
              ]
            },
            "insee": "2B136",
            "isPartOfDepartment": {
              "@id": "kb:France942B",
              "@type": [
                "Department"
              ],
              "rdfs:label": {
                "en": [
                  "Haute-Corse"
                ],
                "fr": [
                  "Haute-Corse"
                ]
              },
              "insee": "2B",
              "isPartOfRegion": {
                "@id": "kb:France94",
                "@type": [
                  "Region"
                ],
                "rdfs:label": {
                  "en": [
                    "Corse"
                  ],
                  "fr": [
                    "Corse"
                  ]
                },
                "insee": "94",
                "isPartOfCountry": {
                  "@id": "kb:France",
                  "@type": [
                    "schema:Country"
                  ],
                  "rdfs:label": {
                    "de": [
                      "Frankreich"
                    ],
                    "pt": [
                      "França"
                    ],
                    "en": [
                      "France"
                    ],
                    "it": [
                      "Francia"
                    ],
                    "fr": [
                      "France"
                    ],
                    "nl": [
                      "Frankrijk"
                    ],
                    "es": [
                      "Francia"
                    ]
                  }
                }
              }
            }
          }
        }
      ],
      "schema:geo": {
        "@id": "https://data.datatourisme.fr/a165a3e3-0845-38e0-a552-1d8106c1a3e4",
        "schema:latitude": "42.576007",
        "schema:longitude": "9.171611",
        "@type": [
          "schema:GeoCoordinates"
        ]
      },
      "schema:openingHoursSpecification": [
        {
          "@id": "https://data.datatourisme.fr/f87e535a-636d-3343-ad63-8a03392e7511",
          "schema:validFrom": "2023-01-01T00:00:00",
          "schema:validThrough": "2023-12-31T23:59:59",
          "@type": [
            "schema:OpeningHoursSpecification"
          ]
        }
      ],
      "@type": [
        "schema:Place",
        "Place"
      ]
    }
  ],
  "isOwnedBy": [
    {
      "@id": "https://data.datatourisme.fr/252af22a-253d-33df-b9d7-204832749402",
      "schema:email": [
        "web@ileroussetourisme.com"
      ],
      "schema:legalName": "Office de Tourisme Intercommunal de L'Ile Rousse-Balagne",
      "@type": [
        "schema:Organization",
        "foaf:Agent",
        "Agent"
      ],
      "foaf:homepage": [
        "https://www.balagne-corsica.com/"
      ]
    }
  ],
  "lastUpdate": "2021-01-06",
  "lastUpdateDatatourisme": "2023-02-22T06:42:37.64Z"
}