{
  "@id": "https://data.datatourisme.fr/13/1c2dfdaf-add6-3edb-a02d-27091427cdba",
  "dc:identifier": "4994371",
  "@type": [
    "schema:LocalBusiness",
    "PlaceOfInterest",
    "PointOfInterest",
    "SightseeingBoat",
    "SportsAndLeisurePlace"
  ],
  "rdfs:comment": {
    "de": [
      "Entdecken Sie das Naturschutzgebiet von Scandola, Girolata, die Calanche de Piana und ihre Höhlen an Bord von kleinen Shuttles mit 12 Plätzen und allem Komfort sowie einem Hybridboot für 35 Pers. mit Unterwassersicht per Kamera."
    ],
    "en": [
      "Explore Scandola Nature Reserve and the port of Girolata, the Calanche de Piana and the Capo Rosso caves, aboard a small 12-seater vessel that's very comfortable and specially- designed to access every nook and cranny of these sites."
    ],
    "it": [
      "Scoprite la Riserva Naturale di Scandola, Girolata, le Calanche di Piana e le loro grotte a bordo di piccole e confortevoli navette da 12 posti e di un'imbarcazione ibrida per 35 persone con visione subacquea tramite telecamera."
    ],
    "fr": [
      "Découvrez la Réserve Naturelle de Scandola, Girolata, les calanche de Piana et leurs grottes à bord de petites navettes de 12 places tout confort, et une vedette hybride pour 35 pers. avec vision sous-marine par caméra."
    ],
    "nl": [
      "Ontdek het Scandola natuurreservaat, Girolata, de Calanche de Piana en hun grotten aan boord van kleine comfortabele 12-persoons shuttles, en een hybride boot voor 35 personen met onderwaterzicht met camera."
    ],
    "es": [
      "Descubra la Reserva Natural de Scandola, Girolata, las Calanche de Piana y sus cuevas a bordo de pequeñas y cómodas lanzaderas de 12 plazas, y de un barco híbrido para 35 personas con visión submarina por cámara."
    ]
  },
  "rdfs:label": {
    "fr": [
      "Le Pass'Partout"
    ]
  },
  "hasBeenCreatedBy": {
    "@id": "https://data.datatourisme.fr/13/8d420fa3-5754-31f1-8199-69c88780314d",
    "dc:identifier": "1647",
    "schema:email": [
      "web@ileroussetourisme.com"
    ],
    "schema:legalName": "Office de Tourisme Intercommunal de L'Ile Rousse-Balagne",
    "@type": [
      "schema:Organization",
      "foaf:Agent",
      "Agent"
    ],
    "foaf:homepage": [
      "https://www.balagne-corsica.com/"
    ]
  },
  "hasBeenPublishedBy": [
    {
      "@id": "https://data.datatourisme.fr/8a9feb4b-2cbd-3d2c-b507-bd6c6776b23b",
      "schema:legalName": "Apidae Tourisme Scic SA - source : Apidae Tourisme",
      "@type": [
        "schema:Organization",
        "foaf:Agent",
        "Agent"
      ],
      "foaf:homepage": [
        "https://www.apidae-tourisme.com/"
      ]
    }
  ],
  "hasContact": [
    {
      "@id": "https://data.datatourisme.fr/5edce34b-4bd7-313f-8b54-bbe29161b9e4",
      "schema:email": [
        "montesenino@wanadoo.fr"
      ],
      "schema:telephone": [
        "+33 6 29 47 10 00",
        "+33 6 75 99 13 15"
      ],
      "@type": [
        "foaf:Agent",
        "Agent"
      ],
      "foaf:homepage": [
        "http://www.lepasspartout.com/",
        "https://www.promenadesenmerporto.com/"
      ]
    }
  ],
  "hasDescription": [
    {
      "@id": "https://data.datatourisme.fr/f3111a5a-1ce8-3fe1-adfa-862818701c7b",
      "@type": [
        "Description"
      ],
      "hasTranslatedProperty": [
        {
          "@id": "https://data.datatourisme.fr/38524173-2f7e-331c-939b-8a5f035ce1ed",
          "dc:contributor": [
            "https://api.deepl.com/v2/translate"
          ],
          "rdf:language": [
            "es"
          ],
          "rdf:predicate": [
            "shortDescription"
          ]
        },
        {
          "@id": "https://data.datatourisme.fr/91bc0eda-9f34-3f7e-aa1e-d0e74123d607",
          "dc:contributor": [
            "https://api.deepl.com/v2/translate"
          ],
          "rdf:language": [
            "nl"
          ],
          "rdf:predicate": [
            "shortDescription"
          ]
        },
        {
          "@id": "https://data.datatourisme.fr/e4ee0da4-c4ec-36fc-85aa-53d170e88330",
          "dc:contributor": [
            "https://api.deepl.com/v2/translate"
          ],
          "rdf:language": [
            "de"
          ],
          "rdf:predicate": [
            "shortDescription"
          ]
        }
      ],
      "shortDescription": {
        "de": [
          "Entdecken Sie das Naturschutzgebiet von Scandola, Girolata, die Calanche de Piana und ihre Höhlen an Bord von kleinen Shuttles mit 12 Plätzen und allem Komfort sowie einem Hybridboot für 35 Pers. mit Unterwassersicht per Kamera."
        ],
        "en": [
          "Explore Scandola Nature Reserve and the port of Girolata, the Calanche de Piana and the Capo Rosso caves, aboard a small 12-seater vessel that's very comfortable and specially- designed to access every nook and cranny of these sites."
        ],
        "it": [
          "Scoprite la Riserva Naturale di Scandola, Girolata, le Calanche di Piana e le loro grotte a bordo di piccole e confortevoli navette da 12 posti e di un'imbarcazione ibrida per 35 persone con visione subacquea tramite telecamera."
        ],
        "fr": [
          "Découvrez la Réserve Naturelle de Scandola, Girolata, les calanche de Piana et leurs grottes à bord de petites navettes de 12 places tout confort, et une vedette hybride pour 35 pers. avec vision sous-marine par caméra."
        ],
        "nl": [
          "Ontdek het Scandola natuurreservaat, Girolata, de Calanche de Piana en hun grotten aan boord van kleine comfortabele 12-persoons shuttles, en een hybride boot voor 35 personen met onderwaterzicht met camera."
        ],
        "es": [
          "Descubra la Reserva Natural de Scandola, Girolata, las Calanche de Piana y sus cuevas a bordo de pequeñas y cómodas lanzaderas de 12 plazas, y de un barco híbrido para 35 personas con visión submarina por cámara."
        ]
      }
    }
  ],
  "hasTranslatedProperty": [
    {
      "@id": "https://data.datatourisme.fr/19d80ac8-2efe-3846-b6bf-1f6196cd8515",
      "dc:contributor": [
        "https://api.deepl.com/v2/translate"
      ],
      "rdf:language": [
        "de"
      ],
      "rdf:predicate": [
        {
          "@id": "rdfs:comment"
        }
      ]
    },
    {
      "@id": "https://data.datatourisme.fr/4cfcdff1-83ff-3232-95ce-067c808b3aaf",
      "dc:contributor": [
        "https://api.deepl.com/v2/translate"
      ],
      "rdf:language": [
        "nl"
      ],
      "rdf:predicate": [
        {
          "@id": "rdfs:comment"
        }
      ]
    },
    {
      "@id": "https://data.datatourisme.fr/7704c44e-b1db-3a2f-8d39-0734a6e2866a",
      "dc:contributor": [
        "https://api.deepl.com/v2/translate"
      ],
      "rdf:language": [
        "es"
      ],
      "rdf:predicate": [
        {
          "@id": "rdfs:comment"
        }
      ]
    }
  ],
  "isLocatedAt": [
    {
      "@id": "https://data.datatourisme.fr/58f229e6-538d-3919-8d2c-1f8b632ff8da",
      "schema:address": [
        {
          "@id": "https://data.datatourisme.fr/fd029bfc-f44a-3514-9238-14811d4381b9",
          "schema:addressLocality": "Ota",
          "schema:postalCode": "20150",
          "schema:streetAddress": [
            "Anthony Boutique",
            "Place de la Marine",
            "Porto"
          ],
          "@type": [
            "schema:PostalAddress",
            "PostalAddress"
          ],
          "hasAddressCity": {
            "@id": "kb:2A198",
            "@type": [
              "City"
            ],
            "rdfs:label": {
              "en": [
                "Ota"
              ],
              "fr": [
                "Ota"
              ]
            },
            "insee": "2A198",
            "isPartOfDepartment": {
              "@id": "kb:France942A",
              "@type": [
                "Department"
              ],
              "rdfs:label": {
                "en": [
                  "Corse-du-Sud"
                ],
                "fr": [
                  "Corse-du-Sud"
                ]
              },
              "insee": "2A",
              "isPartOfRegion": {
                "@id": "kb:France94",
                "@type": [
                  "Region"
                ],
                "rdfs:label": {
                  "en": [
                    "Corse"
                  ],
                  "fr": [
                    "Corse"
                  ]
                },
                "insee": "94",
                "isPartOfCountry": {
                  "@id": "kb:France",
                  "@type": [
                    "schema:Country"
                  ],
                  "rdfs:label": {
                    "de": [
                      "Frankreich"
                    ],
                    "pt": [
                      "França"
                    ],
                    "en": [
                      "France"
                    ],
                    "it": [
                      "Francia"
                    ],
                    "fr": [
                      "France"
                    ],
                    "nl": [
                      "Frankrijk"
                    ],
                    "es": [
                      "Francia"
                    ]
                  }
                }
              }
            }
          }
        }
      ],
      "schema:geo": {
        "@id": "https://data.datatourisme.fr/2c2b241e-5542-34f4-95ab-01905bf135bb",
        "schema:latitude": "42.268319",
        "schema:longitude": "8.694044",
        "@type": [
          "schema:GeoCoordinates"
        ]
      },
      "schema:openingHoursSpecification": [
        {
          "@id": "https://data.datatourisme.fr/13bb8f9c-317b-38ec-bf2f-8bcc23877fbb",
          "schema:validFrom": "2023-01-01T00:00:00",
          "schema:validThrough": "2023-12-31T23:59:59",
          "@type": [
            "schema:OpeningHoursSpecification"
          ],
          "additionalInformation": {
            "de": [
              "Reservierung empfohlen"
            ],
            "en": [
              "Reservation recommended"
            ],
            "it": [
              "Prenotazione consigliata"
            ],
            "fr": [
              "Réservation conseillée"
            ],
            "es": [
              "Se recomienda reservar"
            ],
            "nl": [
              "Reservering aanbevolen"
            ]
          },
          "hasTranslatedProperty": [
            {
              "@id": "https://data.datatourisme.fr/34ad6e0c-41ee-34c4-b550-065232a847e2",
              "dc:contributor": [
                "https://api.deepl.com/v2/translate"
              ],
              "rdf:language": [
                "de"
              ],
              "rdf:predicate": [
                "additionalInformation"
              ]
            },
            {
              "@id": "https://data.datatourisme.fr/532e6746-bbca-3f49-985d-add8c584b2df",
              "dc:contributor": [
                "https://api.deepl.com/v2/translate"
              ],
              "rdf:language": [
                "es"
              ],
              "rdf:predicate": [
                "additionalInformation"
              ]
            },
            {
              "@id": "https://data.datatourisme.fr/92e652bf-dcf3-336e-b120-c9fa58ea869f",
              "dc:contributor": [
                "https://api.deepl.com/v2/translate"
              ],
              "rdf:language": [
                "nl"
              ],
              "rdf:predicate": [
                "additionalInformation"
              ]
            },
            {
              "@id": "https://data.datatourisme.fr/ccc5ae68-2bf2-317b-ab18-84e171850f9c",
              "dc:contributor": [
                "https://api.deepl.com/v2/translate"
              ],
              "rdf:language": [
                "en"
              ],
              "rdf:predicate": [
                "additionalInformation"
              ]
            },
            {
              "@id": "https://data.datatourisme.fr/f3aa584f-be38-3cde-b89a-6250c3663fd2",
              "dc:contributor": [
                "https://api.deepl.com/v2/translate"
              ],
              "rdf:language": [
                "it"
              ],
              "rdf:predicate": [
                "additionalInformation"
              ]
            }
          ]
        }
      ],
      "@type": [
        "schema:Place",
        "Place"
      ]
    }
  ],
  "isOwnedBy": [
    {
      "@id": "https://data.datatourisme.fr/252af22a-253d-33df-b9d7-204832749402",
      "schema:email": [
        "web@ileroussetourisme.com"
      ],
      "schema:legalName": "Office de Tourisme Intercommunal de L'Ile Rousse-Balagne",
      "@type": [
        "schema:Organization",
        "foaf:Agent",
        "Agent"
      ],
      "foaf:homepage": [
        "https://www.balagne-corsica.com/"
      ]
    }
  ],
  "lastUpdate": "2023-02-03",
  "lastUpdateDatatourisme": "2023-02-04T06:37:31.812Z"
}