{
  "@id": "https://data.datatourisme.fr/13/6e51970b-1b08-3191-b2df-777734832729",
  "dc:identifier": "4975922",
  "@type": [
    "schema:LocalBusiness",
    "ActivityProvider",
    "PlaceOfInterest",
    "PointOfInterest",
    "Store"
  ],
  "rdfs:comment": {
    "de": [
      "Das ganze Vergnügen der Aktivitäten in der freien Natur mit Balagne Montagne Aventure... führen Sie sich in das Canyoning, das Klettern oder das Wandern um Calvi ein.\r\nVersprechen Sie eine Begegnung mit... Claude und Sam"
    ],
    "en": [
      "All the joys of the great outdoors with Balagne Montagne Aventure... try something new, like canyoning, climbing or hiking in the Calvi area.\r\nA chance to meet... Claude and Sam"
    ],
    "it": [
      "Tutto il piacere delle attività all'aria aperta con Balagne Montagne Aventure... iniziatevi al canyoning, all'arrampicata o alle escursioni nei dintorni di Calvi.\r\nPromessa di un incontro con... Claude e Sam"
    ],
    "fr": [
      "Tout le plaisir des activités de pleine nature avec Balagne Montagne Aventure... initiez-vous au canyoning, à l'escalade ou à la rando autour de Calvi.\r\nPromesse d'une rencontre avec... Claude et Sam"
    ],
    "es": [
      "Todo el placer de las actividades al aire libre con Balagne Montagne Aventure... Iníciese en el barranquismo, la escalada o el senderismo en los alrededores de Calvi.\r\nLa promesa de una reunión con... Claude y Sam"
    ],
    "nl": [
      "Al het plezier van buitenactiviteiten met Balagne Montagne Aventure... waag u aan canyoning, klimmen of wandelen rond Calvi.\r\nBelofte van een ontmoeting met... Claude en Sam"
    ]
  },
  "rdfs:label": {
    "en": [
      "Canyoning and Climbing by Balagne Montagne Aventure"
    ],
    "fr": [
      "Canyoning by Balagne Montagne Aventure"
    ]
  },
  "hasBeenCreatedBy": {
    "@id": "https://data.datatourisme.fr/13/e4873aa9-a05c-35ed-8395-61d121516766",
    "dc:identifier": "1646",
    "schema:email": [
      "info@balagne-corsica.com"
    ],
    "schema:legalName": "Office de Tourisme Intercommunal Calvi - Balagne",
    "@type": [
      "schema:Organization",
      "foaf:Agent",
      "Agent"
    ],
    "foaf:homepage": [
      "https://www.balagne-corsica.com/"
    ]
  },
  "hasBeenPublishedBy": [
    {
      "@id": "https://data.datatourisme.fr/8a9feb4b-2cbd-3d2c-b507-bd6c6776b23b",
      "schema:legalName": "Apidae Tourisme Scic SA - source : Apidae Tourisme",
      "@type": [
        "schema:Organization",
        "foaf:Agent",
        "Agent"
      ],
      "foaf:homepage": [
        "https://www.apidae-tourisme.com/"
      ]
    }
  ],
  "hasContact": [
    {
      "@id": "https://data.datatourisme.fr/c4e285bf-45f5-32ea-8f6e-6de1f3085133",
      "schema:email": [
        "balagnemontagne@gmail.com"
      ],
      "schema:telephone": [
        "+33 6 33 91 13 68"
      ],
      "@type": [
        "foaf:Agent",
        "Agent"
      ],
      "foaf:homepage": [
        "https://www.canyoningbalagne.fr/"
      ]
    }
  ],
  "hasDescription": [
    {
      "@id": "https://data.datatourisme.fr/9457fab6-15ca-37a6-8b95-98adc63c1be9",
      "@type": [
        "Description"
      ],
      "hasTranslatedProperty": [
        {
          "@id": "https://data.datatourisme.fr/84a5cb05-3f30-3d15-8d4f-69aeeffba744",
          "dc:contributor": [
            "https://api.deepl.com/v2/translate"
          ],
          "rdf:language": [
            "de"
          ],
          "rdf:predicate": [
            "shortDescription"
          ]
        },
        {
          "@id": "https://data.datatourisme.fr/bc376b95-b68b-3d2d-9ef0-1ae193fb8201",
          "dc:contributor": [
            "https://api.deepl.com/v2/translate"
          ],
          "rdf:language": [
            "es"
          ],
          "rdf:predicate": [
            "shortDescription"
          ]
        },
        {
          "@id": "https://data.datatourisme.fr/eac6ea5e-0a50-372a-acda-74111393b388",
          "dc:contributor": [
            "https://api.deepl.com/v2/translate"
          ],
          "rdf:language": [
            "nl"
          ],
          "rdf:predicate": [
            "shortDescription"
          ]
        }
      ],
      "shortDescription": {
        "de": [
          "Das ganze Vergnügen der Aktivitäten in der freien Natur mit Balagne Montagne Aventure... führen Sie sich in das Canyoning, das Klettern oder das Wandern um Calvi ein.\r\nVersprechen Sie eine Begegnung mit... Claude und Sam"
        ],
        "en": [
          "All the joys of the great outdoors with Balagne Montagne Aventure... try something new, like canyoning, climbing or hiking in the Calvi area.\r\nA chance to meet... Claude and Sam"
        ],
        "it": [
          "Tutto il piacere delle attività all'aria aperta con Balagne Montagne Aventure... iniziatevi al canyoning, all'arrampicata o alle escursioni nei dintorni di Calvi.\r\nPromessa di un incontro con... Claude e Sam"
        ],
        "fr": [
          "Tout le plaisir des activités de pleine nature avec Balagne Montagne Aventure... initiez-vous au canyoning, à l'escalade ou à la rando autour de Calvi.\r\nPromesse d'une rencontre avec... Claude et Sam"
        ],
        "es": [
          "Todo el placer de las actividades al aire libre con Balagne Montagne Aventure... Iníciese en el barranquismo, la escalada o el senderismo en los alrededores de Calvi.\r\nLa promesa de una reunión con... Claude y Sam"
        ],
        "nl": [
          "Al het plezier van buitenactiviteiten met Balagne Montagne Aventure... waag u aan canyoning, klimmen of wandelen rond Calvi.\r\nBelofte van een ontmoeting met... Claude en Sam"
        ]
      }
    }
  ],
  "hasTheme": [
    {
      "@id": "kb:Canyoning",
      "@type": [
        "SportsTheme"
      ],
      "rdfs:label": {
        "de": [
          "Canyoning"
        ],
        "pt": [
          "Canoagem"
        ],
        "en": [
          "Canyoning"
        ],
        "it": [
          "Canyoning"
        ],
        "fr": [
          "Canyoning"
        ],
        "es": [
          "Piragüismo"
        ],
        "nl": [
          "Canyoning"
        ]
      }
    },
    {
      "@id": "kb:Climbing",
      "@type": [
        "SportsTheme"
      ],
      "rdfs:label": {
        "de": [
          "Klettern"
        ],
        "pt": [
          "Escalada"
        ],
        "en": [
          "Climbing"
        ],
        "it": [
          "Arrampicata"
        ],
        "fr": [
          "Escalade"
        ],
        "nl": [
          "Klimmen"
        ],
        "es": [
          "Escalada"
        ]
      }
    },
    {
      "@id": "kb:Hiking",
      "@type": [
        "SportsTheme"
      ],
      "rdfs:label": {
        "de": [
          "Wanderung"
        ],
        "pt": [
          "Caminhada"
        ],
        "en": [
          "Hiking"
        ],
        "it": [
          "Escursione"
        ],
        "fr": [
          "Randonnée"
        ],
        "nl": [
          "Wandelen"
        ],
        "es": [
          "Senderismo"
        ]
      }
    },
    {
      "@id": "kb:Mountaineering",
      "@type": [
        "SportsTheme"
      ],
      "rdfs:label": {
        "de": [
          "Bergsteigen"
        ],
        "pt": [
          "Alpinismo"
        ],
        "en": [
          "Mountaineering"
        ],
        "it": [
          "Alpinismo"
        ],
        "fr": [
          "Alpinisme"
        ],
        "es": [
          "Alpinismo"
        ],
        "nl": [
          "Alpinisme"
        ]
      }
    },
    {
      "@id": "kb:Trail",
      "@type": [
        "SportsTheme"
      ],
      "rdfs:label": {
        "de": [
          "Trail"
        ],
        "pt": [
          "Pista"
        ],
        "en": [
          "Trail"
        ],
        "it": [
          "Trail"
        ],
        "fr": [
          "Trail"
        ],
        "nl": [
          "Trailrunning"
        ],
        "es": [
          "Pista"
        ]
      }
    },
    {
      "@id": "kb:ViaCordata",
      "@type": [
        "SportsTheme"
      ],
      "rdfs:label": {
        "de": [
          "Via Cordata"
        ],
        "pt": [
          "Via cordata"
        ],
        "en": [
          "Via cordata"
        ],
        "it": [
          "Via cordata"
        ],
        "fr": [
          "Via cordata"
        ],
        "nl": [
          "Via cordata"
        ],
        "es": [
          "Vía cordata"
        ]
      }
    }
  ],
  "hasTranslatedProperty": [
    {
      "@id": "https://data.datatourisme.fr/8ee5ffac-d2be-3566-81ef-3ed828f7a1cc",
      "dc:contributor": [
        "https://api.deepl.com/v2/translate"
      ],
      "rdf:language": [
        "es"
      ],
      "rdf:predicate": [
        {
          "@id": "rdfs:comment"
        }
      ]
    },
    {
      "@id": "https://data.datatourisme.fr/d749bfcc-5a84-31ca-9b71-506d93bcfd8a",
      "dc:contributor": [
        "https://api.deepl.com/v2/translate"
      ],
      "rdf:language": [
        "de"
      ],
      "rdf:predicate": [
        {
          "@id": "rdfs:comment"
        }
      ]
    },
    {
      "@id": "https://data.datatourisme.fr/f338d552-d600-315c-ac47-0253dc6f8002",
      "dc:contributor": [
        "https://api.deepl.com/v2/translate"
      ],
      "rdf:language": [
        "nl"
      ],
      "rdf:predicate": [
        {
          "@id": "rdfs:comment"
        }
      ]
    }
  ],
  "isLocatedAt": [
    {
      "@id": "https://data.datatourisme.fr/0cf80696-23b2-3fcd-a945-1f68baed21f1",
      "schema:address": [
        {
          "@id": "https://data.datatourisme.fr/fb7afbab-6a33-3eac-adc0-c08c41189181",
          "schema:addressLocality": "Calvi",
          "schema:postalCode": "20260",
          "schema:streetAddress": [
            "Route de l'Aéroport"
          ],
          "@type": [
            "schema:PostalAddress",
            "PostalAddress"
          ],
          "hasAddressCity": {
            "@id": "kb:2B050",
            "@type": [
              "City"
            ],
            "rdfs:label": {
              "en": [
                "Calvi"
              ],
              "fr": [
                "Calvi"
              ]
            },
            "insee": "2B050",
            "isPartOfDepartment": {
              "@id": "kb:France942B",
              "@type": [
                "Department"
              ],
              "rdfs:label": {
                "en": [
                  "Haute-Corse"
                ],
                "fr": [
                  "Haute-Corse"
                ]
              },
              "insee": "2B",
              "isPartOfRegion": {
                "@id": "kb:France94",
                "@type": [
                  "Region"
                ],
                "rdfs:label": {
                  "en": [
                    "Corse"
                  ],
                  "fr": [
                    "Corse"
                  ]
                },
                "insee": "94",
                "isPartOfCountry": {
                  "@id": "kb:France",
                  "@type": [
                    "schema:Country"
                  ],
                  "rdfs:label": {
                    "de": [
                      "Frankreich"
                    ],
                    "pt": [
                      "França"
                    ],
                    "en": [
                      "France"
                    ],
                    "it": [
                      "Francia"
                    ],
                    "fr": [
                      "France"
                    ],
                    "nl": [
                      "Frankrijk"
                    ],
                    "es": [
                      "Francia"
                    ]
                  }
                }
              }
            }
          }
        }
      ],
      "schema:geo": {
        "@id": "https://data.datatourisme.fr/4aefb20a-716a-3c68-b004-607467149fc6",
        "schema:latitude": "42.532669",
        "schema:longitude": "8.790982",
        "@type": [
          "schema:GeoCoordinates"
        ]
      },
      "schema:openingHoursSpecification": [
        {
          "@id": "https://data.datatourisme.fr/f70ee745-2008-3c4b-a732-66923a3b2767",
          "schema:validFrom": "2023-01-01T00:00:00",
          "schema:validThrough": "2023-12-31T23:59:59",
          "@type": [
            "schema:OpeningHoursSpecification"
          ],
          "additionalInformation": {
            "de": [
              "Auf Reservierung"
            ],
            "en": [
              "On reservation"
            ],
            "it": [
              "Per prenotazione"
            ],
            "fr": [
              "Sur réservation"
            ],
            "es": [
              "Por reserva"
            ],
            "nl": [
              "Door reservering"
            ]
          },
          "hasTranslatedProperty": [
            {
              "@id": "https://data.datatourisme.fr/273d56b3-4f65-3012-9f86-880ae582c355",
              "dc:contributor": [
                "https://api.deepl.com/v2/translate"
              ],
              "rdf:language": [
                "de"
              ],
              "rdf:predicate": [
                "additionalInformation"
              ]
            },
            {
              "@id": "https://data.datatourisme.fr/8d1cc669-dd9f-37ef-89fb-1099656d7772",
              "dc:contributor": [
                "https://api.deepl.com/v2/translate"
              ],
              "rdf:language": [
                "en"
              ],
              "rdf:predicate": [
                "additionalInformation"
              ]
            },
            {
              "@id": "https://data.datatourisme.fr/947809ea-65ce-334a-acde-21528a71fa36",
              "dc:contributor": [
                "https://api.deepl.com/v2/translate"
              ],
              "rdf:language": [
                "nl"
              ],
              "rdf:predicate": [
                "additionalInformation"
              ]
            },
            {
              "@id": "https://data.datatourisme.fr/ee6a7967-3a90-3b9d-9c08-e06c83e2d403",
              "dc:contributor": [
                "https://api.deepl.com/v2/translate"
              ],
              "rdf:language": [
                "it"
              ],
              "rdf:predicate": [
                "additionalInformation"
              ]
            },
            {
              "@id": "https://data.datatourisme.fr/f93cf892-e3d3-3843-9dc7-2180ae95085e",
              "dc:contributor": [
                "https://api.deepl.com/v2/translate"
              ],
              "rdf:language": [
                "es"
              ],
              "rdf:predicate": [
                "additionalInformation"
              ]
            }
          ]
        }
      ],
      "@type": [
        "schema:Place",
        "Place"
      ]
    }
  ],
  "isOwnedBy": [
    {
      "@id": "https://data.datatourisme.fr/194c52e6-bbae-33dc-8464-caca97844fbb",
      "schema:email": [
        "info@balagne-corsica.com"
      ],
      "schema:legalName": "Office de Tourisme Intercommunal Calvi - Balagne",
      "@type": [
        "schema:Organization",
        "foaf:Agent",
        "Agent"
      ],
      "foaf:homepage": [
        "https://www.balagne-corsica.com/"
      ]
    }
  ],
  "lastUpdate": "2023-01-25",
  "lastUpdateDatatourisme": "2023-02-11T06:38:49.088Z"
}