{
  "@id": "https://data.datatourisme.fr/13/6e5a3f80-2f7d-353c-91b6-55fab8c7b12c",
  "dc:identifier": "5528045",
  "@type": [
    "olo:OrderedList",
    "EducationalTrail",
    "PlaceOfInterest",
    "PointOfInterest",
    "SportsAndLeisurePlace",
    "Tour",
    "WalkingTour"
  ],
  "rdfs:comment": {
    "de": [
      "Tamaricciu liegt im Norden des Naturschutzgebiets Bouches de Bonifacio und ist aufgrund der Schönheit und Vielfalt seiner natürlichen Lebensräume ein emblematischer Ort."
    ],
    "en": [
      "Located in the north of the natural reserve of the Bouches de Bonifacio, Tamaricciu is, by the beauty and the diversity of its natural environments, an emblematic site."
    ],
    "it": [
      "Situato a nord della riserva naturale delle Bocche di Bonifacio, Tamaricciu è un sito emblematico per la bellezza e la diversità dei suoi ambienti naturali."
    ],
    "fr": [
      "Situé au nord de la réserve naturelle des Bouches de Bonifacio, Tamaricciu est, par la beauté et la diversité de ses milieux naturels, un site emblématique."
    ],
    "nl": [
      "Tamaricciu ligt in het noorden van het natuurreservaat Bouches de Bonifacio en is een emblematische plek vanwege de schoonheid en diversiteit van zijn natuurlijke omgeving."
    ],
    "es": [
      "Situado al norte de la reserva natural de Bouches de Bonifacio, Tamaricciu es un lugar emblemático por la belleza y diversidad de sus entornos naturales."
    ]
  },
  "rdfs:label": {
    "fr": [
      "Sentier du littoral de Tamaricciu"
    ]
  },
  "hasBeenCreatedBy": {
    "@id": "https://data.datatourisme.fr/13/84c6494d-3085-3c63-a55c-db8cb047fadd",
    "dc:identifier": "1738",
    "schema:email": [
      "camillef.omt@gmail.com",
      "direction@destination-sudcorse.com",
      "gestion@destination-sudcorse.com",
      "promotion@destination-sudcorse.com",
      "webmaster@destination-sudcorse.com"
    ],
    "schema:legalName": "Porto Vecchio Tourisme",
    "@type": [
      "schema:Organization",
      "foaf:Agent",
      "Agent"
    ],
    "foaf:homepage": [
      "http://www.ot-portovecchio.com/"
    ]
  },
  "hasBeenPublishedBy": [
    {
      "@id": "https://data.datatourisme.fr/8a9feb4b-2cbd-3d2c-b507-bd6c6776b23b",
      "schema:legalName": "Apidae Tourisme Scic SA - source : Apidae Tourisme",
      "@type": [
        "schema:Organization",
        "foaf:Agent",
        "Agent"
      ],
      "foaf:homepage": [
        "https://www.apidae-tourisme.com/"
      ]
    }
  ],
  "hasContact": [
    {
      "@id": "https://data.datatourisme.fr/364a994c-fcca-3f5f-b977-686da435acf2",
      "schema:email": [
        "accueil@destination-sudcorse.com"
      ],
      "schema:telephone": [
        "+33 4 95 70 09 58"
      ],
      "@type": [
        "foaf:Agent",
        "Agent"
      ]
    }
  ],
  "hasDescription": [
    {
      "@id": "https://data.datatourisme.fr/3718a365-2ca0-3290-8dfa-d6ecbe7e619c",
      "@type": [
        "Description"
      ],
      "hasTranslatedProperty": [
        {
          "@id": "https://data.datatourisme.fr/0d0302c4-04cd-34fa-83ca-da94ab2fe6d4",
          "dc:contributor": [
            "https://api.deepl.com/v2/translate"
          ],
          "rdf:language": [
            "en"
          ],
          "rdf:predicate": [
            "shortDescription"
          ]
        },
        {
          "@id": "https://data.datatourisme.fr/13867033-a849-3815-9c57-4433d3cb0270",
          "dc:contributor": [
            "https://api.deepl.com/v2/translate"
          ],
          "rdf:language": [
            "it"
          ],
          "rdf:predicate": [
            "shortDescription"
          ]
        },
        {
          "@id": "https://data.datatourisme.fr/aa49671a-af72-3302-a273-c558332216ba",
          "dc:contributor": [
            "https://api.deepl.com/v2/translate"
          ],
          "rdf:language": [
            "es"
          ],
          "rdf:predicate": [
            "shortDescription"
          ]
        },
        {
          "@id": "https://data.datatourisme.fr/e18ee263-8aa4-3153-a68f-9e044bdcc85f",
          "dc:contributor": [
            "https://api.deepl.com/v2/translate"
          ],
          "rdf:language": [
            "nl"
          ],
          "rdf:predicate": [
            "shortDescription"
          ]
        },
        {
          "@id": "https://data.datatourisme.fr/fc1879ea-b6bd-36cc-8b20-591d1f1f2643",
          "dc:contributor": [
            "https://api.deepl.com/v2/translate"
          ],
          "rdf:language": [
            "de"
          ],
          "rdf:predicate": [
            "shortDescription"
          ]
        }
      ],
      "shortDescription": {
        "de": [
          "Tamaricciu liegt im Norden des Naturschutzgebiets Bouches de Bonifacio und ist aufgrund der Schönheit und Vielfalt seiner natürlichen Lebensräume ein emblematischer Ort."
        ],
        "en": [
          "Located in the north of the natural reserve of the Bouches de Bonifacio, Tamaricciu is, by the beauty and the diversity of its natural environments, an emblematic site."
        ],
        "it": [
          "Situato a nord della riserva naturale delle Bocche di Bonifacio, Tamaricciu è un sito emblematico per la bellezza e la diversità dei suoi ambienti naturali."
        ],
        "fr": [
          "Situé au nord de la réserve naturelle des Bouches de Bonifacio, Tamaricciu est, par la beauté et la diversité de ses milieux naturels, un site emblématique."
        ],
        "nl": [
          "Tamaricciu ligt in het noorden van het natuurreservaat Bouches de Bonifacio en is een emblematische plek vanwege de schoonheid en diversiteit van zijn natuurlijke omgeving."
        ],
        "es": [
          "Situado al norte de la reserva natural de Bouches de Bonifacio, Tamaricciu es un lugar emblemático por la belleza y diversidad de sus entornos naturales."
        ]
      }
    }
  ],
  "hasTheme": [
    {
      "@id": "kb:Hiking",
      "@type": [
        "SportsTheme"
      ],
      "rdfs:label": {
        "de": [
          "Wanderung"
        ],
        "pt": [
          "Caminhada"
        ],
        "en": [
          "Hiking"
        ],
        "it": [
          "Escursione"
        ],
        "fr": [
          "Randonnée"
        ],
        "nl": [
          "Wandelen"
        ],
        "es": [
          "Senderismo"
        ]
      }
    },
    {
      "@id": "kb:Pedestrian",
      "@type": [
        "SportsTheme"
      ],
      "rdfs:label": {
        "de": [
          "Zu Fuß"
        ],
        "pt": [
          "Pedestre"
        ],
        "en": [
          "Pedestrian"
        ],
        "it": [
          "A piedi"
        ],
        "fr": [
          "Pédestre"
        ],
        "nl": [
          "Voetgangers"
        ],
        "es": [
          "Peatón"
        ]
      }
    },
    {
      "@id": "kb:Running",
      "@type": [
        "SportsTheme"
      ],
      "rdfs:label": {
        "de": [
          "Laufen"
        ],
        "pt": [
          "Corrida a pé"
        ],
        "en": [
          "Running"
        ],
        "it": [
          "Corsa a piedi"
        ],
        "fr": [
          "Course à pied"
        ],
        "nl": [
          "Hardlopen"
        ],
        "es": [
          "Carrera a pie"
        ]
      }
    }
  ],
  "hasTranslatedProperty": [
    {
      "@id": "https://data.datatourisme.fr/2efcffa8-4825-3064-b9ab-6dac649b1a2d",
      "dc:contributor": [
        "https://api.deepl.com/v2/translate"
      ],
      "rdf:language": [
        "de"
      ],
      "rdf:predicate": [
        {
          "@id": "rdfs:comment"
        }
      ]
    },
    {
      "@id": "https://data.datatourisme.fr/3bbb66c0-89d5-34c2-a649-70052ca6e1e2",
      "dc:contributor": [
        "https://api.deepl.com/v2/translate"
      ],
      "rdf:language": [
        "nl"
      ],
      "rdf:predicate": [
        {
          "@id": "rdfs:comment"
        }
      ]
    },
    {
      "@id": "https://data.datatourisme.fr/43fd1def-3202-3069-827e-72966dfe33a3",
      "dc:contributor": [
        "https://api.deepl.com/v2/translate"
      ],
      "rdf:language": [
        "it"
      ],
      "rdf:predicate": [
        {
          "@id": "rdfs:comment"
        }
      ]
    },
    {
      "@id": "https://data.datatourisme.fr/8df9dd71-3abd-3e09-a274-47dfd5c9af4d",
      "dc:contributor": [
        "https://api.deepl.com/v2/translate"
      ],
      "rdf:language": [
        "en"
      ],
      "rdf:predicate": [
        {
          "@id": "rdfs:comment"
        }
      ]
    },
    {
      "@id": "https://data.datatourisme.fr/d93ca3bf-76e3-38c0-a70f-7373b4f7b90d",
      "dc:contributor": [
        "https://api.deepl.com/v2/translate"
      ],
      "rdf:language": [
        "es"
      ],
      "rdf:predicate": [
        {
          "@id": "rdfs:comment"
        }
      ]
    }
  ],
  "isLocatedAt": [
    {
      "@id": "https://data.datatourisme.fr/51157396-a42f-327a-80e2-340cb4649a87",
      "schema:address": [
        {
          "@id": "https://data.datatourisme.fr/3eaa313d-5729-39f1-ba4f-4e0ea616c4d2",
          "schema:addressLocality": "Porto-Vecchio",
          "schema:postalCode": "20137",
          "schema:streetAddress": [
            "Tamaricciu"
          ],
          "@type": [
            "schema:PostalAddress",
            "PostalAddress"
          ],
          "hasAddressCity": {
            "@id": "kb:2A247",
            "@type": [
              "City"
            ],
            "rdfs:label": {
              "en": [
                "Porto-Vecchio"
              ],
              "fr": [
                "Porto-Vecchio"
              ]
            },
            "insee": "2A247",
            "isPartOfDepartment": {
              "@id": "kb:France942A",
              "@type": [
                "Department"
              ],
              "rdfs:label": {
                "en": [
                  "Corse-du-Sud"
                ],
                "fr": [
                  "Corse-du-Sud"
                ]
              },
              "insee": "2A",
              "isPartOfRegion": {
                "@id": "kb:France94",
                "@type": [
                  "Region"
                ],
                "rdfs:label": {
                  "en": [
                    "Corse"
                  ],
                  "fr": [
                    "Corse"
                  ]
                },
                "insee": "94",
                "isPartOfCountry": {
                  "@id": "kb:France",
                  "@type": [
                    "schema:Country"
                  ],
                  "rdfs:label": {
                    "de": [
                      "Frankreich"
                    ],
                    "pt": [
                      "França"
                    ],
                    "en": [
                      "France"
                    ],
                    "it": [
                      "Francia"
                    ],
                    "fr": [
                      "France"
                    ],
                    "nl": [
                      "Frankrijk"
                    ],
                    "es": [
                      "Francia"
                    ]
                  }
                }
              }
            }
          }
        }
      ],
      "schema:geo": {
        "@id": "https://data.datatourisme.fr/f153a01b-6ed4-3b55-900e-0f8c2d91d223",
        "schema:latitude": "41.552777",
        "schema:longitude": "9.312651",
        "@type": [
          "schema:GeoCoordinates"
        ]
      },
      "schema:openingHoursSpecification": [
        {
          "@id": "https://data.datatourisme.fr/f87e535a-636d-3343-ad63-8a03392e7511",
          "schema:validFrom": "2023-01-01T00:00:00",
          "schema:validThrough": "2023-12-31T23:59:59",
          "@type": [
            "schema:OpeningHoursSpecification"
          ]
        }
      ],
      "@type": [
        "schema:Place",
        "Place"
      ]
    }
  ],
  "isOwnedBy": [
    {
      "@id": "https://data.datatourisme.fr/f5f950f9-5eec-32b4-a357-2c969ccf4068",
      "schema:email": [
        "camillef.omt@gmail.com",
        "direction@destination-sudcorse.com",
        "gestion@destination-sudcorse.com",
        "promotion@destination-sudcorse.com",
        "webmaster@destination-sudcorse.com"
      ],
      "schema:legalName": "Porto Vecchio Tourisme",
      "@type": [
        "schema:Organization",
        "foaf:Agent",
        "Agent"
      ],
      "foaf:homepage": [
        "http://www.ot-portovecchio.com/"
      ]
    }
  ],
  "lastUpdate": "2022-04-20",
  "lastUpdateDatatourisme": "2023-02-10T06:39:19.96Z"
}