{
  "@id": "https://data.datatourisme.fr/13/334d74e9-cdd5-3dc9-adc3-86a679ab0448",
  "dc:identifier": "5243099",
  "@type": [
    "schema:LocalBusiness",
    "CraftsmanShop",
    "PlaceOfInterest",
    "PointOfInterest",
    "Store"
  ],
  "rdfs:comment": {
    "de": [
      "Die Nummer 1 auf Korsika! Seit 1975, in einer schönen Ausstellung, die größte Auswahl an Korallenschmuck."
    ],
    "en": [
      "Number 1 in Corsica! Since 1975, in a beautiful exhibition, the largest choice of coral jewellery."
    ],
    "it": [
      "Il numero 1 in Corsica! Dal 1975, in una bellissima mostra, la più grande scelta di gioielli in corallo."
    ],
    "fr": [
      "Depuis 1975 nous fabriquons des bijoux en corail récolté par des plongeurs agréés respectueux de la réglementation."
    ],
    "nl": [
      "Nummer 1 in Corsica! Sinds 1975, in een prachtige tentoonstelling, de grootste keuze aan koraaljuwelen."
    ],
    "es": [
      "Desde 1975 fabricamos joyas con coral recogido por buceadores certificados conforme a la normativa."
    ]
  },
  "rdfs:label": {
    "fr": [
      "La Taillerie du Corail"
    ]
  },
  "hasBeenCreatedBy": {
    "@id": "https://data.datatourisme.fr/13/84c6494d-3085-3c63-a55c-db8cb047fadd",
    "dc:identifier": "1738",
    "schema:email": [
      "camillef.omt@gmail.com",
      "direction@destination-sudcorse.com",
      "gestion@destination-sudcorse.com",
      "promotion@destination-sudcorse.com",
      "webmaster@destination-sudcorse.com"
    ],
    "schema:legalName": "Porto Vecchio Tourisme",
    "@type": [
      "schema:Organization",
      "foaf:Agent",
      "Agent"
    ],
    "foaf:homepage": [
      "http://www.ot-portovecchio.com/"
    ]
  },
  "hasBeenPublishedBy": [
    {
      "@id": "https://data.datatourisme.fr/8a9feb4b-2cbd-3d2c-b507-bd6c6776b23b",
      "schema:legalName": "Apidae Tourisme Scic SA - source : Apidae Tourisme",
      "@type": [
        "schema:Organization",
        "foaf:Agent",
        "Agent"
      ],
      "foaf:homepage": [
        "https://www.apidae-tourisme.com/"
      ]
    }
  ],
  "hasContact": [
    {
      "@id": "https://data.datatourisme.fr/71323421-dc43-35ee-969e-9ed0ec7f4500",
      "schema:email": [
        "corail.mrm@orange.fr"
      ],
      "schema:telephone": [
        "+33 4 95 70 21 21"
      ],
      "@type": [
        "foaf:Agent",
        "Agent"
      ],
      "foaf:homepage": [
        "http://www.lataillerieducorail.com/"
      ]
    }
  ],
  "hasDescription": [
    {
      "@id": "https://data.datatourisme.fr/569a3807-bfe5-371e-9f98-69d8d05f7ca7",
      "@type": [
        "Description"
      ],
      "hasTranslatedProperty": [
        {
          "@id": "https://data.datatourisme.fr/4de3d9d2-ce4c-3d9b-96cf-4477732380c6",
          "dc:contributor": [
            "https://api.deepl.com/v2/translate"
          ],
          "rdf:language": [
            "es"
          ],
          "rdf:predicate": [
            "shortDescription"
          ]
        }
      ],
      "shortDescription": {
        "de": [
          "Die Nummer 1 auf Korsika! Seit 1975, in einer schönen Ausstellung, die größte Auswahl an Korallenschmuck."
        ],
        "en": [
          "Number 1 in Corsica! Since 1975, in a beautiful exhibition, the largest choice of coral jewellery."
        ],
        "it": [
          "Il numero 1 in Corsica! Dal 1975, in una bellissima mostra, la più grande scelta di gioielli in corallo."
        ],
        "fr": [
          "Depuis 1975 nous fabriquons des bijoux en corail récolté par des plongeurs agréés respectueux de la réglementation."
        ],
        "nl": [
          "Nummer 1 in Corsica! Sinds 1975, in een prachtige tentoonstelling, de grootste keuze aan koraaljuwelen."
        ],
        "es": [
          "Desde 1975 fabricamos joyas con coral recogido por buceadores certificados conforme a la normativa."
        ]
      }
    }
  ],
  "hasTranslatedProperty": [
    {
      "@id": "https://data.datatourisme.fr/90bbe0a4-1efa-3338-8bba-f1b370afda91",
      "dc:contributor": [
        "https://api.deepl.com/v2/translate"
      ],
      "rdf:language": [
        "es"
      ],
      "rdf:predicate": [
        {
          "@id": "rdfs:comment"
        }
      ]
    }
  ],
  "isLocatedAt": [
    {
      "@id": "https://data.datatourisme.fr/64409dfe-ac69-30da-9bf9-13657660f69f",
      "schema:address": [
        {
          "@id": "https://data.datatourisme.fr/7bf4731d-5d84-3108-8409-91f899693656",
          "schema:addressLocality": "Porto-Vecchio",
          "schema:postalCode": "20137",
          "schema:streetAddress": [
            "(sortie sud)",
            "46 rue Maréchal Juin"
          ],
          "@type": [
            "schema:PostalAddress",
            "PostalAddress"
          ],
          "hasAddressCity": {
            "@id": "kb:2A247",
            "@type": [
              "City"
            ],
            "rdfs:label": {
              "en": [
                "Porto-Vecchio"
              ],
              "fr": [
                "Porto-Vecchio"
              ]
            },
            "insee": "2A247",
            "isPartOfDepartment": {
              "@id": "kb:France942A",
              "@type": [
                "Department"
              ],
              "rdfs:label": {
                "en": [
                  "Corse-du-Sud"
                ],
                "fr": [
                  "Corse-du-Sud"
                ]
              },
              "insee": "2A",
              "isPartOfRegion": {
                "@id": "kb:France94",
                "@type": [
                  "Region"
                ],
                "rdfs:label": {
                  "en": [
                    "Corse"
                  ],
                  "fr": [
                    "Corse"
                  ]
                },
                "insee": "94",
                "isPartOfCountry": {
                  "@id": "kb:France",
                  "@type": [
                    "schema:Country"
                  ],
                  "rdfs:label": {
                    "de": [
                      "Frankreich"
                    ],
                    "pt": [
                      "França"
                    ],
                    "en": [
                      "France"
                    ],
                    "it": [
                      "Francia"
                    ],
                    "fr": [
                      "France"
                    ],
                    "nl": [
                      "Frankrijk"
                    ],
                    "es": [
                      "Francia"
                    ]
                  }
                }
              }
            }
          }
        }
      ],
      "schema:geo": {
        "@id": "https://data.datatourisme.fr/e4d782b1-d711-36e5-b3b9-6f4d22f2a6b0",
        "schema:latitude": "41.579451",
        "schema:longitude": "9.274857",
        "@type": [
          "schema:GeoCoordinates"
        ]
      },
      "schema:openingHoursSpecification": [
        {
          "@id": "https://data.datatourisme.fr/f87e535a-636d-3343-ad63-8a03392e7511",
          "schema:validFrom": "2023-01-01T00:00:00",
          "schema:validThrough": "2023-12-31T23:59:59",
          "@type": [
            "schema:OpeningHoursSpecification"
          ]
        }
      ],
      "@type": [
        "schema:Place",
        "Place"
      ]
    }
  ],
  "isOwnedBy": [
    {
      "@id": "https://data.datatourisme.fr/f5f950f9-5eec-32b4-a357-2c969ccf4068",
      "schema:email": [
        "camillef.omt@gmail.com",
        "direction@destination-sudcorse.com",
        "gestion@destination-sudcorse.com",
        "promotion@destination-sudcorse.com",
        "webmaster@destination-sudcorse.com"
      ],
      "schema:legalName": "Porto Vecchio Tourisme",
      "@type": [
        "schema:Organization",
        "foaf:Agent",
        "Agent"
      ],
      "foaf:homepage": [
        "http://www.ot-portovecchio.com/"
      ]
    }
  ],
  "lastUpdate": "2023-03-13",
  "lastUpdateDatatourisme": "2023-03-14T06:39:05.434Z"
}