{
  "@id": "https://data.datatourisme.fr/13/33adbfa3-3c7c-3167-83f0-6c156d423493",
  "dc:identifier": "5411138",
  "@type": [
    "schema:Accommodation",
    "schema:FoodEstablishment",
    "schema:Hotel",
    "schema:LodgingBusiness",
    "schema:Restaurant",
    "Accommodation",
    "FoodEstablishment",
    "Hotel",
    "HotelRestaurant",
    "HotelTrade",
    "PlaceOfInterest",
    "PointOfInterest",
    "Restaurant"
  ],
  "rdfs:comment": {
    "de": [
      "A Piattatella, wörtlich ein Versteck auf Korsika, empfängt Sie in seiner Welt des natürlichen Luxus. Die 17 Zimmer dieses kleinen, charmanten Spa-Hotels bieten nicht nur die Ausstattung und den Service eines 5-Sterne-Hotels, sondern auch einen Blick auf das Tal des Reginu."
    ],
    "en": [
      "In Piattatella, literally a hiding place in Corsica welcomes you to its natural luxury universe. The 17 rooms of this small charming spa hotel share, in addition to the facilities and services worthy of a 5-star hotel, a view of the Reginu valley."
    ],
    "it": [
      "A Piattatella, significa un nascondiglio in Corsica vi accoglie nel suo universo di lusso naturale. Le 17 camere di questo piccolo albergo spa \"de charme\" condividono servizi degni di un albergo 5 stelle, una vista sulla valle del Reginu."
    ],
    "fr": [
      "A Piattatella, littéralement une cachette en Corse vous accueille dans son univers luxe au naturel. Les 17 chambres de ce petit hôtel spa de charme partagent outre des équipements et services dignes d'un hôtel 5 étoiles, une vue sur la vallée du Reginu."
    ],
    "es": [
      "Piattatella, literalmente un escondite en Córcega, le da la bienvenida a su mundo de lujo natural. Las 17 habitaciones de este pequeño y encantador hotel balneario comparten no sólo las instalaciones y servicios de un hotel de 5 estrellas, sino también las vistas al valle del Reginu."
    ],
    "nl": [
      "Piattatella, letterlijk een schuilplaats op Corsica, heet u welkom in zijn wereld van natuurlijke luxe. De 17 kamers van dit kleine charmante kuurhotel delen niet alleen de faciliteiten en diensten van een 5-sterrenhotel, maar ook het uitzicht over de Reginu vallei."
    ]
  },
  "rdfs:label": {
    "fr": [
      "A Piattatella"
    ]
  },
  "hasBeenCreatedBy": {
    "@id": "https://data.datatourisme.fr/13/8d420fa3-5754-31f1-8199-69c88780314d",
    "dc:identifier": "1647",
    "schema:email": [
      "web@ileroussetourisme.com"
    ],
    "schema:legalName": "Office de Tourisme Intercommunal de L'Ile Rousse-Balagne",
    "@type": [
      "schema:Organization",
      "foaf:Agent",
      "Agent"
    ],
    "foaf:homepage": [
      "https://www.balagne-corsica.com/"
    ]
  },
  "hasBeenPublishedBy": [
    {
      "@id": "https://data.datatourisme.fr/8a9feb4b-2cbd-3d2c-b507-bd6c6776b23b",
      "schema:legalName": "Apidae Tourisme Scic SA - source : Apidae Tourisme",
      "@type": [
        "schema:Organization",
        "foaf:Agent",
        "Agent"
      ],
      "foaf:homepage": [
        "https://www.apidae-tourisme.com/"
      ]
    }
  ],
  "hasContact": [
    {
      "@id": "https://data.datatourisme.fr/88804c97-4cf3-30ed-9c36-1a19e6206db4",
      "schema:email": [
        "info@apiattatella.com"
      ],
      "schema:telephone": [
        "+33 4 95 60 07 00"
      ],
      "@type": [
        "foaf:Agent",
        "Agent"
      ],
      "foaf:homepage": [
        "https://www.hotel-corse-apiattatella.com/"
      ]
    }
  ],
  "hasDescription": [
    {
      "@id": "https://data.datatourisme.fr/b847f23d-5b27-3804-8d8e-7d780b40dde4",
      "@type": [
        "Description"
      ],
      "hasTranslatedProperty": [
        {
          "@id": "https://data.datatourisme.fr/1bec1e8c-b2aa-30b7-8382-e75af5b175d2",
          "dc:contributor": [
            "https://api.deepl.com/v2/translate"
          ],
          "rdf:language": [
            "es"
          ],
          "rdf:predicate": [
            "shortDescription"
          ]
        },
        {
          "@id": "https://data.datatourisme.fr/7eabbe60-b8cd-3083-aa0c-43bb504a7f58",
          "dc:contributor": [
            "https://api.deepl.com/v2/translate"
          ],
          "rdf:language": [
            "de"
          ],
          "rdf:predicate": [
            "shortDescription"
          ]
        },
        {
          "@id": "https://data.datatourisme.fr/8317cb17-5237-3a4e-a35b-37b1a712fb95",
          "dc:contributor": [
            "https://api.deepl.com/v2/translate"
          ],
          "rdf:language": [
            "nl"
          ],
          "rdf:predicate": [
            "shortDescription"
          ]
        }
      ],
      "shortDescription": {
        "de": [
          "A Piattatella, wörtlich ein Versteck auf Korsika, empfängt Sie in seiner Welt des natürlichen Luxus. Die 17 Zimmer dieses kleinen, charmanten Spa-Hotels bieten nicht nur die Ausstattung und den Service eines 5-Sterne-Hotels, sondern auch einen Blick auf das Tal des Reginu."
        ],
        "en": [
          "In Piattatella, literally a hiding place in Corsica welcomes you to its natural luxury universe. The 17 rooms of this small charming spa hotel share, in addition to the facilities and services worthy of a 5-star hotel, a view of the Reginu valley."
        ],
        "it": [
          "A Piattatella, significa un nascondiglio in Corsica vi accoglie nel suo universo di lusso naturale. Le 17 camere di questo piccolo albergo spa \"de charme\" condividono servizi degni di un albergo 5 stelle, una vista sulla valle del Reginu."
        ],
        "fr": [
          "A Piattatella, littéralement une cachette en Corse vous accueille dans son univers luxe au naturel. Les 17 chambres de ce petit hôtel spa de charme partagent outre des équipements et services dignes d'un hôtel 5 étoiles, une vue sur la vallée du Reginu."
        ],
        "es": [
          "Piattatella, literalmente un escondite en Córcega, le da la bienvenida a su mundo de lujo natural. Las 17 habitaciones de este pequeño y encantador hotel balneario comparten no sólo las instalaciones y servicios de un hotel de 5 estrellas, sino también las vistas al valle del Reginu."
        ],
        "nl": [
          "Piattatella, letterlijk een schuilplaats op Corsica, heet u welkom in zijn wereld van natuurlijke luxe. De 17 kamers van dit kleine charmante kuurhotel delen niet alleen de faciliteiten en diensten van een 5-sterrenhotel, maar ook het uitzicht over de Reginu vallei."
        ]
      }
    }
  ],
  "hasTranslatedProperty": [
    {
      "@id": "https://data.datatourisme.fr/7e6f0043-c0e2-3054-84da-e9cede19ac01",
      "dc:contributor": [
        "https://api.deepl.com/v2/translate"
      ],
      "rdf:language": [
        "nl"
      ],
      "rdf:predicate": [
        {
          "@id": "rdfs:comment"
        }
      ]
    },
    {
      "@id": "https://data.datatourisme.fr/852135b9-e47d-3a52-8c80-6c41c6d697a5",
      "dc:contributor": [
        "https://api.deepl.com/v2/translate"
      ],
      "rdf:language": [
        "es"
      ],
      "rdf:predicate": [
        {
          "@id": "rdfs:comment"
        }
      ]
    },
    {
      "@id": "https://data.datatourisme.fr/ed1b2061-52e1-3e75-b492-3a498edb6b61",
      "dc:contributor": [
        "https://api.deepl.com/v2/translate"
      ],
      "rdf:language": [
        "de"
      ],
      "rdf:predicate": [
        {
          "@id": "rdfs:comment"
        }
      ]
    }
  ],
  "isLocatedAt": [
    {
      "@id": "https://data.datatourisme.fr/4fcdb74f-667e-3929-9786-0a5578a49b00",
      "schema:address": [
        {
          "@id": "https://data.datatourisme.fr/bb2a1822-fc84-33b9-b0bf-4608c38e9a35",
          "schema:addressLocality": "Monticello",
          "schema:postalCode": "20220",
          "schema:streetAddress": [
            "Chemin Saint François"
          ],
          "@type": [
            "schema:PostalAddress",
            "PostalAddress"
          ],
          "hasAddressCity": {
            "@id": "kb:2B168",
            "@type": [
              "City"
            ],
            "rdfs:label": {
              "en": [
                "Monticello"
              ],
              "fr": [
                "Monticello"
              ]
            },
            "insee": "2B168",
            "isPartOfDepartment": {
              "@id": "kb:France942B",
              "@type": [
                "Department"
              ],
              "rdfs:label": {
                "en": [
                  "Haute-Corse"
                ],
                "fr": [
                  "Haute-Corse"
                ]
              },
              "insee": "2B",
              "isPartOfRegion": {
                "@id": "kb:France94",
                "@type": [
                  "Region"
                ],
                "rdfs:label": {
                  "en": [
                    "Corse"
                  ],
                  "fr": [
                    "Corse"
                  ]
                },
                "insee": "94",
                "isPartOfCountry": {
                  "@id": "kb:France",
                  "@type": [
                    "schema:Country"
                  ],
                  "rdfs:label": {
                    "de": [
                      "Frankreich"
                    ],
                    "pt": [
                      "França"
                    ],
                    "en": [
                      "France"
                    ],
                    "it": [
                      "Francia"
                    ],
                    "fr": [
                      "France"
                    ],
                    "nl": [
                      "Frankrijk"
                    ],
                    "es": [
                      "Francia"
                    ]
                  }
                }
              }
            }
          }
        }
      ],
      "schema:geo": {
        "@id": "https://data.datatourisme.fr/247ce726-fde5-3bfc-8607-0d7d40b20855",
        "schema:latitude": "42.612201",
        "schema:longitude": "8.958262",
        "@type": [
          "schema:GeoCoordinates"
        ]
      },
      "schema:openingHoursSpecification": [
        {
          "@id": "https://data.datatourisme.fr/7cf692c3-a05b-38ef-a16f-f0ef174383e6",
          "schema:validFrom": "2023-04-21T00:00:00",
          "schema:validThrough": "2023-10-29T23:59:59",
          "@type": [
            "schema:OpeningHoursSpecification"
          ]
        }
      ],
      "@type": [
        "schema:Place",
        "Place"
      ]
    }
  ],
  "isOwnedBy": [
    {
      "@id": "https://data.datatourisme.fr/252af22a-253d-33df-b9d7-204832749402",
      "schema:email": [
        "web@ileroussetourisme.com"
      ],
      "schema:legalName": "Office de Tourisme Intercommunal de L'Ile Rousse-Balagne",
      "@type": [
        "schema:Organization",
        "foaf:Agent",
        "Agent"
      ],
      "foaf:homepage": [
        "https://www.balagne-corsica.com/"
      ]
    }
  ],
  "lastUpdate": "2023-01-25",
  "lastUpdateDatatourisme": "2023-02-01T18:07:36.249Z",
  "offers": [
    {
      "@id": "https://data.datatourisme.fr/1752f17d-c5fb-3eef-acef-ee21256fe9c9",
      "schema:priceSpecification": [
        {
          "@id": "https://data.datatourisme.fr/2583c8f6-6aeb-3da0-bd27-a7befa8d3b9e",
          "schema:maxPrice": [
            "488"
          ],
          "schema:minPrice": [
            "218"
          ],
          "schema:priceCurrency": "EUR",
          "@type": [
            "schema:PriceSpecification",
            "PriceSpecification"
          ],
          "appliesOnPeriod": [
            {
              "@id": "https://data.datatourisme.fr/8a3c4e0d-bacd-3815-b83a-27736ddee6f9",
              "@type": [
                "Period"
              ],
              "endDate": "2023-10-29",
              "startDate": "2023-04-21"
            }
          ]
        }
      ],
      "@type": [
        "schema:Offer",
        "Offer"
      ]
    }
  ]
}