{
  "@id": "https://data.datatourisme.fr/13/3ba4a405-7b63-31c9-9077-2b93f0f703c9",
  "dc:identifier": "5144944",
  "@type": [
    "schema:FoodEstablishment",
    "FoodEstablishment",
    "PlaceOfInterest",
    "PointOfInterest"
  ],
  "rdfs:comment": {
    "de": [
      "Gönnen Sie sich eine gesunde, leckere und vitaminreiche Pause bei Flagrant Délice.\r\nHausgemachte & saisonale Küche, vegetarisch, vegan & roh, mit & ohne Gluten oder Laktose, das ganze Jahr über vor Ort oder zum Mitnehmen. Catering & Hausgemachte Lebensmittel"
    ],
    "en": [
      "Treat yourself to a Healthy, gourmet & vitamin-packed break at Flagrant Délice.\r\n\"House\" & seasonal cuisine, Vegetarian, Vegan & Raw, with & without gluten or lactose, to eat in or take away, all year round. Catering & Home Groceries"
    ],
    "it": [
      "Concedetevi una pausa sana, golosa e ricca di vitamine al Flagrant Délice.\r\nCucina casalinga e stagionale, vegetariana, vegana e crudista, con e senza glutine o lattosio, da gustare sul posto o da asporto, tutto l'anno. Catering e drogheria fatta in casa"
    ],
    "fr": [
      "Offrez- vous  une pause Saine, gourmande & vitaminée chez Flagrant Délice.\r\nCuisine \"Maison\" & de saison, Végétarienne, Végétalienne & Crue, avec & sans gluten ni lactose, à déguster  sur place ou à emporter, toute l'année. Traiteur & Epicerie Maison"
    ],
    "nl": [
      "Trakteer uzelf op een gezonde, gastronomische en vitaminerijke pauze bij Flagrant Délice.\r\nHuisgemaakte & seizoensgebonden gerechten, Vegetarisch, Veganistisch & Raw, met & zonder gluten of lactose, om ter plekke van te genieten of om mee te nemen, het hele jaar door. Catering & kruidenierswaren"
    ],
    "es": [
      "Regálese un descanso saludable, gourmet y lleno de vitaminas en Flagrant Délice.\r\nCocina casera y de temporada, vegetariana, vegana y cruda, con y sin gluten o lactosa, para disfrutar en el momento o para llevar, todo el año. Catering y alimentación casera"
    ]
  },
  "rdfs:label": {
    "fr": [
      "Flagrant Délice"
    ]
  },
  "hasBeenCreatedBy": {
    "@id": "https://data.datatourisme.fr/13/8d420fa3-5754-31f1-8199-69c88780314d",
    "dc:identifier": "1647",
    "schema:email": [
      "web@ileroussetourisme.com"
    ],
    "schema:legalName": "Office de Tourisme Intercommunal de L'Ile Rousse-Balagne",
    "@type": [
      "schema:Organization",
      "foaf:Agent",
      "Agent"
    ],
    "foaf:homepage": [
      "https://www.balagne-corsica.com/"
    ]
  },
  "hasBeenPublishedBy": [
    {
      "@id": "https://data.datatourisme.fr/8a9feb4b-2cbd-3d2c-b507-bd6c6776b23b",
      "schema:legalName": "Apidae Tourisme Scic SA - source : Apidae Tourisme",
      "@type": [
        "schema:Organization",
        "foaf:Agent",
        "Agent"
      ],
      "foaf:homepage": [
        "https://www.apidae-tourisme.com/"
      ]
    }
  ],
  "hasContact": [
    {
      "@id": "https://data.datatourisme.fr/c357abbe-31c9-3ac9-98c0-649d40945dbc",
      "schema:email": [
        "flagrantdelice2b@gmail.com"
      ],
      "schema:telephone": [
        "+33 4 95 35 88 23"
      ],
      "@type": [
        "foaf:Agent",
        "Agent"
      ]
    }
  ],
  "hasDescription": [
    {
      "@id": "https://data.datatourisme.fr/1eac7d3e-60c5-3363-b162-14a01e25ee06",
      "@type": [
        "Description"
      ],
      "hasTranslatedProperty": [
        {
          "@id": "https://data.datatourisme.fr/6c6001e1-f2d9-3062-88bc-53415801122b",
          "dc:contributor": [
            "https://api.deepl.com/v2/translate"
          ],
          "rdf:language": [
            "it"
          ],
          "rdf:predicate": [
            "shortDescription"
          ]
        },
        {
          "@id": "https://data.datatourisme.fr/7ea212a3-9231-32ad-8f9e-30b743553484",
          "dc:contributor": [
            "https://api.deepl.com/v2/translate"
          ],
          "rdf:language": [
            "nl"
          ],
          "rdf:predicate": [
            "shortDescription"
          ]
        },
        {
          "@id": "https://data.datatourisme.fr/8c7d0585-b006-3341-aa4d-0526fcec918a",
          "dc:contributor": [
            "https://api.deepl.com/v2/translate"
          ],
          "rdf:language": [
            "es"
          ],
          "rdf:predicate": [
            "shortDescription"
          ]
        },
        {
          "@id": "https://data.datatourisme.fr/ebba563a-0838-3242-b39c-1e508ccb4030",
          "dc:contributor": [
            "https://api.deepl.com/v2/translate"
          ],
          "rdf:language": [
            "de"
          ],
          "rdf:predicate": [
            "shortDescription"
          ]
        }
      ],
      "shortDescription": {
        "de": [
          "Gönnen Sie sich eine gesunde, leckere und vitaminreiche Pause bei Flagrant Délice.\r\nHausgemachte & saisonale Küche, vegetarisch, vegan & roh, mit & ohne Gluten oder Laktose, das ganze Jahr über vor Ort oder zum Mitnehmen. Catering & Hausgemachte Lebensmittel"
        ],
        "en": [
          "Treat yourself to a Healthy, gourmet & vitamin-packed break at Flagrant Délice.\r\n\"House\" & seasonal cuisine, Vegetarian, Vegan & Raw, with & without gluten or lactose, to eat in or take away, all year round. Catering & Home Groceries"
        ],
        "it": [
          "Concedetevi una pausa sana, golosa e ricca di vitamine al Flagrant Délice.\r\nCucina casalinga e stagionale, vegetariana, vegana e crudista, con e senza glutine o lattosio, da gustare sul posto o da asporto, tutto l'anno. Catering e drogheria fatta in casa"
        ],
        "fr": [
          "Offrez- vous  une pause Saine, gourmande & vitaminée chez Flagrant Délice.\r\nCuisine \"Maison\" & de saison, Végétarienne, Végétalienne & Crue, avec & sans gluten ni lactose, à déguster  sur place ou à emporter, toute l'année. Traiteur & Epicerie Maison"
        ],
        "nl": [
          "Trakteer uzelf op een gezonde, gastronomische en vitaminerijke pauze bij Flagrant Délice.\r\nHuisgemaakte & seizoensgebonden gerechten, Vegetarisch, Veganistisch & Raw, met & zonder gluten of lactose, om ter plekke van te genieten of om mee te nemen, het hele jaar door. Catering & kruidenierswaren"
        ],
        "es": [
          "Regálese un descanso saludable, gourmet y lleno de vitaminas en Flagrant Délice.\r\nCocina casera y de temporada, vegetariana, vegana y cruda, con y sin gluten o lactosa, para disfrutar en el momento o para llevar, todo el año. Catering y alimentación casera"
        ]
      }
    }
  ],
  "hasTheme": [
    {
      "@id": "kb:MediterraneanCuisine",
      "@type": [
        "CuisineCategory"
      ],
      "rdfs:label": {
        "de": [
          "Mediterrane Küche"
        ],
        "pt": [
          "Cozinha mediterrânica"
        ],
        "en": [
          "Mediterranean cuisine"
        ],
        "it": [
          "Cucina mediterranea"
        ],
        "fr": [
          "Cuisine méditerranéenne"
        ],
        "nl": [
          "Mediterrane keuken"
        ],
        "es": [
          "Cocina mediterránea"
        ]
      }
    }
  ],
  "hasTranslatedProperty": [
    {
      "@id": "https://data.datatourisme.fr/0c6aa746-6441-3fa6-941b-631510ae5c33",
      "dc:contributor": [
        "https://api.deepl.com/v2/translate"
      ],
      "rdf:language": [
        "de"
      ],
      "rdf:predicate": [
        {
          "@id": "rdfs:comment"
        }
      ]
    },
    {
      "@id": "https://data.datatourisme.fr/a1a7e869-a291-3b83-94dc-15fffb7a340c",
      "dc:contributor": [
        "https://api.deepl.com/v2/translate"
      ],
      "rdf:language": [
        "nl"
      ],
      "rdf:predicate": [
        {
          "@id": "rdfs:comment"
        }
      ]
    },
    {
      "@id": "https://data.datatourisme.fr/c5ac8aed-f620-31ed-b182-76b817196e00",
      "dc:contributor": [
        "https://api.deepl.com/v2/translate"
      ],
      "rdf:language": [
        "it"
      ],
      "rdf:predicate": [
        {
          "@id": "rdfs:comment"
        }
      ]
    },
    {
      "@id": "https://data.datatourisme.fr/e7adc1d7-673b-3218-93a4-39291141d329",
      "dc:contributor": [
        "https://api.deepl.com/v2/translate"
      ],
      "rdf:language": [
        "es"
      ],
      "rdf:predicate": [
        {
          "@id": "rdfs:comment"
        }
      ]
    }
  ],
  "isLocatedAt": [
    {
      "@id": "https://data.datatourisme.fr/0c24f9ea-4546-364e-a5bd-721ab6ca5916",
      "schema:address": [
        {
          "@id": "https://data.datatourisme.fr/d497705b-e1b1-306b-b2b3-4fcd1cae548e",
          "schema:addressLocality": "L'Île-Rousse",
          "schema:postalCode": "20220",
          "schema:streetAddress": [
            "16 Rue Napoléon"
          ],
          "@type": [
            "schema:PostalAddress",
            "PostalAddress"
          ],
          "hasAddressCity": {
            "@id": "kb:2B134",
            "@type": [
              "City"
            ],
            "rdfs:label": {
              "en": [
                "L'Île-Rousse"
              ],
              "fr": [
                "L'Île-Rousse"
              ]
            },
            "insee": "2B134",
            "isPartOfDepartment": {
              "@id": "kb:France942B",
              "@type": [
                "Department"
              ],
              "rdfs:label": {
                "en": [
                  "Haute-Corse"
                ],
                "fr": [
                  "Haute-Corse"
                ]
              },
              "insee": "2B",
              "isPartOfRegion": {
                "@id": "kb:France94",
                "@type": [
                  "Region"
                ],
                "rdfs:label": {
                  "en": [
                    "Corse"
                  ],
                  "fr": [
                    "Corse"
                  ]
                },
                "insee": "94",
                "isPartOfCountry": {
                  "@id": "kb:France",
                  "@type": [
                    "schema:Country"
                  ],
                  "rdfs:label": {
                    "de": [
                      "Frankreich"
                    ],
                    "pt": [
                      "França"
                    ],
                    "en": [
                      "France"
                    ],
                    "it": [
                      "Francia"
                    ],
                    "fr": [
                      "France"
                    ],
                    "nl": [
                      "Frankrijk"
                    ],
                    "es": [
                      "Francia"
                    ]
                  }
                }
              }
            }
          }
        }
      ],
      "schema:geo": {
        "@id": "https://data.datatourisme.fr/8b3a01ea-0c76-3c51-bf1e-ac72c9cc259e",
        "schema:latitude": "42.63609",
        "schema:longitude": "8.937731",
        "@type": [
          "schema:GeoCoordinates"
        ]
      },
      "schema:openingHoursSpecification": [
        {
          "@id": "https://data.datatourisme.fr/a3f24f90-6ccb-3f8d-94e8-ad65de64f9b3",
          "schema:validFrom": "2023-01-01T00:00:00",
          "schema:validThrough": "2023-12-31T23:59:59",
          "@type": [
            "schema:OpeningHoursSpecification"
          ],
          "additionalInformation": {
            "de": [
              "Das ganze Jahr über geöffnet. 7/7 Tage im Sommer\r\nVariable Öffnungszeiten je nach Saison\r\nJährlich geschlossen an Weihnachten und im Februar"
            ],
            "en": [
              "Open all year round. 7/7 days in summer\r\nSchedules vary according to the season\r\nAnnual closing at Christmas and in February"
            ],
            "it": [
              "Aperto tutto l'anno. 7/7 giorni in estate\r\nGli orari di apertura variano a seconda della stagione\r\nChiusura annuale a Natale e a febbraio"
            ],
            "fr": [
              "Ouvert toute l'année. 7/7 jours en été \r\nHoraires variables selon la saison \r\nFermeture annuelle à Noêl et en Février"
            ],
            "nl": [
              "Het hele jaar geopend. 7/7 dagen in de zomer\r\nDe openingstijden variëren naargelang het seizoen\r\nJaarlijkse sluiting met Kerstmis en in februari"
            ],
            "es": [
              "Abierto todo el año. 7/7 días en verano\r\nLos horarios de apertura varían según la temporada\r\nCierre anual en Navidad y en febrero"
            ]
          },
          "hasTranslatedProperty": [
            {
              "@id": "https://data.datatourisme.fr/11aeb9f3-47e0-3d75-8d88-d37abb22c9e9",
              "dc:contributor": [
                "https://api.deepl.com/v2/translate"
              ],
              "rdf:language": [
                "en"
              ],
              "rdf:predicate": [
                "additionalInformation"
              ]
            },
            {
              "@id": "https://data.datatourisme.fr/4cf2b6c5-e198-3e6e-b289-4f92753d89e7",
              "dc:contributor": [
                "https://api.deepl.com/v2/translate"
              ],
              "rdf:language": [
                "it"
              ],
              "rdf:predicate": [
                "additionalInformation"
              ]
            },
            {
              "@id": "https://data.datatourisme.fr/55d2e36c-5f73-3070-9924-7fb5ff3e3cb2",
              "dc:contributor": [
                "https://api.deepl.com/v2/translate"
              ],
              "rdf:language": [
                "de"
              ],
              "rdf:predicate": [
                "additionalInformation"
              ]
            },
            {
              "@id": "https://data.datatourisme.fr/a964c49d-8fbb-3156-9b01-80b1aef14ca7",
              "dc:contributor": [
                "https://api.deepl.com/v2/translate"
              ],
              "rdf:language": [
                "nl"
              ],
              "rdf:predicate": [
                "additionalInformation"
              ]
            },
            {
              "@id": "https://data.datatourisme.fr/d73adcbd-4e39-3222-b094-6dfcf2f095a8",
              "dc:contributor": [
                "https://api.deepl.com/v2/translate"
              ],
              "rdf:language": [
                "es"
              ],
              "rdf:predicate": [
                "additionalInformation"
              ]
            }
          ]
        }
      ],
      "@type": [
        "schema:Place",
        "Place"
      ]
    }
  ],
  "isOwnedBy": [
    {
      "@id": "https://data.datatourisme.fr/252af22a-253d-33df-b9d7-204832749402",
      "schema:email": [
        "web@ileroussetourisme.com"
      ],
      "schema:legalName": "Office de Tourisme Intercommunal de L'Ile Rousse-Balagne",
      "@type": [
        "schema:Organization",
        "foaf:Agent",
        "Agent"
      ],
      "foaf:homepage": [
        "https://www.balagne-corsica.com/"
      ]
    }
  ],
  "lastUpdate": "2022-04-08",
  "lastUpdateDatatourisme": "2023-02-01T18:07:35.762Z",
  "offers": [
    {
      "@id": "https://data.datatourisme.fr/0926eae8-a44e-324c-858c-1faa09542020",
      "schema:priceSpecification": [
        {
          "@id": "https://data.datatourisme.fr/fc5bad26-311e-306e-bc89-5fed0e66c48f",
          "schema:maxPrice": [
            "20"
          ],
          "schema:minPrice": [
            "11"
          ],
          "schema:priceCurrency": "EUR",
          "@type": [
            "schema:PriceSpecification",
            "PriceSpecification"
          ],
          "appliesOnPeriod": [
            {
              "@id": "https://data.datatourisme.fr/0663ca4b-3470-3171-9053-39aa704e8f56",
              "@type": [
                "Period"
              ],
              "endDate": "2022-12-31",
              "startDate": "2022-01-01"
            }
          ]
        }
      ],
      "@type": [
        "schema:Offer",
        "Offer"
      ]
    }
  ],
  "providesCuisineOfType": [
    {
      "@id": "kb:MediterraneanCuisine",
      "@type": [
        "CuisineCategory"
      ],
      "rdfs:label": {
        "de": [
          "Mediterrane Küche"
        ],
        "pt": [
          "Cozinha mediterrânica"
        ],
        "en": [
          "Mediterranean cuisine"
        ],
        "it": [
          "Cucina mediterranea"
        ],
        "fr": [
          "Cuisine méditerranéenne"
        ],
        "nl": [
          "Mediterrane keuken"
        ],
        "es": [
          "Cocina mediterránea"
        ]
      }
    }
  ]
}