{
  "@id": "https://data.datatourisme.fr/13/c546ab1d-6237-30d5-8e1c-78ab047e5404",
  "dc:identifier": "4998202",
  "@type": [
    "PlaceOfInterest",
    "PointOfInterest",
    "SportsAndLeisurePlace",
    "TennisComplex"
  ],
  "rdfs:comment": {
    "de": [
      "Der Tennisclub von L'Ile-Rousse empfängt Sie zum Tennisspielen. Mit seinen 4 beleuchteten Plätzen, seinem Clubhaus und seinen spezialisierten Lehrern verspricht er Ihnen ein Erlebnis im Zeichen der Geselligkeit."
    ],
    "en": [
      "L'Ile-Rousse Tennis Club invites tennis players to benefit from 4 floodlit courts, a club house and tuition from expert instructors, all in a warm and friendly spirit."
    ],
    "it": [
      "Il Tennis Club di L'Ile-Rousse vi accoglie per i vostri allenamenti di tennis. Con i suoi 4 campi illuminati, la sua club house e i suoi istruttori specializzati, potete essere certi di vivere un'esperienza conviviale."
    ],
    "fr": [
      "Le Tennis Club de L'Ile-Rousse vous accueille pour votre pratique du tennis. Avec ses 4 courts éclairés, son club house et ses professeurs spécialisés vous promettent une expérience  sous le signe de la convivialité."
    ],
    "es": [
      "El Club de Tenis de L'Ile-Rousse le da la bienvenida para la práctica del tenis. Con sus 4 pistas iluminadas, su casa club y sus instructores especializados, puede estar seguro de que vivirá una experiencia agradable."
    ],
    "nl": [
      "De Tennis Club van L'Ile-Rousse heet u welkom voor uw tennistraining. Met zijn 4 verlichte banen, zijn clubhuis en zijn gespecialiseerde instructeurs bent u verzekerd van een gezellige ervaring."
    ]
  },
  "rdfs:label": {
    "fr": [
      "Tennis Club de L'Ile-Rousse"
    ]
  },
  "hasBeenCreatedBy": {
    "@id": "https://data.datatourisme.fr/13/8d420fa3-5754-31f1-8199-69c88780314d",
    "dc:identifier": "1647",
    "schema:email": [
      "web@ileroussetourisme.com"
    ],
    "schema:legalName": "Office de Tourisme Intercommunal de L'Ile Rousse-Balagne",
    "@type": [
      "schema:Organization",
      "foaf:Agent",
      "Agent"
    ],
    "foaf:homepage": [
      "https://www.balagne-corsica.com/"
    ]
  },
  "hasBeenPublishedBy": [
    {
      "@id": "https://data.datatourisme.fr/8a9feb4b-2cbd-3d2c-b507-bd6c6776b23b",
      "schema:legalName": "Apidae Tourisme Scic SA - source : Apidae Tourisme",
      "@type": [
        "schema:Organization",
        "foaf:Agent",
        "Agent"
      ],
      "foaf:homepage": [
        "https://www.apidae-tourisme.com/"
      ]
    }
  ],
  "hasContact": [
    {
      "@id": "https://data.datatourisme.fr/eaddd278-c090-3d54-bed2-16d0c97b2845",
      "schema:email": [
        "tc-ilerousse@wanadoo.fr"
      ],
      "schema:telephone": [
        "+33 4 95 60 20 71"
      ],
      "@type": [
        "foaf:Agent",
        "Agent"
      ],
      "foaf:homepage": [
        "http://www.club.fft.fr/tc-ilerousse"
      ]
    }
  ],
  "hasDescription": [
    {
      "@id": "https://data.datatourisme.fr/9e75b4c9-ac7f-3899-a8a1-aa7b6352b2c9",
      "@type": [
        "Description"
      ],
      "hasTranslatedProperty": [
        {
          "@id": "https://data.datatourisme.fr/050f28f9-9c52-3022-afc1-d5fa4a254c58",
          "dc:contributor": [
            "https://api.deepl.com/v2/translate"
          ],
          "rdf:language": [
            "de"
          ],
          "rdf:predicate": [
            "shortDescription"
          ]
        },
        {
          "@id": "https://data.datatourisme.fr/0b0586dd-ae1a-32cf-ae23-32a43a6067f4",
          "dc:contributor": [
            "https://api.deepl.com/v2/translate"
          ],
          "rdf:language": [
            "es"
          ],
          "rdf:predicate": [
            "shortDescription"
          ]
        },
        {
          "@id": "https://data.datatourisme.fr/c98cfc74-2fbb-3fbb-b0d5-c331ded463c7",
          "dc:contributor": [
            "https://api.deepl.com/v2/translate"
          ],
          "rdf:language": [
            "it"
          ],
          "rdf:predicate": [
            "shortDescription"
          ]
        },
        {
          "@id": "https://data.datatourisme.fr/cab08671-d644-3af2-abe0-62732369abaa",
          "dc:contributor": [
            "https://api.deepl.com/v2/translate"
          ],
          "rdf:language": [
            "nl"
          ],
          "rdf:predicate": [
            "shortDescription"
          ]
        }
      ],
      "shortDescription": {
        "de": [
          "Der Tennisclub von L'Ile-Rousse empfängt Sie zum Tennisspielen. Mit seinen 4 beleuchteten Plätzen, seinem Clubhaus und seinen spezialisierten Lehrern verspricht er Ihnen ein Erlebnis im Zeichen der Geselligkeit."
        ],
        "en": [
          "L'Ile-Rousse Tennis Club invites tennis players to benefit from 4 floodlit courts, a club house and tuition from expert instructors, all in a warm and friendly spirit."
        ],
        "it": [
          "Il Tennis Club di L'Ile-Rousse vi accoglie per i vostri allenamenti di tennis. Con i suoi 4 campi illuminati, la sua club house e i suoi istruttori specializzati, potete essere certi di vivere un'esperienza conviviale."
        ],
        "fr": [
          "Le Tennis Club de L'Ile-Rousse vous accueille pour votre pratique du tennis. Avec ses 4 courts éclairés, son club house et ses professeurs spécialisés vous promettent une expérience  sous le signe de la convivialité."
        ],
        "es": [
          "El Club de Tenis de L'Ile-Rousse le da la bienvenida para la práctica del tenis. Con sus 4 pistas iluminadas, su casa club y sus instructores especializados, puede estar seguro de que vivirá una experiencia agradable."
        ],
        "nl": [
          "De Tennis Club van L'Ile-Rousse heet u welkom voor uw tennistraining. Met zijn 4 verlichte banen, zijn clubhuis en zijn gespecialiseerde instructeurs bent u verzekerd van een gezellige ervaring."
        ]
      }
    }
  ],
  "hasTheme": [
    {
      "@id": "kb:Tennis",
      "@type": [
        "SportsTheme"
      ],
      "rdfs:label": {
        "de": [
          "Tennis"
        ],
        "pt": [
          "Ténis"
        ],
        "en": [
          "Tennis"
        ],
        "it": [
          "Tennis"
        ],
        "fr": [
          "Tennis"
        ],
        "nl": [
          "Tennis"
        ],
        "es": [
          "Tenis"
        ]
      }
    }
  ],
  "hasTranslatedProperty": [
    {
      "@id": "https://data.datatourisme.fr/0d60091a-2e31-3fad-b635-59649fcc0c02",
      "dc:contributor": [
        "https://api.deepl.com/v2/translate"
      ],
      "rdf:language": [
        "it"
      ],
      "rdf:predicate": [
        {
          "@id": "rdfs:comment"
        }
      ]
    },
    {
      "@id": "https://data.datatourisme.fr/c5f4401e-5e37-34a0-a1ed-dbbe42f270d5",
      "dc:contributor": [
        "https://api.deepl.com/v2/translate"
      ],
      "rdf:language": [
        "nl"
      ],
      "rdf:predicate": [
        {
          "@id": "rdfs:comment"
        }
      ]
    },
    {
      "@id": "https://data.datatourisme.fr/d9a39373-71bf-38da-9d8d-2010b9235d17",
      "dc:contributor": [
        "https://api.deepl.com/v2/translate"
      ],
      "rdf:language": [
        "de"
      ],
      "rdf:predicate": [
        {
          "@id": "rdfs:comment"
        }
      ]
    },
    {
      "@id": "https://data.datatourisme.fr/f01026be-f7e0-346e-81ef-30330ffe14c3",
      "dc:contributor": [
        "https://api.deepl.com/v2/translate"
      ],
      "rdf:language": [
        "es"
      ],
      "rdf:predicate": [
        {
          "@id": "rdfs:comment"
        }
      ]
    }
  ],
  "isLocatedAt": [
    {
      "@id": "https://data.datatourisme.fr/7d71d9b3-ae2f-3e0e-ba81-b840280713e4",
      "schema:address": [
        {
          "@id": "https://data.datatourisme.fr/0d0323bf-2bb7-3383-a3d0-d444d6b367bf",
          "schema:addressLocality": "L'Île-Rousse",
          "schema:postalCode": "20220",
          "schema:streetAddress": [
            "Route de Calvi"
          ],
          "@type": [
            "schema:PostalAddress",
            "PostalAddress"
          ],
          "hasAddressCity": {
            "@id": "kb:2B134",
            "@type": [
              "City"
            ],
            "rdfs:label": {
              "en": [
                "L'Île-Rousse"
              ],
              "fr": [
                "L'Île-Rousse"
              ]
            },
            "insee": "2B134",
            "isPartOfDepartment": {
              "@id": "kb:France942B",
              "@type": [
                "Department"
              ],
              "rdfs:label": {
                "en": [
                  "Haute-Corse"
                ],
                "fr": [
                  "Haute-Corse"
                ]
              },
              "insee": "2B",
              "isPartOfRegion": {
                "@id": "kb:France94",
                "@type": [
                  "Region"
                ],
                "rdfs:label": {
                  "en": [
                    "Corse"
                  ],
                  "fr": [
                    "Corse"
                  ]
                },
                "insee": "94",
                "isPartOfCountry": {
                  "@id": "kb:France",
                  "@type": [
                    "schema:Country"
                  ],
                  "rdfs:label": {
                    "de": [
                      "Frankreich"
                    ],
                    "pt": [
                      "França"
                    ],
                    "en": [
                      "France"
                    ],
                    "it": [
                      "Francia"
                    ],
                    "fr": [
                      "France"
                    ],
                    "nl": [
                      "Frankrijk"
                    ],
                    "es": [
                      "Francia"
                    ]
                  }
                }
              }
            }
          }
        }
      ],
      "schema:geo": {
        "@id": "https://data.datatourisme.fr/19742f73-bdc2-3513-81cd-07e43739176c",
        "schema:latitude": "42.630573",
        "schema:longitude": "8.934669",
        "@type": [
          "schema:GeoCoordinates"
        ]
      },
      "schema:openingHoursSpecification": [
        {
          "@id": "https://data.datatourisme.fr/32dd3a19-3a7e-370c-8c0c-e57f8e8a4ba2",
          "schema:closes": "20:00:00",
          "schema:opens": "09:00:00",
          "schema:validFrom": "2023-01-01T00:00:00",
          "schema:validThrough": "2023-12-31T23:59:59",
          "@type": [
            "schema:OpeningHoursSpecification"
          ],
          "additionalInformation": {
            "de": [
              "Im Juli/August ist der Club bis 22 Uhr geöffnet"
            ],
            "en": [
              "In July/August, the club is open until 10pm"
            ],
            "it": [
              "In luglio/agosto, il club è aperto fino alle 22.00"
            ],
            "fr": [
              "En juillet/Août, le club est ouvert jusqu'à 22h"
            ],
            "nl": [
              "In juli/augustus is de club open tot 22u"
            ],
            "es": [
              "En julio/agosto, el club está abierto hasta las 22 horas"
            ]
          },
          "hasTranslatedProperty": [
            {
              "@id": "https://data.datatourisme.fr/203879a1-1cc0-3fce-8c4f-0f6f9c456aa6",
              "dc:contributor": [
                "https://api.deepl.com/v2/translate"
              ],
              "rdf:language": [
                "it"
              ],
              "rdf:predicate": [
                "additionalInformation"
              ]
            },
            {
              "@id": "https://data.datatourisme.fr/3ecb2e7f-98ac-37f0-a2c1-05549054d803",
              "dc:contributor": [
                "https://api.deepl.com/v2/translate"
              ],
              "rdf:language": [
                "de"
              ],
              "rdf:predicate": [
                "additionalInformation"
              ]
            },
            {
              "@id": "https://data.datatourisme.fr/7816f3ee-c8a1-314d-b1ce-3168423ff7a9",
              "dc:contributor": [
                "https://api.deepl.com/v2/translate"
              ],
              "rdf:language": [
                "nl"
              ],
              "rdf:predicate": [
                "additionalInformation"
              ]
            },
            {
              "@id": "https://data.datatourisme.fr/972f0fb0-9e88-38e8-9bd3-063b2537f9b6",
              "dc:contributor": [
                "https://api.deepl.com/v2/translate"
              ],
              "rdf:language": [
                "en"
              ],
              "rdf:predicate": [
                "additionalInformation"
              ]
            },
            {
              "@id": "https://data.datatourisme.fr/c5fd8106-8289-3646-9a2c-6472d40ba318",
              "dc:contributor": [
                "https://api.deepl.com/v2/translate"
              ],
              "rdf:language": [
                "es"
              ],
              "rdf:predicate": [
                "additionalInformation"
              ]
            }
          ]
        }
      ],
      "@type": [
        "schema:Place",
        "Place"
      ]
    }
  ],
  "isOwnedBy": [
    {
      "@id": "https://data.datatourisme.fr/252af22a-253d-33df-b9d7-204832749402",
      "schema:email": [
        "web@ileroussetourisme.com"
      ],
      "schema:legalName": "Office de Tourisme Intercommunal de L'Ile Rousse-Balagne",
      "@type": [
        "schema:Organization",
        "foaf:Agent",
        "Agent"
      ],
      "foaf:homepage": [
        "https://www.balagne-corsica.com/"
      ]
    }
  ],
  "lastUpdate": "2022-04-08",
  "lastUpdateDatatourisme": "2023-02-22T06:42:37.76Z",
  "offers": [
    {
      "@id": "https://data.datatourisme.fr/da65d221-a584-3d82-b7e1-62e5644db445",
      "schema:priceSpecification": [
        {
          "@id": "https://data.datatourisme.fr/a24edea2-f6f6-39a5-8517-3b4deddc2ce6",
          "@type": [
            "schema:PriceSpecification",
            "PriceSpecification"
          ],
          "appliesOnPeriod": [
            {
              "@id": "https://data.datatourisme.fr/0663ca4b-3470-3171-9053-39aa704e8f56",
              "@type": [
                "Period"
              ],
              "endDate": "2022-12-31",
              "startDate": "2022-01-01"
            }
          ]
        }
      ],
      "@type": [
        "schema:Offer",
        "Offer"
      ]
    }
  ]
}