{
  "@id": "https://data.datatourisme.fr/13/b2dd8a9a-9ade-33d6-b2d9-a955ddfda2c1",
  "dc:identifier": "5157014",
  "@type": [
    "schema:Accommodation",
    "schema:FoodEstablishment",
    "schema:Hotel",
    "schema:LodgingBusiness",
    "schema:Restaurant",
    "Accommodation",
    "FoodEstablishment",
    "Hotel",
    "HotelRestaurant",
    "HotelTrade",
    "PlaceOfInterest",
    "PointOfInterest",
    "Restaurant"
  ],
  "rdfs:comment": {
    "de": [
      "Isulella, an der Straße nach Palombaggia gelegen, in einer ruhigen Umgebung, direkt am Wasser, mit einem spektakulären Blick auf den Golf von Porto-Vecchio, mit den Bergen im Hintergrund.\r\nHaustiere erlaubt / Pets Friendly."
    ],
    "en": [
      "Isulella, located on the road to Palombaggia, in a peaceful setting, right on the water, with a spectacular view of the gulf of Porto-Vecchio, with the mountains in the background. \r\nPets Friendly."
    ],
    "it": [
      "Isulella, situata sulla strada per Palombaggia, in un ambiente tranquillo, direttamente sull'acqua, con una vista spettacolare sul golfo di Porto-Vecchio, con le montagne sullo sfondo.\r\nAnimali ammessi."
    ],
    "fr": [
      "Isulella, situé sur la route de Palombaggia, dans un cadre paisible, pieds dans l’eau, offrant une vue spectaculaire sur le golfe de Porto-Vecchio, avec la montagne en toile de fond. \r\nAnimaux de compagnie acceptés / Pets Friendly."
    ],
    "es": [
      "Isulella, situada en la carretera de Palombaggia, en un entorno tranquilo, frente al mar, con una vista espectacular del Golfo de Porto-Vecchio, con las montañas al fondo\r\nPets Friendly / Animaux de compagnie acceptés."
    ],
    "nl": [
      "Isulella, gelegen aan de weg naar Palombaggia, in een rustige omgeving, direct aan het water, met een spectaculair uitzicht op de golf van Porto-Vecchio, met de bergen op de achtergrond.\r\nHuisdieren toegestaan."
    ]
  },
  "rdfs:label": {
    "fr": [
      "Isulella Hôtel Restaurant"
    ]
  },
  "hasBeenCreatedBy": {
    "@id": "https://data.datatourisme.fr/13/84c6494d-3085-3c63-a55c-db8cb047fadd",
    "dc:identifier": "1738",
    "schema:email": [
      "camillef.omt@gmail.com",
      "direction@destination-sudcorse.com",
      "gestion@destination-sudcorse.com",
      "promotion@destination-sudcorse.com",
      "webmaster@destination-sudcorse.com"
    ],
    "schema:legalName": "Porto Vecchio Tourisme",
    "@type": [
      "schema:Organization",
      "foaf:Agent",
      "Agent"
    ],
    "foaf:homepage": [
      "http://www.ot-portovecchio.com/"
    ]
  },
  "hasBeenPublishedBy": [
    {
      "@id": "https://data.datatourisme.fr/8a9feb4b-2cbd-3d2c-b507-bd6c6776b23b",
      "schema:legalName": "Apidae Tourisme Scic SA - source : Apidae Tourisme",
      "@type": [
        "schema:Organization",
        "foaf:Agent",
        "Agent"
      ],
      "foaf:homepage": [
        "https://www.apidae-tourisme.com/"
      ]
    }
  ],
  "hasContact": [
    {
      "@id": "https://data.datatourisme.fr/fd5aec2f-ec0a-3976-bb41-555e223fc2ec",
      "schema:email": [
        "contact@isulella-hotel.com"
      ],
      "schema:telephone": [
        "+33 4 95 53 78 82"
      ],
      "@type": [
        "foaf:Agent",
        "Agent"
      ],
      "foaf:homepage": [
        "http://www.isulella-hotel.com/"
      ]
    }
  ],
  "hasDescription": [
    {
      "@id": "https://data.datatourisme.fr/cde7a428-6d95-386a-a615-f6868c88100f",
      "@type": [
        "Description"
      ],
      "hasTranslatedProperty": [
        {
          "@id": "https://data.datatourisme.fr/f953851c-4e85-3b3a-b5b0-d9ffa6943b96",
          "dc:contributor": [
            "https://api.deepl.com/v2/translate"
          ],
          "rdf:language": [
            "es"
          ],
          "rdf:predicate": [
            "shortDescription"
          ]
        }
      ],
      "shortDescription": {
        "de": [
          "Isulella, an der Straße nach Palombaggia gelegen, in einer ruhigen Umgebung, direkt am Wasser, mit einem spektakulären Blick auf den Golf von Porto-Vecchio, mit den Bergen im Hintergrund.\r\nHaustiere erlaubt / Pets Friendly."
        ],
        "en": [
          "Isulella, located on the road to Palombaggia, in a peaceful setting, right on the water, with a spectacular view of the gulf of Porto-Vecchio, with the mountains in the background. \r\nPets Friendly."
        ],
        "it": [
          "Isulella, situata sulla strada per Palombaggia, in un ambiente tranquillo, direttamente sull'acqua, con una vista spettacolare sul golfo di Porto-Vecchio, con le montagne sullo sfondo.\r\nAnimali ammessi."
        ],
        "fr": [
          "Isulella, situé sur la route de Palombaggia, dans un cadre paisible, pieds dans l’eau, offrant une vue spectaculaire sur le golfe de Porto-Vecchio, avec la montagne en toile de fond. \r\nAnimaux de compagnie acceptés / Pets Friendly."
        ],
        "es": [
          "Isulella, situada en la carretera de Palombaggia, en un entorno tranquilo, frente al mar, con una vista espectacular del Golfo de Porto-Vecchio, con las montañas al fondo\r\nPets Friendly / Animaux de compagnie acceptés."
        ],
        "nl": [
          "Isulella, gelegen aan de weg naar Palombaggia, in een rustige omgeving, direct aan het water, met een spectaculair uitzicht op de golf van Porto-Vecchio, met de bergen op de achtergrond.\r\nHuisdieren toegestaan."
        ]
      }
    }
  ],
  "hasTranslatedProperty": [
    {
      "@id": "https://data.datatourisme.fr/bd2520b7-fcb1-356d-b84b-3db402e3748f",
      "dc:contributor": [
        "https://api.deepl.com/v2/translate"
      ],
      "rdf:language": [
        "es"
      ],
      "rdf:predicate": [
        {
          "@id": "rdfs:comment"
        }
      ]
    }
  ],
  "isLocatedAt": [
    {
      "@id": "https://data.datatourisme.fr/31bceb1f-73de-32c8-9ac3-8b11de6af7f6",
      "schema:address": [
        {
          "@id": "https://data.datatourisme.fr/50191b46-a3a4-3d9f-99fa-479da0be2a5e",
          "schema:addressLocality": "Porto-Vecchio",
          "schema:postalCode": "20137",
          "schema:streetAddress": [
            "Route de Palombaggia"
          ],
          "@type": [
            "schema:PostalAddress",
            "PostalAddress"
          ],
          "hasAddressCity": {
            "@id": "kb:2A247",
            "@type": [
              "City"
            ],
            "rdfs:label": {
              "en": [
                "Porto-Vecchio"
              ],
              "fr": [
                "Porto-Vecchio"
              ]
            },
            "insee": "2A247",
            "isPartOfDepartment": {
              "@id": "kb:France942A",
              "@type": [
                "Department"
              ],
              "rdfs:label": {
                "en": [
                  "Corse-du-Sud"
                ],
                "fr": [
                  "Corse-du-Sud"
                ]
              },
              "insee": "2A",
              "isPartOfRegion": {
                "@id": "kb:France94",
                "@type": [
                  "Region"
                ],
                "rdfs:label": {
                  "en": [
                    "Corse"
                  ],
                  "fr": [
                    "Corse"
                  ]
                },
                "insee": "94",
                "isPartOfCountry": {
                  "@id": "kb:France",
                  "@type": [
                    "schema:Country"
                  ],
                  "rdfs:label": {
                    "de": [
                      "Frankreich"
                    ],
                    "pt": [
                      "França"
                    ],
                    "en": [
                      "France"
                    ],
                    "it": [
                      "Francia"
                    ],
                    "fr": [
                      "France"
                    ],
                    "nl": [
                      "Frankrijk"
                    ],
                    "es": [
                      "Francia"
                    ]
                  }
                }
              }
            }
          }
        }
      ],
      "schema:geo": {
        "@id": "https://data.datatourisme.fr/575ca286-a9e1-339c-9c46-c586b70aed3e",
        "schema:latitude": "41.591485",
        "schema:longitude": "9.308531",
        "@type": [
          "schema:GeoCoordinates"
        ]
      },
      "schema:openingHoursSpecification": [
        {
          "@id": "https://data.datatourisme.fr/30d6dcb0-ef9f-357e-9cd8-ed871db690f6",
          "schema:validFrom": "2023-04-01T00:00:00",
          "schema:validThrough": "2023-11-06T23:59:59",
          "@type": [
            "schema:OpeningHoursSpecification"
          ],
          "additionalInformation": {
            "de": [
              "Montag, Dienstag, Mittwoch, Donnerstag, Freitag, Samstag, Sonntag: offen"
            ],
            "en": [
              "Monday, Tuesday, Wednesday, Thursday, Friday, Saturday, Sunday: open"
            ],
            "it": [
              "Lunedì, martedì, mercoledì, giovedì, venerdì, sabato, domenica: aperto"
            ],
            "fr": [
              "Lundi, Mardi, Mercredi, Jeudi, Vendredi, Samedi, Dimanche : ouvert"
            ],
            "nl": [
              "Maandag, dinsdag, woensdag, donderdag, vrijdag, zaterdag, zondag: open"
            ],
            "es": [
              "Lunes, martes, miércoles, jueves, viernes, sábado y domingo: abierto"
            ]
          },
          "hasTranslatedProperty": [
            {
              "@id": "https://data.datatourisme.fr/1b32dd3e-bd36-3a24-8f8a-83bbb62442a3",
              "dc:contributor": [
                "https://api.deepl.com/v2/translate"
              ],
              "rdf:language": [
                "it"
              ],
              "rdf:predicate": [
                "additionalInformation"
              ]
            },
            {
              "@id": "https://data.datatourisme.fr/36a63ef2-3525-3eec-b393-79d58566b6be",
              "dc:contributor": [
                "https://api.deepl.com/v2/translate"
              ],
              "rdf:language": [
                "es"
              ],
              "rdf:predicate": [
                "additionalInformation"
              ]
            },
            {
              "@id": "https://data.datatourisme.fr/45ae69a5-ecbe-3084-94d6-17cbd8ed334e",
              "dc:contributor": [
                "https://api.deepl.com/v2/translate"
              ],
              "rdf:language": [
                "de"
              ],
              "rdf:predicate": [
                "additionalInformation"
              ]
            },
            {
              "@id": "https://data.datatourisme.fr/8b19c559-04d0-3514-bd8f-cc47ba68155e",
              "dc:contributor": [
                "https://api.deepl.com/v2/translate"
              ],
              "rdf:language": [
                "en"
              ],
              "rdf:predicate": [
                "additionalInformation"
              ]
            },
            {
              "@id": "https://data.datatourisme.fr/d297a68e-a177-37aa-99f2-9bd8d80f45c4",
              "dc:contributor": [
                "https://api.deepl.com/v2/translate"
              ],
              "rdf:language": [
                "nl"
              ],
              "rdf:predicate": [
                "additionalInformation"
              ]
            }
          ]
        }
      ],
      "@type": [
        "schema:Place",
        "Place"
      ]
    }
  ],
  "isOwnedBy": [
    {
      "@id": "https://data.datatourisme.fr/f5f950f9-5eec-32b4-a357-2c969ccf4068",
      "schema:email": [
        "camillef.omt@gmail.com",
        "direction@destination-sudcorse.com",
        "gestion@destination-sudcorse.com",
        "promotion@destination-sudcorse.com",
        "webmaster@destination-sudcorse.com"
      ],
      "schema:legalName": "Porto Vecchio Tourisme",
      "@type": [
        "schema:Organization",
        "foaf:Agent",
        "Agent"
      ],
      "foaf:homepage": [
        "http://www.ot-portovecchio.com/"
      ]
    }
  ],
  "lastUpdate": "2023-03-15",
  "lastUpdateDatatourisme": "2023-04-04T05:52:39.303Z",
  "offers": [
    {
      "@id": "https://data.datatourisme.fr/bcf52646-5e4c-3440-ab96-e58d3d4700d9",
      "schema:priceSpecification": [
        {
          "@id": "https://data.datatourisme.fr/14684f6d-8aff-3398-9fc3-69c8a83c1019",
          "schema:maxPrice": [
            "469",
            "491",
            "895"
          ],
          "schema:minPrice": [
            "240",
            "262",
            "450",
            "67"
          ],
          "schema:priceCurrency": "EUR",
          "@type": [
            "schema:PriceSpecification",
            "PriceSpecification"
          ],
          "appliesOnPeriod": [
            {
              "@id": "https://data.datatourisme.fr/1a7b3310-006a-3052-9e9e-d538377809eb",
              "@type": [
                "Period"
              ],
              "endDate": "2023-11-06",
              "startDate": "2023-04-01"
            }
          ]
        }
      ],
      "@type": [
        "schema:Offer",
        "Offer"
      ]
    }
  ]
}