{
  "@id": "https://data.datatourisme.fr/13/42a2d795-15c1-37ad-aa72-da9837f0455d",
  "dc:identifier": "5162644",
  "@type": [
    "schema:Accommodation",
    "schema:LodgingBusiness",
    "Accommodation",
    "CollectiveAccommodation",
    "HolidayResort",
    "PlaceOfInterest",
    "PointOfInterest"
  ],
  "rdfs:comment": {
    "de": [
      "Entdecken Sie in 1200 m Entfernung von der herrlichen Bucht von Santa Giulia ein komfortables Nest im Herzen des Grüns."
    ],
    "en": [
      "Discover at 1200 m from the magnificent bay of Santa Giulia a comfortable nest in a heart of greenery."
    ],
    "it": [
      "Scoprite a 1200 m dalla magnifica baia di Santa Giulia un comodo nido in un cuore di verde."
    ],
    "fr": [
      "Un sentiment immense de quiétude s'installe dès que l'on pénètre cet écrin de verdure où se nichent coquettement 15 demeures de charme et une piscine chauffée. Un nid confortable dans un écrin de verdure à 1300 mètre de la magnifique plage de Santa Giulia"
    ],
    "es": [
      "Una inmensa sensación de tranquilidad se instala nada más entrar en este entorno verde en el que se encuentran 15 encantadoras residencias y una piscina climatizada. Un cómodo nido en un entorno verde a 1300 metros de la magnífica playa de Santa Giulia"
    ],
    "nl": [
      "Ontdek op 1200 m van de prachtige baai van Santa Giulia een comfortabel nest in het hart van het groen."
    ]
  },
  "rdfs:label": {
    "fr": [
      "Les Toits de Santa Giulia"
    ]
  },
  "hasBeenCreatedBy": {
    "@id": "https://data.datatourisme.fr/13/84c6494d-3085-3c63-a55c-db8cb047fadd",
    "dc:identifier": "1738",
    "schema:email": [
      "camillef.omt@gmail.com",
      "direction@destination-sudcorse.com",
      "gestion@destination-sudcorse.com",
      "promotion@destination-sudcorse.com",
      "webmaster@destination-sudcorse.com"
    ],
    "schema:legalName": "Porto Vecchio Tourisme",
    "@type": [
      "schema:Organization",
      "foaf:Agent",
      "Agent"
    ],
    "foaf:homepage": [
      "http://www.ot-portovecchio.com/"
    ]
  },
  "hasBeenPublishedBy": [
    {
      "@id": "https://data.datatourisme.fr/8a9feb4b-2cbd-3d2c-b507-bd6c6776b23b",
      "schema:legalName": "Apidae Tourisme Scic SA - source : Apidae Tourisme",
      "@type": [
        "schema:Organization",
        "foaf:Agent",
        "Agent"
      ],
      "foaf:homepage": [
        "https://www.apidae-tourisme.com/"
      ]
    }
  ],
  "hasContact": [
    {
      "@id": "https://data.datatourisme.fr/b6fda426-7975-321f-921f-6f0dad3534bc",
      "schema:email": [
        "contact@asantagiulia.com"
      ],
      "schema:telephone": [
        "+33 4 95 70 02 54",
        "+33 6 15 13 28 49"
      ],
      "@type": [
        "foaf:Agent",
        "Agent"
      ],
      "foaf:homepage": [
        "http://www.asantagiulia.com/"
      ]
    }
  ],
  "hasDescription": [
    {
      "@id": "https://data.datatourisme.fr/d3aa68f6-be3e-31ef-96ca-584521f426ec",
      "@type": [
        "Description"
      ],
      "hasTranslatedProperty": [
        {
          "@id": "https://data.datatourisme.fr/e89adea8-caef-35c5-83aa-892091a0d94e",
          "dc:contributor": [
            "https://api.deepl.com/v2/translate"
          ],
          "rdf:language": [
            "es"
          ],
          "rdf:predicate": [
            "shortDescription"
          ]
        }
      ],
      "shortDescription": {
        "de": [
          "Entdecken Sie in 1200 m Entfernung von der herrlichen Bucht von Santa Giulia ein komfortables Nest im Herzen des Grüns."
        ],
        "en": [
          "Discover at 1200 m from the magnificent bay of Santa Giulia a comfortable nest in a heart of greenery."
        ],
        "it": [
          "Scoprite a 1200 m dalla magnifica baia di Santa Giulia un comodo nido in un cuore di verde."
        ],
        "fr": [
          "Un sentiment immense de quiétude s'installe dès que l'on pénètre cet écrin de verdure où se nichent coquettement 15 demeures de charme et une piscine chauffée. Un nid confortable dans un écrin de verdure à 1300 mètre de la magnifique plage de Santa Giulia"
        ],
        "es": [
          "Una inmensa sensación de tranquilidad se instala nada más entrar en este entorno verde en el que se encuentran 15 encantadoras residencias y una piscina climatizada. Un cómodo nido en un entorno verde a 1300 metros de la magnífica playa de Santa Giulia"
        ],
        "nl": [
          "Ontdek op 1200 m van de prachtige baai van Santa Giulia een comfortabel nest in het hart van het groen."
        ]
      }
    }
  ],
  "hasTranslatedProperty": [
    {
      "@id": "https://data.datatourisme.fr/9953e5a2-d346-3bf6-9904-9fa4df6506a3",
      "dc:contributor": [
        "https://api.deepl.com/v2/translate"
      ],
      "rdf:language": [
        "es"
      ],
      "rdf:predicate": [
        {
          "@id": "rdfs:comment"
        }
      ]
    }
  ],
  "isLocatedAt": [
    {
      "@id": "https://data.datatourisme.fr/fe01c017-ec71-3a9e-8bd4-4c600ef278cd",
      "schema:address": [
        {
          "@id": "https://data.datatourisme.fr/d9397420-b376-3b16-83f6-bd10f6d55249",
          "schema:addressLocality": "Porto-Vecchio",
          "schema:postalCode": "20137",
          "schema:streetAddress": [
            "Route de Petriaggione"
          ],
          "@type": [
            "schema:PostalAddress",
            "PostalAddress"
          ],
          "hasAddressCity": {
            "@id": "kb:2A247",
            "@type": [
              "City"
            ],
            "rdfs:label": {
              "en": [
                "Porto-Vecchio"
              ],
              "fr": [
                "Porto-Vecchio"
              ]
            },
            "insee": "2A247",
            "isPartOfDepartment": {
              "@id": "kb:France942A",
              "@type": [
                "Department"
              ],
              "rdfs:label": {
                "en": [
                  "Corse-du-Sud"
                ],
                "fr": [
                  "Corse-du-Sud"
                ]
              },
              "insee": "2A",
              "isPartOfRegion": {
                "@id": "kb:France94",
                "@type": [
                  "Region"
                ],
                "rdfs:label": {
                  "en": [
                    "Corse"
                  ],
                  "fr": [
                    "Corse"
                  ]
                },
                "insee": "94",
                "isPartOfCountry": {
                  "@id": "kb:France",
                  "@type": [
                    "schema:Country"
                  ],
                  "rdfs:label": {
                    "de": [
                      "Frankreich"
                    ],
                    "pt": [
                      "França"
                    ],
                    "en": [
                      "France"
                    ],
                    "it": [
                      "Francia"
                    ],
                    "fr": [
                      "France"
                    ],
                    "nl": [
                      "Frankrijk"
                    ],
                    "es": [
                      "Francia"
                    ]
                  }
                }
              }
            }
          }
        }
      ],
      "schema:geo": {
        "@id": "https://data.datatourisme.fr/99d35cdc-83d3-3ce4-9c04-479c10976e7e",
        "schema:latitude": "41.542769",
        "schema:longitude": "9.281129",
        "@type": [
          "schema:GeoCoordinates"
        ]
      },
      "schema:openingHoursSpecification": [
        {
          "@id": "https://data.datatourisme.fr/f99ae908-62de-36c2-bab1-593e5c6ab3c9",
          "schema:validFrom": "2023-04-01T00:00:00",
          "schema:validThrough": "2023-10-31T23:59:59",
          "@type": [
            "schema:OpeningHoursSpecification"
          ],
          "additionalInformation": {
            "de": [
              "Montag, Dienstag, Mittwoch, Donnerstag, Freitag, Samstag, Sonntag: offen"
            ],
            "en": [
              "Monday, Tuesday, Wednesday, Thursday, Friday, Saturday, Sunday: open"
            ],
            "it": [
              "Lunedì, martedì, mercoledì, giovedì, venerdì, sabato, domenica: aperto"
            ],
            "fr": [
              "Lundi, Mardi, Mercredi, Jeudi, Vendredi, Samedi, Dimanche : ouvert"
            ],
            "nl": [
              "Maandag, dinsdag, woensdag, donderdag, vrijdag, zaterdag, zondag: open"
            ],
            "es": [
              "Lunes, martes, miércoles, jueves, viernes, sábado y domingo: abierto"
            ]
          },
          "hasTranslatedProperty": [
            {
              "@id": "https://data.datatourisme.fr/03c55266-89e7-3232-a3dd-beae66c79364",
              "dc:contributor": [
                "https://api.deepl.com/v2/translate"
              ],
              "rdf:language": [
                "de"
              ],
              "rdf:predicate": [
                "additionalInformation"
              ]
            },
            {
              "@id": "https://data.datatourisme.fr/428d8564-0015-3a88-9d8f-6d9233c29b0d",
              "dc:contributor": [
                "https://api.deepl.com/v2/translate"
              ],
              "rdf:language": [
                "en"
              ],
              "rdf:predicate": [
                "additionalInformation"
              ]
            },
            {
              "@id": "https://data.datatourisme.fr/74fee427-87d7-3b15-9d9d-37fb969e6cdd",
              "dc:contributor": [
                "https://api.deepl.com/v2/translate"
              ],
              "rdf:language": [
                "nl"
              ],
              "rdf:predicate": [
                "additionalInformation"
              ]
            },
            {
              "@id": "https://data.datatourisme.fr/c49529ab-2753-38b2-9825-c697ff0b0855",
              "dc:contributor": [
                "https://api.deepl.com/v2/translate"
              ],
              "rdf:language": [
                "it"
              ],
              "rdf:predicate": [
                "additionalInformation"
              ]
            },
            {
              "@id": "https://data.datatourisme.fr/fd2c97ba-544e-357d-bb80-69a6b0888680",
              "dc:contributor": [
                "https://api.deepl.com/v2/translate"
              ],
              "rdf:language": [
                "es"
              ],
              "rdf:predicate": [
                "additionalInformation"
              ]
            }
          ]
        }
      ],
      "@type": [
        "schema:Place",
        "Place"
      ]
    }
  ],
  "isOwnedBy": [
    {
      "@id": "https://data.datatourisme.fr/f5f950f9-5eec-32b4-a357-2c969ccf4068",
      "schema:email": [
        "camillef.omt@gmail.com",
        "direction@destination-sudcorse.com",
        "gestion@destination-sudcorse.com",
        "promotion@destination-sudcorse.com",
        "webmaster@destination-sudcorse.com"
      ],
      "schema:legalName": "Porto Vecchio Tourisme",
      "@type": [
        "schema:Organization",
        "foaf:Agent",
        "Agent"
      ],
      "foaf:homepage": [
        "http://www.ot-portovecchio.com/"
      ]
    }
  ],
  "lastUpdate": "2023-02-06",
  "lastUpdateDatatourisme": "2023-04-04T05:52:39.275Z",
  "offers": [
    {
      "@id": "https://data.datatourisme.fr/4c849338-95fd-36ff-a5c4-b946961a6c43",
      "schema:priceSpecification": [
        {
          "@id": "https://data.datatourisme.fr/4f717876-4423-3917-b025-8fc8e53855cd",
          "schema:maxPrice": [
            "1225",
            "2275",
            "2338",
            "2688",
            "3038",
            "450"
          ],
          "schema:minPrice": [
            "1015",
            "1400",
            "420",
            "595",
            "70",
            "805"
          ],
          "schema:priceCurrency": "EUR",
          "@type": [
            "schema:PriceSpecification",
            "PriceSpecification"
          ],
          "appliesOnPeriod": [
            {
              "@id": "https://data.datatourisme.fr/c18eaf92-4ed3-33aa-8117-05a6fe461fb2",
              "@type": [
                "Period"
              ],
              "endDate": "2023-10-31",
              "startDate": "2023-04-01"
            }
          ]
        }
      ],
      "@type": [
        "schema:Offer",
        "Offer"
      ]
    }
  ]
}