{
  "@id": "https://data.datatourisme.fr/13/427f01ed-42e0-3d76-95e3-d205d642bd77",
  "dc:identifier": "5842211",
  "@type": [
    "schema:FoodEstablishment",
    "FoodEstablishment",
    "PlaceOfInterest",
    "PointOfInterest"
  ],
  "rdfs:comment": {
    "de": [
      "Ganz in der Nähe des Hauptplatzes von Porto-Vecchio, in einer kleinen Straße mit altmodischem und bukolischem Charme. Machen Sie sich bereit für eine Reise nach Italien und genießen Sie unsere Gerichte und Pizzen made in Napoli!"
    ],
    "en": [
      "Just off the main square of Porto-Vecchio, in a small street with old-fashioned, bucolic charm. Get ready for a trip to Italy and come and enjoy our dishes and pizzas made in Napoli!"
    ],
    "it": [
      "Appena fuori dalla piazza principale di Porto-Vecchio, in una stradina dal fascino antico e bucolico. Preparatevi a un viaggio in Italia e venite a gustare i nostri piatti e le nostre pizze made in Napoli!"
    ],
    "fr": [
      "Tout près de la place principale de Porto-Vecchio, dans une petite rue au charme d'antan et bucolique. Préparez-vous pour un voyage en Italie et venez savourer nos plats et nos pizzas made in Napoli !"
    ],
    "nl": [
      "Vlakbij het centrale plein van Porto-Vecchio, in een klein straatje met ouderwetse, bucolische charme. Maak je klaar voor een reis naar Italië en kom genieten van onze gerechten en pizza's gemaakt in Napoli!"
    ],
    "es": [
      "Justo al lado de la plaza principal de Porto-Vecchio, en una pequeña calle con encanto anticuado y bucólico. Prepárese para un viaje a Italia y venga a disfrutar de nuestros platos y pizzas hechos en Nápoles"
    ]
  },
  "rdfs:label": {
    "fr": [
      "A Stadda"
    ]
  },
  "hasBeenCreatedBy": {
    "@id": "https://data.datatourisme.fr/13/84c6494d-3085-3c63-a55c-db8cb047fadd",
    "dc:identifier": "1738",
    "schema:email": [
      "camillef.omt@gmail.com",
      "direction@destination-sudcorse.com",
      "gestion@destination-sudcorse.com",
      "promotion@destination-sudcorse.com",
      "webmaster@destination-sudcorse.com"
    ],
    "schema:legalName": "Porto Vecchio Tourisme",
    "@type": [
      "schema:Organization",
      "foaf:Agent",
      "Agent"
    ],
    "foaf:homepage": [
      "http://www.ot-portovecchio.com/"
    ]
  },
  "hasBeenPublishedBy": [
    {
      "@id": "https://data.datatourisme.fr/8a9feb4b-2cbd-3d2c-b507-bd6c6776b23b",
      "schema:legalName": "Apidae Tourisme Scic SA - source : Apidae Tourisme",
      "@type": [
        "schema:Organization",
        "foaf:Agent",
        "Agent"
      ],
      "foaf:homepage": [
        "https://www.apidae-tourisme.com/"
      ]
    }
  ],
  "hasContact": [
    {
      "@id": "https://data.datatourisme.fr/983cc089-d00c-3b04-89d4-4b73a420efa7",
      "schema:email": [
        "restaurant.astadda@gmail.com"
      ],
      "schema:telephone": [
        "+33 4 95 25 96 79"
      ],
      "@type": [
        "foaf:Agent",
        "Agent"
      ],
      "foaf:homepage": [
        "https://www.astadda.fr/"
      ]
    }
  ],
  "hasDescription": [
    {
      "@id": "https://data.datatourisme.fr/cc739b56-abd3-393b-9155-b2cd57a5a8ae",
      "@type": [
        "Description"
      ],
      "hasTranslatedProperty": [
        {
          "@id": "https://data.datatourisme.fr/12649a05-4485-3a05-9f7a-5fce5c31237d",
          "dc:contributor": [
            "https://api.deepl.com/v2/translate"
          ],
          "rdf:language": [
            "en"
          ],
          "rdf:predicate": [
            "shortDescription"
          ]
        },
        {
          "@id": "https://data.datatourisme.fr/1345c56c-0a93-39c2-86dc-720440971631",
          "dc:contributor": [
            "https://api.deepl.com/v2/translate"
          ],
          "rdf:language": [
            "it"
          ],
          "rdf:predicate": [
            "shortDescription"
          ]
        },
        {
          "@id": "https://data.datatourisme.fr/af5d672e-119f-3fb0-b30d-021c4f5fe849",
          "dc:contributor": [
            "https://api.deepl.com/v2/translate"
          ],
          "rdf:language": [
            "es"
          ],
          "rdf:predicate": [
            "shortDescription"
          ]
        },
        {
          "@id": "https://data.datatourisme.fr/b6087308-8c0a-329d-8366-a112bb650d32",
          "dc:contributor": [
            "https://api.deepl.com/v2/translate"
          ],
          "rdf:language": [
            "nl"
          ],
          "rdf:predicate": [
            "shortDescription"
          ]
        },
        {
          "@id": "https://data.datatourisme.fr/f0f25953-929b-3ba5-849f-fdfcfbaa2e86",
          "dc:contributor": [
            "https://api.deepl.com/v2/translate"
          ],
          "rdf:language": [
            "de"
          ],
          "rdf:predicate": [
            "shortDescription"
          ]
        }
      ],
      "shortDescription": {
        "de": [
          "Ganz in der Nähe des Hauptplatzes von Porto-Vecchio, in einer kleinen Straße mit altmodischem und bukolischem Charme. Machen Sie sich bereit für eine Reise nach Italien und genießen Sie unsere Gerichte und Pizzen made in Napoli!"
        ],
        "en": [
          "Just off the main square of Porto-Vecchio, in a small street with old-fashioned, bucolic charm. Get ready for a trip to Italy and come and enjoy our dishes and pizzas made in Napoli!"
        ],
        "it": [
          "Appena fuori dalla piazza principale di Porto-Vecchio, in una stradina dal fascino antico e bucolico. Preparatevi a un viaggio in Italia e venite a gustare i nostri piatti e le nostre pizze made in Napoli!"
        ],
        "fr": [
          "Tout près de la place principale de Porto-Vecchio, dans une petite rue au charme d'antan et bucolique. Préparez-vous pour un voyage en Italie et venez savourer nos plats et nos pizzas made in Napoli !"
        ],
        "nl": [
          "Vlakbij het centrale plein van Porto-Vecchio, in een klein straatje met ouderwetse, bucolische charme. Maak je klaar voor een reis naar Italië en kom genieten van onze gerechten en pizza's gemaakt in Napoli!"
        ],
        "es": [
          "Justo al lado de la plaza principal de Porto-Vecchio, en una pequeña calle con encanto anticuado y bucólico. Prepárese para un viaje a Italia y venga a disfrutar de nuestros platos y pizzas hechos en Nápoles"
        ]
      }
    }
  ],
  "hasTheme": [
    {
      "@id": "kb:MediterraneanCuisine",
      "@type": [
        "CuisineCategory"
      ],
      "rdfs:label": {
        "de": [
          "Mediterrane Küche"
        ],
        "pt": [
          "Cozinha mediterrânica"
        ],
        "en": [
          "Mediterranean cuisine"
        ],
        "it": [
          "Cucina mediterranea"
        ],
        "fr": [
          "Cuisine méditerranéenne"
        ],
        "nl": [
          "Mediterrane keuken"
        ],
        "es": [
          "Cocina mediterránea"
        ]
      }
    }
  ],
  "hasTranslatedProperty": [
    {
      "@id": "https://data.datatourisme.fr/1b43ff9e-3fe5-3662-acf1-e5a0e113c036",
      "dc:contributor": [
        "https://api.deepl.com/v2/translate"
      ],
      "rdf:language": [
        "en"
      ],
      "rdf:predicate": [
        {
          "@id": "rdfs:comment"
        }
      ]
    },
    {
      "@id": "https://data.datatourisme.fr/46de302e-9e83-3dfd-b63d-5939230478c0",
      "dc:contributor": [
        "https://api.deepl.com/v2/translate"
      ],
      "rdf:language": [
        "it"
      ],
      "rdf:predicate": [
        {
          "@id": "rdfs:comment"
        }
      ]
    },
    {
      "@id": "https://data.datatourisme.fr/63c936bb-4ba4-3993-84d4-6d9e34cd1639",
      "dc:contributor": [
        "https://api.deepl.com/v2/translate"
      ],
      "rdf:language": [
        "es"
      ],
      "rdf:predicate": [
        {
          "@id": "rdfs:comment"
        }
      ]
    },
    {
      "@id": "https://data.datatourisme.fr/a094febf-1779-33f1-8e03-2ff522777a10",
      "dc:contributor": [
        "https://api.deepl.com/v2/translate"
      ],
      "rdf:language": [
        "nl"
      ],
      "rdf:predicate": [
        {
          "@id": "rdfs:comment"
        }
      ]
    },
    {
      "@id": "https://data.datatourisme.fr/f1d6ac5d-5983-365d-bd5a-2840ca3e49f2",
      "dc:contributor": [
        "https://api.deepl.com/v2/translate"
      ],
      "rdf:language": [
        "de"
      ],
      "rdf:predicate": [
        {
          "@id": "rdfs:comment"
        }
      ]
    }
  ],
  "isLocatedAt": [
    {
      "@id": "https://data.datatourisme.fr/68d6a221-b3c7-31e5-b257-d2855e758ee7",
      "schema:address": [
        {
          "@id": "https://data.datatourisme.fr/a7c9e984-c9a5-3223-b5e6-6aef9b7c9b54",
          "schema:addressLocality": "Porto-Vecchio",
          "schema:postalCode": "20137",
          "schema:streetAddress": [
            "Rue Zoé Grimaldi d'Ortoli"
          ],
          "@type": [
            "schema:PostalAddress",
            "PostalAddress"
          ],
          "hasAddressCity": {
            "@id": "kb:2A247",
            "@type": [
              "City"
            ],
            "rdfs:label": {
              "en": [
                "Porto-Vecchio"
              ],
              "fr": [
                "Porto-Vecchio"
              ]
            },
            "insee": "2A247",
            "isPartOfDepartment": {
              "@id": "kb:France942A",
              "@type": [
                "Department"
              ],
              "rdfs:label": {
                "en": [
                  "Corse-du-Sud"
                ],
                "fr": [
                  "Corse-du-Sud"
                ]
              },
              "insee": "2A",
              "isPartOfRegion": {
                "@id": "kb:France94",
                "@type": [
                  "Region"
                ],
                "rdfs:label": {
                  "en": [
                    "Corse"
                  ],
                  "fr": [
                    "Corse"
                  ]
                },
                "insee": "94",
                "isPartOfCountry": {
                  "@id": "kb:France",
                  "@type": [
                    "schema:Country"
                  ],
                  "rdfs:label": {
                    "de": [
                      "Frankreich"
                    ],
                    "pt": [
                      "França"
                    ],
                    "en": [
                      "France"
                    ],
                    "it": [
                      "Francia"
                    ],
                    "fr": [
                      "France"
                    ],
                    "nl": [
                      "Frankrijk"
                    ],
                    "es": [
                      "Francia"
                    ]
                  }
                }
              }
            }
          }
        }
      ],
      "schema:geo": {
        "@id": "https://data.datatourisme.fr/8ee1e192-4678-397a-9b93-418f9c0f07b0",
        "schema:latitude": "41.590972",
        "schema:longitude": "9.279976",
        "@type": [
          "schema:GeoCoordinates"
        ]
      },
      "schema:openingHoursSpecification": [
        {
          "@id": "https://data.datatourisme.fr/f87e535a-636d-3343-ad63-8a03392e7511",
          "schema:validFrom": "2023-01-01T00:00:00",
          "schema:validThrough": "2023-12-31T23:59:59",
          "@type": [
            "schema:OpeningHoursSpecification"
          ]
        }
      ],
      "@type": [
        "schema:Place",
        "Place"
      ]
    }
  ],
  "isOwnedBy": [
    {
      "@id": "https://data.datatourisme.fr/f5f950f9-5eec-32b4-a357-2c969ccf4068",
      "schema:email": [
        "camillef.omt@gmail.com",
        "direction@destination-sudcorse.com",
        "gestion@destination-sudcorse.com",
        "promotion@destination-sudcorse.com",
        "webmaster@destination-sudcorse.com"
      ],
      "schema:legalName": "Porto Vecchio Tourisme",
      "@type": [
        "schema:Organization",
        "foaf:Agent",
        "Agent"
      ],
      "foaf:homepage": [
        "http://www.ot-portovecchio.com/"
      ]
    }
  ],
  "lastUpdate": "2023-02-15",
  "lastUpdateDatatourisme": "2023-02-16T06:39:42.014Z",
  "offers": [
    {
      "@id": "https://data.datatourisme.fr/0c438684-790e-3530-a46b-047fdccec6e4",
      "schema:priceSpecification": [
        {
          "@id": "https://data.datatourisme.fr/58348b4c-5166-3993-8ee9-70f7f4a0af39",
          "schema:maxPrice": [
            "23"
          ],
          "schema:minPrice": [
            "8"
          ],
          "schema:priceCurrency": "EUR",
          "@type": [
            "schema:PriceSpecification",
            "PriceSpecification"
          ],
          "appliesOnPeriod": [
            {
              "@id": "https://data.datatourisme.fr/a425afdf-3594-300b-b55e-1858bafa3fd4",
              "@type": [
                "Period"
              ],
              "endDate": "2023-12-31",
              "startDate": "2023-01-01"
            }
          ]
        }
      ],
      "@type": [
        "schema:Offer",
        "Offer"
      ]
    }
  ],
  "providesCuisineOfType": [
    {
      "@id": "kb:MediterraneanCuisine",
      "@type": [
        "CuisineCategory"
      ],
      "rdfs:label": {
        "de": [
          "Mediterrane Küche"
        ],
        "pt": [
          "Cozinha mediterrânica"
        ],
        "en": [
          "Mediterranean cuisine"
        ],
        "it": [
          "Cucina mediterranea"
        ],
        "fr": [
          "Cuisine méditerranéenne"
        ],
        "nl": [
          "Mediterrane keuken"
        ],
        "es": [
          "Cocina mediterránea"
        ]
      }
    }
  ]
}