{
  "@id": "https://data.datatourisme.fr/13/42bf69bf-d2de-37f7-a17d-3b3b4489d6ab",
  "dc:identifier": "5213852",
  "@type": [
    "PlaceOfInterest",
    "PointOfInterest",
    "SportsAndLeisurePlace"
  ],
  "rdfs:comment": {
    "de": [
      "Eine Ikone von unglaublicher Schönheit!\r\nDie Zitadelle von Calvi erhebt sich stolz über die Stadt und ist eine unerschütterliche Kulisse mit einem reichen historischen Erbe."
    ],
    "en": [
      "An icon of incredible beauty!\r\nThe indestructible decor of Calvi Citadel towers proudly over the town, boasting a whole wealth of history and heritage."
    ],
    "it": [
      "Un'icona di incredibile bellezza!\r\nUn ambiente incrollabile dotato di una ricchezza di storia e patrimonio, la Cittadella di Calvi si erge orgogliosamente sopra la città."
    ],
    "fr": [
      "Une icône d’une incroyable beauté !\r\nInébranlable décor doté d’une richesse historique et patrimoniale, la Citadelle de Calvi se dresse avec fierté au – dessus de la ville."
    ],
    "es": [
      "¡Un icono de increíble belleza!\r\nLa Ciudadela de Calvi se alza orgullosa sobre la ciudad y es un escenario inconfundible con una rica historia y patrimonio."
    ],
    "nl": [
      "Een icoon van ongelooflijke schoonheid!\r\nDe Citadel van Calvi staat trots boven de stad en is een onmiskenbaar decor met een rijke geschiedenis en erfgoed."
    ]
  },
  "rdfs:label": {
    "en": [
      "Visit of the Citadel"
    ],
    "it": [
      "Visita della Cittadella"
    ],
    "fr": [
      "Visite de la Citadelle"
    ]
  },
  "hasBeenCreatedBy": {
    "@id": "https://data.datatourisme.fr/13/e4873aa9-a05c-35ed-8395-61d121516766",
    "dc:identifier": "1646",
    "schema:email": [
      "info@balagne-corsica.com"
    ],
    "schema:legalName": "Office de Tourisme Intercommunal Calvi - Balagne",
    "@type": [
      "schema:Organization",
      "foaf:Agent",
      "Agent"
    ],
    "foaf:homepage": [
      "https://www.balagne-corsica.com/"
    ]
  },
  "hasBeenPublishedBy": [
    {
      "@id": "https://data.datatourisme.fr/8a9feb4b-2cbd-3d2c-b507-bd6c6776b23b",
      "schema:legalName": "Apidae Tourisme Scic SA - source : Apidae Tourisme",
      "@type": [
        "schema:Organization",
        "foaf:Agent",
        "Agent"
      ],
      "foaf:homepage": [
        "https://www.apidae-tourisme.com/"
      ]
    }
  ],
  "hasContact": [
    {
      "@id": "https://data.datatourisme.fr/f9dfe619-5703-3911-b065-e3be2d457112",
      "schema:email": [
        "tourisme@balagne-corsica.com"
      ],
      "schema:telephone": [
        "+33 4 95 38 33 93",
        "+33 4 95 65 16 67"
      ],
      "@type": [
        "foaf:Agent",
        "Agent"
      ],
      "foaf:homepage": [
        "https://www.balagne-corsica.com/"
      ]
    }
  ],
  "hasDescription": [
    {
      "@id": "https://data.datatourisme.fr/5fb29cb0-d9fb-37e1-a86a-a3e8aa935bc1",
      "@type": [
        "Description"
      ],
      "hasTranslatedProperty": [
        {
          "@id": "https://data.datatourisme.fr/4f727b19-03ed-3f5c-932c-903d4e68a242",
          "dc:contributor": [
            "https://api.deepl.com/v2/translate"
          ],
          "rdf:language": [
            "nl"
          ],
          "rdf:predicate": [
            "shortDescription"
          ]
        },
        {
          "@id": "https://data.datatourisme.fr/aba11c47-2bad-3116-bf15-9b4909d76188",
          "dc:contributor": [
            "https://api.deepl.com/v2/translate"
          ],
          "rdf:language": [
            "es"
          ],
          "rdf:predicate": [
            "shortDescription"
          ]
        },
        {
          "@id": "https://data.datatourisme.fr/d3b8a2b1-9884-386c-be55-e0e85062b9da",
          "dc:contributor": [
            "https://api.deepl.com/v2/translate"
          ],
          "rdf:language": [
            "de"
          ],
          "rdf:predicate": [
            "shortDescription"
          ]
        }
      ],
      "shortDescription": {
        "de": [
          "Eine Ikone von unglaublicher Schönheit!\r\nDie Zitadelle von Calvi erhebt sich stolz über die Stadt und ist eine unerschütterliche Kulisse mit einem reichen historischen Erbe."
        ],
        "en": [
          "An icon of incredible beauty!\r\nThe indestructible decor of Calvi Citadel towers proudly over the town, boasting a whole wealth of history and heritage."
        ],
        "it": [
          "Un'icona di incredibile bellezza!\r\nUn ambiente incrollabile dotato di una ricchezza di storia e patrimonio, la Cittadella di Calvi si erge orgogliosamente sopra la città."
        ],
        "fr": [
          "Une icône d’une incroyable beauté !\r\nInébranlable décor doté d’une richesse historique et patrimoniale, la Citadelle de Calvi se dresse avec fierté au – dessus de la ville."
        ],
        "es": [
          "¡Un icono de increíble belleza!\r\nLa Ciudadela de Calvi se alza orgullosa sobre la ciudad y es un escenario inconfundible con una rica historia y patrimonio."
        ],
        "nl": [
          "Een icoon van ongelooflijke schoonheid!\r\nDe Citadel van Calvi staat trots boven de stad en is een onmiskenbaar decor met een rijke geschiedenis en erfgoed."
        ]
      }
    }
  ],
  "hasTranslatedProperty": [
    {
      "@id": "https://data.datatourisme.fr/42db7cf5-caf4-3d36-965b-6195934df758",
      "dc:contributor": [
        "https://api.deepl.com/v2/translate"
      ],
      "rdf:language": [
        "nl"
      ],
      "rdf:predicate": [
        {
          "@id": "rdfs:comment"
        }
      ]
    },
    {
      "@id": "https://data.datatourisme.fr/5e9a7101-bc5e-35fc-bf25-b6357ec1285e",
      "dc:contributor": [
        "https://api.deepl.com/v2/translate"
      ],
      "rdf:language": [
        "de"
      ],
      "rdf:predicate": [
        {
          "@id": "rdfs:comment"
        }
      ]
    },
    {
      "@id": "https://data.datatourisme.fr/fba224ba-ea58-3dcf-94df-d8768bcdd68d",
      "dc:contributor": [
        "https://api.deepl.com/v2/translate"
      ],
      "rdf:language": [
        "es"
      ],
      "rdf:predicate": [
        {
          "@id": "rdfs:comment"
        }
      ]
    }
  ],
  "isLocatedAt": [
    {
      "@id": "https://data.datatourisme.fr/6cd59965-fc9f-3208-ac32-0f11118d7056",
      "schema:address": [
        {
          "@id": "https://data.datatourisme.fr/fb11d4ad-2908-39dc-9cfc-a3389d1f3d87",
          "schema:addressLocality": "Calvi",
          "schema:postalCode": "20260",
          "@type": [
            "schema:PostalAddress",
            "PostalAddress"
          ],
          "hasAddressCity": {
            "@id": "kb:2B050",
            "@type": [
              "City"
            ],
            "rdfs:label": {
              "en": [
                "Calvi"
              ],
              "fr": [
                "Calvi"
              ]
            },
            "insee": "2B050",
            "isPartOfDepartment": {
              "@id": "kb:France942B",
              "@type": [
                "Department"
              ],
              "rdfs:label": {
                "en": [
                  "Haute-Corse"
                ],
                "fr": [
                  "Haute-Corse"
                ]
              },
              "insee": "2B",
              "isPartOfRegion": {
                "@id": "kb:France94",
                "@type": [
                  "Region"
                ],
                "rdfs:label": {
                  "en": [
                    "Corse"
                  ],
                  "fr": [
                    "Corse"
                  ]
                },
                "insee": "94",
                "isPartOfCountry": {
                  "@id": "kb:France",
                  "@type": [
                    "schema:Country"
                  ],
                  "rdfs:label": {
                    "de": [
                      "Frankreich"
                    ],
                    "pt": [
                      "França"
                    ],
                    "en": [
                      "France"
                    ],
                    "it": [
                      "Francia"
                    ],
                    "fr": [
                      "France"
                    ],
                    "nl": [
                      "Frankrijk"
                    ],
                    "es": [
                      "Francia"
                    ]
                  }
                }
              }
            }
          }
        }
      ],
      "schema:geo": {
        "@id": "https://data.datatourisme.fr/52afd19b-ede7-3d65-a30c-9b183998de41",
        "schema:latitude": "42.568",
        "schema:longitude": "8.7596",
        "@type": [
          "schema:GeoCoordinates"
        ]
      },
      "schema:openingHoursSpecification": [
        {
          "@id": "https://data.datatourisme.fr/f87e535a-636d-3343-ad63-8a03392e7511",
          "schema:validFrom": "2023-01-01T00:00:00",
          "schema:validThrough": "2023-12-31T23:59:59",
          "@type": [
            "schema:OpeningHoursSpecification"
          ]
        }
      ],
      "@type": [
        "schema:Place",
        "Place"
      ]
    }
  ],
  "isOwnedBy": [
    {
      "@id": "https://data.datatourisme.fr/194c52e6-bbae-33dc-8464-caca97844fbb",
      "schema:email": [
        "info@balagne-corsica.com"
      ],
      "schema:legalName": "Office de Tourisme Intercommunal Calvi - Balagne",
      "@type": [
        "schema:Organization",
        "foaf:Agent",
        "Agent"
      ],
      "foaf:homepage": [
        "https://www.balagne-corsica.com/"
      ]
    }
  ],
  "lastUpdate": "2022-03-29",
  "lastUpdateDatatourisme": "2023-02-01T18:07:36.248Z"
}