{
  "@id": "https://data.datatourisme.fr/13/4d3a7e36-f37f-3114-9fe2-fc741961a103",
  "dc:identifier": "5676684",
  "@type": [
    "schema:FoodEstablishment",
    "FoodEstablishment",
    "PlaceOfInterest",
    "PointOfInterest"
  ],
  "rdfs:comment": {
    "de": [
      "Saladerie-Restaurant im Zentrum der Oberstadt von Porto-Vecchio. Stellen Sie Ihren Salat dank einer großen Auswahl an frischen Produkten ganz nach Ihrem Geschmack und Ihren Wünschen zusammen. Zum Verzehr vor Ort, zum Mitnehmen oder als Lieferung nach Hause."
    ],
    "en": [
      "Restaurant salad bar located in the center of the upper town of Porto-Vecchio. Compose your salad according to your tastes and desires, thanks to a large choice of fresh products. To be eaten on the spot, to take away or delivered to your home."
    ],
    "it": [
      "Ristorante Saladerie situato nel centro della città alta di Porto-Vecchio. Componete la vostra insalata secondo i vostri gusti e desideri, grazie a un'ampia scelta di prodotti freschi. Da consumare sul posto, da portare via o da consegnare a casa."
    ],
    "fr": [
      "Restaurant saladerie situé au centre de la haute ville de Porto-Vecchio. Composez votre salade selon vos goûts et vos envies, grâce à un large choix de produits frais. A consommer sur place, à emporter ou en livraison à domicile."
    ],
    "nl": [
      "Saladerie restaurant gelegen in het centrum van de bovenstad van Porto-Vecchio. Stel uw eigen salade samen volgens uw smaak en wensen, dankzij een ruime keuze aan verse producten. Om ter plekke op te eten, om mee te nemen of thuisbezorgd."
    ],
    "es": [
      "Restaurante de saladería situado en el centro de la ciudad alta de Porto-Vecchio. Componga su propia ensalada según sus gustos y deseos, gracias a una amplia selección de productos frescos. Para comer allí mismo, para llevar o para que te lo lleven a casa."
    ]
  },
  "rdfs:label": {
    "fr": [
      "Salad'Bar"
    ]
  },
  "hasBeenCreatedBy": {
    "@id": "https://data.datatourisme.fr/13/84c6494d-3085-3c63-a55c-db8cb047fadd",
    "dc:identifier": "1738",
    "schema:email": [
      "camillef.omt@gmail.com",
      "direction@destination-sudcorse.com",
      "gestion@destination-sudcorse.com",
      "promotion@destination-sudcorse.com",
      "webmaster@destination-sudcorse.com"
    ],
    "schema:legalName": "Porto Vecchio Tourisme",
    "@type": [
      "schema:Organization",
      "foaf:Agent",
      "Agent"
    ],
    "foaf:homepage": [
      "http://www.ot-portovecchio.com/"
    ]
  },
  "hasBeenPublishedBy": [
    {
      "@id": "https://data.datatourisme.fr/8a9feb4b-2cbd-3d2c-b507-bd6c6776b23b",
      "schema:legalName": "Apidae Tourisme Scic SA - source : Apidae Tourisme",
      "@type": [
        "schema:Organization",
        "foaf:Agent",
        "Agent"
      ],
      "foaf:homepage": [
        "https://www.apidae-tourisme.com/"
      ]
    }
  ],
  "hasContact": [
    {
      "@id": "https://data.datatourisme.fr/6db78f31-3315-3331-8db5-18069bc8f1d9",
      "schema:email": [
        "romainhascoet@icloud.com"
      ],
      "schema:telephone": [
        "+33 4 20 57 27 14",
        "+33 6 25 67 30 98"
      ],
      "@type": [
        "foaf:Agent",
        "Agent"
      ]
    }
  ],
  "hasDescription": [
    {
      "@id": "https://data.datatourisme.fr/f1616855-97de-37fc-bfa4-a26c1e36f4c7",
      "@type": [
        "Description"
      ],
      "hasTranslatedProperty": [
        {
          "@id": "https://data.datatourisme.fr/2a9168a7-5e89-36b9-a73b-218a2b11b1a0",
          "dc:contributor": [
            "https://api.deepl.com/v2/translate"
          ],
          "rdf:language": [
            "nl"
          ],
          "rdf:predicate": [
            "shortDescription"
          ]
        },
        {
          "@id": "https://data.datatourisme.fr/918e4237-b853-32e9-94a5-92f7e34fc24e",
          "dc:contributor": [
            "https://api.deepl.com/v2/translate"
          ],
          "rdf:language": [
            "de"
          ],
          "rdf:predicate": [
            "shortDescription"
          ]
        },
        {
          "@id": "https://data.datatourisme.fr/f2ed51ed-d37d-3e6a-a86f-3603b5b78b58",
          "dc:contributor": [
            "https://api.deepl.com/v2/translate"
          ],
          "rdf:language": [
            "it"
          ],
          "rdf:predicate": [
            "shortDescription"
          ]
        },
        {
          "@id": "https://data.datatourisme.fr/f658a887-fbb1-387d-88c6-315a04805342",
          "dc:contributor": [
            "https://api.deepl.com/v2/translate"
          ],
          "rdf:language": [
            "es"
          ],
          "rdf:predicate": [
            "shortDescription"
          ]
        },
        {
          "@id": "https://data.datatourisme.fr/fdc4aa7a-6f6e-30b7-8c1e-0582d0a89658",
          "dc:contributor": [
            "https://api.deepl.com/v2/translate"
          ],
          "rdf:language": [
            "en"
          ],
          "rdf:predicate": [
            "shortDescription"
          ]
        }
      ],
      "shortDescription": {
        "de": [
          "Saladerie-Restaurant im Zentrum der Oberstadt von Porto-Vecchio. Stellen Sie Ihren Salat dank einer großen Auswahl an frischen Produkten ganz nach Ihrem Geschmack und Ihren Wünschen zusammen. Zum Verzehr vor Ort, zum Mitnehmen oder als Lieferung nach Hause."
        ],
        "en": [
          "Restaurant salad bar located in the center of the upper town of Porto-Vecchio. Compose your salad according to your tastes and desires, thanks to a large choice of fresh products. To be eaten on the spot, to take away or delivered to your home."
        ],
        "it": [
          "Ristorante Saladerie situato nel centro della città alta di Porto-Vecchio. Componete la vostra insalata secondo i vostri gusti e desideri, grazie a un'ampia scelta di prodotti freschi. Da consumare sul posto, da portare via o da consegnare a casa."
        ],
        "fr": [
          "Restaurant saladerie situé au centre de la haute ville de Porto-Vecchio. Composez votre salade selon vos goûts et vos envies, grâce à un large choix de produits frais. A consommer sur place, à emporter ou en livraison à domicile."
        ],
        "nl": [
          "Saladerie restaurant gelegen in het centrum van de bovenstad van Porto-Vecchio. Stel uw eigen salade samen volgens uw smaak en wensen, dankzij een ruime keuze aan verse producten. Om ter plekke op te eten, om mee te nemen of thuisbezorgd."
        ],
        "es": [
          "Restaurante de saladería situado en el centro de la ciudad alta de Porto-Vecchio. Componga su propia ensalada según sus gustos y deseos, gracias a una amplia selección de productos frescos. Para comer allí mismo, para llevar o para que te lo lleven a casa."
        ]
      }
    }
  ],
  "hasTranslatedProperty": [
    {
      "@id": "https://data.datatourisme.fr/55182af9-799c-33cc-b812-b87f79e356e3",
      "dc:contributor": [
        "https://api.deepl.com/v2/translate"
      ],
      "rdf:language": [
        "it"
      ],
      "rdf:predicate": [
        {
          "@id": "rdfs:comment"
        }
      ]
    },
    {
      "@id": "https://data.datatourisme.fr/68a53ddb-c24c-3fd5-8093-16e52850b543",
      "dc:contributor": [
        "https://api.deepl.com/v2/translate"
      ],
      "rdf:language": [
        "nl"
      ],
      "rdf:predicate": [
        {
          "@id": "rdfs:comment"
        }
      ]
    },
    {
      "@id": "https://data.datatourisme.fr/6b8d23e1-f9cc-3748-be2a-c01695021da1",
      "dc:contributor": [
        "https://api.deepl.com/v2/translate"
      ],
      "rdf:language": [
        "de"
      ],
      "rdf:predicate": [
        {
          "@id": "rdfs:comment"
        }
      ]
    },
    {
      "@id": "https://data.datatourisme.fr/6e62a7f4-c84b-398b-85c7-254539b6ab06",
      "dc:contributor": [
        "https://api.deepl.com/v2/translate"
      ],
      "rdf:language": [
        "en"
      ],
      "rdf:predicate": [
        {
          "@id": "rdfs:comment"
        }
      ]
    },
    {
      "@id": "https://data.datatourisme.fr/828a041c-6bc3-39e7-9797-670784406161",
      "dc:contributor": [
        "https://api.deepl.com/v2/translate"
      ],
      "rdf:language": [
        "es"
      ],
      "rdf:predicate": [
        {
          "@id": "rdfs:comment"
        }
      ]
    }
  ],
  "isLocatedAt": [
    {
      "@id": "https://data.datatourisme.fr/f902815d-c780-36c9-97f4-a023d0eb895e",
      "schema:address": [
        {
          "@id": "https://data.datatourisme.fr/a4020b15-60bd-362f-801b-69f3f2f3d248",
          "schema:addressLocality": "Porto-Vecchio",
          "schema:postalCode": "20137",
          "schema:streetAddress": [
            "1 rue Jean Jaurès"
          ],
          "@type": [
            "schema:PostalAddress",
            "PostalAddress"
          ],
          "hasAddressCity": {
            "@id": "kb:2A247",
            "@type": [
              "City"
            ],
            "rdfs:label": {
              "en": [
                "Porto-Vecchio"
              ],
              "fr": [
                "Porto-Vecchio"
              ]
            },
            "insee": "2A247",
            "isPartOfDepartment": {
              "@id": "kb:France942A",
              "@type": [
                "Department"
              ],
              "rdfs:label": {
                "en": [
                  "Corse-du-Sud"
                ],
                "fr": [
                  "Corse-du-Sud"
                ]
              },
              "insee": "2A",
              "isPartOfRegion": {
                "@id": "kb:France94",
                "@type": [
                  "Region"
                ],
                "rdfs:label": {
                  "en": [
                    "Corse"
                  ],
                  "fr": [
                    "Corse"
                  ]
                },
                "insee": "94",
                "isPartOfCountry": {
                  "@id": "kb:France",
                  "@type": [
                    "schema:Country"
                  ],
                  "rdfs:label": {
                    "de": [
                      "Frankreich"
                    ],
                    "pt": [
                      "França"
                    ],
                    "en": [
                      "France"
                    ],
                    "it": [
                      "Francia"
                    ],
                    "fr": [
                      "France"
                    ],
                    "nl": [
                      "Frankrijk"
                    ],
                    "es": [
                      "Francia"
                    ]
                  }
                }
              }
            }
          }
        }
      ],
      "schema:geo": {
        "@id": "https://data.datatourisme.fr/fb621de2-e1f5-37e5-a379-80ca55aabe01",
        "schema:latitude": "41.590076",
        "schema:longitude": "9.277469",
        "@type": [
          "schema:GeoCoordinates"
        ]
      },
      "schema:openingHoursSpecification": [
        {
          "@id": "https://data.datatourisme.fr/98ae0ff8-c26a-36d2-8a66-d606ce892246",
          "schema:validFrom": "2023-01-01T00:00:00",
          "schema:validThrough": "2023-12-31T23:59:59",
          "@type": [
            "schema:OpeningHoursSpecification"
          ],
          "additionalInformation": {
            "de": [
              "Im Dezember und Januar geschlossen."
            ],
            "en": [
              "Annual closure in December and January."
            ],
            "it": [
              "Chiusura annuale in dicembre e gennaio."
            ],
            "fr": [
              "Fermeture annuelle en décembre et janvier."
            ],
            "nl": [
              "Jaarlijkse sluiting in december en januari."
            ],
            "es": [
              "Cierre anual en diciembre y enero."
            ]
          },
          "hasTranslatedProperty": [
            {
              "@id": "https://data.datatourisme.fr/12148d7f-3b99-3e04-99ed-523ee02f24b9",
              "dc:contributor": [
                "https://api.deepl.com/v2/translate"
              ],
              "rdf:language": [
                "de"
              ],
              "rdf:predicate": [
                "additionalInformation"
              ]
            },
            {
              "@id": "https://data.datatourisme.fr/3c593ff4-3784-3100-9fe2-ced57fa6d4c6",
              "dc:contributor": [
                "https://api.deepl.com/v2/translate"
              ],
              "rdf:language": [
                "it"
              ],
              "rdf:predicate": [
                "additionalInformation"
              ]
            },
            {
              "@id": "https://data.datatourisme.fr/9d30423b-7fbd-3b32-9666-e4f8418af077",
              "dc:contributor": [
                "https://api.deepl.com/v2/translate"
              ],
              "rdf:language": [
                "en"
              ],
              "rdf:predicate": [
                "additionalInformation"
              ]
            },
            {
              "@id": "https://data.datatourisme.fr/bcb0f26f-5aa9-344f-879d-f3ce6ed1f024",
              "dc:contributor": [
                "https://api.deepl.com/v2/translate"
              ],
              "rdf:language": [
                "nl"
              ],
              "rdf:predicate": [
                "additionalInformation"
              ]
            },
            {
              "@id": "https://data.datatourisme.fr/bd556049-0082-3fce-9b88-a8bcfd92ab61",
              "dc:contributor": [
                "https://api.deepl.com/v2/translate"
              ],
              "rdf:language": [
                "es"
              ],
              "rdf:predicate": [
                "additionalInformation"
              ]
            }
          ]
        }
      ],
      "@type": [
        "schema:Place",
        "Place"
      ]
    }
  ],
  "isOwnedBy": [
    {
      "@id": "https://data.datatourisme.fr/f5f950f9-5eec-32b4-a357-2c969ccf4068",
      "schema:email": [
        "camillef.omt@gmail.com",
        "direction@destination-sudcorse.com",
        "gestion@destination-sudcorse.com",
        "promotion@destination-sudcorse.com",
        "webmaster@destination-sudcorse.com"
      ],
      "schema:legalName": "Porto Vecchio Tourisme",
      "@type": [
        "schema:Organization",
        "foaf:Agent",
        "Agent"
      ],
      "foaf:homepage": [
        "http://www.ot-portovecchio.com/"
      ]
    }
  ],
  "lastUpdate": "2023-02-15",
  "lastUpdateDatatourisme": "2023-02-16T06:39:41.881Z",
  "offers": [
    {
      "@id": "https://data.datatourisme.fr/fe0fb0e2-e39a-33b2-a4b9-959810620f67",
      "schema:priceSpecification": [
        {
          "@id": "https://data.datatourisme.fr/27cbf061-b85b-3675-b854-fea9d18d93c8",
          "schema:maxPrice": [
            "15"
          ],
          "schema:minPrice": [
            "8"
          ],
          "schema:priceCurrency": "EUR",
          "@type": [
            "schema:PriceSpecification",
            "PriceSpecification"
          ],
          "appliesOnPeriod": [
            {
              "@id": "https://data.datatourisme.fr/a425afdf-3594-300b-b55e-1858bafa3fd4",
              "@type": [
                "Period"
              ],
              "endDate": "2023-12-31",
              "startDate": "2023-01-01"
            }
          ]
        }
      ],
      "@type": [
        "schema:Offer",
        "Offer"
      ]
    }
  ]
}