{
  "@id": "https://data.datatourisme.fr/13/4dcc86d2-5f7f-3bac-80b1-bfae46b2dae0",
  "dc:identifier": "4935605",
  "@type": [
    "schema:Accommodation",
    "schema:FoodEstablishment",
    "schema:Hotel",
    "schema:LodgingBusiness",
    "schema:Restaurant",
    "Accommodation",
    "FoodEstablishment",
    "Hotel",
    "HotelRestaurant",
    "HotelTrade",
    "PlaceOfInterest",
    "PointOfInterest",
    "Restaurant"
  ],
  "rdfs:comment": {
    "de": [
      "Oberhalb des Dorfes der Musik und des Kunsthandwerks: PIGNA, das Gästehotel, empfängt Sie in einem Familienhaus aus dem 18. Sie wohnen in einfachen, geräumigen, raffinierten Suiten mit Panoramablick auf das Meer und die umliegenden Berge."
    ],
    "en": [
      "Nestled in the heart of Pigna, the village of music and crafts, the guest hotel welcomes you in an XVIIIth century family home and offers comfortable elegant suites with a stunning view of the sea ans the mountains."
    ],
    "it": [
      "In cima al villaggio della musica e dell'artigianato: PIGNA, la guest house, vi accoglie in una casa di famiglia del XVIII secolo. Soggiornerete in suite semplici, spaziose e raffinate con vista panoramica sul mare e sulle montagne circostanti."
    ],
    "fr": [
      "En haut du village de la musique et de l'artisanat : PIGNA, l'hôtel d'hôtes,  vous accueille dans une demeure familiale du XVIIIe. Vous logerez dans des suites simples, spacieuses, raffinées avec vue  panoramique sur la mer et les montagnes alentours ."
    ],
    "es": [
      "En la cima del pueblo de la música y la artesanía: PIGNA, la casa de huéspedes, le da la bienvenida en una casa familiar del siglo XVIII. Se alojará en suites sencillas, amplias y refinadas, con vistas panorámicas al mar y a las montañas circundantes."
    ],
    "nl": [
      "Aan de top van het dorp van muziek en ambachten: PIGNA, het pension, verwelkomt u in een 18e eeuws familiehuis. U verblijft in eenvoudige, ruime en verfijnde suites met een panoramisch uitzicht op de zee en de omliggende bergen."
    ]
  },
  "rdfs:label": {
    "fr": [
      "Palazzu Pigna"
    ]
  },
  "hasBeenCreatedBy": {
    "@id": "https://data.datatourisme.fr/13/8d420fa3-5754-31f1-8199-69c88780314d",
    "dc:identifier": "1647",
    "schema:email": [
      "web@ileroussetourisme.com"
    ],
    "schema:legalName": "Office de Tourisme Intercommunal de L'Ile Rousse-Balagne",
    "@type": [
      "schema:Organization",
      "foaf:Agent",
      "Agent"
    ],
    "foaf:homepage": [
      "https://www.balagne-corsica.com/"
    ]
  },
  "hasBeenPublishedBy": [
    {
      "@id": "https://data.datatourisme.fr/8a9feb4b-2cbd-3d2c-b507-bd6c6776b23b",
      "schema:legalName": "Apidae Tourisme Scic SA - source : Apidae Tourisme",
      "@type": [
        "schema:Organization",
        "foaf:Agent",
        "Agent"
      ],
      "foaf:homepage": [
        "https://www.apidae-tourisme.com/"
      ]
    }
  ],
  "hasContact": [
    {
      "@id": "https://data.datatourisme.fr/80222330-766b-3fd3-8c53-9da2860aa4e2",
      "schema:email": [
        "palazzupigna@wanadoo.fr"
      ],
      "schema:telephone": [
        "+33 4 95 35 16 47",
        "+33 4 95 47 32 78"
      ],
      "@type": [
        "foaf:Agent",
        "Agent"
      ],
      "foaf:homepage": [
        "http://www.palazzu-pigna.com/"
      ]
    }
  ],
  "hasDescription": [
    {
      "@id": "https://data.datatourisme.fr/d2dcd6ba-560b-36d0-86c8-32fa80c54b84",
      "@type": [
        "Description"
      ],
      "hasTranslatedProperty": [
        {
          "@id": "https://data.datatourisme.fr/29b81f14-cf88-3ebf-ba0e-71f31df682e1",
          "dc:contributor": [
            "https://api.deepl.com/v2/translate"
          ],
          "rdf:language": [
            "es"
          ],
          "rdf:predicate": [
            "shortDescription"
          ]
        },
        {
          "@id": "https://data.datatourisme.fr/5634ef1d-a949-38a4-b695-21efb23851a8",
          "dc:contributor": [
            "https://api.deepl.com/v2/translate"
          ],
          "rdf:language": [
            "de"
          ],
          "rdf:predicate": [
            "shortDescription"
          ]
        },
        {
          "@id": "https://data.datatourisme.fr/60e57693-9033-3f72-be6c-40988a8f16b5",
          "dc:contributor": [
            "https://api.deepl.com/v2/translate"
          ],
          "rdf:language": [
            "nl"
          ],
          "rdf:predicate": [
            "shortDescription"
          ]
        }
      ],
      "shortDescription": {
        "de": [
          "Oberhalb des Dorfes der Musik und des Kunsthandwerks: PIGNA, das Gästehotel, empfängt Sie in einem Familienhaus aus dem 18. Sie wohnen in einfachen, geräumigen, raffinierten Suiten mit Panoramablick auf das Meer und die umliegenden Berge."
        ],
        "en": [
          "Nestled in the heart of Pigna, the village of music and crafts, the guest hotel welcomes you in an XVIIIth century family home and offers comfortable elegant suites with a stunning view of the sea ans the mountains."
        ],
        "it": [
          "In cima al villaggio della musica e dell'artigianato: PIGNA, la guest house, vi accoglie in una casa di famiglia del XVIII secolo. Soggiornerete in suite semplici, spaziose e raffinate con vista panoramica sul mare e sulle montagne circostanti."
        ],
        "fr": [
          "En haut du village de la musique et de l'artisanat : PIGNA, l'hôtel d'hôtes,  vous accueille dans une demeure familiale du XVIIIe. Vous logerez dans des suites simples, spacieuses, raffinées avec vue  panoramique sur la mer et les montagnes alentours ."
        ],
        "es": [
          "En la cima del pueblo de la música y la artesanía: PIGNA, la casa de huéspedes, le da la bienvenida en una casa familiar del siglo XVIII. Se alojará en suites sencillas, amplias y refinadas, con vistas panorámicas al mar y a las montañas circundantes."
        ],
        "nl": [
          "Aan de top van het dorp van muziek en ambachten: PIGNA, het pension, verwelkomt u in een 18e eeuws familiehuis. U verblijft in eenvoudige, ruime en verfijnde suites met een panoramisch uitzicht op de zee en de omliggende bergen."
        ]
      }
    }
  ],
  "hasTranslatedProperty": [
    {
      "@id": "https://data.datatourisme.fr/182f4493-0b35-3d6b-8f5c-f12cf48c0bcd",
      "dc:contributor": [
        "https://api.deepl.com/v2/translate"
      ],
      "rdf:language": [
        "de"
      ],
      "rdf:predicate": [
        {
          "@id": "rdfs:comment"
        }
      ]
    },
    {
      "@id": "https://data.datatourisme.fr/8408fd6d-3107-3507-989c-2ed440616a15",
      "dc:contributor": [
        "https://api.deepl.com/v2/translate"
      ],
      "rdf:language": [
        "es"
      ],
      "rdf:predicate": [
        {
          "@id": "rdfs:comment"
        }
      ]
    },
    {
      "@id": "https://data.datatourisme.fr/c1118d0c-0d04-3fe3-9fcd-b9d1d2b1c520",
      "dc:contributor": [
        "https://api.deepl.com/v2/translate"
      ],
      "rdf:language": [
        "nl"
      ],
      "rdf:predicate": [
        {
          "@id": "rdfs:comment"
        }
      ]
    }
  ],
  "isLocatedAt": [
    {
      "@id": "https://data.datatourisme.fr/4f9a4a5c-6e6a-3d94-a675-12b2660c888b",
      "schema:address": [
        {
          "@id": "https://data.datatourisme.fr/4e45fa66-e19f-3775-b04e-686d43613371",
          "schema:addressLocality": "Pigna",
          "schema:postalCode": "20220",
          "schema:streetAddress": [
            "Pigna"
          ],
          "@type": [
            "schema:PostalAddress",
            "PostalAddress"
          ],
          "hasAddressCity": {
            "@id": "kb:2B231",
            "@type": [
              "City"
            ],
            "rdfs:label": {
              "en": [
                "Pigna"
              ],
              "fr": [
                "Pigna"
              ]
            },
            "insee": "2B231",
            "isPartOfDepartment": {
              "@id": "kb:France942B",
              "@type": [
                "Department"
              ],
              "rdfs:label": {
                "en": [
                  "Haute-Corse"
                ],
                "fr": [
                  "Haute-Corse"
                ]
              },
              "insee": "2B",
              "isPartOfRegion": {
                "@id": "kb:France94",
                "@type": [
                  "Region"
                ],
                "rdfs:label": {
                  "en": [
                    "Corse"
                  ],
                  "fr": [
                    "Corse"
                  ]
                },
                "insee": "94",
                "isPartOfCountry": {
                  "@id": "kb:France",
                  "@type": [
                    "schema:Country"
                  ],
                  "rdfs:label": {
                    "de": [
                      "Frankreich"
                    ],
                    "pt": [
                      "França"
                    ],
                    "en": [
                      "France"
                    ],
                    "it": [
                      "Francia"
                    ],
                    "fr": [
                      "France"
                    ],
                    "nl": [
                      "Frankrijk"
                    ],
                    "es": [
                      "Francia"
                    ]
                  }
                }
              }
            }
          }
        }
      ],
      "schema:geo": {
        "@id": "https://data.datatourisme.fr/419f0c7c-d913-3a22-a735-b98df992d422",
        "schema:latitude": "42.599914",
        "schema:longitude": "8.902531",
        "@type": [
          "schema:GeoCoordinates"
        ]
      },
      "schema:openingHoursSpecification": [
        {
          "@id": "https://data.datatourisme.fr/fe3b0c8a-e748-3c76-94b9-45a7f6e9995b",
          "schema:validFrom": "2023-04-01T00:00:00",
          "schema:validThrough": "2023-10-31T23:59:59",
          "@type": [
            "schema:OpeningHoursSpecification"
          ]
        }
      ],
      "@type": [
        "schema:Place",
        "Place"
      ]
    }
  ],
  "isOwnedBy": [
    {
      "@id": "https://data.datatourisme.fr/252af22a-253d-33df-b9d7-204832749402",
      "schema:email": [
        "web@ileroussetourisme.com"
      ],
      "schema:legalName": "Office de Tourisme Intercommunal de L'Ile Rousse-Balagne",
      "@type": [
        "schema:Organization",
        "foaf:Agent",
        "Agent"
      ],
      "foaf:homepage": [
        "https://www.balagne-corsica.com/"
      ]
    }
  ],
  "lastUpdate": "2023-01-03",
  "lastUpdateDatatourisme": "2023-04-04T05:52:39.315Z",
  "offers": [
    {
      "@id": "https://data.datatourisme.fr/cdc6cb6b-1191-382f-9c88-b921f1a3ce5e",
      "schema:priceSpecification": [
        {
          "@id": "https://data.datatourisme.fr/bef9cf5d-0300-3215-8a65-5172777d4239",
          "schema:maxPrice": [
            "17",
            "200",
            "400",
            "450",
            "500"
          ],
          "schema:minPrice": [
            "130",
            "17",
            "200",
            "300",
            "350"
          ],
          "schema:priceCurrency": "EUR",
          "@type": [
            "schema:PriceSpecification",
            "PriceSpecification"
          ],
          "appliesOnPeriod": [
            {
              "@id": "https://data.datatourisme.fr/c18eaf92-4ed3-33aa-8117-05a6fe461fb2",
              "@type": [
                "Period"
              ],
              "endDate": "2023-10-31",
              "startDate": "2023-04-01"
            }
          ]
        }
      ],
      "@type": [
        "schema:Offer",
        "Offer"
      ]
    }
  ]
}