{
  "@id": "https://data.datatourisme.fr/13/4d36c3b6-9db4-3ce0-8bd2-90293dab3ff1",
  "dc:identifier": "5282898",
  "@type": [
    "schema:Accommodation",
    "schema:LodgingBusiness",
    "Accommodation",
    "Camping",
    "CampingAndCaravanning",
    "PlaceOfInterest",
    "PointOfInterest"
  ],
  "rdfs:comment": {
    "de": [
      "Feriencamp von 10 Hektar Korkeichen und jahrhundertealten Olivenbäumen in der Nähe der 4 Wege, am nördlichen Eingang von Porto-Vecchio, in der Nähe aller Geschäfte, aber weit weg von jeder Peinlichkeit."
    ],
    "en": [
      "Holiday camp of 10 hectares of cork oaks and secular olive trees close to the 4 paths, at the northern entrance of Porto-Vecchio, close to all shops but away from embarrassment."
    ],
    "it": [
      "Campo vacanze di 10 ettari di querce da sughero e olivi secolari vicino ai 4 sentieri, all'ingresso nord di Porto-Vecchio, vicino a tutti i negozi ma lontano da ogni imbarazzo."
    ],
    "fr": [
      "Camp de vacances de 10 hectares de chênes-lièges et d'oliviers séculaires à proximité des 4 chemins, à l'entrée nord de Porto-Vecchio à proximité de tous les commerces mais à l'écart des embarras.\r\nNous louons également des chalets de 4/5 personnes."
    ],
    "nl": [
      "Vakantiekamp van 10 hectare kurkeiken en eeuwenoude olijfbomen in de buurt van de 4 paden, aan de noordelijke ingang van Porto-Vecchio, dicht bij alle winkels, maar uit de buurt van elke schaamte."
    ],
    "es": [
      "Campamento de vacaciones en 10 hectáreas de alcornoques y olivos centenarios cerca de los 4 caminos, en la entrada norte de Porto-Vecchio, cerca de todas las tiendas pero lejos de las molestias.\r\nTambién alquilamos chalets para 4/5 personas."
    ]
  },
  "rdfs:label": {
    "fr": [
      "La Matonara"
    ]
  },
  "hasBeenCreatedBy": {
    "@id": "https://data.datatourisme.fr/13/84c6494d-3085-3c63-a55c-db8cb047fadd",
    "dc:identifier": "1738",
    "schema:email": [
      "camillef.omt@gmail.com",
      "direction@destination-sudcorse.com",
      "gestion@destination-sudcorse.com",
      "promotion@destination-sudcorse.com",
      "webmaster@destination-sudcorse.com"
    ],
    "schema:legalName": "Porto Vecchio Tourisme",
    "@type": [
      "schema:Organization",
      "foaf:Agent",
      "Agent"
    ],
    "foaf:homepage": [
      "http://www.ot-portovecchio.com/"
    ]
  },
  "hasBeenPublishedBy": [
    {
      "@id": "https://data.datatourisme.fr/8a9feb4b-2cbd-3d2c-b507-bd6c6776b23b",
      "schema:legalName": "Apidae Tourisme Scic SA - source : Apidae Tourisme",
      "@type": [
        "schema:Organization",
        "foaf:Agent",
        "Agent"
      ],
      "foaf:homepage": [
        "https://www.apidae-tourisme.com/"
      ]
    }
  ],
  "hasContact": [
    {
      "@id": "https://data.datatourisme.fr/14fa24fe-df28-37d0-89b6-fd5349e0d4f8",
      "schema:email": [
        "lamatonara@wanadoo.fr"
      ],
      "schema:telephone": [
        "+33 4 95 70 37 05",
        "+33 6 78 33 49 37"
      ],
      "@type": [
        "foaf:Agent",
        "Agent"
      ],
      "foaf:homepage": [
        "http://www.camping-matonara.fr/"
      ]
    }
  ],
  "hasDescription": [
    {
      "@id": "https://data.datatourisme.fr/10fbabd5-0962-3234-b93e-70c42bdc8d02",
      "@type": [
        "Description"
      ],
      "hasTranslatedProperty": [
        {
          "@id": "https://data.datatourisme.fr/f1a854a9-4c20-3fe3-9966-55d349f84636",
          "dc:contributor": [
            "https://api.deepl.com/v2/translate"
          ],
          "rdf:language": [
            "es"
          ],
          "rdf:predicate": [
            "shortDescription"
          ]
        }
      ],
      "shortDescription": {
        "de": [
          "Feriencamp von 10 Hektar Korkeichen und jahrhundertealten Olivenbäumen in der Nähe der 4 Wege, am nördlichen Eingang von Porto-Vecchio, in der Nähe aller Geschäfte, aber weit weg von jeder Peinlichkeit."
        ],
        "en": [
          "Holiday camp of 10 hectares of cork oaks and secular olive trees close to the 4 paths, at the northern entrance of Porto-Vecchio, close to all shops but away from embarrassment."
        ],
        "it": [
          "Campo vacanze di 10 ettari di querce da sughero e olivi secolari vicino ai 4 sentieri, all'ingresso nord di Porto-Vecchio, vicino a tutti i negozi ma lontano da ogni imbarazzo."
        ],
        "fr": [
          "Camp de vacances de 10 hectares de chênes-lièges et d'oliviers séculaires à proximité des 4 chemins, à l'entrée nord de Porto-Vecchio à proximité de tous les commerces mais à l'écart des embarras.\r\nNous louons également des chalets de 4/5 personnes."
        ],
        "nl": [
          "Vakantiekamp van 10 hectare kurkeiken en eeuwenoude olijfbomen in de buurt van de 4 paden, aan de noordelijke ingang van Porto-Vecchio, dicht bij alle winkels, maar uit de buurt van elke schaamte."
        ],
        "es": [
          "Campamento de vacaciones en 10 hectáreas de alcornoques y olivos centenarios cerca de los 4 caminos, en la entrada norte de Porto-Vecchio, cerca de todas las tiendas pero lejos de las molestias.\r\nTambién alquilamos chalets para 4/5 personas."
        ]
      }
    }
  ],
  "hasTranslatedProperty": [
    {
      "@id": "https://data.datatourisme.fr/7ed51c35-9da5-38de-b78b-08885002dd63",
      "dc:contributor": [
        "https://api.deepl.com/v2/translate"
      ],
      "rdf:language": [
        "es"
      ],
      "rdf:predicate": [
        {
          "@id": "rdfs:comment"
        }
      ]
    }
  ],
  "isLocatedAt": [
    {
      "@id": "https://data.datatourisme.fr/a3f35ff3-d670-36eb-8b1a-f7a0ba3d01c6",
      "schema:address": [
        {
          "@id": "https://data.datatourisme.fr/cd38cf45-4664-3a37-a89d-2a5e47a99e2d",
          "schema:addressLocality": "Porto-Vecchio",
          "schema:postalCode": "20137",
          "schema:streetAddress": [
            "Les 4 chemins",
            "Lieu dit Matonara"
          ],
          "@type": [
            "schema:PostalAddress",
            "PostalAddress"
          ],
          "hasAddressCity": {
            "@id": "kb:2A247",
            "@type": [
              "City"
            ],
            "rdfs:label": {
              "en": [
                "Porto-Vecchio"
              ],
              "fr": [
                "Porto-Vecchio"
              ]
            },
            "insee": "2A247",
            "isPartOfDepartment": {
              "@id": "kb:France942A",
              "@type": [
                "Department"
              ],
              "rdfs:label": {
                "en": [
                  "Corse-du-Sud"
                ],
                "fr": [
                  "Corse-du-Sud"
                ]
              },
              "insee": "2A",
              "isPartOfRegion": {
                "@id": "kb:France94",
                "@type": [
                  "Region"
                ],
                "rdfs:label": {
                  "en": [
                    "Corse"
                  ],
                  "fr": [
                    "Corse"
                  ]
                },
                "insee": "94",
                "isPartOfCountry": {
                  "@id": "kb:France",
                  "@type": [
                    "schema:Country"
                  ],
                  "rdfs:label": {
                    "de": [
                      "Frankreich"
                    ],
                    "pt": [
                      "França"
                    ],
                    "en": [
                      "France"
                    ],
                    "it": [
                      "Francia"
                    ],
                    "fr": [
                      "France"
                    ],
                    "nl": [
                      "Frankrijk"
                    ],
                    "es": [
                      "Francia"
                    ]
                  }
                }
              }
            }
          }
        }
      ],
      "schema:geo": {
        "@id": "https://data.datatourisme.fr/8ba18881-5bab-3e78-a4f3-981fe731c134",
        "schema:latitude": "41.595187",
        "schema:longitude": "9.274362",
        "@type": [
          "schema:GeoCoordinates"
        ]
      },
      "schema:openingHoursSpecification": [
        {
          "@id": "https://data.datatourisme.fr/97157e87-ca09-3f2c-87b9-3e49a1d1c75e",
          "schema:validFrom": "2023-04-30T00:00:00",
          "schema:validThrough": "2023-10-15T23:59:59",
          "@type": [
            "schema:OpeningHoursSpecification"
          ],
          "additionalInformation": {
            "de": [
              "Montag, Dienstag, Mittwoch, Donnerstag, Freitag, Samstag, Sonntag: offen"
            ],
            "en": [
              "Monday, Tuesday, Wednesday, Thursday, Friday, Saturday, Sunday: open"
            ],
            "it": [
              "Lunedì, martedì, mercoledì, giovedì, venerdì, sabato, domenica: aperto"
            ],
            "fr": [
              "Lundi, Mardi, Mercredi, Jeudi, Vendredi, Samedi, Dimanche : ouvert"
            ],
            "nl": [
              "Maandag, dinsdag, woensdag, donderdag, vrijdag, zaterdag, zondag: open"
            ],
            "es": [
              "Lunes, martes, miércoles, jueves, viernes, sábado y domingo: abierto"
            ]
          },
          "hasTranslatedProperty": [
            {
              "@id": "https://data.datatourisme.fr/601c7c6c-09ca-3134-8165-0b2457363b25",
              "dc:contributor": [
                "https://api.deepl.com/v2/translate"
              ],
              "rdf:language": [
                "es"
              ],
              "rdf:predicate": [
                "additionalInformation"
              ]
            },
            {
              "@id": "https://data.datatourisme.fr/88b6c2de-41e9-344a-b518-ab4174a24021",
              "dc:contributor": [
                "https://api.deepl.com/v2/translate"
              ],
              "rdf:language": [
                "it"
              ],
              "rdf:predicate": [
                "additionalInformation"
              ]
            },
            {
              "@id": "https://data.datatourisme.fr/c17cf7d7-3f12-3e5d-8b36-0a95ea1e67f2",
              "dc:contributor": [
                "https://api.deepl.com/v2/translate"
              ],
              "rdf:language": [
                "nl"
              ],
              "rdf:predicate": [
                "additionalInformation"
              ]
            },
            {
              "@id": "https://data.datatourisme.fr/e7b201b5-5644-362c-95e9-2222bb5d9cd3",
              "dc:contributor": [
                "https://api.deepl.com/v2/translate"
              ],
              "rdf:language": [
                "en"
              ],
              "rdf:predicate": [
                "additionalInformation"
              ]
            },
            {
              "@id": "https://data.datatourisme.fr/fc650732-7aaf-3796-8348-5b0430e233be",
              "dc:contributor": [
                "https://api.deepl.com/v2/translate"
              ],
              "rdf:language": [
                "de"
              ],
              "rdf:predicate": [
                "additionalInformation"
              ]
            }
          ]
        }
      ],
      "@type": [
        "schema:Place",
        "Place"
      ]
    }
  ],
  "isOwnedBy": [
    {
      "@id": "https://data.datatourisme.fr/f5f950f9-5eec-32b4-a357-2c969ccf4068",
      "schema:email": [
        "camillef.omt@gmail.com",
        "direction@destination-sudcorse.com",
        "gestion@destination-sudcorse.com",
        "promotion@destination-sudcorse.com",
        "webmaster@destination-sudcorse.com"
      ],
      "schema:legalName": "Porto Vecchio Tourisme",
      "@type": [
        "schema:Organization",
        "foaf:Agent",
        "Agent"
      ],
      "foaf:homepage": [
        "http://www.ot-portovecchio.com/"
      ]
    }
  ],
  "lastUpdate": "2023-01-25",
  "lastUpdateDatatourisme": "2023-04-04T05:52:39.249Z",
  "offers": [
    {
      "@id": "https://data.datatourisme.fr/821fa2a4-befe-3a73-98ee-d9d498657ab5",
      "schema:priceSpecification": [
        {
          "@id": "https://data.datatourisme.fr/76973d23-48aa-3f23-9fd4-6efe87e7f5d8",
          "schema:maxPrice": [
            "3",
            "3.8",
            "4.5",
            "5",
            "6.5",
            "980"
          ],
          "schema:minPrice": [
            "3",
            "3.8",
            "4.5",
            "480",
            "5",
            "6.5"
          ],
          "schema:priceCurrency": "EUR",
          "@type": [
            "schema:PriceSpecification",
            "PriceSpecification"
          ],
          "appliesOnPeriod": [
            {
              "@id": "https://data.datatourisme.fr/33f12537-9e29-3b3d-9ea5-7c2729969659",
              "@type": [
                "Period"
              ],
              "endDate": "2023-10-15",
              "startDate": "2023-04-30"
            }
          ]
        }
      ],
      "@type": [
        "schema:Offer",
        "Offer"
      ]
    }
  ]
}