{
  "@id": "https://data.datatourisme.fr/13/b5b8fda5-9555-30e4-acf6-29cb5e5f5444",
  "dc:identifier": "5399130",
  "@type": [
    "schema:FoodEstablishment",
    "FoodEstablishment",
    "PlaceOfInterest",
    "PointOfInterest"
  ],
  "rdfs:comment": {
    "de": [
      "Le Bel Ombra, die ideale Adresse, um eine Küche zu genießen, die den Geschmack des Meeres und der Macchia mit der lokalen kulinarischen Tradition verbindet."
    ],
    "en": [
      "Le Bel Ombra, the ideal address for savouring a cuisine that deliciously blends the flavours of the sea and the maquis with local culinary traditions."
    ],
    "it": [
      "Le Bel Ombra, l'indirizzo ideale per assaporare una cucina che fonde deliziosamente i sapori del mare e della macchia mediterranea con le tradizioni culinarie locali."
    ],
    "fr": [
      "Savourez une cuisine des 4 coins du monde revisitée grâce à des producteurs locaux sélectionnés par nos soins. Large sélection de vins corses et d'ailleurs ainsi que de cocktails originaux. Chants corses et guitare tous les mercredis."
    ],
    "nl": [
      "Le Bel Ombra, het ideale adres om te genieten van een keuken die de smaken van de zee en de maquis verrukkelijk combineert met de lokale culinaire tradities."
    ],
    "es": [
      "Disfrute de la cocina de los cuatro rincones del mundo, revisitada gracias a los productores locales seleccionados por nosotros. Amplia selección de vinos corsos y de otros tipos, así como originales cócteles. Canciones corsas y guitarra todos los miércoles."
    ]
  },
  "rdfs:label": {
    "fr": [
      "Bel Ombra"
    ]
  },
  "hasBeenCreatedBy": {
    "@id": "https://data.datatourisme.fr/13/84c6494d-3085-3c63-a55c-db8cb047fadd",
    "dc:identifier": "1738",
    "schema:email": [
      "camillef.omt@gmail.com",
      "direction@destination-sudcorse.com",
      "gestion@destination-sudcorse.com",
      "promotion@destination-sudcorse.com",
      "webmaster@destination-sudcorse.com"
    ],
    "schema:legalName": "Porto Vecchio Tourisme",
    "@type": [
      "schema:Organization",
      "foaf:Agent",
      "Agent"
    ],
    "foaf:homepage": [
      "http://www.ot-portovecchio.com/"
    ]
  },
  "hasBeenPublishedBy": [
    {
      "@id": "https://data.datatourisme.fr/8a9feb4b-2cbd-3d2c-b507-bd6c6776b23b",
      "schema:legalName": "Apidae Tourisme Scic SA - source : Apidae Tourisme",
      "@type": [
        "schema:Organization",
        "foaf:Agent",
        "Agent"
      ],
      "foaf:homepage": [
        "https://www.apidae-tourisme.com/"
      ]
    }
  ],
  "hasContact": [
    {
      "@id": "https://data.datatourisme.fr/86f7b11a-b103-3c01-ab1b-b95e2a7921ac",
      "schema:email": [
        "lebelombra20137@gmail.com"
      ],
      "schema:telephone": [
        "+33 9 61 04 90 63"
      ],
      "@type": [
        "foaf:Agent",
        "Agent"
      ],
      "foaf:homepage": [
        "https://www.lebelombra.fr/"
      ]
    }
  ],
  "hasDescription": [
    {
      "@id": "https://data.datatourisme.fr/0fd530ec-583e-3d11-9df8-f6e335b4ae95",
      "@type": [
        "Description"
      ],
      "hasTranslatedProperty": [
        {
          "@id": "https://data.datatourisme.fr/f1430860-bc06-339d-bc62-50ac7f1dbe4b",
          "dc:contributor": [
            "https://api.deepl.com/v2/translate"
          ],
          "rdf:language": [
            "es"
          ],
          "rdf:predicate": [
            "shortDescription"
          ]
        }
      ],
      "shortDescription": {
        "de": [
          "Le Bel Ombra, die ideale Adresse, um eine Küche zu genießen, die den Geschmack des Meeres und der Macchia mit der lokalen kulinarischen Tradition verbindet."
        ],
        "en": [
          "Le Bel Ombra, the ideal address for savouring a cuisine that deliciously blends the flavours of the sea and the maquis with local culinary traditions."
        ],
        "it": [
          "Le Bel Ombra, l'indirizzo ideale per assaporare una cucina che fonde deliziosamente i sapori del mare e della macchia mediterranea con le tradizioni culinarie locali."
        ],
        "fr": [
          "Savourez une cuisine des 4 coins du monde revisitée grâce à des producteurs locaux sélectionnés par nos soins. Large sélection de vins corses et d'ailleurs ainsi que de cocktails originaux. Chants corses et guitare tous les mercredis."
        ],
        "nl": [
          "Le Bel Ombra, het ideale adres om te genieten van een keuken die de smaken van de zee en de maquis verrukkelijk combineert met de lokale culinaire tradities."
        ],
        "es": [
          "Disfrute de la cocina de los cuatro rincones del mundo, revisitada gracias a los productores locales seleccionados por nosotros. Amplia selección de vinos corsos y de otros tipos, así como originales cócteles. Canciones corsas y guitarra todos los miércoles."
        ]
      }
    }
  ],
  "hasTranslatedProperty": [
    {
      "@id": "https://data.datatourisme.fr/4e9691e9-54a7-3166-aa37-fc5735043fab",
      "dc:contributor": [
        "https://api.deepl.com/v2/translate"
      ],
      "rdf:language": [
        "es"
      ],
      "rdf:predicate": [
        {
          "@id": "rdfs:comment"
        }
      ]
    }
  ],
  "isLocatedAt": [
    {
      "@id": "https://data.datatourisme.fr/f51e94a4-bfb8-30bb-a9ff-98e24786eb24",
      "schema:address": [
        {
          "@id": "https://data.datatourisme.fr/97da5f17-d155-3d93-85cf-1b8cfccbf7bb",
          "schema:addressLocality": "Porto-Vecchio",
          "schema:postalCode": "20137",
          "schema:streetAddress": [
            "1 rue Aspirant Michelin"
          ],
          "@type": [
            "schema:PostalAddress",
            "PostalAddress"
          ],
          "hasAddressCity": {
            "@id": "kb:2A247",
            "@type": [
              "City"
            ],
            "rdfs:label": {
              "en": [
                "Porto-Vecchio"
              ],
              "fr": [
                "Porto-Vecchio"
              ]
            },
            "insee": "2A247",
            "isPartOfDepartment": {
              "@id": "kb:France942A",
              "@type": [
                "Department"
              ],
              "rdfs:label": {
                "en": [
                  "Corse-du-Sud"
                ],
                "fr": [
                  "Corse-du-Sud"
                ]
              },
              "insee": "2A",
              "isPartOfRegion": {
                "@id": "kb:France94",
                "@type": [
                  "Region"
                ],
                "rdfs:label": {
                  "en": [
                    "Corse"
                  ],
                  "fr": [
                    "Corse"
                  ]
                },
                "insee": "94",
                "isPartOfCountry": {
                  "@id": "kb:France",
                  "@type": [
                    "schema:Country"
                  ],
                  "rdfs:label": {
                    "de": [
                      "Frankreich"
                    ],
                    "pt": [
                      "França"
                    ],
                    "en": [
                      "France"
                    ],
                    "it": [
                      "Francia"
                    ],
                    "fr": [
                      "France"
                    ],
                    "nl": [
                      "Frankrijk"
                    ],
                    "es": [
                      "Francia"
                    ]
                  }
                }
              }
            }
          }
        }
      ],
      "schema:geo": {
        "@id": "https://data.datatourisme.fr/8ec747e4-f2b4-32b4-bc39-94d81b53c3cc",
        "schema:latitude": "41.591017",
        "schema:longitude": "9.279691",
        "@type": [
          "schema:GeoCoordinates"
        ]
      },
      "schema:openingHoursSpecification": [
        {
          "@id": "https://data.datatourisme.fr/f87e535a-636d-3343-ad63-8a03392e7511",
          "schema:validFrom": "2023-01-01T00:00:00",
          "schema:validThrough": "2023-12-31T23:59:59",
          "@type": [
            "schema:OpeningHoursSpecification"
          ]
        }
      ],
      "@type": [
        "schema:Place",
        "Place"
      ]
    }
  ],
  "isOwnedBy": [
    {
      "@id": "https://data.datatourisme.fr/f5f950f9-5eec-32b4-a357-2c969ccf4068",
      "schema:email": [
        "camillef.omt@gmail.com",
        "direction@destination-sudcorse.com",
        "gestion@destination-sudcorse.com",
        "promotion@destination-sudcorse.com",
        "webmaster@destination-sudcorse.com"
      ],
      "schema:legalName": "Porto Vecchio Tourisme",
      "@type": [
        "schema:Organization",
        "foaf:Agent",
        "Agent"
      ],
      "foaf:homepage": [
        "http://www.ot-portovecchio.com/"
      ]
    }
  ],
  "lastUpdate": "2023-02-14",
  "lastUpdateDatatourisme": "2023-02-15T06:38:07.064Z",
  "offers": [
    {
      "@id": "https://data.datatourisme.fr/d5b06174-2a3b-3770-8095-847ef0a782e4",
      "schema:priceSpecification": [
        {
          "@id": "https://data.datatourisme.fr/cc8c08ef-771f-381f-ba4c-2943083a4f5a",
          "schema:minPrice": [
            "10"
          ],
          "schema:priceCurrency": "EUR",
          "@type": [
            "schema:PriceSpecification",
            "PriceSpecification"
          ],
          "appliesOnPeriod": [
            {
              "@id": "https://data.datatourisme.fr/a425afdf-3594-300b-b55e-1858bafa3fd4",
              "@type": [
                "Period"
              ],
              "endDate": "2023-12-31",
              "startDate": "2023-01-01"
            }
          ]
        }
      ],
      "@type": [
        "schema:Offer",
        "Offer"
      ]
    }
  ]
}