{
  "@id": "https://data.datatourisme.fr/13/b53435cd-6bf7-314d-ac87-8077e72c3541",
  "dc:identifier": "5329291",
  "@type": [
    "schema:Accommodation",
    "schema:LodgingBusiness",
    "Accommodation",
    "PlaceOfInterest",
    "PointOfInterest"
  ],
  "rdfs:comment": {
    "de": [
      "Wohnanlage mit 10 Wohnungen und 8 Zimmern im Herzen der Stadt. \r\nRuhig, im Grünen gelegen, 5 Minuten zu Fuß von den Geschäften und dem Nachtleben entfernt. Täglicher Hotelservice."
    ],
    "en": [
      "Residence of 10 flats and 8 rooms nestled in the heart of the city. \r\nQuiet, in a green setting, 5 minutes walk from the shops and nightlife. Daily hotel service."
    ],
    "it": [
      "Residenza di 10 appartamenti e 8 camere immersa nel cuore della città. \r\nTranquillo, in un ambiente verde, a 5 minuti a piedi dai negozi e dalla vita notturna. Servizio giornaliero dell'hotel."
    ],
    "fr": [
      "Résidence de 10 appartements et 8 chambres nichés au coeur de la cité. \r\nAu calme, dans un écrin de verdure, à 5 min à pied des commerces et de la vie nocturne. Service hôtelier assuré au quotidien."
    ],
    "nl": [
      "Residentie met 10 appartementen en 8 kamers, gelegen in het hart van de stad. \r\nRustig, in een groene omgeving, 5 minuten lopen van de winkels en het nachtleven. Dagelijkse hotelservice."
    ],
    "es": [
      "Residencia de 10 pisos y 8 habitaciones enclavada en el corazón de la ciudad\r\nTranquilo, en un entorno verde, a 5 minutos a pie de las tiendas y la vida nocturna. Servicio diario del hotel."
    ]
  },
  "rdfs:label": {
    "fr": [
      "Résidence Hôtelière Alcyon"
    ]
  },
  "hasBeenCreatedBy": {
    "@id": "https://data.datatourisme.fr/13/84c6494d-3085-3c63-a55c-db8cb047fadd",
    "dc:identifier": "1738",
    "schema:email": [
      "camillef.omt@gmail.com",
      "direction@destination-sudcorse.com",
      "gestion@destination-sudcorse.com",
      "promotion@destination-sudcorse.com",
      "webmaster@destination-sudcorse.com"
    ],
    "schema:legalName": "Porto Vecchio Tourisme",
    "@type": [
      "schema:Organization",
      "foaf:Agent",
      "Agent"
    ],
    "foaf:homepage": [
      "http://www.ot-portovecchio.com/"
    ]
  },
  "hasBeenPublishedBy": [
    {
      "@id": "https://data.datatourisme.fr/8a9feb4b-2cbd-3d2c-b507-bd6c6776b23b",
      "schema:legalName": "Apidae Tourisme Scic SA - source : Apidae Tourisme",
      "@type": [
        "schema:Organization",
        "foaf:Agent",
        "Agent"
      ],
      "foaf:homepage": [
        "https://www.apidae-tourisme.com/"
      ]
    }
  ],
  "hasContact": [
    {
      "@id": "https://data.datatourisme.fr/d0efb23f-0397-30e8-9e49-0954a29d53d0",
      "schema:email": [
        "info@hotel-alcyon.com"
      ],
      "schema:telephone": [
        "+33 4 95 70 50 50"
      ],
      "@type": [
        "foaf:Agent",
        "Agent"
      ],
      "foaf:homepage": [
        "https://residence-alcyon.com/"
      ]
    }
  ],
  "hasDescription": [
    {
      "@id": "https://data.datatourisme.fr/8872e141-5281-33d1-aa93-adb67599cc79",
      "@type": [
        "Description"
      ],
      "hasTranslatedProperty": [
        {
          "@id": "https://data.datatourisme.fr/b3a0cc05-b326-3607-b33b-31f7b2936549",
          "dc:contributor": [
            "https://api.deepl.com/v2/translate"
          ],
          "rdf:language": [
            "es"
          ],
          "rdf:predicate": [
            "shortDescription"
          ]
        }
      ],
      "shortDescription": {
        "de": [
          "Wohnanlage mit 10 Wohnungen und 8 Zimmern im Herzen der Stadt. \r\nRuhig, im Grünen gelegen, 5 Minuten zu Fuß von den Geschäften und dem Nachtleben entfernt. Täglicher Hotelservice."
        ],
        "en": [
          "Residence of 10 flats and 8 rooms nestled in the heart of the city. \r\nQuiet, in a green setting, 5 minutes walk from the shops and nightlife. Daily hotel service."
        ],
        "it": [
          "Residenza di 10 appartamenti e 8 camere immersa nel cuore della città. \r\nTranquillo, in un ambiente verde, a 5 minuti a piedi dai negozi e dalla vita notturna. Servizio giornaliero dell'hotel."
        ],
        "fr": [
          "Résidence de 10 appartements et 8 chambres nichés au coeur de la cité. \r\nAu calme, dans un écrin de verdure, à 5 min à pied des commerces et de la vie nocturne. Service hôtelier assuré au quotidien."
        ],
        "nl": [
          "Residentie met 10 appartementen en 8 kamers, gelegen in het hart van de stad. \r\nRustig, in een groene omgeving, 5 minuten lopen van de winkels en het nachtleven. Dagelijkse hotelservice."
        ],
        "es": [
          "Residencia de 10 pisos y 8 habitaciones enclavada en el corazón de la ciudad\r\nTranquilo, en un entorno verde, a 5 minutos a pie de las tiendas y la vida nocturna. Servicio diario del hotel."
        ]
      }
    }
  ],
  "hasTranslatedProperty": [
    {
      "@id": "https://data.datatourisme.fr/45b64bc4-838c-3693-8586-f37ddd0cf635",
      "dc:contributor": [
        "https://api.deepl.com/v2/translate"
      ],
      "rdf:language": [
        "es"
      ],
      "rdf:predicate": [
        {
          "@id": "rdfs:comment"
        }
      ]
    }
  ],
  "isLocatedAt": [
    {
      "@id": "https://data.datatourisme.fr/bcc7433c-9dfd-3a7c-bcb6-17c9b8da7e9b",
      "schema:address": [
        {
          "@id": "https://data.datatourisme.fr/aa26507b-6297-396e-81c9-ad330ed80351",
          "schema:addressLocality": "Porto-Vecchio",
          "schema:postalCode": "20137",
          "schema:streetAddress": [
            "Rue du Stazzale"
          ],
          "@type": [
            "schema:PostalAddress",
            "PostalAddress"
          ],
          "hasAddressCity": {
            "@id": "kb:2A247",
            "@type": [
              "City"
            ],
            "rdfs:label": {
              "en": [
                "Porto-Vecchio"
              ],
              "fr": [
                "Porto-Vecchio"
              ]
            },
            "insee": "2A247",
            "isPartOfDepartment": {
              "@id": "kb:France942A",
              "@type": [
                "Department"
              ],
              "rdfs:label": {
                "en": [
                  "Corse-du-Sud"
                ],
                "fr": [
                  "Corse-du-Sud"
                ]
              },
              "insee": "2A",
              "isPartOfRegion": {
                "@id": "kb:France94",
                "@type": [
                  "Region"
                ],
                "rdfs:label": {
                  "en": [
                    "Corse"
                  ],
                  "fr": [
                    "Corse"
                  ]
                },
                "insee": "94",
                "isPartOfCountry": {
                  "@id": "kb:France",
                  "@type": [
                    "schema:Country"
                  ],
                  "rdfs:label": {
                    "de": [
                      "Frankreich"
                    ],
                    "pt": [
                      "França"
                    ],
                    "en": [
                      "France"
                    ],
                    "it": [
                      "Francia"
                    ],
                    "fr": [
                      "France"
                    ],
                    "nl": [
                      "Frankrijk"
                    ],
                    "es": [
                      "Francia"
                    ]
                  }
                }
              }
            }
          }
        }
      ],
      "schema:geo": {
        "@id": "https://data.datatourisme.fr/26c06ec5-364f-3f14-b4a3-db276ac55eaf",
        "schema:latitude": "41.593",
        "schema:longitude": "9.2771",
        "@type": [
          "schema:GeoCoordinates"
        ]
      },
      "schema:openingHoursSpecification": [
        {
          "@id": "https://data.datatourisme.fr/f87e535a-636d-3343-ad63-8a03392e7511",
          "schema:validFrom": "2023-01-01T00:00:00",
          "schema:validThrough": "2023-12-31T23:59:59",
          "@type": [
            "schema:OpeningHoursSpecification"
          ]
        }
      ],
      "@type": [
        "schema:Place",
        "Place"
      ]
    }
  ],
  "isOwnedBy": [
    {
      "@id": "https://data.datatourisme.fr/f5f950f9-5eec-32b4-a357-2c969ccf4068",
      "schema:email": [
        "camillef.omt@gmail.com",
        "direction@destination-sudcorse.com",
        "gestion@destination-sudcorse.com",
        "promotion@destination-sudcorse.com",
        "webmaster@destination-sudcorse.com"
      ],
      "schema:legalName": "Porto Vecchio Tourisme",
      "@type": [
        "schema:Organization",
        "foaf:Agent",
        "Agent"
      ],
      "foaf:homepage": [
        "http://www.ot-portovecchio.com/"
      ]
    }
  ],
  "lastUpdate": "2023-02-20",
  "lastUpdateDatatourisme": "2023-02-21T06:40:31.542Z",
  "offers": [
    {
      "@id": "https://data.datatourisme.fr/b05f6f30-612f-3f2d-8643-13f6f43a1f32",
      "schema:priceSpecification": [
        {
          "@id": "https://data.datatourisme.fr/72020938-a1b0-324d-9ba1-6d105ba561c9",
          "schema:maxPrice": [
            "792"
          ],
          "schema:minPrice": [
            "90"
          ],
          "schema:priceCurrency": "EUR",
          "@type": [
            "schema:PriceSpecification",
            "PriceSpecification"
          ],
          "appliesOnPeriod": [
            {
              "@id": "https://data.datatourisme.fr/a425afdf-3594-300b-b55e-1858bafa3fd4",
              "@type": [
                "Period"
              ],
              "endDate": "2023-12-31",
              "startDate": "2023-01-01"
            }
          ]
        }
      ],
      "@type": [
        "schema:Offer",
        "Offer"
      ]
    }
  ]
}