{
  "@id": "https://data.datatourisme.fr/13/b53b75c1-e3a7-3390-af72-b52af9bea310",
  "dc:identifier": "5296557",
  "@type": [
    "schema:Accommodation",
    "schema:FoodEstablishment",
    "schema:Hotel",
    "schema:LodgingBusiness",
    "schema:Restaurant",
    "Accommodation",
    "FoodEstablishment",
    "Hotel",
    "HotelRestaurant",
    "HotelTrade",
    "PlaceOfInterest",
    "PointOfInterest",
    "Restaurant"
  ],
  "rdfs:comment": {
    "de": [
      "Dieses Hotel liegt auf den Anhöhen von Calvi auf Korsika und bietet Ihnen Ruhe und einen hochwertigen Service für einen gelungenen Aufenthalt in der Balagne. Schöne Ferien und einen angenehmen Aufenthalt in Calvi!"
    ],
    "en": [
      "This hotel located on the heights of Calvi in Corsica, offers you the calm and quality of services for the success of your stay in Balagne. Happy holidays and a good stay in Calvi!"
    ],
    "it": [
      "Questo hotel situato sulle alture di Calvi, in Corsica, vi offre calma e una qualità di servizi per il successo del vostro soggiorno in Balagne. Godetevi le vostre vacanze e il vostro soggiorno a Calvi!"
    ],
    "fr": [
      "Cet hôtel situé sur les hauteurs de Calvi en Corse, vous offre le calme et une qualité de services pour la réussite de votre séjour en Balagne. Bonnes vacances et bon séjour à Calvi !"
    ],
    "es": [
      "Este hotel situado en las alturas de Calvi, en Córcega, le ofrece tranquilidad y una calidad de servicios para el éxito de su estancia en Balagne. ¡Que tenga unas buenas vacaciones y una buena estancia en Calvi!"
    ],
    "nl": [
      "Dit hotel gelegen op de hoogten van Calvi in Corsica, biedt u rust en een kwaliteit van diensten voor het succes van uw verblijf in Balagne. Geniet van uw vakantie en uw verblijf in Calvi!"
    ]
  },
  "rdfs:label": {
    "fr": [
      "Hôtel Corsica"
    ]
  },
  "hasBeenCreatedBy": {
    "@id": "https://data.datatourisme.fr/13/e4873aa9-a05c-35ed-8395-61d121516766",
    "dc:identifier": "1646",
    "schema:email": [
      "info@balagne-corsica.com"
    ],
    "schema:legalName": "Office de Tourisme Intercommunal Calvi - Balagne",
    "@type": [
      "schema:Organization",
      "foaf:Agent",
      "Agent"
    ],
    "foaf:homepage": [
      "https://www.balagne-corsica.com/"
    ]
  },
  "hasBeenPublishedBy": [
    {
      "@id": "https://data.datatourisme.fr/8a9feb4b-2cbd-3d2c-b507-bd6c6776b23b",
      "schema:legalName": "Apidae Tourisme Scic SA - source : Apidae Tourisme",
      "@type": [
        "schema:Organization",
        "foaf:Agent",
        "Agent"
      ],
      "foaf:homepage": [
        "https://www.apidae-tourisme.com/"
      ]
    }
  ],
  "hasContact": [
    {
      "@id": "https://data.datatourisme.fr/e677b0d0-035f-3bb4-bf84-aa8fd5ccbe70",
      "schema:email": [
        "info@hotel-calvi-corsica.com"
      ],
      "schema:telephone": [
        "+33 4 95 65 03 64"
      ],
      "@type": [
        "foaf:Agent",
        "Agent"
      ],
      "foaf:homepage": [
        "https://www.hotel-calvi-corsica.com/"
      ]
    }
  ],
  "hasDescription": [
    {
      "@id": "https://data.datatourisme.fr/4932719a-53bf-3df2-a2be-def1a73076ad",
      "@type": [
        "Description"
      ],
      "hasTranslatedProperty": [
        {
          "@id": "https://data.datatourisme.fr/01271d4c-1326-3e9f-81ba-521b7bec64a9",
          "dc:contributor": [
            "https://api.deepl.com/v2/translate"
          ],
          "rdf:language": [
            "nl"
          ],
          "rdf:predicate": [
            "shortDescription"
          ]
        },
        {
          "@id": "https://data.datatourisme.fr/0cb31a8d-6a0e-3f79-ba36-2db38f5c6f87",
          "dc:contributor": [
            "https://api.deepl.com/v2/translate"
          ],
          "rdf:language": [
            "it"
          ],
          "rdf:predicate": [
            "shortDescription"
          ]
        },
        {
          "@id": "https://data.datatourisme.fr/ef56d246-5db5-3cdf-8f81-439a74f67cf2",
          "dc:contributor": [
            "https://api.deepl.com/v2/translate"
          ],
          "rdf:language": [
            "es"
          ],
          "rdf:predicate": [
            "shortDescription"
          ]
        },
        {
          "@id": "https://data.datatourisme.fr/f2f30bb4-34f6-3414-9474-d9a0b1530e21",
          "dc:contributor": [
            "https://api.deepl.com/v2/translate"
          ],
          "rdf:language": [
            "de"
          ],
          "rdf:predicate": [
            "shortDescription"
          ]
        }
      ],
      "shortDescription": {
        "de": [
          "Dieses Hotel liegt auf den Anhöhen von Calvi auf Korsika und bietet Ihnen Ruhe und einen hochwertigen Service für einen gelungenen Aufenthalt in der Balagne. Schöne Ferien und einen angenehmen Aufenthalt in Calvi!"
        ],
        "en": [
          "This hotel located on the heights of Calvi in Corsica, offers you the calm and quality of services for the success of your stay in Balagne. Happy holidays and a good stay in Calvi!"
        ],
        "it": [
          "Questo hotel situato sulle alture di Calvi, in Corsica, vi offre calma e una qualità di servizi per il successo del vostro soggiorno in Balagne. Godetevi le vostre vacanze e il vostro soggiorno a Calvi!"
        ],
        "fr": [
          "Cet hôtel situé sur les hauteurs de Calvi en Corse, vous offre le calme et une qualité de services pour la réussite de votre séjour en Balagne. Bonnes vacances et bon séjour à Calvi !"
        ],
        "es": [
          "Este hotel situado en las alturas de Calvi, en Córcega, le ofrece tranquilidad y una calidad de servicios para el éxito de su estancia en Balagne. ¡Que tenga unas buenas vacaciones y una buena estancia en Calvi!"
        ],
        "nl": [
          "Dit hotel gelegen op de hoogten van Calvi in Corsica, biedt u rust en een kwaliteit van diensten voor het succes van uw verblijf in Balagne. Geniet van uw vakantie en uw verblijf in Calvi!"
        ]
      }
    }
  ],
  "hasTranslatedProperty": [
    {
      "@id": "https://data.datatourisme.fr/186a8d0b-2d1e-37dd-8291-3e70517d833a",
      "dc:contributor": [
        "https://api.deepl.com/v2/translate"
      ],
      "rdf:language": [
        "es"
      ],
      "rdf:predicate": [
        {
          "@id": "rdfs:comment"
        }
      ]
    },
    {
      "@id": "https://data.datatourisme.fr/4115eb08-8ccc-3e83-bce2-7eb6e98c1233",
      "dc:contributor": [
        "https://api.deepl.com/v2/translate"
      ],
      "rdf:language": [
        "de"
      ],
      "rdf:predicate": [
        {
          "@id": "rdfs:comment"
        }
      ]
    },
    {
      "@id": "https://data.datatourisme.fr/a8e00db4-c2b3-3e95-83af-865d0600b036",
      "dc:contributor": [
        "https://api.deepl.com/v2/translate"
      ],
      "rdf:language": [
        "it"
      ],
      "rdf:predicate": [
        {
          "@id": "rdfs:comment"
        }
      ]
    },
    {
      "@id": "https://data.datatourisme.fr/ce473e35-36d0-3df5-8496-f5f20c4302e4",
      "dc:contributor": [
        "https://api.deepl.com/v2/translate"
      ],
      "rdf:language": [
        "nl"
      ],
      "rdf:predicate": [
        {
          "@id": "rdfs:comment"
        }
      ]
    }
  ],
  "isLocatedAt": [
    {
      "@id": "https://data.datatourisme.fr/7dc6f29c-77df-39f3-b1d3-314399cc0ca2",
      "schema:address": [
        {
          "@id": "https://data.datatourisme.fr/803077b4-54fd-3bef-87b9-2b72a1c209de",
          "schema:addressLocality": "Calvi",
          "schema:postalCode": "20260",
          "schema:streetAddress": [
            "Route de Pietramaggiore"
          ],
          "@type": [
            "schema:PostalAddress",
            "PostalAddress"
          ],
          "hasAddressCity": {
            "@id": "kb:2B050",
            "@type": [
              "City"
            ],
            "rdfs:label": {
              "en": [
                "Calvi"
              ],
              "fr": [
                "Calvi"
              ]
            },
            "insee": "2B050",
            "isPartOfDepartment": {
              "@id": "kb:France942B",
              "@type": [
                "Department"
              ],
              "rdfs:label": {
                "en": [
                  "Haute-Corse"
                ],
                "fr": [
                  "Haute-Corse"
                ]
              },
              "insee": "2B",
              "isPartOfRegion": {
                "@id": "kb:France94",
                "@type": [
                  "Region"
                ],
                "rdfs:label": {
                  "en": [
                    "Corse"
                  ],
                  "fr": [
                    "Corse"
                  ]
                },
                "insee": "94",
                "isPartOfCountry": {
                  "@id": "kb:France",
                  "@type": [
                    "schema:Country"
                  ],
                  "rdfs:label": {
                    "de": [
                      "Frankreich"
                    ],
                    "pt": [
                      "França"
                    ],
                    "en": [
                      "France"
                    ],
                    "it": [
                      "Francia"
                    ],
                    "fr": [
                      "France"
                    ],
                    "nl": [
                      "Frankrijk"
                    ],
                    "es": [
                      "Francia"
                    ]
                  }
                }
              }
            }
          }
        }
      ],
      "schema:geo": {
        "@id": "https://data.datatourisme.fr/70e948dd-effe-3c11-9c5d-cb0fed0d435d",
        "schema:latitude": "42.543",
        "schema:longitude": "8.7574",
        "@type": [
          "schema:GeoCoordinates"
        ]
      },
      "schema:openingHoursSpecification": [
        {
          "@id": "https://data.datatourisme.fr/0fb1df99-d5e5-3bfc-a8e4-e69c9c844f13",
          "schema:validFrom": "2023-04-15T00:00:00",
          "schema:validThrough": "2023-10-15T23:59:59",
          "@type": [
            "schema:OpeningHoursSpecification"
          ],
          "additionalInformation": {
            "de": [
              "Zeitraum zur Orientierung - genaue Daten werden noch bestätigt"
            ],
            "en": [
              "Indicative period - Specific dates to be confirmed"
            ],
            "it": [
              "Periodo indicativo - date precise da confermare"
            ],
            "fr": [
              "Période à titre indicatif - Dates précises à confirmer"
            ],
            "es": [
              "Periodo indicativo - fechas precisas por confirmar"
            ],
            "nl": [
              "Indicatieve periode - precieze data nog te bevestigen"
            ]
          },
          "hasTranslatedProperty": [
            {
              "@id": "https://data.datatourisme.fr/2d6413d9-d5a9-3158-bffe-04ca50bd0ceb",
              "dc:contributor": [
                "https://api.deepl.com/v2/translate"
              ],
              "rdf:language": [
                "it"
              ],
              "rdf:predicate": [
                "additionalInformation"
              ]
            },
            {
              "@id": "https://data.datatourisme.fr/74b70ff0-cd7f-3373-aac4-cf072e04d5fb",
              "dc:contributor": [
                "https://api.deepl.com/v2/translate"
              ],
              "rdf:language": [
                "es"
              ],
              "rdf:predicate": [
                "additionalInformation"
              ]
            },
            {
              "@id": "https://data.datatourisme.fr/823a22b4-a27f-3394-a507-883289cfe718",
              "dc:contributor": [
                "https://api.deepl.com/v2/translate"
              ],
              "rdf:language": [
                "de"
              ],
              "rdf:predicate": [
                "additionalInformation"
              ]
            },
            {
              "@id": "https://data.datatourisme.fr/f2efaf13-721a-3884-8510-60a0d2b5076e",
              "dc:contributor": [
                "https://api.deepl.com/v2/translate"
              ],
              "rdf:language": [
                "nl"
              ],
              "rdf:predicate": [
                "additionalInformation"
              ]
            },
            {
              "@id": "https://data.datatourisme.fr/fae0a303-b644-3951-8cee-b0c8ffc5afc0",
              "dc:contributor": [
                "https://api.deepl.com/v2/translate"
              ],
              "rdf:language": [
                "en"
              ],
              "rdf:predicate": [
                "additionalInformation"
              ]
            }
          ]
        }
      ],
      "@type": [
        "schema:Place",
        "Place"
      ]
    }
  ],
  "isOwnedBy": [
    {
      "@id": "https://data.datatourisme.fr/194c52e6-bbae-33dc-8464-caca97844fbb",
      "schema:email": [
        "info@balagne-corsica.com"
      ],
      "schema:legalName": "Office de Tourisme Intercommunal Calvi - Balagne",
      "@type": [
        "schema:Organization",
        "foaf:Agent",
        "Agent"
      ],
      "foaf:homepage": [
        "https://www.balagne-corsica.com/"
      ]
    }
  ],
  "lastUpdate": "2020-10-13",
  "lastUpdateDatatourisme": "2023-02-20T06:39:26.513Z",
  "offers": [
    {
      "@id": "https://data.datatourisme.fr/f2cd6cb3-aa28-3947-937d-da4ed683fb52",
      "schema:priceSpecification": [
        {
          "@id": "https://data.datatourisme.fr/99a39e55-9b34-3083-bd2c-655f1f21cb77",
          "schema:maxPrice": [
            "2"
          ],
          "schema:minPrice": [
            "2"
          ],
          "schema:priceCurrency": "EUR",
          "@type": [
            "schema:PriceSpecification",
            "PriceSpecification"
          ],
          "appliesOnPeriod": [
            {
              "@id": "https://data.datatourisme.fr/bf5ce606-ff00-3db8-a1f2-d9e0eb6e6e8b",
              "@type": [
                "Period"
              ],
              "endDate": "2020-10-15",
              "startDate": "2020-04-15"
            }
          ]
        }
      ],
      "@type": [
        "schema:Offer",
        "Offer"
      ]
    }
  ]
}