{
  "@id": "https://data.datatourisme.fr/13/c1f48014-8c68-3a95-999f-63ae34a88fc5",
  "dc:identifier": "5151148",
  "@type": [
    "schema:FoodEstablishment",
    "FoodEstablishment",
    "PlaceOfInterest",
    "PointOfInterest"
  ],
  "rdfs:comment": {
    "de": [
      "In einem ehemaligen Kartäuserkloster aus dem 18. Jahrhundert laden Sie die Restaurants von La Signoria (gastronomisch und bistronomisch im Gras) dazu ein, den gastronomischen Reichtum Korsikas und Calvis zu entdecken und dabei einen atemberaubenden Blick auf die Berge zu genießen."
    ],
    "en": [
      "With an old manor house from the 18th century for decor, the restaurants Signoria and its chef Christophe Chiavola, distinguished by a star in the Michelin Guide, invite you to a gastronomic trip to Corsica, in Calvi."
    ],
    "it": [
      "In un'antica certosa del XVIII secolo, i ristoranti de La Signoria (gastronomici e bistronomici in erba) vi invitano a scoprire le ricchezze gastronomiche della Corsica e di Calvi con una vista mozzafiato sulle montagne."
    ],
    "fr": [
      "Dans une ancienne chartreuse du XVIIIe siècle, les restaurants de La Signoria (gastronomique et bistronomique dans l’herbe) vous invitent à la découverte des richesses gastronomiques de la Corse et de Calvi avec une vue imprenable sur les montagnes."
    ],
    "nl": [
      "In een voormalig kartuizerklooster uit de 18e eeuw nodigen de restaurants van La Signoria (gastronomisch en bistronomisch in het gras) u uit om de gastronomische rijkdom van Corsica en Calvi te ontdekken met een adembenemend uitzicht op de bergen."
    ],
    "es": [
      "En una antigua cartuja del siglo XVIII, los restaurantes de La Signoria (gastronómicos y bistronómicos en la hierba) le invitan a descubrir las riquezas gastronómicas de Córcega y Calvi con una vista impresionante de las montañas."
    ]
  },
  "rdfs:label": {
    "fr": [
      "Restaurants La Signoria"
    ]
  },
  "hasBeenCreatedBy": {
    "@id": "https://data.datatourisme.fr/13/e4873aa9-a05c-35ed-8395-61d121516766",
    "dc:identifier": "1646",
    "schema:email": [
      "info@balagne-corsica.com"
    ],
    "schema:legalName": "Office de Tourisme Intercommunal Calvi - Balagne",
    "@type": [
      "schema:Organization",
      "foaf:Agent",
      "Agent"
    ],
    "foaf:homepage": [
      "https://www.balagne-corsica.com/"
    ]
  },
  "hasBeenPublishedBy": [
    {
      "@id": "https://data.datatourisme.fr/8a9feb4b-2cbd-3d2c-b507-bd6c6776b23b",
      "schema:legalName": "Apidae Tourisme Scic SA - source : Apidae Tourisme",
      "@type": [
        "schema:Organization",
        "foaf:Agent",
        "Agent"
      ],
      "foaf:homepage": [
        "https://www.apidae-tourisme.com/"
      ]
    }
  ],
  "hasContact": [
    {
      "@id": "https://data.datatourisme.fr/87d4bbed-0656-3ab6-81a5-e0010b189326",
      "schema:email": [
        "info@hotel-la-signoria.com"
      ],
      "schema:telephone": [
        "+33 4 95 65 93 00"
      ],
      "@type": [
        "foaf:Agent",
        "Agent"
      ],
      "foaf:homepage": [
        "https://www.hotel-la-signoria.com/"
      ]
    }
  ],
  "hasDescription": [
    {
      "@id": "https://data.datatourisme.fr/db0f8b67-fd44-31e7-9c26-a5edddef23c8",
      "@type": [
        "Description"
      ],
      "hasTranslatedProperty": [
        {
          "@id": "https://data.datatourisme.fr/8e8c28b2-c2e6-3d20-b042-c315687e3600",
          "dc:contributor": [
            "https://api.deepl.com/v2/translate"
          ],
          "rdf:language": [
            "de"
          ],
          "rdf:predicate": [
            "shortDescription"
          ]
        },
        {
          "@id": "https://data.datatourisme.fr/8eaa50c6-e9c7-3ff9-b86f-dc122d529c0d",
          "dc:contributor": [
            "https://api.deepl.com/v2/translate"
          ],
          "rdf:language": [
            "es"
          ],
          "rdf:predicate": [
            "shortDescription"
          ]
        },
        {
          "@id": "https://data.datatourisme.fr/d7cf9978-8629-3465-a1e8-4c4cbe102449",
          "dc:contributor": [
            "https://api.deepl.com/v2/translate"
          ],
          "rdf:language": [
            "nl"
          ],
          "rdf:predicate": [
            "shortDescription"
          ]
        }
      ],
      "shortDescription": {
        "de": [
          "In einem ehemaligen Kartäuserkloster aus dem 18. Jahrhundert laden Sie die Restaurants von La Signoria (gastronomisch und bistronomisch im Gras) dazu ein, den gastronomischen Reichtum Korsikas und Calvis zu entdecken und dabei einen atemberaubenden Blick auf die Berge zu genießen."
        ],
        "en": [
          "With an old manor house from the 18th century for decor, the restaurants Signoria and its chef Christophe Chiavola, distinguished by a star in the Michelin Guide, invite you to a gastronomic trip to Corsica, in Calvi."
        ],
        "it": [
          "In un'antica certosa del XVIII secolo, i ristoranti de La Signoria (gastronomici e bistronomici in erba) vi invitano a scoprire le ricchezze gastronomiche della Corsica e di Calvi con una vista mozzafiato sulle montagne."
        ],
        "fr": [
          "Dans une ancienne chartreuse du XVIIIe siècle, les restaurants de La Signoria (gastronomique et bistronomique dans l’herbe) vous invitent à la découverte des richesses gastronomiques de la Corse et de Calvi avec une vue imprenable sur les montagnes."
        ],
        "nl": [
          "In een voormalig kartuizerklooster uit de 18e eeuw nodigen de restaurants van La Signoria (gastronomisch en bistronomisch in het gras) u uit om de gastronomische rijkdom van Corsica en Calvi te ontdekken met een adembenemend uitzicht op de bergen."
        ],
        "es": [
          "En una antigua cartuja del siglo XVIII, los restaurantes de La Signoria (gastronómicos y bistronómicos en la hierba) le invitan a descubrir las riquezas gastronómicas de Córcega y Calvi con una vista impresionante de las montañas."
        ]
      }
    }
  ],
  "hasTranslatedProperty": [
    {
      "@id": "https://data.datatourisme.fr/59ddd6b9-c84f-3e79-9603-3008ce26e3b7",
      "dc:contributor": [
        "https://api.deepl.com/v2/translate"
      ],
      "rdf:language": [
        "de"
      ],
      "rdf:predicate": [
        {
          "@id": "rdfs:comment"
        }
      ]
    },
    {
      "@id": "https://data.datatourisme.fr/8f09f278-722d-3f06-92c8-b2ab2d833b29",
      "dc:contributor": [
        "https://api.deepl.com/v2/translate"
      ],
      "rdf:language": [
        "nl"
      ],
      "rdf:predicate": [
        {
          "@id": "rdfs:comment"
        }
      ]
    },
    {
      "@id": "https://data.datatourisme.fr/a66ea3ea-1aeb-3cb6-a7e6-6d424b9f8e27",
      "dc:contributor": [
        "https://api.deepl.com/v2/translate"
      ],
      "rdf:language": [
        "es"
      ],
      "rdf:predicate": [
        {
          "@id": "rdfs:comment"
        }
      ]
    }
  ],
  "isLocatedAt": [
    {
      "@id": "https://data.datatourisme.fr/b04c9d69-c31f-3f64-8350-ea4426f30f92",
      "schema:address": [
        {
          "@id": "https://data.datatourisme.fr/4c5ca207-eeb5-3907-8a91-85264b30fc7e",
          "schema:addressLocality": "Calvi",
          "schema:postalCode": "20260",
          "schema:streetAddress": [
            "Route de la Forêt de Bonifato"
          ],
          "@type": [
            "schema:PostalAddress",
            "PostalAddress"
          ],
          "hasAddressCity": {
            "@id": "kb:2B050",
            "@type": [
              "City"
            ],
            "rdfs:label": {
              "en": [
                "Calvi"
              ],
              "fr": [
                "Calvi"
              ]
            },
            "insee": "2B050",
            "isPartOfDepartment": {
              "@id": "kb:France942B",
              "@type": [
                "Department"
              ],
              "rdfs:label": {
                "en": [
                  "Haute-Corse"
                ],
                "fr": [
                  "Haute-Corse"
                ]
              },
              "insee": "2B",
              "isPartOfRegion": {
                "@id": "kb:France94",
                "@type": [
                  "Region"
                ],
                "rdfs:label": {
                  "en": [
                    "Corse"
                  ],
                  "fr": [
                    "Corse"
                  ]
                },
                "insee": "94",
                "isPartOfCountry": {
                  "@id": "kb:France",
                  "@type": [
                    "schema:Country"
                  ],
                  "rdfs:label": {
                    "de": [
                      "Frankreich"
                    ],
                    "pt": [
                      "França"
                    ],
                    "en": [
                      "France"
                    ],
                    "it": [
                      "Francia"
                    ],
                    "fr": [
                      "France"
                    ],
                    "nl": [
                      "Frankrijk"
                    ],
                    "es": [
                      "Francia"
                    ]
                  }
                }
              }
            }
          }
        }
      ],
      "schema:geo": {
        "@id": "https://data.datatourisme.fr/95f89f8e-eabf-30e0-b8f0-4ac3b3613e05",
        "schema:latitude": "42.536848",
        "schema:longitude": "8.784944",
        "@type": [
          "schema:GeoCoordinates"
        ]
      },
      "schema:openingHoursSpecification": [
        {
          "@id": "https://data.datatourisme.fr/59182fc6-d0c4-320a-9d41-c188de82e703",
          "schema:validFrom": "2023-04-03T00:00:00",
          "schema:validThrough": "2023-10-31T23:59:59",
          "@type": [
            "schema:OpeningHoursSpecification"
          ]
        }
      ],
      "@type": [
        "schema:Place",
        "Place"
      ]
    }
  ],
  "isOwnedBy": [
    {
      "@id": "https://data.datatourisme.fr/194c52e6-bbae-33dc-8464-caca97844fbb",
      "schema:email": [
        "info@balagne-corsica.com"
      ],
      "schema:legalName": "Office de Tourisme Intercommunal Calvi - Balagne",
      "@type": [
        "schema:Organization",
        "foaf:Agent",
        "Agent"
      ],
      "foaf:homepage": [
        "https://www.balagne-corsica.com/"
      ]
    }
  ],
  "lastUpdate": "2022-05-17",
  "lastUpdateDatatourisme": "2023-04-04T05:52:39.333Z",
  "offers": [
    {
      "@id": "https://data.datatourisme.fr/8c5296f2-667d-3d19-bbc8-632f58d1c881",
      "schema:priceSpecification": [
        {
          "@id": "https://data.datatourisme.fr/21fd64cb-b357-31eb-ae08-185cd7de8def",
          "schema:minPrice": [
            "35",
            "55"
          ],
          "schema:priceCurrency": "EUR",
          "@type": [
            "schema:PriceSpecification",
            "PriceSpecification"
          ],
          "appliesOnPeriod": [
            {
              "@id": "https://data.datatourisme.fr/cfa98859-ed85-329b-ad64-b0db57e00603",
              "@type": [
                "Period"
              ],
              "endDate": "2022-10-31",
              "startDate": "2022-04-03"
            }
          ]
        }
      ],
      "@type": [
        "schema:Offer",
        "Offer"
      ]
    }
  ]
}