{
  "@id": "https://data.datatourisme.fr/13/c17edfc5-ad6a-35d6-9b6f-671c27cd56f5",
  "dc:identifier": "5499106",
  "@type": [
    "schema:LocalBusiness",
    "ActivityProvider",
    "PlaceOfInterest",
    "PointOfInterest",
    "Store"
  ],
  "rdfs:comment": {
    "de": [
      "Genießen Sie die Freuden des Canyoning in den schönsten Schluchten Korsikas in der Nähe von Porto-Vecchio. Begeben Sie sich zu Fuß, mit Sprüngen und Rutschen auf den Bach, ausgerüstet mit einem Neoprenanzug, Helm, Klettergurt und in Begleitung eines Lehrers für 3 oder 5 Stunden."
    ],
    "en": [
      "Enjoy the joys of canyoning in the most beautiful canyons of Corsica near Porto-Vecchio. Descend the torrent on foot, jumping, sliding on slides, equipped with a wetsuit, helmet, harness and accompanied by an instructor for 3 hours or 5 hours."
    ],
    "it": [
      "Godetevi le gioie del canyoning nei più bei canyon della Corsica vicino a Porto-Vecchio. Scendere il torrente a piedi, saltando, scivolando su scivoli, equipaggiati con muta, casco, imbracatura e accompagnati da un istruttore per 3 o 5 ore."
    ],
    "fr": [
      "Profitez des joies du canyoning dans les plus beaux canyons de Corse proche de Porto-Vecchio. Descente du torrent à pied, en sautant, glissant sur des toboggans, équipé d’une combinaison, casque, baudrier et accompagné d’un moniteur durant 3h ou 5h."
    ],
    "nl": [
      "Geniet van het plezier van canyoning in de mooiste canyons van Corsica in de buurt van Porto-Vecchio. Te voet de bergstroom afdalen, springen, glijden op glijbanen, uitgerust met een wetsuit, helm, harnas en onder begeleiding van een instructeur gedurende 3 of 5 uur."
    ],
    "es": [
      "Disfrute de los placeres del barranquismo en los cañones más bellos de Córcega, cerca de Porto-Vecchio. Descienda el torrente a pie, saltando, deslizándose por toboganes, equipado con traje de neopreno, casco, arnés y acompañado por un monitor durante 3 ó 5 horas."
    ]
  },
  "rdfs:label": {
    "fr": [
      "Corsica Canyon"
    ]
  },
  "hasBeenCreatedBy": {
    "@id": "https://data.datatourisme.fr/13/84c6494d-3085-3c63-a55c-db8cb047fadd",
    "dc:identifier": "1738",
    "schema:email": [
      "camillef.omt@gmail.com",
      "direction@destination-sudcorse.com",
      "gestion@destination-sudcorse.com",
      "promotion@destination-sudcorse.com",
      "webmaster@destination-sudcorse.com"
    ],
    "schema:legalName": "Porto Vecchio Tourisme",
    "@type": [
      "schema:Organization",
      "foaf:Agent",
      "Agent"
    ],
    "foaf:homepage": [
      "http://www.ot-portovecchio.com/"
    ]
  },
  "hasBeenPublishedBy": [
    {
      "@id": "https://data.datatourisme.fr/8a9feb4b-2cbd-3d2c-b507-bd6c6776b23b",
      "schema:legalName": "Apidae Tourisme Scic SA - source : Apidae Tourisme",
      "@type": [
        "schema:Organization",
        "foaf:Agent",
        "Agent"
      ],
      "foaf:homepage": [
        "https://www.apidae-tourisme.com/"
      ]
    }
  ],
  "hasContact": [
    {
      "@id": "https://data.datatourisme.fr/179d2d09-340a-321c-986f-00b615da2ace",
      "schema:email": [
        "infos@corsicacanyon.com"
      ],
      "schema:telephone": [
        "+33 6 22 91 61 44"
      ],
      "@type": [
        "foaf:Agent",
        "Agent"
      ],
      "foaf:homepage": [
        "https://www.canyoncorse.com/"
      ]
    }
  ],
  "hasDescription": [
    {
      "@id": "https://data.datatourisme.fr/9dd31a48-ab81-32a7-bd11-9b4834bd5f83",
      "@type": [
        "Description"
      ],
      "hasTranslatedProperty": [
        {
          "@id": "https://data.datatourisme.fr/4aa68038-4a19-3092-abb5-859a4da60f76",
          "dc:contributor": [
            "https://api.deepl.com/v2/translate"
          ],
          "rdf:language": [
            "it"
          ],
          "rdf:predicate": [
            "shortDescription"
          ]
        },
        {
          "@id": "https://data.datatourisme.fr/78f51a3f-8b16-30c1-af12-582dc8d82fc7",
          "dc:contributor": [
            "https://api.deepl.com/v2/translate"
          ],
          "rdf:language": [
            "nl"
          ],
          "rdf:predicate": [
            "shortDescription"
          ]
        },
        {
          "@id": "https://data.datatourisme.fr/92e4d76b-0acf-3398-a87a-1ecb022382ce",
          "dc:contributor": [
            "https://api.deepl.com/v2/translate"
          ],
          "rdf:language": [
            "es"
          ],
          "rdf:predicate": [
            "shortDescription"
          ]
        },
        {
          "@id": "https://data.datatourisme.fr/a605bf6b-9c10-361c-a8f5-079718f29f4e",
          "dc:contributor": [
            "https://api.deepl.com/v2/translate"
          ],
          "rdf:language": [
            "de"
          ],
          "rdf:predicate": [
            "shortDescription"
          ]
        },
        {
          "@id": "https://data.datatourisme.fr/aaed855b-8fd5-3906-83d4-dfb280210302",
          "dc:contributor": [
            "https://api.deepl.com/v2/translate"
          ],
          "rdf:language": [
            "en"
          ],
          "rdf:predicate": [
            "shortDescription"
          ]
        }
      ],
      "shortDescription": {
        "de": [
          "Genießen Sie die Freuden des Canyoning in den schönsten Schluchten Korsikas in der Nähe von Porto-Vecchio. Begeben Sie sich zu Fuß, mit Sprüngen und Rutschen auf den Bach, ausgerüstet mit einem Neoprenanzug, Helm, Klettergurt und in Begleitung eines Lehrers für 3 oder 5 Stunden."
        ],
        "en": [
          "Enjoy the joys of canyoning in the most beautiful canyons of Corsica near Porto-Vecchio. Descend the torrent on foot, jumping, sliding on slides, equipped with a wetsuit, helmet, harness and accompanied by an instructor for 3 hours or 5 hours."
        ],
        "it": [
          "Godetevi le gioie del canyoning nei più bei canyon della Corsica vicino a Porto-Vecchio. Scendere il torrente a piedi, saltando, scivolando su scivoli, equipaggiati con muta, casco, imbracatura e accompagnati da un istruttore per 3 o 5 ore."
        ],
        "fr": [
          "Profitez des joies du canyoning dans les plus beaux canyons de Corse proche de Porto-Vecchio. Descente du torrent à pied, en sautant, glissant sur des toboggans, équipé d’une combinaison, casque, baudrier et accompagné d’un moniteur durant 3h ou 5h."
        ],
        "nl": [
          "Geniet van het plezier van canyoning in de mooiste canyons van Corsica in de buurt van Porto-Vecchio. Te voet de bergstroom afdalen, springen, glijden op glijbanen, uitgerust met een wetsuit, helm, harnas en onder begeleiding van een instructeur gedurende 3 of 5 uur."
        ],
        "es": [
          "Disfrute de los placeres del barranquismo en los cañones más bellos de Córcega, cerca de Porto-Vecchio. Descienda el torrente a pie, saltando, deslizándose por toboganes, equipado con traje de neopreno, casco, arnés y acompañado por un monitor durante 3 ó 5 horas."
        ]
      }
    }
  ],
  "hasTheme": [
    {
      "@id": "kb:Canyoning",
      "@type": [
        "SportsTheme"
      ],
      "rdfs:label": {
        "de": [
          "Canyoning"
        ],
        "pt": [
          "Canoagem"
        ],
        "en": [
          "Canyoning"
        ],
        "it": [
          "Canyoning"
        ],
        "fr": [
          "Canyoning"
        ],
        "es": [
          "Piragüismo"
        ],
        "nl": [
          "Canyoning"
        ]
      }
    }
  ],
  "hasTranslatedProperty": [
    {
      "@id": "https://data.datatourisme.fr/1f3d1de7-5e35-36b4-971f-590a6952f5da",
      "dc:contributor": [
        "https://api.deepl.com/v2/translate"
      ],
      "rdf:language": [
        "de"
      ],
      "rdf:predicate": [
        {
          "@id": "rdfs:comment"
        }
      ]
    },
    {
      "@id": "https://data.datatourisme.fr/220d9950-afaf-342e-87a4-f41ab1dfc444",
      "dc:contributor": [
        "https://api.deepl.com/v2/translate"
      ],
      "rdf:language": [
        "en"
      ],
      "rdf:predicate": [
        {
          "@id": "rdfs:comment"
        }
      ]
    },
    {
      "@id": "https://data.datatourisme.fr/b91269f4-45e0-3d74-b64f-e69c7ad45979",
      "dc:contributor": [
        "https://api.deepl.com/v2/translate"
      ],
      "rdf:language": [
        "it"
      ],
      "rdf:predicate": [
        {
          "@id": "rdfs:comment"
        }
      ]
    },
    {
      "@id": "https://data.datatourisme.fr/c59e200c-10d4-3e73-849e-e77ebe354dcd",
      "dc:contributor": [
        "https://api.deepl.com/v2/translate"
      ],
      "rdf:language": [
        "nl"
      ],
      "rdf:predicate": [
        {
          "@id": "rdfs:comment"
        }
      ]
    },
    {
      "@id": "https://data.datatourisme.fr/fe286959-167d-3175-b67a-26b65b9d3169",
      "dc:contributor": [
        "https://api.deepl.com/v2/translate"
      ],
      "rdf:language": [
        "es"
      ],
      "rdf:predicate": [
        {
          "@id": "rdfs:comment"
        }
      ]
    }
  ],
  "isLocatedAt": [
    {
      "@id": "https://data.datatourisme.fr/674af58f-aa40-3196-aeba-261557d704bf",
      "schema:address": [
        {
          "@id": "https://data.datatourisme.fr/00f913aa-a634-3898-a233-85660150ff17",
          "schema:addressLocality": "Quenza",
          "schema:postalCode": "20122",
          "schema:streetAddress": [
            "Bavella",
            "D268"
          ],
          "@type": [
            "schema:PostalAddress",
            "PostalAddress"
          ],
          "hasAddressCity": {
            "@id": "kb:2A254",
            "@type": [
              "City"
            ],
            "rdfs:label": {
              "en": [
                "Quenza"
              ],
              "fr": [
                "Quenza"
              ]
            },
            "insee": "2A254",
            "isPartOfDepartment": {
              "@id": "kb:France942A",
              "@type": [
                "Department"
              ],
              "rdfs:label": {
                "en": [
                  "Corse-du-Sud"
                ],
                "fr": [
                  "Corse-du-Sud"
                ]
              },
              "insee": "2A",
              "isPartOfRegion": {
                "@id": "kb:France94",
                "@type": [
                  "Region"
                ],
                "rdfs:label": {
                  "en": [
                    "Corse"
                  ],
                  "fr": [
                    "Corse"
                  ]
                },
                "insee": "94",
                "isPartOfCountry": {
                  "@id": "kb:France",
                  "@type": [
                    "schema:Country"
                  ],
                  "rdfs:label": {
                    "de": [
                      "Frankreich"
                    ],
                    "pt": [
                      "França"
                    ],
                    "en": [
                      "France"
                    ],
                    "it": [
                      "Francia"
                    ],
                    "fr": [
                      "France"
                    ],
                    "nl": [
                      "Frankrijk"
                    ],
                    "es": [
                      "Francia"
                    ]
                  }
                }
              }
            }
          }
        }
      ],
      "schema:geo": {
        "@id": "https://data.datatourisme.fr/3ddd3067-875d-3167-a749-dc112240b5d3",
        "schema:latitude": "41.804481",
        "schema:longitude": "9.239986",
        "@type": [
          "schema:GeoCoordinates"
        ]
      },
      "schema:openingHoursSpecification": [
        {
          "@id": "https://data.datatourisme.fr/d618564e-3146-358e-854a-fdd8835aae9b",
          "schema:validFrom": "2023-04-04T00:00:00",
          "schema:validThrough": "2023-10-30T23:59:59",
          "@type": [
            "schema:OpeningHoursSpecification"
          ],
          "additionalInformation": {
            "de": [
              "Montag, Dienstag, Mittwoch, Donnerstag, Freitag, Samstag, Sonntag: offen\n\nMontag, Dienstag, Mittwoch, Donnerstag, Freitag, Samstag, Sonntag: offen\r\n\r\nInfoline von 9:00 bis 19:00 Uhr"
            ],
            "en": [
              "Monday, Tuesday, Wednesday, Thursday, Friday, Saturday, Sunday: open\n\nMonday, Tuesday, Wednesday, Thursday, Friday, Saturday, Sunday: open\r\n\r\nInfoline from 9h to 19h"
            ],
            "it": [
              "Lunedì, martedì, mercoledì, giovedì, venerdì, sabato, domenica: aperto\n\nLunedì, martedì, mercoledì, giovedì, venerdì, sabato, domenica: aperto\r\n\r\nInfoline dalle 9.00 alle 19.00"
            ],
            "fr": [
              "Lundi, Mardi, Mercredi, Jeudi, Vendredi, Samedi, Dimanche : ouvert\n\nLundi, Mardi, Mercredi, Jeudi, Vendredi, Samedi, Dimanche : ouvert\r\n\r\nInfoline de 9h a 19h"
            ],
            "nl": [
              "Maandag, dinsdag, woensdag, donderdag, vrijdag, zaterdag, zondag: open\n\nMaandag, dinsdag, woensdag, donderdag, vrijdag, zaterdag, zondag: open\r\n\r\nInfolijn van 9 tot 19 uur"
            ],
            "es": [
              "Lunes, martes, miércoles, jueves, viernes, sábado y domingo: abierto\n\nLunes, martes, miércoles, jueves, viernes, sábado y domingo: abierto\r\n\r\nInfoline de 9.00 a 19.00 horas"
            ]
          },
          "hasTranslatedProperty": [
            {
              "@id": "https://data.datatourisme.fr/0f5f8dda-e1ca-3caa-ba0d-828eff9197fc",
              "dc:contributor": [
                "https://api.deepl.com/v2/translate"
              ],
              "rdf:language": [
                "it"
              ],
              "rdf:predicate": [
                "additionalInformation"
              ]
            },
            {
              "@id": "https://data.datatourisme.fr/187ded11-7ef0-351e-8247-e613f407d670",
              "dc:contributor": [
                "https://api.deepl.com/v2/translate"
              ],
              "rdf:language": [
                "es"
              ],
              "rdf:predicate": [
                "additionalInformation"
              ]
            },
            {
              "@id": "https://data.datatourisme.fr/4ae5d313-d22e-3fb3-866d-a758416bf71b",
              "dc:contributor": [
                "https://api.deepl.com/v2/translate"
              ],
              "rdf:language": [
                "de"
              ],
              "rdf:predicate": [
                "additionalInformation"
              ]
            },
            {
              "@id": "https://data.datatourisme.fr/a1468be9-ee36-3afa-8a9b-276d01a8af4b",
              "dc:contributor": [
                "https://api.deepl.com/v2/translate"
              ],
              "rdf:language": [
                "en"
              ],
              "rdf:predicate": [
                "additionalInformation"
              ]
            },
            {
              "@id": "https://data.datatourisme.fr/b64c7514-8a83-3152-8761-9e24c6394bed",
              "dc:contributor": [
                "https://api.deepl.com/v2/translate"
              ],
              "rdf:language": [
                "nl"
              ],
              "rdf:predicate": [
                "additionalInformation"
              ]
            }
          ]
        }
      ],
      "@type": [
        "schema:Place",
        "Place"
      ]
    }
  ],
  "isOwnedBy": [
    {
      "@id": "https://data.datatourisme.fr/f5f950f9-5eec-32b4-a357-2c969ccf4068",
      "schema:email": [
        "camillef.omt@gmail.com",
        "direction@destination-sudcorse.com",
        "gestion@destination-sudcorse.com",
        "promotion@destination-sudcorse.com",
        "webmaster@destination-sudcorse.com"
      ],
      "schema:legalName": "Porto Vecchio Tourisme",
      "@type": [
        "schema:Organization",
        "foaf:Agent",
        "Agent"
      ],
      "foaf:homepage": [
        "http://www.ot-portovecchio.com/"
      ]
    }
  ],
  "lastUpdate": "2022-12-14",
  "lastUpdateDatatourisme": "2023-02-10T06:39:19.926Z"
}