{
  "@id": "https://data.datatourisme.fr/13/c1f2cc0d-10b1-34ad-b73c-fb47d9fda78b",
  "dc:identifier": "5496394",
  "@type": [
    "schema:Landform",
    "Beach",
    "NaturalHeritage",
    "PlaceOfInterest",
    "PointOfInterest",
    "SportsAndLeisurePlace"
  ],
  "rdfs:comment": {
    "de": [
      "Ein blaues Aquarell.\r\nDieses reine Wunder ist eines der schönsten auf der Insel. Seine seichten Gewässer machen ihn auch zu einem Paradies für Kinder."
    ],
    "en": [
      "A watercolor of blue.\r\nThis pure wonder is one of the most beautiful on the island. Its shallow waters also make it a paradise for children."
    ],
    "it": [
      "Un acquerello di blu.\r\nQuesta pura meraviglia è una delle più belle dell'isola. Le sue acque poco profonde lo rendono anche un paradiso per i bambini."
    ],
    "fr": [
      "Une aquarelle de bleu.\r\nCette pure merveille compte parmi les plus belles de l’île. Ses eaux peu profondes en font aussi le paradis des enfants."
    ],
    "es": [
      "Una acuarela de azul.\r\nEste es uno de los lugares más bellos de la isla. Sus aguas poco profundas también la convierten en un paraíso para los niños."
    ],
    "nl": [
      "Een aquarel van blauw.\r\nDit pure wonder is een van de mooiste op het eiland. Het ondiepe water maakt het ook een paradijs voor kinderen."
    ]
  },
  "rdfs:label": {
    "fr": [
      "La plage di Pini, pénincule de Palombaggia"
    ]
  },
  "hasBeenCreatedBy": {
    "@id": "https://data.datatourisme.fr/13/84c6494d-3085-3c63-a55c-db8cb047fadd",
    "dc:identifier": "1738",
    "schema:email": [
      "camillef.omt@gmail.com",
      "direction@destination-sudcorse.com",
      "gestion@destination-sudcorse.com",
      "promotion@destination-sudcorse.com",
      "webmaster@destination-sudcorse.com"
    ],
    "schema:legalName": "Porto Vecchio Tourisme",
    "@type": [
      "schema:Organization",
      "foaf:Agent",
      "Agent"
    ],
    "foaf:homepage": [
      "http://www.ot-portovecchio.com/"
    ]
  },
  "hasBeenPublishedBy": [
    {
      "@id": "https://data.datatourisme.fr/8a9feb4b-2cbd-3d2c-b507-bd6c6776b23b",
      "schema:legalName": "Apidae Tourisme Scic SA - source : Apidae Tourisme",
      "@type": [
        "schema:Organization",
        "foaf:Agent",
        "Agent"
      ],
      "foaf:homepage": [
        "https://www.apidae-tourisme.com/"
      ]
    }
  ],
  "hasContact": [
    {
      "@id": "https://data.datatourisme.fr/4c728769-0f7b-3af4-927c-1364b54b762d",
      "schema:telephone": [
        "+33 4 95 70 09 58"
      ],
      "@type": [
        "foaf:Agent",
        "Agent"
      ]
    }
  ],
  "hasDescription": [
    {
      "@id": "https://data.datatourisme.fr/df66fb2c-bdb3-37e6-bbbc-e66930998fac",
      "@type": [
        "Description"
      ],
      "hasTranslatedProperty": [
        {
          "@id": "https://data.datatourisme.fr/6657fef1-3ff6-3a39-a7ac-2b889f41874a",
          "dc:contributor": [
            "https://api.deepl.com/v2/translate"
          ],
          "rdf:language": [
            "es"
          ],
          "rdf:predicate": [
            "shortDescription"
          ]
        }
      ],
      "shortDescription": {
        "de": [
          "Ein blaues Aquarell.\r\nDieses reine Wunder ist eines der schönsten auf der Insel. Seine seichten Gewässer machen ihn auch zu einem Paradies für Kinder."
        ],
        "en": [
          "A watercolor of blue.\r\nThis pure wonder is one of the most beautiful on the island. Its shallow waters also make it a paradise for children."
        ],
        "it": [
          "Un acquerello di blu.\r\nQuesta pura meraviglia è una delle più belle dell'isola. Le sue acque poco profonde lo rendono anche un paradiso per i bambini."
        ],
        "fr": [
          "Une aquarelle de bleu.\r\nCette pure merveille compte parmi les plus belles de l’île. Ses eaux peu profondes en font aussi le paradis des enfants."
        ],
        "es": [
          "Una acuarela de azul.\r\nEste es uno de los lugares más bellos de la isla. Sus aguas poco profundas también la convierten en un paraíso para los niños."
        ],
        "nl": [
          "Een aquarel van blauw.\r\nDit pure wonder is een van de mooiste op het eiland. Het ondiepe water maakt het ook een paradijs voor kinderen."
        ]
      }
    }
  ],
  "hasTheme": [
    {
      "@id": "kb:Bathing",
      "@type": [
        "AccommodationAmenity",
        "SportsTheme"
      ],
      "rdfs:label": {
        "de": [
          "Baden"
        ],
        "pt": [
          "Banho"
        ],
        "en": [
          "Bathing"
        ],
        "it": [
          "Bagno"
        ],
        "fr": [
          "Baignade"
        ],
        "nl": [
          "Zwemmen"
        ],
        "es": [
          "Baño"
        ]
      }
    }
  ],
  "hasTranslatedProperty": [
    {
      "@id": "https://data.datatourisme.fr/cddb6a3d-f5fb-30f3-bbe2-95448e8dd6a4",
      "dc:contributor": [
        "https://api.deepl.com/v2/translate"
      ],
      "rdf:language": [
        "es"
      ],
      "rdf:predicate": [
        {
          "@id": "rdfs:comment"
        }
      ]
    }
  ],
  "isLocatedAt": [
    {
      "@id": "https://data.datatourisme.fr/38975a91-7e2c-319a-83ed-df1eb8a676d2",
      "schema:address": [
        {
          "@id": "https://data.datatourisme.fr/f601bfe1-550f-3062-9ab9-44e6f9f5434a",
          "schema:addressLocality": "Porto-Vecchio",
          "schema:postalCode": "20137",
          "schema:streetAddress": [
            "Palombaggia"
          ],
          "@type": [
            "schema:PostalAddress",
            "PostalAddress"
          ],
          "hasAddressCity": {
            "@id": "kb:2A247",
            "@type": [
              "City"
            ],
            "rdfs:label": {
              "en": [
                "Porto-Vecchio"
              ],
              "fr": [
                "Porto-Vecchio"
              ]
            },
            "insee": "2A247",
            "isPartOfDepartment": {
              "@id": "kb:France942A",
              "@type": [
                "Department"
              ],
              "rdfs:label": {
                "en": [
                  "Corse-du-Sud"
                ],
                "fr": [
                  "Corse-du-Sud"
                ]
              },
              "insee": "2A",
              "isPartOfRegion": {
                "@id": "kb:France94",
                "@type": [
                  "Region"
                ],
                "rdfs:label": {
                  "en": [
                    "Corse"
                  ],
                  "fr": [
                    "Corse"
                  ]
                },
                "insee": "94",
                "isPartOfCountry": {
                  "@id": "kb:France",
                  "@type": [
                    "schema:Country"
                  ],
                  "rdfs:label": {
                    "de": [
                      "Frankreich"
                    ],
                    "pt": [
                      "França"
                    ],
                    "en": [
                      "France"
                    ],
                    "it": [
                      "Francia"
                    ],
                    "fr": [
                      "France"
                    ],
                    "nl": [
                      "Frankrijk"
                    ],
                    "es": [
                      "Francia"
                    ]
                  }
                }
              }
            }
          }
        }
      ],
      "schema:geo": {
        "@id": "https://data.datatourisme.fr/f91ced22-4403-3c14-8609-148a7307b479",
        "schema:latitude": "41.560557",
        "schema:longitude": "9.336311",
        "@type": [
          "schema:GeoCoordinates"
        ]
      },
      "schema:openingHoursSpecification": [
        {
          "@id": "https://data.datatourisme.fr/f87e535a-636d-3343-ad63-8a03392e7511",
          "schema:validFrom": "2023-01-01T00:00:00",
          "schema:validThrough": "2023-12-31T23:59:59",
          "@type": [
            "schema:OpeningHoursSpecification"
          ]
        }
      ],
      "@type": [
        "schema:Place",
        "Place"
      ]
    }
  ],
  "isOwnedBy": [
    {
      "@id": "https://data.datatourisme.fr/f5f950f9-5eec-32b4-a357-2c969ccf4068",
      "schema:email": [
        "camillef.omt@gmail.com",
        "direction@destination-sudcorse.com",
        "gestion@destination-sudcorse.com",
        "promotion@destination-sudcorse.com",
        "webmaster@destination-sudcorse.com"
      ],
      "schema:legalName": "Porto Vecchio Tourisme",
      "@type": [
        "schema:Organization",
        "foaf:Agent",
        "Agent"
      ],
      "foaf:homepage": [
        "http://www.ot-portovecchio.com/"
      ]
    }
  ],
  "lastUpdate": "2022-09-30",
  "lastUpdateDatatourisme": "2023-02-11T06:38:49.146Z"
}