{
  "@id": "https://data.datatourisme.fr/13/c1bc2da7-88d4-374b-9a5d-7d541c1bbdca",
  "dc:identifier": "6424954",
  "@type": [
    "schema:FoodEstablishment",
    "schema:Winery",
    "BistroOrWineBar",
    "FoodEstablishment",
    "PlaceOfInterest",
    "PointOfInterest",
    "SportsAndLeisurePlace"
  ],
  "rdfs:comment": {
    "de": [
      "1. Rooftop Bar in Porto Vecchio... \r\nAuf der Dachterrasse des Hotels BW Alcyon gelegen, ganzjährig von 17.00 Uhr bis Mitternacht geöffnet."
    ],
    "en": [
      "1st Rooftop Bar in Porto Vecchio... \r\nLocated on the roof terrace of the Hotel BW Alcyon, open from 5pm to midnight, all year round."
    ],
    "it": [
      "1° Rooftop Bar a Porto Vecchio... \r\nSituato sulla terrazza sul tetto dell'Hotel BW Alcyon, aperto dalle 17.00 a mezzanotte, tutto l'anno."
    ],
    "fr": [
      "Situé sur le toit terrasse de l'Hôtel Alcyon, ouvert de 17h à minuit. \r\nRaffiné et convivial, avec une vue panoramique époustouflante. \r\nVins, cocktails, tapas maison, charcuterie et fromages provenant de producteurs locaux dans le respect des traditions ."
    ],
    "es": [
      "Situado en la azotea del hotel Alcyon, abierto de 17.00 a 24.00 horas.\r\nRefinado y acogedor, con una impresionante vista panorámica.\r\nVinos, cócteles, tapas caseras, charcutería y quesos de productores locales en el respeto de las tradiciones."
    ],
    "nl": [
      "1e Rooftop Bar in Porto Vecchio... \r\nGelegen op het dakterras van Hotel BW Alcyon, open van 17.00 uur tot middernacht, het hele jaar door."
    ]
  },
  "rdfs:label": {
    "fr": [
      "Le Point de Vue"
    ]
  },
  "hasBeenCreatedBy": {
    "@id": "https://data.datatourisme.fr/13/84c6494d-3085-3c63-a55c-db8cb047fadd",
    "dc:identifier": "1738",
    "schema:email": [
      "camillef.omt@gmail.com",
      "direction@destination-sudcorse.com",
      "gestion@destination-sudcorse.com",
      "promotion@destination-sudcorse.com",
      "webmaster@destination-sudcorse.com"
    ],
    "schema:legalName": "Porto Vecchio Tourisme",
    "@type": [
      "schema:Organization",
      "foaf:Agent",
      "Agent"
    ],
    "foaf:homepage": [
      "http://www.ot-portovecchio.com/"
    ]
  },
  "hasBeenPublishedBy": [
    {
      "@id": "https://data.datatourisme.fr/8a9feb4b-2cbd-3d2c-b507-bd6c6776b23b",
      "schema:legalName": "Apidae Tourisme Scic SA - source : Apidae Tourisme",
      "@type": [
        "schema:Organization",
        "foaf:Agent",
        "Agent"
      ],
      "foaf:homepage": [
        "https://www.apidae-tourisme.com/"
      ]
    }
  ],
  "hasContact": [
    {
      "@id": "https://data.datatourisme.fr/a635c43e-dfbf-32d9-9257-4e09401b519c",
      "schema:email": [
        "info@hotel-alcyon.com"
      ],
      "schema:telephone": [
        "+33 4 95 70 50 50"
      ],
      "@type": [
        "foaf:Agent",
        "Agent"
      ],
      "foaf:homepage": [
        "https://hotel-alcyon.com/"
      ]
    }
  ],
  "hasDescription": [
    {
      "@id": "https://data.datatourisme.fr/e3ec3ea1-91bf-34ba-9c59-c8ebe421c7ef",
      "@type": [
        "Description"
      ],
      "hasTranslatedProperty": [
        {
          "@id": "https://data.datatourisme.fr/8471e4b1-0b74-3dc1-a577-097fdb9d6b0f",
          "dc:contributor": [
            "https://api.deepl.com/v2/translate"
          ],
          "rdf:language": [
            "es"
          ],
          "rdf:predicate": [
            "shortDescription"
          ]
        }
      ],
      "shortDescription": {
        "de": [
          "1. Rooftop Bar in Porto Vecchio... \r\nAuf der Dachterrasse des Hotels BW Alcyon gelegen, ganzjährig von 17.00 Uhr bis Mitternacht geöffnet."
        ],
        "en": [
          "1st Rooftop Bar in Porto Vecchio... \r\nLocated on the roof terrace of the Hotel BW Alcyon, open from 5pm to midnight, all year round."
        ],
        "it": [
          "1° Rooftop Bar a Porto Vecchio... \r\nSituato sulla terrazza sul tetto dell'Hotel BW Alcyon, aperto dalle 17.00 a mezzanotte, tutto l'anno."
        ],
        "fr": [
          "Situé sur le toit terrasse de l'Hôtel Alcyon, ouvert de 17h à minuit. \r\nRaffiné et convivial, avec une vue panoramique époustouflante. \r\nVins, cocktails, tapas maison, charcuterie et fromages provenant de producteurs locaux dans le respect des traditions ."
        ],
        "es": [
          "Situado en la azotea del hotel Alcyon, abierto de 17.00 a 24.00 horas.\r\nRefinado y acogedor, con una impresionante vista panorámica.\r\nVinos, cócteles, tapas caseras, charcutería y quesos de productores locales en el respeto de las tradiciones."
        ],
        "nl": [
          "1e Rooftop Bar in Porto Vecchio... \r\nGelegen op het dakterras van Hotel BW Alcyon, open van 17.00 uur tot middernacht, het hele jaar door."
        ]
      }
    }
  ],
  "hasTranslatedProperty": [
    {
      "@id": "https://data.datatourisme.fr/9283583b-d4b7-3602-89d4-174c9a03cc78",
      "dc:contributor": [
        "https://api.deepl.com/v2/translate"
      ],
      "rdf:language": [
        "es"
      ],
      "rdf:predicate": [
        {
          "@id": "rdfs:comment"
        }
      ]
    }
  ],
  "isLocatedAt": [
    {
      "@id": "https://data.datatourisme.fr/10af9911-876f-3297-b81e-db7036264c19",
      "schema:address": [
        {
          "@id": "https://data.datatourisme.fr/ca04d4c0-e44e-3f03-9bf2-72802f45f98b",
          "schema:addressLocality": "Porto-Vecchio",
          "schema:postalCode": "20137",
          "schema:streetAddress": [
            "Avenue Maréchal Leclerc",
            "Hôtel Best Western Alcyon"
          ],
          "@type": [
            "schema:PostalAddress",
            "PostalAddress"
          ],
          "hasAddressCity": {
            "@id": "kb:2A247",
            "@type": [
              "City"
            ],
            "rdfs:label": {
              "en": [
                "Porto-Vecchio"
              ],
              "fr": [
                "Porto-Vecchio"
              ]
            },
            "insee": "2A247",
            "isPartOfDepartment": {
              "@id": "kb:France942A",
              "@type": [
                "Department"
              ],
              "rdfs:label": {
                "en": [
                  "Corse-du-Sud"
                ],
                "fr": [
                  "Corse-du-Sud"
                ]
              },
              "insee": "2A",
              "isPartOfRegion": {
                "@id": "kb:France94",
                "@type": [
                  "Region"
                ],
                "rdfs:label": {
                  "en": [
                    "Corse"
                  ],
                  "fr": [
                    "Corse"
                  ]
                },
                "insee": "94",
                "isPartOfCountry": {
                  "@id": "kb:France",
                  "@type": [
                    "schema:Country"
                  ],
                  "rdfs:label": {
                    "de": [
                      "Frankreich"
                    ],
                    "pt": [
                      "França"
                    ],
                    "en": [
                      "France"
                    ],
                    "it": [
                      "Francia"
                    ],
                    "fr": [
                      "France"
                    ],
                    "nl": [
                      "Frankrijk"
                    ],
                    "es": [
                      "Francia"
                    ]
                  }
                }
              }
            }
          }
        }
      ],
      "schema:geo": {
        "@id": "https://data.datatourisme.fr/2b6bfaac-2615-32fc-a3e4-c9db2c994b8c",
        "schema:latitude": "41.593",
        "schema:longitude": "9.2785",
        "@type": [
          "schema:GeoCoordinates"
        ]
      },
      "schema:openingHoursSpecification": [
        {
          "@id": "https://data.datatourisme.fr/58d750b6-e19e-3ba9-a630-4b13f19bc096",
          "schema:validFrom": "2023-01-01T00:00:00",
          "schema:validThrough": "2023-12-31T23:59:59",
          "@type": [
            "schema:OpeningHoursSpecification"
          ],
          "additionalInformation": {
            "de": [
              "In der Hochsaison täglich von 17:00 bis 00:00 Uhr geöffnet"
            ],
            "en": [
              "Open every day from 5pm to midnight in high season"
            ],
            "it": [
              "Aperto tutti i giorni dalle 17.00 alle 24.00 in alta stagione"
            ],
            "fr": [
              "Ouvert tous les jours de 17h à 00h en haute saison"
            ],
            "nl": [
              "Dagelijks geopend van 17.00 tot middernacht in het hoogseizoen"
            ],
            "es": [
              "Abierto todos los días de 17:00 a 24:00 en temporada alta"
            ]
          },
          "hasTranslatedProperty": [
            {
              "@id": "https://data.datatourisme.fr/0e26aec7-da52-3958-ab1e-85eacfb48fd8",
              "dc:contributor": [
                "https://api.deepl.com/v2/translate"
              ],
              "rdf:language": [
                "it"
              ],
              "rdf:predicate": [
                "additionalInformation"
              ]
            },
            {
              "@id": "https://data.datatourisme.fr/153b749b-787f-388c-9cd8-b93951be2e4b",
              "dc:contributor": [
                "https://api.deepl.com/v2/translate"
              ],
              "rdf:language": [
                "en"
              ],
              "rdf:predicate": [
                "additionalInformation"
              ]
            },
            {
              "@id": "https://data.datatourisme.fr/1949a63f-fe0c-353d-b753-ee734162b98c",
              "dc:contributor": [
                "https://api.deepl.com/v2/translate"
              ],
              "rdf:language": [
                "es"
              ],
              "rdf:predicate": [
                "additionalInformation"
              ]
            },
            {
              "@id": "https://data.datatourisme.fr/2b73ae71-166e-384d-b973-b5e872293c48",
              "dc:contributor": [
                "https://api.deepl.com/v2/translate"
              ],
              "rdf:language": [
                "de"
              ],
              "rdf:predicate": [
                "additionalInformation"
              ]
            },
            {
              "@id": "https://data.datatourisme.fr/704a135a-80b0-3eea-a216-0b61abdbf64f",
              "dc:contributor": [
                "https://api.deepl.com/v2/translate"
              ],
              "rdf:language": [
                "nl"
              ],
              "rdf:predicate": [
                "additionalInformation"
              ]
            }
          ]
        }
      ],
      "@type": [
        "schema:Place",
        "Place"
      ]
    }
  ],
  "isOwnedBy": [
    {
      "@id": "https://data.datatourisme.fr/f5f950f9-5eec-32b4-a357-2c969ccf4068",
      "schema:email": [
        "camillef.omt@gmail.com",
        "direction@destination-sudcorse.com",
        "gestion@destination-sudcorse.com",
        "promotion@destination-sudcorse.com",
        "webmaster@destination-sudcorse.com"
      ],
      "schema:legalName": "Porto Vecchio Tourisme",
      "@type": [
        "schema:Organization",
        "foaf:Agent",
        "Agent"
      ],
      "foaf:homepage": [
        "http://www.ot-portovecchio.com/"
      ]
    }
  ],
  "lastUpdate": "2023-02-22",
  "lastUpdateDatatourisme": "2023-03-27T05:53:19.948Z"
}