{
  "@id": "https://data.datatourisme.fr/13/c15b2175-e388-3e38-ad05-46a1d42b58c0",
  "dc:identifier": "4932858",
  "@type": [
    "schema:Accommodation",
    "schema:Hotel",
    "schema:LodgingBusiness",
    "Accommodation",
    "Hotel",
    "HotelTrade",
    "PlaceOfInterest",
    "PointOfInterest"
  ],
  "rdfs:comment": {
    "de": [
      "Das Mariana liegt auf Korsika, oberhalb von Calvi, und bietet vom Pool aus einen Panoramablick auf den Golf und die Berge. Es ist 10 Minuten vom Strand und 5 Minuten vom Stadtzentrum entfernt, Restaurants und Geschäfte befinden sich in der Nähe. Einen schönen Aufenthalt in der Balagne!"
    ],
    "en": [
      "Located in Corsica, on the heights of Calvi, the Mariana enjoys a panoramic view of the gulf and the mountains from the swimming pool. 10 minutes from the beach and 5 minutes from the city centre, restaurants and shops nearby. Enjoy your stay in Balagne!"
    ],
    "it": [
      "Situato in Corsica, sulle alture di Calvi, il Mariana gode di una vista panoramica sul golfo e le montagne dalla piscina. A 10 minuti dalla spiaggia e a 5 minuti dal centro città, ristoranti e negozi nelle vicinanze. Godetevi il vostro soggiorno in Balagna!"
    ],
    "fr": [
      "Situé en Corse, sur les hauteurs de Calvi, le Mariana bénéficie d'une vue panoramique sur le golfe et les montagnes depuis la piscine. A 10 minutes de la plage et 5 minutes du centre ville, restaurants et boutiques à proximité. Bon séjour en Balagne !"
    ],
    "es": [
      "Situado en Córcega, en las alturas de Calvi, el Mariana goza de una vista panorámica del golfo y las montañas desde la piscina. A 10 minutos de la playa y a 5 minutos del centro de la ciudad, restaurantes y tiendas cercanas. ¡Disfrute de su estancia en Balagne!"
    ],
    "nl": [
      "Gelegen in Corsica, op de hoogten van Calvi, geniet de Mariana van een panoramisch uitzicht op de golf en de bergen vanaf het zwembad. 10 minuten van het strand en 5 minuten van het centrum, restaurants en winkels in de buurt. Geniet van uw verblijf in Balagne!"
    ]
  },
  "rdfs:label": {
    "fr": [
      "Le Mariana"
    ]
  },
  "hasBeenCreatedBy": {
    "@id": "https://data.datatourisme.fr/13/e4873aa9-a05c-35ed-8395-61d121516766",
    "dc:identifier": "1646",
    "schema:email": [
      "info@balagne-corsica.com"
    ],
    "schema:legalName": "Office de Tourisme Intercommunal Calvi - Balagne",
    "@type": [
      "schema:Organization",
      "foaf:Agent",
      "Agent"
    ],
    "foaf:homepage": [
      "https://www.balagne-corsica.com/"
    ]
  },
  "hasBeenPublishedBy": [
    {
      "@id": "https://data.datatourisme.fr/8a9feb4b-2cbd-3d2c-b507-bd6c6776b23b",
      "schema:legalName": "Apidae Tourisme Scic SA - source : Apidae Tourisme",
      "@type": [
        "schema:Organization",
        "foaf:Agent",
        "Agent"
      ],
      "foaf:homepage": [
        "https://www.apidae-tourisme.com/"
      ]
    }
  ],
  "hasContact": [
    {
      "@id": "https://data.datatourisme.fr/3274089f-74e9-309d-b8f7-2c4c9da3221f",
      "schema:email": [
        "info@hotel-mariana.com"
      ],
      "schema:telephone": [
        "+33 4 95 65 31 38"
      ],
      "@type": [
        "foaf:Agent",
        "Agent"
      ],
      "foaf:homepage": [
        "http://www.hotel-mariana.com/"
      ]
    }
  ],
  "hasDescription": [
    {
      "@id": "https://data.datatourisme.fr/73d161fa-9a6d-3aa2-a847-ca68b81686bd",
      "@type": [
        "Description"
      ],
      "hasTranslatedProperty": [
        {
          "@id": "https://data.datatourisme.fr/a88ff1d7-15e7-3b49-886c-9beaee782ec9",
          "dc:contributor": [
            "https://api.deepl.com/v2/translate"
          ],
          "rdf:language": [
            "es"
          ],
          "rdf:predicate": [
            "shortDescription"
          ]
        },
        {
          "@id": "https://data.datatourisme.fr/b2fea615-cb2b-3386-a109-962097ae5ba8",
          "dc:contributor": [
            "https://api.deepl.com/v2/translate"
          ],
          "rdf:language": [
            "nl"
          ],
          "rdf:predicate": [
            "shortDescription"
          ]
        },
        {
          "@id": "https://data.datatourisme.fr/ddb2aa1a-1b83-3edf-b208-b3a234f9634e",
          "dc:contributor": [
            "https://api.deepl.com/v2/translate"
          ],
          "rdf:language": [
            "de"
          ],
          "rdf:predicate": [
            "shortDescription"
          ]
        }
      ],
      "shortDescription": {
        "de": [
          "Das Mariana liegt auf Korsika, oberhalb von Calvi, und bietet vom Pool aus einen Panoramablick auf den Golf und die Berge. Es ist 10 Minuten vom Strand und 5 Minuten vom Stadtzentrum entfernt, Restaurants und Geschäfte befinden sich in der Nähe. Einen schönen Aufenthalt in der Balagne!"
        ],
        "en": [
          "Located in Corsica, on the heights of Calvi, the Mariana enjoys a panoramic view of the gulf and the mountains from the swimming pool. 10 minutes from the beach and 5 minutes from the city centre, restaurants and shops nearby. Enjoy your stay in Balagne!"
        ],
        "it": [
          "Situato in Corsica, sulle alture di Calvi, il Mariana gode di una vista panoramica sul golfo e le montagne dalla piscina. A 10 minuti dalla spiaggia e a 5 minuti dal centro città, ristoranti e negozi nelle vicinanze. Godetevi il vostro soggiorno in Balagna!"
        ],
        "fr": [
          "Situé en Corse, sur les hauteurs de Calvi, le Mariana bénéficie d'une vue panoramique sur le golfe et les montagnes depuis la piscine. A 10 minutes de la plage et 5 minutes du centre ville, restaurants et boutiques à proximité. Bon séjour en Balagne !"
        ],
        "es": [
          "Situado en Córcega, en las alturas de Calvi, el Mariana goza de una vista panorámica del golfo y las montañas desde la piscina. A 10 minutos de la playa y a 5 minutos del centro de la ciudad, restaurantes y tiendas cercanas. ¡Disfrute de su estancia en Balagne!"
        ],
        "nl": [
          "Gelegen in Corsica, op de hoogten van Calvi, geniet de Mariana van een panoramisch uitzicht op de golf en de bergen vanaf het zwembad. 10 minuten van het strand en 5 minuten van het centrum, restaurants en winkels in de buurt. Geniet van uw verblijf in Balagne!"
        ]
      }
    }
  ],
  "hasTranslatedProperty": [
    {
      "@id": "https://data.datatourisme.fr/5b969065-7418-3457-857f-a5b6756128f5",
      "dc:contributor": [
        "https://api.deepl.com/v2/translate"
      ],
      "rdf:language": [
        "de"
      ],
      "rdf:predicate": [
        {
          "@id": "rdfs:comment"
        }
      ]
    },
    {
      "@id": "https://data.datatourisme.fr/9b94862e-f575-3230-b750-94f4acc4e679",
      "dc:contributor": [
        "https://api.deepl.com/v2/translate"
      ],
      "rdf:language": [
        "nl"
      ],
      "rdf:predicate": [
        {
          "@id": "rdfs:comment"
        }
      ]
    },
    {
      "@id": "https://data.datatourisme.fr/bb5b9d1c-66d2-320c-8b4d-89a1c07c9b59",
      "dc:contributor": [
        "https://api.deepl.com/v2/translate"
      ],
      "rdf:language": [
        "es"
      ],
      "rdf:predicate": [
        {
          "@id": "rdfs:comment"
        }
      ]
    }
  ],
  "isLocatedAt": [
    {
      "@id": "https://data.datatourisme.fr/282c4948-97a4-3d4d-92c9-552561cce81a",
      "schema:address": [
        {
          "@id": "https://data.datatourisme.fr/4f35ad36-3ffc-3bac-949b-a38ddad71be3",
          "schema:addressLocality": "Calvi",
          "schema:postalCode": "20260",
          "schema:streetAddress": [
            "Avenue Santa Maria"
          ],
          "@type": [
            "schema:PostalAddress",
            "PostalAddress"
          ],
          "hasAddressCity": {
            "@id": "kb:2B050",
            "@type": [
              "City"
            ],
            "rdfs:label": {
              "en": [
                "Calvi"
              ],
              "fr": [
                "Calvi"
              ]
            },
            "insee": "2B050",
            "isPartOfDepartment": {
              "@id": "kb:France942B",
              "@type": [
                "Department"
              ],
              "rdfs:label": {
                "en": [
                  "Haute-Corse"
                ],
                "fr": [
                  "Haute-Corse"
                ]
              },
              "insee": "2B",
              "isPartOfRegion": {
                "@id": "kb:France94",
                "@type": [
                  "Region"
                ],
                "rdfs:label": {
                  "en": [
                    "Corse"
                  ],
                  "fr": [
                    "Corse"
                  ]
                },
                "insee": "94",
                "isPartOfCountry": {
                  "@id": "kb:France",
                  "@type": [
                    "schema:Country"
                  ],
                  "rdfs:label": {
                    "de": [
                      "Frankreich"
                    ],
                    "pt": [
                      "França"
                    ],
                    "en": [
                      "France"
                    ],
                    "it": [
                      "Francia"
                    ],
                    "fr": [
                      "France"
                    ],
                    "nl": [
                      "Frankrijk"
                    ],
                    "es": [
                      "Francia"
                    ]
                  }
                }
              }
            }
          }
        }
      ],
      "schema:geo": {
        "@id": "https://data.datatourisme.fr/6705ffbc-e3ad-36ee-9517-48fdc4557c5a",
        "schema:latitude": "42.564839",
        "schema:longitude": "8.753216",
        "@type": [
          "schema:GeoCoordinates"
        ]
      },
      "schema:openingHoursSpecification": [
        {
          "@id": "https://data.datatourisme.fr/96f3d764-79e6-3003-b593-ac47cb5acf63",
          "schema:validFrom": "2023-01-01T00:00:00",
          "schema:validThrough": "2023-12-31T23:59:59",
          "@type": [
            "schema:OpeningHoursSpecification"
          ],
          "additionalInformation": {
            "de": [
              "Bis Anfang April an manchen Wochenenden geschlossen (Auskunft im Hotel direkt)"
            ],
            "en": [
              "Closed on some weekends until early April (ask the hotel directly)"
            ],
            "it": [
              "Chiuso in alcuni fine settimana fino all'inizio di aprile (contattare direttamente l'hotel)"
            ],
            "fr": [
              "Fermé certains week-end jusqu'à début avril (renseignement auprès de l'hôtel directement)"
            ],
            "nl": [
              "Gesloten tijdens bepaalde weekends tot begin april (neem rechtstreeks contact op met het hotel)"
            ],
            "es": [
              "Cerrado algunos fines de semana hasta principios de abril (contactar directamente con el hotel)"
            ]
          },
          "hasTranslatedProperty": [
            {
              "@id": "https://data.datatourisme.fr/5ca9dab3-306b-3b8c-be4b-bce2f65a4a82",
              "dc:contributor": [
                "https://api.deepl.com/v2/translate"
              ],
              "rdf:language": [
                "en"
              ],
              "rdf:predicate": [
                "additionalInformation"
              ]
            },
            {
              "@id": "https://data.datatourisme.fr/648ff968-0f57-32d3-b547-105a32756afc",
              "dc:contributor": [
                "https://api.deepl.com/v2/translate"
              ],
              "rdf:language": [
                "es"
              ],
              "rdf:predicate": [
                "additionalInformation"
              ]
            },
            {
              "@id": "https://data.datatourisme.fr/72942632-7067-32a6-ac08-af49577f0462",
              "dc:contributor": [
                "https://api.deepl.com/v2/translate"
              ],
              "rdf:language": [
                "de"
              ],
              "rdf:predicate": [
                "additionalInformation"
              ]
            },
            {
              "@id": "https://data.datatourisme.fr/9d67d3fb-8c59-3f26-b562-29fc4c97079a",
              "dc:contributor": [
                "https://api.deepl.com/v2/translate"
              ],
              "rdf:language": [
                "nl"
              ],
              "rdf:predicate": [
                "additionalInformation"
              ]
            },
            {
              "@id": "https://data.datatourisme.fr/f3b32d94-9150-332c-88fe-2dff342052c5",
              "dc:contributor": [
                "https://api.deepl.com/v2/translate"
              ],
              "rdf:language": [
                "it"
              ],
              "rdf:predicate": [
                "additionalInformation"
              ]
            }
          ]
        }
      ],
      "@type": [
        "schema:Place",
        "Place"
      ]
    }
  ],
  "isOwnedBy": [
    {
      "@id": "https://data.datatourisme.fr/194c52e6-bbae-33dc-8464-caca97844fbb",
      "schema:email": [
        "info@balagne-corsica.com"
      ],
      "schema:legalName": "Office de Tourisme Intercommunal Calvi - Balagne",
      "@type": [
        "schema:Organization",
        "foaf:Agent",
        "Agent"
      ],
      "foaf:homepage": [
        "https://www.balagne-corsica.com/"
      ]
    }
  ],
  "lastUpdate": "2023-01-24",
  "lastUpdateDatatourisme": "2023-04-04T05:52:39.278Z",
  "offers": [
    {
      "@id": "https://data.datatourisme.fr/a3588ad4-b27f-3a11-b8e6-c96cc5555b37",
      "schema:priceSpecification": [
        {
          "@id": "https://data.datatourisme.fr/2f557ef2-69af-3481-ab1c-83d73dd45b22",
          "schema:maxPrice": [
            "1.35",
            "17",
            "207",
            "211",
            "364"
          ],
          "schema:minPrice": [
            "1.35",
            "135",
            "17",
            "63",
            "88"
          ],
          "schema:priceCurrency": "EUR",
          "@type": [
            "schema:PriceSpecification",
            "PriceSpecification"
          ],
          "appliesOnPeriod": [
            {
              "@id": "https://data.datatourisme.fr/a425afdf-3594-300b-b55e-1858bafa3fd4",
              "@type": [
                "Period"
              ],
              "endDate": "2023-12-31",
              "startDate": "2023-01-01"
            }
          ]
        }
      ],
      "@type": [
        "schema:Offer",
        "Offer"
      ]
    }
  ]
}