{
  "@id": "https://data.datatourisme.fr/13/70bd86b3-8520-365d-b1a5-209aa23b691e",
  "dc:identifier": "5324712",
  "@type": [
    "CityHeritage",
    "CulturalSite",
    "PlaceOfInterest",
    "PointOfInterest"
  ],
  "rdfs:comment": {
    "de": [
      "Entdecken Sie die Kraft der Natur im Herzen der balanesischen Berge. Gönnen Sie sich einen Moment der Frische in einem kleinen Dorf im Schatten von Eichen und Kastanienbäumen. Pioggiola lädt Sie ein, die Balagne auf andere Weise zu entdecken."
    ],
    "en": [
      "Discover the forces of nature in the heart of the Balagne mountains. Cool off in this small village in the shade of oak and chestnut trees. Pioggiola offers an alternative way to explore Balagne."
    ],
    "it": [
      "Scoprite la forza della natura nel cuore delle montagne balinesi. Concedetevi un momento di freschezza in un piccolo villaggio all'ombra di querce e castagni. Pioggiola vi invita a scoprire la Balagne in modo diverso."
    ],
    "fr": [
      "Découvrez la force de la nature au coeur de la montagne balanine. Offrez vous un moment de fraîcheur dans un petit village à l’ombre des chênes et des châtaigniers. Pioggiola vous invite à découvrir la Balagne autrement."
    ],
    "nl": [
      "Ontdek de kracht van de natuur in het hart van de Balinese bergen. Gun uzelf een moment van frisheid in een klein dorp in de schaduw van eiken en kastanjebomen. Pioggiola nodigt u uit om de Balagne anders te ontdekken."
    ],
    "es": [
      "Descubra el poder de la naturaleza en el corazón de las montañas balinesas. Regálese un momento de frescura en un pequeño pueblo a la sombra de robles y castaños. Pioggiola le invita a descubrir la Balagne de forma diferente."
    ]
  },
  "rdfs:label": {
    "fr": [
      "Pioggiola"
    ]
  },
  "owl:sameAs": [
    "http://www.wikidata.org/entity/Q1109715"
  ],
  "hasBeenCreatedBy": {
    "@id": "https://data.datatourisme.fr/13/8d420fa3-5754-31f1-8199-69c88780314d",
    "dc:identifier": "1647",
    "schema:email": [
      "web@ileroussetourisme.com"
    ],
    "schema:legalName": "Office de Tourisme Intercommunal de L'Ile Rousse-Balagne",
    "@type": [
      "schema:Organization",
      "foaf:Agent",
      "Agent"
    ],
    "foaf:homepage": [
      "https://www.balagne-corsica.com/"
    ]
  },
  "hasBeenPublishedBy": [
    {
      "@id": "https://data.datatourisme.fr/8a9feb4b-2cbd-3d2c-b507-bd6c6776b23b",
      "schema:legalName": "Apidae Tourisme Scic SA - source : Apidae Tourisme",
      "@type": [
        "schema:Organization",
        "foaf:Agent",
        "Agent"
      ],
      "foaf:homepage": [
        "https://www.apidae-tourisme.com/"
      ]
    }
  ],
  "hasContact": [
    {
      "@id": "https://data.datatourisme.fr/83017549-f773-3a1e-9bdb-29055cfec44a",
      "schema:email": [
        "mairiepioggiola@orange.fr"
      ],
      "schema:telephone": [
        "+33 4 95 61 90 07"
      ],
      "@type": [
        "foaf:Agent",
        "Agent"
      ]
    }
  ],
  "hasDescription": [
    {
      "@id": "https://data.datatourisme.fr/02ad9994-3c00-36f1-a043-974dbac7004d",
      "@type": [
        "Description"
      ],
      "hasTranslatedProperty": [
        {
          "@id": "https://data.datatourisme.fr/0359f055-ce3d-372d-a338-bacfedd322d4",
          "dc:contributor": [
            "https://api.deepl.com/v2/translate"
          ],
          "rdf:language": [
            "de"
          ],
          "rdf:predicate": [
            "shortDescription"
          ]
        },
        {
          "@id": "https://data.datatourisme.fr/6f62ae86-74d1-36a9-b091-522b5ed6c8f7",
          "dc:contributor": [
            "https://api.deepl.com/v2/translate"
          ],
          "rdf:language": [
            "it"
          ],
          "rdf:predicate": [
            "shortDescription"
          ]
        },
        {
          "@id": "https://data.datatourisme.fr/7b08c19d-fe12-3f07-b8c2-f0e934a751d5",
          "dc:contributor": [
            "https://api.deepl.com/v2/translate"
          ],
          "rdf:language": [
            "es"
          ],
          "rdf:predicate": [
            "shortDescription"
          ]
        },
        {
          "@id": "https://data.datatourisme.fr/fc3bdbba-1cea-3748-88b2-4196dce44b12",
          "dc:contributor": [
            "https://api.deepl.com/v2/translate"
          ],
          "rdf:language": [
            "nl"
          ],
          "rdf:predicate": [
            "shortDescription"
          ]
        }
      ],
      "shortDescription": {
        "de": [
          "Entdecken Sie die Kraft der Natur im Herzen der balanesischen Berge. Gönnen Sie sich einen Moment der Frische in einem kleinen Dorf im Schatten von Eichen und Kastanienbäumen. Pioggiola lädt Sie ein, die Balagne auf andere Weise zu entdecken."
        ],
        "en": [
          "Discover the forces of nature in the heart of the Balagne mountains. Cool off in this small village in the shade of oak and chestnut trees. Pioggiola offers an alternative way to explore Balagne."
        ],
        "it": [
          "Scoprite la forza della natura nel cuore delle montagne balinesi. Concedetevi un momento di freschezza in un piccolo villaggio all'ombra di querce e castagni. Pioggiola vi invita a scoprire la Balagne in modo diverso."
        ],
        "fr": [
          "Découvrez la force de la nature au coeur de la montagne balanine. Offrez vous un moment de fraîcheur dans un petit village à l’ombre des chênes et des châtaigniers. Pioggiola vous invite à découvrir la Balagne autrement."
        ],
        "nl": [
          "Ontdek de kracht van de natuur in het hart van de Balinese bergen. Gun uzelf een moment van frisheid in een klein dorp in de schaduw van eiken en kastanjebomen. Pioggiola nodigt u uit om de Balagne anders te ontdekken."
        ],
        "es": [
          "Descubra el poder de la naturaleza en el corazón de las montañas balinesas. Regálese un momento de frescura en un pequeño pueblo a la sombra de robles y castaños. Pioggiola le invita a descubrir la Balagne de forma diferente."
        ]
      }
    }
  ],
  "hasRepresentation": [
    {
      "@id": "https://data.datatourisme.fr/2609a069-2162-3779-9b17-d4fda255f020",
      "ebucore:hasAnnotation": [
        {
          "@id": "https://data.datatourisme.fr/ada2369d-45db-3064-8793-59bdfb28e9ae",
          "ebucore:isCoveredBy": "CC BY-SA 3.0",
          "ebucore:title": [
            "Pioggiola"
          ],
          "@type": [
            "ebucore:Annotation"
          ],
          "credits": [
            "Pierre Bona (https://commons.wikimedia.org/wiki/User:Pierre_Bona)"
          ]
        }
      ],
      "ebucore:hasRelatedResource": [
        {
          "@id": "https://data.datatourisme.fr/ca69810f-6cc2-3d93-9930-27cc767ddbf1",
          "ebucore:fileSize": [
            7072476
          ],
          "ebucore:hasMimeType": [
            {
              "@id": "kb:JPEG",
              "@type": [
                "ebucore:MimeType"
              ],
              "rdfs:comment": {
                "de": [
                  "JPEG-Bild"
                ],
                "pt": [
                  "Imagem JPEG"
                ],
                "en": [
                  "JPEG image file"
                ],
                "it": [
                  "Immagine JPEG"
                ],
                "fr": [
                  "Image JPEG"
                ],
                "nl": [
                  "JPEG-afbeelding"
                ],
                "es": [
                  "Imagen JPEG"
                ]
              },
              "rdfs:label": {
                "de": [
                  "image/jpeg"
                ],
                "pt": [
                  "image/jpeg"
                ],
                "en": [
                  "image/jpeg"
                ],
                "it": [
                  "image/jpeg"
                ],
                "fr": [
                  "image/jpeg"
                ],
                "nl": [
                  "image/jpeg"
                ],
                "es": [
                  "image/jpeg"
                ]
              }
            }
          ],
          "ebucore:height": 2352,
          "ebucore:locator": [
            "https://upload.wikimedia.org/wikipedia/commons/4/49/Pioggiola.jpg"
          ],
          "ebucore:width": 3136,
          "@type": [
            "ebucore:Resource"
          ]
        }
      ],
      "@type": [
        "ebucore:EditorialObject"
      ]
    }
  ],
  "hasTheme": [
    {
      "@id": "kb:Culture",
      "@type": [
        "CulturalTheme"
      ],
      "rdfs:label": {
        "de": [
          "Kultur"
        ],
        "pt": [
          "Cultura"
        ],
        "en": [
          "Culture"
        ],
        "it": [
          "Cultura"
        ],
        "fr": [
          "Culture"
        ],
        "nl": [
          "Cultuur"
        ],
        "es": [
          "Cultura"
        ]
      }
    }
  ],
  "hasTranslatedProperty": [
    {
      "@id": "https://data.datatourisme.fr/24d473bc-702e-3d9a-949f-6ec8f0b3096f",
      "dc:contributor": [
        "https://api.deepl.com/v2/translate"
      ],
      "rdf:language": [
        "nl"
      ],
      "rdf:predicate": [
        {
          "@id": "rdfs:comment"
        }
      ]
    },
    {
      "@id": "https://data.datatourisme.fr/509b2dad-5b21-356a-b42d-b489f9f5eeac",
      "dc:contributor": [
        "https://api.deepl.com/v2/translate"
      ],
      "rdf:language": [
        "it"
      ],
      "rdf:predicate": [
        {
          "@id": "rdfs:comment"
        }
      ]
    },
    {
      "@id": "https://data.datatourisme.fr/ee41d85b-66b3-39e0-a4b6-474ffa93056b",
      "dc:contributor": [
        "https://api.deepl.com/v2/translate"
      ],
      "rdf:language": [
        "es"
      ],
      "rdf:predicate": [
        {
          "@id": "rdfs:comment"
        }
      ]
    },
    {
      "@id": "https://data.datatourisme.fr/f0425a24-6bda-3044-b138-25e3b23ec254",
      "dc:contributor": [
        "https://api.deepl.com/v2/translate"
      ],
      "rdf:language": [
        "de"
      ],
      "rdf:predicate": [
        {
          "@id": "rdfs:comment"
        }
      ]
    }
  ],
  "isLocatedAt": [
    {
      "@id": "https://data.datatourisme.fr/bff4f03b-c480-3f01-8f5a-fd421ca29e13",
      "schema:address": [
        {
          "@id": "https://data.datatourisme.fr/5148708f-dc5d-30af-876a-5f6e1c31c445",
          "schema:addressLocality": "Pioggiola",
          "schema:postalCode": "20259",
          "@type": [
            "schema:PostalAddress",
            "PostalAddress"
          ],
          "hasAddressCity": {
            "@id": "kb:2B235",
            "@type": [
              "City"
            ],
            "rdfs:label": {
              "en": [
                "Pioggiola"
              ],
              "fr": [
                "Pioggiola"
              ]
            },
            "insee": "2B235",
            "isPartOfDepartment": {
              "@id": "kb:France942B",
              "@type": [
                "Department"
              ],
              "rdfs:label": {
                "en": [
                  "Haute-Corse"
                ],
                "fr": [
                  "Haute-Corse"
                ]
              },
              "insee": "2B",
              "isPartOfRegion": {
                "@id": "kb:France94",
                "@type": [
                  "Region"
                ],
                "rdfs:label": {
                  "en": [
                    "Corse"
                  ],
                  "fr": [
                    "Corse"
                  ]
                },
                "insee": "94",
                "isPartOfCountry": {
                  "@id": "kb:France",
                  "@type": [
                    "schema:Country"
                  ],
                  "rdfs:label": {
                    "de": [
                      "Frankreich"
                    ],
                    "pt": [
                      "França"
                    ],
                    "en": [
                      "France"
                    ],
                    "it": [
                      "Francia"
                    ],
                    "fr": [
                      "France"
                    ],
                    "nl": [
                      "Frankrijk"
                    ],
                    "es": [
                      "Francia"
                    ]
                  }
                }
              }
            }
          }
        }
      ],
      "schema:geo": {
        "@id": "https://data.datatourisme.fr/d147f500-0160-3265-a301-cc4e779b384a",
        "schema:latitude": "42.534579",
        "schema:longitude": "8.99765",
        "@type": [
          "schema:GeoCoordinates"
        ]
      },
      "schema:openingHoursSpecification": [
        {
          "@id": "https://data.datatourisme.fr/f87e535a-636d-3343-ad63-8a03392e7511",
          "schema:validFrom": "2023-01-01T00:00:00",
          "schema:validThrough": "2023-12-31T23:59:59",
          "@type": [
            "schema:OpeningHoursSpecification"
          ]
        }
      ],
      "@type": [
        "schema:Place",
        "Place"
      ]
    }
  ],
  "isOwnedBy": [
    {
      "@id": "https://data.datatourisme.fr/252af22a-253d-33df-b9d7-204832749402",
      "schema:email": [
        "web@ileroussetourisme.com"
      ],
      "schema:legalName": "Office de Tourisme Intercommunal de L'Ile Rousse-Balagne",
      "@type": [
        "schema:Organization",
        "foaf:Agent",
        "Agent"
      ],
      "foaf:homepage": [
        "https://www.balagne-corsica.com/"
      ]
    }
  ],
  "lastUpdate": "2021-01-06",
  "lastUpdateDatatourisme": "2023-02-22T06:42:37.724Z"
}