{
  "@id": "https://data.datatourisme.fr/13/2c86c485-dee6-3eb5-8774-c859d286acc4",
  "dc:identifier": "5212826",
  "@type": [
    "schema:LocalBusiness",
    "ActivityProvider",
    "PlaceOfInterest",
    "PointOfInterest",
    "Store"
  ],
  "rdfs:comment": {
    "de": [
      "Aqua rando canyoning."
    ],
    "en": [
      "Aqua rando canyoning."
    ],
    "it": [
      "Aqua rando canyoning."
    ],
    "fr": [
      "Aqua Rando / Canyoning. Des guides locaux vous font découvrir les plus beaux canyons de Corse. Passez un moment inoubliable dans cet immense territoire sauvage qu’est la plus belle île du monde : La Corse !"
    ],
    "nl": [
      "Aqua rando canyoning."
    ],
    "es": [
      "Aqua Rando / Barranquismo. Los guías locales le mostrarán los cañones más bellos de Córcega. Pase un momento inolvidable en este inmenso territorio salvaje que es la isla más bella del mundo: ¡Córcega!"
    ]
  },
  "rdfs:label": {
    "fr": [
      "Alpa Corse"
    ]
  },
  "hasBeenCreatedBy": {
    "@id": "https://data.datatourisme.fr/13/84c6494d-3085-3c63-a55c-db8cb047fadd",
    "dc:identifier": "1738",
    "schema:email": [
      "camillef.omt@gmail.com",
      "direction@destination-sudcorse.com",
      "gestion@destination-sudcorse.com",
      "promotion@destination-sudcorse.com",
      "webmaster@destination-sudcorse.com"
    ],
    "schema:legalName": "Porto Vecchio Tourisme",
    "@type": [
      "schema:Organization",
      "foaf:Agent",
      "Agent"
    ],
    "foaf:homepage": [
      "http://www.ot-portovecchio.com/"
    ]
  },
  "hasBeenPublishedBy": [
    {
      "@id": "https://data.datatourisme.fr/8a9feb4b-2cbd-3d2c-b507-bd6c6776b23b",
      "schema:legalName": "Apidae Tourisme Scic SA - source : Apidae Tourisme",
      "@type": [
        "schema:Organization",
        "foaf:Agent",
        "Agent"
      ],
      "foaf:homepage": [
        "https://www.apidae-tourisme.com/"
      ]
    }
  ],
  "hasContact": [
    {
      "@id": "https://data.datatourisme.fr/a8e72602-be6b-36af-b925-aa2ece6b733f",
      "schema:email": [
        "info@alpacorse.com"
      ],
      "schema:telephone": [
        "+33 6 17 10 61 15"
      ],
      "@type": [
        "foaf:Agent",
        "Agent"
      ],
      "foaf:homepage": [
        "http://www.alpacorse.com/"
      ]
    }
  ],
  "hasDescription": [
    {
      "@id": "https://data.datatourisme.fr/82a2e76a-bde5-3064-b6c3-8bb82875d68c",
      "@type": [
        "Description"
      ],
      "hasTranslatedProperty": [
        {
          "@id": "https://data.datatourisme.fr/2cb44866-3da9-38bc-b27d-fa598c9159b0",
          "dc:contributor": [
            "https://api.deepl.com/v2/translate"
          ],
          "rdf:language": [
            "es"
          ],
          "rdf:predicate": [
            "shortDescription"
          ]
        }
      ],
      "shortDescription": {
        "de": [
          "Aqua rando canyoning."
        ],
        "en": [
          "Aqua rando canyoning."
        ],
        "it": [
          "Aqua rando canyoning."
        ],
        "fr": [
          "Aqua Rando / Canyoning. Des guides locaux vous font découvrir les plus beaux canyons de Corse. Passez un moment inoubliable dans cet immense territoire sauvage qu’est la plus belle île du monde : La Corse !"
        ],
        "nl": [
          "Aqua rando canyoning."
        ],
        "es": [
          "Aqua Rando / Barranquismo. Los guías locales le mostrarán los cañones más bellos de Córcega. Pase un momento inolvidable en este inmenso territorio salvaje que es la isla más bella del mundo: ¡Córcega!"
        ]
      }
    }
  ],
  "hasTheme": [
    {
      "@id": "kb:Canyoning",
      "@type": [
        "SportsTheme"
      ],
      "rdfs:label": {
        "de": [
          "Canyoning"
        ],
        "pt": [
          "Canoagem"
        ],
        "en": [
          "Canyoning"
        ],
        "it": [
          "Canyoning"
        ],
        "fr": [
          "Canyoning"
        ],
        "es": [
          "Piragüismo"
        ],
        "nl": [
          "Canyoning"
        ]
      }
    },
    {
      "@id": "kb:Climbing",
      "@type": [
        "SportsTheme"
      ],
      "rdfs:label": {
        "de": [
          "Klettern"
        ],
        "pt": [
          "Escalada"
        ],
        "en": [
          "Climbing"
        ],
        "it": [
          "Arrampicata"
        ],
        "fr": [
          "Escalade"
        ],
        "nl": [
          "Klimmen"
        ],
        "es": [
          "Escalada"
        ]
      }
    },
    {
      "@id": "kb:Mountaineering",
      "@type": [
        "SportsTheme"
      ],
      "rdfs:label": {
        "de": [
          "Bergsteigen"
        ],
        "pt": [
          "Alpinismo"
        ],
        "en": [
          "Mountaineering"
        ],
        "it": [
          "Alpinismo"
        ],
        "fr": [
          "Alpinisme"
        ],
        "es": [
          "Alpinismo"
        ],
        "nl": [
          "Alpinisme"
        ]
      }
    },
    {
      "@id": "kb:SkiTouring",
      "@type": [
        "SportsTheme"
      ],
      "rdfs:label": {
        "de": [
          "Skitouren"
        ],
        "pt": [
          "Esqui de caminhada"
        ],
        "en": [
          "Ski touring"
        ],
        "it": [
          "Sci alpinismo"
        ],
        "fr": [
          "Ski de randonnée"
        ],
        "nl": [
          "Toerskiën"
        ],
        "es": [
          "Esquí de travesía"
        ]
      }
    },
    {
      "@id": "kb:ViaFerrata",
      "@type": [
        "SportsTheme"
      ],
      "rdfs:label": {
        "de": [
          "Klettersteig"
        ],
        "pt": [
          "Via ferrata"
        ],
        "en": [
          "Via ferrata"
        ],
        "it": [
          "Via ferrata"
        ],
        "fr": [
          "Via ferrata"
        ],
        "nl": [
          "Via ferrata"
        ],
        "es": [
          "Vía ferrata"
        ]
      }
    }
  ],
  "hasTranslatedProperty": [
    {
      "@id": "https://data.datatourisme.fr/d21f4359-35e8-34ea-9c3c-d97cd15a307d",
      "dc:contributor": [
        "https://api.deepl.com/v2/translate"
      ],
      "rdf:language": [
        "es"
      ],
      "rdf:predicate": [
        {
          "@id": "rdfs:comment"
        }
      ]
    }
  ],
  "isLocatedAt": [
    {
      "@id": "https://data.datatourisme.fr/f1cb2391-af90-35fa-bd2e-ef0774131b0e",
      "schema:address": [
        {
          "@id": "https://data.datatourisme.fr/db39fef5-1af6-30cd-a341-d896d963f9a1",
          "schema:addressLocality": "Chisa",
          "schema:postalCode": "20240",
          "schema:streetAddress": [
            "20240",
            "Vaccaghja"
          ],
          "@type": [
            "schema:PostalAddress",
            "PostalAddress"
          ],
          "hasAddressCity": {
            "@id": "kb:2B366",
            "@type": [
              "City"
            ],
            "rdfs:label": {
              "en": [
                "Chisa"
              ],
              "fr": [
                "Chisa"
              ]
            },
            "insee": "2B366",
            "isPartOfDepartment": {
              "@id": "kb:France942B",
              "@type": [
                "Department"
              ],
              "rdfs:label": {
                "en": [
                  "Haute-Corse"
                ],
                "fr": [
                  "Haute-Corse"
                ]
              },
              "insee": "2B",
              "isPartOfRegion": {
                "@id": "kb:France94",
                "@type": [
                  "Region"
                ],
                "rdfs:label": {
                  "en": [
                    "Corse"
                  ],
                  "fr": [
                    "Corse"
                  ]
                },
                "insee": "94",
                "isPartOfCountry": {
                  "@id": "kb:France",
                  "@type": [
                    "schema:Country"
                  ],
                  "rdfs:label": {
                    "de": [
                      "Frankreich"
                    ],
                    "pt": [
                      "França"
                    ],
                    "en": [
                      "France"
                    ],
                    "it": [
                      "Francia"
                    ],
                    "fr": [
                      "France"
                    ],
                    "nl": [
                      "Frankrijk"
                    ],
                    "es": [
                      "Francia"
                    ]
                  }
                }
              }
            }
          }
        }
      ],
      "schema:geo": {
        "@id": "https://data.datatourisme.fr/712a8d49-6465-3306-931d-07b2dbc8e9fd",
        "schema:latitude": "41.924454",
        "schema:longitude": "9.264773",
        "@type": [
          "schema:GeoCoordinates"
        ]
      },
      "schema:openingHoursSpecification": [
        {
          "@id": "https://data.datatourisme.fr/f87e535a-636d-3343-ad63-8a03392e7511",
          "schema:validFrom": "2023-01-01T00:00:00",
          "schema:validThrough": "2023-12-31T23:59:59",
          "@type": [
            "schema:OpeningHoursSpecification"
          ]
        }
      ],
      "@type": [
        "schema:Place",
        "Place"
      ]
    }
  ],
  "isOwnedBy": [
    {
      "@id": "https://data.datatourisme.fr/f5f950f9-5eec-32b4-a357-2c969ccf4068",
      "schema:email": [
        "camillef.omt@gmail.com",
        "direction@destination-sudcorse.com",
        "gestion@destination-sudcorse.com",
        "promotion@destination-sudcorse.com",
        "webmaster@destination-sudcorse.com"
      ],
      "schema:legalName": "Porto Vecchio Tourisme",
      "@type": [
        "schema:Organization",
        "foaf:Agent",
        "Agent"
      ],
      "foaf:homepage": [
        "http://www.ot-portovecchio.com/"
      ]
    }
  ],
  "lastUpdate": "2023-02-15",
  "lastUpdateDatatourisme": "2023-02-16T06:39:41.998Z",
  "offers": [
    {
      "@id": "https://data.datatourisme.fr/76af6c46-bae9-3549-ac22-ee7d03a6b9ae",
      "schema:priceSpecification": [
        {
          "@id": "https://data.datatourisme.fr/fe8e8eb5-6c4d-366d-ab2c-469f54ccd43c",
          "schema:minPrice": [
            "45"
          ],
          "schema:priceCurrency": "EUR",
          "@type": [
            "schema:PriceSpecification",
            "PriceSpecification"
          ],
          "appliesOnPeriod": [
            {
              "@id": "https://data.datatourisme.fr/a425afdf-3594-300b-b55e-1858bafa3fd4",
              "@type": [
                "Period"
              ],
              "endDate": "2023-12-31",
              "startDate": "2023-01-01"
            }
          ]
        }
      ],
      "@type": [
        "schema:Offer",
        "Offer"
      ]
    }
  ]
}