{
  "@id": "https://data.datatourisme.fr/13/2cba3294-8597-301d-8dd2-9e05b7869429",
  "dc:identifier": "5400588",
  "@type": [
    "schema:FoodEstablishment",
    "FoodEstablishment",
    "PlaceOfInterest",
    "PointOfInterest"
  ],
  "rdfs:comment": {
    "de": [
      "Die Shankâbar empfängt Sie vom Frühstück bis zum Abendessen und bietet eine raffinierte mediterrane Küche...."
    ],
    "en": [
      "The Shankâbar welcomes you from breakfast to dinner and offers a refined Mediterranean cuisine ."
    ],
    "it": [
      "Lo Shankâbar vi accoglie dalla prima colazione alla cena e offre una raffinata cucina mediterranea....."
    ],
    "fr": [
      "Sur la place de la République, le Shankâbar, vous accueille du petit-déjeuner au dîner. Son chef, Stéphane Patraud, vous propose une cuisine raffinée, élaborée à base de produits frais, des cocktails et des tapas pour un apéro convivial !"
    ],
    "es": [
      "En la Place de la République, el Shankâbar le acoge desde el desayuno hasta la cena. Su chef, Stéphane Patraud, ofrece una cocina refinada, elaborada con productos frescos, cócteles y tapas para un aperitivo de convivencia"
    ],
    "nl": [
      "De Shankâbar verwelkomt u van het ontbijt tot het diner en biedt een verfijnde mediterrane keuken...."
    ]
  },
  "rdfs:label": {
    "fr": [
      "Shankâbar"
    ]
  },
  "hasBeenCreatedBy": {
    "@id": "https://data.datatourisme.fr/13/84c6494d-3085-3c63-a55c-db8cb047fadd",
    "dc:identifier": "1738",
    "schema:email": [
      "camillef.omt@gmail.com",
      "direction@destination-sudcorse.com",
      "gestion@destination-sudcorse.com",
      "promotion@destination-sudcorse.com",
      "webmaster@destination-sudcorse.com"
    ],
    "schema:legalName": "Porto Vecchio Tourisme",
    "@type": [
      "schema:Organization",
      "foaf:Agent",
      "Agent"
    ],
    "foaf:homepage": [
      "http://www.ot-portovecchio.com/"
    ]
  },
  "hasBeenPublishedBy": [
    {
      "@id": "https://data.datatourisme.fr/8a9feb4b-2cbd-3d2c-b507-bd6c6776b23b",
      "schema:legalName": "Apidae Tourisme Scic SA - source : Apidae Tourisme",
      "@type": [
        "schema:Organization",
        "foaf:Agent",
        "Agent"
      ],
      "foaf:homepage": [
        "https://www.apidae-tourisme.com/"
      ]
    }
  ],
  "hasContact": [
    {
      "@id": "https://data.datatourisme.fr/bd2f2bb1-33a8-36c3-8d7b-a33c58f92ddc",
      "schema:email": [
        "shankabar@wanadoo.fr"
      ],
      "schema:telephone": [
        "+33 4 95 70 06 52"
      ],
      "@type": [
        "foaf:Agent",
        "Agent"
      ]
    }
  ],
  "hasDescription": [
    {
      "@id": "https://data.datatourisme.fr/f0f44dd8-d1ca-3763-a32a-d6452b906737",
      "@type": [
        "Description"
      ],
      "hasTranslatedProperty": [
        {
          "@id": "https://data.datatourisme.fr/c73ba042-2a7b-3450-a68b-c0ed3e90e5e1",
          "dc:contributor": [
            "https://api.deepl.com/v2/translate"
          ],
          "rdf:language": [
            "es"
          ],
          "rdf:predicate": [
            "shortDescription"
          ]
        }
      ],
      "shortDescription": {
        "de": [
          "Die Shankâbar empfängt Sie vom Frühstück bis zum Abendessen und bietet eine raffinierte mediterrane Küche...."
        ],
        "en": [
          "The Shankâbar welcomes you from breakfast to dinner and offers a refined Mediterranean cuisine ."
        ],
        "it": [
          "Lo Shankâbar vi accoglie dalla prima colazione alla cena e offre una raffinata cucina mediterranea....."
        ],
        "fr": [
          "Sur la place de la République, le Shankâbar, vous accueille du petit-déjeuner au dîner. Son chef, Stéphane Patraud, vous propose une cuisine raffinée, élaborée à base de produits frais, des cocktails et des tapas pour un apéro convivial !"
        ],
        "es": [
          "En la Place de la République, el Shankâbar le acoge desde el desayuno hasta la cena. Su chef, Stéphane Patraud, ofrece una cocina refinada, elaborada con productos frescos, cócteles y tapas para un aperitivo de convivencia"
        ],
        "nl": [
          "De Shankâbar verwelkomt u van het ontbijt tot het diner en biedt een verfijnde mediterrane keuken...."
        ]
      }
    }
  ],
  "hasTranslatedProperty": [
    {
      "@id": "https://data.datatourisme.fr/645871be-3052-37b5-ad2d-7a841c557970",
      "dc:contributor": [
        "https://api.deepl.com/v2/translate"
      ],
      "rdf:language": [
        "es"
      ],
      "rdf:predicate": [
        {
          "@id": "rdfs:comment"
        }
      ]
    }
  ],
  "isLocatedAt": [
    {
      "@id": "https://data.datatourisme.fr/57fd69a6-881a-36f6-8909-47b915b307da",
      "schema:address": [
        {
          "@id": "https://data.datatourisme.fr/9716306c-d132-34a6-8b87-8d24e2b18d45",
          "schema:addressLocality": "Porto-Vecchio",
          "schema:postalCode": "20137",
          "schema:streetAddress": [
            "8 rue Camille de Rocca serra",
            "Place de la République"
          ],
          "@type": [
            "schema:PostalAddress",
            "PostalAddress"
          ],
          "hasAddressCity": {
            "@id": "kb:2A247",
            "@type": [
              "City"
            ],
            "rdfs:label": {
              "en": [
                "Porto-Vecchio"
              ],
              "fr": [
                "Porto-Vecchio"
              ]
            },
            "insee": "2A247",
            "isPartOfDepartment": {
              "@id": "kb:France942A",
              "@type": [
                "Department"
              ],
              "rdfs:label": {
                "en": [
                  "Corse-du-Sud"
                ],
                "fr": [
                  "Corse-du-Sud"
                ]
              },
              "insee": "2A",
              "isPartOfRegion": {
                "@id": "kb:France94",
                "@type": [
                  "Region"
                ],
                "rdfs:label": {
                  "en": [
                    "Corse"
                  ],
                  "fr": [
                    "Corse"
                  ]
                },
                "insee": "94",
                "isPartOfCountry": {
                  "@id": "kb:France",
                  "@type": [
                    "schema:Country"
                  ],
                  "rdfs:label": {
                    "de": [
                      "Frankreich"
                    ],
                    "pt": [
                      "França"
                    ],
                    "en": [
                      "France"
                    ],
                    "it": [
                      "Francia"
                    ],
                    "fr": [
                      "France"
                    ],
                    "nl": [
                      "Frankrijk"
                    ],
                    "es": [
                      "Francia"
                    ]
                  }
                }
              }
            }
          }
        }
      ],
      "schema:geo": {
        "@id": "https://data.datatourisme.fr/6d165d84-f914-33e9-8919-1e9006858d68",
        "schema:latitude": "41.591392",
        "schema:longitude": "9.279372",
        "@type": [
          "schema:GeoCoordinates"
        ]
      },
      "schema:openingHoursSpecification": [
        {
          "@id": "https://data.datatourisme.fr/f87e535a-636d-3343-ad63-8a03392e7511",
          "schema:validFrom": "2023-01-01T00:00:00",
          "schema:validThrough": "2023-12-31T23:59:59",
          "@type": [
            "schema:OpeningHoursSpecification"
          ]
        }
      ],
      "@type": [
        "schema:Place",
        "Place"
      ]
    }
  ],
  "isOwnedBy": [
    {
      "@id": "https://data.datatourisme.fr/f5f950f9-5eec-32b4-a357-2c969ccf4068",
      "schema:email": [
        "camillef.omt@gmail.com",
        "direction@destination-sudcorse.com",
        "gestion@destination-sudcorse.com",
        "promotion@destination-sudcorse.com",
        "webmaster@destination-sudcorse.com"
      ],
      "schema:legalName": "Porto Vecchio Tourisme",
      "@type": [
        "schema:Organization",
        "foaf:Agent",
        "Agent"
      ],
      "foaf:homepage": [
        "http://www.ot-portovecchio.com/"
      ]
    }
  ],
  "lastUpdate": "2023-02-15",
  "lastUpdateDatatourisme": "2023-02-16T06:39:41.933Z",
  "offers": [
    {
      "@id": "https://data.datatourisme.fr/e2963202-938c-3db2-967a-32d566aa1d79",
      "schema:priceSpecification": [
        {
          "@id": "https://data.datatourisme.fr/0c187bd9-4255-3da4-80ba-edeff16e2440",
          "schema:minPrice": [
            "17"
          ],
          "schema:priceCurrency": "EUR",
          "@type": [
            "schema:PriceSpecification",
            "PriceSpecification"
          ],
          "appliesOnPeriod": [
            {
              "@id": "https://data.datatourisme.fr/a425afdf-3594-300b-b55e-1858bafa3fd4",
              "@type": [
                "Period"
              ],
              "endDate": "2023-12-31",
              "startDate": "2023-01-01"
            }
          ]
        }
      ],
      "@type": [
        "schema:Offer",
        "Offer"
      ]
    }
  ]
}