{
  "@id": "https://data.datatourisme.fr/13/7e370308-b630-3d48-b22d-379e7aac23ac",
  "dc:identifier": "5211623",
  "@type": [
    "schema:LocalBusiness",
    "PlaceOfInterest",
    "PointOfInterest",
    "SightseeingBoat",
    "SportsAndLeisurePlace"
  ],
  "rdfs:comment": {
    "de": [
      "Seekreuzfahrten mit professionellem Skipper für einen Tag oder einen halben Tag."
    ],
    "en": [
      "Sea cruises with professional skipper for a day or half day."
    ],
    "it": [
      "Crociere in mare con skipper professionista per una giornata o mezza giornata."
    ],
    "fr": [
      "Croisières en mer et location de bateaux avec skipper à la journée ou demi-journée, avec ou sans repas à bord. Départ du ponton de Moby Dick à Santa Giulia et/ou du Port de Plaisance de Porto-Vecchio. 12 pers. max à bord. Privatisation possible."
    ],
    "nl": [
      "Zeecruises met professionele schipper voor een dag of halve dag."
    ],
    "es": [
      "Cruceros marítimos y alquiler de embarcaciones con patrón para un día o medio día, con o sin comidas a bordo. Salida desde el pantalán Moby Dick en Santa Giulia y/o desde el puerto deportivo de Porto-Vecchio. 12 personas como máximo a bordo. Privatización posible."
    ]
  },
  "rdfs:label": {
    "fr": [
      "Croisière Exclusive"
    ]
  },
  "hasBeenCreatedBy": {
    "@id": "https://data.datatourisme.fr/13/84c6494d-3085-3c63-a55c-db8cb047fadd",
    "dc:identifier": "1738",
    "schema:email": [
      "camillef.omt@gmail.com",
      "direction@destination-sudcorse.com",
      "gestion@destination-sudcorse.com",
      "promotion@destination-sudcorse.com",
      "webmaster@destination-sudcorse.com"
    ],
    "schema:legalName": "Porto Vecchio Tourisme",
    "@type": [
      "schema:Organization",
      "foaf:Agent",
      "Agent"
    ],
    "foaf:homepage": [
      "http://www.ot-portovecchio.com/"
    ]
  },
  "hasBeenPublishedBy": [
    {
      "@id": "https://data.datatourisme.fr/8a9feb4b-2cbd-3d2c-b507-bd6c6776b23b",
      "schema:legalName": "Apidae Tourisme Scic SA - source : Apidae Tourisme",
      "@type": [
        "schema:Organization",
        "foaf:Agent",
        "Agent"
      ],
      "foaf:homepage": [
        "https://www.apidae-tourisme.com/"
      ]
    }
  ],
  "hasContact": [
    {
      "@id": "https://data.datatourisme.fr/5ff8a8b1-c2d0-3eb6-bb86-5e27b836a6f1",
      "schema:email": [
        "croisiere.exclusive2a@gmail.com"
      ],
      "schema:telephone": [
        "+33 6 25 81 20 84"
      ],
      "@type": [
        "foaf:Agent",
        "Agent"
      ],
      "foaf:homepage": [
        "http://www.croisiere-exclusive.fr/"
      ]
    }
  ],
  "hasDescription": [
    {
      "@id": "https://data.datatourisme.fr/3381327f-d843-3b98-af20-75dcb53f7c55",
      "@type": [
        "Description"
      ],
      "hasTranslatedProperty": [
        {
          "@id": "https://data.datatourisme.fr/b58d2680-56d4-3f0a-ac19-006853f70f77",
          "dc:contributor": [
            "https://api.deepl.com/v2/translate"
          ],
          "rdf:language": [
            "es"
          ],
          "rdf:predicate": [
            "shortDescription"
          ]
        }
      ],
      "shortDescription": {
        "de": [
          "Seekreuzfahrten mit professionellem Skipper für einen Tag oder einen halben Tag."
        ],
        "en": [
          "Sea cruises with professional skipper for a day or half day."
        ],
        "it": [
          "Crociere in mare con skipper professionista per una giornata o mezza giornata."
        ],
        "fr": [
          "Croisières en mer et location de bateaux avec skipper à la journée ou demi-journée, avec ou sans repas à bord. Départ du ponton de Moby Dick à Santa Giulia et/ou du Port de Plaisance de Porto-Vecchio. 12 pers. max à bord. Privatisation possible."
        ],
        "nl": [
          "Zeecruises met professionele schipper voor een dag of halve dag."
        ],
        "es": [
          "Cruceros marítimos y alquiler de embarcaciones con patrón para un día o medio día, con o sin comidas a bordo. Salida desde el pantalán Moby Dick en Santa Giulia y/o desde el puerto deportivo de Porto-Vecchio. 12 personas como máximo a bordo. Privatización posible."
        ]
      }
    }
  ],
  "hasTranslatedProperty": [
    {
      "@id": "https://data.datatourisme.fr/b91c1a77-5bd6-318f-9cf2-7273ebc4c280",
      "dc:contributor": [
        "https://api.deepl.com/v2/translate"
      ],
      "rdf:language": [
        "es"
      ],
      "rdf:predicate": [
        {
          "@id": "rdfs:comment"
        }
      ]
    }
  ],
  "isLocatedAt": [
    {
      "@id": "https://data.datatourisme.fr/caa9fed6-6d09-34f0-8e85-457bb5144b75",
      "schema:address": [
        {
          "@id": "https://data.datatourisme.fr/1ad0f584-8c14-32ea-bb80-677ebd4f0715",
          "schema:addressLocality": "Porto-Vecchio",
          "schema:postalCode": "20137",
          "schema:streetAddress": [
            "Port de plaisance",
            "Quai Pascal Paoli"
          ],
          "@type": [
            "schema:PostalAddress",
            "PostalAddress"
          ],
          "hasAddressCity": {
            "@id": "kb:2A247",
            "@type": [
              "City"
            ],
            "rdfs:label": {
              "en": [
                "Porto-Vecchio"
              ],
              "fr": [
                "Porto-Vecchio"
              ]
            },
            "insee": "2A247",
            "isPartOfDepartment": {
              "@id": "kb:France942A",
              "@type": [
                "Department"
              ],
              "rdfs:label": {
                "en": [
                  "Corse-du-Sud"
                ],
                "fr": [
                  "Corse-du-Sud"
                ]
              },
              "insee": "2A",
              "isPartOfRegion": {
                "@id": "kb:France94",
                "@type": [
                  "Region"
                ],
                "rdfs:label": {
                  "en": [
                    "Corse"
                  ],
                  "fr": [
                    "Corse"
                  ]
                },
                "insee": "94",
                "isPartOfCountry": {
                  "@id": "kb:France",
                  "@type": [
                    "schema:Country"
                  ],
                  "rdfs:label": {
                    "de": [
                      "Frankreich"
                    ],
                    "pt": [
                      "França"
                    ],
                    "en": [
                      "France"
                    ],
                    "it": [
                      "Francia"
                    ],
                    "fr": [
                      "France"
                    ],
                    "nl": [
                      "Frankrijk"
                    ],
                    "es": [
                      "Francia"
                    ]
                  }
                }
              }
            }
          }
        }
      ],
      "schema:geo": {
        "@id": "https://data.datatourisme.fr/e789100a-05dc-3223-913e-19ff579657b9",
        "schema:latitude": "41.590132",
        "schema:longitude": "9.283183",
        "@type": [
          "schema:GeoCoordinates"
        ]
      },
      "schema:openingHoursSpecification": [
        {
          "@id": "https://data.datatourisme.fr/3b308ce4-8c42-32db-95d4-27549c9f1c5f",
          "schema:closes": "12:30:00",
          "schema:opens": "08:00:00",
          "schema:validFrom": "2023-04-01T00:00:00",
          "schema:validThrough": "2023-10-29T23:59:59",
          "@type": [
            "schema:OpeningHoursSpecification"
          ],
          "additionalInformation": {
            "de": [
              "und von 16 bis 19 Uhr"
            ],
            "en": [
              "and from 4:00 to 7:00 p.m"
            ],
            "it": [
              "e dalle 16.00 alle 19.00"
            ],
            "fr": [
              "et de 16h à 19h"
            ],
            "es": [
              "y de 16:00 a 19:00"
            ],
            "nl": [
              "en van 16.00 tot 19.00 uur"
            ]
          },
          "hasTranslatedProperty": [
            {
              "@id": "https://data.datatourisme.fr/01f2c12f-4539-3087-b9a7-b6167173d943",
              "dc:contributor": [
                "https://api.deepl.com/v2/translate"
              ],
              "rdf:language": [
                "en"
              ],
              "rdf:predicate": [
                "additionalInformation"
              ]
            },
            {
              "@id": "https://data.datatourisme.fr/79735039-b7d4-36bf-af5e-be546cd2e83c",
              "dc:contributor": [
                "https://api.deepl.com/v2/translate"
              ],
              "rdf:language": [
                "es"
              ],
              "rdf:predicate": [
                "additionalInformation"
              ]
            },
            {
              "@id": "https://data.datatourisme.fr/a1dfe333-ddcf-3ced-b4bc-779b76e8df82",
              "dc:contributor": [
                "https://api.deepl.com/v2/translate"
              ],
              "rdf:language": [
                "de"
              ],
              "rdf:predicate": [
                "additionalInformation"
              ]
            },
            {
              "@id": "https://data.datatourisme.fr/dfb27415-6861-3bb9-852b-757364ce5b6a",
              "dc:contributor": [
                "https://api.deepl.com/v2/translate"
              ],
              "rdf:language": [
                "it"
              ],
              "rdf:predicate": [
                "additionalInformation"
              ]
            },
            {
              "@id": "https://data.datatourisme.fr/faf783ee-baa8-3fab-bbd2-d7ac3b61a543",
              "dc:contributor": [
                "https://api.deepl.com/v2/translate"
              ],
              "rdf:language": [
                "nl"
              ],
              "rdf:predicate": [
                "additionalInformation"
              ]
            }
          ]
        }
      ],
      "@type": [
        "schema:Place",
        "Place"
      ]
    }
  ],
  "isOwnedBy": [
    {
      "@id": "https://data.datatourisme.fr/f5f950f9-5eec-32b4-a357-2c969ccf4068",
      "schema:email": [
        "camillef.omt@gmail.com",
        "direction@destination-sudcorse.com",
        "gestion@destination-sudcorse.com",
        "promotion@destination-sudcorse.com",
        "webmaster@destination-sudcorse.com"
      ],
      "schema:legalName": "Porto Vecchio Tourisme",
      "@type": [
        "schema:Organization",
        "foaf:Agent",
        "Agent"
      ],
      "foaf:homepage": [
        "http://www.ot-portovecchio.com/"
      ]
    }
  ],
  "lastUpdate": "2023-04-01",
  "lastUpdateDatatourisme": "2023-04-02T05:48:09.287Z",
  "offers": [
    {
      "@id": "https://data.datatourisme.fr/ea74e4f1-ec6a-3ce6-b714-fc35e53af881",
      "schema:priceSpecification": [
        {
          "@id": "https://data.datatourisme.fr/6d63ef3f-b062-37f5-8b87-f741b16ce3cc",
          "schema:maxPrice": [
            "270"
          ],
          "schema:minPrice": [
            "65"
          ],
          "schema:priceCurrency": "EUR",
          "@type": [
            "schema:PriceSpecification",
            "PriceSpecification"
          ],
          "appliesOnPeriod": [
            {
              "@id": "https://data.datatourisme.fr/655d1335-e078-3f32-add3-c5c3ce317b8f",
              "@type": [
                "Period"
              ],
              "endDate": "2023-10-29",
              "startDate": "2023-04-01"
            }
          ]
        }
      ],
      "@type": [
        "schema:Offer",
        "Offer"
      ]
    }
  ]
}