{
  "@id": "https://data.datatourisme.fr/13/7ec98be8-79f1-3b21-9754-c3ab2526d5ce",
  "dc:identifier": "5445735",
  "@type": [
    "schema:Accommodation",
    "schema:FoodEstablishment",
    "schema:Hotel",
    "schema:LodgingBusiness",
    "schema:Restaurant",
    "Accommodation",
    "FoodEstablishment",
    "Hotel",
    "HotelRestaurant",
    "HotelTrade",
    "PlaceOfInterest",
    "PointOfInterest",
    "Restaurant"
  ],
  "rdfs:comment": {
    "de": [
      "Ein schönes Familienhotel, das auf der Halbinsel Cala Rossa vor Anker gegangen ist, mit den Füßen im Wasser entlang eines riesigen Sandstrandes.\r\nMitglied von Relais & Châteaux und Cercle des Grandes Maisons Corses."
    ],
    "en": [
      "A beautiful family hotel, which has dropped anchor on the peninsula of Cala Rossa, with its feet in the water along an immense beach of fine sand.\r\nMember of Relais & Châteaux and Cercle des Grandes Maisons Corses."
    ],
    "it": [
      "Un bellissimo hotel a conduzione familiare, che ha gettato l'ancora sulla penisola di Cala Rossa, con i piedi in acqua lungo un'immensa spiaggia di sabbia fine.\r\nMembro di Relais & Châteaux e del Cercle des Grandes Maisons Corses."
    ],
    "fr": [
      "Un bel hôtel de famille, qui a jeté l'ancre sur la presqu'ile de Cala Rossa, les pieds dans l'eau le long d'une immense plage de sable fin.\r\nMembre Relais & Châteaux et Cercle des Grandes Maisons Corses."
    ],
    "es": [
      "Un hermoso hotel familiar, que ha echado el ancla en la península de Cala Rossa, con los pies en el agua a lo largo de una inmensa playa de arena fina.\r\nMiembro de Relais & Châteaux y del Cercle des Grandes Maisons Corses."
    ],
    "nl": [
      "Een prachtig familiehotel, dat voor anker is gegaan op het schiereiland Cala Rossa, met de voeten in het water langs een immens strand van fijn zand.\r\nLid van Relais & Châteaux en Cercle des Grandes Maisons Corses."
    ]
  },
  "rdfs:label": {
    "fr": [
      "Grand Hôtel de Cala Rossa"
    ]
  },
  "hasBeenCreatedBy": {
    "@id": "https://data.datatourisme.fr/13/84c6494d-3085-3c63-a55c-db8cb047fadd",
    "dc:identifier": "1738",
    "schema:email": [
      "camillef.omt@gmail.com",
      "direction@destination-sudcorse.com",
      "gestion@destination-sudcorse.com",
      "promotion@destination-sudcorse.com",
      "webmaster@destination-sudcorse.com"
    ],
    "schema:legalName": "Porto Vecchio Tourisme",
    "@type": [
      "schema:Organization",
      "foaf:Agent",
      "Agent"
    ],
    "foaf:homepage": [
      "http://www.ot-portovecchio.com/"
    ]
  },
  "hasBeenPublishedBy": [
    {
      "@id": "https://data.datatourisme.fr/8a9feb4b-2cbd-3d2c-b507-bd6c6776b23b",
      "schema:legalName": "Apidae Tourisme Scic SA - source : Apidae Tourisme",
      "@type": [
        "schema:Organization",
        "foaf:Agent",
        "Agent"
      ],
      "foaf:homepage": [
        "https://www.apidae-tourisme.com/"
      ]
    }
  ],
  "hasContact": [
    {
      "@id": "https://data.datatourisme.fr/ccaf0c18-8726-3c70-bd65-26f38699d090",
      "schema:email": [
        "contact@hotel-calarossa.com",
        "info@hotel-calarossa.com"
      ],
      "schema:telephone": [
        "+33 4 95 71 61 51",
        "+33 4 95 71 78 00",
        "+33 4 95 71 78 10",
        "+33 4 95 71 78 78"
      ],
      "@type": [
        "foaf:Agent",
        "Agent"
      ],
      "foaf:homepage": [
        "https://www.hotel-calarossa.com/"
      ]
    }
  ],
  "hasDescription": [
    {
      "@id": "https://data.datatourisme.fr/6026e1d0-218a-32a2-ac6c-d4c61047d66f",
      "@type": [
        "Description"
      ],
      "hasTranslatedProperty": [
        {
          "@id": "https://data.datatourisme.fr/26973a0e-49b1-34b3-b156-0e9d0fb60f6e",
          "dc:contributor": [
            "https://api.deepl.com/v2/translate"
          ],
          "rdf:language": [
            "es"
          ],
          "rdf:predicate": [
            "shortDescription"
          ]
        }
      ],
      "shortDescription": {
        "de": [
          "Ein schönes Familienhotel, das auf der Halbinsel Cala Rossa vor Anker gegangen ist, mit den Füßen im Wasser entlang eines riesigen Sandstrandes.\r\nMitglied von Relais & Châteaux und Cercle des Grandes Maisons Corses."
        ],
        "en": [
          "A beautiful family hotel, which has dropped anchor on the peninsula of Cala Rossa, with its feet in the water along an immense beach of fine sand.\r\nMember of Relais & Châteaux and Cercle des Grandes Maisons Corses."
        ],
        "it": [
          "Un bellissimo hotel a conduzione familiare, che ha gettato l'ancora sulla penisola di Cala Rossa, con i piedi in acqua lungo un'immensa spiaggia di sabbia fine.\r\nMembro di Relais & Châteaux e del Cercle des Grandes Maisons Corses."
        ],
        "fr": [
          "Un bel hôtel de famille, qui a jeté l'ancre sur la presqu'ile de Cala Rossa, les pieds dans l'eau le long d'une immense plage de sable fin.\r\nMembre Relais & Châteaux et Cercle des Grandes Maisons Corses."
        ],
        "es": [
          "Un hermoso hotel familiar, que ha echado el ancla en la península de Cala Rossa, con los pies en el agua a lo largo de una inmensa playa de arena fina.\r\nMiembro de Relais & Châteaux y del Cercle des Grandes Maisons Corses."
        ],
        "nl": [
          "Een prachtig familiehotel, dat voor anker is gegaan op het schiereiland Cala Rossa, met de voeten in het water langs een immens strand van fijn zand.\r\nLid van Relais & Châteaux en Cercle des Grandes Maisons Corses."
        ]
      }
    }
  ],
  "hasTranslatedProperty": [
    {
      "@id": "https://data.datatourisme.fr/7e44d808-1ecb-3b56-9b1f-7e185a23c3b2",
      "dc:contributor": [
        "https://api.deepl.com/v2/translate"
      ],
      "rdf:language": [
        "en"
      ],
      "rdf:predicate": [
        {
          "@id": "rdfs:comment"
        }
      ]
    },
    {
      "@id": "https://data.datatourisme.fr/c2b531f6-7ba9-377f-b50e-8d32583e81e9",
      "dc:contributor": [
        "https://api.deepl.com/v2/translate"
      ],
      "rdf:language": [
        "es"
      ],
      "rdf:predicate": [
        {
          "@id": "rdfs:comment"
        }
      ]
    },
    {
      "@id": "https://data.datatourisme.fr/c5e39c71-97af-3127-8ac8-32f634813d04",
      "dc:contributor": [
        "https://api.deepl.com/v2/translate"
      ],
      "rdf:language": [
        "de"
      ],
      "rdf:predicate": [
        {
          "@id": "rdfs:comment"
        }
      ]
    },
    {
      "@id": "https://data.datatourisme.fr/e1f59883-a494-3487-8570-9fe790f01e8e",
      "dc:contributor": [
        "https://api.deepl.com/v2/translate"
      ],
      "rdf:language": [
        "it"
      ],
      "rdf:predicate": [
        {
          "@id": "rdfs:comment"
        }
      ]
    }
  ],
  "isLocatedAt": [
    {
      "@id": "https://data.datatourisme.fr/2bc2b8cb-51e0-3e64-8641-72c86599a717",
      "schema:address": [
        {
          "@id": "https://data.datatourisme.fr/d843f001-0df4-3499-af80-16823582f1b3",
          "schema:addressLocality": "Lecci",
          "schema:postalCode": "20137",
          "schema:streetAddress": [
            "Route de Cala Rossa"
          ],
          "@type": [
            "schema:PostalAddress",
            "PostalAddress"
          ],
          "hasAddressCity": {
            "@id": "kb:2A139",
            "@type": [
              "City"
            ],
            "rdfs:label": {
              "en": [
                "Lecci"
              ],
              "fr": [
                "Lecci"
              ]
            },
            "insee": "2A139",
            "isPartOfDepartment": {
              "@id": "kb:France942A",
              "@type": [
                "Department"
              ],
              "rdfs:label": {
                "en": [
                  "Corse-du-Sud"
                ],
                "fr": [
                  "Corse-du-Sud"
                ]
              },
              "insee": "2A",
              "isPartOfRegion": {
                "@id": "kb:France94",
                "@type": [
                  "Region"
                ],
                "rdfs:label": {
                  "en": [
                    "Corse"
                  ],
                  "fr": [
                    "Corse"
                  ]
                },
                "insee": "94",
                "isPartOfCountry": {
                  "@id": "kb:France",
                  "@type": [
                    "schema:Country"
                  ],
                  "rdfs:label": {
                    "de": [
                      "Frankreich"
                    ],
                    "pt": [
                      "França"
                    ],
                    "en": [
                      "France"
                    ],
                    "it": [
                      "Francia"
                    ],
                    "fr": [
                      "France"
                    ],
                    "nl": [
                      "Frankrijk"
                    ],
                    "es": [
                      "Francia"
                    ]
                  }
                }
              }
            }
          }
        }
      ],
      "schema:geo": {
        "@id": "https://data.datatourisme.fr/b81cd796-e1c2-3b09-bea9-25e0f4055413",
        "schema:latitude": "41.621827",
        "schema:longitude": "9.338508",
        "@type": [
          "schema:GeoCoordinates"
        ]
      },
      "schema:openingHoursSpecification": [
        {
          "@id": "https://data.datatourisme.fr/4335455b-2948-3466-8abe-19dfaa79798e",
          "schema:validFrom": "2023-04-27T00:00:00",
          "schema:validThrough": "2023-10-29T23:59:59",
          "@type": [
            "schema:OpeningHoursSpecification"
          ],
          "additionalInformation": {
            "de": [
              "24 Stunden am Tag geöffnet.\n\nMontag, Dienstag, Mittwoch, Donnerstag, Freitag, Samstag, Sonntag: geöffnet"
            ],
            "en": [
              "Open 24 hours a day.\n\nMonday, Tuesday, Wednesday, Thursday, Friday, Saturday, Sunday: open"
            ],
            "it": [
              "Aperto 24 ore su 24.\n\nLunedì, martedì, mercoledì, giovedì, venerdì, sabato, domenica: aperto"
            ],
            "fr": [
              "Ouvert 24h/24.\n\nLundi, Mardi, Mercredi, Jeudi, Vendredi, Samedi, Dimanche : ouvert"
            ],
            "es": [
              "Abierto las 24 horas.\n\nLunes, martes, miércoles, jueves, viernes, sábado y domingo: abierto"
            ],
            "nl": [
              "24 uur open.\n\nMaandag, dinsdag, woensdag, donderdag, vrijdag, zaterdag, zondag: open"
            ]
          },
          "hasTranslatedProperty": [
            {
              "@id": "https://data.datatourisme.fr/8d248d28-eb15-3214-ac16-58c855889bda",
              "dc:contributor": [
                "https://api.deepl.com/v2/translate"
              ],
              "rdf:language": [
                "it"
              ],
              "rdf:predicate": [
                "additionalInformation"
              ]
            },
            {
              "@id": "https://data.datatourisme.fr/a08fae40-a4d2-3796-81e6-1d39f8d549f0",
              "dc:contributor": [
                "https://api.deepl.com/v2/translate"
              ],
              "rdf:language": [
                "nl"
              ],
              "rdf:predicate": [
                "additionalInformation"
              ]
            },
            {
              "@id": "https://data.datatourisme.fr/d9dcf984-1f49-3bdc-9fb1-c3280e1e59df",
              "dc:contributor": [
                "https://api.deepl.com/v2/translate"
              ],
              "rdf:language": [
                "de"
              ],
              "rdf:predicate": [
                "additionalInformation"
              ]
            },
            {
              "@id": "https://data.datatourisme.fr/e51e27c9-f47d-3f96-bf5c-f49f996a848a",
              "dc:contributor": [
                "https://api.deepl.com/v2/translate"
              ],
              "rdf:language": [
                "en"
              ],
              "rdf:predicate": [
                "additionalInformation"
              ]
            },
            {
              "@id": "https://data.datatourisme.fr/f8743dad-f25a-3264-a2f6-378bcfc7cc1f",
              "dc:contributor": [
                "https://api.deepl.com/v2/translate"
              ],
              "rdf:language": [
                "es"
              ],
              "rdf:predicate": [
                "additionalInformation"
              ]
            }
          ]
        }
      ],
      "@type": [
        "schema:Place",
        "Place"
      ]
    }
  ],
  "isOwnedBy": [
    {
      "@id": "https://data.datatourisme.fr/f5f950f9-5eec-32b4-a357-2c969ccf4068",
      "schema:email": [
        "camillef.omt@gmail.com",
        "direction@destination-sudcorse.com",
        "gestion@destination-sudcorse.com",
        "promotion@destination-sudcorse.com",
        "webmaster@destination-sudcorse.com"
      ],
      "schema:legalName": "Porto Vecchio Tourisme",
      "@type": [
        "schema:Organization",
        "foaf:Agent",
        "Agent"
      ],
      "foaf:homepage": [
        "http://www.ot-portovecchio.com/"
      ]
    }
  ],
  "lastUpdate": "2022-11-07",
  "lastUpdateDatatourisme": "2023-04-04T05:52:39.396Z",
  "offers": [
    {
      "@id": "https://data.datatourisme.fr/41b253d8-6687-355f-bf53-e0fd7981cbf6",
      "schema:priceSpecification": [
        {
          "@id": "https://data.datatourisme.fr/59746835-8b2b-3a8d-b314-b2b97e4d3db2",
          "schema:maxPrice": [
            "1400",
            "1810"
          ],
          "schema:minPrice": [
            "330",
            "740"
          ],
          "schema:priceCurrency": "EUR",
          "@type": [
            "schema:PriceSpecification",
            "PriceSpecification"
          ],
          "appliesOnPeriod": [
            {
              "@id": "https://data.datatourisme.fr/d2868ae8-5e1b-35d7-8df7-fbae5e6bf342",
              "@type": [
                "Period"
              ],
              "endDate": "2023-10-29",
              "startDate": "2023-04-27"
            }
          ]
        }
      ],
      "@type": [
        "schema:Offer",
        "Offer"
      ]
    }
  ]
}