{
  "@id": "https://data.datatourisme.fr/13/94b40ff2-7026-39aa-bc43-4b4b2ad2a507",
  "dc:identifier": "5113324",
  "@type": [
    "schema:Accommodation",
    "schema:LodgingBusiness",
    "Accommodation",
    "CollectiveAccommodation",
    "HolidayResort",
    "PlaceOfInterest",
    "PointOfInterest"
  ],
  "rdfs:comment": {
    "de": [
      "5 Autominuten von den Stränden von Calvi und der Balagne entfernt, entdecken Sie die Residenz Padro, die ruhig inmitten der Macchia liegt und profitieren Sie von den Leistungen des Hotels Cesario."
    ],
    "en": [
      "At 5-minute drive from the beaches of Calvi and Balagne, discover the Padro Residence, quietly located in the middle of the forest and enjoy the services of the Hotel Cesario."
    ],
    "it": [
      "A 5 minuti in macchina dalle spiagge di Calvi e Balagne, scoprite il Residence Padro, situato in posizione tranquilla in mezzo alla macchia mediterranea e approfittate dei servizi dell'hotel Cesario."
    ],
    "fr": [
      "A 5 mn en voiture des plages de Calvi et de Balagne, découvrez la Résidence Padro, située au calme en plein maquis et bénéficiez des prestations de l'hôtel Cesario."
    ],
    "nl": [
      "Op 5 minuten rijden van de stranden van Calvi en Balagne, ontdek de Residence Padro, gelegen in het midden van het maquis en profiteer van de diensten van het hotel Cesario."
    ],
    "es": [
      "A 5 minutos en coche de las playas de Calvi y Balagne, descubra la Residencia Padro, situada en medio del maquis y benefíciese de los servicios del hotel Cesario."
    ]
  },
  "rdfs:label": {
    "fr": [
      "Le Padro"
    ]
  },
  "hasBeenCreatedBy": {
    "@id": "https://data.datatourisme.fr/13/e4873aa9-a05c-35ed-8395-61d121516766",
    "dc:identifier": "1646",
    "schema:email": [
      "info@balagne-corsica.com"
    ],
    "schema:legalName": "Office de Tourisme Intercommunal Calvi - Balagne",
    "@type": [
      "schema:Organization",
      "foaf:Agent",
      "Agent"
    ],
    "foaf:homepage": [
      "https://www.balagne-corsica.com/"
    ]
  },
  "hasBeenPublishedBy": [
    {
      "@id": "https://data.datatourisme.fr/8a9feb4b-2cbd-3d2c-b507-bd6c6776b23b",
      "schema:legalName": "Apidae Tourisme Scic SA - source : Apidae Tourisme",
      "@type": [
        "schema:Organization",
        "foaf:Agent",
        "Agent"
      ],
      "foaf:homepage": [
        "https://www.apidae-tourisme.com/"
      ]
    }
  ],
  "hasContact": [
    {
      "@id": "https://data.datatourisme.fr/d3a512ce-b43d-3b69-bf2b-58c160e98f58",
      "schema:email": [
        "info@viacalvi.fr"
      ],
      "schema:telephone": [
        "+33 4 95 65 95 00",
        "+33 6 80 60 44 37"
      ],
      "@type": [
        "foaf:Agent",
        "Agent"
      ],
      "foaf:homepage": [
        "http://www.calvi-location-corse.fr/"
      ]
    }
  ],
  "hasDescription": [
    {
      "@id": "https://data.datatourisme.fr/e6ac7f08-3a0e-37f5-beb1-571b9dae2aa8",
      "@type": [
        "Description"
      ],
      "hasTranslatedProperty": [
        {
          "@id": "https://data.datatourisme.fr/35f2bc8a-7a3a-390b-a27c-1edbd68d60fb",
          "dc:contributor": [
            "https://api.deepl.com/v2/translate"
          ],
          "rdf:language": [
            "nl"
          ],
          "rdf:predicate": [
            "shortDescription"
          ]
        },
        {
          "@id": "https://data.datatourisme.fr/b00cc32e-a180-3352-9259-b465d1092ff8",
          "dc:contributor": [
            "https://api.deepl.com/v2/translate"
          ],
          "rdf:language": [
            "de"
          ],
          "rdf:predicate": [
            "shortDescription"
          ]
        },
        {
          "@id": "https://data.datatourisme.fr/ba61939a-9037-3aa2-90d0-66c5e7e27aca",
          "dc:contributor": [
            "https://api.deepl.com/v2/translate"
          ],
          "rdf:language": [
            "es"
          ],
          "rdf:predicate": [
            "shortDescription"
          ]
        }
      ],
      "shortDescription": {
        "de": [
          "5 Autominuten von den Stränden von Calvi und der Balagne entfernt, entdecken Sie die Residenz Padro, die ruhig inmitten der Macchia liegt und profitieren Sie von den Leistungen des Hotels Cesario."
        ],
        "en": [
          "At 5-minute drive from the beaches of Calvi and Balagne, discover the Padro Residence, quietly located in the middle of the forest and enjoy the services of the Hotel Cesario."
        ],
        "it": [
          "A 5 minuti in macchina dalle spiagge di Calvi e Balagne, scoprite il Residence Padro, situato in posizione tranquilla in mezzo alla macchia mediterranea e approfittate dei servizi dell'hotel Cesario."
        ],
        "fr": [
          "A 5 mn en voiture des plages de Calvi et de Balagne, découvrez la Résidence Padro, située au calme en plein maquis et bénéficiez des prestations de l'hôtel Cesario."
        ],
        "nl": [
          "Op 5 minuten rijden van de stranden van Calvi en Balagne, ontdek de Residence Padro, gelegen in het midden van het maquis en profiteer van de diensten van het hotel Cesario."
        ],
        "es": [
          "A 5 minutos en coche de las playas de Calvi y Balagne, descubra la Residencia Padro, situada en medio del maquis y benefíciese de los servicios del hotel Cesario."
        ]
      }
    }
  ],
  "hasTranslatedProperty": [
    {
      "@id": "https://data.datatourisme.fr/43e36372-0a35-32ba-b57d-3aee6b221039",
      "dc:contributor": [
        "https://api.deepl.com/v2/translate"
      ],
      "rdf:language": [
        "nl"
      ],
      "rdf:predicate": [
        {
          "@id": "rdfs:comment"
        }
      ]
    },
    {
      "@id": "https://data.datatourisme.fr/a4f47ad6-b433-3479-92bb-5db71cccc1d1",
      "dc:contributor": [
        "https://api.deepl.com/v2/translate"
      ],
      "rdf:language": [
        "es"
      ],
      "rdf:predicate": [
        {
          "@id": "rdfs:comment"
        }
      ]
    },
    {
      "@id": "https://data.datatourisme.fr/e64434ef-a9a1-369b-8334-4fd2e7b47e80",
      "dc:contributor": [
        "https://api.deepl.com/v2/translate"
      ],
      "rdf:language": [
        "de"
      ],
      "rdf:predicate": [
        {
          "@id": "rdfs:comment"
        }
      ]
    }
  ],
  "isLocatedAt": [
    {
      "@id": "https://data.datatourisme.fr/b8d81d3c-3697-33cb-8788-f218d4d094bb",
      "schema:address": [
        {
          "@id": "https://data.datatourisme.fr/d0afb423-edfe-39b4-b3bb-b82be6627e39",
          "schema:addressLocality": "Calvi",
          "schema:postalCode": "20260",
          "schema:streetAddress": [
            "Route de Calenzana"
          ],
          "@type": [
            "schema:PostalAddress",
            "PostalAddress"
          ],
          "hasAddressCity": {
            "@id": "kb:2B050",
            "@type": [
              "City"
            ],
            "rdfs:label": {
              "en": [
                "Calvi"
              ],
              "fr": [
                "Calvi"
              ]
            },
            "insee": "2B050",
            "isPartOfDepartment": {
              "@id": "kb:France942B",
              "@type": [
                "Department"
              ],
              "rdfs:label": {
                "en": [
                  "Haute-Corse"
                ],
                "fr": [
                  "Haute-Corse"
                ]
              },
              "insee": "2B",
              "isPartOfRegion": {
                "@id": "kb:France94",
                "@type": [
                  "Region"
                ],
                "rdfs:label": {
                  "en": [
                    "Corse"
                  ],
                  "fr": [
                    "Corse"
                  ]
                },
                "insee": "94",
                "isPartOfCountry": {
                  "@id": "kb:France",
                  "@type": [
                    "schema:Country"
                  ],
                  "rdfs:label": {
                    "de": [
                      "Frankreich"
                    ],
                    "pt": [
                      "França"
                    ],
                    "en": [
                      "France"
                    ],
                    "it": [
                      "Francia"
                    ],
                    "fr": [
                      "France"
                    ],
                    "nl": [
                      "Frankrijk"
                    ],
                    "es": [
                      "Francia"
                    ]
                  }
                }
              }
            }
          }
        }
      ],
      "schema:geo": {
        "@id": "https://data.datatourisme.fr/53ae9de6-a966-313c-b1f7-8589ed20359a",
        "schema:latitude": "42.543739",
        "schema:longitude": "8.798235",
        "@type": [
          "schema:GeoCoordinates"
        ]
      },
      "schema:openingHoursSpecification": [
        {
          "@id": "https://data.datatourisme.fr/288686e1-10b2-3e6e-82f2-3ecb411df9c0",
          "schema:validFrom": "2023-04-16T00:00:00",
          "schema:validThrough": "2023-10-16T23:59:59",
          "@type": [
            "schema:OpeningHoursSpecification"
          ],
          "additionalInformation": {
            "de": [
              "Öffnungszeitraum nur zur Orientierung."
            ],
            "en": [
              "Opening period for information only."
            ],
            "it": [
              "Il periodo di apertura è indicativo."
            ],
            "fr": [
              "Période d'ouverture à titre indicatif."
            ],
            "es": [
              "El periodo de apertura es indicativo."
            ],
            "nl": [
              "De openingsperiode is indicatief."
            ]
          },
          "hasTranslatedProperty": [
            {
              "@id": "https://data.datatourisme.fr/04ae8320-9dd4-3b73-8796-ce71d1c6c042",
              "dc:contributor": [
                "https://api.deepl.com/v2/translate"
              ],
              "rdf:language": [
                "it"
              ],
              "rdf:predicate": [
                "additionalInformation"
              ]
            },
            {
              "@id": "https://data.datatourisme.fr/0d48790c-7128-340d-b49d-f4786b7ccaee",
              "dc:contributor": [
                "https://api.deepl.com/v2/translate"
              ],
              "rdf:language": [
                "es"
              ],
              "rdf:predicate": [
                "additionalInformation"
              ]
            },
            {
              "@id": "https://data.datatourisme.fr/247fdbb4-f29a-3e87-b0d1-509f889ef3b3",
              "dc:contributor": [
                "https://api.deepl.com/v2/translate"
              ],
              "rdf:language": [
                "en"
              ],
              "rdf:predicate": [
                "additionalInformation"
              ]
            },
            {
              "@id": "https://data.datatourisme.fr/2e315b2e-140b-3b3b-8570-a04565f73974",
              "dc:contributor": [
                "https://api.deepl.com/v2/translate"
              ],
              "rdf:language": [
                "nl"
              ],
              "rdf:predicate": [
                "additionalInformation"
              ]
            },
            {
              "@id": "https://data.datatourisme.fr/d3df2422-9f59-3f6a-a170-5b78f0c86196",
              "dc:contributor": [
                "https://api.deepl.com/v2/translate"
              ],
              "rdf:language": [
                "de"
              ],
              "rdf:predicate": [
                "additionalInformation"
              ]
            }
          ]
        }
      ],
      "@type": [
        "schema:Place",
        "Place"
      ]
    }
  ],
  "isOwnedBy": [
    {
      "@id": "https://data.datatourisme.fr/194c52e6-bbae-33dc-8464-caca97844fbb",
      "schema:email": [
        "info@balagne-corsica.com"
      ],
      "schema:legalName": "Office de Tourisme Intercommunal Calvi - Balagne",
      "@type": [
        "schema:Organization",
        "foaf:Agent",
        "Agent"
      ],
      "foaf:homepage": [
        "https://www.balagne-corsica.com/"
      ]
    }
  ],
  "lastUpdate": "2023-01-13",
  "lastUpdateDatatourisme": "2023-04-04T05:52:39.408Z",
  "offers": [
    {
      "@id": "https://data.datatourisme.fr/fb6fe606-4f9e-3b0d-9627-077fa5af3be3",
      "schema:priceSpecification": [
        {
          "@id": "https://data.datatourisme.fr/5ba1b45b-0d44-3db0-abe8-9c6910176109",
          "schema:maxPrice": [
            "1316",
            "658",
            "980"
          ],
          "schema:minPrice": [
            "350",
            "455",
            "602"
          ],
          "schema:priceCurrency": "EUR",
          "@type": [
            "schema:PriceSpecification",
            "PriceSpecification"
          ],
          "appliesOnPeriod": [
            {
              "@id": "https://data.datatourisme.fr/41b3958a-529b-39c7-90ce-127eb67f20d9",
              "@type": [
                "Period"
              ],
              "endDate": "2023-10-16",
              "startDate": "2023-04-16"
            }
          ]
        }
      ],
      "@type": [
        "schema:Offer",
        "Offer"
      ]
    }
  ]
}