{
  "@id": "https://data.datatourisme.fr/13/94cce5f4-2667-37ad-b0d5-bf4a8c508f33",
  "dc:identifier": "5216071",
  "@type": [
    "schema:LocalBusiness",
    "ActivityProvider",
    "PlaceOfInterest",
    "PointOfInterest",
    "Store"
  ],
  "rdfs:comment": {
    "de": [
      "Privates Tauchen in kleinem Komitee im Herzen des Naturreservats der Mündung von Bonifacio (Lavezzi und Bruzzi)."
    ],
    "en": [
      "Privatized Diving in small Committee in the heart of the Natural Reserve of the Mouths of Bonifacio (Lavezzi and Bruzzi)."
    ],
    "it": [
      "Immersioni private in piccolo comitato nel cuore della Riserva Naturale delle Bocche di Bonifacio (Lavezzi e Bruzzi)."
    ],
    "fr": [
      "Vous rêvez d'une plongée privilégiée ? Diving Private c'est une vision unique de la plongée : plongées en petit comité (6 pers. max) ou 100 % privatisées au départ de Bonifacio, Pianottoli et Tizzano. Professionnels à l'écoute. Matériel Haut de Gamme."
    ],
    "es": [
      "¿Sueña con una inmersión privilegiada? Diving Private es una visión única del buceo: inmersiones en pequeños grupos (6 personas como máximo) o 100% privatizadas desde Bonifacio, Pianottoli y Tizzano. Profesionales que te escuchan. Equipamiento de alta gama."
    ],
    "nl": [
      "Privé-duiken in klein comité in het hart van het natuurreservaat van Bonifacio (Lavezzi en Bruzzi)."
    ]
  },
  "rdfs:label": {
    "fr": [
      "Diving Private Pianottoli"
    ]
  },
  "hasBeenCreatedBy": {
    "@id": "https://data.datatourisme.fr/13/84c6494d-3085-3c63-a55c-db8cb047fadd",
    "dc:identifier": "1738",
    "schema:email": [
      "camillef.omt@gmail.com",
      "direction@destination-sudcorse.com",
      "gestion@destination-sudcorse.com",
      "promotion@destination-sudcorse.com",
      "webmaster@destination-sudcorse.com"
    ],
    "schema:legalName": "Porto Vecchio Tourisme",
    "@type": [
      "schema:Organization",
      "foaf:Agent",
      "Agent"
    ],
    "foaf:homepage": [
      "http://www.ot-portovecchio.com/"
    ]
  },
  "hasBeenPublishedBy": [
    {
      "@id": "https://data.datatourisme.fr/8a9feb4b-2cbd-3d2c-b507-bd6c6776b23b",
      "schema:legalName": "Apidae Tourisme Scic SA - source : Apidae Tourisme",
      "@type": [
        "schema:Organization",
        "foaf:Agent",
        "Agent"
      ],
      "foaf:homepage": [
        "https://www.apidae-tourisme.com/"
      ]
    }
  ],
  "hasContact": [
    {
      "@id": "https://data.datatourisme.fr/73b7b541-a358-3530-beee-055d0b2559f1",
      "schema:email": [
        "contact@pianottoli-diving.com"
      ],
      "schema:telephone": [
        "+33 6 01 78 15 14",
        "+33 6 30 03 03 01"
      ],
      "@type": [
        "foaf:Agent",
        "Agent"
      ],
      "foaf:homepage": [
        "http://www.pianottoli-diving.com/"
      ]
    }
  ],
  "hasDescription": [
    {
      "@id": "https://data.datatourisme.fr/515200a8-4a9a-306e-9f55-49e54fc7d52c",
      "@type": [
        "Description"
      ],
      "hasTranslatedProperty": [
        {
          "@id": "https://data.datatourisme.fr/97768b56-9708-3b7d-861b-41db91dd27c1",
          "dc:contributor": [
            "https://api.deepl.com/v2/translate"
          ],
          "rdf:language": [
            "es"
          ],
          "rdf:predicate": [
            "shortDescription"
          ]
        }
      ],
      "shortDescription": {
        "de": [
          "Privates Tauchen in kleinem Komitee im Herzen des Naturreservats der Mündung von Bonifacio (Lavezzi und Bruzzi)."
        ],
        "en": [
          "Privatized Diving in small Committee in the heart of the Natural Reserve of the Mouths of Bonifacio (Lavezzi and Bruzzi)."
        ],
        "it": [
          "Immersioni private in piccolo comitato nel cuore della Riserva Naturale delle Bocche di Bonifacio (Lavezzi e Bruzzi)."
        ],
        "fr": [
          "Vous rêvez d'une plongée privilégiée ? Diving Private c'est une vision unique de la plongée : plongées en petit comité (6 pers. max) ou 100 % privatisées au départ de Bonifacio, Pianottoli et Tizzano. Professionnels à l'écoute. Matériel Haut de Gamme."
        ],
        "es": [
          "¿Sueña con una inmersión privilegiada? Diving Private es una visión única del buceo: inmersiones en pequeños grupos (6 personas como máximo) o 100% privatizadas desde Bonifacio, Pianottoli y Tizzano. Profesionales que te escuchan. Equipamiento de alta gama."
        ],
        "nl": [
          "Privé-duiken in klein comité in het hart van het natuurreservaat van Bonifacio (Lavezzi en Bruzzi)."
        ]
      }
    }
  ],
  "hasTheme": [
    {
      "@id": "kb:Diving",
      "@type": [
        "SportsTheme"
      ],
      "rdfs:label": {
        "de": [
          "Tauchen"
        ],
        "pt": [
          "Mergulho"
        ],
        "en": [
          "Diving"
        ],
        "it": [
          "Immersione"
        ],
        "fr": [
          "Plongée"
        ],
        "nl": [
          "Duiken"
        ],
        "es": [
          "Buceo"
        ]
      }
    }
  ],
  "hasTranslatedProperty": [
    {
      "@id": "https://data.datatourisme.fr/8f40202f-e712-3eac-b27e-96b2f17d1f06",
      "dc:contributor": [
        "https://api.deepl.com/v2/translate"
      ],
      "rdf:language": [
        "es"
      ],
      "rdf:predicate": [
        {
          "@id": "rdfs:comment"
        }
      ]
    }
  ],
  "isLocatedAt": [
    {
      "@id": "https://data.datatourisme.fr/1a1c378f-faa4-3ac9-894b-b8aad68fd2ba",
      "schema:address": [
        {
          "@id": "https://data.datatourisme.fr/0b840f8d-a973-3590-aae3-51f699959629",
          "schema:addressLocality": "Pianottoli-Caldarello",
          "schema:postalCode": "20131",
          "schema:streetAddress": [
            "Hôtel U Libecciu"
          ],
          "@type": [
            "schema:PostalAddress",
            "PostalAddress"
          ],
          "hasAddressCity": {
            "@id": "kb:2A215",
            "@type": [
              "City"
            ],
            "rdfs:label": {
              "en": [
                "Pianottoli-Caldarello"
              ],
              "fr": [
                "Pianottoli-Caldarello"
              ]
            },
            "insee": "2A215",
            "isPartOfDepartment": {
              "@id": "kb:France942A",
              "@type": [
                "Department"
              ],
              "rdfs:label": {
                "en": [
                  "Corse-du-Sud"
                ],
                "fr": [
                  "Corse-du-Sud"
                ]
              },
              "insee": "2A",
              "isPartOfRegion": {
                "@id": "kb:France94",
                "@type": [
                  "Region"
                ],
                "rdfs:label": {
                  "en": [
                    "Corse"
                  ],
                  "fr": [
                    "Corse"
                  ]
                },
                "insee": "94",
                "isPartOfCountry": {
                  "@id": "kb:France",
                  "@type": [
                    "schema:Country"
                  ],
                  "rdfs:label": {
                    "de": [
                      "Frankreich"
                    ],
                    "pt": [
                      "França"
                    ],
                    "en": [
                      "France"
                    ],
                    "it": [
                      "Francia"
                    ],
                    "fr": [
                      "France"
                    ],
                    "nl": [
                      "Frankrijk"
                    ],
                    "es": [
                      "Francia"
                    ]
                  }
                }
              }
            }
          }
        }
      ],
      "schema:geo": {
        "@id": "https://data.datatourisme.fr/f3970cca-8210-3301-8df0-8e133c536061",
        "schema:latitude": "41.476",
        "schema:longitude": "9.0678",
        "@type": [
          "schema:GeoCoordinates"
        ]
      },
      "schema:openingHoursSpecification": [
        {
          "@id": "https://data.datatourisme.fr/dea374a9-b904-3be2-a02c-e77103d673bb",
          "schema:validFrom": "2023-05-01T00:00:00",
          "schema:validThrough": "2023-12-02T23:59:59",
          "@type": [
            "schema:OpeningHoursSpecification"
          ]
        }
      ],
      "@type": [
        "schema:Place",
        "Place"
      ]
    }
  ],
  "isOwnedBy": [
    {
      "@id": "https://data.datatourisme.fr/f5f950f9-5eec-32b4-a357-2c969ccf4068",
      "schema:email": [
        "camillef.omt@gmail.com",
        "direction@destination-sudcorse.com",
        "gestion@destination-sudcorse.com",
        "promotion@destination-sudcorse.com",
        "webmaster@destination-sudcorse.com"
      ],
      "schema:legalName": "Porto Vecchio Tourisme",
      "@type": [
        "schema:Organization",
        "foaf:Agent",
        "Agent"
      ],
      "foaf:homepage": [
        "http://www.ot-portovecchio.com/"
      ]
    }
  ],
  "lastUpdate": "2023-02-20",
  "lastUpdateDatatourisme": "2023-02-21T06:40:31.617Z",
  "offers": [
    {
      "@id": "https://data.datatourisme.fr/9e8896f0-9439-36f4-af7a-4c8e44298fdf",
      "schema:priceSpecification": [
        {
          "@id": "https://data.datatourisme.fr/7b902cb8-966f-37ce-9f3c-d88ce75f9c1c",
          "schema:minPrice": [
            "60"
          ],
          "schema:priceCurrency": "EUR",
          "@type": [
            "schema:PriceSpecification",
            "PriceSpecification"
          ],
          "appliesOnPeriod": [
            {
              "@id": "https://data.datatourisme.fr/f579e1b6-1cc5-3db9-b1d5-cdae635d7723",
              "@type": [
                "Period"
              ],
              "endDate": "2023-12-02",
              "startDate": "2023-05-01"
            }
          ]
        }
      ],
      "@type": [
        "schema:Offer",
        "Offer"
      ]
    }
  ]
}