{
  "@id": "https://data.datatourisme.fr/13/94c675c7-23c7-3351-9b63-6b09cd72b905",
  "dc:identifier": "5255707",
  "@type": [
    "schema:LocalBusiness",
    "CraftsmanShop",
    "PlaceOfInterest",
    "PointOfInterest",
    "Store"
  ],
  "rdfs:comment": {
    "de": [
      "Studio Piras bietet sehr hochwertige Dienstleistungen: Hochzeitsreportagen, Porträts, Innenaufnahmen."
    ],
    "en": [
      "Studio Piras offers very high quality services: wedding reports, portraits, interior photography."
    ],
    "it": [
      "Studio Piras offre servizi di altissima qualità: reportage di matrimonio, ritratti, fotografia d'interni."
    ],
    "fr": [
      "Nos services en boutique : photos d’identité, tirage photo, impression fine art grand format, encadrement standard et sur-mesure, matériel Leica…Studio de photographes professionnels : reportages événementiels, portraits, corporate et photo immobilier."
    ],
    "nl": [
      "Studio Piras biedt zeer hoogwaardige diensten aan: huwelijksreportages, portretten, interieurfotografie."
    ],
    "es": [
      "Nuestros servicios en la tienda: fotos de identidad, impresión fotográfica, impresión artística de gran formato, enmarcado estándar y personalizado, equipo Leica, etc. Estudio de fotógrafos profesionales: reportajes de eventos, retratos, fotografía corporativa e inmobiliaria."
    ]
  },
  "rdfs:label": {
    "fr": [
      "Studio Piras"
    ]
  },
  "hasBeenCreatedBy": {
    "@id": "https://data.datatourisme.fr/13/84c6494d-3085-3c63-a55c-db8cb047fadd",
    "dc:identifier": "1738",
    "schema:email": [
      "camillef.omt@gmail.com",
      "direction@destination-sudcorse.com",
      "gestion@destination-sudcorse.com",
      "promotion@destination-sudcorse.com",
      "webmaster@destination-sudcorse.com"
    ],
    "schema:legalName": "Porto Vecchio Tourisme",
    "@type": [
      "schema:Organization",
      "foaf:Agent",
      "Agent"
    ],
    "foaf:homepage": [
      "http://www.ot-portovecchio.com/"
    ]
  },
  "hasBeenPublishedBy": [
    {
      "@id": "https://data.datatourisme.fr/8a9feb4b-2cbd-3d2c-b507-bd6c6776b23b",
      "schema:legalName": "Apidae Tourisme Scic SA - source : Apidae Tourisme",
      "@type": [
        "schema:Organization",
        "foaf:Agent",
        "Agent"
      ],
      "foaf:homepage": [
        "https://www.apidae-tourisme.com/"
      ]
    }
  ],
  "hasContact": [
    {
      "@id": "https://data.datatourisme.fr/b8297579-99d4-3dd0-adb2-6b7575521458",
      "schema:email": [
        "contact@studio-piras.com"
      ],
      "schema:telephone": [
        "+33 4 95 70 51 17"
      ],
      "@type": [
        "foaf:Agent",
        "Agent"
      ],
      "foaf:homepage": [
        "http://www.studio-piras.com/"
      ]
    }
  ],
  "hasDescription": [
    {
      "@id": "https://data.datatourisme.fr/3ac9e1b7-643b-3101-bed3-0525fb65b1be",
      "@type": [
        "Description"
      ],
      "hasTranslatedProperty": [
        {
          "@id": "https://data.datatourisme.fr/a8124004-5b61-3bcf-8fd3-fb367ba64ba2",
          "dc:contributor": [
            "https://api.deepl.com/v2/translate"
          ],
          "rdf:language": [
            "es"
          ],
          "rdf:predicate": [
            "shortDescription"
          ]
        }
      ],
      "shortDescription": {
        "de": [
          "Studio Piras bietet sehr hochwertige Dienstleistungen: Hochzeitsreportagen, Porträts, Innenaufnahmen."
        ],
        "en": [
          "Studio Piras offers very high quality services: wedding reports, portraits, interior photography."
        ],
        "it": [
          "Studio Piras offre servizi di altissima qualità: reportage di matrimonio, ritratti, fotografia d'interni."
        ],
        "fr": [
          "Nos services en boutique : photos d’identité, tirage photo, impression fine art grand format, encadrement standard et sur-mesure, matériel Leica…Studio de photographes professionnels : reportages événementiels, portraits, corporate et photo immobilier."
        ],
        "nl": [
          "Studio Piras biedt zeer hoogwaardige diensten aan: huwelijksreportages, portretten, interieurfotografie."
        ],
        "es": [
          "Nuestros servicios en la tienda: fotos de identidad, impresión fotográfica, impresión artística de gran formato, enmarcado estándar y personalizado, equipo Leica, etc. Estudio de fotógrafos profesionales: reportajes de eventos, retratos, fotografía corporativa e inmobiliaria."
        ]
      }
    }
  ],
  "hasTranslatedProperty": [
    {
      "@id": "https://data.datatourisme.fr/18bd1965-2083-30a3-b2c1-61a742268ed6",
      "dc:contributor": [
        "https://api.deepl.com/v2/translate"
      ],
      "rdf:language": [
        "es"
      ],
      "rdf:predicate": [
        {
          "@id": "rdfs:comment"
        }
      ]
    }
  ],
  "isLocatedAt": [
    {
      "@id": "https://data.datatourisme.fr/f36e4639-df00-3114-9f65-678b3466977a",
      "schema:address": [
        {
          "@id": "https://data.datatourisme.fr/b1d937c9-7f03-3041-abaf-5b34de867892",
          "schema:addressLocality": "Porto-Vecchio",
          "schema:postalCode": "20137",
          "schema:streetAddress": [
            "17 avenue Maréchal Leclerc"
          ],
          "@type": [
            "schema:PostalAddress",
            "PostalAddress"
          ],
          "hasAddressCity": {
            "@id": "kb:2A247",
            "@type": [
              "City"
            ],
            "rdfs:label": {
              "en": [
                "Porto-Vecchio"
              ],
              "fr": [
                "Porto-Vecchio"
              ]
            },
            "insee": "2A247",
            "isPartOfDepartment": {
              "@id": "kb:France942A",
              "@type": [
                "Department"
              ],
              "rdfs:label": {
                "en": [
                  "Corse-du-Sud"
                ],
                "fr": [
                  "Corse-du-Sud"
                ]
              },
              "insee": "2A",
              "isPartOfRegion": {
                "@id": "kb:France94",
                "@type": [
                  "Region"
                ],
                "rdfs:label": {
                  "en": [
                    "Corse"
                  ],
                  "fr": [
                    "Corse"
                  ]
                },
                "insee": "94",
                "isPartOfCountry": {
                  "@id": "kb:France",
                  "@type": [
                    "schema:Country"
                  ],
                  "rdfs:label": {
                    "de": [
                      "Frankreich"
                    ],
                    "pt": [
                      "França"
                    ],
                    "en": [
                      "France"
                    ],
                    "it": [
                      "Francia"
                    ],
                    "fr": [
                      "France"
                    ],
                    "nl": [
                      "Frankrijk"
                    ],
                    "es": [
                      "Francia"
                    ]
                  }
                }
              }
            }
          }
        }
      ],
      "schema:geo": {
        "@id": "https://data.datatourisme.fr/8d2d1f75-9070-3239-a9f0-7f177fe04dc2",
        "schema:latitude": "41.592",
        "schema:longitude": "9.2782",
        "@type": [
          "schema:GeoCoordinates"
        ]
      },
      "schema:openingHoursSpecification": [
        {
          "@id": "https://data.datatourisme.fr/f87e535a-636d-3343-ad63-8a03392e7511",
          "schema:validFrom": "2023-01-01T00:00:00",
          "schema:validThrough": "2023-12-31T23:59:59",
          "@type": [
            "schema:OpeningHoursSpecification"
          ]
        }
      ],
      "@type": [
        "schema:Place",
        "Place"
      ]
    }
  ],
  "isOwnedBy": [
    {
      "@id": "https://data.datatourisme.fr/f5f950f9-5eec-32b4-a357-2c969ccf4068",
      "schema:email": [
        "camillef.omt@gmail.com",
        "direction@destination-sudcorse.com",
        "gestion@destination-sudcorse.com",
        "promotion@destination-sudcorse.com",
        "webmaster@destination-sudcorse.com"
      ],
      "schema:legalName": "Porto Vecchio Tourisme",
      "@type": [
        "schema:Organization",
        "foaf:Agent",
        "Agent"
      ],
      "foaf:homepage": [
        "http://www.ot-portovecchio.com/"
      ]
    }
  ],
  "lastUpdate": "2022-10-31",
  "lastUpdateDatatourisme": "2023-02-01T18:07:35.55Z"
}