{
  "@id": "https://data.datatourisme.fr/13/9447da93-961e-3e8c-a8b9-25db03c6c7c4",
  "dc:identifier": "4940486",
  "@type": [
    "schema:Accommodation",
    "schema:FoodEstablishment",
    "schema:Hotel",
    "schema:LodgingBusiness",
    "schema:Restaurant",
    "Accommodation",
    "FoodEstablishment",
    "Hotel",
    "HotelRestaurant",
    "HotelTrade",
    "PlaceOfInterest",
    "PointOfInterest",
    "Restaurant"
  ],
  "rdfs:comment": {
    "de": [
      "Das Hôtel de la Plage \"Santa Vittoria\" lädt Sie zu einem Aufenthalt in der Balagne und auf Korsika in einer wahren Oase des Friedens ein. Zwischen Meer und Bergen genießt Algajola eine außergewöhnliche Lage."
    ],
    "en": [
      "The Beach Hotel \"Santa Vittoria\" invites you to stay in Balagne and Corsica in a real haven of peace. Between sea and mountain, Algajola enjoys an exceptional location."
    ],
    "it": [
      "L'Hotel de la Plage \"Santa Vittoria\" vi invita a soggiornare in Balagne e in Corsica in una vera oasi di pace. Tra il mare e la montagna, Algajola gode di una posizione eccezionale."
    ],
    "fr": [
      "L'Hôtel de la Plage \"Santa Vittoria\" vous invite à séjourner en Balagne et en Corse dans un véritable havre de paix. Entre mer et montagne, Algajola bénéficie d'une situation exceptionnelle."
    ],
    "nl": [
      "Het Hotel de la Plage \"Santa Vittoria\" nodigt u uit voor een verblijf in Balagne en Corsica in een echte oase van rust. Tussen de zee en de bergen ligt Algajola op een uitzonderlijke locatie."
    ],
    "es": [
      "El Hotel de la Plage \"Santa Vittoria\" le invita a alojarse en Balagne y Córcega en un auténtico remanso de paz. Entre el mar y la montaña, Algajola goza de una ubicación excepcional."
    ]
  },
  "rdfs:label": {
    "fr": [
      "Santa Vittoria - Hôtel de la Plage"
    ]
  },
  "hasBeenCreatedBy": {
    "@id": "https://data.datatourisme.fr/13/e4873aa9-a05c-35ed-8395-61d121516766",
    "dc:identifier": "1646",
    "schema:email": [
      "info@balagne-corsica.com"
    ],
    "schema:legalName": "Office de Tourisme Intercommunal Calvi - Balagne",
    "@type": [
      "schema:Organization",
      "foaf:Agent",
      "Agent"
    ],
    "foaf:homepage": [
      "https://www.balagne-corsica.com/"
    ]
  },
  "hasBeenPublishedBy": [
    {
      "@id": "https://data.datatourisme.fr/8a9feb4b-2cbd-3d2c-b507-bd6c6776b23b",
      "schema:legalName": "Apidae Tourisme Scic SA - source : Apidae Tourisme",
      "@type": [
        "schema:Organization",
        "foaf:Agent",
        "Agent"
      ],
      "foaf:homepage": [
        "https://www.apidae-tourisme.com/"
      ]
    }
  ],
  "hasContact": [
    {
      "@id": "https://data.datatourisme.fr/914b27d8-599c-37a3-ba72-117abb1694c8",
      "schema:email": [
        "martelli-jhp@orange.fr"
      ],
      "schema:telephone": [
        "+33 4 95 35 17 03",
        "+33 6 19 92 48 45"
      ],
      "@type": [
        "foaf:Agent",
        "Agent"
      ],
      "foaf:homepage": [
        "http://www.hotelplage-vittoria-corse.com/"
      ]
    }
  ],
  "hasDescription": [
    {
      "@id": "https://data.datatourisme.fr/db26f6db-e0f6-3e1a-bf03-711ae793ed97",
      "@type": [
        "Description"
      ],
      "hasTranslatedProperty": [
        {
          "@id": "https://data.datatourisme.fr/4bc8ffae-bf96-3ec8-bea4-76f068950527",
          "dc:contributor": [
            "https://api.deepl.com/v2/translate"
          ],
          "rdf:language": [
            "de"
          ],
          "rdf:predicate": [
            "shortDescription"
          ]
        },
        {
          "@id": "https://data.datatourisme.fr/5e8bc1e6-0ca2-37d5-84fc-c78a748c8de8",
          "dc:contributor": [
            "https://api.deepl.com/v2/translate"
          ],
          "rdf:language": [
            "es"
          ],
          "rdf:predicate": [
            "shortDescription"
          ]
        },
        {
          "@id": "https://data.datatourisme.fr/e7197b9e-7296-3cf5-8cfc-7979cb140751",
          "dc:contributor": [
            "https://api.deepl.com/v2/translate"
          ],
          "rdf:language": [
            "nl"
          ],
          "rdf:predicate": [
            "shortDescription"
          ]
        }
      ],
      "shortDescription": {
        "de": [
          "Das Hôtel de la Plage \"Santa Vittoria\" lädt Sie zu einem Aufenthalt in der Balagne und auf Korsika in einer wahren Oase des Friedens ein. Zwischen Meer und Bergen genießt Algajola eine außergewöhnliche Lage."
        ],
        "en": [
          "The Beach Hotel \"Santa Vittoria\" invites you to stay in Balagne and Corsica in a real haven of peace. Between sea and mountain, Algajola enjoys an exceptional location."
        ],
        "it": [
          "L'Hotel de la Plage \"Santa Vittoria\" vi invita a soggiornare in Balagne e in Corsica in una vera oasi di pace. Tra il mare e la montagna, Algajola gode di una posizione eccezionale."
        ],
        "fr": [
          "L'Hôtel de la Plage \"Santa Vittoria\" vous invite à séjourner en Balagne et en Corse dans un véritable havre de paix. Entre mer et montagne, Algajola bénéficie d'une situation exceptionnelle."
        ],
        "nl": [
          "Het Hotel de la Plage \"Santa Vittoria\" nodigt u uit voor een verblijf in Balagne en Corsica in een echte oase van rust. Tussen de zee en de bergen ligt Algajola op een uitzonderlijke locatie."
        ],
        "es": [
          "El Hotel de la Plage \"Santa Vittoria\" le invita a alojarse en Balagne y Córcega en un auténtico remanso de paz. Entre el mar y la montaña, Algajola goza de una ubicación excepcional."
        ]
      }
    }
  ],
  "hasTranslatedProperty": [
    {
      "@id": "https://data.datatourisme.fr/02ea08b7-8be2-31a2-8ce5-9aa2623c8124",
      "dc:contributor": [
        "https://api.deepl.com/v2/translate"
      ],
      "rdf:language": [
        "es"
      ],
      "rdf:predicate": [
        {
          "@id": "rdfs:comment"
        }
      ]
    },
    {
      "@id": "https://data.datatourisme.fr/3b87ae80-0578-3c86-88aa-c9529d9e89f8",
      "dc:contributor": [
        "https://api.deepl.com/v2/translate"
      ],
      "rdf:language": [
        "de"
      ],
      "rdf:predicate": [
        {
          "@id": "rdfs:comment"
        }
      ]
    },
    {
      "@id": "https://data.datatourisme.fr/bf682ab4-c893-3aa7-8d1a-bc7ebc946e3c",
      "dc:contributor": [
        "https://api.deepl.com/v2/translate"
      ],
      "rdf:language": [
        "nl"
      ],
      "rdf:predicate": [
        {
          "@id": "rdfs:comment"
        }
      ]
    }
  ],
  "isLocatedAt": [
    {
      "@id": "https://data.datatourisme.fr/9e2578d2-9e57-3c25-bca1-687c2de4fe44",
      "schema:address": [
        {
          "@id": "https://data.datatourisme.fr/f7b4e8d7-ac16-3c8d-9b74-126a0306c0c5",
          "schema:addressLocality": "Algajola",
          "schema:postalCode": "20220",
          "schema:streetAddress": [
            "Hôtel de la Plage"
          ],
          "@type": [
            "schema:PostalAddress",
            "PostalAddress"
          ],
          "hasAddressCity": {
            "@id": "kb:2B010",
            "@type": [
              "City"
            ],
            "rdfs:label": {
              "en": [
                "Algajola"
              ],
              "fr": [
                "Algajola"
              ]
            },
            "insee": "2B010",
            "isPartOfDepartment": {
              "@id": "kb:France942B",
              "@type": [
                "Department"
              ],
              "rdfs:label": {
                "en": [
                  "Haute-Corse"
                ],
                "fr": [
                  "Haute-Corse"
                ]
              },
              "insee": "2B",
              "isPartOfRegion": {
                "@id": "kb:France94",
                "@type": [
                  "Region"
                ],
                "rdfs:label": {
                  "en": [
                    "Corse"
                  ],
                  "fr": [
                    "Corse"
                  ]
                },
                "insee": "94",
                "isPartOfCountry": {
                  "@id": "kb:France",
                  "@type": [
                    "schema:Country"
                  ],
                  "rdfs:label": {
                    "de": [
                      "Frankreich"
                    ],
                    "pt": [
                      "França"
                    ],
                    "en": [
                      "France"
                    ],
                    "it": [
                      "Francia"
                    ],
                    "fr": [
                      "France"
                    ],
                    "nl": [
                      "Frankrijk"
                    ],
                    "es": [
                      "Francia"
                    ]
                  }
                }
              }
            }
          }
        }
      ],
      "schema:geo": {
        "@id": "https://data.datatourisme.fr/3bc8098e-b9e7-383d-b97b-ec1104298ad0",
        "schema:latitude": "42.607708",
        "schema:longitude": "8.864472",
        "@type": [
          "schema:GeoCoordinates"
        ]
      },
      "schema:openingHoursSpecification": [
        {
          "@id": "https://data.datatourisme.fr/50e40b8b-34d8-348f-95f5-8ee300fc724e",
          "schema:validFrom": "2023-04-01T00:00:00",
          "schema:validThrough": "2023-11-15T23:59:59",
          "@type": [
            "schema:OpeningHoursSpecification"
          ],
          "additionalInformation": {
            "de": [
              "Unverbindliche Öffnungszeiten"
            ],
            "en": [
              "Indicative opening period"
            ],
            "it": [
              "Periodo di apertura indicativo"
            ],
            "fr": [
              "Période d'ouverture à titre indicatif"
            ],
            "es": [
              "Periodo de apertura indicativo"
            ],
            "nl": [
              "Indicatieve openingsperiode"
            ]
          },
          "hasTranslatedProperty": [
            {
              "@id": "https://data.datatourisme.fr/64e843c3-c154-37be-9e66-a4a0f4d5e850",
              "dc:contributor": [
                "https://api.deepl.com/v2/translate"
              ],
              "rdf:language": [
                "en"
              ],
              "rdf:predicate": [
                "additionalInformation"
              ]
            },
            {
              "@id": "https://data.datatourisme.fr/8c0830d9-401b-3dee-a5b7-6283bb0e65df",
              "dc:contributor": [
                "https://api.deepl.com/v2/translate"
              ],
              "rdf:language": [
                "de"
              ],
              "rdf:predicate": [
                "additionalInformation"
              ]
            },
            {
              "@id": "https://data.datatourisme.fr/99a975a9-53e6-3772-b1dc-63092d44909f",
              "dc:contributor": [
                "https://api.deepl.com/v2/translate"
              ],
              "rdf:language": [
                "it"
              ],
              "rdf:predicate": [
                "additionalInformation"
              ]
            },
            {
              "@id": "https://data.datatourisme.fr/a15bb27e-a822-3f7e-8f87-3238e1803210",
              "dc:contributor": [
                "https://api.deepl.com/v2/translate"
              ],
              "rdf:language": [
                "es"
              ],
              "rdf:predicate": [
                "additionalInformation"
              ]
            },
            {
              "@id": "https://data.datatourisme.fr/d0d76422-b9a6-3d31-ac71-404c3800e9f1",
              "dc:contributor": [
                "https://api.deepl.com/v2/translate"
              ],
              "rdf:language": [
                "nl"
              ],
              "rdf:predicate": [
                "additionalInformation"
              ]
            }
          ]
        }
      ],
      "@type": [
        "schema:Place",
        "Place"
      ]
    }
  ],
  "isOwnedBy": [
    {
      "@id": "https://data.datatourisme.fr/194c52e6-bbae-33dc-8464-caca97844fbb",
      "schema:email": [
        "info@balagne-corsica.com"
      ],
      "schema:legalName": "Office de Tourisme Intercommunal Calvi - Balagne",
      "@type": [
        "schema:Organization",
        "foaf:Agent",
        "Agent"
      ],
      "foaf:homepage": [
        "https://www.balagne-corsica.com/"
      ]
    }
  ],
  "lastUpdate": "2022-05-03",
  "lastUpdateDatatourisme": "2023-04-04T05:52:39.399Z",
  "offers": [
    {
      "@id": "https://data.datatourisme.fr/52c70a00-633e-3087-bc0d-a6fd8ab7fd1d",
      "schema:priceSpecification": [
        {
          "@id": "https://data.datatourisme.fr/728d9119-d7ae-3155-a9a5-7adcb9803669",
          "schema:maxPrice": [
            "0.99",
            "135",
            "142",
            "190",
            "9"
          ],
          "schema:minPrice": [
            "0.99",
            "100",
            "26",
            "55",
            "60",
            "9"
          ],
          "schema:priceCurrency": "EUR",
          "@type": [
            "schema:PriceSpecification",
            "PriceSpecification"
          ],
          "appliesOnPeriod": [
            {
              "@id": "https://data.datatourisme.fr/13a9ca27-505a-335f-bb8f-b85dd02f908d",
              "@type": [
                "Period"
              ],
              "endDate": "2022-11-15",
              "startDate": "2022-04-01"
            }
          ]
        }
      ],
      "@type": [
        "schema:Offer",
        "Offer"
      ]
    }
  ]
}