{
  "@id": "https://data.datatourisme.fr/13/8426a86a-9641-38a5-a175-1c76a276d4f9",
  "dc:identifier": "5382479",
  "@type": [
    "schema:FoodEstablishment",
    "FoodEstablishment",
    "PlaceOfInterest",
    "PointOfInterest"
  ],
  "rdfs:comment": {
    "de": [
      "Halbgastronomisches Restaurant \" Maître Restaurateur \" vor dem Golf von Porto-Vecchio gelegen."
    ],
    "en": [
      "Semi-gastronomic restaurant \" Maître Restaurateur \" located in front of the gulf of Porto-Vecchio."
    ],
    "it": [
      "Ristorante semi-gastronomico \" Maître Restaurateur \" situato di fronte al golfo di Porto-Vecchio."
    ],
    "fr": [
      "Restaurant «Maître Restaurateur» face au golfe. Une palette d'assiettes méditerranéennes, pêche locale, homard et langouste, pâtisseries faites maison et la découverte de produits locaux uniques, mis en valeur par le talent de notre chef passionné !"
    ],
    "nl": [
      "Semi-gastronomisch restaurant \" Maître Restaurateur \" gelegen voor de golf van Porto-Vecchio."
    ],
    "es": [
      "Restaurante \"Maître Restaurateur\" frente al golfo. Una gama de platos mediterráneos, pesca local, langosta y cangrejos de río, repostería casera y el descubrimiento de productos locales únicos, realzados por el talento de nuestro apasionado chef"
    ]
  },
  "rdfs:label": {
    "fr": [
      "La Table d'Isulella"
    ]
  },
  "hasBeenCreatedBy": {
    "@id": "https://data.datatourisme.fr/13/84c6494d-3085-3c63-a55c-db8cb047fadd",
    "dc:identifier": "1738",
    "schema:email": [
      "camillef.omt@gmail.com",
      "direction@destination-sudcorse.com",
      "gestion@destination-sudcorse.com",
      "promotion@destination-sudcorse.com",
      "webmaster@destination-sudcorse.com"
    ],
    "schema:legalName": "Porto Vecchio Tourisme",
    "@type": [
      "schema:Organization",
      "foaf:Agent",
      "Agent"
    ],
    "foaf:homepage": [
      "http://www.ot-portovecchio.com/"
    ]
  },
  "hasBeenPublishedBy": [
    {
      "@id": "https://data.datatourisme.fr/8a9feb4b-2cbd-3d2c-b507-bd6c6776b23b",
      "schema:legalName": "Apidae Tourisme Scic SA - source : Apidae Tourisme",
      "@type": [
        "schema:Organization",
        "foaf:Agent",
        "Agent"
      ],
      "foaf:homepage": [
        "https://www.apidae-tourisme.com/"
      ]
    }
  ],
  "hasContact": [
    {
      "@id": "https://data.datatourisme.fr/e6b37ee6-6a97-305c-8ed5-b6e1e06b16d8",
      "schema:email": [
        "contact@isulella-hotel.com"
      ],
      "schema:telephone": [
        "+33 4 95 53 78 82"
      ],
      "@type": [
        "foaf:Agent",
        "Agent"
      ],
      "foaf:homepage": [
        "https://isulella-hotel.com/restaurant/"
      ]
    }
  ],
  "hasDescription": [
    {
      "@id": "https://data.datatourisme.fr/c4c61c4d-ff21-3661-8c4d-ac71fd6a9e70",
      "@type": [
        "Description"
      ],
      "hasTranslatedProperty": [
        {
          "@id": "https://data.datatourisme.fr/7d2333ed-4ba5-3820-82a7-d2ec4530ed8d",
          "dc:contributor": [
            "https://api.deepl.com/v2/translate"
          ],
          "rdf:language": [
            "es"
          ],
          "rdf:predicate": [
            "shortDescription"
          ]
        }
      ],
      "shortDescription": {
        "de": [
          "Halbgastronomisches Restaurant \" Maître Restaurateur \" vor dem Golf von Porto-Vecchio gelegen."
        ],
        "en": [
          "Semi-gastronomic restaurant \" Maître Restaurateur \" located in front of the gulf of Porto-Vecchio."
        ],
        "it": [
          "Ristorante semi-gastronomico \" Maître Restaurateur \" situato di fronte al golfo di Porto-Vecchio."
        ],
        "fr": [
          "Restaurant «Maître Restaurateur» face au golfe. Une palette d'assiettes méditerranéennes, pêche locale, homard et langouste, pâtisseries faites maison et la découverte de produits locaux uniques, mis en valeur par le talent de notre chef passionné !"
        ],
        "nl": [
          "Semi-gastronomisch restaurant \" Maître Restaurateur \" gelegen voor de golf van Porto-Vecchio."
        ],
        "es": [
          "Restaurante \"Maître Restaurateur\" frente al golfo. Una gama de platos mediterráneos, pesca local, langosta y cangrejos de río, repostería casera y el descubrimiento de productos locales únicos, realzados por el talento de nuestro apasionado chef"
        ]
      }
    }
  ],
  "hasTheme": [
    {
      "@id": "kb:MediterraneanCuisine",
      "@type": [
        "CuisineCategory"
      ],
      "rdfs:label": {
        "de": [
          "Mediterrane Küche"
        ],
        "pt": [
          "Cozinha mediterrânica"
        ],
        "en": [
          "Mediterranean cuisine"
        ],
        "it": [
          "Cucina mediterranea"
        ],
        "fr": [
          "Cuisine méditerranéenne"
        ],
        "nl": [
          "Mediterrane keuken"
        ],
        "es": [
          "Cocina mediterránea"
        ]
      }
    }
  ],
  "hasTranslatedProperty": [
    {
      "@id": "https://data.datatourisme.fr/aeb8b94c-858d-3842-819f-167d116c56bb",
      "dc:contributor": [
        "https://api.deepl.com/v2/translate"
      ],
      "rdf:language": [
        "es"
      ],
      "rdf:predicate": [
        {
          "@id": "rdfs:comment"
        }
      ]
    }
  ],
  "isLocatedAt": [
    {
      "@id": "https://data.datatourisme.fr/f137873b-59de-3f67-8200-6bac4f127da2",
      "schema:address": [
        {
          "@id": "https://data.datatourisme.fr/50191b46-a3a4-3d9f-99fa-479da0be2a5e",
          "schema:addressLocality": "Porto-Vecchio",
          "schema:postalCode": "20137",
          "schema:streetAddress": [
            "Route de Palombaggia"
          ],
          "@type": [
            "schema:PostalAddress",
            "PostalAddress"
          ],
          "hasAddressCity": {
            "@id": "kb:2A247",
            "@type": [
              "City"
            ],
            "rdfs:label": {
              "en": [
                "Porto-Vecchio"
              ],
              "fr": [
                "Porto-Vecchio"
              ]
            },
            "insee": "2A247",
            "isPartOfDepartment": {
              "@id": "kb:France942A",
              "@type": [
                "Department"
              ],
              "rdfs:label": {
                "en": [
                  "Corse-du-Sud"
                ],
                "fr": [
                  "Corse-du-Sud"
                ]
              },
              "insee": "2A",
              "isPartOfRegion": {
                "@id": "kb:France94",
                "@type": [
                  "Region"
                ],
                "rdfs:label": {
                  "en": [
                    "Corse"
                  ],
                  "fr": [
                    "Corse"
                  ]
                },
                "insee": "94",
                "isPartOfCountry": {
                  "@id": "kb:France",
                  "@type": [
                    "schema:Country"
                  ],
                  "rdfs:label": {
                    "de": [
                      "Frankreich"
                    ],
                    "pt": [
                      "França"
                    ],
                    "en": [
                      "France"
                    ],
                    "it": [
                      "Francia"
                    ],
                    "fr": [
                      "France"
                    ],
                    "nl": [
                      "Frankrijk"
                    ],
                    "es": [
                      "Francia"
                    ]
                  }
                }
              }
            }
          }
        }
      ],
      "schema:geo": {
        "@id": "https://data.datatourisme.fr/e646914a-2d01-313c-a64f-59f1c336cd0d",
        "schema:latitude": "41.591578",
        "schema:longitude": "9.308502",
        "@type": [
          "schema:GeoCoordinates"
        ]
      },
      "schema:openingHoursSpecification": [
        {
          "@id": "https://data.datatourisme.fr/3da51487-e66f-3bc3-a197-831b4d5a3b7c",
          "schema:validFrom": "2023-04-01T00:00:00",
          "schema:validThrough": "2023-11-05T23:59:59",
          "@type": [
            "schema:OpeningHoursSpecification"
          ]
        }
      ],
      "@type": [
        "schema:Place",
        "Place"
      ]
    }
  ],
  "isOwnedBy": [
    {
      "@id": "https://data.datatourisme.fr/f5f950f9-5eec-32b4-a357-2c969ccf4068",
      "schema:email": [
        "camillef.omt@gmail.com",
        "direction@destination-sudcorse.com",
        "gestion@destination-sudcorse.com",
        "promotion@destination-sudcorse.com",
        "webmaster@destination-sudcorse.com"
      ],
      "schema:legalName": "Porto Vecchio Tourisme",
      "@type": [
        "schema:Organization",
        "foaf:Agent",
        "Agent"
      ],
      "foaf:homepage": [
        "http://www.ot-portovecchio.com/"
      ]
    }
  ],
  "lastUpdate": "2023-02-14",
  "lastUpdateDatatourisme": "2023-02-15T06:38:06.966Z",
  "offers": [
    {
      "@id": "https://data.datatourisme.fr/61286b6c-81d8-37ad-a053-f4cf1fdc87ce",
      "schema:priceSpecification": [
        {
          "@id": "https://data.datatourisme.fr/fc5e3ed1-3b73-39ca-bc34-6a1c96cff7e8",
          "schema:maxPrice": [
            "55"
          ],
          "schema:minPrice": [
            "55"
          ],
          "schema:priceCurrency": "EUR",
          "@type": [
            "schema:PriceSpecification",
            "PriceSpecification"
          ],
          "appliesOnPeriod": [
            {
              "@id": "https://data.datatourisme.fr/1a7b3310-006a-3052-9e9e-d538377809eb",
              "@type": [
                "Period"
              ],
              "endDate": "2023-11-06",
              "startDate": "2023-04-01"
            }
          ]
        }
      ],
      "@type": [
        "schema:Offer",
        "Offer"
      ]
    }
  ],
  "providesCuisineOfType": [
    {
      "@id": "kb:MediterraneanCuisine",
      "@type": [
        "CuisineCategory"
      ],
      "rdfs:label": {
        "de": [
          "Mediterrane Küche"
        ],
        "pt": [
          "Cozinha mediterrânica"
        ],
        "en": [
          "Mediterranean cuisine"
        ],
        "it": [
          "Cucina mediterranea"
        ],
        "fr": [
          "Cuisine méditerranéenne"
        ],
        "nl": [
          "Mediterrane keuken"
        ],
        "es": [
          "Cocina mediterránea"
        ]
      }
    }
  ]
}