{
  "@id": "https://data.datatourisme.fr/13/827f8fdd-dd86-36c3-a05d-df2db8ab268b",
  "dc:identifier": "6232034",
  "@type": [
    "schema:Landform",
    "Beach",
    "NaturalHeritage",
    "PlaceOfInterest",
    "PointOfInterest",
    "SportsAndLeisurePlace"
  ],
  "rdfs:comment": {
    "de": [
      "Zwischen den Sümpfen von Soprane und Sottane befindet sich ein kleiner Sandstrand mit einigen Granitfelsen. Die Umgebung ist sehr schön, aber der Strand ist sehr schmal."
    ],
    "en": [
      "Between the marshes of Soprane and Sottane there is a small sandy beach with some granite rocks. The environment is very pleasant but the beach is very narrow."
    ],
    "it": [
      "Tra le paludi di Soprane e Sottane si trova una piccola spiaggia sabbiosa con alcuni scogli di granito. L'ambiente è molto piacevole ma la spiaggia è molto stretta."
    ],
    "fr": [
      "Entre les marais de Soprane et de Sottane, on trouve une petite plage de sable avec quelques rochers de granit. L’environnement est très agréable mais la plage est très étroite."
    ],
    "nl": [
      "Tussen de moerassen van Soprane en Sottane ligt een klein zandstrand met enkele granieten rotsen. De omgeving is zeer aangenaam, maar het strand is zeer smal."
    ],
    "es": [
      "Entre las marismas de Soprane y Sottane hay una pequeña playa de arena con algunas rocas de granito. El entorno es muy agradable pero la playa es muy estrecha."
    ]
  },
  "rdfs:label": {
    "fr": [
      "La plage de Figari"
    ]
  },
  "owl:sameAs": [
    "http://www.wikidata.org/entity/Q49322589"
  ],
  "hasBeenCreatedBy": {
    "@id": "https://data.datatourisme.fr/13/84c6494d-3085-3c63-a55c-db8cb047fadd",
    "dc:identifier": "1738",
    "schema:email": [
      "camillef.omt@gmail.com",
      "direction@destination-sudcorse.com",
      "gestion@destination-sudcorse.com",
      "promotion@destination-sudcorse.com",
      "webmaster@destination-sudcorse.com"
    ],
    "schema:legalName": "Porto Vecchio Tourisme",
    "@type": [
      "schema:Organization",
      "foaf:Agent",
      "Agent"
    ],
    "foaf:homepage": [
      "http://www.ot-portovecchio.com/"
    ]
  },
  "hasBeenPublishedBy": [
    {
      "@id": "https://data.datatourisme.fr/8a9feb4b-2cbd-3d2c-b507-bd6c6776b23b",
      "schema:legalName": "Apidae Tourisme Scic SA - source : Apidae Tourisme",
      "@type": [
        "schema:Organization",
        "foaf:Agent",
        "Agent"
      ],
      "foaf:homepage": [
        "https://www.apidae-tourisme.com/"
      ]
    }
  ],
  "hasContact": [
    {
      "@id": "https://data.datatourisme.fr/4149fd0a-a503-3f2d-bf36-699069464b05",
      "schema:telephone": [
        "+33 4 95 71 00 23"
      ],
      "@type": [
        "foaf:Agent",
        "Agent"
      ]
    }
  ],
  "hasDescription": [
    {
      "@id": "https://data.datatourisme.fr/caa3aaaf-1e51-3e19-8f26-577ec2a40c95",
      "@type": [
        "Description"
      ],
      "hasTranslatedProperty": [
        {
          "@id": "https://data.datatourisme.fr/07993a15-1c80-3119-bb7a-1b976b59b392",
          "dc:contributor": [
            "https://api.deepl.com/v2/translate"
          ],
          "rdf:language": [
            "nl"
          ],
          "rdf:predicate": [
            "shortDescription"
          ]
        },
        {
          "@id": "https://data.datatourisme.fr/9fbf64a0-b5b4-3b61-a227-53e7eb837a5a",
          "dc:contributor": [
            "https://api.deepl.com/v2/translate"
          ],
          "rdf:language": [
            "es"
          ],
          "rdf:predicate": [
            "shortDescription"
          ]
        },
        {
          "@id": "https://data.datatourisme.fr/d2c43a3c-98c7-360e-a0a8-8d2d34362a6a",
          "dc:contributor": [
            "https://api.deepl.com/v2/translate"
          ],
          "rdf:language": [
            "de"
          ],
          "rdf:predicate": [
            "shortDescription"
          ]
        },
        {
          "@id": "https://data.datatourisme.fr/ea3cb627-e7b9-3d3d-aeb5-bb3e4be427e9",
          "dc:contributor": [
            "https://api.deepl.com/v2/translate"
          ],
          "rdf:language": [
            "it"
          ],
          "rdf:predicate": [
            "shortDescription"
          ]
        },
        {
          "@id": "https://data.datatourisme.fr/ea43d206-d89a-3469-a99c-da8321d28b3f",
          "dc:contributor": [
            "https://api.deepl.com/v2/translate"
          ],
          "rdf:language": [
            "en"
          ],
          "rdf:predicate": [
            "shortDescription"
          ]
        }
      ],
      "shortDescription": {
        "de": [
          "Zwischen den Sümpfen von Soprane und Sottane befindet sich ein kleiner Sandstrand mit einigen Granitfelsen. Die Umgebung ist sehr schön, aber der Strand ist sehr schmal."
        ],
        "en": [
          "Between the marshes of Soprane and Sottane there is a small sandy beach with some granite rocks. The environment is very pleasant but the beach is very narrow."
        ],
        "it": [
          "Tra le paludi di Soprane e Sottane si trova una piccola spiaggia sabbiosa con alcuni scogli di granito. L'ambiente è molto piacevole ma la spiaggia è molto stretta."
        ],
        "fr": [
          "Entre les marais de Soprane et de Sottane, on trouve une petite plage de sable avec quelques rochers de granit. L’environnement est très agréable mais la plage est très étroite."
        ],
        "nl": [
          "Tussen de moerassen van Soprane en Sottane ligt een klein zandstrand met enkele granieten rotsen. De omgeving is zeer aangenaam, maar het strand is zeer smal."
        ],
        "es": [
          "Entre las marismas de Soprane y Sottane hay una pequeña playa de arena con algunas rocas de granito. El entorno es muy agradable pero la playa es muy estrecha."
        ]
      }
    }
  ],
  "hasTheme": [
    {
      "@id": "kb:Bathing",
      "@type": [
        "AccommodationAmenity",
        "SportsTheme"
      ],
      "rdfs:label": {
        "de": [
          "Baden"
        ],
        "pt": [
          "Banho"
        ],
        "en": [
          "Bathing"
        ],
        "it": [
          "Bagno"
        ],
        "fr": [
          "Baignade"
        ],
        "nl": [
          "Zwemmen"
        ],
        "es": [
          "Baño"
        ]
      }
    }
  ],
  "hasTranslatedProperty": [
    {
      "@id": "https://data.datatourisme.fr/5c1309a4-fde9-3903-bd01-c52bb96d9c7f",
      "dc:contributor": [
        "https://api.deepl.com/v2/translate"
      ],
      "rdf:language": [
        "it"
      ],
      "rdf:predicate": [
        {
          "@id": "rdfs:comment"
        }
      ]
    },
    {
      "@id": "https://data.datatourisme.fr/803b5434-a7be-387f-99eb-1a6debe02838",
      "dc:contributor": [
        "https://api.deepl.com/v2/translate"
      ],
      "rdf:language": [
        "en"
      ],
      "rdf:predicate": [
        {
          "@id": "rdfs:comment"
        }
      ]
    },
    {
      "@id": "https://data.datatourisme.fr/96da7a3d-ce7a-3b8f-85fd-ab2254a08aed",
      "dc:contributor": [
        "https://api.deepl.com/v2/translate"
      ],
      "rdf:language": [
        "nl"
      ],
      "rdf:predicate": [
        {
          "@id": "rdfs:comment"
        }
      ]
    },
    {
      "@id": "https://data.datatourisme.fr/c999a208-27da-3bd6-a63e-10f8511ac316",
      "dc:contributor": [
        "https://api.deepl.com/v2/translate"
      ],
      "rdf:language": [
        "de"
      ],
      "rdf:predicate": [
        {
          "@id": "rdfs:comment"
        }
      ]
    },
    {
      "@id": "https://data.datatourisme.fr/f7c13fb4-5e54-3158-95bd-b90174ebe9a3",
      "dc:contributor": [
        "https://api.deepl.com/v2/translate"
      ],
      "rdf:language": [
        "es"
      ],
      "rdf:predicate": [
        {
          "@id": "rdfs:comment"
        }
      ]
    }
  ],
  "isLocatedAt": [
    {
      "@id": "https://data.datatourisme.fr/9d22270a-a1c1-3bc9-9e2a-6a9204ed5081",
      "schema:address": [
        {
          "@id": "https://data.datatourisme.fr/65adcaee-b99b-36c7-b5af-d4043a0b8859",
          "schema:addressLocality": "Figari",
          "schema:postalCode": "20114",
          "schema:streetAddress": [
            "port de Figari"
          ],
          "@type": [
            "schema:PostalAddress",
            "PostalAddress"
          ],
          "hasAddressCity": {
            "@id": "kb:2A114",
            "@type": [
              "City"
            ],
            "rdfs:label": {
              "en": [
                "Figari"
              ],
              "fr": [
                "Figari"
              ]
            },
            "insee": "2A114",
            "isPartOfDepartment": {
              "@id": "kb:France942A",
              "@type": [
                "Department"
              ],
              "rdfs:label": {
                "en": [
                  "Corse-du-Sud"
                ],
                "fr": [
                  "Corse-du-Sud"
                ]
              },
              "insee": "2A",
              "isPartOfRegion": {
                "@id": "kb:France94",
                "@type": [
                  "Region"
                ],
                "rdfs:label": {
                  "en": [
                    "Corse"
                  ],
                  "fr": [
                    "Corse"
                  ]
                },
                "insee": "94",
                "isPartOfCountry": {
                  "@id": "kb:France",
                  "@type": [
                    "schema:Country"
                  ],
                  "rdfs:label": {
                    "de": [
                      "Frankreich"
                    ],
                    "pt": [
                      "França"
                    ],
                    "en": [
                      "France"
                    ],
                    "it": [
                      "Francia"
                    ],
                    "fr": [
                      "France"
                    ],
                    "nl": [
                      "Frankrijk"
                    ],
                    "es": [
                      "Francia"
                    ]
                  }
                }
              }
            }
          }
        }
      ],
      "schema:geo": {
        "@id": "https://data.datatourisme.fr/eb65f0f0-a5e6-3db5-8b6e-70569767ebf4",
        "schema:latitude": "41.465614",
        "schema:longitude": "9.070365",
        "@type": [
          "schema:GeoCoordinates"
        ]
      },
      "schema:openingHoursSpecification": [
        {
          "@id": "https://data.datatourisme.fr/f87e535a-636d-3343-ad63-8a03392e7511",
          "schema:validFrom": "2023-01-01T00:00:00",
          "schema:validThrough": "2023-12-31T23:59:59",
          "@type": [
            "schema:OpeningHoursSpecification"
          ]
        }
      ],
      "@type": [
        "schema:Place",
        "Place"
      ]
    }
  ],
  "isOwnedBy": [
    {
      "@id": "https://data.datatourisme.fr/f5f950f9-5eec-32b4-a357-2c969ccf4068",
      "schema:email": [
        "camillef.omt@gmail.com",
        "direction@destination-sudcorse.com",
        "gestion@destination-sudcorse.com",
        "promotion@destination-sudcorse.com",
        "webmaster@destination-sudcorse.com"
      ],
      "schema:legalName": "Porto Vecchio Tourisme",
      "@type": [
        "schema:Organization",
        "foaf:Agent",
        "Agent"
      ],
      "foaf:homepage": [
        "http://www.ot-portovecchio.com/"
      ]
    }
  ],
  "lastUpdate": "2023-04-01",
  "lastUpdateDatatourisme": "2023-04-02T05:48:09.201Z"
}