{
  "@id": "https://data.datatourisme.fr/13/82d17e30-5cb8-39c1-b821-5f4809eccc4b",
  "dc:identifier": "5000178",
  "@type": [
    "schema:Park",
    "CulturalSite",
    "ParkAndGarden",
    "PlaceOfInterest",
    "PointOfInterest"
  ],
  "rdfs:comment": {
    "de": [
      "Ein botanischer Garten mit Sammlungs- und Versuchsobst, der aufgrund seiner Vielfalt und seiner völlig natürlichen Anbauweise ohne chemische Düngemittel und Pestizide in Frankreich einzigartig ist. Entdecken Sie ihn mit den Ratschlägen des Hausherrn."
    ],
    "en": [
      "An experimental botanical garden but also a fruit variety collection of a diversity that makes it unique in France, as do the entirely natural growing methods, free from chemical fertilisers and pesticides. Well worth a visit for advice from the head gardener."
    ],
    "it": [
      "Un orto botanico di raccolta e sperimentazione unico in Francia per la sua diversità, il suo modo di coltivazione interamente naturale, senza fertilizzanti chimici e pesticidi. Da scoprire con il consiglio del proprietario."
    ],
    "fr": [
      "Un jardin botanique fruitier de collection et expérimental unique en France de part sa diversité, son mode de culture entièrement naturel, sans engrais chimiques et sans pesticides. A découvrir avec les conseils du maître des lieux."
    ],
    "es": [
      "Un jardín botánico frutal de colección y experimental único en Francia por su diversidad, su modo de cultivo totalmente natural, sin abonos químicos ni pesticidas. A descubrir con el asesoramiento del propietario."
    ],
    "nl": [
      "Een botanische fruittuin van verzameling en experiment, uniek in Frankrijk voor zijn diversiteit, zijn cultuurwijze volledig natuurlijk, zonder chemische meststoffen en pesticiden. Te ontdekken met het advies van de eigenaar."
    ]
  },
  "rdfs:label": {
    "en": [
      "Avapessa Fruit Botanical Garden"
    ],
    "it": [
      "Giardino botanico di frutta Avapessa"
    ],
    "fr": [
      "Jardin botanique fruitier d'Avapessa"
    ]
  },
  "hasBeenCreatedBy": {
    "@id": "https://data.datatourisme.fr/13/e4873aa9-a05c-35ed-8395-61d121516766",
    "dc:identifier": "1646",
    "schema:email": [
      "info@balagne-corsica.com"
    ],
    "schema:legalName": "Office de Tourisme Intercommunal Calvi - Balagne",
    "@type": [
      "schema:Organization",
      "foaf:Agent",
      "Agent"
    ],
    "foaf:homepage": [
      "https://www.balagne-corsica.com/"
    ]
  },
  "hasBeenPublishedBy": [
    {
      "@id": "https://data.datatourisme.fr/8a9feb4b-2cbd-3d2c-b507-bd6c6776b23b",
      "schema:legalName": "Apidae Tourisme Scic SA - source : Apidae Tourisme",
      "@type": [
        "schema:Organization",
        "foaf:Agent",
        "Agent"
      ],
      "foaf:homepage": [
        "https://www.apidae-tourisme.com/"
      ]
    }
  ],
  "hasContact": [
    {
      "@id": "https://data.datatourisme.fr/510c4b45-d581-370e-a324-89fd40e8fc54",
      "schema:email": [
        "contact@jardinfruitieravapessa.com"
      ],
      "schema:telephone": [
        "+33 4 95 61 81 91"
      ],
      "@type": [
        "foaf:Agent",
        "Agent"
      ],
      "foaf:homepage": [
        "http://www.jardinfruitieravapessa.com/"
      ]
    }
  ],
  "hasDescription": [
    {
      "@id": "https://data.datatourisme.fr/fcb22a6d-238c-307f-83c2-affb0270904f",
      "@type": [
        "Description"
      ],
      "hasTranslatedProperty": [
        {
          "@id": "https://data.datatourisme.fr/05c77249-19e6-3ab9-8b9b-24bb19a47ad8",
          "dc:contributor": [
            "https://api.deepl.com/v2/translate"
          ],
          "rdf:language": [
            "nl"
          ],
          "rdf:predicate": [
            "shortDescription"
          ]
        },
        {
          "@id": "https://data.datatourisme.fr/12b72596-296e-33fb-8694-c4329795a2b9",
          "dc:contributor": [
            "https://api.deepl.com/v2/translate"
          ],
          "rdf:language": [
            "es"
          ],
          "rdf:predicate": [
            "shortDescription"
          ]
        },
        {
          "@id": "https://data.datatourisme.fr/516f9391-7f8f-39a1-8ae8-91471bb9528c",
          "dc:contributor": [
            "https://api.deepl.com/v2/translate"
          ],
          "rdf:language": [
            "de"
          ],
          "rdf:predicate": [
            "shortDescription"
          ]
        }
      ],
      "shortDescription": {
        "de": [
          "Ein botanischer Garten mit Sammlungs- und Versuchsobst, der aufgrund seiner Vielfalt und seiner völlig natürlichen Anbauweise ohne chemische Düngemittel und Pestizide in Frankreich einzigartig ist. Entdecken Sie ihn mit den Ratschlägen des Hausherrn."
        ],
        "en": [
          "An experimental botanical garden but also a fruit variety collection of a diversity that makes it unique in France, as do the entirely natural growing methods, free from chemical fertilisers and pesticides. Well worth a visit for advice from the head gardener."
        ],
        "it": [
          "Un orto botanico di raccolta e sperimentazione unico in Francia per la sua diversità, il suo modo di coltivazione interamente naturale, senza fertilizzanti chimici e pesticidi. Da scoprire con il consiglio del proprietario."
        ],
        "fr": [
          "Un jardin botanique fruitier de collection et expérimental unique en France de part sa diversité, son mode de culture entièrement naturel, sans engrais chimiques et sans pesticides. A découvrir avec les conseils du maître des lieux."
        ],
        "es": [
          "Un jardín botánico frutal de colección y experimental único en Francia por su diversidad, su modo de cultivo totalmente natural, sin abonos químicos ni pesticidas. A descubrir con el asesoramiento del propietario."
        ],
        "nl": [
          "Een botanische fruittuin van verzameling en experiment, uniek in Frankrijk voor zijn diversiteit, zijn cultuurwijze volledig natuurlijk, zonder chemische meststoffen en pesticiden. Te ontdekken met het advies van de eigenaar."
        ]
      }
    }
  ],
  "hasTheme": [
    {
      "@id": "kb:Culture",
      "@type": [
        "CulturalTheme"
      ],
      "rdfs:label": {
        "de": [
          "Kultur"
        ],
        "pt": [
          "Cultura"
        ],
        "en": [
          "Culture"
        ],
        "it": [
          "Cultura"
        ],
        "fr": [
          "Culture"
        ],
        "nl": [
          "Cultuur"
        ],
        "es": [
          "Cultura"
        ]
      }
    }
  ],
  "hasTranslatedProperty": [
    {
      "@id": "https://data.datatourisme.fr/790b63d2-55fb-3f55-97a9-905e95370410",
      "dc:contributor": [
        "https://api.deepl.com/v2/translate"
      ],
      "rdf:language": [
        "es"
      ],
      "rdf:predicate": [
        {
          "@id": "rdfs:comment"
        }
      ]
    },
    {
      "@id": "https://data.datatourisme.fr/cd66b194-f378-3720-b9bd-b95bf453c8c2",
      "dc:contributor": [
        "https://api.deepl.com/v2/translate"
      ],
      "rdf:language": [
        "de"
      ],
      "rdf:predicate": [
        {
          "@id": "rdfs:comment"
        }
      ]
    },
    {
      "@id": "https://data.datatourisme.fr/efb3b0a6-1449-3d5f-a43f-681da4d85ac6",
      "dc:contributor": [
        "https://api.deepl.com/v2/translate"
      ],
      "rdf:language": [
        "nl"
      ],
      "rdf:predicate": [
        {
          "@id": "rdfs:comment"
        }
      ]
    }
  ],
  "isLocatedAt": [
    {
      "@id": "https://data.datatourisme.fr/412f4808-664b-3bab-b552-d2cd0294c6e0",
      "schema:address": [
        {
          "@id": "https://data.datatourisme.fr/110da209-26a1-37df-b059-cf38e8ecf86f",
          "schema:addressLocality": "Avapessa",
          "schema:postalCode": "20225",
          "schema:streetAddress": [
            "Domaine du Gros Chêne"
          ],
          "@type": [
            "schema:PostalAddress",
            "PostalAddress"
          ],
          "hasAddressCity": {
            "@id": "kb:2B025",
            "@type": [
              "City"
            ],
            "rdfs:label": {
              "en": [
                "Avapessa"
              ],
              "fr": [
                "Avapessa"
              ]
            },
            "insee": "2B025",
            "isPartOfDepartment": {
              "@id": "kb:France942B",
              "@type": [
                "Department"
              ],
              "rdfs:label": {
                "en": [
                  "Haute-Corse"
                ],
                "fr": [
                  "Haute-Corse"
                ]
              },
              "insee": "2B",
              "isPartOfRegion": {
                "@id": "kb:France94",
                "@type": [
                  "Region"
                ],
                "rdfs:label": {
                  "en": [
                    "Corse"
                  ],
                  "fr": [
                    "Corse"
                  ]
                },
                "insee": "94",
                "isPartOfCountry": {
                  "@id": "kb:France",
                  "@type": [
                    "schema:Country"
                  ],
                  "rdfs:label": {
                    "de": [
                      "Frankreich"
                    ],
                    "pt": [
                      "França"
                    ],
                    "en": [
                      "France"
                    ],
                    "it": [
                      "Francia"
                    ],
                    "fr": [
                      "France"
                    ],
                    "nl": [
                      "Frankrijk"
                    ],
                    "es": [
                      "Francia"
                    ]
                  }
                }
              }
            }
          }
        }
      ],
      "schema:geo": {
        "@id": "https://data.datatourisme.fr/dd7d4dde-69b6-3159-a986-9955af2ccd93",
        "schema:latitude": "42.559385",
        "schema:longitude": "8.90357",
        "@type": [
          "schema:GeoCoordinates"
        ]
      },
      "schema:openingHoursSpecification": [
        {
          "@id": "https://data.datatourisme.fr/97100ed9-58d7-320a-9ac8-8beef361ec76",
          "schema:validFrom": "2023-01-01T00:00:00",
          "schema:validThrough": "2023-12-31T23:59:59",
          "@type": [
            "schema:OpeningHoursSpecification"
          ],
          "additionalInformation": {
            "de": [
              "Führungen von April bis September um 16 Uhr und im Oktober um 10 Uhr. Am Nachmittag geschlossen\r\nIm Rest des Jahres Führungen nur nach vorheriger Anmeldung.\r\nFührungen am Vormittag für Gruppen nach Vereinbarung."
            ],
            "en": [
              "Guided tour from April to September at 4 pm and in October at 10 am. Closed in the afternoon\r\nThe rest of the year, guided tour by appointment only.\r\nGuided tour in the morning for groups by appointment."
            ],
            "it": [
              "Visita guidata da aprile a settembre alle 16.00 e in ottobre alle 10.00. Chiuso nel pomeriggio\r\nIl resto dell'anno, visita guidata solo su appuntamento.\r\nVisita guidata al mattino per gruppi su prenotazione."
            ],
            "fr": [
              "Visite guidée d'avril à septembre à 16h et en octobre à 10h. Fermé l'après-midi\r\nLe reste de l'année, visite guidée uniquement sur rendez-vous.\r\nVisite guidée le matin pour les groupes sur rendez-vous."
            ],
            "es": [
              "Visita guiada de abril a septiembre a las 16:00 y en octubre a las 10:00. Cerrado por la tarde\r\nEl resto del año, visita guiada previa cita.\r\nVisita guiada por la mañana para grupos con cita previa."
            ],
            "nl": [
              "Rondleiding van april tot september om 16 uur en in oktober om 10 uur. Gesloten in de namiddag\r\nDe rest van het jaar, rondleiding alleen op afspraak.\r\nRondleiding in de ochtend voor groepen op afspraak."
            ]
          },
          "hasTranslatedProperty": [
            {
              "@id": "https://data.datatourisme.fr/00aa9dfa-f073-309d-9808-d1801772f4e2",
              "dc:contributor": [
                "https://api.deepl.com/v2/translate"
              ],
              "rdf:language": [
                "es"
              ],
              "rdf:predicate": [
                "additionalInformation"
              ]
            },
            {
              "@id": "https://data.datatourisme.fr/02083440-aeed-3a7c-8c20-899dce67b2f3",
              "dc:contributor": [
                "https://api.deepl.com/v2/translate"
              ],
              "rdf:language": [
                "de"
              ],
              "rdf:predicate": [
                "additionalInformation"
              ]
            },
            {
              "@id": "https://data.datatourisme.fr/15a71513-a57a-3af4-a294-d8ea4bcfb6fb",
              "dc:contributor": [
                "https://api.deepl.com/v2/translate"
              ],
              "rdf:language": [
                "en"
              ],
              "rdf:predicate": [
                "additionalInformation"
              ]
            },
            {
              "@id": "https://data.datatourisme.fr/a3e05b76-2818-36b9-8eec-993ba7f1248c",
              "dc:contributor": [
                "https://api.deepl.com/v2/translate"
              ],
              "rdf:language": [
                "it"
              ],
              "rdf:predicate": [
                "additionalInformation"
              ]
            },
            {
              "@id": "https://data.datatourisme.fr/eda92d79-9525-39d8-bc4b-07da26ae9b58",
              "dc:contributor": [
                "https://api.deepl.com/v2/translate"
              ],
              "rdf:language": [
                "nl"
              ],
              "rdf:predicate": [
                "additionalInformation"
              ]
            }
          ]
        }
      ],
      "@type": [
        "schema:Place",
        "Place"
      ]
    }
  ],
  "isOwnedBy": [
    {
      "@id": "https://data.datatourisme.fr/194c52e6-bbae-33dc-8464-caca97844fbb",
      "schema:email": [
        "info@balagne-corsica.com"
      ],
      "schema:legalName": "Office de Tourisme Intercommunal Calvi - Balagne",
      "@type": [
        "schema:Organization",
        "foaf:Agent",
        "Agent"
      ],
      "foaf:homepage": [
        "https://www.balagne-corsica.com/"
      ]
    }
  ],
  "lastUpdate": "2023-01-25",
  "lastUpdateDatatourisme": "2023-04-04T05:52:39.394Z",
  "offers": [
    {
      "@id": "https://data.datatourisme.fr/b071bf1b-cdea-3d52-9b03-3391ceae69e6",
      "schema:priceSpecification": [
        {
          "@id": "https://data.datatourisme.fr/aea33883-a196-325c-bc8d-94df8e35f529",
          "schema:maxPrice": [
            "10",
            "12"
          ],
          "schema:minPrice": [
            "10",
            "12"
          ],
          "schema:priceCurrency": "EUR",
          "@type": [
            "schema:PriceSpecification",
            "PriceSpecification"
          ],
          "appliesOnPeriod": [
            {
              "@id": "https://data.datatourisme.fr/a425afdf-3594-300b-b55e-1858bafa3fd4",
              "@type": [
                "Period"
              ],
              "endDate": "2023-12-31",
              "startDate": "2023-01-01"
            }
          ]
        }
      ],
      "@type": [
        "schema:Offer",
        "Offer"
      ]
    }
  ]
}