{
  "@id": "https://data.datatourisme.fr/13/82556e33-113d-3eda-aec1-6beca9f99d6f",
  "dc:identifier": "5243799",
  "@type": [
    "schema:LocalBusiness",
    "PlaceOfInterest",
    "PointOfInterest",
    "TastingProvider"
  ],
  "rdfs:comment": {
    "de": [
      "Hersteller von Bauernkäse und Direktverkauf."
    ],
    "en": [
      "Producer of farmhouse cheeses and direct sales."
    ],
    "it": [
      "Produttore di formaggi di fattoria e vendita diretta."
    ],
    "fr": [
      "Fabrication de fromages fermiers et vente directe aux Bergeries de Bala. Production saisonnière de Brocciu frais de décembre à fin juin. Ouvert tous les matins du lundi au samedi de 9h à 12h. \r\nVisite guidée jusqu'au 15 juin."
    ],
    "nl": [
      "Producent van boerenkazen en directe verkoop."
    ],
    "es": [
      "Producción de quesos de granja y venta directa a las Bergeries de Bala. Producción estacional de Brocciu fresco de diciembre a finales de junio. Abierto todas las mañanas de lunes a sábado de 9 a 12 horas\r\nVisita guiada hasta el 15 de junio."
    ]
  },
  "rdfs:label": {
    "fr": [
      "Les Bergeries de Bala - Didier Beltramo"
    ]
  },
  "hasBeenCreatedBy": {
    "@id": "https://data.datatourisme.fr/13/84c6494d-3085-3c63-a55c-db8cb047fadd",
    "dc:identifier": "1738",
    "schema:email": [
      "camillef.omt@gmail.com",
      "direction@destination-sudcorse.com",
      "gestion@destination-sudcorse.com",
      "promotion@destination-sudcorse.com",
      "webmaster@destination-sudcorse.com"
    ],
    "schema:legalName": "Porto Vecchio Tourisme",
    "@type": [
      "schema:Organization",
      "foaf:Agent",
      "Agent"
    ],
    "foaf:homepage": [
      "http://www.ot-portovecchio.com/"
    ]
  },
  "hasBeenPublishedBy": [
    {
      "@id": "https://data.datatourisme.fr/8a9feb4b-2cbd-3d2c-b507-bd6c6776b23b",
      "schema:legalName": "Apidae Tourisme Scic SA - source : Apidae Tourisme",
      "@type": [
        "schema:Organization",
        "foaf:Agent",
        "Agent"
      ],
      "foaf:homepage": [
        "https://www.apidae-tourisme.com/"
      ]
    }
  ],
  "hasContact": [
    {
      "@id": "https://data.datatourisme.fr/f05ed496-d595-32f6-8cdb-91d322953dde",
      "schema:email": [
        "bergeriesdebala@gmail.com"
      ],
      "schema:telephone": [
        "+33 6 03 81 34 12"
      ],
      "@type": [
        "foaf:Agent",
        "Agent"
      ]
    }
  ],
  "hasDescription": [
    {
      "@id": "https://data.datatourisme.fr/83ba1f79-e970-3028-8314-6cb4f2ec5485",
      "@type": [
        "Description"
      ],
      "hasTranslatedProperty": [
        {
          "@id": "https://data.datatourisme.fr/2704d31b-765c-366f-8908-3b78f8b565a0",
          "dc:contributor": [
            "https://api.deepl.com/v2/translate"
          ],
          "rdf:language": [
            "es"
          ],
          "rdf:predicate": [
            "shortDescription"
          ]
        }
      ],
      "shortDescription": {
        "de": [
          "Hersteller von Bauernkäse und Direktverkauf."
        ],
        "en": [
          "Producer of farmhouse cheeses and direct sales."
        ],
        "it": [
          "Produttore di formaggi di fattoria e vendita diretta."
        ],
        "fr": [
          "Fabrication de fromages fermiers et vente directe aux Bergeries de Bala. Production saisonnière de Brocciu frais de décembre à fin juin. Ouvert tous les matins du lundi au samedi de 9h à 12h. \r\nVisite guidée jusqu'au 15 juin."
        ],
        "nl": [
          "Producent van boerenkazen en directe verkoop."
        ],
        "es": [
          "Producción de quesos de granja y venta directa a las Bergeries de Bala. Producción estacional de Brocciu fresco de diciembre a finales de junio. Abierto todas las mañanas de lunes a sábado de 9 a 12 horas\r\nVisita guiada hasta el 15 de junio."
        ]
      }
    }
  ],
  "hasTranslatedProperty": [
    {
      "@id": "https://data.datatourisme.fr/10c536b1-9e1c-3aaf-b01c-b3be29839272",
      "dc:contributor": [
        "https://api.deepl.com/v2/translate"
      ],
      "rdf:language": [
        "es"
      ],
      "rdf:predicate": [
        {
          "@id": "rdfs:comment"
        }
      ]
    }
  ],
  "isLocatedAt": [
    {
      "@id": "https://data.datatourisme.fr/1bbc22dc-a874-30be-b0ae-f888d75cc923",
      "schema:address": [
        {
          "@id": "https://data.datatourisme.fr/370739d8-46b6-3389-b5a7-2c39f1a8c890",
          "schema:addressLocality": "Porto-Vecchio",
          "schema:postalCode": "20137",
          "schema:streetAddress": [
            "Bala",
            "Route de Murateddu"
          ],
          "@type": [
            "schema:PostalAddress",
            "PostalAddress"
          ],
          "hasAddressCity": {
            "@id": "kb:2A247",
            "@type": [
              "City"
            ],
            "rdfs:label": {
              "en": [
                "Porto-Vecchio"
              ],
              "fr": [
                "Porto-Vecchio"
              ]
            },
            "insee": "2A247",
            "isPartOfDepartment": {
              "@id": "kb:France942A",
              "@type": [
                "Department"
              ],
              "rdfs:label": {
                "en": [
                  "Corse-du-Sud"
                ],
                "fr": [
                  "Corse-du-Sud"
                ]
              },
              "insee": "2A",
              "isPartOfRegion": {
                "@id": "kb:France94",
                "@type": [
                  "Region"
                ],
                "rdfs:label": {
                  "en": [
                    "Corse"
                  ],
                  "fr": [
                    "Corse"
                  ]
                },
                "insee": "94",
                "isPartOfCountry": {
                  "@id": "kb:France",
                  "@type": [
                    "schema:Country"
                  ],
                  "rdfs:label": {
                    "de": [
                      "Frankreich"
                    ],
                    "pt": [
                      "França"
                    ],
                    "en": [
                      "France"
                    ],
                    "it": [
                      "Francia"
                    ],
                    "fr": [
                      "France"
                    ],
                    "nl": [
                      "Frankrijk"
                    ],
                    "es": [
                      "Francia"
                    ]
                  }
                }
              }
            }
          }
        }
      ],
      "schema:geo": {
        "@id": "https://data.datatourisme.fr/c2b3d8df-f510-3bfd-8690-b4ba25a01bcb",
        "schema:latitude": "41.595",
        "schema:longitude": "9.2375",
        "@type": [
          "schema:GeoCoordinates"
        ]
      },
      "schema:openingHoursSpecification": [
        {
          "@id": "https://data.datatourisme.fr/c2e26f89-a91e-3072-ab03-57c5f1aa2e1a",
          "schema:validFrom": "2023-10-05T00:00:00",
          "schema:validThrough": "2023-10-05T23:59:59",
          "@type": [
            "schema:OpeningHoursSpecification"
          ],
          "additionalInformation": {
            "de": [
              "Montag, Dienstag, Mittwoch, Donnerstag, Freitag, Samstag: 09:00 bis 12:00 Uhr"
            ],
            "en": [
              "Monday, Tuesday, Wednesday, Thursday, Friday, Saturday: 9am to 12pm"
            ],
            "it": [
              "Lunedì, martedì, mercoledì, giovedì, venerdì, sabato: dalle 09:00 alle 12:00"
            ],
            "fr": [
              "Lundi, Mardi, Mercredi, Jeudi, Vendredi, Samedi : 09h à 12h"
            ],
            "nl": [
              "Maandag, dinsdag, woensdag, donderdag, vrijdag en zaterdag: 09:00 tot 12:00 uur"
            ],
            "es": [
              "Lunes, martes, miércoles, jueves, viernes y sábado: de 09:00 a 12:00"
            ]
          },
          "hasTranslatedProperty": [
            {
              "@id": "https://data.datatourisme.fr/36045852-5a6b-3be8-a821-0581dec9df8d",
              "dc:contributor": [
                "https://api.deepl.com/v2/translate"
              ],
              "rdf:language": [
                "nl"
              ],
              "rdf:predicate": [
                "additionalInformation"
              ]
            },
            {
              "@id": "https://data.datatourisme.fr/37b99891-6c63-39c2-a969-ee34c8860f20",
              "dc:contributor": [
                "https://api.deepl.com/v2/translate"
              ],
              "rdf:language": [
                "de"
              ],
              "rdf:predicate": [
                "additionalInformation"
              ]
            },
            {
              "@id": "https://data.datatourisme.fr/df8ffc9e-f315-3b31-ad8f-f00c009f3f0b",
              "dc:contributor": [
                "https://api.deepl.com/v2/translate"
              ],
              "rdf:language": [
                "it"
              ],
              "rdf:predicate": [
                "additionalInformation"
              ]
            },
            {
              "@id": "https://data.datatourisme.fr/df921ee7-6538-3712-aabb-82acd1448ac2",
              "dc:contributor": [
                "https://api.deepl.com/v2/translate"
              ],
              "rdf:language": [
                "en"
              ],
              "rdf:predicate": [
                "additionalInformation"
              ]
            },
            {
              "@id": "https://data.datatourisme.fr/ff8de610-41ee-3385-881c-1ea8d5b21ecf",
              "dc:contributor": [
                "https://api.deepl.com/v2/translate"
              ],
              "rdf:language": [
                "es"
              ],
              "rdf:predicate": [
                "additionalInformation"
              ]
            }
          ]
        }
      ],
      "@type": [
        "schema:Place",
        "Place"
      ]
    }
  ],
  "isOwnedBy": [
    {
      "@id": "https://data.datatourisme.fr/f5f950f9-5eec-32b4-a357-2c969ccf4068",
      "schema:email": [
        "camillef.omt@gmail.com",
        "direction@destination-sudcorse.com",
        "gestion@destination-sudcorse.com",
        "promotion@destination-sudcorse.com",
        "webmaster@destination-sudcorse.com"
      ],
      "schema:legalName": "Porto Vecchio Tourisme",
      "@type": [
        "schema:Organization",
        "foaf:Agent",
        "Agent"
      ],
      "foaf:homepage": [
        "http://www.ot-portovecchio.com/"
      ]
    }
  ],
  "lastUpdate": "2022-10-05",
  "lastUpdateDatatourisme": "2023-02-01T18:07:36.074Z"
}