{
  "@id": "https://data.datatourisme.fr/13/82d521ff-b897-3866-8ad0-a1e4bd84eb0a",
  "dc:identifier": "5967558",
  "@type": [
    "schema:Accommodation",
    "schema:LodgingBusiness",
    "Accommodation",
    "CollectiveAccommodation",
    "HolidayResort",
    "PlaceOfInterest",
    "PointOfInterest"
  ],
  "rdfs:comment": {
    "de": [
      "Entscheiden Sie sich für Ihren Ferienaufenthalt auf Korsika für diese Hotelanlage in Calvi in der Balagne..... \"Der Charme und die Ruhe eines großen Familienbesitzes\" in einem 4000 m² großen, bewaldeten Park."
    ],
    "en": [
      "For your holiday in Corsica, choose this hotel residence in Calvi en Balagne.... \" The charm and quiet of a vast family property\" in a wooded park of 4000 m²."
    ],
    "it": [
      "Per le vostre vacanze in Corsica, optate per questo hotel residence a Calvi in ​​Balagne.... \"Il fascino e la calma di una vasta proprietà familiare\" in un parco alberato di 4000 m²."
    ],
    "fr": [
      "Pour votre séjour de vacances en corse, optez pour cette résidence hôtelière à Calvi en Balagne.... \"Le charme et le calme d'une vaste propriété familiale\" dans un parc arboré de 4000 m²."
    ],
    "es": [
      "Para su estancia de vacaciones en Córcega, elija esta residencia hotelera en Calvi en Balagne.... \"El encanto y la calma de una gran propiedad familiar\" en un parque de 4000 m² con árboles."
    ],
    "nl": [
      "Kies voor uw vakantieverblijf op Corsica deze hotelresidentie in Calvi in Balagne.... \"De charme en rust van een groot familiehuis\" in een park van 4000 m² met bomen."
    ]
  },
  "rdfs:label": {
    "fr": [
      "Campo di Fiori"
    ]
  },
  "hasBeenCreatedBy": {
    "@id": "https://data.datatourisme.fr/13/e4873aa9-a05c-35ed-8395-61d121516766",
    "dc:identifier": "1646",
    "schema:email": [
      "info@balagne-corsica.com"
    ],
    "schema:legalName": "Office de Tourisme Intercommunal Calvi - Balagne",
    "@type": [
      "schema:Organization",
      "foaf:Agent",
      "Agent"
    ],
    "foaf:homepage": [
      "https://www.balagne-corsica.com/"
    ]
  },
  "hasBeenPublishedBy": [
    {
      "@id": "https://data.datatourisme.fr/8a9feb4b-2cbd-3d2c-b507-bd6c6776b23b",
      "schema:legalName": "Apidae Tourisme Scic SA - source : Apidae Tourisme",
      "@type": [
        "schema:Organization",
        "foaf:Agent",
        "Agent"
      ],
      "foaf:homepage": [
        "https://www.apidae-tourisme.com/"
      ]
    }
  ],
  "hasContact": [
    {
      "@id": "https://data.datatourisme.fr/06c78d4b-93f9-3895-a9d5-73b38332ec32",
      "schema:email": [
        "contact@location-campodifiori.com"
      ],
      "schema:telephone": [
        "+33 4 95 48 34 60",
        "+33 6 08 23 76 64"
      ],
      "@type": [
        "foaf:Agent",
        "Agent"
      ],
      "foaf:homepage": [
        "https://www.location-campodifiori.com/"
      ]
    }
  ],
  "hasDescription": [
    {
      "@id": "https://data.datatourisme.fr/b130945c-cbca-3e97-ad23-bb06e3486e1b",
      "@type": [
        "Description"
      ],
      "hasTranslatedProperty": [
        {
          "@id": "https://data.datatourisme.fr/12c63a1b-13fd-38a8-a396-fac635a96268",
          "dc:contributor": [
            "https://api.deepl.com/v2/translate"
          ],
          "rdf:language": [
            "es"
          ],
          "rdf:predicate": [
            "shortDescription"
          ]
        },
        {
          "@id": "https://data.datatourisme.fr/699d9c42-ed57-368b-84de-200b6b0ab76d",
          "dc:contributor": [
            "https://api.deepl.com/v2/translate"
          ],
          "rdf:language": [
            "nl"
          ],
          "rdf:predicate": [
            "shortDescription"
          ]
        },
        {
          "@id": "https://data.datatourisme.fr/c8c4abad-7c1d-388d-b256-34dec473f00d",
          "dc:contributor": [
            "https://api.deepl.com/v2/translate"
          ],
          "rdf:language": [
            "de"
          ],
          "rdf:predicate": [
            "shortDescription"
          ]
        }
      ],
      "shortDescription": {
        "de": [
          "Entscheiden Sie sich für Ihren Ferienaufenthalt auf Korsika für diese Hotelanlage in Calvi in der Balagne..... \"Der Charme und die Ruhe eines großen Familienbesitzes\" in einem 4000 m² großen, bewaldeten Park."
        ],
        "en": [
          "For your holiday in Corsica, choose this hotel residence in Calvi en Balagne.... \" The charm and quiet of a vast family property\" in a wooded park of 4000 m²."
        ],
        "it": [
          "Per le vostre vacanze in Corsica, optate per questo hotel residence a Calvi in ​​Balagne.... \"Il fascino e la calma di una vasta proprietà familiare\" in un parco alberato di 4000 m²."
        ],
        "fr": [
          "Pour votre séjour de vacances en corse, optez pour cette résidence hôtelière à Calvi en Balagne.... \"Le charme et le calme d'une vaste propriété familiale\" dans un parc arboré de 4000 m²."
        ],
        "es": [
          "Para su estancia de vacaciones en Córcega, elija esta residencia hotelera en Calvi en Balagne.... \"El encanto y la calma de una gran propiedad familiar\" en un parque de 4000 m² con árboles."
        ],
        "nl": [
          "Kies voor uw vakantieverblijf op Corsica deze hotelresidentie in Calvi in Balagne.... \"De charme en rust van een groot familiehuis\" in een park van 4000 m² met bomen."
        ]
      }
    }
  ],
  "hasTranslatedProperty": [
    {
      "@id": "https://data.datatourisme.fr/04375653-74e4-3bf1-ac01-cba5f2e0287f",
      "dc:contributor": [
        "https://api.deepl.com/v2/translate"
      ],
      "rdf:language": [
        "es"
      ],
      "rdf:predicate": [
        {
          "@id": "rdfs:comment"
        }
      ]
    },
    {
      "@id": "https://data.datatourisme.fr/bfd9e0d7-c12b-3c2f-b5cf-3106a944ee1a",
      "dc:contributor": [
        "https://api.deepl.com/v2/translate"
      ],
      "rdf:language": [
        "nl"
      ],
      "rdf:predicate": [
        {
          "@id": "rdfs:comment"
        }
      ]
    },
    {
      "@id": "https://data.datatourisme.fr/c38f1ee2-40e6-324b-95e8-13e051c790af",
      "dc:contributor": [
        "https://api.deepl.com/v2/translate"
      ],
      "rdf:language": [
        "de"
      ],
      "rdf:predicate": [
        {
          "@id": "rdfs:comment"
        }
      ]
    }
  ],
  "isLocatedAt": [
    {
      "@id": "https://data.datatourisme.fr/b880697f-b2da-3681-a602-735158dc1de5",
      "schema:address": [
        {
          "@id": "https://data.datatourisme.fr/803077b4-54fd-3bef-87b9-2b72a1c209de",
          "schema:addressLocality": "Calvi",
          "schema:postalCode": "20260",
          "schema:streetAddress": [
            "Route de Pietramaggiore"
          ],
          "@type": [
            "schema:PostalAddress",
            "PostalAddress"
          ],
          "hasAddressCity": {
            "@id": "kb:2B050",
            "@type": [
              "City"
            ],
            "rdfs:label": {
              "en": [
                "Calvi"
              ],
              "fr": [
                "Calvi"
              ]
            },
            "insee": "2B050",
            "isPartOfDepartment": {
              "@id": "kb:France942B",
              "@type": [
                "Department"
              ],
              "rdfs:label": {
                "en": [
                  "Haute-Corse"
                ],
                "fr": [
                  "Haute-Corse"
                ]
              },
              "insee": "2B",
              "isPartOfRegion": {
                "@id": "kb:France94",
                "@type": [
                  "Region"
                ],
                "rdfs:label": {
                  "en": [
                    "Corse"
                  ],
                  "fr": [
                    "Corse"
                  ]
                },
                "insee": "94",
                "isPartOfCountry": {
                  "@id": "kb:France",
                  "@type": [
                    "schema:Country"
                  ],
                  "rdfs:label": {
                    "de": [
                      "Frankreich"
                    ],
                    "pt": [
                      "França"
                    ],
                    "en": [
                      "France"
                    ],
                    "it": [
                      "Francia"
                    ],
                    "fr": [
                      "France"
                    ],
                    "nl": [
                      "Frankrijk"
                    ],
                    "es": [
                      "Francia"
                    ]
                  }
                }
              }
            }
          }
        }
      ],
      "schema:geo": {
        "@id": "https://data.datatourisme.fr/7aae10de-d853-384c-819a-4b5f6ed2f117",
        "schema:latitude": "42.556603",
        "schema:longitude": "8.755357",
        "@type": [
          "schema:GeoCoordinates"
        ]
      },
      "schema:openingHoursSpecification": [
        {
          "@id": "https://data.datatourisme.fr/6bef32fb-903c-3ae0-a462-c4b89c220c34",
          "schema:validFrom": "2023-05-05T00:00:00",
          "schema:validThrough": "2023-10-31T23:59:59",
          "@type": [
            "schema:OpeningHoursSpecification"
          ],
          "additionalInformation": {
            "de": [
              "Unverbindliche Öffnungszeiten ."
            ],
            "en": [
              "Indicative opening period ."
            ],
            "it": [
              "Periodo di apertura indicativo ."
            ],
            "fr": [
              "Période d'ouverture à titre indicatif ."
            ],
            "es": [
              "Periodo de apertura indicativo ."
            ],
            "nl": [
              "Indicatieve openingsperiode ."
            ]
          },
          "hasTranslatedProperty": [
            {
              "@id": "https://data.datatourisme.fr/574709bc-c0bb-35bd-b849-b9de493b481e",
              "dc:contributor": [
                "https://api.deepl.com/v2/translate"
              ],
              "rdf:language": [
                "en"
              ],
              "rdf:predicate": [
                "additionalInformation"
              ]
            },
            {
              "@id": "https://data.datatourisme.fr/679d33d6-b3be-347c-b638-5b976266b589",
              "dc:contributor": [
                "https://api.deepl.com/v2/translate"
              ],
              "rdf:language": [
                "es"
              ],
              "rdf:predicate": [
                "additionalInformation"
              ]
            },
            {
              "@id": "https://data.datatourisme.fr/90314fc5-d637-3006-9c54-c3ec2dfd9f81",
              "dc:contributor": [
                "https://api.deepl.com/v2/translate"
              ],
              "rdf:language": [
                "de"
              ],
              "rdf:predicate": [
                "additionalInformation"
              ]
            },
            {
              "@id": "https://data.datatourisme.fr/aad36640-c2c7-36f4-abe0-2d578caef566",
              "dc:contributor": [
                "https://api.deepl.com/v2/translate"
              ],
              "rdf:language": [
                "it"
              ],
              "rdf:predicate": [
                "additionalInformation"
              ]
            },
            {
              "@id": "https://data.datatourisme.fr/b64f79c6-6f5d-304a-bd14-537eb07ee41d",
              "dc:contributor": [
                "https://api.deepl.com/v2/translate"
              ],
              "rdf:language": [
                "nl"
              ],
              "rdf:predicate": [
                "additionalInformation"
              ]
            }
          ]
        }
      ],
      "@type": [
        "schema:Place",
        "Place"
      ]
    }
  ],
  "isOwnedBy": [
    {
      "@id": "https://data.datatourisme.fr/194c52e6-bbae-33dc-8464-caca97844fbb",
      "schema:email": [
        "info@balagne-corsica.com"
      ],
      "schema:legalName": "Office de Tourisme Intercommunal Calvi - Balagne",
      "@type": [
        "schema:Organization",
        "foaf:Agent",
        "Agent"
      ],
      "foaf:homepage": [
        "https://www.balagne-corsica.com/"
      ]
    }
  ],
  "lastUpdate": "2022-12-26",
  "lastUpdateDatatourisme": "2023-02-01T18:07:35.749Z",
  "offers": [
    {
      "@id": "https://data.datatourisme.fr/5960a09c-533d-3666-a3c0-d0f039f265f2",
      "schema:priceSpecification": [
        {
          "@id": "https://data.datatourisme.fr/def8e3f5-8bfe-33a8-8366-4db9dc609690",
          "schema:maxPrice": [
            "739"
          ],
          "schema:minPrice": [
            "154"
          ],
          "schema:priceCurrency": "EUR",
          "@type": [
            "schema:PriceSpecification",
            "PriceSpecification"
          ],
          "appliesOnPeriod": [
            {
              "@id": "https://data.datatourisme.fr/1e8cfe35-92d6-3375-a5f2-307b906def3c",
              "@type": [
                "Period"
              ],
              "endDate": "2023-10-31",
              "startDate": "2023-05-05"
            }
          ]
        }
      ],
      "@type": [
        "schema:Offer",
        "Offer"
      ]
    }
  ]
}