{
  "@id": "https://data.datatourisme.fr/13/824cf757-abab-34be-837d-d6b662d1f134",
  "dc:identifier": "4973164",
  "@type": [
    "schema:FoodEstablishment",
    "FoodEstablishment",
    "PlaceOfInterest",
    "PointOfInterest"
  ],
  "rdfs:comment": {
    "de": [
      "Das Restaurant Chez Dumè in Calvi in der Balagne verwöhnt Sie mit traditioneller regionaler Küche und gibt Ihnen einen Einblick in die korsische Gastronomie."
    ],
    "en": [
      "The Restaurant Chez Dumè, in Calvi en Balagne, will make you discover a regional cuisine of tradition and will give you an overview of the Corsican gastronomy, from its veal stir-fry to olives and its famous wild boar stew with honey of maquis"
    ],
    "it": [
      "Il ristorante Chez Dumè, a Calvi nella regione della Balagne, vi farà conoscere la cucina regionale tradizionale e vi darà un assaggio della gastronomia corsa."
    ],
    "fr": [
      "Le Restaurant Chez Dumè, à Calvi en Balagne, vous fera découvrir une cuisine régionale de tradition et vous donnera un aperçu de la gastronomie corse."
    ],
    "nl": [
      "Restaurant Chez Dumè, in Calvi in de regio Balagne, laat u kennismaken met de traditionele regionale keuken en laat u proeven van de Corsicaanse gastronomie."
    ],
    "es": [
      "El restaurante Chez Dumè, situado en Calvi, en la región de Balagne, le hará descubrir la cocina tradicional regional y le dará a conocer la gastronomía corsa."
    ]
  },
  "rdfs:label": {
    "fr": [
      "Chez Dumè"
    ]
  },
  "hasBeenCreatedBy": {
    "@id": "https://data.datatourisme.fr/13/e4873aa9-a05c-35ed-8395-61d121516766",
    "dc:identifier": "1646",
    "schema:email": [
      "info@balagne-corsica.com"
    ],
    "schema:legalName": "Office de Tourisme Intercommunal Calvi - Balagne",
    "@type": [
      "schema:Organization",
      "foaf:Agent",
      "Agent"
    ],
    "foaf:homepage": [
      "https://www.balagne-corsica.com/"
    ]
  },
  "hasBeenPublishedBy": [
    {
      "@id": "https://data.datatourisme.fr/8a9feb4b-2cbd-3d2c-b507-bd6c6776b23b",
      "schema:legalName": "Apidae Tourisme Scic SA - source : Apidae Tourisme",
      "@type": [
        "schema:Organization",
        "foaf:Agent",
        "Agent"
      ],
      "foaf:homepage": [
        "https://www.apidae-tourisme.com/"
      ]
    }
  ],
  "hasContact": [
    {
      "@id": "https://data.datatourisme.fr/444b8f60-1d6c-38ea-9353-e34788723786",
      "schema:email": [
        "tealdiq@gmail.com"
      ],
      "schema:telephone": [
        "+33 4 95 65 09 83",
        "+33 6 81 67 68 60"
      ],
      "@type": [
        "foaf:Agent",
        "Agent"
      ]
    }
  ],
  "hasDescription": [
    {
      "@id": "https://data.datatourisme.fr/b987c95d-98b6-39cc-a339-f5b76dabb0d7",
      "@type": [
        "Description"
      ],
      "hasTranslatedProperty": [
        {
          "@id": "https://data.datatourisme.fr/24111e15-8693-372a-a8ba-c71318c28fc3",
          "dc:contributor": [
            "https://api.deepl.com/v2/translate"
          ],
          "rdf:language": [
            "nl"
          ],
          "rdf:predicate": [
            "shortDescription"
          ]
        },
        {
          "@id": "https://data.datatourisme.fr/5eaa6d39-4d23-309e-8b9e-9316ddc411e2",
          "dc:contributor": [
            "https://api.deepl.com/v2/translate"
          ],
          "rdf:language": [
            "de"
          ],
          "rdf:predicate": [
            "shortDescription"
          ]
        },
        {
          "@id": "https://data.datatourisme.fr/ec00ff2e-1dd6-38b3-b4ee-a5b6a1ec5017",
          "dc:contributor": [
            "https://api.deepl.com/v2/translate"
          ],
          "rdf:language": [
            "es"
          ],
          "rdf:predicate": [
            "shortDescription"
          ]
        }
      ],
      "shortDescription": {
        "de": [
          "Das Restaurant Chez Dumè in Calvi in der Balagne verwöhnt Sie mit traditioneller regionaler Küche und gibt Ihnen einen Einblick in die korsische Gastronomie."
        ],
        "en": [
          "The Restaurant Chez Dumè, in Calvi en Balagne, will make you discover a regional cuisine of tradition and will give you an overview of the Corsican gastronomy, from its veal stir-fry to olives and its famous wild boar stew with honey of maquis"
        ],
        "it": [
          "Il ristorante Chez Dumè, a Calvi nella regione della Balagne, vi farà conoscere la cucina regionale tradizionale e vi darà un assaggio della gastronomia corsa."
        ],
        "fr": [
          "Le Restaurant Chez Dumè, à Calvi en Balagne, vous fera découvrir une cuisine régionale de tradition et vous donnera un aperçu de la gastronomie corse."
        ],
        "nl": [
          "Restaurant Chez Dumè, in Calvi in de regio Balagne, laat u kennismaken met de traditionele regionale keuken en laat u proeven van de Corsicaanse gastronomie."
        ],
        "es": [
          "El restaurante Chez Dumè, situado en Calvi, en la región de Balagne, le hará descubrir la cocina tradicional regional y le dará a conocer la gastronomía corsa."
        ]
      }
    }
  ],
  "hasTranslatedProperty": [
    {
      "@id": "https://data.datatourisme.fr/10a0dec8-f49a-37ed-84e8-b896e78103b3",
      "dc:contributor": [
        "https://api.deepl.com/v2/translate"
      ],
      "rdf:language": [
        "es"
      ],
      "rdf:predicate": [
        {
          "@id": "rdfs:comment"
        }
      ]
    },
    {
      "@id": "https://data.datatourisme.fr/b9028d98-b3d7-3def-b66e-b84e5c7606c1",
      "dc:contributor": [
        "https://api.deepl.com/v2/translate"
      ],
      "rdf:language": [
        "de"
      ],
      "rdf:predicate": [
        {
          "@id": "rdfs:comment"
        }
      ]
    },
    {
      "@id": "https://data.datatourisme.fr/ec8a94ea-4c35-31c8-ae80-0a2209089c33",
      "dc:contributor": [
        "https://api.deepl.com/v2/translate"
      ],
      "rdf:language": [
        "nl"
      ],
      "rdf:predicate": [
        {
          "@id": "rdfs:comment"
        }
      ]
    }
  ],
  "isLocatedAt": [
    {
      "@id": "https://data.datatourisme.fr/49c4c375-59b2-3fab-9714-f42a01db9334",
      "schema:address": [
        {
          "@id": "https://data.datatourisme.fr/367e3e88-61ff-3c16-b7fa-0f23ed38b803",
          "schema:addressLocality": "Calvi",
          "schema:postalCode": "20260",
          "schema:streetAddress": [
            "Place de l'église",
            "Rue Clemenceau"
          ],
          "@type": [
            "schema:PostalAddress",
            "PostalAddress"
          ],
          "hasAddressCity": {
            "@id": "kb:2B050",
            "@type": [
              "City"
            ],
            "rdfs:label": {
              "en": [
                "Calvi"
              ],
              "fr": [
                "Calvi"
              ]
            },
            "insee": "2B050",
            "isPartOfDepartment": {
              "@id": "kb:France942B",
              "@type": [
                "Department"
              ],
              "rdfs:label": {
                "en": [
                  "Haute-Corse"
                ],
                "fr": [
                  "Haute-Corse"
                ]
              },
              "insee": "2B",
              "isPartOfRegion": {
                "@id": "kb:France94",
                "@type": [
                  "Region"
                ],
                "rdfs:label": {
                  "en": [
                    "Corse"
                  ],
                  "fr": [
                    "Corse"
                  ]
                },
                "insee": "94",
                "isPartOfCountry": {
                  "@id": "kb:France",
                  "@type": [
                    "schema:Country"
                  ],
                  "rdfs:label": {
                    "de": [
                      "Frankreich"
                    ],
                    "pt": [
                      "França"
                    ],
                    "en": [
                      "France"
                    ],
                    "it": [
                      "Francia"
                    ],
                    "fr": [
                      "France"
                    ],
                    "nl": [
                      "Frankrijk"
                    ],
                    "es": [
                      "Francia"
                    ]
                  }
                }
              }
            }
          }
        }
      ],
      "schema:geo": {
        "@id": "https://data.datatourisme.fr/75dd6533-2636-31f7-aec2-b855102249ce",
        "schema:latitude": "42.566519",
        "schema:longitude": "8.757862",
        "@type": [
          "schema:GeoCoordinates"
        ]
      },
      "schema:openingHoursSpecification": [
        {
          "@id": "https://data.datatourisme.fr/26a091a1-15ac-395b-aefc-3e801f6db693",
          "schema:validFrom": "2023-04-15T00:00:00",
          "schema:validThrough": "2023-10-30T23:59:59",
          "@type": [
            "schema:OpeningHoursSpecification"
          ],
          "additionalInformation": {
            "de": [
              "Zeitraum zur Orientierung - genaue Daten werden noch bestätigt"
            ],
            "en": [
              "Indicative period - Specific dates to be confirmed"
            ],
            "it": [
              "Periodo indicativo - date precise da confermare"
            ],
            "fr": [
              "Période à titre indicatif - Dates précises à confirmer"
            ],
            "es": [
              "Periodo indicativo - fechas precisas por confirmar"
            ],
            "nl": [
              "Indicatieve periode - precieze data nog te bevestigen"
            ]
          },
          "hasTranslatedProperty": [
            {
              "@id": "https://data.datatourisme.fr/7d60df31-5d1d-3e93-b77e-0e6dda5dca8d",
              "dc:contributor": [
                "https://api.deepl.com/v2/translate"
              ],
              "rdf:language": [
                "nl"
              ],
              "rdf:predicate": [
                "additionalInformation"
              ]
            },
            {
              "@id": "https://data.datatourisme.fr/858e183f-d26d-397c-a0f5-a195fa1d8900",
              "dc:contributor": [
                "https://api.deepl.com/v2/translate"
              ],
              "rdf:language": [
                "it"
              ],
              "rdf:predicate": [
                "additionalInformation"
              ]
            },
            {
              "@id": "https://data.datatourisme.fr/a2b66f0b-893c-34e2-8e57-03d24d89076d",
              "dc:contributor": [
                "https://api.deepl.com/v2/translate"
              ],
              "rdf:language": [
                "es"
              ],
              "rdf:predicate": [
                "additionalInformation"
              ]
            },
            {
              "@id": "https://data.datatourisme.fr/ac46e099-4efd-3590-9086-c47466d24385",
              "dc:contributor": [
                "https://api.deepl.com/v2/translate"
              ],
              "rdf:language": [
                "en"
              ],
              "rdf:predicate": [
                "additionalInformation"
              ]
            },
            {
              "@id": "https://data.datatourisme.fr/ad8705bb-48f2-3b49-9195-562a29b1edde",
              "dc:contributor": [
                "https://api.deepl.com/v2/translate"
              ],
              "rdf:language": [
                "de"
              ],
              "rdf:predicate": [
                "additionalInformation"
              ]
            }
          ]
        }
      ],
      "@type": [
        "schema:Place",
        "Place"
      ]
    }
  ],
  "isOwnedBy": [
    {
      "@id": "https://data.datatourisme.fr/194c52e6-bbae-33dc-8464-caca97844fbb",
      "schema:email": [
        "info@balagne-corsica.com"
      ],
      "schema:legalName": "Office de Tourisme Intercommunal Calvi - Balagne",
      "@type": [
        "schema:Organization",
        "foaf:Agent",
        "Agent"
      ],
      "foaf:homepage": [
        "https://www.balagne-corsica.com/"
      ]
    }
  ],
  "lastUpdate": "2022-05-03",
  "lastUpdateDatatourisme": "2023-04-04T05:52:39.273Z",
  "offers": [
    {
      "@id": "https://data.datatourisme.fr/caea3bc7-fd6c-34ec-9b0f-c0d9ac6e03af",
      "schema:priceSpecification": [
        {
          "@id": "https://data.datatourisme.fr/09dc0600-ee16-3dfa-a51f-e00155fb1940",
          "schema:minPrice": [
            "16",
            "21"
          ],
          "schema:priceCurrency": "EUR",
          "@type": [
            "schema:PriceSpecification",
            "PriceSpecification"
          ],
          "appliesOnPeriod": [
            {
              "@id": "https://data.datatourisme.fr/267aea74-91b8-3005-9da0-be8603ff5f8c",
              "@type": [
                "Period"
              ],
              "endDate": "2022-10-30",
              "startDate": "2022-04-15"
            }
          ]
        }
      ],
      "@type": [
        "schema:Offer",
        "Offer"
      ]
    }
  ]
}