{
  "@id": "https://data.datatourisme.fr/13/2b5fb8a1-a2ef-38c9-adb0-9068da5905dd",
  "dc:identifier": "5324690",
  "@type": [
    "CityHeritage",
    "CulturalSite",
    "PlaceOfInterest",
    "PointOfInterest"
  ],
  "rdfs:comment": {
    "de": [
      "Steine, mächtige Gebirgsbäche, Kastanienbäume, grüne Eichen - das ist die Kulisse, die Ihnen Olmi Cappella bietet. Seine Casa Battaglini, das Herz des Dorfes, seine saviu verde, eine majestätische Eiche und seine Oase des Friedens am Fuße der Berge von Ghjunsani."
    ],
    "en": [
      "In a decor of rock, gushing mountain streams, chestnut trees and evergreen oaks, discover Olmi Cappella. The Casa Battaglini, the beating heart of the village, and the saviu verde, a majestic oak, are the features of this peace haven at the foot of the Ghjunsani mountains."
    ],
    "it": [
      "Pietre, torrenti potenti, castagni, lecci, questo è lo scenario che Olmi Cappella vi offre. La sua Casa Battaglini, il cuore del villaggio, il suo saviu verde, una maestosa quercia e la sua oasi di pace ai piedi delle montagne di Ghjunsani."
    ],
    "fr": [
      "Pierres, torrents puissants, châtaigniers, chênes verts, voilà le décor que vous offre Olmi Cappella. Sa Casa Battaglini, coeur du village, son saviu verde, chêne majestueux et son havre de paix au pied des montagnes du Ghjunsani."
    ],
    "nl": [
      "Stenen, krachtige bergstromen, kastanjebomen, steeneiken, dat is het decor dat Olmi Cappella u biedt. Zijn Casa Battaglini, het hart van het dorp, zijn saviu verde, een majestueuze eik en zijn oase van rust aan de voet van het Ghjunsani gebergte."
    ],
    "es": [
      "Piedras, potentes torrentes, castaños, encinas, este es el escenario que le ofrece Olmi Cappella. Su Casa Battaglini, el corazón del pueblo, su saviu verde, un majestuoso roble y su remanso de paz al pie de las montañas de Ghjunsani."
    ]
  },
  "rdfs:label": {
    "fr": [
      "Olmi-Cappella"
    ]
  },
  "owl:sameAs": [
    "http://www.wikidata.org/entity/Q593770"
  ],
  "hasBeenCreatedBy": {
    "@id": "https://data.datatourisme.fr/13/8d420fa3-5754-31f1-8199-69c88780314d",
    "dc:identifier": "1647",
    "schema:email": [
      "web@ileroussetourisme.com"
    ],
    "schema:legalName": "Office de Tourisme Intercommunal de L'Ile Rousse-Balagne",
    "@type": [
      "schema:Organization",
      "foaf:Agent",
      "Agent"
    ],
    "foaf:homepage": [
      "https://www.balagne-corsica.com/"
    ]
  },
  "hasBeenPublishedBy": [
    {
      "@id": "https://data.datatourisme.fr/8a9feb4b-2cbd-3d2c-b507-bd6c6776b23b",
      "schema:legalName": "Apidae Tourisme Scic SA - source : Apidae Tourisme",
      "@type": [
        "schema:Organization",
        "foaf:Agent",
        "Agent"
      ],
      "foaf:homepage": [
        "https://www.apidae-tourisme.com/"
      ]
    }
  ],
  "hasContact": [
    {
      "@id": "https://data.datatourisme.fr/09a022a9-8460-3a6a-acf7-3c096703d50e",
      "schema:email": [
        "mairie-olmi-cappella@wanadoo.fr"
      ],
      "schema:telephone": [
        "+33 4 95 61 90 17"
      ],
      "@type": [
        "foaf:Agent",
        "Agent"
      ],
      "foaf:homepage": [
        "http://www.olmi.cappella.fr/"
      ]
    }
  ],
  "hasDescription": [
    {
      "@id": "https://data.datatourisme.fr/42372daf-66fa-3391-9390-f1d36f4b5c90",
      "@type": [
        "Description"
      ],
      "hasTranslatedProperty": [
        {
          "@id": "https://data.datatourisme.fr/1ab86702-a2b8-37a3-a171-abbeaf1a8c71",
          "dc:contributor": [
            "https://api.deepl.com/v2/translate"
          ],
          "rdf:language": [
            "es"
          ],
          "rdf:predicate": [
            "shortDescription"
          ]
        },
        {
          "@id": "https://data.datatourisme.fr/1eaf580a-a527-3973-b457-fc70eda8e905",
          "dc:contributor": [
            "https://api.deepl.com/v2/translate"
          ],
          "rdf:language": [
            "de"
          ],
          "rdf:predicate": [
            "shortDescription"
          ]
        },
        {
          "@id": "https://data.datatourisme.fr/226258a7-8d6d-338f-bf5d-5e7ddd246b28",
          "dc:contributor": [
            "https://api.deepl.com/v2/translate"
          ],
          "rdf:language": [
            "nl"
          ],
          "rdf:predicate": [
            "shortDescription"
          ]
        },
        {
          "@id": "https://data.datatourisme.fr/2438c6c5-6136-3f49-ba27-1cab2c27c751",
          "dc:contributor": [
            "https://api.deepl.com/v2/translate"
          ],
          "rdf:language": [
            "it"
          ],
          "rdf:predicate": [
            "shortDescription"
          ]
        }
      ],
      "shortDescription": {
        "de": [
          "Steine, mächtige Gebirgsbäche, Kastanienbäume, grüne Eichen - das ist die Kulisse, die Ihnen Olmi Cappella bietet. Seine Casa Battaglini, das Herz des Dorfes, seine saviu verde, eine majestätische Eiche und seine Oase des Friedens am Fuße der Berge von Ghjunsani."
        ],
        "en": [
          "In a decor of rock, gushing mountain streams, chestnut trees and evergreen oaks, discover Olmi Cappella. The Casa Battaglini, the beating heart of the village, and the saviu verde, a majestic oak, are the features of this peace haven at the foot of the Ghjunsani mountains."
        ],
        "it": [
          "Pietre, torrenti potenti, castagni, lecci, questo è lo scenario che Olmi Cappella vi offre. La sua Casa Battaglini, il cuore del villaggio, il suo saviu verde, una maestosa quercia e la sua oasi di pace ai piedi delle montagne di Ghjunsani."
        ],
        "fr": [
          "Pierres, torrents puissants, châtaigniers, chênes verts, voilà le décor que vous offre Olmi Cappella. Sa Casa Battaglini, coeur du village, son saviu verde, chêne majestueux et son havre de paix au pied des montagnes du Ghjunsani."
        ],
        "nl": [
          "Stenen, krachtige bergstromen, kastanjebomen, steeneiken, dat is het decor dat Olmi Cappella u biedt. Zijn Casa Battaglini, het hart van het dorp, zijn saviu verde, een majestueuze eik en zijn oase van rust aan de voet van het Ghjunsani gebergte."
        ],
        "es": [
          "Piedras, potentes torrentes, castaños, encinas, este es el escenario que le ofrece Olmi Cappella. Su Casa Battaglini, el corazón del pueblo, su saviu verde, un majestuoso roble y su remanso de paz al pie de las montañas de Ghjunsani."
        ]
      }
    }
  ],
  "hasRepresentation": [
    {
      "@id": "https://data.datatourisme.fr/baf1d9e9-1b69-3add-ae86-0c6838df9e99",
      "ebucore:hasAnnotation": [
        {
          "@id": "https://data.datatourisme.fr/0edd0467-07a9-3fe5-ae1b-170e4ba9ff57",
          "ebucore:isCoveredBy": "CC BY-SA 3.0",
          "ebucore:title": [
            "Olmi-Cappella-village d'Olmi"
          ],
          "@type": [
            "ebucore:Annotation"
          ],
          "credits": [
            "Pierre Bona (https://commons.wikimedia.org/wiki/User:Pierre_Bona)"
          ]
        }
      ],
      "ebucore:hasRelatedResource": [
        {
          "@id": "https://data.datatourisme.fr/53575c94-6f14-3a40-be52-b1a780237bf6",
          "ebucore:fileSize": [
            7289625
          ],
          "ebucore:hasMimeType": [
            {
              "@id": "kb:JPEG",
              "@type": [
                "ebucore:MimeType"
              ],
              "rdfs:comment": {
                "de": [
                  "JPEG-Bild"
                ],
                "pt": [
                  "Imagem JPEG"
                ],
                "en": [
                  "JPEG image file"
                ],
                "it": [
                  "Immagine JPEG"
                ],
                "fr": [
                  "Image JPEG"
                ],
                "nl": [
                  "JPEG-afbeelding"
                ],
                "es": [
                  "Imagen JPEG"
                ]
              },
              "rdfs:label": {
                "de": [
                  "image/jpeg"
                ],
                "pt": [
                  "image/jpeg"
                ],
                "en": [
                  "image/jpeg"
                ],
                "it": [
                  "image/jpeg"
                ],
                "fr": [
                  "image/jpeg"
                ],
                "nl": [
                  "image/jpeg"
                ],
                "es": [
                  "image/jpeg"
                ]
              }
            }
          ],
          "ebucore:height": 2352,
          "ebucore:locator": [
            "https://upload.wikimedia.org/wikipedia/commons/8/81/Olmi-Cappella-village_d%27Olmi.jpg"
          ],
          "ebucore:width": 3136,
          "@type": [
            "ebucore:Resource"
          ]
        }
      ],
      "@type": [
        "ebucore:EditorialObject"
      ]
    }
  ],
  "hasTheme": [
    {
      "@id": "kb:Culture",
      "@type": [
        "CulturalTheme"
      ],
      "rdfs:label": {
        "de": [
          "Kultur"
        ],
        "pt": [
          "Cultura"
        ],
        "en": [
          "Culture"
        ],
        "it": [
          "Cultura"
        ],
        "fr": [
          "Culture"
        ],
        "nl": [
          "Cultuur"
        ],
        "es": [
          "Cultura"
        ]
      }
    }
  ],
  "hasTranslatedProperty": [
    {
      "@id": "https://data.datatourisme.fr/08a2d05a-1268-3f5f-bd52-760716a4b0be",
      "dc:contributor": [
        "https://api.deepl.com/v2/translate"
      ],
      "rdf:language": [
        "es"
      ],
      "rdf:predicate": [
        {
          "@id": "rdfs:comment"
        }
      ]
    },
    {
      "@id": "https://data.datatourisme.fr/49eb9bdd-79ce-35da-9fbe-75961c853077",
      "dc:contributor": [
        "https://api.deepl.com/v2/translate"
      ],
      "rdf:language": [
        "nl"
      ],
      "rdf:predicate": [
        {
          "@id": "rdfs:comment"
        }
      ]
    },
    {
      "@id": "https://data.datatourisme.fr/d7885d29-b730-3ec8-8e6a-38bd5b44efdb",
      "dc:contributor": [
        "https://api.deepl.com/v2/translate"
      ],
      "rdf:language": [
        "it"
      ],
      "rdf:predicate": [
        {
          "@id": "rdfs:comment"
        }
      ]
    },
    {
      "@id": "https://data.datatourisme.fr/e3b8fc9f-e9fd-31b7-bd6f-47d6f6d410a7",
      "dc:contributor": [
        "https://api.deepl.com/v2/translate"
      ],
      "rdf:language": [
        "de"
      ],
      "rdf:predicate": [
        {
          "@id": "rdfs:comment"
        }
      ]
    }
  ],
  "isLocatedAt": [
    {
      "@id": "https://data.datatourisme.fr/76d79043-5db6-3d07-b80c-991646a37488",
      "schema:address": [
        {
          "@id": "https://data.datatourisme.fr/7e859179-df0e-336a-9341-83fab881d89d",
          "schema:addressLocality": "Olmi-Cappella",
          "schema:postalCode": "20259",
          "@type": [
            "schema:PostalAddress",
            "PostalAddress"
          ],
          "hasAddressCity": {
            "@id": "kb:2B190",
            "@type": [
              "City"
            ],
            "rdfs:label": {
              "en": [
                "Olmi-Cappella"
              ],
              "fr": [
                "Olmi-Cappella"
              ]
            },
            "insee": "2B190",
            "isPartOfDepartment": {
              "@id": "kb:France942B",
              "@type": [
                "Department"
              ],
              "rdfs:label": {
                "en": [
                  "Haute-Corse"
                ],
                "fr": [
                  "Haute-Corse"
                ]
              },
              "insee": "2B",
              "isPartOfRegion": {
                "@id": "kb:France94",
                "@type": [
                  "Region"
                ],
                "rdfs:label": {
                  "en": [
                    "Corse"
                  ],
                  "fr": [
                    "Corse"
                  ]
                },
                "insee": "94",
                "isPartOfCountry": {
                  "@id": "kb:France",
                  "@type": [
                    "schema:Country"
                  ],
                  "rdfs:label": {
                    "de": [
                      "Frankreich"
                    ],
                    "pt": [
                      "França"
                    ],
                    "en": [
                      "France"
                    ],
                    "it": [
                      "Francia"
                    ],
                    "fr": [
                      "France"
                    ],
                    "nl": [
                      "Frankrijk"
                    ],
                    "es": [
                      "Francia"
                    ]
                  }
                }
              }
            }
          }
        }
      ],
      "schema:geo": {
        "@id": "https://data.datatourisme.fr/88001e66-9ba1-3536-81ec-a9a2efa76be8",
        "schema:latitude": "42.528462",
        "schema:longitude": "9.019768",
        "@type": [
          "schema:GeoCoordinates"
        ]
      },
      "schema:openingHoursSpecification": [
        {
          "@id": "https://data.datatourisme.fr/f87e535a-636d-3343-ad63-8a03392e7511",
          "schema:validFrom": "2023-01-01T00:00:00",
          "schema:validThrough": "2023-12-31T23:59:59",
          "@type": [
            "schema:OpeningHoursSpecification"
          ]
        }
      ],
      "@type": [
        "schema:Place",
        "Place"
      ]
    }
  ],
  "isOwnedBy": [
    {
      "@id": "https://data.datatourisme.fr/252af22a-253d-33df-b9d7-204832749402",
      "schema:email": [
        "web@ileroussetourisme.com"
      ],
      "schema:legalName": "Office de Tourisme Intercommunal de L'Ile Rousse-Balagne",
      "@type": [
        "schema:Organization",
        "foaf:Agent",
        "Agent"
      ],
      "foaf:homepage": [
        "https://www.balagne-corsica.com/"
      ]
    }
  ],
  "lastUpdate": "2021-01-06",
  "lastUpdateDatatourisme": "2023-02-22T06:42:37.659Z"
}