{
  "@id": "https://data.datatourisme.fr/13/78eb2247-0b92-3e39-92cd-d0702fe72fe4",
  "dc:identifier": "5446929",
  "@type": [
    "schema:Accommodation",
    "schema:LodgingBusiness",
    "Accommodation",
    "CollectiveAccommodation",
    "HolidayResort",
    "PlaceOfInterest",
    "PointOfInterest"
  ],
  "rdfs:comment": {
    "de": [
      "Sie suchen eine Unterkunft für Ihren Aufenthalt auf Korsika? Eine Ferienanlage, in der Sie je nach Lust und Laune Farniente und Aktivitäten miteinander verbinden können? Suchen Sie nicht weiter... Sie sind an der richtigen Stelle."
    ],
    "en": [
      "Are you looking for accommodation for your stay in Corsica? A residence where you can combine idleness and activities according to your desires? Don't look any further... You are at the right place."
    ],
    "it": [
      "Siete alla ricerca di un alloggio per il vostro soggiorno in Corsica? Una residenza dove poter combinare ozio e attività secondo i propri desideri? Non cercate oltre? Siete nel posto giusto."
    ],
    "fr": [
      "Vous recherchez un hébergement pour votre séjour en Corse ? Une résidence où vous pourrez allier farniente et activités selon vos envies ? Ne cherchez plus… Vous êtes au bon endroit."
    ],
    "es": [
      "¿Busca alojamiento para su estancia en Córcega? ¿Una residencia en la que pueda combinar la ociosidad y las actividades según sus deseos? No busques más.. Está usted en el lugar adecuado."
    ],
    "nl": [
      "Bent u op zoek naar accommodatie voor uw verblijf in Corsica? Een woning waar u luiheid en activiteiten naar wens kunt combineren? Niet verder zoeken? Je bent op de juiste plaats."
    ]
  },
  "rdfs:label": {
    "fr": [
      "Casa Mia"
    ]
  },
  "hasBeenCreatedBy": {
    "@id": "https://data.datatourisme.fr/13/84c6494d-3085-3c63-a55c-db8cb047fadd",
    "dc:identifier": "1738",
    "schema:email": [
      "camillef.omt@gmail.com",
      "direction@destination-sudcorse.com",
      "gestion@destination-sudcorse.com",
      "promotion@destination-sudcorse.com",
      "webmaster@destination-sudcorse.com"
    ],
    "schema:legalName": "Porto Vecchio Tourisme",
    "@type": [
      "schema:Organization",
      "foaf:Agent",
      "Agent"
    ],
    "foaf:homepage": [
      "http://www.ot-portovecchio.com/"
    ]
  },
  "hasBeenPublishedBy": [
    {
      "@id": "https://data.datatourisme.fr/8a9feb4b-2cbd-3d2c-b507-bd6c6776b23b",
      "schema:legalName": "Apidae Tourisme Scic SA - source : Apidae Tourisme",
      "@type": [
        "schema:Organization",
        "foaf:Agent",
        "Agent"
      ],
      "foaf:homepage": [
        "https://www.apidae-tourisme.com/"
      ]
    }
  ],
  "hasContact": [
    {
      "@id": "https://data.datatourisme.fr/40da823a-ccfc-3ef2-99c5-826468338d0e",
      "schema:email": [
        "casamia@sondemar.fr"
      ],
      "schema:telephone": [
        "+33 6 18 43 30 21"
      ],
      "@type": [
        "foaf:Agent",
        "Agent"
      ],
      "foaf:homepage": [
        "https://www.residence-casamia.com/"
      ]
    }
  ],
  "hasDescription": [
    {
      "@id": "https://data.datatourisme.fr/f9cdbdf3-e563-3881-8da7-8a68bc219fc2",
      "@type": [
        "Description"
      ],
      "hasTranslatedProperty": [
        {
          "@id": "https://data.datatourisme.fr/1aba04f2-fb3c-3a4c-bac3-805742a16302",
          "dc:contributor": [
            "https://api.deepl.com/v2/translate"
          ],
          "rdf:language": [
            "de"
          ],
          "rdf:predicate": [
            "shortDescription"
          ]
        },
        {
          "@id": "https://data.datatourisme.fr/9747e49e-d53a-38ef-b1de-c0f084ec1603",
          "dc:contributor": [
            "https://api.deepl.com/v2/translate"
          ],
          "rdf:language": [
            "en"
          ],
          "rdf:predicate": [
            "shortDescription"
          ]
        },
        {
          "@id": "https://data.datatourisme.fr/9e6cc83e-a714-3f52-9b0d-ffccdd085bfd",
          "dc:contributor": [
            "https://api.deepl.com/v2/translate"
          ],
          "rdf:language": [
            "nl"
          ],
          "rdf:predicate": [
            "shortDescription"
          ]
        },
        {
          "@id": "https://data.datatourisme.fr/d8450c74-cdfc-38b6-9719-bc1a3f98b201",
          "dc:contributor": [
            "https://api.deepl.com/v2/translate"
          ],
          "rdf:language": [
            "it"
          ],
          "rdf:predicate": [
            "shortDescription"
          ]
        },
        {
          "@id": "https://data.datatourisme.fr/dad041b1-2ce7-322b-9d11-8f95f7512ec4",
          "dc:contributor": [
            "https://api.deepl.com/v2/translate"
          ],
          "rdf:language": [
            "es"
          ],
          "rdf:predicate": [
            "shortDescription"
          ]
        }
      ],
      "shortDescription": {
        "de": [
          "Sie suchen eine Unterkunft für Ihren Aufenthalt auf Korsika? Eine Ferienanlage, in der Sie je nach Lust und Laune Farniente und Aktivitäten miteinander verbinden können? Suchen Sie nicht weiter... Sie sind an der richtigen Stelle."
        ],
        "en": [
          "Are you looking for accommodation for your stay in Corsica? A residence where you can combine idleness and activities according to your desires? Don't look any further... You are at the right place."
        ],
        "it": [
          "Siete alla ricerca di un alloggio per il vostro soggiorno in Corsica? Una residenza dove poter combinare ozio e attività secondo i propri desideri? Non cercate oltre? Siete nel posto giusto."
        ],
        "fr": [
          "Vous recherchez un hébergement pour votre séjour en Corse ? Une résidence où vous pourrez allier farniente et activités selon vos envies ? Ne cherchez plus… Vous êtes au bon endroit."
        ],
        "es": [
          "¿Busca alojamiento para su estancia en Córcega? ¿Una residencia en la que pueda combinar la ociosidad y las actividades según sus deseos? No busques más.. Está usted en el lugar adecuado."
        ],
        "nl": [
          "Bent u op zoek naar accommodatie voor uw verblijf in Corsica? Een woning waar u luiheid en activiteiten naar wens kunt combineren? Niet verder zoeken? Je bent op de juiste plaats."
        ]
      }
    }
  ],
  "hasTranslatedProperty": [
    {
      "@id": "https://data.datatourisme.fr/27056ca6-b75d-3bc9-8fe5-3317fd4dff65",
      "dc:contributor": [
        "https://api.deepl.com/v2/translate"
      ],
      "rdf:language": [
        "it"
      ],
      "rdf:predicate": [
        {
          "@id": "rdfs:comment"
        }
      ]
    },
    {
      "@id": "https://data.datatourisme.fr/7dc6bb14-d32c-3872-98ad-274b6b6e1058",
      "dc:contributor": [
        "https://api.deepl.com/v2/translate"
      ],
      "rdf:language": [
        "nl"
      ],
      "rdf:predicate": [
        {
          "@id": "rdfs:comment"
        }
      ]
    },
    {
      "@id": "https://data.datatourisme.fr/7ebfa672-f22b-3895-9a02-fb2b200d744f",
      "dc:contributor": [
        "https://api.deepl.com/v2/translate"
      ],
      "rdf:language": [
        "en"
      ],
      "rdf:predicate": [
        {
          "@id": "rdfs:comment"
        }
      ]
    },
    {
      "@id": "https://data.datatourisme.fr/9d20b872-3a62-321b-99b6-e747bd241e33",
      "dc:contributor": [
        "https://api.deepl.com/v2/translate"
      ],
      "rdf:language": [
        "de"
      ],
      "rdf:predicate": [
        {
          "@id": "rdfs:comment"
        }
      ]
    },
    {
      "@id": "https://data.datatourisme.fr/a20e3a25-b257-3da0-b924-b089ede5a776",
      "dc:contributor": [
        "https://api.deepl.com/v2/translate"
      ],
      "rdf:language": [
        "es"
      ],
      "rdf:predicate": [
        {
          "@id": "rdfs:comment"
        }
      ]
    }
  ],
  "isLocatedAt": [
    {
      "@id": "https://data.datatourisme.fr/6c50d710-841a-3a6a-9fd8-b6a22300a075",
      "schema:address": [
        {
          "@id": "https://data.datatourisme.fr/f815a82d-c03e-3cfd-a4bb-c17b805388c9",
          "schema:addressLocality": "Lecci",
          "schema:postalCode": "20137",
          "schema:streetAddress": [
            "4 Corsu Napoleonu -  San Ciprianu"
          ],
          "@type": [
            "schema:PostalAddress",
            "PostalAddress"
          ],
          "hasAddressCity": {
            "@id": "kb:2A139",
            "@type": [
              "City"
            ],
            "rdfs:label": {
              "en": [
                "Lecci"
              ],
              "fr": [
                "Lecci"
              ]
            },
            "insee": "2A139",
            "isPartOfDepartment": {
              "@id": "kb:France942A",
              "@type": [
                "Department"
              ],
              "rdfs:label": {
                "en": [
                  "Corse-du-Sud"
                ],
                "fr": [
                  "Corse-du-Sud"
                ]
              },
              "insee": "2A",
              "isPartOfRegion": {
                "@id": "kb:France94",
                "@type": [
                  "Region"
                ],
                "rdfs:label": {
                  "en": [
                    "Corse"
                  ],
                  "fr": [
                    "Corse"
                  ]
                },
                "insee": "94",
                "isPartOfCountry": {
                  "@id": "kb:France",
                  "@type": [
                    "schema:Country"
                  ],
                  "rdfs:label": {
                    "de": [
                      "Frankreich"
                    ],
                    "pt": [
                      "França"
                    ],
                    "en": [
                      "France"
                    ],
                    "it": [
                      "Francia"
                    ],
                    "fr": [
                      "France"
                    ],
                    "nl": [
                      "Frankrijk"
                    ],
                    "es": [
                      "Francia"
                    ]
                  }
                }
              }
            }
          }
        }
      ],
      "schema:geo": {
        "@id": "https://data.datatourisme.fr/a087f8d8-18c1-34ff-8e38-b7b8d2c045e2",
        "schema:latitude": "41.63762",
        "schema:longitude": "9.33935",
        "@type": [
          "schema:GeoCoordinates"
        ]
      },
      "schema:openingHoursSpecification": [
        {
          "@id": "https://data.datatourisme.fr/75bc8fbc-e008-3a89-8355-46cb9a4c2eb3",
          "schema:validFrom": "2023-04-29T00:00:00",
          "schema:validThrough": "2023-10-01T23:59:59",
          "@type": [
            "schema:OpeningHoursSpecification"
          ],
          "additionalInformation": {
            "de": [
              "Montag, Dienstag, Donnerstag, Freitag, Samstag, Sonntag: offen\n\nMontag, Dienstag, Donnerstag, Freitag, Samstag, Sonntag: offen\n\nUnter der Woche\nAm Wochenende: 8:00-12:30 Uhr und anschließend 15:00-20:00 Uhr\nVariable Öffnungszeiten in der Nebensaison"
            ],
            "en": [
              "Monday, Tuesday, Thursday, Friday, Saturday, Sunday: open\n\nMonday, Tuesday, Thursday, Friday, Saturday, Sunday: open\n\nWeekdays\nWeekend: 8am-12:30pm then 3pm-8pm\nVariable hours in low season"
            ],
            "it": [
              "Lunedì, martedì, giovedì, venerdì, sabato, domenica: aperto\n\nLunedì, martedì, giovedì, venerdì, sabato, domenica: aperto\n\nGiorni feriali \nFine settimana: 8.00-12.30 e 15.00-20.00\nOrari variabili in bassa stagione"
            ],
            "fr": [
              "Lundi, Mardi, Jeudi, Vendredi, Samedi, Dimanche : ouvert\n\nLundi, Mardi, Jeudi, Vendredi, Samedi, Dimanche : ouvert\n\nLa semaine : \nLe week-end : 8h-12h30 puis 15h-20h\nHoraires variables en basse saison"
            ],
            "nl": [
              "Maandag, dinsdag, donderdag, vrijdag, zaterdag, zondag: open\n\nMaandag, dinsdag, donderdag, vrijdag, zaterdag, zondag: open\n\nWeekdagen\nWeekends: 8.00-12.30 uur dan 15.00-20.00 uur\nVariabele uren in het laagseizoen"
            ],
            "es": [
              "Lunes, martes, jueves, viernes, sábado y domingo: abierto\n\nLunes, martes, jueves, viernes, sábado y domingo: abierto\n\nDías laborables \nFines de semana: de 8:00 a 12:30 y luego de 15:00 a 20:00\nHorario variable en temporada baja"
            ]
          },
          "hasTranslatedProperty": [
            {
              "@id": "https://data.datatourisme.fr/00640abd-be4f-32f6-b7d0-53a468d99885",
              "dc:contributor": [
                "https://api.deepl.com/v2/translate"
              ],
              "rdf:language": [
                "es"
              ],
              "rdf:predicate": [
                "additionalInformation"
              ]
            },
            {
              "@id": "https://data.datatourisme.fr/57b0a165-cab4-3f20-a8e3-83a065244d58",
              "dc:contributor": [
                "https://api.deepl.com/v2/translate"
              ],
              "rdf:language": [
                "en"
              ],
              "rdf:predicate": [
                "additionalInformation"
              ]
            },
            {
              "@id": "https://data.datatourisme.fr/5f871783-d601-3de7-8ee3-e19b2582b15e",
              "dc:contributor": [
                "https://api.deepl.com/v2/translate"
              ],
              "rdf:language": [
                "nl"
              ],
              "rdf:predicate": [
                "additionalInformation"
              ]
            },
            {
              "@id": "https://data.datatourisme.fr/af98d089-d355-337b-8bfb-2a09bcf1d800",
              "dc:contributor": [
                "https://api.deepl.com/v2/translate"
              ],
              "rdf:language": [
                "it"
              ],
              "rdf:predicate": [
                "additionalInformation"
              ]
            },
            {
              "@id": "https://data.datatourisme.fr/f0dab0ca-35ce-320c-afdc-c2d3bdbbfac5",
              "dc:contributor": [
                "https://api.deepl.com/v2/translate"
              ],
              "rdf:language": [
                "de"
              ],
              "rdf:predicate": [
                "additionalInformation"
              ]
            }
          ]
        }
      ],
      "@type": [
        "schema:Place",
        "Place"
      ]
    }
  ],
  "isOwnedBy": [
    {
      "@id": "https://data.datatourisme.fr/f5f950f9-5eec-32b4-a357-2c969ccf4068",
      "schema:email": [
        "camillef.omt@gmail.com",
        "direction@destination-sudcorse.com",
        "gestion@destination-sudcorse.com",
        "promotion@destination-sudcorse.com",
        "webmaster@destination-sudcorse.com"
      ],
      "schema:legalName": "Porto Vecchio Tourisme",
      "@type": [
        "schema:Organization",
        "foaf:Agent",
        "Agent"
      ],
      "foaf:homepage": [
        "http://www.ot-portovecchio.com/"
      ]
    }
  ],
  "lastUpdate": "2023-03-13",
  "lastUpdateDatatourisme": "2023-03-14T06:39:05.497Z"
}