{
  "@id": "https://data.datatourisme.fr/13/78bf35c3-e4f3-39f3-b49c-23a2d8db2d52",
  "dc:identifier": "6404416",
  "@type": [
    "schema:LocalBusiness",
    "CraftsmanShop",
    "PlaceOfInterest",
    "PointOfInterest",
    "Store"
  ],
  "rdfs:comment": {
    "de": [
      "Di Croce ist ein Atelier und eine Schmuckboutique im Herzen von Calvi auf Korsika. Marie-Claire, die leidenschaftliche Kunsthandwerkerin, zeigt Ihnen ihr liebevoll gestaltetes Universum und ihre handgefertigten Schmuckstücke."
    ],
    "en": [
      "Di Croce is a workshop/jewelry store located in the heart of Calvi in Corsica. Marie-Claire the creator, passionate about crafts, will make you discover her universe with love and her handmade jewelry."
    ],
    "it": [
      "Di Croce è un laboratorio/negozio di gioielli situato nel cuore di Calvi, in Corsica. La creatrice Marie-Claire, appassionata di artigianato, vi farà scoprire il suo universo con amore e i suoi gioielli fatti a mano."
    ],
    "fr": [
      "Di Croce est un Atelier/Boutique de bijoux située au cœur de Calvi en Corse. Marie-Claire la créatrice passionnée d'artisanat pourra vous faire découvrir son univers avec amour et ses bijoux fait main."
    ],
    "nl": [
      "Di Croce is een sieradenatelier/winkel in het hart van Calvi op Corsica. Marie-Claire de ontwerpster, gepassioneerd door handwerk, laat u met liefde haar universum en haar handgemaakte sieraden ontdekken."
    ],
    "es": [
      "Di Croce es un taller/tienda de joyería situado en el corazón de Calvi, en Córcega. Marie-Claire la creadora, apasionada de la artesanía, le hará descubrir su universo con amor y sus joyas hechas a mano."
    ]
  },
  "rdfs:label": {
    "fr": [
      "L'Attellu di Croce"
    ]
  },
  "hasBeenCreatedBy": {
    "@id": "https://data.datatourisme.fr/13/e4873aa9-a05c-35ed-8395-61d121516766",
    "dc:identifier": "1646",
    "schema:email": [
      "info@balagne-corsica.com"
    ],
    "schema:legalName": "Office de Tourisme Intercommunal Calvi - Balagne",
    "@type": [
      "schema:Organization",
      "foaf:Agent",
      "Agent"
    ],
    "foaf:homepage": [
      "https://www.balagne-corsica.com/"
    ]
  },
  "hasBeenPublishedBy": [
    {
      "@id": "https://data.datatourisme.fr/8a9feb4b-2cbd-3d2c-b507-bd6c6776b23b",
      "schema:legalName": "Apidae Tourisme Scic SA - source : Apidae Tourisme",
      "@type": [
        "schema:Organization",
        "foaf:Agent",
        "Agent"
      ],
      "foaf:homepage": [
        "https://www.apidae-tourisme.com/"
      ]
    }
  ],
  "hasContact": [
    {
      "@id": "https://data.datatourisme.fr/9c62e902-2424-3644-85e7-fa164c9d612c",
      "schema:email": [
        "dicroce.creazione@gmail.com"
      ],
      "schema:telephone": [
        "+33 6 95 12 90 40"
      ],
      "@type": [
        "foaf:Agent",
        "Agent"
      ]
    }
  ],
  "hasDescription": [
    {
      "@id": "https://data.datatourisme.fr/12839dbe-eb88-30e0-9eda-fe09d084a487",
      "@type": [
        "Description"
      ],
      "hasTranslatedProperty": [
        {
          "@id": "https://data.datatourisme.fr/7e72c3d9-43c4-309b-991e-56162d59eeb3",
          "dc:contributor": [
            "https://api.deepl.com/v2/translate"
          ],
          "rdf:language": [
            "de"
          ],
          "rdf:predicate": [
            "shortDescription"
          ]
        },
        {
          "@id": "https://data.datatourisme.fr/cecf37f6-b9ec-34fd-a01f-1b8064db8af4",
          "dc:contributor": [
            "https://api.deepl.com/v2/translate"
          ],
          "rdf:language": [
            "es"
          ],
          "rdf:predicate": [
            "shortDescription"
          ]
        },
        {
          "@id": "https://data.datatourisme.fr/f7c507b8-c207-3405-b8c4-639fa26bdadd",
          "dc:contributor": [
            "https://api.deepl.com/v2/translate"
          ],
          "rdf:language": [
            "nl"
          ],
          "rdf:predicate": [
            "shortDescription"
          ]
        }
      ],
      "shortDescription": {
        "de": [
          "Di Croce ist ein Atelier und eine Schmuckboutique im Herzen von Calvi auf Korsika. Marie-Claire, die leidenschaftliche Kunsthandwerkerin, zeigt Ihnen ihr liebevoll gestaltetes Universum und ihre handgefertigten Schmuckstücke."
        ],
        "en": [
          "Di Croce is a workshop/jewelry store located in the heart of Calvi in Corsica. Marie-Claire the creator, passionate about crafts, will make you discover her universe with love and her handmade jewelry."
        ],
        "it": [
          "Di Croce è un laboratorio/negozio di gioielli situato nel cuore di Calvi, in Corsica. La creatrice Marie-Claire, appassionata di artigianato, vi farà scoprire il suo universo con amore e i suoi gioielli fatti a mano."
        ],
        "fr": [
          "Di Croce est un Atelier/Boutique de bijoux située au cœur de Calvi en Corse. Marie-Claire la créatrice passionnée d'artisanat pourra vous faire découvrir son univers avec amour et ses bijoux fait main."
        ],
        "nl": [
          "Di Croce is een sieradenatelier/winkel in het hart van Calvi op Corsica. Marie-Claire de ontwerpster, gepassioneerd door handwerk, laat u met liefde haar universum en haar handgemaakte sieraden ontdekken."
        ],
        "es": [
          "Di Croce es un taller/tienda de joyería situado en el corazón de Calvi, en Córcega. Marie-Claire la creadora, apasionada de la artesanía, le hará descubrir su universo con amor y sus joyas hechas a mano."
        ]
      }
    }
  ],
  "hasTranslatedProperty": [
    {
      "@id": "https://data.datatourisme.fr/07a60b73-9970-3119-a178-fe1e07f83938",
      "dc:contributor": [
        "https://api.deepl.com/v2/translate"
      ],
      "rdf:language": [
        "nl"
      ],
      "rdf:predicate": [
        {
          "@id": "rdfs:comment"
        }
      ]
    },
    {
      "@id": "https://data.datatourisme.fr/26542c8a-eefe-3a17-ad58-961070d0ead1",
      "dc:contributor": [
        "https://api.deepl.com/v2/translate"
      ],
      "rdf:language": [
        "de"
      ],
      "rdf:predicate": [
        {
          "@id": "rdfs:comment"
        }
      ]
    },
    {
      "@id": "https://data.datatourisme.fr/ad1bf2f3-68c5-3864-b8e9-0d867adc541d",
      "dc:contributor": [
        "https://api.deepl.com/v2/translate"
      ],
      "rdf:language": [
        "es"
      ],
      "rdf:predicate": [
        {
          "@id": "rdfs:comment"
        }
      ]
    }
  ],
  "isLocatedAt": [
    {
      "@id": "https://data.datatourisme.fr/a9e70003-9247-33fc-a436-3d03f801e4b9",
      "schema:address": [
        {
          "@id": "https://data.datatourisme.fr/a1167f77-b825-3249-b8ae-cc6164e05425",
          "schema:addressLocality": "Calvi",
          "schema:postalCode": "20260",
          "schema:streetAddress": [
            "5 boulevard Wilson"
          ],
          "@type": [
            "schema:PostalAddress",
            "PostalAddress"
          ],
          "hasAddressCity": {
            "@id": "kb:2B050",
            "@type": [
              "City"
            ],
            "rdfs:label": {
              "en": [
                "Calvi"
              ],
              "fr": [
                "Calvi"
              ]
            },
            "insee": "2B050",
            "isPartOfDepartment": {
              "@id": "kb:France942B",
              "@type": [
                "Department"
              ],
              "rdfs:label": {
                "en": [
                  "Haute-Corse"
                ],
                "fr": [
                  "Haute-Corse"
                ]
              },
              "insee": "2B",
              "isPartOfRegion": {
                "@id": "kb:France94",
                "@type": [
                  "Region"
                ],
                "rdfs:label": {
                  "en": [
                    "Corse"
                  ],
                  "fr": [
                    "Corse"
                  ]
                },
                "insee": "94",
                "isPartOfCountry": {
                  "@id": "kb:France",
                  "@type": [
                    "schema:Country"
                  ],
                  "rdfs:label": {
                    "de": [
                      "Frankreich"
                    ],
                    "pt": [
                      "França"
                    ],
                    "en": [
                      "France"
                    ],
                    "it": [
                      "Francia"
                    ],
                    "fr": [
                      "France"
                    ],
                    "nl": [
                      "Frankrijk"
                    ],
                    "es": [
                      "Francia"
                    ]
                  }
                }
              }
            }
          }
        }
      ],
      "schema:geo": {
        "@id": "https://data.datatourisme.fr/9e2ba61e-0207-3e9e-98ee-151161c95f35",
        "schema:latitude": "42.566495",
        "schema:longitude": "8.756674",
        "@type": [
          "schema:GeoCoordinates"
        ]
      },
      "schema:openingHoursSpecification": [
        {
          "@id": "https://data.datatourisme.fr/590bce41-d088-3b5d-aff8-ee0944c3c91d",
          "schema:validFrom": "2023-01-01T00:00:00",
          "schema:validThrough": "2023-12-31T23:59:59",
          "@type": [
            "schema:OpeningHoursSpecification"
          ],
          "additionalInformation": {
            "de": [
              "von 10:00 bis 12:00 Uhr und von 14:30 bis 19:00 Uhr .\r\nVerkürzte Öffnungszeiten im Winter: Freitag und Samstag von 10:00 bis 12:00 Uhr und von 15:00 bis 18:00 Uhr"
            ],
            "en": [
              "from 10am to 12pm and from 2.30pm to 7pm.\r\nReduced hours in winter: Friday and Saturday from 10am to 12pm and from 3pm to 6pm"
            ],
            "it": [
              "dalle 10.00 alle 12.00 e dalle 14.30 alle 19.00.\r\nOrario ridotto in inverno: venerdì e sabato dalle 10.00 alle 12.00 e dalle 15.00 alle 18.00"
            ],
            "fr": [
              "de 10h à 12h et de 14h30 à 19h . \r\nHoraires réduits en hiver : vendredi et samedi de 10h à 12h et de 15h à 18h"
            ],
            "nl": [
              "van 10 tot 12 uur en van 14.30 tot 19 uur.\r\nBeperkte openingstijden in de winter: vrijdag en zaterdag van 10 tot 12 uur en van 15 tot 18 uur"
            ],
            "es": [
              "de 10.00 a 12.00 y de 14.30 a 19.00 horas.\r\nHorario reducido en invierno: viernes y sábado de 10.00 a 12.00 h. y de 15.00 a 18.00 h"
            ]
          },
          "hasTranslatedProperty": [
            {
              "@id": "https://data.datatourisme.fr/6c8322e4-9260-3a70-98cb-a449f8cc917b",
              "dc:contributor": [
                "https://api.deepl.com/v2/translate"
              ],
              "rdf:language": [
                "en"
              ],
              "rdf:predicate": [
                "additionalInformation"
              ]
            },
            {
              "@id": "https://data.datatourisme.fr/91e6153f-304d-3f74-8eee-bad80438e1ea",
              "dc:contributor": [
                "https://api.deepl.com/v2/translate"
              ],
              "rdf:language": [
                "nl"
              ],
              "rdf:predicate": [
                "additionalInformation"
              ]
            },
            {
              "@id": "https://data.datatourisme.fr/bde6c5c9-0e1a-3c24-9f45-99cf2d77b436",
              "dc:contributor": [
                "https://api.deepl.com/v2/translate"
              ],
              "rdf:language": [
                "de"
              ],
              "rdf:predicate": [
                "additionalInformation"
              ]
            },
            {
              "@id": "https://data.datatourisme.fr/c40bb66f-c38d-31cc-ad5b-c18947011ceb",
              "dc:contributor": [
                "https://api.deepl.com/v2/translate"
              ],
              "rdf:language": [
                "es"
              ],
              "rdf:predicate": [
                "additionalInformation"
              ]
            },
            {
              "@id": "https://data.datatourisme.fr/d49a8e06-1b39-31b9-99bc-7481a66c36ea",
              "dc:contributor": [
                "https://api.deepl.com/v2/translate"
              ],
              "rdf:language": [
                "it"
              ],
              "rdf:predicate": [
                "additionalInformation"
              ]
            }
          ]
        }
      ],
      "@type": [
        "schema:Place",
        "Place"
      ]
    }
  ],
  "isOwnedBy": [
    {
      "@id": "https://data.datatourisme.fr/194c52e6-bbae-33dc-8464-caca97844fbb",
      "schema:email": [
        "info@balagne-corsica.com"
      ],
      "schema:legalName": "Office de Tourisme Intercommunal Calvi - Balagne",
      "@type": [
        "schema:Organization",
        "foaf:Agent",
        "Agent"
      ],
      "foaf:homepage": [
        "https://www.balagne-corsica.com/"
      ]
    }
  ],
  "lastUpdate": "2023-02-08",
  "lastUpdateDatatourisme": "2023-02-09T06:39:55.611Z",
  "offers": [
    {
      "@id": "https://data.datatourisme.fr/cacb5da7-f0ab-3fc7-8b03-f0912fadf156",
      "schema:priceSpecification": [
        {
          "@id": "https://data.datatourisme.fr/c6dc3c52-87ff-3f90-be3a-46738010aa5b",
          "schema:maxPrice": [
            "250"
          ],
          "schema:minPrice": [
            "19"
          ],
          "schema:priceCurrency": "EUR",
          "@type": [
            "schema:PriceSpecification",
            "PriceSpecification"
          ],
          "appliesOnPeriod": [
            {
              "@id": "https://data.datatourisme.fr/a425afdf-3594-300b-b55e-1858bafa3fd4",
              "@type": [
                "Period"
              ],
              "endDate": "2023-12-31",
              "startDate": "2023-01-01"
            }
          ]
        }
      ],
      "@type": [
        "schema:Offer",
        "Offer"
      ]
    }
  ]
}