{
  "@id": "https://data.datatourisme.fr/13/78071d30-9d23-370c-bb8e-1a02b3e8fffd",
  "dc:identifier": "5008054",
  "@type": [
    "schema:LocalBusiness",
    "ActivityProvider",
    "PlaceOfInterest",
    "PointOfInterest",
    "Store"
  ],
  "rdfs:comment": {
    "de": [
      "Entdecken Sie auf Ihrer Reise nach Korsika die Balagne mit dem Gleitschirm: Entdeckungsflug im Tandem...Flugplätze: Montegrosso, Corbara, Losari, Algajola und Ostriconi, je nach Windrichtung und -stärke!"
    ],
    "en": [
      "Go paragliding over Balagne during your trip to Corsica on an introductory tandem flight... Take off from Montegrosso, Corbara, Losari, Algajola or Ostriconi, depending on the wind conditions!"
    ],
    "it": [
      "Scoprite la regione della Balagne in parapendio durante il vostro viaggio in Corsica: volo di scoperta in tandem... Luoghi di volo: Montegrosso, Corbara, Losari, Algajola e Ostriconi a seconda della direzione e della forza del vento!"
    ],
    "fr": [
      "Découvrez la Balagne en parapente lors de votre voyage en Corse : vol découverte en tandem…Sites de vol :  Montegrosso, Corbara, Losari, Algajola et Ostriconi selon la direction et la force du vent !"
    ],
    "nl": [
      "Ontdek de Balagne regio door paragliding tijdens uw reis naar Corsica: ontdekkingsvlucht in tandem... Vliegplaatsen: Montegrosso, Corbara, Losari, Algajola en Ostriconi afhankelijk van de windrichting en -sterkte!"
    ],
    "es": [
      "Descubra la región de la Balagne en parapente durante su viaje a Córcega: vuelo de descubrimiento en tándem... ¡Sitios de vuelo: Montegrosso, Corbara, Losari, Algajola y Ostriconi según la dirección y la fuerza del viento!"
    ]
  },
  "rdfs:label": {
    "en": [
      "Altore"
    ],
    "fr": [
      "Altore"
    ]
  },
  "hasBeenCreatedBy": {
    "@id": "https://data.datatourisme.fr/13/e4873aa9-a05c-35ed-8395-61d121516766",
    "dc:identifier": "1646",
    "schema:email": [
      "info@balagne-corsica.com"
    ],
    "schema:legalName": "Office de Tourisme Intercommunal Calvi - Balagne",
    "@type": [
      "schema:Organization",
      "foaf:Agent",
      "Agent"
    ],
    "foaf:homepage": [
      "https://www.balagne-corsica.com/"
    ]
  },
  "hasBeenPublishedBy": [
    {
      "@id": "https://data.datatourisme.fr/8a9feb4b-2cbd-3d2c-b507-bd6c6776b23b",
      "schema:legalName": "Apidae Tourisme Scic SA - source : Apidae Tourisme",
      "@type": [
        "schema:Organization",
        "foaf:Agent",
        "Agent"
      ],
      "foaf:homepage": [
        "https://www.apidae-tourisme.com/"
      ]
    }
  ],
  "hasContact": [
    {
      "@id": "https://data.datatourisme.fr/1da7a340-8cb4-32ca-92e3-a0e1ab66b54c",
      "schema:email": [
        "altorebalagne@gmail.com"
      ],
      "schema:telephone": [
        "+33 6 08 72 67 19"
      ],
      "@type": [
        "foaf:Agent",
        "Agent"
      ],
      "foaf:homepage": [
        "https://www.altore.com/"
      ]
    }
  ],
  "hasDescription": [
    {
      "@id": "https://data.datatourisme.fr/1c3fdabc-6900-3999-8248-9f2e563dee3e",
      "@type": [
        "Description"
      ],
      "hasTranslatedProperty": [
        {
          "@id": "https://data.datatourisme.fr/5cc7cfab-8e1a-35fb-8587-a925b0e1de0c",
          "dc:contributor": [
            "https://api.deepl.com/v2/translate"
          ],
          "rdf:language": [
            "es"
          ],
          "rdf:predicate": [
            "shortDescription"
          ]
        },
        {
          "@id": "https://data.datatourisme.fr/6f231a89-c589-3fce-b171-e9285e4938f2",
          "dc:contributor": [
            "https://api.deepl.com/v2/translate"
          ],
          "rdf:language": [
            "de"
          ],
          "rdf:predicate": [
            "shortDescription"
          ]
        },
        {
          "@id": "https://data.datatourisme.fr/7a597c54-58c3-319b-af33-67d4a35acff2",
          "dc:contributor": [
            "https://api.deepl.com/v2/translate"
          ],
          "rdf:language": [
            "nl"
          ],
          "rdf:predicate": [
            "shortDescription"
          ]
        }
      ],
      "shortDescription": {
        "de": [
          "Entdecken Sie auf Ihrer Reise nach Korsika die Balagne mit dem Gleitschirm: Entdeckungsflug im Tandem...Flugplätze: Montegrosso, Corbara, Losari, Algajola und Ostriconi, je nach Windrichtung und -stärke!"
        ],
        "en": [
          "Go paragliding over Balagne during your trip to Corsica on an introductory tandem flight... Take off from Montegrosso, Corbara, Losari, Algajola or Ostriconi, depending on the wind conditions!"
        ],
        "it": [
          "Scoprite la regione della Balagne in parapendio durante il vostro viaggio in Corsica: volo di scoperta in tandem... Luoghi di volo: Montegrosso, Corbara, Losari, Algajola e Ostriconi a seconda della direzione e della forza del vento!"
        ],
        "fr": [
          "Découvrez la Balagne en parapente lors de votre voyage en Corse : vol découverte en tandem…Sites de vol :  Montegrosso, Corbara, Losari, Algajola et Ostriconi selon la direction et la force du vent !"
        ],
        "nl": [
          "Ontdek de Balagne regio door paragliding tijdens uw reis naar Corsica: ontdekkingsvlucht in tandem... Vliegplaatsen: Montegrosso, Corbara, Losari, Algajola en Ostriconi afhankelijk van de windrichting en -sterkte!"
        ],
        "es": [
          "Descubra la región de la Balagne en parapente durante su viaje a Córcega: vuelo de descubrimiento en tándem... ¡Sitios de vuelo: Montegrosso, Corbara, Losari, Algajola y Ostriconi según la dirección y la fuerza del viento!"
        ]
      }
    }
  ],
  "hasTheme": [
    {
      "@id": "kb:AirSports",
      "@type": [
        "SportsTheme"
      ],
      "rdfs:label": {
        "de": [
          "Luftsport"
        ],
        "pt": [
          "Desporto aéreo"
        ],
        "en": [
          "Air sports"
        ],
        "it": [
          "Sport aereo"
        ],
        "fr": [
          "Sport aérien"
        ],
        "nl": [
          "Luchtsport"
        ],
        "es": [
          "Deporte aéreo"
        ]
      }
    },
    {
      "@id": "kb:Canyoning",
      "@type": [
        "SportsTheme"
      ],
      "rdfs:label": {
        "de": [
          "Canyoning"
        ],
        "pt": [
          "Canoagem"
        ],
        "en": [
          "Canyoning"
        ],
        "it": [
          "Canyoning"
        ],
        "fr": [
          "Canyoning"
        ],
        "es": [
          "Piragüismo"
        ],
        "nl": [
          "Canyoning"
        ]
      }
    },
    {
      "@id": "kb:Paragliding",
      "@type": [
        "SportsTheme"
      ],
      "rdfs:label": {
        "de": [
          "Paragleiten"
        ],
        "pt": [
          "Parapente"
        ],
        "en": [
          "Paragliding"
        ],
        "it": [
          "Parapendio"
        ],
        "fr": [
          "Parapente"
        ],
        "es": [
          "Parapente"
        ],
        "nl": [
          "Paragliden"
        ]
      }
    },
    {
      "@id": "kb:TowableTube",
      "@type": [
        "SportsTheme"
      ],
      "rdfs:label": {
        "de": [
          "Banana Boat"
        ],
        "pt": [
          "Boia de tração"
        ],
        "en": [
          "Towable tube"
        ],
        "it": [
          "Ciambella trainata"
        ],
        "fr": [
          "Bouée tractée"
        ],
        "nl": [
          "Tubing"
        ],
        "es": [
          "Skibus náutico"
        ]
      }
    },
    {
      "@id": "kb:Ulm",
      "@type": [
        "SportsTheme"
      ],
      "rdfs:label": {
        "de": [
          "Ulm"
        ],
        "pt": [
          "Ultra Ligeiro Motorizado (ULM)"
        ],
        "en": [
          "Ulm"
        ],
        "it": [
          "Ulm"
        ],
        "fr": [
          "Ulm"
        ],
        "nl": [
          "Ulm"
        ],
        "es": [
          "Ulm"
        ]
      }
    },
    {
      "@id": "kb:WaterSkiing",
      "@type": [
        "SportsTheme"
      ],
      "rdfs:label": {
        "de": [
          "Wasserski"
        ],
        "pt": [
          "Esqui náutico"
        ],
        "en": [
          "Water skiing"
        ],
        "it": [
          "Sci d'acqua"
        ],
        "fr": [
          "Ski nautique"
        ],
        "nl": [
          "Waterskiën"
        ],
        "es": [
          "Esquí acuático"
        ]
      }
    }
  ],
  "hasTranslatedProperty": [
    {
      "@id": "https://data.datatourisme.fr/127fa88a-b4f6-32c1-a516-03b58f861329",
      "dc:contributor": [
        "https://api.deepl.com/v2/translate"
      ],
      "rdf:language": [
        "nl"
      ],
      "rdf:predicate": [
        {
          "@id": "rdfs:comment"
        }
      ]
    },
    {
      "@id": "https://data.datatourisme.fr/4dfe7fc2-65f5-303f-9755-a11541137e54",
      "dc:contributor": [
        "https://api.deepl.com/v2/translate"
      ],
      "rdf:language": [
        "es"
      ],
      "rdf:predicate": [
        {
          "@id": "rdfs:comment"
        }
      ]
    },
    {
      "@id": "https://data.datatourisme.fr/deea87bc-7c0c-360e-b138-84caa1e5d2e6",
      "dc:contributor": [
        "https://api.deepl.com/v2/translate"
      ],
      "rdf:language": [
        "de"
      ],
      "rdf:predicate": [
        {
          "@id": "rdfs:comment"
        }
      ]
    }
  ],
  "isLocatedAt": [
    {
      "@id": "https://data.datatourisme.fr/37f89657-9b3f-35b2-ba90-f647872167df",
      "schema:address": [
        {
          "@id": "https://data.datatourisme.fr/02246af8-da07-33dc-b5ad-443806f7c546",
          "schema:addressLocality": "Montegrosso",
          "schema:postalCode": "20214",
          "schema:streetAddress": [
            "Village"
          ],
          "@type": [
            "schema:PostalAddress",
            "PostalAddress"
          ],
          "hasAddressCity": {
            "@id": "kb:2B167",
            "@type": [
              "City"
            ],
            "rdfs:label": {
              "en": [
                "Montegrosso"
              ],
              "fr": [
                "Montegrosso"
              ]
            },
            "insee": "2B167",
            "isPartOfDepartment": {
              "@id": "kb:France942B",
              "@type": [
                "Department"
              ],
              "rdfs:label": {
                "en": [
                  "Haute-Corse"
                ],
                "fr": [
                  "Haute-Corse"
                ]
              },
              "insee": "2B",
              "isPartOfRegion": {
                "@id": "kb:France94",
                "@type": [
                  "Region"
                ],
                "rdfs:label": {
                  "en": [
                    "Corse"
                  ],
                  "fr": [
                    "Corse"
                  ]
                },
                "insee": "94",
                "isPartOfCountry": {
                  "@id": "kb:France",
                  "@type": [
                    "schema:Country"
                  ],
                  "rdfs:label": {
                    "de": [
                      "Frankreich"
                    ],
                    "pt": [
                      "França"
                    ],
                    "en": [
                      "France"
                    ],
                    "it": [
                      "Francia"
                    ],
                    "fr": [
                      "France"
                    ],
                    "nl": [
                      "Frankrijk"
                    ],
                    "es": [
                      "Francia"
                    ]
                  }
                }
              }
            }
          }
        }
      ],
      "schema:geo": {
        "@id": "https://data.datatourisme.fr/fdc1bbc7-d0a3-3489-ba7e-140efa67cbb1",
        "schema:latitude": "42.552401",
        "schema:longitude": "8.86317",
        "@type": [
          "schema:GeoCoordinates"
        ]
      },
      "schema:openingHoursSpecification": [
        {
          "@id": "https://data.datatourisme.fr/2349ea37-db0f-3a7b-a17c-2e7578ca2c47",
          "schema:validFrom": "2023-04-05T00:00:00",
          "schema:validThrough": "2023-11-03T23:59:59",
          "@type": [
            "schema:OpeningHoursSpecification"
          ],
          "additionalInformation": {
            "de": [
              "Zeitraum ohne Gewähr - Mögliche Aktivitäten von den Osterferien bis zu den Allerheiligenferien."
            ],
            "en": [
              "Indicative period - Possible activities from Easter holidays to All Saints' Day holidays."
            ],
            "it": [
              "Periodo indicativo - Attività possibili da Pasqua a Ognissanti."
            ],
            "fr": [
              "Période à titre indicatif - Activités possibles des vacances de Pâques aux vacances de la Toussaint."
            ],
            "es": [
              "Periodo indicativo - Actividades posibles desde Semana Santa hasta el día de Todos los Santos."
            ],
            "nl": [
              "Indicatieve periode - Activiteiten mogelijk van Pasen tot Allerheiligen."
            ]
          },
          "hasTranslatedProperty": [
            {
              "@id": "https://data.datatourisme.fr/671825ff-ea97-3f75-886f-70b6c72a35c1",
              "dc:contributor": [
                "https://api.deepl.com/v2/translate"
              ],
              "rdf:language": [
                "de"
              ],
              "rdf:predicate": [
                "additionalInformation"
              ]
            },
            {
              "@id": "https://data.datatourisme.fr/71894732-ea82-3ecd-bf85-c56bda3261e7",
              "dc:contributor": [
                "https://api.deepl.com/v2/translate"
              ],
              "rdf:language": [
                "nl"
              ],
              "rdf:predicate": [
                "additionalInformation"
              ]
            },
            {
              "@id": "https://data.datatourisme.fr/d2467bbc-af41-3e53-bd3a-e0c2bbd812ba",
              "dc:contributor": [
                "https://api.deepl.com/v2/translate"
              ],
              "rdf:language": [
                "it"
              ],
              "rdf:predicate": [
                "additionalInformation"
              ]
            },
            {
              "@id": "https://data.datatourisme.fr/e9741e3e-580a-313a-a05c-c7e0dd2ad998",
              "dc:contributor": [
                "https://api.deepl.com/v2/translate"
              ],
              "rdf:language": [
                "en"
              ],
              "rdf:predicate": [
                "additionalInformation"
              ]
            },
            {
              "@id": "https://data.datatourisme.fr/ea82835e-971a-3ea6-af2a-9fc76bb518b5",
              "dc:contributor": [
                "https://api.deepl.com/v2/translate"
              ],
              "rdf:language": [
                "es"
              ],
              "rdf:predicate": [
                "additionalInformation"
              ]
            }
          ]
        }
      ],
      "@type": [
        "schema:Place",
        "Place"
      ]
    }
  ],
  "isOwnedBy": [
    {
      "@id": "https://data.datatourisme.fr/194c52e6-bbae-33dc-8464-caca97844fbb",
      "schema:email": [
        "info@balagne-corsica.com"
      ],
      "schema:legalName": "Office de Tourisme Intercommunal Calvi - Balagne",
      "@type": [
        "schema:Organization",
        "foaf:Agent",
        "Agent"
      ],
      "foaf:homepage": [
        "https://www.balagne-corsica.com/"
      ]
    }
  ],
  "lastUpdate": "2023-02-06",
  "lastUpdateDatatourisme": "2023-02-15T06:38:06.98Z",
  "offers": [
    {
      "@id": "https://data.datatourisme.fr/f649cf1a-c725-3d97-b590-5cc2501cbbb5",
      "schema:priceSpecification": [
        {
          "@id": "https://data.datatourisme.fr/686c1dc6-74b0-3c62-b390-cbdc383e5a72",
          "@type": [
            "schema:PriceSpecification",
            "PriceSpecification"
          ],
          "appliesOnPeriod": [
            {
              "@id": "https://data.datatourisme.fr/d88c69ba-05e3-3616-b9ea-c25545dead1d",
              "@type": [
                "Period"
              ],
              "endDate": "2023-11-03",
              "startDate": "2023-04-05"
            }
          ]
        }
      ],
      "@type": [
        "schema:Offer",
        "Offer"
      ]
    }
  ]
}