{
  "@id": "https://data.datatourisme.fr/13/987acfe7-7713-3394-aad4-d11adaeefb32",
  "dc:identifier": "5212128",
  "@type": [
    "schema:LocalBusiness",
    "ActivityProvider",
    "PlaceOfInterest",
    "PointOfInterest",
    "Store"
  ],
  "rdfs:comment": {
    "de": [
      "Genießen Sie die Freuden des Canyoning in den schönsten Canyons Korsikas im Herzen des Bavella-Massivs. Becken mit grünem und klarem Wasser, Rutschen, Wasserfälle, Sprünge und Abseilen - begeben Sie sich mit einem Team von diplomierten Lehrern auf ein Abenteuer! Ab 7 Jahren."
    ],
    "en": [
      "Enjoy the joys of canyoning in the most beautiful canyons of Corsica in the heart of the Massif de Bavella. Ponds with green and clear water, slides, waterfalls, jumps and abseiling, go on an adventure with a team of qualified instructors! From 7 years old."
    ],
    "it": [
      "Godetevi le gioie del canyoning nei più bei canyon della Corsica, nel cuore del Massiccio di Bavella. Laghetti con acqua verde e limpida, scivoli, cascate, salti e discese in corda doppia, vivete un'avventura con un team di istruttori qualificati! A partire da 7 anni."
    ],
    "fr": [
      "Profitez des joies du canyoning dans les plus beaux canyons de Corse au cœur du Massif de Bavella. Vasques aux eaux vertes et limpides, tobbogans, cascades, sauts et rappels, partez à l’aventure avec une équipe de moniteurs diplômés ! Dès 7 ans."
    ],
    "nl": [
      "Geniet van het plezier van canyoning in de mooiste canyons van Corsica in het hart van het Massif de Bavella. Vijvers met groen en helder water, glijbanen, watervallen, sprongen en abseilen, ga op avontuur met een team van gediplomeerde instructeurs! Vanaf 7 jaar."
    ],
    "es": [
      "Disfrute de los placeres del barranquismo en los cañones más bellos de Córcega, en el corazón del Macizo de Bavella. Estanques de agua verde y clara, toboganes, cascadas, saltos y rápeles, ¡vete de aventura con un equipo de monitores cualificados! A partir de 7 años."
    ]
  },
  "rdfs:label": {
    "fr": [
      "Bavella Canyon"
    ]
  },
  "hasBeenCreatedBy": {
    "@id": "https://data.datatourisme.fr/13/84c6494d-3085-3c63-a55c-db8cb047fadd",
    "dc:identifier": "1738",
    "schema:email": [
      "camillef.omt@gmail.com",
      "direction@destination-sudcorse.com",
      "gestion@destination-sudcorse.com",
      "promotion@destination-sudcorse.com",
      "webmaster@destination-sudcorse.com"
    ],
    "schema:legalName": "Porto Vecchio Tourisme",
    "@type": [
      "schema:Organization",
      "foaf:Agent",
      "Agent"
    ],
    "foaf:homepage": [
      "http://www.ot-portovecchio.com/"
    ]
  },
  "hasBeenPublishedBy": [
    {
      "@id": "https://data.datatourisme.fr/8a9feb4b-2cbd-3d2c-b507-bd6c6776b23b",
      "schema:legalName": "Apidae Tourisme Scic SA - source : Apidae Tourisme",
      "@type": [
        "schema:Organization",
        "foaf:Agent",
        "Agent"
      ],
      "foaf:homepage": [
        "https://www.apidae-tourisme.com/"
      ]
    }
  ],
  "hasContact": [
    {
      "@id": "https://data.datatourisme.fr/f7c7553d-ac47-3572-8634-a21c3dc255dd",
      "schema:email": [
        "infos@bavellacanyon.com"
      ],
      "schema:telephone": [
        "+33 6 20 27 49 41"
      ],
      "@type": [
        "foaf:Agent",
        "Agent"
      ],
      "foaf:homepage": [
        "http://www.bavellacanyon.com/"
      ]
    }
  ],
  "hasDescription": [
    {
      "@id": "https://data.datatourisme.fr/d55a5146-751f-3979-b5ee-35caf07325a4",
      "@type": [
        "Description"
      ],
      "hasTranslatedProperty": [
        {
          "@id": "https://data.datatourisme.fr/30e5fe60-94bd-34f1-86db-c13675fd05e8",
          "dc:contributor": [
            "https://api.deepl.com/v2/translate"
          ],
          "rdf:language": [
            "en"
          ],
          "rdf:predicate": [
            "shortDescription"
          ]
        },
        {
          "@id": "https://data.datatourisme.fr/5e4cf520-b608-3f0d-bd3b-db3ae86f61cf",
          "dc:contributor": [
            "https://api.deepl.com/v2/translate"
          ],
          "rdf:language": [
            "es"
          ],
          "rdf:predicate": [
            "shortDescription"
          ]
        },
        {
          "@id": "https://data.datatourisme.fr/9ef75a45-a0ea-36ce-ba34-920974ba7a32",
          "dc:contributor": [
            "https://api.deepl.com/v2/translate"
          ],
          "rdf:language": [
            "de"
          ],
          "rdf:predicate": [
            "shortDescription"
          ]
        },
        {
          "@id": "https://data.datatourisme.fr/b6f07631-64ac-3df1-aedc-8baa6d65c319",
          "dc:contributor": [
            "https://api.deepl.com/v2/translate"
          ],
          "rdf:language": [
            "nl"
          ],
          "rdf:predicate": [
            "shortDescription"
          ]
        },
        {
          "@id": "https://data.datatourisme.fr/f6bc6017-425e-3d57-995f-717055e1c11b",
          "dc:contributor": [
            "https://api.deepl.com/v2/translate"
          ],
          "rdf:language": [
            "it"
          ],
          "rdf:predicate": [
            "shortDescription"
          ]
        }
      ],
      "shortDescription": {
        "de": [
          "Genießen Sie die Freuden des Canyoning in den schönsten Canyons Korsikas im Herzen des Bavella-Massivs. Becken mit grünem und klarem Wasser, Rutschen, Wasserfälle, Sprünge und Abseilen - begeben Sie sich mit einem Team von diplomierten Lehrern auf ein Abenteuer! Ab 7 Jahren."
        ],
        "en": [
          "Enjoy the joys of canyoning in the most beautiful canyons of Corsica in the heart of the Massif de Bavella. Ponds with green and clear water, slides, waterfalls, jumps and abseiling, go on an adventure with a team of qualified instructors! From 7 years old."
        ],
        "it": [
          "Godetevi le gioie del canyoning nei più bei canyon della Corsica, nel cuore del Massiccio di Bavella. Laghetti con acqua verde e limpida, scivoli, cascate, salti e discese in corda doppia, vivete un'avventura con un team di istruttori qualificati! A partire da 7 anni."
        ],
        "fr": [
          "Profitez des joies du canyoning dans les plus beaux canyons de Corse au cœur du Massif de Bavella. Vasques aux eaux vertes et limpides, tobbogans, cascades, sauts et rappels, partez à l’aventure avec une équipe de moniteurs diplômés ! Dès 7 ans."
        ],
        "nl": [
          "Geniet van het plezier van canyoning in de mooiste canyons van Corsica in het hart van het Massif de Bavella. Vijvers met groen en helder water, glijbanen, watervallen, sprongen en abseilen, ga op avontuur met een team van gediplomeerde instructeurs! Vanaf 7 jaar."
        ],
        "es": [
          "Disfrute de los placeres del barranquismo en los cañones más bellos de Córcega, en el corazón del Macizo de Bavella. Estanques de agua verde y clara, toboganes, cascadas, saltos y rápeles, ¡vete de aventura con un equipo de monitores cualificados! A partir de 7 años."
        ]
      }
    }
  ],
  "hasTheme": [
    {
      "@id": "kb:Canyoning",
      "@type": [
        "SportsTheme"
      ],
      "rdfs:label": {
        "de": [
          "Canyoning"
        ],
        "pt": [
          "Canoagem"
        ],
        "en": [
          "Canyoning"
        ],
        "it": [
          "Canyoning"
        ],
        "fr": [
          "Canyoning"
        ],
        "es": [
          "Piragüismo"
        ],
        "nl": [
          "Canyoning"
        ]
      }
    }
  ],
  "hasTranslatedProperty": [
    {
      "@id": "https://data.datatourisme.fr/44ce28e4-b34f-3310-a0e6-bca7a6c45f2a",
      "dc:contributor": [
        "https://api.deepl.com/v2/translate"
      ],
      "rdf:language": [
        "it"
      ],
      "rdf:predicate": [
        {
          "@id": "rdfs:comment"
        }
      ]
    },
    {
      "@id": "https://data.datatourisme.fr/64eef6f2-ffed-3e47-9a72-80e26b7c5ae1",
      "dc:contributor": [
        "https://api.deepl.com/v2/translate"
      ],
      "rdf:language": [
        "es"
      ],
      "rdf:predicate": [
        {
          "@id": "rdfs:comment"
        }
      ]
    },
    {
      "@id": "https://data.datatourisme.fr/d385ac71-50ed-3a45-8b75-9945b394eefe",
      "dc:contributor": [
        "https://api.deepl.com/v2/translate"
      ],
      "rdf:language": [
        "nl"
      ],
      "rdf:predicate": [
        {
          "@id": "rdfs:comment"
        }
      ]
    },
    {
      "@id": "https://data.datatourisme.fr/e4e967a8-e7c1-3111-a711-f3b74864fbea",
      "dc:contributor": [
        "https://api.deepl.com/v2/translate"
      ],
      "rdf:language": [
        "de"
      ],
      "rdf:predicate": [
        {
          "@id": "rdfs:comment"
        }
      ]
    },
    {
      "@id": "https://data.datatourisme.fr/e7908669-958c-320f-9888-8dd816521b69",
      "dc:contributor": [
        "https://api.deepl.com/v2/translate"
      ],
      "rdf:language": [
        "en"
      ],
      "rdf:predicate": [
        {
          "@id": "rdfs:comment"
        }
      ]
    }
  ],
  "isLocatedAt": [
    {
      "@id": "https://data.datatourisme.fr/a75b4abd-69d0-3926-90c1-c36d3e4b74a6",
      "schema:address": [
        {
          "@id": "https://data.datatourisme.fr/5689fa3c-a657-39da-bf8d-8cdb69b517ca",
          "schema:addressLocality": "Quenza",
          "schema:postalCode": "20145",
          "schema:streetAddress": [
            "Arggiavara"
          ],
          "@type": [
            "schema:PostalAddress",
            "PostalAddress"
          ],
          "hasAddressCity": {
            "@id": "kb:2A254",
            "@type": [
              "City"
            ],
            "rdfs:label": {
              "en": [
                "Quenza"
              ],
              "fr": [
                "Quenza"
              ]
            },
            "insee": "2A254",
            "isPartOfDepartment": {
              "@id": "kb:France942A",
              "@type": [
                "Department"
              ],
              "rdfs:label": {
                "en": [
                  "Corse-du-Sud"
                ],
                "fr": [
                  "Corse-du-Sud"
                ]
              },
              "insee": "2A",
              "isPartOfRegion": {
                "@id": "kb:France94",
                "@type": [
                  "Region"
                ],
                "rdfs:label": {
                  "en": [
                    "Corse"
                  ],
                  "fr": [
                    "Corse"
                  ]
                },
                "insee": "94",
                "isPartOfCountry": {
                  "@id": "kb:France",
                  "@type": [
                    "schema:Country"
                  ],
                  "rdfs:label": {
                    "de": [
                      "Frankreich"
                    ],
                    "pt": [
                      "França"
                    ],
                    "en": [
                      "France"
                    ],
                    "it": [
                      "Francia"
                    ],
                    "fr": [
                      "France"
                    ],
                    "nl": [
                      "Frankrijk"
                    ],
                    "es": [
                      "Francia"
                    ]
                  }
                }
              }
            }
          }
        }
      ],
      "schema:geo": {
        "@id": "https://data.datatourisme.fr/e236a29a-93f0-3d2b-97b1-306351d25a5f",
        "schema:latitude": "41.824181",
        "schema:longitude": "9.262826",
        "@type": [
          "schema:GeoCoordinates"
        ]
      },
      "schema:openingHoursSpecification": [
        {
          "@id": "https://data.datatourisme.fr/f87e535a-636d-3343-ad63-8a03392e7511",
          "schema:validFrom": "2023-01-01T00:00:00",
          "schema:validThrough": "2023-12-31T23:59:59",
          "@type": [
            "schema:OpeningHoursSpecification"
          ]
        }
      ],
      "@type": [
        "schema:Place",
        "Place"
      ]
    }
  ],
  "isOwnedBy": [
    {
      "@id": "https://data.datatourisme.fr/f5f950f9-5eec-32b4-a357-2c969ccf4068",
      "schema:email": [
        "camillef.omt@gmail.com",
        "direction@destination-sudcorse.com",
        "gestion@destination-sudcorse.com",
        "promotion@destination-sudcorse.com",
        "webmaster@destination-sudcorse.com"
      ],
      "schema:legalName": "Porto Vecchio Tourisme",
      "@type": [
        "schema:Organization",
        "foaf:Agent",
        "Agent"
      ],
      "foaf:homepage": [
        "http://www.ot-portovecchio.com/"
      ]
    }
  ],
  "lastUpdate": "2023-02-15",
  "lastUpdateDatatourisme": "2023-02-16T06:39:41.926Z",
  "offers": [
    {
      "@id": "https://data.datatourisme.fr/7ac4eae6-6897-368c-83dc-9e668960052c",
      "schema:priceSpecification": [
        {
          "@id": "https://data.datatourisme.fr/3499be5e-8b6d-31e9-b52d-4b4953185007",
          "schema:maxPrice": [
            "60"
          ],
          "schema:minPrice": [
            "50"
          ],
          "schema:priceCurrency": "EUR",
          "@type": [
            "schema:PriceSpecification",
            "PriceSpecification"
          ],
          "appliesOnPeriod": [
            {
              "@id": "https://data.datatourisme.fr/a425afdf-3594-300b-b55e-1858bafa3fd4",
              "@type": [
                "Period"
              ],
              "endDate": "2023-12-31",
              "startDate": "2023-01-01"
            }
          ]
        }
      ],
      "@type": [
        "schema:Offer",
        "Offer"
      ]
    }
  ]
}