{
  "@id": "https://data.datatourisme.fr/13/09cb28ae-f1db-3746-abfa-db9646d968af",
  "dc:identifier": "6283833",
  "@type": [
    "schema:LocalBusiness",
    "PlaceOfInterest",
    "PointOfInterest",
    "SightseeingBoat",
    "SportsAndLeisurePlace"
  ],
  "rdfs:comment": {
    "de": [
      "Spassigh'Agriate bietet Ihnen seine Wassertaxis an, um die wunderschönen Strände von Saleccia und Lotu zu erreichen, die sich im Herzen der Agriate befinden. Entdecken Sie an Bord unserer L'Alba und L'Orizonte Shuttles ungewöhnliche Orte wie das Cap Corse.\r\nBuchen Sie online!"
    ],
    "en": [
      "Spassigh'Agriate offers you its boat-taxis to reach the magnificent beaches of Saleccia and Lotu located in the heart of the Agriate. Discover unusual and exotic places with our shuttles L'Alba and l'Orizonte as the discovery of the Cap Corse.\r\nBook on line !"
    ],
    "it": [
      "Spassigh'Agriate mette a disposizione le sue barche-taxi per raggiungere le magnifiche spiagge di Saleccia e Lotu, situate nel cuore dell'Agriate. Scoprite luoghi insoliti con le nostre navette L'Alba e l'Orizonte come la visita dela Capo Corso.\r\nPrenota on line!"
    ],
    "fr": [
      "Spassigh'Agriate vous propose ses taxis-bateaux pour rejoindre les magnifiques plages de Saleccia et du Lotu situées au coeur de l'Agriate. Découvrez des endroits insolites à bord de nos navettes L'Alba et l'Orizonte comme le Cap Corse.\r\nRéservez en ligne!"
    ],
    "es": [
      "Spassigh'Agriate pone a su disposición sus barcos-taxis para llegar a las magníficas playas de Saleccia y Lotu situadas en el corazón del Agriate. Descubra lugares insólitos a bordo de nuestras lanzaderas L'Alba y l'Orizonte como el Cap Corse.\r\nReserva en línea"
    ],
    "nl": [
      "Spassigh'Agriate biedt u zijn boot-taxi's aan om de prachtige stranden van Saleccia en Lotu te bereiken, gelegen in het hart van de Agriate. Ontdek ongewone plaatsen aan boord van onze shuttles L'Alba en l'Orizonte zoals de Cap Corse.\r\nReserveer online!"
    ]
  },
  "rdfs:label": {
    "fr": [
      "Spassighj'Agriates"
    ]
  },
  "hasBeenCreatedBy": {
    "@id": "https://data.datatourisme.fr/13/8d420fa3-5754-31f1-8199-69c88780314d",
    "dc:identifier": "1647",
    "schema:email": [
      "web@ileroussetourisme.com"
    ],
    "schema:legalName": "Office de Tourisme Intercommunal de L'Ile Rousse-Balagne",
    "@type": [
      "schema:Organization",
      "foaf:Agent",
      "Agent"
    ],
    "foaf:homepage": [
      "https://www.balagne-corsica.com/"
    ]
  },
  "hasBeenPublishedBy": [
    {
      "@id": "https://data.datatourisme.fr/8a9feb4b-2cbd-3d2c-b507-bd6c6776b23b",
      "schema:legalName": "Apidae Tourisme Scic SA - source : Apidae Tourisme",
      "@type": [
        "schema:Organization",
        "foaf:Agent",
        "Agent"
      ],
      "foaf:homepage": [
        "https://www.apidae-tourisme.com/"
      ]
    }
  ],
  "hasContact": [
    {
      "@id": "https://data.datatourisme.fr/83b03ac1-be18-3d9b-9053-79f6bb6718b5",
      "schema:email": [
        "florentlouis@orange.fr",
        "spassighj-agriate@orange.fr"
      ],
      "schema:telephone": [
        "+33 7 85 74 60 88"
      ],
      "@type": [
        "foaf:Agent",
        "Agent"
      ],
      "foaf:homepage": [
        "https://lorizonte.fr/"
      ]
    }
  ],
  "hasDescription": [
    {
      "@id": "https://data.datatourisme.fr/d8d8f167-3537-397d-901d-9211e032a5d9",
      "@type": [
        "Description"
      ],
      "hasTranslatedProperty": [
        {
          "@id": "https://data.datatourisme.fr/118c8f32-cfc5-395b-9675-794c3cf50bec",
          "dc:contributor": [
            "https://api.deepl.com/v2/translate"
          ],
          "rdf:language": [
            "de"
          ],
          "rdf:predicate": [
            "shortDescription"
          ]
        },
        {
          "@id": "https://data.datatourisme.fr/61b3585c-4464-3863-95ea-cf9be1194cb7",
          "dc:contributor": [
            "https://api.deepl.com/v2/translate"
          ],
          "rdf:language": [
            "es"
          ],
          "rdf:predicate": [
            "shortDescription"
          ]
        },
        {
          "@id": "https://data.datatourisme.fr/b3180bcb-f153-3beb-a837-1d5793d9e9cc",
          "dc:contributor": [
            "https://api.deepl.com/v2/translate"
          ],
          "rdf:language": [
            "nl"
          ],
          "rdf:predicate": [
            "shortDescription"
          ]
        }
      ],
      "shortDescription": {
        "de": [
          "Spassigh'Agriate bietet Ihnen seine Wassertaxis an, um die wunderschönen Strände von Saleccia und Lotu zu erreichen, die sich im Herzen der Agriate befinden. Entdecken Sie an Bord unserer L'Alba und L'Orizonte Shuttles ungewöhnliche Orte wie das Cap Corse.\r\nBuchen Sie online!"
        ],
        "en": [
          "Spassigh'Agriate offers you its boat-taxis to reach the magnificent beaches of Saleccia and Lotu located in the heart of the Agriate. Discover unusual and exotic places with our shuttles L'Alba and l'Orizonte as the discovery of the Cap Corse.\r\nBook on line !"
        ],
        "it": [
          "Spassigh'Agriate mette a disposizione le sue barche-taxi per raggiungere le magnifiche spiagge di Saleccia e Lotu, situate nel cuore dell'Agriate. Scoprite luoghi insoliti con le nostre navette L'Alba e l'Orizonte come la visita dela Capo Corso.\r\nPrenota on line!"
        ],
        "fr": [
          "Spassigh'Agriate vous propose ses taxis-bateaux pour rejoindre les magnifiques plages de Saleccia et du Lotu situées au coeur de l'Agriate. Découvrez des endroits insolites à bord de nos navettes L'Alba et l'Orizonte comme le Cap Corse.\r\nRéservez en ligne!"
        ],
        "es": [
          "Spassigh'Agriate pone a su disposición sus barcos-taxis para llegar a las magníficas playas de Saleccia y Lotu situadas en el corazón del Agriate. Descubra lugares insólitos a bordo de nuestras lanzaderas L'Alba y l'Orizonte como el Cap Corse.\r\nReserva en línea"
        ],
        "nl": [
          "Spassigh'Agriate biedt u zijn boot-taxi's aan om de prachtige stranden van Saleccia en Lotu te bereiken, gelegen in het hart van de Agriate. Ontdek ongewone plaatsen aan boord van onze shuttles L'Alba en l'Orizonte zoals de Cap Corse.\r\nReserveer online!"
        ]
      }
    }
  ],
  "hasTranslatedProperty": [
    {
      "@id": "https://data.datatourisme.fr/932891b0-ac27-307d-afd2-3e19088f08a7",
      "dc:contributor": [
        "https://api.deepl.com/v2/translate"
      ],
      "rdf:language": [
        "nl"
      ],
      "rdf:predicate": [
        {
          "@id": "rdfs:comment"
        }
      ]
    },
    {
      "@id": "https://data.datatourisme.fr/a4f6d097-f39b-3537-99bd-33ac3f9c60f3",
      "dc:contributor": [
        "https://api.deepl.com/v2/translate"
      ],
      "rdf:language": [
        "de"
      ],
      "rdf:predicate": [
        {
          "@id": "rdfs:comment"
        }
      ]
    },
    {
      "@id": "https://data.datatourisme.fr/e6a7a3be-11ca-34e7-9e27-8f5150489a4f",
      "dc:contributor": [
        "https://api.deepl.com/v2/translate"
      ],
      "rdf:language": [
        "es"
      ],
      "rdf:predicate": [
        {
          "@id": "rdfs:comment"
        }
      ]
    }
  ],
  "isLocatedAt": [
    {
      "@id": "https://data.datatourisme.fr/9af362f6-8169-36f8-a040-46c49d150c9a",
      "schema:address": [
        {
          "@id": "https://data.datatourisme.fr/6ea61590-d891-3c16-a117-b93702aaf24b",
          "schema:addressLocality": "Saint-Florent",
          "schema:postalCode": "20217",
          "schema:streetAddress": [
            "Port de plaisance"
          ],
          "@type": [
            "schema:PostalAddress",
            "PostalAddress"
          ],
          "hasAddressCity": {
            "@id": "kb:2B298",
            "@type": [
              "City"
            ],
            "rdfs:label": {
              "en": [
                "Saint-Florent"
              ],
              "fr": [
                "Saint-Florent"
              ]
            },
            "insee": "2B298",
            "isPartOfDepartment": {
              "@id": "kb:France942B",
              "@type": [
                "Department"
              ],
              "rdfs:label": {
                "en": [
                  "Haute-Corse"
                ],
                "fr": [
                  "Haute-Corse"
                ]
              },
              "insee": "2B",
              "isPartOfRegion": {
                "@id": "kb:France94",
                "@type": [
                  "Region"
                ],
                "rdfs:label": {
                  "en": [
                    "Corse"
                  ],
                  "fr": [
                    "Corse"
                  ]
                },
                "insee": "94",
                "isPartOfCountry": {
                  "@id": "kb:France",
                  "@type": [
                    "schema:Country"
                  ],
                  "rdfs:label": {
                    "de": [
                      "Frankreich"
                    ],
                    "pt": [
                      "França"
                    ],
                    "en": [
                      "France"
                    ],
                    "it": [
                      "Francia"
                    ],
                    "fr": [
                      "France"
                    ],
                    "nl": [
                      "Frankrijk"
                    ],
                    "es": [
                      "Francia"
                    ]
                  }
                }
              }
            }
          }
        }
      ],
      "schema:geo": {
        "@id": "https://data.datatourisme.fr/83a7a57a-281e-32df-819b-0545d46168a5",
        "schema:latitude": "42.679154",
        "schema:longitude": "9.300453",
        "@type": [
          "schema:GeoCoordinates"
        ]
      },
      "schema:openingHoursSpecification": [
        {
          "@id": "https://data.datatourisme.fr/28ba78e9-44e3-34f2-911d-be656a8525fe",
          "schema:closes": "20:30:00",
          "schema:opens": "08:00:00",
          "schema:validFrom": "2023-05-01T00:00:00",
          "schema:validThrough": "2023-10-15T23:59:59",
          "@type": [
            "schema:OpeningHoursSpecification"
          ]
        }
      ],
      "@type": [
        "schema:Place",
        "Place"
      ]
    }
  ],
  "isOwnedBy": [
    {
      "@id": "https://data.datatourisme.fr/252af22a-253d-33df-b9d7-204832749402",
      "schema:email": [
        "web@ileroussetourisme.com"
      ],
      "schema:legalName": "Office de Tourisme Intercommunal de L'Ile Rousse-Balagne",
      "@type": [
        "schema:Organization",
        "foaf:Agent",
        "Agent"
      ],
      "foaf:homepage": [
        "https://www.balagne-corsica.com/"
      ]
    }
  ],
  "lastUpdate": "2023-01-23",
  "lastUpdateDatatourisme": "2023-02-01T18:07:36.04Z",
  "offers": [
    {
      "@id": "https://data.datatourisme.fr/4d514ac1-85c1-3148-adf2-795e689f0d7b",
      "schema:priceSpecification": [
        {
          "@id": "https://data.datatourisme.fr/d761691b-f442-314d-89e4-0e9c8b0ce466",
          "schema:minPrice": [
            "20"
          ],
          "schema:priceCurrency": "EUR",
          "@type": [
            "schema:PriceSpecification",
            "PriceSpecification"
          ],
          "appliesOnPeriod": [
            {
              "@id": "https://data.datatourisme.fr/bac92954-5c9a-3b62-9b6d-d70d28edd811",
              "@type": [
                "Period"
              ],
              "endDate": "2023-10-15",
              "startDate": "2023-05-01"
            }
          ]
        }
      ],
      "@type": [
        "schema:Offer",
        "Offer"
      ]
    }
  ]
}