{
  "@id": "https://data.datatourisme.fr/13/09aea6cc-c59b-3875-9e43-18a7832527d1",
  "dc:identifier": "4976751",
  "@type": [
    "schema:LocalBusiness",
    "ClimbingWall",
    "PlaceOfInterest",
    "PointOfInterest",
    "SportsAndLeisurePlace",
    "SquashCourt",
    "SwimmingPool"
  ],
  "rdfs:comment": {
    "de": [
      "Dieser Sportkomplex bietet alle Arten von Aktivitäten, die Sie allein, mit Freunden oder der Familie ausüben können. Im Bereich des Wohlbefindens gehört Yoga zu den angebotenen Aktivitäten."
    ],
    "en": [
      "This multisports complex proposes all kinds of activities to enjoy alone or with friends or family. For wellness seekers, our range of activities now includes yoga."
    ],
    "it": [
      "Questo complesso polisportivo offre tutti i tipi di attività da praticare da soli, con gli amici o con la famiglia. In tema di benessere, lo yoga fa il suo debutto tra le attività proposte."
    ],
    "fr": [
      "Ce complexe omnisports propose toutes sortes d'activités à pratiquer en solo, entre amis ou en famille. Côté bien-être, le yoga fait son entrée parmi les activités proposées."
    ],
    "es": [
      "Este complejo polideportivo ofrece todo tipo de actividades para disfrutar solo, con amigos o en familia. En cuanto al bienestar, el yoga es una de las actividades que se ofrecen."
    ],
    "nl": [
      "Dit multisportcomplex biedt allerlei activiteiten om alleen, met vrienden of met het gezin van te genieten. Op het gebied van wellness is yoga een van de aangeboden activiteiten."
    ]
  },
  "rdfs:label": {
    "en": [
      "Calvi-Balagne Sports Complex"
    ],
    "it": [
      "Complesso sportivo Calvi-Balagne"
    ],
    "fr": [
      "Complexe Sportif Calvi-Balagne"
    ]
  },
  "hasBeenCreatedBy": {
    "@id": "https://data.datatourisme.fr/13/e4873aa9-a05c-35ed-8395-61d121516766",
    "dc:identifier": "1646",
    "schema:email": [
      "info@balagne-corsica.com"
    ],
    "schema:legalName": "Office de Tourisme Intercommunal Calvi - Balagne",
    "@type": [
      "schema:Organization",
      "foaf:Agent",
      "Agent"
    ],
    "foaf:homepage": [
      "https://www.balagne-corsica.com/"
    ]
  },
  "hasBeenPublishedBy": [
    {
      "@id": "https://data.datatourisme.fr/8a9feb4b-2cbd-3d2c-b507-bd6c6776b23b",
      "schema:legalName": "Apidae Tourisme Scic SA - source : Apidae Tourisme",
      "@type": [
        "schema:Organization",
        "foaf:Agent",
        "Agent"
      ],
      "foaf:homepage": [
        "https://www.apidae-tourisme.com/"
      ]
    }
  ],
  "hasContact": [
    {
      "@id": "https://data.datatourisme.fr/e162783f-4532-3a53-8f09-9d3ff73579e9",
      "schema:email": [
        "accueilcomplexesportif@gmail.com"
      ],
      "schema:telephone": [
        "+33 4 95 37 43 44",
        "+33 6 15 52 07 67"
      ],
      "@type": [
        "foaf:Agent",
        "Agent"
      ],
      "foaf:homepage": [
        "https://complexe-sportif-calvi-balagne.elisath.fr/"
      ]
    }
  ],
  "hasDescription": [
    {
      "@id": "https://data.datatourisme.fr/d0b7c187-783f-3afa-91c7-92a976a0d427",
      "@type": [
        "Description"
      ],
      "hasTranslatedProperty": [
        {
          "@id": "https://data.datatourisme.fr/20aaebbc-7b88-3b02-9205-7b9ef9a411ff",
          "dc:contributor": [
            "https://api.deepl.com/v2/translate"
          ],
          "rdf:language": [
            "es"
          ],
          "rdf:predicate": [
            "shortDescription"
          ]
        },
        {
          "@id": "https://data.datatourisme.fr/3dc3be9a-a504-3cb4-9ed3-453119bb3d3f",
          "dc:contributor": [
            "https://api.deepl.com/v2/translate"
          ],
          "rdf:language": [
            "de"
          ],
          "rdf:predicate": [
            "shortDescription"
          ]
        },
        {
          "@id": "https://data.datatourisme.fr/6ba353e3-7c79-356c-b195-00f2c873408c",
          "dc:contributor": [
            "https://api.deepl.com/v2/translate"
          ],
          "rdf:language": [
            "nl"
          ],
          "rdf:predicate": [
            "shortDescription"
          ]
        }
      ],
      "shortDescription": {
        "de": [
          "Dieser Sportkomplex bietet alle Arten von Aktivitäten, die Sie allein, mit Freunden oder der Familie ausüben können. Im Bereich des Wohlbefindens gehört Yoga zu den angebotenen Aktivitäten."
        ],
        "en": [
          "This multisports complex proposes all kinds of activities to enjoy alone or with friends or family. For wellness seekers, our range of activities now includes yoga."
        ],
        "it": [
          "Questo complesso polisportivo offre tutti i tipi di attività da praticare da soli, con gli amici o con la famiglia. In tema di benessere, lo yoga fa il suo debutto tra le attività proposte."
        ],
        "fr": [
          "Ce complexe omnisports propose toutes sortes d'activités à pratiquer en solo, entre amis ou en famille. Côté bien-être, le yoga fait son entrée parmi les activités proposées."
        ],
        "es": [
          "Este complejo polideportivo ofrece todo tipo de actividades para disfrutar solo, con amigos o en familia. En cuanto al bienestar, el yoga es una de las actividades que se ofrecen."
        ],
        "nl": [
          "Dit multisportcomplex biedt allerlei activiteiten om alleen, met vrienden of met het gezin van te genieten. Op het gebied van wellness is yoga een van de aangeboden activiteiten."
        ]
      }
    }
  ],
  "hasTheme": [
    {
      "@id": "kb:Badminton",
      "@type": [
        "SportsTheme"
      ],
      "rdfs:label": {
        "de": [
          "Badminton"
        ],
        "pt": [
          "Badminton"
        ],
        "en": [
          "Badminton"
        ],
        "it": [
          "Badminton"
        ],
        "fr": [
          "Badminton"
        ],
        "nl": [
          "Badminton"
        ],
        "es": [
          "Bádminton"
        ]
      }
    },
    {
      "@id": "kb:Basketball",
      "@type": [
        "SportsTheme"
      ],
      "rdfs:label": {
        "de": [
          "Basketball"
        ],
        "pt": [
          "Basquetebol"
        ],
        "en": [
          "Basketball"
        ],
        "it": [
          "Pallacanestro"
        ],
        "fr": [
          "Basket-ball"
        ],
        "nl": [
          "Basketbal"
        ],
        "es": [
          "Baloncesto"
        ]
      }
    },
    {
      "@id": "kb:Bathing",
      "@type": [
        "AccommodationAmenity",
        "SportsTheme"
      ],
      "rdfs:label": {
        "de": [
          "Baden"
        ],
        "pt": [
          "Banho"
        ],
        "en": [
          "Bathing"
        ],
        "it": [
          "Bagno"
        ],
        "fr": [
          "Baignade"
        ],
        "nl": [
          "Zwemmen"
        ],
        "es": [
          "Baño"
        ]
      }
    },
    {
      "@id": "kb:Boxing",
      "@type": [
        "SportsTheme"
      ],
      "rdfs:label": {
        "de": [
          "Boxen"
        ],
        "pt": [
          "Boxe"
        ],
        "en": [
          "Boxing"
        ],
        "it": [
          "Boxe"
        ],
        "fr": [
          "Boxe"
        ],
        "es": [
          "Boxeo"
        ],
        "nl": [
          "Boksen"
        ]
      }
    },
    {
      "@id": "kb:Climbing",
      "@type": [
        "SportsTheme"
      ],
      "rdfs:label": {
        "de": [
          "Klettern"
        ],
        "pt": [
          "Escalada"
        ],
        "en": [
          "Climbing"
        ],
        "it": [
          "Arrampicata"
        ],
        "fr": [
          "Escalade"
        ],
        "nl": [
          "Klimmen"
        ],
        "es": [
          "Escalada"
        ]
      }
    },
    {
      "@id": "kb:Dance",
      "@type": [
        "CulturalTheme",
        "SportsTheme"
      ],
      "rdfs:label": {
        "de": [
          "Tanz"
        ],
        "pt": [
          "Dança"
        ],
        "en": [
          "Dance"
        ],
        "it": [
          "Danza"
        ],
        "fr": [
          "Danse"
        ],
        "es": [
          "Danza"
        ],
        "nl": [
          "Dansen"
        ]
      }
    },
    {
      "@id": "kb:Fitness",
      "@type": [
        "SportsTheme"
      ],
      "rdfs:label": {
        "de": [
          "Fitness"
        ],
        "pt": [
          "Manutenção da forma física"
        ],
        "en": [
          "Fitness"
        ],
        "it": [
          "Fitness"
        ],
        "fr": [
          "Remise en forme"
        ],
        "nl": [
          "Fitness"
        ],
        "es": [
          "Fitness"
        ]
      }
    },
    {
      "@id": "kb:Gymnastics",
      "@type": [
        "SportsTheme"
      ],
      "rdfs:label": {
        "de": [
          "Gymnastik"
        ],
        "pt": [
          "Ginástica"
        ],
        "en": [
          "Gymnastics"
        ],
        "it": [
          "Ginnastica"
        ],
        "fr": [
          "Gymnastique"
        ],
        "nl": [
          "Gymnastiek"
        ],
        "es": [
          "Gimnasia"
        ]
      }
    },
    {
      "@id": "kb:Handball",
      "@type": [
        "SportsTheme"
      ],
      "rdfs:label": {
        "de": [
          "Handball"
        ],
        "pt": [
          "Andebol"
        ],
        "en": [
          "Handball"
        ],
        "it": [
          "Pallamano"
        ],
        "fr": [
          "Handball"
        ],
        "nl": [
          "Handbal"
        ],
        "es": [
          "Balonmano"
        ]
      }
    },
    {
      "@id": "kb:MartialArts",
      "@type": [
        "SportsTheme"
      ],
      "rdfs:label": {
        "de": [
          "Kampfsport"
        ],
        "pt": [
          "Artes marciais"
        ],
        "en": [
          "Martial arts"
        ],
        "it": [
          "Arti marziali"
        ],
        "fr": [
          "Arts martiaux"
        ],
        "nl": [
          "Vechtsporten"
        ],
        "es": [
          "Artes marciales"
        ]
      }
    },
    {
      "@id": "kb:PingPong",
      "@type": [
        "SportsTheme"
      ],
      "rdfs:label": {
        "de": [
          "Tischtennis"
        ],
        "pt": [
          "Ténis de mesa"
        ],
        "en": [
          "Table tennis"
        ],
        "it": [
          "Tennis da tavolo"
        ],
        "fr": [
          "Tennis de table"
        ],
        "es": [
          "Tenis de mesa"
        ],
        "nl": [
          "Tafeltennis"
        ]
      }
    },
    {
      "@id": "kb:Squash",
      "@type": [
        "SportsTheme"
      ],
      "rdfs:label": {
        "de": [
          "Squash"
        ],
        "pt": [
          "Squash"
        ],
        "en": [
          "Squash"
        ],
        "it": [
          "Squash"
        ],
        "fr": [
          "Squash"
        ],
        "nl": [
          "Squash"
        ],
        "es": [
          "Squash"
        ]
      }
    },
    {
      "@id": "kb:Swimming",
      "@type": [
        "SportsTheme"
      ],
      "rdfs:label": {
        "de": [
          "Schwimmen"
        ],
        "pt": [
          "Natação"
        ],
        "en": [
          "Swimming"
        ],
        "it": [
          "Nuoto"
        ],
        "fr": [
          "Natation"
        ],
        "nl": [
          "Zwemmen"
        ],
        "es": [
          "Natación"
        ]
      }
    },
    {
      "@id": "kb:Yoga",
      "@type": [
        "SportsTheme"
      ],
      "rdfs:label": {
        "de": [
          "Yoga"
        ],
        "pt": [
          "Ioga"
        ],
        "en": [
          "Yoga"
        ],
        "it": [
          "Yoga"
        ],
        "fr": [
          "Yoga"
        ],
        "nl": [
          "Yoga"
        ],
        "es": [
          "Yoga"
        ]
      }
    }
  ],
  "hasTranslatedProperty": [
    {
      "@id": "https://data.datatourisme.fr/0d73f89a-ca80-36ed-ba5e-0859e3098ef8",
      "dc:contributor": [
        "https://api.deepl.com/v2/translate"
      ],
      "rdf:language": [
        "nl"
      ],
      "rdf:predicate": [
        {
          "@id": "rdfs:comment"
        }
      ]
    },
    {
      "@id": "https://data.datatourisme.fr/4e79a821-7fe0-342c-b494-ab0769fc4e41",
      "dc:contributor": [
        "https://api.deepl.com/v2/translate"
      ],
      "rdf:language": [
        "de"
      ],
      "rdf:predicate": [
        {
          "@id": "rdfs:comment"
        }
      ]
    },
    {
      "@id": "https://data.datatourisme.fr/ff09c6fd-07f7-33c1-b5f9-5411da8083bc",
      "dc:contributor": [
        "https://api.deepl.com/v2/translate"
      ],
      "rdf:language": [
        "es"
      ],
      "rdf:predicate": [
        {
          "@id": "rdfs:comment"
        }
      ]
    }
  ],
  "isLocatedAt": [
    {
      "@id": "https://data.datatourisme.fr/d127a928-e045-37f1-ab02-53f55c2f98a2",
      "schema:address": [
        {
          "@id": "https://data.datatourisme.fr/d0afb423-edfe-39b4-b3bb-b82be6627e39",
          "schema:addressLocality": "Calvi",
          "schema:postalCode": "20260",
          "schema:streetAddress": [
            "Route de Calenzana"
          ],
          "@type": [
            "schema:PostalAddress",
            "PostalAddress"
          ],
          "hasAddressCity": {
            "@id": "kb:2B050",
            "@type": [
              "City"
            ],
            "rdfs:label": {
              "en": [
                "Calvi"
              ],
              "fr": [
                "Calvi"
              ]
            },
            "insee": "2B050",
            "isPartOfDepartment": {
              "@id": "kb:France942B",
              "@type": [
                "Department"
              ],
              "rdfs:label": {
                "en": [
                  "Haute-Corse"
                ],
                "fr": [
                  "Haute-Corse"
                ]
              },
              "insee": "2B",
              "isPartOfRegion": {
                "@id": "kb:France94",
                "@type": [
                  "Region"
                ],
                "rdfs:label": {
                  "en": [
                    "Corse"
                  ],
                  "fr": [
                    "Corse"
                  ]
                },
                "insee": "94",
                "isPartOfCountry": {
                  "@id": "kb:France",
                  "@type": [
                    "schema:Country"
                  ],
                  "rdfs:label": {
                    "de": [
                      "Frankreich"
                    ],
                    "pt": [
                      "França"
                    ],
                    "en": [
                      "France"
                    ],
                    "it": [
                      "Francia"
                    ],
                    "fr": [
                      "France"
                    ],
                    "nl": [
                      "Frankrijk"
                    ],
                    "es": [
                      "Francia"
                    ]
                  }
                }
              }
            }
          }
        }
      ],
      "schema:geo": {
        "@id": "https://data.datatourisme.fr/ad5aae41-ac64-3c85-95c5-bc83cc2433b0",
        "schema:latitude": "42.550375",
        "schema:longitude": "8.796926",
        "@type": [
          "schema:GeoCoordinates"
        ]
      },
      "schema:openingHoursSpecification": [
        {
          "@id": "https://data.datatourisme.fr/33a69bf6-dae5-34ae-99c9-3f16ceab0788",
          "schema:closes": "20:00:00",
          "schema:opens": "10:00:00",
          "schema:validFrom": "2023-01-01T00:00:00",
          "schema:validThrough": "2023-12-31T23:59:59",
          "@type": [
            "schema:OpeningHoursSpecification"
          ],
          "additionalInformation": {
            "de": [
              "Für Aktivitäten, die außerhalb von Veranstaltungen angeboten werden: geschlossen Winterferien (Weihnachten) und von Anfang Juli bis Mitte August.\r\n\r\nSquash bis 21.00 Uhr geöffnet\r\nSonntags geöffnet: 9.30 - 12.30 Uhr und 14.00 - 16.30 Uhr"
            ],
            "en": [
              "For activities offered outside of events: closed during the winter holidays (Christmas) and from the beginning of July to the middle of August.\r\n\r\nSquash open until 9pm\r\nOpen on Sundays: 9.30am - 12.30pm and 2pm - 4.30pm"
            ],
            "it": [
              "Per le attività offerte al di fuori degli eventi: chiuso durante le vacanze invernali (Natale) e dall'inizio di luglio alla metà di agosto.\r\n\r\nSquash aperto fino alle 21.00\r\nAperto la domenica: 9.30-12.30 e 14.00-16.30"
            ],
            "fr": [
              "Pour les activités proposées hors manifestations : fermé vacances d'hiver (Noël) et de début juillet à mi août.\r\n\r\nSquash ouvert jusqu'à 21h00\r\nOuvert le dimanche : 9h30 - 12h30 et 14h00 - 16h30"
            ],
            "nl": [
              "Voor activiteiten buiten de evenementen om: gesloten tijdens de wintervakantie (Kerstmis) en van begin juli tot half augustus.\r\n\r\nSquash geopend tot 21.00 uur\r\nOpen op zondag: 9u30-12u30 en 14u-16u30"
            ],
            "es": [
              "Para las actividades ofrecidas fuera de los eventos: cerrado durante las vacaciones de invierno (Navidad) y desde principios de julio hasta mediados de agosto.\r\n\r\nCalabaza abierta hasta las 21:00 horas\r\nAbierto los domingos: de 9.30 a 12.30 y de 14 a 16.30 horas"
            ]
          },
          "hasTranslatedProperty": [
            {
              "@id": "https://data.datatourisme.fr/0eaaa1ea-d7f1-376a-aef0-b808f9975c9d",
              "dc:contributor": [
                "https://api.deepl.com/v2/translate"
              ],
              "rdf:language": [
                "es"
              ],
              "rdf:predicate": [
                "additionalInformation"
              ]
            },
            {
              "@id": "https://data.datatourisme.fr/1d6f56db-f865-34d4-9749-22cae87525b7",
              "dc:contributor": [
                "https://api.deepl.com/v2/translate"
              ],
              "rdf:language": [
                "nl"
              ],
              "rdf:predicate": [
                "additionalInformation"
              ]
            },
            {
              "@id": "https://data.datatourisme.fr/66b2e86d-3ed7-3119-9bff-06e7bbe83cf9",
              "dc:contributor": [
                "https://api.deepl.com/v2/translate"
              ],
              "rdf:language": [
                "it"
              ],
              "rdf:predicate": [
                "additionalInformation"
              ]
            },
            {
              "@id": "https://data.datatourisme.fr/69130500-40c2-3860-a701-9d50ba555a41",
              "dc:contributor": [
                "https://api.deepl.com/v2/translate"
              ],
              "rdf:language": [
                "de"
              ],
              "rdf:predicate": [
                "additionalInformation"
              ]
            },
            {
              "@id": "https://data.datatourisme.fr/c3e55588-3887-3bea-b455-daf78ff2b9b5",
              "dc:contributor": [
                "https://api.deepl.com/v2/translate"
              ],
              "rdf:language": [
                "en"
              ],
              "rdf:predicate": [
                "additionalInformation"
              ]
            }
          ]
        }
      ],
      "@type": [
        "schema:Place",
        "Place"
      ]
    }
  ],
  "isOwnedBy": [
    {
      "@id": "https://data.datatourisme.fr/194c52e6-bbae-33dc-8464-caca97844fbb",
      "schema:email": [
        "info@balagne-corsica.com"
      ],
      "schema:legalName": "Office de Tourisme Intercommunal Calvi - Balagne",
      "@type": [
        "schema:Organization",
        "foaf:Agent",
        "Agent"
      ],
      "foaf:homepage": [
        "https://www.balagne-corsica.com/"
      ]
    }
  ],
  "lastUpdate": "2022-05-10",
  "lastUpdateDatatourisme": "2023-02-22T06:42:37.672Z"
}