{
  "@id": "https://data.datatourisme.fr/13/59cbd2ac-7ccd-3b5b-92b5-18f5baf317bf",
  "dc:identifier": "5034243",
  "@type": [
    "Marina",
    "PlaceOfInterest",
    "PointOfInterest",
    "RiverPort",
    "SportsAndLeisurePlace",
    "Transport"
  ],
  "rdfs:comment": {
    "de": [
      "Legen Sie in einem Yachthafen in der Balagne an... der von Galeria mit seinen 68 Liegeplätzen empfängt Sie das ganze Jahr über"
    ],
    "en": [
      "Enjoy a stopover at a marina in Balagne... The 68-berth marina of Galeria is open all year round"
    ],
    "it": [
      "Fermati in un porto turistico della Balagne... quello di Galeria e dei suoi 68 ormeggi ti accoglie tutto l'anno"
    ],
    "fr": [
      "Faites escale dans un port de plaisance en Balagne... celui de Galeria et ses 68 places vous accueille toute l'année"
    ],
    "nl": [
      "Leg aan in een jachthaven in de Balagne... die van Galeria met zijn 68 ligplaatsen verwelkomt u het hele jaar door"
    ],
    "es": [
      "Haga escala en un puerto deportivo de la región de Balagne... el de Galeria con sus 68 amarres le da la bienvenida todo el año"
    ]
  },
  "rdfs:label": {
    "en": [
      "Galeria Harbour"
    ],
    "it": [
      "Porto di Galeria"
    ],
    "fr": [
      "Port de Galeria"
    ]
  },
  "hasBeenCreatedBy": {
    "@id": "https://data.datatourisme.fr/13/e4873aa9-a05c-35ed-8395-61d121516766",
    "dc:identifier": "1646",
    "schema:email": [
      "info@balagne-corsica.com"
    ],
    "schema:legalName": "Office de Tourisme Intercommunal Calvi - Balagne",
    "@type": [
      "schema:Organization",
      "foaf:Agent",
      "Agent"
    ],
    "foaf:homepage": [
      "https://www.balagne-corsica.com/"
    ]
  },
  "hasBeenPublishedBy": [
    {
      "@id": "https://data.datatourisme.fr/8a9feb4b-2cbd-3d2c-b507-bd6c6776b23b",
      "schema:legalName": "Apidae Tourisme Scic SA - source : Apidae Tourisme",
      "@type": [
        "schema:Organization",
        "foaf:Agent",
        "Agent"
      ],
      "foaf:homepage": [
        "https://www.apidae-tourisme.com/"
      ]
    }
  ],
  "hasContact": [
    {
      "@id": "https://data.datatourisme.fr/f33fc126-98d2-396f-9530-5e3a7bca463b",
      "schema:email": [
        "galeria.mairie@wanadoo.fr"
      ],
      "schema:telephone": [
        "+33 4 95 38 28 62",
        "+33 4 95 62 00 09"
      ],
      "@type": [
        "foaf:Agent",
        "Agent"
      ]
    }
  ],
  "hasDescription": [
    {
      "@id": "https://data.datatourisme.fr/71b5c5d4-ee21-3558-821c-8b21e4641e8d",
      "@type": [
        "Description"
      ],
      "hasTranslatedProperty": [
        {
          "@id": "https://data.datatourisme.fr/58e965b5-bf0a-3e8d-910d-30d1e481cd61",
          "dc:contributor": [
            "https://api.deepl.com/v2/translate"
          ],
          "rdf:language": [
            "de"
          ],
          "rdf:predicate": [
            "shortDescription"
          ]
        },
        {
          "@id": "https://data.datatourisme.fr/5abf49e1-14bf-33e9-aced-88029b6d0f10",
          "dc:contributor": [
            "https://api.deepl.com/v2/translate"
          ],
          "rdf:language": [
            "es"
          ],
          "rdf:predicate": [
            "shortDescription"
          ]
        },
        {
          "@id": "https://data.datatourisme.fr/868fc4d5-975e-3bd9-a602-3869b91e071d",
          "dc:contributor": [
            "https://api.deepl.com/v2/translate"
          ],
          "rdf:language": [
            "nl"
          ],
          "rdf:predicate": [
            "shortDescription"
          ]
        }
      ],
      "shortDescription": {
        "de": [
          "Legen Sie in einem Yachthafen in der Balagne an... der von Galeria mit seinen 68 Liegeplätzen empfängt Sie das ganze Jahr über"
        ],
        "en": [
          "Enjoy a stopover at a marina in Balagne... The 68-berth marina of Galeria is open all year round"
        ],
        "it": [
          "Fermati in un porto turistico della Balagne... quello di Galeria e dei suoi 68 ormeggi ti accoglie tutto l'anno"
        ],
        "fr": [
          "Faites escale dans un port de plaisance en Balagne... celui de Galeria et ses 68 places vous accueille toute l'année"
        ],
        "nl": [
          "Leg aan in een jachthaven in de Balagne... die van Galeria met zijn 68 ligplaatsen verwelkomt u het hele jaar door"
        ],
        "es": [
          "Haga escala en un puerto deportivo de la región de Balagne... el de Galeria con sus 68 amarres le da la bienvenida todo el año"
        ]
      }
    }
  ],
  "hasTranslatedProperty": [
    {
      "@id": "https://data.datatourisme.fr/6a1c2e09-c9cf-3229-bcdb-f5c9c63612c0",
      "dc:contributor": [
        "https://api.deepl.com/v2/translate"
      ],
      "rdf:language": [
        "de"
      ],
      "rdf:predicate": [
        {
          "@id": "rdfs:comment"
        }
      ]
    },
    {
      "@id": "https://data.datatourisme.fr/9a692967-4fd2-3bb2-89f4-d306363c6fba",
      "dc:contributor": [
        "https://api.deepl.com/v2/translate"
      ],
      "rdf:language": [
        "nl"
      ],
      "rdf:predicate": [
        {
          "@id": "rdfs:comment"
        }
      ]
    },
    {
      "@id": "https://data.datatourisme.fr/cad943f6-f428-34a6-b0ba-f04bd3fa725e",
      "dc:contributor": [
        "https://api.deepl.com/v2/translate"
      ],
      "rdf:language": [
        "es"
      ],
      "rdf:predicate": [
        {
          "@id": "rdfs:comment"
        }
      ]
    }
  ],
  "isLocatedAt": [
    {
      "@id": "https://data.datatourisme.fr/50bc3c3c-9cb6-3d23-a008-23876372998b",
      "schema:address": [
        {
          "@id": "https://data.datatourisme.fr/e76212f5-b3b8-3a6b-852c-372172bfbe67",
          "schema:addressLocality": "Galéria",
          "schema:postalCode": "20245",
          "@type": [
            "schema:PostalAddress",
            "PostalAddress"
          ],
          "hasAddressCity": {
            "@id": "kb:2B121",
            "@type": [
              "City"
            ],
            "rdfs:label": {
              "en": [
                "Galéria"
              ],
              "fr": [
                "Galéria"
              ]
            },
            "insee": "2B121",
            "isPartOfDepartment": {
              "@id": "kb:France942B",
              "@type": [
                "Department"
              ],
              "rdfs:label": {
                "en": [
                  "Haute-Corse"
                ],
                "fr": [
                  "Haute-Corse"
                ]
              },
              "insee": "2B",
              "isPartOfRegion": {
                "@id": "kb:France94",
                "@type": [
                  "Region"
                ],
                "rdfs:label": {
                  "en": [
                    "Corse"
                  ],
                  "fr": [
                    "Corse"
                  ]
                },
                "insee": "94",
                "isPartOfCountry": {
                  "@id": "kb:France",
                  "@type": [
                    "schema:Country"
                  ],
                  "rdfs:label": {
                    "de": [
                      "Frankreich"
                    ],
                    "pt": [
                      "França"
                    ],
                    "en": [
                      "France"
                    ],
                    "it": [
                      "Francia"
                    ],
                    "fr": [
                      "France"
                    ],
                    "nl": [
                      "Frankrijk"
                    ],
                    "es": [
                      "Francia"
                    ]
                  }
                }
              }
            }
          }
        }
      ],
      "schema:geo": {
        "@id": "https://data.datatourisme.fr/0e50fb02-a7dd-3762-9c27-df1c70a6323f",
        "schema:latitude": "42.414838",
        "schema:longitude": "8.643708",
        "@type": [
          "schema:GeoCoordinates"
        ]
      },
      "schema:openingHoursSpecification": [
        {
          "@id": "https://data.datatourisme.fr/5d811a74-c1d9-3d05-9b48-eaca14a26f2a",
          "schema:validFrom": "2023-01-01T00:00:00",
          "schema:validThrough": "2023-12-31T23:59:59",
          "@type": [
            "schema:OpeningHoursSpecification"
          ],
          "additionalInformation": {
            "de": [
              "Öffnungszeiten:\r\n- winter: 9:00-12:00 Uhr / 14:00-17:00 Uhr von Montag bis Freitag\r\n- frühling-Sommer: 7 Tage / 7 Tage von 7 bis 19 Uhr"
            ],
            "en": [
              "Opening hours :\r\n- winter: 9 am - 12 pm / 2 pm - 5 pm Monday to Friday\r\n- spring-summer : 7 days / 7 days from 7am to 7pm"
            ],
            "it": [
              "Orari di apertura :\r\n- inverno: 9.00-12.00 / 14.00-17.00 dal lunedì al venerdì\r\n- primavera-estate: 7 giorni / 7 giorni dalle 7.00 alle 19.00"
            ],
            "fr": [
              "Horaires d'ouverture :\r\n- hiver : 9 h–12 h / 14 h–17 h du lundi au vendredi\r\n- printemps-été : 7 jours / 7 jours de 7h à 19h"
            ],
            "nl": [
              "Openingstijden :\r\n- winter: 9u-12u / 14u-5u maandag tot vrijdag\r\n- lente-zomer: 7 dagen / 7 dagen van 7 tot 19 uur"
            ],
            "es": [
              "Horario de apertura :\r\n- invierno: 9h-12h / 14h-5h de lunes a viernes\r\n- primavera-verano: 7 días / 7 días de 7 a 19 horas"
            ]
          },
          "hasTranslatedProperty": [
            {
              "@id": "https://data.datatourisme.fr/0a633725-cbae-3fde-aa62-84811d0b4e3f",
              "dc:contributor": [
                "https://api.deepl.com/v2/translate"
              ],
              "rdf:language": [
                "it"
              ],
              "rdf:predicate": [
                "additionalInformation"
              ]
            },
            {
              "@id": "https://data.datatourisme.fr/4bec0798-baf0-3236-8010-614adbb94c33",
              "dc:contributor": [
                "https://api.deepl.com/v2/translate"
              ],
              "rdf:language": [
                "nl"
              ],
              "rdf:predicate": [
                "additionalInformation"
              ]
            },
            {
              "@id": "https://data.datatourisme.fr/abdae727-15e1-3e54-83bb-4d90d85386a5",
              "dc:contributor": [
                "https://api.deepl.com/v2/translate"
              ],
              "rdf:language": [
                "de"
              ],
              "rdf:predicate": [
                "additionalInformation"
              ]
            },
            {
              "@id": "https://data.datatourisme.fr/b69ff1b4-28f1-3455-aee9-159f3199b002",
              "dc:contributor": [
                "https://api.deepl.com/v2/translate"
              ],
              "rdf:language": [
                "en"
              ],
              "rdf:predicate": [
                "additionalInformation"
              ]
            },
            {
              "@id": "https://data.datatourisme.fr/fbaf22c2-46d6-34a1-b8ff-6b46c6f51b1e",
              "dc:contributor": [
                "https://api.deepl.com/v2/translate"
              ],
              "rdf:language": [
                "es"
              ],
              "rdf:predicate": [
                "additionalInformation"
              ]
            }
          ]
        }
      ],
      "@type": [
        "schema:Place",
        "Place"
      ]
    }
  ],
  "isOwnedBy": [
    {
      "@id": "https://data.datatourisme.fr/194c52e6-bbae-33dc-8464-caca97844fbb",
      "schema:email": [
        "info@balagne-corsica.com"
      ],
      "schema:legalName": "Office de Tourisme Intercommunal Calvi - Balagne",
      "@type": [
        "schema:Organization",
        "foaf:Agent",
        "Agent"
      ],
      "foaf:homepage": [
        "https://www.balagne-corsica.com/"
      ]
    }
  ],
  "lastUpdate": "2022-03-29",
  "lastUpdateDatatourisme": "2023-02-01T18:07:36Z"
}