{
  "@id": "https://data.datatourisme.fr/13/2adc3e32-2c68-3c9b-bf90-bd689fcc5aa0",
  "dc:identifier": "5840463",
  "@type": [
    "schema:FoodEstablishment",
    "FoodEstablishment",
    "PlaceOfInterest",
    "PointOfInterest"
  ],
  "rdfs:comment": {
    "de": [
      "Das 1983 von zwei Brüdern, Paul und Jean-Noël Cucchi, gegründete Le Figuier bietet Ihnen Pizzas und Grillgerichte vom Holzfeuer, frische Pasta, schmackhafte und aufwendige Vorspeisen, leckere hausgemachte Desserts... und jeden Tag einen neuen Vorschlag!"
    ],
    "en": [
      "Created in 1983 by two brothers, Paul and Jean-Noël Cucchi, Le Figuier offers you wood-fired pizzas and grills, fresh pasta, tasty and elaborate starters, gourmet homemade desserts... and every day a new suggestion!"
    ],
    "it": [
      "Creato nel 1983 da due fratelli, Paul e Jean-Noël Cucchi, Le Figuier vi offre pizze e grigliate a legna, pasta fresca, antipasti gustosi ed elaborati, dolci gourmet fatti in casa... e ogni giorno una nuova proposta!"
    ],
    "fr": [
      "Crée en 1983 par deux frères, Paul et Jean-Noël Cucchi, Le Figuier vous propose des pizzas et des grillades au feu de bois, des pâtes fraîches, des entrées savoureuses et élaborées, des desserts maison gourmands... et chaque jour une nouvelle suggestion !"
    ],
    "nl": [
      "Opgericht in 1983 door twee broers, Paul en Jean-Noël Cucchi, biedt Le Figuier u houtgestookte pizza's en grills, verse pasta's, smakelijke en uitgebreide voorgerechten, gastronomische huisgemaakte desserts... en elke dag een nieuw voorstel!"
    ],
    "es": [
      "Creado en 1983 por dos hermanos, Paul y Jean-Noël Cucchi, Le Figuier le ofrece pizzas y parrilladas a la leña, pasta fresca, entrantes sabrosos y elaborados, postres caseros gourmet... ¡y cada día una nueva sugerencia!"
    ]
  },
  "rdfs:label": {
    "fr": [
      "Le Figuier"
    ]
  },
  "hasBeenCreatedBy": {
    "@id": "https://data.datatourisme.fr/13/84c6494d-3085-3c63-a55c-db8cb047fadd",
    "dc:identifier": "1738",
    "schema:email": [
      "camillef.omt@gmail.com",
      "direction@destination-sudcorse.com",
      "gestion@destination-sudcorse.com",
      "promotion@destination-sudcorse.com",
      "webmaster@destination-sudcorse.com"
    ],
    "schema:legalName": "Porto Vecchio Tourisme",
    "@type": [
      "schema:Organization",
      "foaf:Agent",
      "Agent"
    ],
    "foaf:homepage": [
      "http://www.ot-portovecchio.com/"
    ]
  },
  "hasBeenPublishedBy": [
    {
      "@id": "https://data.datatourisme.fr/8a9feb4b-2cbd-3d2c-b507-bd6c6776b23b",
      "schema:legalName": "Apidae Tourisme Scic SA - source : Apidae Tourisme",
      "@type": [
        "schema:Organization",
        "foaf:Agent",
        "Agent"
      ],
      "foaf:homepage": [
        "https://www.apidae-tourisme.com/"
      ]
    }
  ],
  "hasContact": [
    {
      "@id": "https://data.datatourisme.fr/08deb6f9-e1b5-3757-a5f0-0945f9e8d896",
      "schema:email": [
        "le-figuier@orange.fr"
      ],
      "schema:telephone": [
        "+33 4 95 72 08 78"
      ],
      "@type": [
        "foaf:Agent",
        "Agent"
      ]
    }
  ],
  "hasDescription": [
    {
      "@id": "https://data.datatourisme.fr/befef73d-9dfb-34f1-b24b-d705dbdbf0c4",
      "@type": [
        "Description"
      ],
      "hasTranslatedProperty": [
        {
          "@id": "https://data.datatourisme.fr/27a1dc7d-241a-35eb-b06f-2fc0ac8ac3da",
          "dc:contributor": [
            "https://api.deepl.com/v2/translate"
          ],
          "rdf:language": [
            "it"
          ],
          "rdf:predicate": [
            "shortDescription"
          ]
        },
        {
          "@id": "https://data.datatourisme.fr/4ffb4fd8-7f71-3c20-944f-12d4064f60df",
          "dc:contributor": [
            "https://api.deepl.com/v2/translate"
          ],
          "rdf:language": [
            "en"
          ],
          "rdf:predicate": [
            "shortDescription"
          ]
        },
        {
          "@id": "https://data.datatourisme.fr/bc323aee-26de-35bf-8d3d-0f921e3a2d3a",
          "dc:contributor": [
            "https://api.deepl.com/v2/translate"
          ],
          "rdf:language": [
            "de"
          ],
          "rdf:predicate": [
            "shortDescription"
          ]
        },
        {
          "@id": "https://data.datatourisme.fr/e33e183a-1936-3f19-8b4f-c7c762530f0c",
          "dc:contributor": [
            "https://api.deepl.com/v2/translate"
          ],
          "rdf:language": [
            "nl"
          ],
          "rdf:predicate": [
            "shortDescription"
          ]
        },
        {
          "@id": "https://data.datatourisme.fr/fc60f3e3-7acd-36e1-8ac7-14202a0c01ee",
          "dc:contributor": [
            "https://api.deepl.com/v2/translate"
          ],
          "rdf:language": [
            "es"
          ],
          "rdf:predicate": [
            "shortDescription"
          ]
        }
      ],
      "shortDescription": {
        "de": [
          "Das 1983 von zwei Brüdern, Paul und Jean-Noël Cucchi, gegründete Le Figuier bietet Ihnen Pizzas und Grillgerichte vom Holzfeuer, frische Pasta, schmackhafte und aufwendige Vorspeisen, leckere hausgemachte Desserts... und jeden Tag einen neuen Vorschlag!"
        ],
        "en": [
          "Created in 1983 by two brothers, Paul and Jean-Noël Cucchi, Le Figuier offers you wood-fired pizzas and grills, fresh pasta, tasty and elaborate starters, gourmet homemade desserts... and every day a new suggestion!"
        ],
        "it": [
          "Creato nel 1983 da due fratelli, Paul e Jean-Noël Cucchi, Le Figuier vi offre pizze e grigliate a legna, pasta fresca, antipasti gustosi ed elaborati, dolci gourmet fatti in casa... e ogni giorno una nuova proposta!"
        ],
        "fr": [
          "Crée en 1983 par deux frères, Paul et Jean-Noël Cucchi, Le Figuier vous propose des pizzas et des grillades au feu de bois, des pâtes fraîches, des entrées savoureuses et élaborées, des desserts maison gourmands... et chaque jour une nouvelle suggestion !"
        ],
        "nl": [
          "Opgericht in 1983 door twee broers, Paul en Jean-Noël Cucchi, biedt Le Figuier u houtgestookte pizza's en grills, verse pasta's, smakelijke en uitgebreide voorgerechten, gastronomische huisgemaakte desserts... en elke dag een nieuw voorstel!"
        ],
        "es": [
          "Creado en 1983 por dos hermanos, Paul y Jean-Noël Cucchi, Le Figuier le ofrece pizzas y parrilladas a la leña, pasta fresca, entrantes sabrosos y elaborados, postres caseros gourmet... ¡y cada día una nueva sugerencia!"
        ]
      }
    }
  ],
  "hasTheme": [
    {
      "@id": "kb:MediterraneanCuisine",
      "@type": [
        "CuisineCategory"
      ],
      "rdfs:label": {
        "de": [
          "Mediterrane Küche"
        ],
        "pt": [
          "Cozinha mediterrânica"
        ],
        "en": [
          "Mediterranean cuisine"
        ],
        "it": [
          "Cucina mediterranea"
        ],
        "fr": [
          "Cuisine méditerranéenne"
        ],
        "nl": [
          "Mediterrane keuken"
        ],
        "es": [
          "Cocina mediterránea"
        ]
      }
    }
  ],
  "hasTranslatedProperty": [
    {
      "@id": "https://data.datatourisme.fr/071932f4-0835-3fba-bcb7-e77a7edf3e75",
      "dc:contributor": [
        "https://api.deepl.com/v2/translate"
      ],
      "rdf:language": [
        "nl"
      ],
      "rdf:predicate": [
        {
          "@id": "rdfs:comment"
        }
      ]
    },
    {
      "@id": "https://data.datatourisme.fr/36b1e34d-f8c8-333d-a61a-c6a42b5c7393",
      "dc:contributor": [
        "https://api.deepl.com/v2/translate"
      ],
      "rdf:language": [
        "it"
      ],
      "rdf:predicate": [
        {
          "@id": "rdfs:comment"
        }
      ]
    },
    {
      "@id": "https://data.datatourisme.fr/54ac7e62-8146-34c9-ba4a-1a249afe40a1",
      "dc:contributor": [
        "https://api.deepl.com/v2/translate"
      ],
      "rdf:language": [
        "en"
      ],
      "rdf:predicate": [
        {
          "@id": "rdfs:comment"
        }
      ]
    },
    {
      "@id": "https://data.datatourisme.fr/a69205a5-a153-3757-9df4-25b942d31511",
      "dc:contributor": [
        "https://api.deepl.com/v2/translate"
      ],
      "rdf:language": [
        "de"
      ],
      "rdf:predicate": [
        {
          "@id": "rdfs:comment"
        }
      ]
    },
    {
      "@id": "https://data.datatourisme.fr/ae32182d-3650-32f0-88f1-eab45adbd983",
      "dc:contributor": [
        "https://api.deepl.com/v2/translate"
      ],
      "rdf:language": [
        "es"
      ],
      "rdf:predicate": [
        {
          "@id": "rdfs:comment"
        }
      ]
    }
  ],
  "isLocatedAt": [
    {
      "@id": "https://data.datatourisme.fr/dd22f642-a2f9-3dcc-9a7b-bbf5b3d6f510",
      "schema:address": [
        {
          "@id": "https://data.datatourisme.fr/ca98fe1a-6cf9-3ee6-9056-39c3564084ba",
          "schema:addressLocality": "Porto-Vecchio",
          "schema:postalCode": "20137",
          "schema:streetAddress": [
            "Route de Cala Rossa",
            "Trinité de Porto-Vecchio"
          ],
          "@type": [
            "schema:PostalAddress",
            "PostalAddress"
          ],
          "hasAddressCity": {
            "@id": "kb:2A247",
            "@type": [
              "City"
            ],
            "rdfs:label": {
              "en": [
                "Porto-Vecchio"
              ],
              "fr": [
                "Porto-Vecchio"
              ]
            },
            "insee": "2A247",
            "isPartOfDepartment": {
              "@id": "kb:France942A",
              "@type": [
                "Department"
              ],
              "rdfs:label": {
                "en": [
                  "Corse-du-Sud"
                ],
                "fr": [
                  "Corse-du-Sud"
                ]
              },
              "insee": "2A",
              "isPartOfRegion": {
                "@id": "kb:France94",
                "@type": [
                  "Region"
                ],
                "rdfs:label": {
                  "en": [
                    "Corse"
                  ],
                  "fr": [
                    "Corse"
                  ]
                },
                "insee": "94",
                "isPartOfCountry": {
                  "@id": "kb:France",
                  "@type": [
                    "schema:Country"
                  ],
                  "rdfs:label": {
                    "de": [
                      "Frankreich"
                    ],
                    "pt": [
                      "França"
                    ],
                    "en": [
                      "France"
                    ],
                    "it": [
                      "Francia"
                    ],
                    "fr": [
                      "France"
                    ],
                    "nl": [
                      "Frankrijk"
                    ],
                    "es": [
                      "Francia"
                    ]
                  }
                }
              }
            }
          }
        }
      ],
      "schema:geo": {
        "@id": "https://data.datatourisme.fr/925a9461-b3ea-3347-ab4a-cd55d9c8bc51",
        "schema:latitude": "41.624046",
        "schema:longitude": "9.297304",
        "@type": [
          "schema:GeoCoordinates"
        ]
      },
      "schema:openingHoursSpecification": [
        {
          "@id": "https://data.datatourisme.fr/cf1cd51c-2de9-3391-b6d0-2a12b609128e",
          "schema:validFrom": "2023-01-01T00:00:00",
          "schema:validThrough": "2023-12-31T23:59:59",
          "@type": [
            "schema:OpeningHoursSpecification"
          ],
          "additionalInformation": {
            "de": [
              "Montag, Dienstag, Mittwoch, Donnerstag, Freitag, Samstag: 12:00 bis 13:30 Uhr, 19:00 bis 22:30 Uhr\r\nSonntag: offen\r\n\r\nDie Öffnungszeiten können zu Beginn der Sommersaison und auch am Ende der Saison variieren"
            ],
            "en": [
              "Monday, Tuesday, Wednesday, Thursday, Friday, Saturday: 12 to 1:30 pm, 7 to 10:30 pm\r\nSunday : open\r\n\r\nThe opening hours may vary at the beginning of the summer season and at the end of the season as well"
            ],
            "it": [
              "Lunedì, martedì, mercoledì, giovedì, venerdì, sabato: dalle 12:00 alle 13:30, dalle 19:00 alle 22:30\r\nDomenica: aperto\r\n\r\nGli orari di apertura possono variare all'inizio della stagione estiva e alla fine della stagione"
            ],
            "fr": [
              "Lundi, Mardi, Mercredi, Jeudi, Vendredi, Samedi : 12h à 13h30, 19h à 22h30\r\nDimanche : ouvert\r\n\r\nLes horaires peuvent varier en début de saison d'été et fin de saison également"
            ],
            "nl": [
              "Maandag, dinsdag, woensdag, donderdag, vrijdag, zaterdag: 12.00 tot 13.30 uur, 19.00 tot 22.30 uur\r\nZondag: open\r\n\r\nDe openingstijden kunnen variëren aan het begin van het zomerseizoen en aan het einde van het seizoen"
            ],
            "es": [
              "Lunes, martes, miércoles, jueves, viernes y sábado: de 12:00 a 13:30, de 19:00 a 22:30\r\nDomingo: abierto\r\n\r\nLos horarios de apertura pueden variar al principio de la temporada de verano y al final de la temporada"
            ]
          },
          "hasTranslatedProperty": [
            {
              "@id": "https://data.datatourisme.fr/4d0ee953-7821-348b-b2ae-c70d51d6e50c",
              "dc:contributor": [
                "https://api.deepl.com/v2/translate"
              ],
              "rdf:language": [
                "it"
              ],
              "rdf:predicate": [
                "additionalInformation"
              ]
            },
            {
              "@id": "https://data.datatourisme.fr/7fa5b5d1-9b35-3f30-b93b-f64d273fed46",
              "dc:contributor": [
                "https://api.deepl.com/v2/translate"
              ],
              "rdf:language": [
                "nl"
              ],
              "rdf:predicate": [
                "additionalInformation"
              ]
            },
            {
              "@id": "https://data.datatourisme.fr/947818e3-890c-372e-8d31-fdac6983438b",
              "dc:contributor": [
                "https://api.deepl.com/v2/translate"
              ],
              "rdf:language": [
                "de"
              ],
              "rdf:predicate": [
                "additionalInformation"
              ]
            },
            {
              "@id": "https://data.datatourisme.fr/cc4354e7-ed31-37e1-8caa-554d68929cf6",
              "dc:contributor": [
                "https://api.deepl.com/v2/translate"
              ],
              "rdf:language": [
                "es"
              ],
              "rdf:predicate": [
                "additionalInformation"
              ]
            },
            {
              "@id": "https://data.datatourisme.fr/e09fdbe8-73ba-37a8-88a5-01ac0210f528",
              "dc:contributor": [
                "https://api.deepl.com/v2/translate"
              ],
              "rdf:language": [
                "en"
              ],
              "rdf:predicate": [
                "additionalInformation"
              ]
            }
          ]
        }
      ],
      "@type": [
        "schema:Place",
        "Place"
      ]
    }
  ],
  "isOwnedBy": [
    {
      "@id": "https://data.datatourisme.fr/f5f950f9-5eec-32b4-a357-2c969ccf4068",
      "schema:email": [
        "camillef.omt@gmail.com",
        "direction@destination-sudcorse.com",
        "gestion@destination-sudcorse.com",
        "promotion@destination-sudcorse.com",
        "webmaster@destination-sudcorse.com"
      ],
      "schema:legalName": "Porto Vecchio Tourisme",
      "@type": [
        "schema:Organization",
        "foaf:Agent",
        "Agent"
      ],
      "foaf:homepage": [
        "http://www.ot-portovecchio.com/"
      ]
    }
  ],
  "lastUpdate": "2023-02-15",
  "lastUpdateDatatourisme": "2023-02-16T06:39:41.987Z",
  "offers": [
    {
      "@id": "https://data.datatourisme.fr/f8ab7fa8-c143-3f34-92bf-c428dba4c568",
      "schema:priceSpecification": [
        {
          "@id": "https://data.datatourisme.fr/58374eba-1be9-3a50-9fb6-5e96d9d6db18",
          "schema:maxPrice": [
            "40"
          ],
          "schema:minPrice": [
            "13"
          ],
          "schema:priceCurrency": "EUR",
          "@type": [
            "schema:PriceSpecification",
            "PriceSpecification"
          ],
          "appliesOnPeriod": [
            {
              "@id": "https://data.datatourisme.fr/a425afdf-3594-300b-b55e-1858bafa3fd4",
              "@type": [
                "Period"
              ],
              "endDate": "2023-12-31",
              "startDate": "2023-01-01"
            }
          ]
        }
      ],
      "@type": [
        "schema:Offer",
        "Offer"
      ]
    }
  ],
  "providesCuisineOfType": [
    {
      "@id": "kb:MediterraneanCuisine",
      "@type": [
        "CuisineCategory"
      ],
      "rdfs:label": {
        "de": [
          "Mediterrane Küche"
        ],
        "pt": [
          "Cozinha mediterrânica"
        ],
        "en": [
          "Mediterranean cuisine"
        ],
        "it": [
          "Cucina mediterranea"
        ],
        "fr": [
          "Cuisine méditerranéenne"
        ],
        "nl": [
          "Mediterrane keuken"
        ],
        "es": [
          "Cocina mediterránea"
        ]
      }
    }
  ]
}