{
  "@id": "https://data.datatourisme.fr/13/054a6e8c-747b-3c31-bb7f-45fa98f35981",
  "dc:identifier": "4973117",
  "@type": [
    "schema:FoodEstablishment",
    "FoodEstablishment",
    "PlaceOfInterest",
    "PointOfInterest"
  ],
  "rdfs:comment": {
    "de": [
      "Als Bindeglied zwischen der Förmlichkeit eines Mittagessens und der Einfachheit eines Frühstücks bietet Ihnen der Brunch in Calvi auf Korsika Gourmetteller, Big Burger oder auch Nicci, korsische Fladen aus Kastanienmehl, an."
    ],
    "en": [
      "A link between the formality of a lunch and the simplicity of a breakfast, the Brunch in Calvi in Corsica, offers you to discover its gourmet dishes, its Big Burgers or its Nicci, Corsican cakes made from chestnut flour."
    ],
    "it": [
      "Anello di congiunzione tra la formalità di un pranzo e la semplicità di una colazione, il Brunch di Calvi, in Corsica, vi propone di scoprire i suoi piatti gourmet, i suoi Big Burger o le sue Nicci, frittelle corse a base di farina di castagne."
    ],
    "fr": [
      "Trait d'union entre la formalité d'un déjeuner et la simplicité d'un petit déjeuner, le Brunch à Calvi en Corse, vous propose de découvrir ses assiettes gourmandes, ses Big Burgers ou encore ses Nicci, galettes corses à base de farine de châtaigne."
    ],
    "es": [
      "Eslabón entre la formalidad de un almuerzo y la sencillez de un desayuno, el Brunch de Calvi, Córcega, le propone descubrir sus platos gastronómicos, sus Big Burgers o sus Nicci, tortitas corsas elaboradas con harina de castaña."
    ],
    "nl": [
      "Als link tussen de formaliteit van een lunch en de eenvoud van een ontbijt, biedt de Brunch in Calvi, Corsica, u de mogelijkheid zijn gastronomische borden, zijn Big Burgers of zijn Nicci, Corsicaanse pannenkoeken gemaakt met kastanjemeel, te ontdekken."
    ]
  },
  "rdfs:label": {
    "en": [
      "Brunch"
    ],
    "fr": [
      "Le Brunch"
    ]
  },
  "hasBeenCreatedBy": {
    "@id": "https://data.datatourisme.fr/13/e4873aa9-a05c-35ed-8395-61d121516766",
    "dc:identifier": "1646",
    "schema:email": [
      "info@balagne-corsica.com"
    ],
    "schema:legalName": "Office de Tourisme Intercommunal Calvi - Balagne",
    "@type": [
      "schema:Organization",
      "foaf:Agent",
      "Agent"
    ],
    "foaf:homepage": [
      "https://www.balagne-corsica.com/"
    ]
  },
  "hasBeenPublishedBy": [
    {
      "@id": "https://data.datatourisme.fr/8a9feb4b-2cbd-3d2c-b507-bd6c6776b23b",
      "schema:legalName": "Apidae Tourisme Scic SA - source : Apidae Tourisme",
      "@type": [
        "schema:Organization",
        "foaf:Agent",
        "Agent"
      ],
      "foaf:homepage": [
        "https://www.apidae-tourisme.com/"
      ]
    }
  ],
  "hasContact": [
    {
      "@id": "https://data.datatourisme.fr/507616b1-6404-3d73-8446-f334e7055638",
      "schema:email": [
        "lebrunchcalvi@gmail.com"
      ],
      "schema:telephone": [
        "+33 6 14 65 25 55"
      ],
      "@type": [
        "foaf:Agent",
        "Agent"
      ]
    }
  ],
  "hasDescription": [
    {
      "@id": "https://data.datatourisme.fr/c7001ce0-4a4a-35bc-a17d-336e97da39ee",
      "@type": [
        "Description"
      ],
      "hasTranslatedProperty": [
        {
          "@id": "https://data.datatourisme.fr/0baff351-bf6a-316b-91c0-a1b9d86b121a",
          "dc:contributor": [
            "https://api.deepl.com/v2/translate"
          ],
          "rdf:language": [
            "it"
          ],
          "rdf:predicate": [
            "shortDescription"
          ]
        },
        {
          "@id": "https://data.datatourisme.fr/0cd96caa-e267-3e2b-b086-a6e7e16fc886",
          "dc:contributor": [
            "https://api.deepl.com/v2/translate"
          ],
          "rdf:language": [
            "nl"
          ],
          "rdf:predicate": [
            "shortDescription"
          ]
        },
        {
          "@id": "https://data.datatourisme.fr/326b3c09-cab3-34fa-b0a5-2f860510b1dd",
          "dc:contributor": [
            "https://api.deepl.com/v2/translate"
          ],
          "rdf:language": [
            "es"
          ],
          "rdf:predicate": [
            "shortDescription"
          ]
        },
        {
          "@id": "https://data.datatourisme.fr/d86548f2-f16d-32f5-9e98-2fe33a625340",
          "dc:contributor": [
            "https://api.deepl.com/v2/translate"
          ],
          "rdf:language": [
            "de"
          ],
          "rdf:predicate": [
            "shortDescription"
          ]
        }
      ],
      "shortDescription": {
        "de": [
          "Als Bindeglied zwischen der Förmlichkeit eines Mittagessens und der Einfachheit eines Frühstücks bietet Ihnen der Brunch in Calvi auf Korsika Gourmetteller, Big Burger oder auch Nicci, korsische Fladen aus Kastanienmehl, an."
        ],
        "en": [
          "A link between the formality of a lunch and the simplicity of a breakfast, the Brunch in Calvi in Corsica, offers you to discover its gourmet dishes, its Big Burgers or its Nicci, Corsican cakes made from chestnut flour."
        ],
        "it": [
          "Anello di congiunzione tra la formalità di un pranzo e la semplicità di una colazione, il Brunch di Calvi, in Corsica, vi propone di scoprire i suoi piatti gourmet, i suoi Big Burger o le sue Nicci, frittelle corse a base di farina di castagne."
        ],
        "fr": [
          "Trait d'union entre la formalité d'un déjeuner et la simplicité d'un petit déjeuner, le Brunch à Calvi en Corse, vous propose de découvrir ses assiettes gourmandes, ses Big Burgers ou encore ses Nicci, galettes corses à base de farine de châtaigne."
        ],
        "es": [
          "Eslabón entre la formalidad de un almuerzo y la sencillez de un desayuno, el Brunch de Calvi, Córcega, le propone descubrir sus platos gastronómicos, sus Big Burgers o sus Nicci, tortitas corsas elaboradas con harina de castaña."
        ],
        "nl": [
          "Als link tussen de formaliteit van een lunch en de eenvoud van een ontbijt, biedt de Brunch in Calvi, Corsica, u de mogelijkheid zijn gastronomische borden, zijn Big Burgers of zijn Nicci, Corsicaanse pannenkoeken gemaakt met kastanjemeel, te ontdekken."
        ]
      }
    }
  ],
  "hasTranslatedProperty": [
    {
      "@id": "https://data.datatourisme.fr/5b8d3c08-7d92-339d-a233-7984807b1c74",
      "dc:contributor": [
        "https://api.deepl.com/v2/translate"
      ],
      "rdf:language": [
        "de"
      ],
      "rdf:predicate": [
        {
          "@id": "rdfs:comment"
        }
      ]
    },
    {
      "@id": "https://data.datatourisme.fr/5f2e2bbc-d3c7-3500-af5b-924c79d1c047",
      "dc:contributor": [
        "https://api.deepl.com/v2/translate"
      ],
      "rdf:language": [
        "es"
      ],
      "rdf:predicate": [
        {
          "@id": "rdfs:comment"
        }
      ]
    },
    {
      "@id": "https://data.datatourisme.fr/605bca30-cef8-3c5c-a4a7-69710f45f62d",
      "dc:contributor": [
        "https://api.deepl.com/v2/translate"
      ],
      "rdf:language": [
        "it"
      ],
      "rdf:predicate": [
        {
          "@id": "rdfs:comment"
        }
      ]
    },
    {
      "@id": "https://data.datatourisme.fr/c84dac8d-bf6a-3059-bb4d-d8e79f99a6ad",
      "dc:contributor": [
        "https://api.deepl.com/v2/translate"
      ],
      "rdf:language": [
        "nl"
      ],
      "rdf:predicate": [
        {
          "@id": "rdfs:comment"
        }
      ]
    }
  ],
  "isLocatedAt": [
    {
      "@id": "https://data.datatourisme.fr/da0be972-c6c5-3505-a6ab-c99c9aacc4b3",
      "schema:address": [
        {
          "@id": "https://data.datatourisme.fr/9f40d8c4-3895-374d-a454-524f07815cde",
          "schema:addressLocality": "Calvi",
          "schema:postalCode": "20260",
          "schema:streetAddress": [
            "Rue Clemenceau"
          ],
          "@type": [
            "schema:PostalAddress",
            "PostalAddress"
          ],
          "hasAddressCity": {
            "@id": "kb:2B050",
            "@type": [
              "City"
            ],
            "rdfs:label": {
              "en": [
                "Calvi"
              ],
              "fr": [
                "Calvi"
              ]
            },
            "insee": "2B050",
            "isPartOfDepartment": {
              "@id": "kb:France942B",
              "@type": [
                "Department"
              ],
              "rdfs:label": {
                "en": [
                  "Haute-Corse"
                ],
                "fr": [
                  "Haute-Corse"
                ]
              },
              "insee": "2B",
              "isPartOfRegion": {
                "@id": "kb:France94",
                "@type": [
                  "Region"
                ],
                "rdfs:label": {
                  "en": [
                    "Corse"
                  ],
                  "fr": [
                    "Corse"
                  ]
                },
                "insee": "94",
                "isPartOfCountry": {
                  "@id": "kb:France",
                  "@type": [
                    "schema:Country"
                  ],
                  "rdfs:label": {
                    "de": [
                      "Frankreich"
                    ],
                    "pt": [
                      "França"
                    ],
                    "en": [
                      "France"
                    ],
                    "it": [
                      "Francia"
                    ],
                    "fr": [
                      "France"
                    ],
                    "nl": [
                      "Frankrijk"
                    ],
                    "es": [
                      "Francia"
                    ]
                  }
                }
              }
            }
          }
        }
      ],
      "schema:geo": {
        "@id": "https://data.datatourisme.fr/36a5170d-9e49-350e-9486-6cba096973fe",
        "schema:latitude": "42.566419",
        "schema:longitude": "8.757934",
        "@type": [
          "schema:GeoCoordinates"
        ]
      },
      "schema:openingHoursSpecification": [
        {
          "@id": "https://data.datatourisme.fr/fe3b0c8a-e748-3c76-94b9-45a7f6e9995b",
          "schema:validFrom": "2023-04-01T00:00:00",
          "schema:validThrough": "2023-10-31T23:59:59",
          "@type": [
            "schema:OpeningHoursSpecification"
          ]
        }
      ],
      "@type": [
        "schema:Place",
        "Place"
      ]
    }
  ],
  "isOwnedBy": [
    {
      "@id": "https://data.datatourisme.fr/194c52e6-bbae-33dc-8464-caca97844fbb",
      "schema:email": [
        "info@balagne-corsica.com"
      ],
      "schema:legalName": "Office de Tourisme Intercommunal Calvi - Balagne",
      "@type": [
        "schema:Organization",
        "foaf:Agent",
        "Agent"
      ],
      "foaf:homepage": [
        "https://www.balagne-corsica.com/"
      ]
    }
  ],
  "lastUpdate": "2023-01-18",
  "lastUpdateDatatourisme": "2023-02-01T18:07:35.614Z"
}