{
  "@id": "https://data.datatourisme.fr/13/05edfeed-1f83-3ba6-be26-b8115a9045a2",
  "dc:identifier": "5294035",
  "@type": [
    "schema:Accommodation",
    "schema:Hotel",
    "schema:LodgingBusiness",
    "Accommodation",
    "Hotel",
    "HotelTrade",
    "PlaceOfInterest",
    "PointOfInterest"
  ],
  "rdfs:comment": {
    "de": [
      "Das Casa Orfea ist ein Familienbetrieb in Algajola, einem Fischerdorf in der Nähe von Calvi. Das Hotel im Vintage-Stil bietet eine warme Atmosphäre zwischen veraltetem Charme und Authentizität. Die Leitmotive sind Einfachheit, Gastfreundschaft und Gemütlichkeit."
    ],
    "en": [
      "We wish you a pleasant stay near Calvi in the charming village of Algajola. This small and charming family hotel promises you a beautiful holiday in Corsica."
    ],
    "it": [
      "Casa Orfea è un hotel di famiglia situato ad Algajola, un villaggio di pescatori vicino a Calvi. L'hotel, con il suo stile vintage, offre un'atmosfera calda, tra fascino antico e autenticità. Le parole d'ordine sono semplicità, ospitalità e convivialità."
    ],
    "fr": [
      "Casa Orfea est un établissement familial situé à Algajola, village de pêcheurs près de Calvi. L’hôtel, au style vintage, offre une atmosphère chaleureuse, entre charme désuet et authenticité. Les mots d’ordre sont simplicité, hospitalité et convivialité."
    ],
    "nl": [
      "Casa Orfea is een familiehotel in Algajola, een vissersdorp in de buurt van Calvi. Het hotel, met zijn vintage stijl, biedt een warme sfeer, tussen ouderwetse charme en authenticiteit. De sleutelwoorden zijn eenvoud, gastvrijheid en gezelligheid."
    ],
    "es": [
      "Casa Orfea es un hotel de gestión familiar situado en Algajola, un pueblo pesquero cerca de Calvi. El hotel, con su estilo vintage, ofrece un ambiente cálido, entre el encanto de lo antiguo y la autenticidad. Las consignas son la sencillez, la hospitalidad y la convivencia."
    ]
  },
  "rdfs:label": {
    "fr": [
      "Casa Orfea"
    ]
  },
  "hasBeenCreatedBy": {
    "@id": "https://data.datatourisme.fr/13/e4873aa9-a05c-35ed-8395-61d121516766",
    "dc:identifier": "1646",
    "schema:email": [
      "info@balagne-corsica.com"
    ],
    "schema:legalName": "Office de Tourisme Intercommunal Calvi - Balagne",
    "@type": [
      "schema:Organization",
      "foaf:Agent",
      "Agent"
    ],
    "foaf:homepage": [
      "https://www.balagne-corsica.com/"
    ]
  },
  "hasBeenPublishedBy": [
    {
      "@id": "https://data.datatourisme.fr/8a9feb4b-2cbd-3d2c-b507-bd6c6776b23b",
      "schema:legalName": "Apidae Tourisme Scic SA - source : Apidae Tourisme",
      "@type": [
        "schema:Organization",
        "foaf:Agent",
        "Agent"
      ],
      "foaf:homepage": [
        "https://www.apidae-tourisme.com/"
      ]
    }
  ],
  "hasContact": [
    {
      "@id": "https://data.datatourisme.fr/9cffec09-172e-3ffb-a286-886c9dc8c4c4",
      "schema:email": [
        "casa.orfea.algajola@gmail.com"
      ],
      "schema:telephone": [
        "+33 4 95 57 90 08"
      ],
      "@type": [
        "foaf:Agent",
        "Agent"
      ],
      "foaf:homepage": [
        "https://www.hotel-algajola-corsica.com/"
      ]
    }
  ],
  "hasDescription": [
    {
      "@id": "https://data.datatourisme.fr/dd08859c-7448-3449-a38d-985ce6d16d53",
      "@type": [
        "Description"
      ],
      "hasTranslatedProperty": [
        {
          "@id": "https://data.datatourisme.fr/5696f0c0-b076-3e65-aaa5-be914909f312",
          "dc:contributor": [
            "https://api.deepl.com/v2/translate"
          ],
          "rdf:language": [
            "es"
          ],
          "rdf:predicate": [
            "shortDescription"
          ]
        },
        {
          "@id": "https://data.datatourisme.fr/b8f41486-63ca-3750-b261-295d19256a5a",
          "dc:contributor": [
            "https://api.deepl.com/v2/translate"
          ],
          "rdf:language": [
            "nl"
          ],
          "rdf:predicate": [
            "shortDescription"
          ]
        },
        {
          "@id": "https://data.datatourisme.fr/c2118d8a-33b4-3e0e-9bce-e2d1c33e4374",
          "dc:contributor": [
            "https://api.deepl.com/v2/translate"
          ],
          "rdf:language": [
            "de"
          ],
          "rdf:predicate": [
            "shortDescription"
          ]
        }
      ],
      "shortDescription": {
        "de": [
          "Das Casa Orfea ist ein Familienbetrieb in Algajola, einem Fischerdorf in der Nähe von Calvi. Das Hotel im Vintage-Stil bietet eine warme Atmosphäre zwischen veraltetem Charme und Authentizität. Die Leitmotive sind Einfachheit, Gastfreundschaft und Gemütlichkeit."
        ],
        "en": [
          "We wish you a pleasant stay near Calvi in the charming village of Algajola. This small and charming family hotel promises you a beautiful holiday in Corsica."
        ],
        "it": [
          "Casa Orfea è un hotel di famiglia situato ad Algajola, un villaggio di pescatori vicino a Calvi. L'hotel, con il suo stile vintage, offre un'atmosfera calda, tra fascino antico e autenticità. Le parole d'ordine sono semplicità, ospitalità e convivialità."
        ],
        "fr": [
          "Casa Orfea est un établissement familial situé à Algajola, village de pêcheurs près de Calvi. L’hôtel, au style vintage, offre une atmosphère chaleureuse, entre charme désuet et authenticité. Les mots d’ordre sont simplicité, hospitalité et convivialité."
        ],
        "nl": [
          "Casa Orfea is een familiehotel in Algajola, een vissersdorp in de buurt van Calvi. Het hotel, met zijn vintage stijl, biedt een warme sfeer, tussen ouderwetse charme en authenticiteit. De sleutelwoorden zijn eenvoud, gastvrijheid en gezelligheid."
        ],
        "es": [
          "Casa Orfea es un hotel de gestión familiar situado en Algajola, un pueblo pesquero cerca de Calvi. El hotel, con su estilo vintage, ofrece un ambiente cálido, entre el encanto de lo antiguo y la autenticidad. Las consignas son la sencillez, la hospitalidad y la convivencia."
        ]
      }
    }
  ],
  "hasTranslatedProperty": [
    {
      "@id": "https://data.datatourisme.fr/4697292d-af6c-33eb-9e16-25671e818f66",
      "dc:contributor": [
        "https://api.deepl.com/v2/translate"
      ],
      "rdf:language": [
        "es"
      ],
      "rdf:predicate": [
        {
          "@id": "rdfs:comment"
        }
      ]
    },
    {
      "@id": "https://data.datatourisme.fr/98efb69b-bbdf-33db-91d5-62922eb560ab",
      "dc:contributor": [
        "https://api.deepl.com/v2/translate"
      ],
      "rdf:language": [
        "nl"
      ],
      "rdf:predicate": [
        {
          "@id": "rdfs:comment"
        }
      ]
    },
    {
      "@id": "https://data.datatourisme.fr/cbfed8f2-1794-3094-9221-59c5859d2e37",
      "dc:contributor": [
        "https://api.deepl.com/v2/translate"
      ],
      "rdf:language": [
        "de"
      ],
      "rdf:predicate": [
        {
          "@id": "rdfs:comment"
        }
      ]
    }
  ],
  "isLocatedAt": [
    {
      "@id": "https://data.datatourisme.fr/49fbfd09-8c4c-3941-86d0-e1789c00070b",
      "schema:address": [
        {
          "@id": "https://data.datatourisme.fr/ce44311c-591a-3f31-aadd-2328fd926215",
          "schema:addressLocality": "Algajola",
          "schema:postalCode": "20220",
          "schema:streetAddress": [
            "1 Rue A Marina"
          ],
          "@type": [
            "schema:PostalAddress",
            "PostalAddress"
          ],
          "hasAddressCity": {
            "@id": "kb:2B010",
            "@type": [
              "City"
            ],
            "rdfs:label": {
              "en": [
                "Algajola"
              ],
              "fr": [
                "Algajola"
              ]
            },
            "insee": "2B010",
            "isPartOfDepartment": {
              "@id": "kb:France942B",
              "@type": [
                "Department"
              ],
              "rdfs:label": {
                "en": [
                  "Haute-Corse"
                ],
                "fr": [
                  "Haute-Corse"
                ]
              },
              "insee": "2B",
              "isPartOfRegion": {
                "@id": "kb:France94",
                "@type": [
                  "Region"
                ],
                "rdfs:label": {
                  "en": [
                    "Corse"
                  ],
                  "fr": [
                    "Corse"
                  ]
                },
                "insee": "94",
                "isPartOfCountry": {
                  "@id": "kb:France",
                  "@type": [
                    "schema:Country"
                  ],
                  "rdfs:label": {
                    "de": [
                      "Frankreich"
                    ],
                    "pt": [
                      "França"
                    ],
                    "en": [
                      "France"
                    ],
                    "it": [
                      "Francia"
                    ],
                    "fr": [
                      "France"
                    ],
                    "nl": [
                      "Frankrijk"
                    ],
                    "es": [
                      "Francia"
                    ]
                  }
                }
              }
            }
          }
        }
      ],
      "schema:geo": {
        "@id": "https://data.datatourisme.fr/8d262b41-ed5f-39e5-99b4-24b116cde886",
        "schema:latitude": "42.608",
        "schema:longitude": "8.8637",
        "@type": [
          "schema:GeoCoordinates"
        ]
      },
      "schema:openingHoursSpecification": [
        {
          "@id": "https://data.datatourisme.fr/f35774c9-6e43-3509-825e-ed6b4ccab3bb",
          "schema:validFrom": "2023-01-01T00:00:00",
          "schema:validThrough": "2023-12-31T23:59:59",
          "@type": [
            "schema:OpeningHoursSpecification"
          ],
          "additionalInformation": {
            "de": [
              "Geplante Eröffnung am 1. Juni 2022"
            ],
            "en": [
              "Scheduled to open on June 1, 2022"
            ],
            "it": [
              "Apertura prevista per il 1° giugno 2022"
            ],
            "fr": [
              "Ouverture prévue le 1er juin 2022"
            ],
            "nl": [
              "Opening gepland op 1 juni 2022"
            ],
            "es": [
              "Apertura prevista para el 1 de junio de 2022"
            ]
          },
          "hasTranslatedProperty": [
            {
              "@id": "https://data.datatourisme.fr/201405c5-01b4-31b2-8de8-940829d2549d",
              "dc:contributor": [
                "https://api.deepl.com/v2/translate"
              ],
              "rdf:language": [
                "it"
              ],
              "rdf:predicate": [
                "additionalInformation"
              ]
            },
            {
              "@id": "https://data.datatourisme.fr/9873fd93-86cf-3976-bc7f-c09589352926",
              "dc:contributor": [
                "https://api.deepl.com/v2/translate"
              ],
              "rdf:language": [
                "en"
              ],
              "rdf:predicate": [
                "additionalInformation"
              ]
            },
            {
              "@id": "https://data.datatourisme.fr/b94a84ec-a62c-302c-8ff2-fca0042b4858",
              "dc:contributor": [
                "https://api.deepl.com/v2/translate"
              ],
              "rdf:language": [
                "de"
              ],
              "rdf:predicate": [
                "additionalInformation"
              ]
            },
            {
              "@id": "https://data.datatourisme.fr/d4b50893-45bb-3a5f-97d7-fc4291178429",
              "dc:contributor": [
                "https://api.deepl.com/v2/translate"
              ],
              "rdf:language": [
                "nl"
              ],
              "rdf:predicate": [
                "additionalInformation"
              ]
            },
            {
              "@id": "https://data.datatourisme.fr/dfb2b27c-5609-3862-88ce-eb60b81d3fc0",
              "dc:contributor": [
                "https://api.deepl.com/v2/translate"
              ],
              "rdf:language": [
                "es"
              ],
              "rdf:predicate": [
                "additionalInformation"
              ]
            }
          ]
        }
      ],
      "@type": [
        "schema:Place",
        "Place"
      ]
    }
  ],
  "isOwnedBy": [
    {
      "@id": "https://data.datatourisme.fr/194c52e6-bbae-33dc-8464-caca97844fbb",
      "schema:email": [
        "info@balagne-corsica.com"
      ],
      "schema:legalName": "Office de Tourisme Intercommunal Calvi - Balagne",
      "@type": [
        "schema:Organization",
        "foaf:Agent",
        "Agent"
      ],
      "foaf:homepage": [
        "https://www.balagne-corsica.com/"
      ]
    }
  ],
  "lastUpdate": "2023-01-24",
  "lastUpdateDatatourisme": "2023-04-04T05:52:39.373Z",
  "offers": [
    {
      "@id": "https://data.datatourisme.fr/f7786413-3ccf-322f-b24f-615442d356f7",
      "schema:priceSpecification": [
        {
          "@id": "https://data.datatourisme.fr/04124d96-8797-3b49-b10c-236767372c13",
          "schema:maxPrice": [
            "0.99",
            "125",
            "145",
            "165"
          ],
          "schema:minPrice": [
            "0.99",
            "50",
            "70",
            "8.5",
            "80"
          ],
          "schema:priceCurrency": "EUR",
          "@type": [
            "schema:PriceSpecification",
            "PriceSpecification"
          ],
          "appliesOnPeriod": [
            {
              "@id": "https://data.datatourisme.fr/a425afdf-3594-300b-b55e-1858bafa3fd4",
              "@type": [
                "Period"
              ],
              "endDate": "2023-12-31",
              "startDate": "2023-01-01"
            }
          ]
        }
      ],
      "@type": [
        "schema:Offer",
        "Offer"
      ]
    }
  ]
}