{
  "@id": "https://data.datatourisme.fr/13/059f8a2a-bf11-3e66-8eac-9b6c8d42682c",
  "dc:identifier": "5851915",
  "@type": [
    "schema:LocalBusiness",
    "PlaceOfInterest",
    "PointOfInterest",
    "ServiceProvider",
    "SportsAndLeisurePlace",
    "Store",
    "TouristBus",
    "Transporter"
  ],
  "rdfs:comment": {
    "de": [
      "Von Calvi aus laden die Mariani-Busse Sie dazu ein, die 5 Wunder Korsikas, die alten Dörfer der Balagne, das Cap Corse und Bastia sowie die Stadt Corte zu entdecken."
    ],
    "en": [
      "From Calvi, Mariani coaches invite you on a discovery of the 5 wonders of Corsica, the villages of Balagne, Cap Corse and Bastia, not forgetting the town of Corte."
    ],
    "it": [
      "Da Calvi, i pullman Mariani vi invitano a scoprire le 5 meraviglie della Corsica, gli antichi villaggi di Balagne, Cap Corse e Bastia e la città di Corte."
    ],
    "fr": [
      "Au départ de Calvi, les autocars Mariani vous invitent à découvrir les 5 merveilles de Corse, les vieux villages de Balagne, le Cap Corse et Bastia ainsi que la ville de Corte."
    ],
    "nl": [
      "Vanuit Calvi nodigen de bussen van Mariani u uit om de 5 wonderen van Corsica te ontdekken, de oude dorpen Balagne, Cap Corse en Bastia en de stad Corte."
    ],
    "es": [
      "Desde Calvi, los autocares Mariani le invitan a descubrir las 5 maravillas de Córcega, los antiguos pueblos de Balagne, Cap Corse y Bastia, así como la ciudad de Corte."
    ]
  },
  "rdfs:label": {
    "en": [
      "Mariani Bus tours from Calvi"
    ],
    "it": [
      "Mariani Escursioni in autobus da Calvi"
    ],
    "fr": [
      "Mariani Excursions en Bus au départ de Calvi"
    ]
  },
  "hasBeenCreatedBy": {
    "@id": "https://data.datatourisme.fr/13/e4873aa9-a05c-35ed-8395-61d121516766",
    "dc:identifier": "1646",
    "schema:email": [
      "info@balagne-corsica.com"
    ],
    "schema:legalName": "Office de Tourisme Intercommunal Calvi - Balagne",
    "@type": [
      "schema:Organization",
      "foaf:Agent",
      "Agent"
    ],
    "foaf:homepage": [
      "https://www.balagne-corsica.com/"
    ]
  },
  "hasBeenPublishedBy": [
    {
      "@id": "https://data.datatourisme.fr/8a9feb4b-2cbd-3d2c-b507-bd6c6776b23b",
      "schema:legalName": "Apidae Tourisme Scic SA - source : Apidae Tourisme",
      "@type": [
        "schema:Organization",
        "foaf:Agent",
        "Agent"
      ],
      "foaf:homepage": [
        "https://www.apidae-tourisme.com/"
      ]
    }
  ],
  "hasContact": [
    {
      "@id": "https://data.datatourisme.fr/cddb8c11-0513-3743-8e2d-9e5d60bf0b4d",
      "schema:email": [
        "garage@autocarsmariani.com"
      ],
      "schema:telephone": [
        "+33 4 95 65 00 47",
        "+33 4 95 65 04 72"
      ],
      "@type": [
        "foaf:Agent",
        "Agent"
      ],
      "foaf:homepage": [
        "https://www.autocarsmariani.com/"
      ]
    }
  ],
  "hasDescription": [
    {
      "@id": "https://data.datatourisme.fr/562ddc17-f0d9-31be-a699-a22bc7668291",
      "@type": [
        "Description"
      ],
      "hasTranslatedProperty": [
        {
          "@id": "https://data.datatourisme.fr/1f5244ac-8983-36b6-ab28-2331e398cf9c",
          "dc:contributor": [
            "https://api.deepl.com/v2/translate"
          ],
          "rdf:language": [
            "de"
          ],
          "rdf:predicate": [
            "shortDescription"
          ]
        },
        {
          "@id": "https://data.datatourisme.fr/339e0fbe-cba0-34b6-b8c4-4d209d039753",
          "dc:contributor": [
            "https://api.deepl.com/v2/translate"
          ],
          "rdf:language": [
            "es"
          ],
          "rdf:predicate": [
            "shortDescription"
          ]
        },
        {
          "@id": "https://data.datatourisme.fr/afad7ee7-c0f0-3e5f-adf2-1d346689bb56",
          "dc:contributor": [
            "https://api.deepl.com/v2/translate"
          ],
          "rdf:language": [
            "nl"
          ],
          "rdf:predicate": [
            "shortDescription"
          ]
        }
      ],
      "shortDescription": {
        "de": [
          "Von Calvi aus laden die Mariani-Busse Sie dazu ein, die 5 Wunder Korsikas, die alten Dörfer der Balagne, das Cap Corse und Bastia sowie die Stadt Corte zu entdecken."
        ],
        "en": [
          "From Calvi, Mariani coaches invite you on a discovery of the 5 wonders of Corsica, the villages of Balagne, Cap Corse and Bastia, not forgetting the town of Corte."
        ],
        "it": [
          "Da Calvi, i pullman Mariani vi invitano a scoprire le 5 meraviglie della Corsica, gli antichi villaggi di Balagne, Cap Corse e Bastia e la città di Corte."
        ],
        "fr": [
          "Au départ de Calvi, les autocars Mariani vous invitent à découvrir les 5 merveilles de Corse, les vieux villages de Balagne, le Cap Corse et Bastia ainsi que la ville de Corte."
        ],
        "nl": [
          "Vanuit Calvi nodigen de bussen van Mariani u uit om de 5 wonderen van Corsica te ontdekken, de oude dorpen Balagne, Cap Corse en Bastia en de stad Corte."
        ],
        "es": [
          "Desde Calvi, los autocares Mariani le invitan a descubrir las 5 maravillas de Córcega, los antiguos pueblos de Balagne, Cap Corse y Bastia, así como la ciudad de Corte."
        ]
      }
    }
  ],
  "hasTranslatedProperty": [
    {
      "@id": "https://data.datatourisme.fr/76eeb9cb-419c-3431-b65d-fd969c8d6283",
      "dc:contributor": [
        "https://api.deepl.com/v2/translate"
      ],
      "rdf:language": [
        "es"
      ],
      "rdf:predicate": [
        {
          "@id": "rdfs:comment"
        }
      ]
    },
    {
      "@id": "https://data.datatourisme.fr/a93da518-30f0-347f-8f7a-8e4fe1a13add",
      "dc:contributor": [
        "https://api.deepl.com/v2/translate"
      ],
      "rdf:language": [
        "nl"
      ],
      "rdf:predicate": [
        {
          "@id": "rdfs:comment"
        }
      ]
    },
    {
      "@id": "https://data.datatourisme.fr/d4f4eb09-83b4-35b7-a687-4d0eebe85750",
      "dc:contributor": [
        "https://api.deepl.com/v2/translate"
      ],
      "rdf:language": [
        "de"
      ],
      "rdf:predicate": [
        {
          "@id": "rdfs:comment"
        }
      ]
    }
  ],
  "isLocatedAt": [
    {
      "@id": "https://data.datatourisme.fr/0e2baee5-370f-3de0-857c-3ec0fe9fbced",
      "schema:address": [
        {
          "@id": "https://data.datatourisme.fr/142793ea-4f43-366b-8435-d2b6b84932a9",
          "schema:addressLocality": "Calvi",
          "schema:postalCode": "20260",
          "schema:streetAddress": [
            "Lieu-dit Val al Legno",
            "RT 30"
          ],
          "@type": [
            "schema:PostalAddress",
            "PostalAddress"
          ],
          "hasAddressCity": {
            "@id": "kb:2B050",
            "@type": [
              "City"
            ],
            "rdfs:label": {
              "en": [
                "Calvi"
              ],
              "fr": [
                "Calvi"
              ]
            },
            "insee": "2B050",
            "isPartOfDepartment": {
              "@id": "kb:France942B",
              "@type": [
                "Department"
              ],
              "rdfs:label": {
                "en": [
                  "Haute-Corse"
                ],
                "fr": [
                  "Haute-Corse"
                ]
              },
              "insee": "2B",
              "isPartOfRegion": {
                "@id": "kb:France94",
                "@type": [
                  "Region"
                ],
                "rdfs:label": {
                  "en": [
                    "Corse"
                  ],
                  "fr": [
                    "Corse"
                  ]
                },
                "insee": "94",
                "isPartOfCountry": {
                  "@id": "kb:France",
                  "@type": [
                    "schema:Country"
                  ],
                  "rdfs:label": {
                    "de": [
                      "Frankreich"
                    ],
                    "pt": [
                      "França"
                    ],
                    "en": [
                      "France"
                    ],
                    "it": [
                      "Francia"
                    ],
                    "fr": [
                      "France"
                    ],
                    "nl": [
                      "Frankrijk"
                    ],
                    "es": [
                      "Francia"
                    ]
                  }
                }
              }
            }
          }
        }
      ],
      "schema:geo": {
        "@id": "https://data.datatourisme.fr/3af93ce8-a220-3464-8efe-a2f73f8fc938",
        "schema:latitude": "42.568",
        "schema:longitude": "8.7586",
        "@type": [
          "schema:GeoCoordinates"
        ]
      },
      "schema:openingHoursSpecification": [
        {
          "@id": "https://data.datatourisme.fr/f87e535a-636d-3343-ad63-8a03392e7511",
          "schema:validFrom": "2023-01-01T00:00:00",
          "schema:validThrough": "2023-12-31T23:59:59",
          "@type": [
            "schema:OpeningHoursSpecification"
          ]
        }
      ],
      "@type": [
        "schema:Place",
        "Place"
      ]
    }
  ],
  "isOwnedBy": [
    {
      "@id": "https://data.datatourisme.fr/194c52e6-bbae-33dc-8464-caca97844fbb",
      "schema:email": [
        "info@balagne-corsica.com"
      ],
      "schema:legalName": "Office de Tourisme Intercommunal Calvi - Balagne",
      "@type": [
        "schema:Organization",
        "foaf:Agent",
        "Agent"
      ],
      "foaf:homepage": [
        "https://www.balagne-corsica.com/"
      ]
    }
  ],
  "lastUpdate": "2022-08-12",
  "lastUpdateDatatourisme": "2023-02-01T18:07:36.126Z"
}