{
  "@id": "https://data.datatourisme.fr/13/222b7ed4-78dd-39db-a294-697b2f222d52",
  "dc:identifier": "5324828",
  "@type": [
    "schema:Landform",
    "Beach",
    "NaturalHeritage",
    "PlaceOfInterest",
    "PointOfInterest",
    "SportsAndLeisurePlace"
  ],
  "rdfs:comment": {
    "de": [
      "Der Strand von Ostriconi liegt etwa 15 km von L'Ile-Rousse in Richtung Bastia entfernt. Er ist einer der schönsten Strände Korsikas und liegt am Rande der berühmten Agriate-Wüste, die für ihre paradiesische Küste bekannt ist."
    ],
    "en": [
      "Ostriconi beach is located about 15 km from L'Ile-Rousse on the road to Bastia. It is one of Corsica's most beautiful beaches, at the edge of the Agriate desert which is famous for its heavenly coastline."
    ],
    "it": [
      "La spiaggia di Ostriconi si trova a circa 15 km da Ile-Rousse in direzione di Bastia. È una delle più belle spiagge della Corsica, alle porte del famoso deserto di Agriate, noto per le sue coste paradisiache."
    ],
    "fr": [
      "La plage de l’Ostriconi se situe à environ 15 km de L’Ile-Rousse en direction de Bastia. Elle est une des plus belles plages de Corse, aux portes du célèbre désert des Agriate, connu pour son littoral paradisiaque."
    ],
    "es": [
      "La playa de Ostriconi se encuentra a unos 15 km de L'Ile-Rousse en dirección a Bastia. Es una de las playas más bellas de Córcega, a las puertas del famoso desierto de Agriate, conocido por su paradisíaca costa."
    ],
    "nl": [
      "Het strand van Ostriconi ligt op ongeveer 15 km van Ile-Rousse in de richting van Bastia. Het is een van de mooiste stranden van Corsica, aan de poort van de beroemde Agriate woestijn, bekend om zijn paradijselijke kustlijn."
    ]
  },
  "rdfs:label": {
    "en": [
      "Beach of Ostriconi"
    ],
    "it": [
      "Spiaggia di Ostriconi"
    ],
    "fr": [
      "Plage d'Ostriconi"
    ]
  },
  "owl:sameAs": [
    "http://www.wikidata.org/entity/Q49322562"
  ],
  "hasBeenCreatedBy": {
    "@id": "https://data.datatourisme.fr/13/8d420fa3-5754-31f1-8199-69c88780314d",
    "dc:identifier": "1647",
    "schema:email": [
      "web@ileroussetourisme.com"
    ],
    "schema:legalName": "Office de Tourisme Intercommunal de L'Ile Rousse-Balagne",
    "@type": [
      "schema:Organization",
      "foaf:Agent",
      "Agent"
    ],
    "foaf:homepage": [
      "https://www.balagne-corsica.com/"
    ]
  },
  "hasBeenPublishedBy": [
    {
      "@id": "https://data.datatourisme.fr/8a9feb4b-2cbd-3d2c-b507-bd6c6776b23b",
      "schema:legalName": "Apidae Tourisme Scic SA - source : Apidae Tourisme",
      "@type": [
        "schema:Organization",
        "foaf:Agent",
        "Agent"
      ],
      "foaf:homepage": [
        "https://www.apidae-tourisme.com/"
      ]
    }
  ],
  "hasDescription": [
    {
      "@id": "https://data.datatourisme.fr/11500867-893b-3683-8f26-e754848044c3",
      "@type": [
        "Description"
      ],
      "hasTranslatedProperty": [
        {
          "@id": "https://data.datatourisme.fr/1c0a3ea4-c300-3bd0-96bc-63b9981be9aa",
          "dc:contributor": [
            "https://api.deepl.com/v2/translate"
          ],
          "rdf:language": [
            "es"
          ],
          "rdf:predicate": [
            "shortDescription"
          ]
        },
        {
          "@id": "https://data.datatourisme.fr/32dd046a-3c0b-3eae-bff4-3734828710aa",
          "dc:contributor": [
            "https://api.deepl.com/v2/translate"
          ],
          "rdf:language": [
            "nl"
          ],
          "rdf:predicate": [
            "shortDescription"
          ]
        },
        {
          "@id": "https://data.datatourisme.fr/c5571097-50ab-37f5-be4a-1f3f6b7fd798",
          "dc:contributor": [
            "https://api.deepl.com/v2/translate"
          ],
          "rdf:language": [
            "de"
          ],
          "rdf:predicate": [
            "shortDescription"
          ]
        }
      ],
      "shortDescription": {
        "de": [
          "Der Strand von Ostriconi liegt etwa 15 km von L'Ile-Rousse in Richtung Bastia entfernt. Er ist einer der schönsten Strände Korsikas und liegt am Rande der berühmten Agriate-Wüste, die für ihre paradiesische Küste bekannt ist."
        ],
        "en": [
          "Ostriconi beach is located about 15 km from L'Ile-Rousse on the road to Bastia. It is one of Corsica's most beautiful beaches, at the edge of the Agriate desert which is famous for its heavenly coastline."
        ],
        "it": [
          "La spiaggia di Ostriconi si trova a circa 15 km da Ile-Rousse in direzione di Bastia. È una delle più belle spiagge della Corsica, alle porte del famoso deserto di Agriate, noto per le sue coste paradisiache."
        ],
        "fr": [
          "La plage de l’Ostriconi se situe à environ 15 km de L’Ile-Rousse en direction de Bastia. Elle est une des plus belles plages de Corse, aux portes du célèbre désert des Agriate, connu pour son littoral paradisiaque."
        ],
        "es": [
          "La playa de Ostriconi se encuentra a unos 15 km de L'Ile-Rousse en dirección a Bastia. Es una de las playas más bellas de Córcega, a las puertas del famoso desierto de Agriate, conocido por su paradisíaca costa."
        ],
        "nl": [
          "Het strand van Ostriconi ligt op ongeveer 15 km van Ile-Rousse in de richting van Bastia. Het is een van de mooiste stranden van Corsica, aan de poort van de beroemde Agriate woestijn, bekend om zijn paradijselijke kustlijn."
        ]
      }
    }
  ],
  "hasTheme": [
    {
      "@id": "kb:Bathing",
      "@type": [
        "AccommodationAmenity",
        "SportsTheme"
      ],
      "rdfs:label": {
        "de": [
          "Baden"
        ],
        "pt": [
          "Banho"
        ],
        "en": [
          "Bathing"
        ],
        "it": [
          "Bagno"
        ],
        "fr": [
          "Baignade"
        ],
        "nl": [
          "Zwemmen"
        ],
        "es": [
          "Baño"
        ]
      }
    }
  ],
  "hasTranslatedProperty": [
    {
      "@id": "https://data.datatourisme.fr/1432aa0a-8b29-3ec2-89e8-77a6521f1bcf",
      "dc:contributor": [
        "https://api.deepl.com/v2/translate"
      ],
      "rdf:language": [
        "es"
      ],
      "rdf:predicate": [
        {
          "@id": "rdfs:comment"
        }
      ]
    },
    {
      "@id": "https://data.datatourisme.fr/20a67f57-623e-33e4-b6bd-95f01cf7acc3",
      "dc:contributor": [
        "https://api.deepl.com/v2/translate"
      ],
      "rdf:language": [
        "de"
      ],
      "rdf:predicate": [
        {
          "@id": "rdfs:comment"
        }
      ]
    },
    {
      "@id": "https://data.datatourisme.fr/34c6816d-d964-3ca5-bb41-fd627d864f23",
      "dc:contributor": [
        "https://api.deepl.com/v2/translate"
      ],
      "rdf:language": [
        "nl"
      ],
      "rdf:predicate": [
        {
          "@id": "rdfs:comment"
        }
      ]
    }
  ],
  "isLocatedAt": [
    {
      "@id": "https://data.datatourisme.fr/dd9da8e7-19f8-3812-9b8b-8d4de224ff26",
      "schema:address": [
        {
          "@id": "https://data.datatourisme.fr/6ee86b10-93ee-34f2-821d-390e4820f6a2",
          "schema:addressLocality": "Palasca",
          "schema:postalCode": "20226",
          "schema:streetAddress": [
            "Ostriconi"
          ],
          "@type": [
            "schema:PostalAddress",
            "PostalAddress"
          ],
          "hasAddressCity": {
            "@id": "kb:2B199",
            "@type": [
              "City"
            ],
            "rdfs:label": {
              "en": [
                "Palasca"
              ],
              "fr": [
                "Palasca"
              ]
            },
            "insee": "2B199",
            "isPartOfDepartment": {
              "@id": "kb:France942B",
              "@type": [
                "Department"
              ],
              "rdfs:label": {
                "en": [
                  "Haute-Corse"
                ],
                "fr": [
                  "Haute-Corse"
                ]
              },
              "insee": "2B",
              "isPartOfRegion": {
                "@id": "kb:France94",
                "@type": [
                  "Region"
                ],
                "rdfs:label": {
                  "en": [
                    "Corse"
                  ],
                  "fr": [
                    "Corse"
                  ]
                },
                "insee": "94",
                "isPartOfCountry": {
                  "@id": "kb:France",
                  "@type": [
                    "schema:Country"
                  ],
                  "rdfs:label": {
                    "de": [
                      "Frankreich"
                    ],
                    "pt": [
                      "França"
                    ],
                    "en": [
                      "France"
                    ],
                    "it": [
                      "Francia"
                    ],
                    "fr": [
                      "France"
                    ],
                    "nl": [
                      "Frankrijk"
                    ],
                    "es": [
                      "Francia"
                    ]
                  }
                }
              }
            }
          }
        }
      ],
      "schema:geo": {
        "@id": "https://data.datatourisme.fr/a5e90cf2-6787-3a94-8c01-043e542a12e3",
        "schema:latitude": "42.66",
        "schema:longitude": "9.0584",
        "@type": [
          "schema:GeoCoordinates"
        ]
      },
      "schema:openingHoursSpecification": [
        {
          "@id": "https://data.datatourisme.fr/fb593b05-9d0d-39e0-bbd6-b198029b20b1",
          "schema:validFrom": "2023-01-01T00:00:00",
          "schema:validThrough": "2023-12-31T23:59:59",
          "@type": [
            "schema:OpeningHoursSpecification"
          ],
          "additionalInformation": {
            "de": [
              "Überwachung nur im Sommer"
            ],
            "en": [
              "Monitoring only in summer"
            ],
            "it": [
              "Monitoraggio solo in estate"
            ],
            "fr": [
              "Surveillance uniquement en été"
            ],
            "nl": [
              "Toezicht alleen in de zomer"
            ],
            "es": [
              "Seguimiento sólo en verano"
            ]
          },
          "hasTranslatedProperty": [
            {
              "@id": "https://data.datatourisme.fr/3bdaf030-78c3-380e-9472-ebdf1ed7a1e7",
              "dc:contributor": [
                "https://api.deepl.com/v2/translate"
              ],
              "rdf:language": [
                "es"
              ],
              "rdf:predicate": [
                "additionalInformation"
              ]
            },
            {
              "@id": "https://data.datatourisme.fr/510b66c8-122f-3182-8312-0639861fd004",
              "dc:contributor": [
                "https://api.deepl.com/v2/translate"
              ],
              "rdf:language": [
                "de"
              ],
              "rdf:predicate": [
                "additionalInformation"
              ]
            },
            {
              "@id": "https://data.datatourisme.fr/59e8446e-24d3-3ccf-a353-6b77621b59d5",
              "dc:contributor": [
                "https://api.deepl.com/v2/translate"
              ],
              "rdf:language": [
                "nl"
              ],
              "rdf:predicate": [
                "additionalInformation"
              ]
            },
            {
              "@id": "https://data.datatourisme.fr/76d564fe-5316-3452-8cea-8c088b0d39f7",
              "dc:contributor": [
                "https://api.deepl.com/v2/translate"
              ],
              "rdf:language": [
                "en"
              ],
              "rdf:predicate": [
                "additionalInformation"
              ]
            },
            {
              "@id": "https://data.datatourisme.fr/f32594a5-555c-33af-bec6-a64ba8bb64bd",
              "dc:contributor": [
                "https://api.deepl.com/v2/translate"
              ],
              "rdf:language": [
                "it"
              ],
              "rdf:predicate": [
                "additionalInformation"
              ]
            }
          ]
        }
      ],
      "@type": [
        "schema:Place",
        "Place"
      ]
    }
  ],
  "isOwnedBy": [
    {
      "@id": "https://data.datatourisme.fr/252af22a-253d-33df-b9d7-204832749402",
      "schema:email": [
        "web@ileroussetourisme.com"
      ],
      "schema:legalName": "Office de Tourisme Intercommunal de L'Ile Rousse-Balagne",
      "@type": [
        "schema:Organization",
        "foaf:Agent",
        "Agent"
      ],
      "foaf:homepage": [
        "https://www.balagne-corsica.com/"
      ]
    }
  ],
  "lastUpdate": "2022-09-28",
  "lastUpdateDatatourisme": "2023-02-11T06:38:49.145Z"
}