{
  "@id": "https://data.datatourisme.fr/13/23d4242f-2836-3a9d-8bc7-dc8660754a82",
  "dc:identifier": "5004943",
  "@type": [
    "PlaceOfInterest",
    "PointOfInterest",
    "SportsAndLeisurePlace"
  ],
  "rdfs:comment": {
    "de": [
      "Oberhalb von L'Ile-Rousse in Monticello gelegen, empfängt Sie die Tribu de Philia im Centre équestre Saint François zur Entdeckung der freien Pferde des Reginu und des natürlichen Reitens, um die Balagne bei Aktivitäten oder Ausflügen zu entdecken."
    ],
    "en": [
      "Located above L'Ile-Rousse, in Monticello, the Tribe of Philia at the Saint François Equestrian Centre welcomes you to discover the free horses of Reginu and natural horse riding to discover the Balagne region during activities or hikes."
    ],
    "it": [
      "Situata sopra L'Ile-Rousse, a Monticello, la Tribù di Philia del Centro Equestre Saint François vi accoglie per scoprire i cavalli liberi di Reginu e l'equitazione naturale per scoprire la regione della Balagne durante le attività o le escursioni."
    ],
    "fr": [
      "Situé au-dessus de L'Ile-Rousse, à Monticello, la Tribu de Philia au Centre équestre Saint François vous accueille pour la découverte des chevaux libres du Reginu et de l'équitation au naturel pour découvrir la Balagne lors d'activités ou de randonnées."
    ],
    "es": [
      "Situado por encima de L'Ile-Rousse, en Monticello, la Tribu de Philia en el Centro Ecuestre Saint François le da la bienvenida para descubrir los caballos libres de Reginu y la equitación natural para descubrir la región de Balagne durante las actividades o caminatas."
    ],
    "nl": [
      "Gelegen boven L'Ile-Rousse, in Monticello, heet de Stam van Philia van het ruitersportcentrum Saint François u welkom om de vrije paarden van Reginu en het natuurlijke paardrijden te ontdekken om de streek van Balagne te ontdekken tijdens activiteiten of wandelingen."
    ]
  },
  "rdfs:label": {
    "en": [
      "The Philia Tribe"
    ],
    "it": [
      "La tribù Philia"
    ],
    "fr": [
      "La Tribu de Philia"
    ]
  },
  "hasBeenCreatedBy": {
    "@id": "https://data.datatourisme.fr/13/8d420fa3-5754-31f1-8199-69c88780314d",
    "dc:identifier": "1647",
    "schema:email": [
      "web@ileroussetourisme.com"
    ],
    "schema:legalName": "Office de Tourisme Intercommunal de L'Ile Rousse-Balagne",
    "@type": [
      "schema:Organization",
      "foaf:Agent",
      "Agent"
    ],
    "foaf:homepage": [
      "https://www.balagne-corsica.com/"
    ]
  },
  "hasBeenPublishedBy": [
    {
      "@id": "https://data.datatourisme.fr/8a9feb4b-2cbd-3d2c-b507-bd6c6776b23b",
      "schema:legalName": "Apidae Tourisme Scic SA - source : Apidae Tourisme",
      "@type": [
        "schema:Organization",
        "foaf:Agent",
        "Agent"
      ],
      "foaf:homepage": [
        "https://www.apidae-tourisme.com/"
      ]
    }
  ],
  "hasContact": [
    {
      "@id": "https://data.datatourisme.fr/df47ca87-2b16-30aa-b513-a2eb9e813ffc",
      "schema:email": [
        "cecile.corse@orange.fr"
      ],
      "schema:telephone": [
        "+33 6 19 69 85 62"
      ],
      "@type": [
        "foaf:Agent",
        "Agent"
      ]
    }
  ],
  "hasDescription": [
    {
      "@id": "https://data.datatourisme.fr/5938521a-dcf7-3984-954c-1647f2aa4aa0",
      "@type": [
        "Description"
      ],
      "hasTranslatedProperty": [
        {
          "@id": "https://data.datatourisme.fr/27be5b83-535a-3da6-88f8-9553c46aa222",
          "dc:contributor": [
            "https://api.deepl.com/v2/translate"
          ],
          "rdf:language": [
            "de"
          ],
          "rdf:predicate": [
            "shortDescription"
          ]
        },
        {
          "@id": "https://data.datatourisme.fr/6dd893be-c225-33d2-9cf8-0cd6886f43a6",
          "dc:contributor": [
            "https://api.deepl.com/v2/translate"
          ],
          "rdf:language": [
            "nl"
          ],
          "rdf:predicate": [
            "shortDescription"
          ]
        },
        {
          "@id": "https://data.datatourisme.fr/e40c4262-dc47-36d0-be14-24ee65ff9506",
          "dc:contributor": [
            "https://api.deepl.com/v2/translate"
          ],
          "rdf:language": [
            "es"
          ],
          "rdf:predicate": [
            "shortDescription"
          ]
        }
      ],
      "shortDescription": {
        "de": [
          "Oberhalb von L'Ile-Rousse in Monticello gelegen, empfängt Sie die Tribu de Philia im Centre équestre Saint François zur Entdeckung der freien Pferde des Reginu und des natürlichen Reitens, um die Balagne bei Aktivitäten oder Ausflügen zu entdecken."
        ],
        "en": [
          "Located above L'Ile-Rousse, in Monticello, the Tribe of Philia at the Saint François Equestrian Centre welcomes you to discover the free horses of Reginu and natural horse riding to discover the Balagne region during activities or hikes."
        ],
        "it": [
          "Situata sopra L'Ile-Rousse, a Monticello, la Tribù di Philia del Centro Equestre Saint François vi accoglie per scoprire i cavalli liberi di Reginu e l'equitazione naturale per scoprire la regione della Balagne durante le attività o le escursioni."
        ],
        "fr": [
          "Situé au-dessus de L'Ile-Rousse, à Monticello, la Tribu de Philia au Centre équestre Saint François vous accueille pour la découverte des chevaux libres du Reginu et de l'équitation au naturel pour découvrir la Balagne lors d'activités ou de randonnées."
        ],
        "es": [
          "Situado por encima de L'Ile-Rousse, en Monticello, la Tribu de Philia en el Centro Ecuestre Saint François le da la bienvenida para descubrir los caballos libres de Reginu y la equitación natural para descubrir la región de Balagne durante las actividades o caminatas."
        ],
        "nl": [
          "Gelegen boven L'Ile-Rousse, in Monticello, heet de Stam van Philia van het ruitersportcentrum Saint François u welkom om de vrije paarden van Reginu en het natuurlijke paardrijden te ontdekken om de streek van Balagne te ontdekken tijdens activiteiten of wandelingen."
        ]
      }
    }
  ],
  "hasTheme": [
    {
      "@id": "kb:PonyRide",
      "@type": [
        "SportsTheme"
      ],
      "rdfs:label": {
        "de": [
          "Ponyreiten"
        ],
        "pt": [
          "Passeio de pónei"
        ],
        "en": [
          "Pony ride"
        ],
        "it": [
          "Giro in pony"
        ],
        "fr": [
          "Balade à poney"
        ],
        "nl": [
          "Ponyrit"
        ],
        "es": [
          "Paseo en poni"
        ]
      }
    },
    {
      "@id": "kb:Riding",
      "@type": [
        "SportsTheme"
      ],
      "rdfs:label": {
        "de": [
          "Reiten"
        ],
        "pt": [
          "Equitação"
        ],
        "en": [
          "Riding"
        ],
        "it": [
          "Equitazione"
        ],
        "fr": [
          "Equitation"
        ],
        "nl": [
          "Paardrijden"
        ],
        "es": [
          "Equitación"
        ]
      }
    }
  ],
  "hasTranslatedProperty": [
    {
      "@id": "https://data.datatourisme.fr/b742ee31-5352-3564-baae-bb5ef8edc6ad",
      "dc:contributor": [
        "https://api.deepl.com/v2/translate"
      ],
      "rdf:language": [
        "nl"
      ],
      "rdf:predicate": [
        {
          "@id": "rdfs:comment"
        }
      ]
    },
    {
      "@id": "https://data.datatourisme.fr/befcf03c-6cd0-3fd0-891c-33e90fd6650a",
      "dc:contributor": [
        "https://api.deepl.com/v2/translate"
      ],
      "rdf:language": [
        "de"
      ],
      "rdf:predicate": [
        {
          "@id": "rdfs:comment"
        }
      ]
    },
    {
      "@id": "https://data.datatourisme.fr/dbb23133-2d59-346d-b711-1354396315e9",
      "dc:contributor": [
        "https://api.deepl.com/v2/translate"
      ],
      "rdf:language": [
        "es"
      ],
      "rdf:predicate": [
        {
          "@id": "rdfs:comment"
        }
      ]
    }
  ],
  "isLocatedAt": [
    {
      "@id": "https://data.datatourisme.fr/f4dfe4f0-7e28-35d5-ac9b-a8bcda5c5200",
      "schema:address": [
        {
          "@id": "https://data.datatourisme.fr/e2d3b882-52d4-3893-a443-108dd2c88414",
          "schema:addressLocality": "Monticello",
          "schema:postalCode": "20220",
          "schema:streetAddress": [
            "Complexe sportif St François",
            "Lieu-dit Saint François"
          ],
          "@type": [
            "schema:PostalAddress",
            "PostalAddress"
          ],
          "hasAddressCity": {
            "@id": "kb:2B168",
            "@type": [
              "City"
            ],
            "rdfs:label": {
              "en": [
                "Monticello"
              ],
              "fr": [
                "Monticello"
              ]
            },
            "insee": "2B168",
            "isPartOfDepartment": {
              "@id": "kb:France942B",
              "@type": [
                "Department"
              ],
              "rdfs:label": {
                "en": [
                  "Haute-Corse"
                ],
                "fr": [
                  "Haute-Corse"
                ]
              },
              "insee": "2B",
              "isPartOfRegion": {
                "@id": "kb:France94",
                "@type": [
                  "Region"
                ],
                "rdfs:label": {
                  "en": [
                    "Corse"
                  ],
                  "fr": [
                    "Corse"
                  ]
                },
                "insee": "94",
                "isPartOfCountry": {
                  "@id": "kb:France",
                  "@type": [
                    "schema:Country"
                  ],
                  "rdfs:label": {
                    "de": [
                      "Frankreich"
                    ],
                    "pt": [
                      "França"
                    ],
                    "en": [
                      "France"
                    ],
                    "it": [
                      "Francia"
                    ],
                    "fr": [
                      "France"
                    ],
                    "nl": [
                      "Frankrijk"
                    ],
                    "es": [
                      "Francia"
                    ]
                  }
                }
              }
            }
          }
        }
      ],
      "schema:geo": {
        "@id": "https://data.datatourisme.fr/f13304de-1184-38ae-b9c3-1e0aa1e2d07a",
        "schema:latitude": "42.612548",
        "schema:longitude": "8.961793",
        "@type": [
          "schema:GeoCoordinates"
        ]
      },
      "schema:openingHoursSpecification": [
        {
          "@id": "https://data.datatourisme.fr/1efd0dae-545f-3675-88e9-4084059f6461",
          "schema:validFrom": "2023-03-01T00:00:00",
          "schema:validThrough": "2023-11-30T23:59:59",
          "@type": [
            "schema:OpeningHoursSpecification"
          ],
          "additionalInformation": {
            "de": [
              "Im Sommer von 7:00 bis 12:00 Uhr und von 16:00 bis 21:00 Uhr.\r\nAlle Aktivitäten werden nach vorheriger telefonischer Anmeldung durchgeführt."
            ],
            "en": [
              "In summer from 7am to 12pm and from 4pm to 9pm.\r\nAll activities are subject to prior reservation by phone."
            ],
            "it": [
              "In estate dalle 7.00 alle 12.00 e dalle 16.00 alle 21.00.\r\nTutte le attività devono essere prenotate in anticipo per telefono."
            ],
            "fr": [
              "En été de 7h à 12h et de 16h à 21h.\r\nToutes les activités se font après une reservation au préalable par téléphone."
            ],
            "nl": [
              "In de zomer van 7 tot 12 uur en van 16 tot 21 uur.\r\nAlle activiteiten moeten vooraf telefonisch worden gereserveerd."
            ],
            "es": [
              "En verano, de 7 a 12 horas y de 16 a 21 horas.\r\nTodas las actividades deben reservarse con antelación por teléfono."
            ]
          },
          "hasTranslatedProperty": [
            {
              "@id": "https://data.datatourisme.fr/2cbd0ffa-8eb5-39ad-b58c-824352f98dc4",
              "dc:contributor": [
                "https://api.deepl.com/v2/translate"
              ],
              "rdf:language": [
                "nl"
              ],
              "rdf:predicate": [
                "additionalInformation"
              ]
            },
            {
              "@id": "https://data.datatourisme.fr/703d4e66-6379-3df1-acdb-8986a2cd3820",
              "dc:contributor": [
                "https://api.deepl.com/v2/translate"
              ],
              "rdf:language": [
                "it"
              ],
              "rdf:predicate": [
                "additionalInformation"
              ]
            },
            {
              "@id": "https://data.datatourisme.fr/8cabc36f-ff66-3be1-ae69-6c40dc92c405",
              "dc:contributor": [
                "https://api.deepl.com/v2/translate"
              ],
              "rdf:language": [
                "es"
              ],
              "rdf:predicate": [
                "additionalInformation"
              ]
            },
            {
              "@id": "https://data.datatourisme.fr/9dc287bb-b293-3ce7-a95f-8dc9d0513c41",
              "dc:contributor": [
                "https://api.deepl.com/v2/translate"
              ],
              "rdf:language": [
                "de"
              ],
              "rdf:predicate": [
                "additionalInformation"
              ]
            },
            {
              "@id": "https://data.datatourisme.fr/a0d82e99-d0b1-3862-bcc8-fa494265a3bc",
              "dc:contributor": [
                "https://api.deepl.com/v2/translate"
              ],
              "rdf:language": [
                "en"
              ],
              "rdf:predicate": [
                "additionalInformation"
              ]
            }
          ]
        }
      ],
      "@type": [
        "schema:Place",
        "Place"
      ]
    }
  ],
  "isOwnedBy": [
    {
      "@id": "https://data.datatourisme.fr/252af22a-253d-33df-b9d7-204832749402",
      "schema:email": [
        "web@ileroussetourisme.com"
      ],
      "schema:legalName": "Office de Tourisme Intercommunal de L'Ile Rousse-Balagne",
      "@type": [
        "schema:Organization",
        "foaf:Agent",
        "Agent"
      ],
      "foaf:homepage": [
        "https://www.balagne-corsica.com/"
      ]
    }
  ],
  "lastUpdate": "2022-05-19",
  "lastUpdateDatatourisme": "2023-04-04T05:52:39.404Z",
  "offers": [
    {
      "@id": "https://data.datatourisme.fr/ebd03e63-b13c-3964-89b6-93d3f73cf819",
      "schema:priceSpecification": [
        {
          "@id": "https://data.datatourisme.fr/7f1eab3e-3424-3c22-92d8-7068c357044f",
          "schema:maxPrice": [
            "170"
          ],
          "schema:minPrice": [
            "30",
            "40"
          ],
          "schema:priceCurrency": "EUR",
          "@type": [
            "schema:PriceSpecification",
            "PriceSpecification"
          ],
          "appliesOnPeriod": [
            {
              "@id": "https://data.datatourisme.fr/3946d31c-65c0-36de-9419-a622c1c82f3a",
              "@type": [
                "Period"
              ],
              "endDate": "2022-11-30",
              "startDate": "2022-03-01"
            }
          ]
        }
      ],
      "@type": [
        "schema:Offer",
        "Offer"
      ]
    }
  ]
}