{
  "@id": "https://data.datatourisme.fr/13/23b0a9da-82cc-3257-ab04-43571d0bb966",
  "dc:identifier": "4971073",
  "@type": [
    "schema:FoodEstablishment",
    "FoodEstablishment",
    "PlaceOfInterest",
    "PointOfInterest"
  ],
  "rdfs:comment": {
    "de": [
      "Entdecken Sie die korsische Gastronomie in der Balagne, indem Sie Ihr Restaurant am Hafen von Calvi reservieren... La Table de Sabine ist ein gastronomischer Zwischenstopp in Calvais auf einer großen, sonnenüberfluteten Terrasse."
    ],
    "en": [
      "Discover the Corsican gastronomy in Balagne by booking your restaurant on the port of Calvi... La Table de Sabine is a gastronomic stop at Calvaise on a large sun-drenched terrace."
    ],
    "it": [
      "Scoprite la gastronomia corsa in Balagne prenotando il vostro ristorante sul porto di Calvi... La Table de Sabine è una sosta gastronomica a Calvi su una grande terrazza soleggiata."
    ],
    "fr": [
      "Découvrez la gastronomie Corse en Balagne en réservant votre restaurant sur le port de Calvi... La Table de Sabine est une escale gastronomique Calvaise sur une grande terrasse inondée de soleil."
    ],
    "nl": [
      "Ontdek de Corsicaanse gastronomie in Balagne door uw restaurant aan de haven van Calvi... La Table de Sabine is een gastronomische tussenstop in Calvi op een groot zonnig terras."
    ],
    "es": [
      "Descubra la gastronomía corsa en Balagne reservando su restaurante en el puerto de Calvi... La Table de Sabine es una parada gastronómica en Calvi en una gran terraza soleada."
    ]
  },
  "rdfs:label": {
    "fr": [
      "La Table de Sabine"
    ]
  },
  "hasBeenCreatedBy": {
    "@id": "https://data.datatourisme.fr/13/e4873aa9-a05c-35ed-8395-61d121516766",
    "dc:identifier": "1646",
    "schema:email": [
      "info@balagne-corsica.com"
    ],
    "schema:legalName": "Office de Tourisme Intercommunal Calvi - Balagne",
    "@type": [
      "schema:Organization",
      "foaf:Agent",
      "Agent"
    ],
    "foaf:homepage": [
      "https://www.balagne-corsica.com/"
    ]
  },
  "hasBeenPublishedBy": [
    {
      "@id": "https://data.datatourisme.fr/8a9feb4b-2cbd-3d2c-b507-bd6c6776b23b",
      "schema:legalName": "Apidae Tourisme Scic SA - source : Apidae Tourisme",
      "@type": [
        "schema:Organization",
        "foaf:Agent",
        "Agent"
      ],
      "foaf:homepage": [
        "https://www.apidae-tourisme.com/"
      ]
    }
  ],
  "hasContact": [
    {
      "@id": "https://data.datatourisme.fr/470eedbf-7d7d-35c8-90a8-3a450654a640",
      "schema:email": [
        "latabledesabine@orange.fr"
      ],
      "schema:telephone": [
        "+33 4 95 65 00 46",
        "+33 4 95 65 27 34"
      ],
      "@type": [
        "foaf:Agent",
        "Agent"
      ]
    }
  ],
  "hasDescription": [
    {
      "@id": "https://data.datatourisme.fr/80e8766b-951e-3b76-9896-d6b7170861d2",
      "@type": [
        "Description"
      ],
      "hasTranslatedProperty": [
        {
          "@id": "https://data.datatourisme.fr/30029456-7a70-3e17-b90b-f95602b045ef",
          "dc:contributor": [
            "https://api.deepl.com/v2/translate"
          ],
          "rdf:language": [
            "de"
          ],
          "rdf:predicate": [
            "shortDescription"
          ]
        },
        {
          "@id": "https://data.datatourisme.fr/8b90748e-c322-3b54-b378-90e9a96ed2f5",
          "dc:contributor": [
            "https://api.deepl.com/v2/translate"
          ],
          "rdf:language": [
            "nl"
          ],
          "rdf:predicate": [
            "shortDescription"
          ]
        },
        {
          "@id": "https://data.datatourisme.fr/f97542a9-4f1b-324d-a5a7-85e428927b8c",
          "dc:contributor": [
            "https://api.deepl.com/v2/translate"
          ],
          "rdf:language": [
            "es"
          ],
          "rdf:predicate": [
            "shortDescription"
          ]
        }
      ],
      "shortDescription": {
        "de": [
          "Entdecken Sie die korsische Gastronomie in der Balagne, indem Sie Ihr Restaurant am Hafen von Calvi reservieren... La Table de Sabine ist ein gastronomischer Zwischenstopp in Calvais auf einer großen, sonnenüberfluteten Terrasse."
        ],
        "en": [
          "Discover the Corsican gastronomy in Balagne by booking your restaurant on the port of Calvi... La Table de Sabine is a gastronomic stop at Calvaise on a large sun-drenched terrace."
        ],
        "it": [
          "Scoprite la gastronomia corsa in Balagne prenotando il vostro ristorante sul porto di Calvi... La Table de Sabine è una sosta gastronomica a Calvi su una grande terrazza soleggiata."
        ],
        "fr": [
          "Découvrez la gastronomie Corse en Balagne en réservant votre restaurant sur le port de Calvi... La Table de Sabine est une escale gastronomique Calvaise sur une grande terrasse inondée de soleil."
        ],
        "nl": [
          "Ontdek de Corsicaanse gastronomie in Balagne door uw restaurant aan de haven van Calvi... La Table de Sabine is een gastronomische tussenstop in Calvi op een groot zonnig terras."
        ],
        "es": [
          "Descubra la gastronomía corsa en Balagne reservando su restaurante en el puerto de Calvi... La Table de Sabine es una parada gastronómica en Calvi en una gran terraza soleada."
        ]
      }
    }
  ],
  "hasTranslatedProperty": [
    {
      "@id": "https://data.datatourisme.fr/8314f87a-5fe4-3c07-bfca-d75744bdd47b",
      "dc:contributor": [
        "https://api.deepl.com/v2/translate"
      ],
      "rdf:language": [
        "nl"
      ],
      "rdf:predicate": [
        {
          "@id": "rdfs:comment"
        }
      ]
    },
    {
      "@id": "https://data.datatourisme.fr/a33baf3c-e132-3c50-9195-ef8be340842f",
      "dc:contributor": [
        "https://api.deepl.com/v2/translate"
      ],
      "rdf:language": [
        "es"
      ],
      "rdf:predicate": [
        {
          "@id": "rdfs:comment"
        }
      ]
    },
    {
      "@id": "https://data.datatourisme.fr/b9b77b7a-cf62-3f35-b693-a518522c5c08",
      "dc:contributor": [
        "https://api.deepl.com/v2/translate"
      ],
      "rdf:language": [
        "de"
      ],
      "rdf:predicate": [
        {
          "@id": "rdfs:comment"
        }
      ]
    }
  ],
  "isLocatedAt": [
    {
      "@id": "https://data.datatourisme.fr/43c33a99-b521-3cb2-94a6-f58e66e81f63",
      "schema:address": [
        {
          "@id": "https://data.datatourisme.fr/03383dee-a170-370e-82ad-b8136ea596fc",
          "schema:addressLocality": "Calvi",
          "schema:postalCode": "20260",
          "schema:streetAddress": [
            "Quai Landry"
          ],
          "@type": [
            "schema:PostalAddress",
            "PostalAddress"
          ],
          "hasAddressCity": {
            "@id": "kb:2B050",
            "@type": [
              "City"
            ],
            "rdfs:label": {
              "en": [
                "Calvi"
              ],
              "fr": [
                "Calvi"
              ]
            },
            "insee": "2B050",
            "isPartOfDepartment": {
              "@id": "kb:France942B",
              "@type": [
                "Department"
              ],
              "rdfs:label": {
                "en": [
                  "Haute-Corse"
                ],
                "fr": [
                  "Haute-Corse"
                ]
              },
              "insee": "2B",
              "isPartOfRegion": {
                "@id": "kb:France94",
                "@type": [
                  "Region"
                ],
                "rdfs:label": {
                  "en": [
                    "Corse"
                  ],
                  "fr": [
                    "Corse"
                  ]
                },
                "insee": "94",
                "isPartOfCountry": {
                  "@id": "kb:France",
                  "@type": [
                    "schema:Country"
                  ],
                  "rdfs:label": {
                    "de": [
                      "Frankreich"
                    ],
                    "pt": [
                      "França"
                    ],
                    "en": [
                      "France"
                    ],
                    "it": [
                      "Francia"
                    ],
                    "fr": [
                      "France"
                    ],
                    "nl": [
                      "Frankrijk"
                    ],
                    "es": [
                      "Francia"
                    ]
                  }
                }
              }
            }
          }
        }
      ],
      "schema:geo": {
        "@id": "https://data.datatourisme.fr/dab7b702-e349-3856-bc7a-a95b9d18a965",
        "schema:latitude": "42.566772",
        "schema:longitude": "8.758823",
        "@type": [
          "schema:GeoCoordinates"
        ]
      },
      "schema:openingHoursSpecification": [
        {
          "@id": "https://data.datatourisme.fr/7798b271-82d5-3ed8-b3e7-603413804377",
          "schema:validFrom": "2023-03-15T00:00:00",
          "schema:validThrough": "2023-10-31T23:59:59",
          "@type": [
            "schema:OpeningHoursSpecification"
          ]
        }
      ],
      "@type": [
        "schema:Place",
        "Place"
      ]
    }
  ],
  "isOwnedBy": [
    {
      "@id": "https://data.datatourisme.fr/194c52e6-bbae-33dc-8464-caca97844fbb",
      "schema:email": [
        "info@balagne-corsica.com"
      ],
      "schema:legalName": "Office de Tourisme Intercommunal Calvi - Balagne",
      "@type": [
        "schema:Organization",
        "foaf:Agent",
        "Agent"
      ],
      "foaf:homepage": [
        "https://www.balagne-corsica.com/"
      ]
    }
  ],
  "lastUpdate": "2022-05-03",
  "lastUpdateDatatourisme": "2023-02-01T18:07:36.069Z",
  "offers": [
    {
      "@id": "https://data.datatourisme.fr/9250d29f-15fc-31d0-a534-f610dfbe1c2d",
      "schema:priceSpecification": [
        {
          "@id": "https://data.datatourisme.fr/5617447a-afbd-3233-8650-12b6f3536332",
          "schema:minPrice": [
            "25"
          ],
          "schema:priceCurrency": "EUR",
          "@type": [
            "schema:PriceSpecification",
            "PriceSpecification"
          ],
          "appliesOnPeriod": [
            {
              "@id": "https://data.datatourisme.fr/185023b2-b692-3918-a27c-6224086aca89",
              "@type": [
                "Period"
              ],
              "endDate": "2022-10-31",
              "startDate": "2022-03-15"
            }
          ]
        }
      ],
      "@type": [
        "schema:Offer",
        "Offer"
      ]
    }
  ]
}