{
  "@id": "https://data.datatourisme.fr/13/6b5d20fd-015a-3bb7-9774-a9fe33a4ead3",
  "dc:identifier": "5235169",
  "@type": [
    "schema:AmusementPark",
    "PlaceOfInterest",
    "PointOfInterest",
    "SportsAndLeisurePlace",
    "ThemePark"
  ],
  "rdfs:comment": {
    "de": [
      "Jahrmarktsattraktionen für Kinder ab 2 Jahren und für Erwachsene."
    ],
    "en": [
      "Fairground attractions for children from 2 years old and for adults."
    ],
    "it": [
      "Attrazioni della fiera per bambini dai 2 anni in su e per adulti."
    ],
    "fr": [
      "Venez découvrir notre parc d’attraction pour petits et grands et créez-vous des souvenirs fous-rires !"
    ],
    "es": [
      "Ven a descubrir nuestro parque de atracciones para grandes y pequeños y crea recuerdos llenos de risas"
    ],
    "nl": [
      "Kermisattracties voor kinderen vanaf 2 jaar en voor volwassenen."
    ]
  },
  "rdfs:label": {
    "fr": [
      "Corsica Park"
    ]
  },
  "hasBeenCreatedBy": {
    "@id": "https://data.datatourisme.fr/13/84c6494d-3085-3c63-a55c-db8cb047fadd",
    "dc:identifier": "1738",
    "schema:email": [
      "camillef.omt@gmail.com",
      "direction@destination-sudcorse.com",
      "gestion@destination-sudcorse.com",
      "promotion@destination-sudcorse.com",
      "webmaster@destination-sudcorse.com"
    ],
    "schema:legalName": "Porto Vecchio Tourisme",
    "@type": [
      "schema:Organization",
      "foaf:Agent",
      "Agent"
    ],
    "foaf:homepage": [
      "http://www.ot-portovecchio.com/"
    ]
  },
  "hasBeenPublishedBy": [
    {
      "@id": "https://data.datatourisme.fr/8a9feb4b-2cbd-3d2c-b507-bd6c6776b23b",
      "schema:legalName": "Apidae Tourisme Scic SA - source : Apidae Tourisme",
      "@type": [
        "schema:Organization",
        "foaf:Agent",
        "Agent"
      ],
      "foaf:homepage": [
        "https://www.apidae-tourisme.com/"
      ]
    }
  ],
  "hasDescription": [
    {
      "@id": "https://data.datatourisme.fr/4821a9b9-7229-381b-adda-7ee22135cb91",
      "@type": [
        "Description"
      ],
      "hasTranslatedProperty": [
        {
          "@id": "https://data.datatourisme.fr/3e56bc75-c990-34a8-b715-44470e0829ab",
          "dc:contributor": [
            "https://api.deepl.com/v2/translate"
          ],
          "rdf:language": [
            "es"
          ],
          "rdf:predicate": [
            "shortDescription"
          ]
        }
      ],
      "shortDescription": {
        "de": [
          "Jahrmarktsattraktionen für Kinder ab 2 Jahren und für Erwachsene."
        ],
        "en": [
          "Fairground attractions for children from 2 years old and for adults."
        ],
        "it": [
          "Attrazioni della fiera per bambini dai 2 anni in su e per adulti."
        ],
        "fr": [
          "Venez découvrir notre parc d’attraction pour petits et grands et créez-vous des souvenirs fous-rires !"
        ],
        "es": [
          "Ven a descubrir nuestro parque de atracciones para grandes y pequeños y crea recuerdos llenos de risas"
        ],
        "nl": [
          "Kermisattracties voor kinderen vanaf 2 jaar en voor volwassenen."
        ]
      }
    }
  ],
  "hasTranslatedProperty": [
    {
      "@id": "https://data.datatourisme.fr/63db8069-4e81-3b99-8acb-c143604138df",
      "dc:contributor": [
        "https://api.deepl.com/v2/translate"
      ],
      "rdf:language": [
        "es"
      ],
      "rdf:predicate": [
        {
          "@id": "rdfs:comment"
        }
      ]
    }
  ],
  "isLocatedAt": [
    {
      "@id": "https://data.datatourisme.fr/f3c81116-3b08-3384-a336-8370ffa1a3ec",
      "schema:address": [
        {
          "@id": "https://data.datatourisme.fr/e1ee6917-26d0-391b-b8ae-ac0b4e7322c1",
          "schema:addressLocality": "Porto-Vecchio",
          "schema:postalCode": "20137",
          "schema:streetAddress": [
            "Chemin d'Agnaredda"
          ],
          "@type": [
            "schema:PostalAddress",
            "PostalAddress"
          ],
          "hasAddressCity": {
            "@id": "kb:2A247",
            "@type": [
              "City"
            ],
            "rdfs:label": {
              "en": [
                "Porto-Vecchio"
              ],
              "fr": [
                "Porto-Vecchio"
              ]
            },
            "insee": "2A247",
            "isPartOfDepartment": {
              "@id": "kb:France942A",
              "@type": [
                "Department"
              ],
              "rdfs:label": {
                "en": [
                  "Corse-du-Sud"
                ],
                "fr": [
                  "Corse-du-Sud"
                ]
              },
              "insee": "2A",
              "isPartOfRegion": {
                "@id": "kb:France94",
                "@type": [
                  "Region"
                ],
                "rdfs:label": {
                  "en": [
                    "Corse"
                  ],
                  "fr": [
                    "Corse"
                  ]
                },
                "insee": "94",
                "isPartOfCountry": {
                  "@id": "kb:France",
                  "@type": [
                    "schema:Country"
                  ],
                  "rdfs:label": {
                    "de": [
                      "Frankreich"
                    ],
                    "pt": [
                      "França"
                    ],
                    "en": [
                      "France"
                    ],
                    "it": [
                      "Francia"
                    ],
                    "fr": [
                      "France"
                    ],
                    "nl": [
                      "Frankrijk"
                    ],
                    "es": [
                      "Francia"
                    ]
                  }
                }
              }
            }
          }
        }
      ],
      "schema:geo": {
        "@id": "https://data.datatourisme.fr/b09c0729-10be-3ed0-96e3-fb6c4bf53084",
        "schema:latitude": "41.577",
        "schema:longitude": "9.2681",
        "@type": [
          "schema:GeoCoordinates"
        ]
      },
      "schema:openingHoursSpecification": [
        {
          "@id": "https://data.datatourisme.fr/860aa61d-5680-3899-ae89-ba32cbdc0ca3",
          "schema:validFrom": "2023-06-18T00:00:00",
          "schema:validThrough": "2023-09-03T23:59:59",
          "@type": [
            "schema:OpeningHoursSpecification"
          ]
        }
      ],
      "@type": [
        "schema:Place",
        "Place"
      ]
    }
  ],
  "isOwnedBy": [
    {
      "@id": "https://data.datatourisme.fr/f5f950f9-5eec-32b4-a357-2c969ccf4068",
      "schema:email": [
        "camillef.omt@gmail.com",
        "direction@destination-sudcorse.com",
        "gestion@destination-sudcorse.com",
        "promotion@destination-sudcorse.com",
        "webmaster@destination-sudcorse.com"
      ],
      "schema:legalName": "Porto Vecchio Tourisme",
      "@type": [
        "schema:Organization",
        "foaf:Agent",
        "Agent"
      ],
      "foaf:homepage": [
        "http://www.ot-portovecchio.com/"
      ]
    }
  ],
  "lastUpdate": "2023-02-20",
  "lastUpdateDatatourisme": "2023-02-21T06:40:31.589Z"
}