{
  "@id": "https://data.datatourisme.fr/13/6b621e4f-b12b-31b2-a2df-0e845bcdd923",
  "dc:identifier": "4975898",
  "@type": [
    "schema:LocalBusiness",
    "ActivityProvider",
    "PlaceOfInterest",
    "PointOfInterest",
    "Store"
  ],
  "rdfs:comment": {
    "de": [
      "Entdecken Sie den Wassersport auf Korsika... in der Balagne, zwischen Ile-Rousse und Calvi mit Algajola Sport Nature.\r\nVersprechen Sie eine Begegnung mit... Charles und seinem Team"
    ],
    "en": [
      "Try watersports in Corsica... with Algajola Sport Nature in Balagne, between L'Ile-Rousse and Calvi.\r\nA chance to meet... Charles and his team."
    ],
    "it": [
      "Scoprite gli sport acquatici in Corsica... a Balagne, tra Ile-Rousse e Calvi con Algajola Sport Nature.\r\nPromessa di un incontro con... Charles e il suo team"
    ],
    "fr": [
      "Découvrez les sports nautiques en Corse... en Balagne, entre Ile-Rousse et Calvi avec Algajola Sport Nature.\r\nPromesse d'une rencontre avec... Charles et son équipe"
    ],
    "nl": [
      "Ontdek de watersporten op Corsica... in Balagne, tussen Ile-Rousse en Calvi met Algajola Sport Nature.\r\nBelofte van een ontmoeting met... Charles en zijn team"
    ],
    "es": [
      "Descubra los deportes acuáticos en Córcega... en Balagne, entre Ile-Rousse y Calvi con Algajola Sport Nature.\r\nLa promesa de una reunión con... Charles y su equipo"
    ]
  },
  "rdfs:label": {
    "en": [
      "Algajola Sport Nature - nautic base"
    ],
    "it": [
      "Algajola Sport Nature - base per gli sport acquatici"
    ],
    "fr": [
      "Algajola Sport Nature - base nautique"
    ]
  },
  "hasBeenCreatedBy": {
    "@id": "https://data.datatourisme.fr/13/e4873aa9-a05c-35ed-8395-61d121516766",
    "dc:identifier": "1646",
    "schema:email": [
      "info@balagne-corsica.com"
    ],
    "schema:legalName": "Office de Tourisme Intercommunal Calvi - Balagne",
    "@type": [
      "schema:Organization",
      "foaf:Agent",
      "Agent"
    ],
    "foaf:homepage": [
      "https://www.balagne-corsica.com/"
    ]
  },
  "hasBeenPublishedBy": [
    {
      "@id": "https://data.datatourisme.fr/8a9feb4b-2cbd-3d2c-b507-bd6c6776b23b",
      "schema:legalName": "Apidae Tourisme Scic SA - source : Apidae Tourisme",
      "@type": [
        "schema:Organization",
        "foaf:Agent",
        "Agent"
      ],
      "foaf:homepage": [
        "https://www.apidae-tourisme.com/"
      ]
    }
  ],
  "hasContact": [
    {
      "@id": "https://data.datatourisme.fr/b1be2bcf-3e19-31ec-b727-b2d6c54f8e0f",
      "schema:email": [
        "asnglisse@gmail.com"
      ],
      "schema:telephone": [
        "+33 6 83 85 15 31"
      ],
      "@type": [
        "foaf:Agent",
        "Agent"
      ],
      "foaf:homepage": [
        "https://www.asn.corsica/"
      ]
    }
  ],
  "hasDescription": [
    {
      "@id": "https://data.datatourisme.fr/8fa617d2-9614-3471-a337-9cc3490c6adb",
      "@type": [
        "Description"
      ],
      "hasTranslatedProperty": [
        {
          "@id": "https://data.datatourisme.fr/360e4367-b924-3f89-a986-55e6948c921e",
          "dc:contributor": [
            "https://api.deepl.com/v2/translate"
          ],
          "rdf:language": [
            "nl"
          ],
          "rdf:predicate": [
            "shortDescription"
          ]
        },
        {
          "@id": "https://data.datatourisme.fr/c8b988f2-b0ef-315b-8996-d85b794aee1a",
          "dc:contributor": [
            "https://api.deepl.com/v2/translate"
          ],
          "rdf:language": [
            "es"
          ],
          "rdf:predicate": [
            "shortDescription"
          ]
        },
        {
          "@id": "https://data.datatourisme.fr/dac2056e-5b25-38c2-85ff-451494ad7bab",
          "dc:contributor": [
            "https://api.deepl.com/v2/translate"
          ],
          "rdf:language": [
            "de"
          ],
          "rdf:predicate": [
            "shortDescription"
          ]
        }
      ],
      "shortDescription": {
        "de": [
          "Entdecken Sie den Wassersport auf Korsika... in der Balagne, zwischen Ile-Rousse und Calvi mit Algajola Sport Nature.\r\nVersprechen Sie eine Begegnung mit... Charles und seinem Team"
        ],
        "en": [
          "Try watersports in Corsica... with Algajola Sport Nature in Balagne, between L'Ile-Rousse and Calvi.\r\nA chance to meet... Charles and his team."
        ],
        "it": [
          "Scoprite gli sport acquatici in Corsica... a Balagne, tra Ile-Rousse e Calvi con Algajola Sport Nature.\r\nPromessa di un incontro con... Charles e il suo team"
        ],
        "fr": [
          "Découvrez les sports nautiques en Corse... en Balagne, entre Ile-Rousse et Calvi avec Algajola Sport Nature.\r\nPromesse d'une rencontre avec... Charles et son équipe"
        ],
        "nl": [
          "Ontdek de watersporten op Corsica... in Balagne, tussen Ile-Rousse en Calvi met Algajola Sport Nature.\r\nBelofte van een ontmoeting met... Charles en zijn team"
        ],
        "es": [
          "Descubra los deportes acuáticos en Córcega... en Balagne, entre Ile-Rousse y Calvi con Algajola Sport Nature.\r\nLa promesa de una reunión con... Charles y su equipo"
        ]
      }
    }
  ],
  "hasTheme": [
    {
      "@id": "kb:Bodyboard",
      "@type": [
        "SportsTheme"
      ],
      "rdfs:label": {
        "de": [
          "Bodyboard"
        ],
        "pt": [
          "Bodyboard"
        ],
        "en": [
          "Bodyboard"
        ],
        "it": [
          "Bodyboard"
        ],
        "fr": [
          "Bodyboard"
        ],
        "nl": [
          "Bodyboarden"
        ],
        "es": [
          "Bodyboard"
        ]
      }
    },
    {
      "@id": "kb:Diving",
      "@type": [
        "SportsTheme"
      ],
      "rdfs:label": {
        "de": [
          "Tauchen"
        ],
        "pt": [
          "Mergulho"
        ],
        "en": [
          "Diving"
        ],
        "it": [
          "Immersione"
        ],
        "fr": [
          "Plongée"
        ],
        "nl": [
          "Duiken"
        ],
        "es": [
          "Buceo"
        ]
      }
    },
    {
      "@id": "kb:SeaKayaking",
      "@type": [
        "SportsTheme"
      ],
      "rdfs:label": {
        "de": [
          "Seekajak"
        ],
        "pt": [
          "Caiaque marítimo"
        ],
        "en": [
          "Sea kayaking"
        ],
        "it": [
          "Kayak da mare"
        ],
        "fr": [
          "Kayak de mer"
        ],
        "nl": [
          "Zeekajakken"
        ],
        "es": [
          "Kayak de mar"
        ]
      }
    },
    {
      "@id": "kb:SportSailing",
      "@type": [
        "SportsTheme"
      ],
      "rdfs:label": {
        "de": [
          "Segelsport"
        ],
        "pt": [
          "Desporto à vela"
        ],
        "en": [
          "Sport sailing"
        ],
        "it": [
          "Sport di vela"
        ],
        "fr": [
          "Sport à voile"
        ],
        "nl": [
          "Zeilsport"
        ],
        "es": [
          "Deportes de vela"
        ]
      }
    },
    {
      "@id": "kb:StandupPaddleboarding",
      "@type": [
        "SportsTheme"
      ],
      "rdfs:label": {
        "de": [
          "Stand-up Paddle (SUP)"
        ],
        "pt": [
          "Paddle de pé (SUP)"
        ],
        "en": [
          "Standup paddleboarding"
        ],
        "it": [
          "Stand up paddle (SUP)"
        ],
        "fr": [
          "Stand up paddle sup"
        ],
        "es": [
          "Tabla de pádel surf"
        ],
        "nl": [
          "Suppen"
        ]
      }
    },
    {
      "@id": "kb:Surf",
      "@type": [
        "SportsTheme"
      ],
      "rdfs:label": {
        "de": [
          "Surfen"
        ],
        "pt": [
          "Surf"
        ],
        "en": [
          "Surf"
        ],
        "it": [
          "Surf"
        ],
        "fr": [
          "Surf"
        ],
        "nl": [
          "Surfen"
        ],
        "es": [
          "Surf"
        ]
      }
    },
    {
      "@id": "kb:Windsurfing",
      "@type": [
        "SportsTheme"
      ],
      "rdfs:label": {
        "de": [
          "Windsurfen"
        ],
        "pt": [
          "Prancha à vela"
        ],
        "en": [
          "Windsurfing"
        ],
        "it": [
          "Windsurf"
        ],
        "fr": [
          "Planche à voile"
        ],
        "es": [
          "Tabla de windsurf"
        ],
        "nl": [
          "Surfplank"
        ]
      }
    }
  ],
  "hasTranslatedProperty": [
    {
      "@id": "https://data.datatourisme.fr/211542f3-694b-31e0-b94e-08bb14f77597",
      "dc:contributor": [
        "https://api.deepl.com/v2/translate"
      ],
      "rdf:language": [
        "es"
      ],
      "rdf:predicate": [
        {
          "@id": "rdfs:comment"
        }
      ]
    },
    {
      "@id": "https://data.datatourisme.fr/96fbf746-e8a7-35b8-865c-5e0d4d867508",
      "dc:contributor": [
        "https://api.deepl.com/v2/translate"
      ],
      "rdf:language": [
        "nl"
      ],
      "rdf:predicate": [
        {
          "@id": "rdfs:comment"
        }
      ]
    },
    {
      "@id": "https://data.datatourisme.fr/a1511c2d-7261-35b6-b10b-3cf44cd30870",
      "dc:contributor": [
        "https://api.deepl.com/v2/translate"
      ],
      "rdf:language": [
        "de"
      ],
      "rdf:predicate": [
        {
          "@id": "rdfs:comment"
        }
      ]
    }
  ],
  "isLocatedAt": [
    {
      "@id": "https://data.datatourisme.fr/b469d1fc-a0b6-3429-8f43-d7b294d36a20",
      "schema:address": [
        {
          "@id": "https://data.datatourisme.fr/9ab194f5-24fc-3b9b-8c85-d1e2119e30a2",
          "schema:addressLocality": "Algajola",
          "schema:postalCode": "20220",
          "schema:streetAddress": [
            "Plage d'Algajola"
          ],
          "@type": [
            "schema:PostalAddress",
            "PostalAddress"
          ],
          "hasAddressCity": {
            "@id": "kb:2B010",
            "@type": [
              "City"
            ],
            "rdfs:label": {
              "en": [
                "Algajola"
              ],
              "fr": [
                "Algajola"
              ]
            },
            "insee": "2B010",
            "isPartOfDepartment": {
              "@id": "kb:France942B",
              "@type": [
                "Department"
              ],
              "rdfs:label": {
                "en": [
                  "Haute-Corse"
                ],
                "fr": [
                  "Haute-Corse"
                ]
              },
              "insee": "2B",
              "isPartOfRegion": {
                "@id": "kb:France94",
                "@type": [
                  "Region"
                ],
                "rdfs:label": {
                  "en": [
                    "Corse"
                  ],
                  "fr": [
                    "Corse"
                  ]
                },
                "insee": "94",
                "isPartOfCountry": {
                  "@id": "kb:France",
                  "@type": [
                    "schema:Country"
                  ],
                  "rdfs:label": {
                    "de": [
                      "Frankreich"
                    ],
                    "pt": [
                      "França"
                    ],
                    "en": [
                      "France"
                    ],
                    "it": [
                      "Francia"
                    ],
                    "fr": [
                      "France"
                    ],
                    "nl": [
                      "Frankrijk"
                    ],
                    "es": [
                      "Francia"
                    ]
                  }
                }
              }
            }
          }
        }
      ],
      "schema:geo": {
        "@id": "https://data.datatourisme.fr/29d38e1c-ce93-3190-9722-11997ca72587",
        "schema:latitude": "42.607953",
        "schema:longitude": "8.86766",
        "@type": [
          "schema:GeoCoordinates"
        ]
      },
      "schema:openingHoursSpecification": [
        {
          "@id": "https://data.datatourisme.fr/7864ca2c-4ceb-3a28-8526-d462284647b1",
          "schema:validFrom": "2023-05-01T00:00:00",
          "schema:validThrough": "2023-09-30T23:59:59",
          "@type": [
            "schema:OpeningHoursSpecification"
          ],
          "additionalInformation": {
            "de": [
              "Unverbindliche Öffnungszeiten"
            ],
            "en": [
              "Indicative opening period"
            ],
            "it": [
              "Periodo di apertura indicativo"
            ],
            "fr": [
              "Période d'ouverture à titre indicatif"
            ],
            "es": [
              "Periodo de apertura indicativo"
            ],
            "nl": [
              "Indicatieve openingsperiode"
            ]
          },
          "hasTranslatedProperty": [
            {
              "@id": "https://data.datatourisme.fr/3f62437a-8fb9-34ae-acaf-835f267fc3f8",
              "dc:contributor": [
                "https://api.deepl.com/v2/translate"
              ],
              "rdf:language": [
                "nl"
              ],
              "rdf:predicate": [
                "additionalInformation"
              ]
            },
            {
              "@id": "https://data.datatourisme.fr/75e61e1c-e1c7-3308-9238-b72a6a0c0636",
              "dc:contributor": [
                "https://api.deepl.com/v2/translate"
              ],
              "rdf:language": [
                "es"
              ],
              "rdf:predicate": [
                "additionalInformation"
              ]
            },
            {
              "@id": "https://data.datatourisme.fr/8d9b3646-f421-3b8c-8dfc-1d5395884c2c",
              "dc:contributor": [
                "https://api.deepl.com/v2/translate"
              ],
              "rdf:language": [
                "en"
              ],
              "rdf:predicate": [
                "additionalInformation"
              ]
            },
            {
              "@id": "https://data.datatourisme.fr/e6b53c0c-7996-36d9-9ee7-1258ec2faa1d",
              "dc:contributor": [
                "https://api.deepl.com/v2/translate"
              ],
              "rdf:language": [
                "de"
              ],
              "rdf:predicate": [
                "additionalInformation"
              ]
            },
            {
              "@id": "https://data.datatourisme.fr/ed708406-27ac-3593-a99d-51fd534324f6",
              "dc:contributor": [
                "https://api.deepl.com/v2/translate"
              ],
              "rdf:language": [
                "it"
              ],
              "rdf:predicate": [
                "additionalInformation"
              ]
            }
          ]
        }
      ],
      "@type": [
        "schema:Place",
        "Place"
      ]
    }
  ],
  "isOwnedBy": [
    {
      "@id": "https://data.datatourisme.fr/194c52e6-bbae-33dc-8464-caca97844fbb",
      "schema:email": [
        "info@balagne-corsica.com"
      ],
      "schema:legalName": "Office de Tourisme Intercommunal Calvi - Balagne",
      "@type": [
        "schema:Organization",
        "foaf:Agent",
        "Agent"
      ],
      "foaf:homepage": [
        "https://www.balagne-corsica.com/"
      ]
    }
  ],
  "lastUpdate": "2023-02-28",
  "lastUpdateDatatourisme": "2023-03-01T06:42:06.932Z"
}