{
  "@id": "https://data.datatourisme.fr/13/6ba42ec2-7785-36b2-95d2-f028680051a4",
  "dc:identifier": "5174670",
  "@type": [
    "schema:Accommodation",
    "schema:LodgingBusiness",
    "Accommodation",
    "PlaceOfInterest",
    "PointOfInterest"
  ],
  "rdfs:comment": {
    "de": [
      "Träumen Sie von einer individuellen Ferienunterkunft im Herzen von Porto-Vecchio?\r\nDie Résidence Filippi könnte Ihr ideales Reiseziel sein."
    ],
    "en": [
      "Are you dreaming of an individual holiday home in the heart of Porto-Vecchio?\r\nResidence Filippi could be your ideal destination."
    ],
    "it": [
      "Sognate una casa vacanze individuale nel cuore di Porto-Vecchio?\r\nIl Résidence Filippi potrebbe essere la vostra destinazione ideale."
    ],
    "fr": [
      "Vous rêvez d'un logement de vacances individuel en plein cœur de Porto-Vecchio ? \r\nLa Résidence Filippi pourrait être votre destination idéale."
    ],
    "es": [
      "¿Sueña con una casa de vacaciones individual en el corazón de Porto-Vecchio?\r\nLa Résidence Filippi podría ser su destino ideal."
    ],
    "nl": [
      "Droomt u van een individuele vakantiewoning in het hart van Porto-Vecchio?\r\nRésidence Filippi zou uw ideale bestemming kunnen zijn."
    ]
  },
  "rdfs:label": {
    "fr": [
      "Résidence Filippi"
    ]
  },
  "hasBeenCreatedBy": {
    "@id": "https://data.datatourisme.fr/13/84c6494d-3085-3c63-a55c-db8cb047fadd",
    "dc:identifier": "1738",
    "schema:email": [
      "camillef.omt@gmail.com",
      "direction@destination-sudcorse.com",
      "gestion@destination-sudcorse.com",
      "promotion@destination-sudcorse.com",
      "webmaster@destination-sudcorse.com"
    ],
    "schema:legalName": "Porto Vecchio Tourisme",
    "@type": [
      "schema:Organization",
      "foaf:Agent",
      "Agent"
    ],
    "foaf:homepage": [
      "http://www.ot-portovecchio.com/"
    ]
  },
  "hasBeenPublishedBy": [
    {
      "@id": "https://data.datatourisme.fr/8a9feb4b-2cbd-3d2c-b507-bd6c6776b23b",
      "schema:legalName": "Apidae Tourisme Scic SA - source : Apidae Tourisme",
      "@type": [
        "schema:Organization",
        "foaf:Agent",
        "Agent"
      ],
      "foaf:homepage": [
        "https://www.apidae-tourisme.com/"
      ]
    }
  ],
  "hasContact": [
    {
      "@id": "https://data.datatourisme.fr/5f0e605b-bef6-34f8-b893-48983876fbd7",
      "schema:email": [
        "locvilla20@gmail.com"
      ],
      "schema:telephone": [
        "+33 4 95 77 13 12"
      ],
      "@type": [
        "foaf:Agent",
        "Agent"
      ],
      "foaf:homepage": [
        "https://residencefilippi.wixsite.com/residencefilippi"
      ]
    }
  ],
  "hasDescription": [
    {
      "@id": "https://data.datatourisme.fr/2591ef4e-fa36-3881-a7e5-c4717da9ed65",
      "@type": [
        "Description"
      ],
      "hasTranslatedProperty": [
        {
          "@id": "https://data.datatourisme.fr/1111d9b7-934c-3f54-bbbe-bf5bc52d2600",
          "dc:contributor": [
            "https://api.deepl.com/v2/translate"
          ],
          "rdf:language": [
            "en"
          ],
          "rdf:predicate": [
            "shortDescription"
          ]
        },
        {
          "@id": "https://data.datatourisme.fr/98dd3d8e-1d17-3003-9670-6efe314ec788",
          "dc:contributor": [
            "https://api.deepl.com/v2/translate"
          ],
          "rdf:language": [
            "it"
          ],
          "rdf:predicate": [
            "shortDescription"
          ]
        },
        {
          "@id": "https://data.datatourisme.fr/a8b2aeb1-963f-350b-bad4-95ebf3c1df40",
          "dc:contributor": [
            "https://api.deepl.com/v2/translate"
          ],
          "rdf:language": [
            "de"
          ],
          "rdf:predicate": [
            "shortDescription"
          ]
        },
        {
          "@id": "https://data.datatourisme.fr/c3245940-b6e0-3f7d-b338-912f7dbe6675",
          "dc:contributor": [
            "https://api.deepl.com/v2/translate"
          ],
          "rdf:language": [
            "nl"
          ],
          "rdf:predicate": [
            "shortDescription"
          ]
        },
        {
          "@id": "https://data.datatourisme.fr/d9d0f46c-318d-3599-90d6-2f7f356738bb",
          "dc:contributor": [
            "https://api.deepl.com/v2/translate"
          ],
          "rdf:language": [
            "es"
          ],
          "rdf:predicate": [
            "shortDescription"
          ]
        }
      ],
      "shortDescription": {
        "de": [
          "Träumen Sie von einer individuellen Ferienunterkunft im Herzen von Porto-Vecchio?\r\nDie Résidence Filippi könnte Ihr ideales Reiseziel sein."
        ],
        "en": [
          "Are you dreaming of an individual holiday home in the heart of Porto-Vecchio?\r\nResidence Filippi could be your ideal destination."
        ],
        "it": [
          "Sognate una casa vacanze individuale nel cuore di Porto-Vecchio?\r\nIl Résidence Filippi potrebbe essere la vostra destinazione ideale."
        ],
        "fr": [
          "Vous rêvez d'un logement de vacances individuel en plein cœur de Porto-Vecchio ? \r\nLa Résidence Filippi pourrait être votre destination idéale."
        ],
        "es": [
          "¿Sueña con una casa de vacaciones individual en el corazón de Porto-Vecchio?\r\nLa Résidence Filippi podría ser su destino ideal."
        ],
        "nl": [
          "Droomt u van een individuele vakantiewoning in het hart van Porto-Vecchio?\r\nRésidence Filippi zou uw ideale bestemming kunnen zijn."
        ]
      }
    }
  ],
  "hasTranslatedProperty": [
    {
      "@id": "https://data.datatourisme.fr/3d6f0799-1805-31b9-a78a-ae82cd8ff106",
      "dc:contributor": [
        "https://api.deepl.com/v2/translate"
      ],
      "rdf:language": [
        "en"
      ],
      "rdf:predicate": [
        {
          "@id": "rdfs:comment"
        }
      ]
    },
    {
      "@id": "https://data.datatourisme.fr/98f44e8b-ed28-30a5-a6a1-c26b3060fa87",
      "dc:contributor": [
        "https://api.deepl.com/v2/translate"
      ],
      "rdf:language": [
        "nl"
      ],
      "rdf:predicate": [
        {
          "@id": "rdfs:comment"
        }
      ]
    },
    {
      "@id": "https://data.datatourisme.fr/9da71d1d-ed6b-3c84-a4a3-e18e39a9b833",
      "dc:contributor": [
        "https://api.deepl.com/v2/translate"
      ],
      "rdf:language": [
        "de"
      ],
      "rdf:predicate": [
        {
          "@id": "rdfs:comment"
        }
      ]
    },
    {
      "@id": "https://data.datatourisme.fr/bab23b53-a910-3424-af9d-bde3338d2147",
      "dc:contributor": [
        "https://api.deepl.com/v2/translate"
      ],
      "rdf:language": [
        "es"
      ],
      "rdf:predicate": [
        {
          "@id": "rdfs:comment"
        }
      ]
    },
    {
      "@id": "https://data.datatourisme.fr/e3d84fc8-ee14-3411-b389-3a734d5c442c",
      "dc:contributor": [
        "https://api.deepl.com/v2/translate"
      ],
      "rdf:language": [
        "it"
      ],
      "rdf:predicate": [
        {
          "@id": "rdfs:comment"
        }
      ]
    }
  ],
  "isLocatedAt": [
    {
      "@id": "https://data.datatourisme.fr/dffa7d8b-66c5-3483-9490-592e4124764e",
      "schema:address": [
        {
          "@id": "https://data.datatourisme.fr/50809457-41ee-3e02-8d55-478be6b4eae7",
          "schema:addressLocality": "Porto-Vecchio",
          "schema:postalCode": "20137",
          "schema:streetAddress": [
            "Avenue Georges Pompidou",
            "Chemin de Covasina"
          ],
          "@type": [
            "schema:PostalAddress",
            "PostalAddress"
          ],
          "hasAddressCity": {
            "@id": "kb:2A247",
            "@type": [
              "City"
            ],
            "rdfs:label": {
              "en": [
                "Porto-Vecchio"
              ],
              "fr": [
                "Porto-Vecchio"
              ]
            },
            "insee": "2A247",
            "isPartOfDepartment": {
              "@id": "kb:France942A",
              "@type": [
                "Department"
              ],
              "rdfs:label": {
                "en": [
                  "Corse-du-Sud"
                ],
                "fr": [
                  "Corse-du-Sud"
                ]
              },
              "insee": "2A",
              "isPartOfRegion": {
                "@id": "kb:France94",
                "@type": [
                  "Region"
                ],
                "rdfs:label": {
                  "en": [
                    "Corse"
                  ],
                  "fr": [
                    "Corse"
                  ]
                },
                "insee": "94",
                "isPartOfCountry": {
                  "@id": "kb:France",
                  "@type": [
                    "schema:Country"
                  ],
                  "rdfs:label": {
                    "de": [
                      "Frankreich"
                    ],
                    "pt": [
                      "França"
                    ],
                    "en": [
                      "France"
                    ],
                    "it": [
                      "Francia"
                    ],
                    "fr": [
                      "France"
                    ],
                    "nl": [
                      "Frankrijk"
                    ],
                    "es": [
                      "Francia"
                    ]
                  }
                }
              }
            }
          }
        }
      ],
      "schema:geo": {
        "@id": "https://data.datatourisme.fr/afcedc9c-5334-3327-a0d5-4681e2bc0de4",
        "schema:latitude": "41.596278",
        "schema:longitude": "9.280712",
        "@type": [
          "schema:GeoCoordinates"
        ]
      },
      "schema:openingHoursSpecification": [
        {
          "@id": "https://data.datatourisme.fr/f87e535a-636d-3343-ad63-8a03392e7511",
          "schema:validFrom": "2023-01-01T00:00:00",
          "schema:validThrough": "2023-12-31T23:59:59",
          "@type": [
            "schema:OpeningHoursSpecification"
          ]
        }
      ],
      "@type": [
        "schema:Place",
        "Place"
      ]
    }
  ],
  "isOwnedBy": [
    {
      "@id": "https://data.datatourisme.fr/f5f950f9-5eec-32b4-a357-2c969ccf4068",
      "schema:email": [
        "camillef.omt@gmail.com",
        "direction@destination-sudcorse.com",
        "gestion@destination-sudcorse.com",
        "promotion@destination-sudcorse.com",
        "webmaster@destination-sudcorse.com"
      ],
      "schema:legalName": "Porto Vecchio Tourisme",
      "@type": [
        "schema:Organization",
        "foaf:Agent",
        "Agent"
      ],
      "foaf:homepage": [
        "http://www.ot-portovecchio.com/"
      ]
    }
  ],
  "lastUpdate": "2023-02-08",
  "lastUpdateDatatourisme": "2023-04-04T05:52:39.29Z",
  "offers": [
    {
      "@id": "https://data.datatourisme.fr/7a1222af-3af6-3543-9b2c-860d436351e2",
      "schema:priceSpecification": [
        {
          "@id": "https://data.datatourisme.fr/6c17e925-70c6-3646-93f5-84e50e251f91",
          "schema:maxPrice": [
            "2023",
            "289"
          ],
          "schema:minPrice": [
            "413",
            "59"
          ],
          "schema:priceCurrency": "EUR",
          "@type": [
            "schema:PriceSpecification",
            "PriceSpecification"
          ],
          "appliesOnPeriod": [
            {
              "@id": "https://data.datatourisme.fr/a425afdf-3594-300b-b55e-1858bafa3fd4",
              "@type": [
                "Period"
              ],
              "endDate": "2023-12-31",
              "startDate": "2023-01-01"
            }
          ]
        }
      ],
      "@type": [
        "schema:Offer",
        "Offer"
      ]
    }
  ]
}