{
  "@id": "https://data.datatourisme.fr/13/63186e96-6c0f-3a01-91a0-00e771bf6f1a",
  "dc:identifier": "5136715",
  "@type": [
    "schema:FoodEstablishment",
    "FoodEstablishment",
    "PlaceOfInterest",
    "PointOfInterest"
  ],
  "rdfs:comment": {
    "de": [
      "L'Altore empfängt Sie im Herzen der Altstadt von L'Ile-Rousse, im historischen Zentrum, gegenüber der Markthalle der Stadt, in einer der belebten und authentischen Gassen. Hier genießen Sie eine traditionelle korsische und mediterrane Küche."
    ],
    "en": [
      "Brasserie L'Altore welcomes you in the very heart of the old town of L'Ile Rousse, in the historic center, facing the covered market, one of the most lively and authentic lanes. You will enjoy a traditional corsican and mediterranean cuisine."
    ],
    "it": [
      "L'Altore vi accoglie nel cuore della città vecchia di L'Ile-Rousse, nel centro storico, di fronte al mercato coperto della città, in una delle sue strade vivaci e autentiche. Potrete gustare una cucina tradizionale corsa e mediterranea."
    ],
    "fr": [
      "L'Altore vous accueille au coeur de la vieille ville de L'Ile-Rousse, dans le centre historique, face au marché couvert de la ville, dans une de ces ruelles animées et authentiques. Vous y goûterez une cuisine traditionnelle corse et méditerranéenne."
    ],
    "nl": [
      "L'Altore verwelkomt u in het hart van de oude stad L'Ile-Rousse, in het historische centrum, tegenover de overdekte markt van de stad, in een van de levendige en authentieke straten. U zult een traditionele Corsicaanse en mediterrane keuken proeven."
    ],
    "es": [
      "L'Altore le da la bienvenida en el corazón del casco antiguo de L'Ile-Rousse, en el centro histórico, frente al mercado cubierto de la ciudad, en una de sus animadas y auténticas calles. Degustará una cocina tradicional corsa y mediterránea."
    ]
  },
  "rdfs:label": {
    "fr": [
      "Brasserie L'Altore"
    ]
  },
  "hasBeenCreatedBy": {
    "@id": "https://data.datatourisme.fr/13/8d420fa3-5754-31f1-8199-69c88780314d",
    "dc:identifier": "1647",
    "schema:email": [
      "web@ileroussetourisme.com"
    ],
    "schema:legalName": "Office de Tourisme Intercommunal de L'Ile Rousse-Balagne",
    "@type": [
      "schema:Organization",
      "foaf:Agent",
      "Agent"
    ],
    "foaf:homepage": [
      "https://www.balagne-corsica.com/"
    ]
  },
  "hasBeenPublishedBy": [
    {
      "@id": "https://data.datatourisme.fr/8a9feb4b-2cbd-3d2c-b507-bd6c6776b23b",
      "schema:legalName": "Apidae Tourisme Scic SA - source : Apidae Tourisme",
      "@type": [
        "schema:Organization",
        "foaf:Agent",
        "Agent"
      ],
      "foaf:homepage": [
        "https://www.apidae-tourisme.com/"
      ]
    }
  ],
  "hasContact": [
    {
      "@id": "https://data.datatourisme.fr/286a1ee6-cc0c-3419-839d-5f7ac3e25fe2",
      "schema:email": [
        "pev2605@icloud.com"
      ],
      "schema:telephone": [
        "+33 4 95 60 31 41",
        "+33 6 98 65 31 41"
      ],
      "@type": [
        "foaf:Agent",
        "Agent"
      ]
    }
  ],
  "hasDescription": [
    {
      "@id": "https://data.datatourisme.fr/e28752fb-d840-33ea-b063-2b72901095cc",
      "@type": [
        "Description"
      ],
      "hasTranslatedProperty": [
        {
          "@id": "https://data.datatourisme.fr/05d1a9ff-2980-3e93-84b6-31fa19140845",
          "dc:contributor": [
            "https://api.deepl.com/v2/translate"
          ],
          "rdf:language": [
            "nl"
          ],
          "rdf:predicate": [
            "shortDescription"
          ]
        },
        {
          "@id": "https://data.datatourisme.fr/7a30bf64-7122-3804-b0ac-a248fd30291e",
          "dc:contributor": [
            "https://api.deepl.com/v2/translate"
          ],
          "rdf:language": [
            "de"
          ],
          "rdf:predicate": [
            "shortDescription"
          ]
        },
        {
          "@id": "https://data.datatourisme.fr/bd751027-d6e0-3b97-8547-952b8fb60166",
          "dc:contributor": [
            "https://api.deepl.com/v2/translate"
          ],
          "rdf:language": [
            "es"
          ],
          "rdf:predicate": [
            "shortDescription"
          ]
        }
      ],
      "shortDescription": {
        "de": [
          "L'Altore empfängt Sie im Herzen der Altstadt von L'Ile-Rousse, im historischen Zentrum, gegenüber der Markthalle der Stadt, in einer der belebten und authentischen Gassen. Hier genießen Sie eine traditionelle korsische und mediterrane Küche."
        ],
        "en": [
          "Brasserie L'Altore welcomes you in the very heart of the old town of L'Ile Rousse, in the historic center, facing the covered market, one of the most lively and authentic lanes. You will enjoy a traditional corsican and mediterranean cuisine."
        ],
        "it": [
          "L'Altore vi accoglie nel cuore della città vecchia di L'Ile-Rousse, nel centro storico, di fronte al mercato coperto della città, in una delle sue strade vivaci e autentiche. Potrete gustare una cucina tradizionale corsa e mediterranea."
        ],
        "fr": [
          "L'Altore vous accueille au coeur de la vieille ville de L'Ile-Rousse, dans le centre historique, face au marché couvert de la ville, dans une de ces ruelles animées et authentiques. Vous y goûterez une cuisine traditionnelle corse et méditerranéenne."
        ],
        "nl": [
          "L'Altore verwelkomt u in het hart van de oude stad L'Ile-Rousse, in het historische centrum, tegenover de overdekte markt van de stad, in een van de levendige en authentieke straten. U zult een traditionele Corsicaanse en mediterrane keuken proeven."
        ],
        "es": [
          "L'Altore le da la bienvenida en el corazón del casco antiguo de L'Ile-Rousse, en el centro histórico, frente al mercado cubierto de la ciudad, en una de sus animadas y auténticas calles. Degustará una cocina tradicional corsa y mediterránea."
        ]
      }
    }
  ],
  "hasTheme": [
    {
      "@id": "kb:MediterraneanCuisine",
      "@type": [
        "CuisineCategory"
      ],
      "rdfs:label": {
        "de": [
          "Mediterrane Küche"
        ],
        "pt": [
          "Cozinha mediterrânica"
        ],
        "en": [
          "Mediterranean cuisine"
        ],
        "it": [
          "Cucina mediterranea"
        ],
        "fr": [
          "Cuisine méditerranéenne"
        ],
        "nl": [
          "Mediterrane keuken"
        ],
        "es": [
          "Cocina mediterránea"
        ]
      }
    }
  ],
  "hasTranslatedProperty": [
    {
      "@id": "https://data.datatourisme.fr/2e07fb18-e1c5-3799-8bd6-5f73ed7272bc",
      "dc:contributor": [
        "https://api.deepl.com/v2/translate"
      ],
      "rdf:language": [
        "es"
      ],
      "rdf:predicate": [
        {
          "@id": "rdfs:comment"
        }
      ]
    },
    {
      "@id": "https://data.datatourisme.fr/2fcf4d09-70de-3d70-8996-6ab1f73fe16b",
      "dc:contributor": [
        "https://api.deepl.com/v2/translate"
      ],
      "rdf:language": [
        "nl"
      ],
      "rdf:predicate": [
        {
          "@id": "rdfs:comment"
        }
      ]
    },
    {
      "@id": "https://data.datatourisme.fr/6a94b092-02dc-3311-8a31-26a1acff64ca",
      "dc:contributor": [
        "https://api.deepl.com/v2/translate"
      ],
      "rdf:language": [
        "de"
      ],
      "rdf:predicate": [
        {
          "@id": "rdfs:comment"
        }
      ]
    }
  ],
  "isLocatedAt": [
    {
      "@id": "https://data.datatourisme.fr/6169d665-4d50-339b-89a8-dc02b67229ae",
      "schema:address": [
        {
          "@id": "https://data.datatourisme.fr/83ecbfef-c9ac-3cd6-a012-3ec0fccd9219",
          "schema:addressLocality": "L'Île-Rousse",
          "schema:postalCode": "20220",
          "schema:streetAddress": [
            "Rue Paoli"
          ],
          "@type": [
            "schema:PostalAddress",
            "PostalAddress"
          ],
          "hasAddressCity": {
            "@id": "kb:2B134",
            "@type": [
              "City"
            ],
            "rdfs:label": {
              "en": [
                "L'Île-Rousse"
              ],
              "fr": [
                "L'Île-Rousse"
              ]
            },
            "insee": "2B134",
            "isPartOfDepartment": {
              "@id": "kb:France942B",
              "@type": [
                "Department"
              ],
              "rdfs:label": {
                "en": [
                  "Haute-Corse"
                ],
                "fr": [
                  "Haute-Corse"
                ]
              },
              "insee": "2B",
              "isPartOfRegion": {
                "@id": "kb:France94",
                "@type": [
                  "Region"
                ],
                "rdfs:label": {
                  "en": [
                    "Corse"
                  ],
                  "fr": [
                    "Corse"
                  ]
                },
                "insee": "94",
                "isPartOfCountry": {
                  "@id": "kb:France",
                  "@type": [
                    "schema:Country"
                  ],
                  "rdfs:label": {
                    "de": [
                      "Frankreich"
                    ],
                    "pt": [
                      "França"
                    ],
                    "en": [
                      "France"
                    ],
                    "it": [
                      "Francia"
                    ],
                    "fr": [
                      "France"
                    ],
                    "nl": [
                      "Frankrijk"
                    ],
                    "es": [
                      "Francia"
                    ]
                  }
                }
              }
            }
          }
        }
      ],
      "schema:geo": {
        "@id": "https://data.datatourisme.fr/d4d92b9b-7d19-387f-9f23-cb7e51cc3be8",
        "schema:latitude": "42.634989",
        "schema:longitude": "8.938181",
        "@type": [
          "schema:GeoCoordinates"
        ]
      },
      "schema:openingHoursSpecification": [
        {
          "@id": "https://data.datatourisme.fr/ac29cd0d-a867-36b7-bf0d-db3f783ee823",
          "schema:validFrom": "2023-03-20T00:00:00",
          "schema:validThrough": "2023-11-19T23:59:59",
          "@type": [
            "schema:OpeningHoursSpecification"
          ]
        }
      ],
      "@type": [
        "schema:Place",
        "Place"
      ]
    }
  ],
  "isOwnedBy": [
    {
      "@id": "https://data.datatourisme.fr/252af22a-253d-33df-b9d7-204832749402",
      "schema:email": [
        "web@ileroussetourisme.com"
      ],
      "schema:legalName": "Office de Tourisme Intercommunal de L'Ile Rousse-Balagne",
      "@type": [
        "schema:Organization",
        "foaf:Agent",
        "Agent"
      ],
      "foaf:homepage": [
        "https://www.balagne-corsica.com/"
      ]
    }
  ],
  "lastUpdate": "2023-02-22",
  "lastUpdateDatatourisme": "2023-04-04T05:52:39.31Z",
  "offers": [
    {
      "@id": "https://data.datatourisme.fr/28acd7c4-f652-3b81-99cc-181b095a2bbc",
      "schema:priceSpecification": [
        {
          "@id": "https://data.datatourisme.fr/37c6cb10-f185-35f4-895a-d12df030a1cc",
          "schema:maxPrice": [
            "25",
            "32"
          ],
          "schema:minPrice": [
            "15",
            "9"
          ],
          "schema:priceCurrency": "EUR",
          "@type": [
            "schema:PriceSpecification",
            "PriceSpecification"
          ],
          "appliesOnPeriod": [
            {
              "@id": "https://data.datatourisme.fr/1aee2502-a666-3042-b719-91b9fcdbeb29",
              "@type": [
                "Period"
              ],
              "endDate": "2022-11-20",
              "startDate": "2022-03-20"
            }
          ]
        }
      ],
      "@type": [
        "schema:Offer",
        "Offer"
      ]
    }
  ],
  "providesCuisineOfType": [
    {
      "@id": "kb:MediterraneanCuisine",
      "@type": [
        "CuisineCategory"
      ],
      "rdfs:label": {
        "de": [
          "Mediterrane Küche"
        ],
        "pt": [
          "Cozinha mediterrânica"
        ],
        "en": [
          "Mediterranean cuisine"
        ],
        "it": [
          "Cucina mediterranea"
        ],
        "fr": [
          "Cuisine méditerranéenne"
        ],
        "nl": [
          "Mediterrane keuken"
        ],
        "es": [
          "Cocina mediterránea"
        ]
      }
    }
  ]
}