{
  "@id": "https://data.datatourisme.fr/13/637ceeff-f81e-3c60-bd32-236be0459fe5",
  "dc:identifier": "5132834",
  "@type": [
    "schema:FoodEstablishment",
    "FoodEstablishment",
    "PlaceOfInterest",
    "PointOfInterest"
  ],
  "rdfs:comment": {
    "de": [
      "Le P'tit Thai bietet Ihnen hausgemachte asiatische Spezialitätengerichte & Sushi-Suggestionen. Wahlweise Lieferung nach Hause oder zum Mitnehmen."
    ],
    "en": [
      "Homemade delicacies from Asia :  Sushi suggestions.\r\nhome delivery or Take away."
    ],
    "it": [
      "Le P'tit Thai vi offre specialità asiatiche fatte in casa e proposte di sushi. A scelta, consegna a domicilio o da asporto."
    ],
    "fr": [
      "Le P'tit Thai vous propose des plats de spécialités asiatiques faits maison & Suggestions de sushi. Au choix, livraison à domicile ou à emporter."
    ],
    "es": [
      "Le P'tit Thai le ofrece especialidades asiáticas caseras y sugerencias de sushi. Opción de entrega a domicilio o para llevar."
    ],
    "nl": [
      "Le P'tit Thai biedt u huisgemaakte Aziatische specialiteiten & sushi suggesties. Keuze uit thuisbezorging of afhalen."
    ]
  },
  "rdfs:label": {
    "fr": [
      "P'tit Thai"
    ]
  },
  "hasBeenCreatedBy": {
    "@id": "https://data.datatourisme.fr/13/8d420fa3-5754-31f1-8199-69c88780314d",
    "dc:identifier": "1647",
    "schema:email": [
      "web@ileroussetourisme.com"
    ],
    "schema:legalName": "Office de Tourisme Intercommunal de L'Ile Rousse-Balagne",
    "@type": [
      "schema:Organization",
      "foaf:Agent",
      "Agent"
    ],
    "foaf:homepage": [
      "https://www.balagne-corsica.com/"
    ]
  },
  "hasBeenPublishedBy": [
    {
      "@id": "https://data.datatourisme.fr/8a9feb4b-2cbd-3d2c-b507-bd6c6776b23b",
      "schema:legalName": "Apidae Tourisme Scic SA - source : Apidae Tourisme",
      "@type": [
        "schema:Organization",
        "foaf:Agent",
        "Agent"
      ],
      "foaf:homepage": [
        "https://www.apidae-tourisme.com/"
      ]
    }
  ],
  "hasContact": [
    {
      "@id": "https://data.datatourisme.fr/280dabe0-d69a-35a7-b794-9e1c49bf7087",
      "schema:telephone": [
        "+33 6 78 74 50 65"
      ],
      "@type": [
        "foaf:Agent",
        "Agent"
      ]
    }
  ],
  "hasDescription": [
    {
      "@id": "https://data.datatourisme.fr/a3fd7127-abcf-39e1-af81-e088549f53b7",
      "@type": [
        "Description"
      ],
      "hasTranslatedProperty": [
        {
          "@id": "https://data.datatourisme.fr/297ce6cd-3d54-3f1b-8c1e-2fedb2eec999",
          "dc:contributor": [
            "https://api.deepl.com/v2/translate"
          ],
          "rdf:language": [
            "de"
          ],
          "rdf:predicate": [
            "shortDescription"
          ]
        },
        {
          "@id": "https://data.datatourisme.fr/a0ed242e-455b-3bf1-94e2-64302fb6136b",
          "dc:contributor": [
            "https://api.deepl.com/v2/translate"
          ],
          "rdf:language": [
            "it"
          ],
          "rdf:predicate": [
            "shortDescription"
          ]
        },
        {
          "@id": "https://data.datatourisme.fr/cf1c1e81-9658-3cb0-a85f-6f387ab53c44",
          "dc:contributor": [
            "https://api.deepl.com/v2/translate"
          ],
          "rdf:language": [
            "nl"
          ],
          "rdf:predicate": [
            "shortDescription"
          ]
        },
        {
          "@id": "https://data.datatourisme.fr/df92a8ad-3192-340a-951f-290276412726",
          "dc:contributor": [
            "https://api.deepl.com/v2/translate"
          ],
          "rdf:language": [
            "es"
          ],
          "rdf:predicate": [
            "shortDescription"
          ]
        }
      ],
      "shortDescription": {
        "de": [
          "Le P'tit Thai bietet Ihnen hausgemachte asiatische Spezialitätengerichte & Sushi-Suggestionen. Wahlweise Lieferung nach Hause oder zum Mitnehmen."
        ],
        "en": [
          "Homemade delicacies from Asia :  Sushi suggestions.\r\nhome delivery or Take away."
        ],
        "it": [
          "Le P'tit Thai vi offre specialità asiatiche fatte in casa e proposte di sushi. A scelta, consegna a domicilio o da asporto."
        ],
        "fr": [
          "Le P'tit Thai vous propose des plats de spécialités asiatiques faits maison & Suggestions de sushi. Au choix, livraison à domicile ou à emporter."
        ],
        "es": [
          "Le P'tit Thai le ofrece especialidades asiáticas caseras y sugerencias de sushi. Opción de entrega a domicilio o para llevar."
        ],
        "nl": [
          "Le P'tit Thai biedt u huisgemaakte Aziatische specialiteiten & sushi suggesties. Keuze uit thuisbezorging of afhalen."
        ]
      }
    }
  ],
  "hasTranslatedProperty": [
    {
      "@id": "https://data.datatourisme.fr/2b0f9020-c9bb-34ed-a2cd-0c013aabf814",
      "dc:contributor": [
        "https://api.deepl.com/v2/translate"
      ],
      "rdf:language": [
        "it"
      ],
      "rdf:predicate": [
        {
          "@id": "rdfs:comment"
        }
      ]
    },
    {
      "@id": "https://data.datatourisme.fr/47000b95-3adc-3354-9d1b-3cd5e30fb1cd",
      "dc:contributor": [
        "https://api.deepl.com/v2/translate"
      ],
      "rdf:language": [
        "es"
      ],
      "rdf:predicate": [
        {
          "@id": "rdfs:comment"
        }
      ]
    },
    {
      "@id": "https://data.datatourisme.fr/74400277-e3c4-35d4-9d01-c722ff23fade",
      "dc:contributor": [
        "https://api.deepl.com/v2/translate"
      ],
      "rdf:language": [
        "nl"
      ],
      "rdf:predicate": [
        {
          "@id": "rdfs:comment"
        }
      ]
    },
    {
      "@id": "https://data.datatourisme.fr/87492787-fc7b-30c6-be42-25c7da6c17ab",
      "dc:contributor": [
        "https://api.deepl.com/v2/translate"
      ],
      "rdf:language": [
        "de"
      ],
      "rdf:predicate": [
        {
          "@id": "rdfs:comment"
        }
      ]
    }
  ],
  "isLocatedAt": [
    {
      "@id": "https://data.datatourisme.fr/409819a4-6bfc-32fb-95a0-da5626611038",
      "schema:address": [
        {
          "@id": "https://data.datatourisme.fr/de1d2bd9-0e29-3e29-83cf-36990833e333",
          "schema:addressLocality": "L'Île-Rousse",
          "schema:postalCode": "20220",
          "schema:streetAddress": [
            "1 Rue D. Fioravanti"
          ],
          "@type": [
            "schema:PostalAddress",
            "PostalAddress"
          ],
          "hasAddressCity": {
            "@id": "kb:2B134",
            "@type": [
              "City"
            ],
            "rdfs:label": {
              "en": [
                "L'Île-Rousse"
              ],
              "fr": [
                "L'Île-Rousse"
              ]
            },
            "insee": "2B134",
            "isPartOfDepartment": {
              "@id": "kb:France942B",
              "@type": [
                "Department"
              ],
              "rdfs:label": {
                "en": [
                  "Haute-Corse"
                ],
                "fr": [
                  "Haute-Corse"
                ]
              },
              "insee": "2B",
              "isPartOfRegion": {
                "@id": "kb:France94",
                "@type": [
                  "Region"
                ],
                "rdfs:label": {
                  "en": [
                    "Corse"
                  ],
                  "fr": [
                    "Corse"
                  ]
                },
                "insee": "94",
                "isPartOfCountry": {
                  "@id": "kb:France",
                  "@type": [
                    "schema:Country"
                  ],
                  "rdfs:label": {
                    "de": [
                      "Frankreich"
                    ],
                    "pt": [
                      "França"
                    ],
                    "en": [
                      "France"
                    ],
                    "it": [
                      "Francia"
                    ],
                    "fr": [
                      "France"
                    ],
                    "nl": [
                      "Frankrijk"
                    ],
                    "es": [
                      "Francia"
                    ]
                  }
                }
              }
            }
          }
        }
      ],
      "schema:geo": {
        "@id": "https://data.datatourisme.fr/883acfa4-4e5e-3243-bb48-f7fcc537cd54",
        "schema:latitude": "42.63503",
        "schema:longitude": "8.937865",
        "@type": [
          "schema:GeoCoordinates"
        ]
      },
      "schema:openingHoursSpecification": [
        {
          "@id": "https://data.datatourisme.fr/cb8e5ac1-fa6a-3385-89c4-ce5a8ca47fd1",
          "schema:closes": "23:00:00",
          "schema:opens": "12:00:00",
          "schema:validFrom": "2023-01-01T00:00:00",
          "schema:validThrough": "2023-12-31T23:59:59",
          "@type": [
            "schema:OpeningHoursSpecification"
          ],
          "additionalInformation": {
            "de": [
              "7T/7 im Sommer von 12:00 bis 23:00 Uhr -\r\nLiefergebiet: L'Île Rousse, Monticello, Lozari, Santa-Reparata, Corbara, Algajola, Sant'Ambroggio, Lumio und Calvi"
            ],
            "en": [
              "7 days a week in summer from 12h to 23h -\r\nDelivery area : Île Rousse, Monticello, Lozari, Santa-Reparata, Corbara, Algajola, Sant'Ambroggio, Lumio and Calvi"
            ],
            "it": [
              "7 giorni su 7 in estate, dalle 12 alle 23\r\nArea di consegna: Île Rousse, Monticello, Lozari, Santa-Reparata, Corbara, Algajola, Sant'Ambroggio, Lumio e Calvi"
            ],
            "fr": [
              "7J/7 en été de 12h à 23h - \r\nZone de livraison : L'Île Rousse, Monticello, Lozari, Santa-Reparata, Corbara, Algajola, Sant’Ambroggio, Lumio et Calvi"
            ],
            "nl": [
              "7 dagen per week in de zomer van 12 tot 23 uur -\r\nLeveringsgebied: Île Rousse, Monticello, Lozari, Santa-Reparata, Corbara, Algajola, Sant'Ambroggio, Lumio en Calvi"
            ],
            "es": [
              "7 días a la semana en verano de 12 a 23 horas -\r\nZona de entrega: Île Rousse, Monticello, Lozari, Santa-Reparata, Corbara, Algajola, Sant'Ambroggio, Lumio y Calvi"
            ]
          },
          "hasTranslatedProperty": [
            {
              "@id": "https://data.datatourisme.fr/171f7649-c6c2-3afa-a0d3-c9f0c7237b05",
              "dc:contributor": [
                "https://api.deepl.com/v2/translate"
              ],
              "rdf:language": [
                "en"
              ],
              "rdf:predicate": [
                "additionalInformation"
              ]
            },
            {
              "@id": "https://data.datatourisme.fr/17b13f1e-5073-31d4-91c7-814d4b57addd",
              "dc:contributor": [
                "https://api.deepl.com/v2/translate"
              ],
              "rdf:language": [
                "nl"
              ],
              "rdf:predicate": [
                "additionalInformation"
              ]
            },
            {
              "@id": "https://data.datatourisme.fr/233324a9-f2bd-3fcd-9516-f15a8d70e5e1",
              "dc:contributor": [
                "https://api.deepl.com/v2/translate"
              ],
              "rdf:language": [
                "it"
              ],
              "rdf:predicate": [
                "additionalInformation"
              ]
            },
            {
              "@id": "https://data.datatourisme.fr/a6b531d2-9ccc-3fed-842c-9de96870ff0e",
              "dc:contributor": [
                "https://api.deepl.com/v2/translate"
              ],
              "rdf:language": [
                "es"
              ],
              "rdf:predicate": [
                "additionalInformation"
              ]
            },
            {
              "@id": "https://data.datatourisme.fr/be4170ab-4091-349b-b97f-5ea4defa501a",
              "dc:contributor": [
                "https://api.deepl.com/v2/translate"
              ],
              "rdf:language": [
                "de"
              ],
              "rdf:predicate": [
                "additionalInformation"
              ]
            }
          ]
        }
      ],
      "@type": [
        "schema:Place",
        "Place"
      ]
    }
  ],
  "isOwnedBy": [
    {
      "@id": "https://data.datatourisme.fr/252af22a-253d-33df-b9d7-204832749402",
      "schema:email": [
        "web@ileroussetourisme.com"
      ],
      "schema:legalName": "Office de Tourisme Intercommunal de L'Ile Rousse-Balagne",
      "@type": [
        "schema:Organization",
        "foaf:Agent",
        "Agent"
      ],
      "foaf:homepage": [
        "https://www.balagne-corsica.com/"
      ]
    }
  ],
  "lastUpdate": "2022-01-19",
  "lastUpdateDatatourisme": "2023-02-17T06:38:59.234Z",
  "offers": [
    {
      "@id": "https://data.datatourisme.fr/da65d221-a584-3d82-b7e1-62e5644db445",
      "schema:priceSpecification": [
        {
          "@id": "https://data.datatourisme.fr/a24edea2-f6f6-39a5-8517-3b4deddc2ce6",
          "@type": [
            "schema:PriceSpecification",
            "PriceSpecification"
          ],
          "appliesOnPeriod": [
            {
              "@id": "https://data.datatourisme.fr/0663ca4b-3470-3171-9053-39aa704e8f56",
              "@type": [
                "Period"
              ],
              "endDate": "2022-12-31",
              "startDate": "2022-01-01"
            }
          ]
        }
      ],
      "@type": [
        "schema:Offer",
        "Offer"
      ]
    }
  ]
}