{
  "@id": "https://data.datatourisme.fr/13/63f8c593-eb14-349f-8e1a-faf34a6d93e1",
  "dc:identifier": "5502822",
  "@type": [
    "schema:FoodEstablishment",
    "FoodEstablishment",
    "PlaceOfInterest",
    "PointOfInterest"
  ],
  "rdfs:comment": {
    "de": [
      "Privates Strandrestaurant am Strand von St. Cyprien mit seinem türkisfarbenen Wasser, nur einen Steinwurf von Porto-Vecchio entfernt. Schickes, entspanntes Ambiente, tadelloser Empfang, Qualitätsküche, Strandarbeiter, die sich um Sie kümmern..\r\nReservierung empfohlen."
    ],
    "en": [
      "Private beach restaurant on the beach of St Cyprien and its turquoise waters, a few miles from Porto-Vecchio. Relaxed chic atmosphere, impeccable welcome, quality cuisine, attentive beach attendant..\r\nReservation recommended."
    ],
    "it": [
      "Ristorante privato sulla spiaggia di St Cyprien e le sue acque turchesi, a pochi chilometri da Porto-Vecchio. Atmosfera rilassata e chic, accoglienza impeccabile, cucina di qualità, attento assistente di spiaggia..\r\nSi consiglia la prenotazione."
    ],
    "fr": [
      "Restaurant plage privée sur la plage de St Cyprien et ses eaux turquoises, à quelques encablures de Porto-Vecchio. Ambiance chic décontractée, accueil irréprochable, cuisine de qualité, plagiste aux petits soins... \r\nRéservation recommandée."
    ],
    "es": [
      "Restaurante privado en la playa de St Cyprien y sus aguas turquesas, a pocos kilómetros de Porto-Vecchio. Ambiente relajado y elegante, acogida impecable, cocina de calidad, atenta atención en la playa..\r\nSe recomienda reservar."
    ],
    "nl": [
      "Privé-strandrestaurant aan het strand van St Cyprien en zijn turkooizen water, op enkele kilometers van Porto-Vecchio. Ontspannen chique sfeer, onberispelijke ontvangst, kwaliteitskeuken, attente strandverzorger..\r\nReservering aanbevolen."
    ]
  },
  "rdfs:label": {
    "fr": [
      "Le Tiki Chez Marco"
    ]
  },
  "hasBeenCreatedBy": {
    "@id": "https://data.datatourisme.fr/13/84c6494d-3085-3c63-a55c-db8cb047fadd",
    "dc:identifier": "1738",
    "schema:email": [
      "camillef.omt@gmail.com",
      "direction@destination-sudcorse.com",
      "gestion@destination-sudcorse.com",
      "promotion@destination-sudcorse.com",
      "webmaster@destination-sudcorse.com"
    ],
    "schema:legalName": "Porto Vecchio Tourisme",
    "@type": [
      "schema:Organization",
      "foaf:Agent",
      "Agent"
    ],
    "foaf:homepage": [
      "http://www.ot-portovecchio.com/"
    ]
  },
  "hasBeenPublishedBy": [
    {
      "@id": "https://data.datatourisme.fr/8a9feb4b-2cbd-3d2c-b507-bd6c6776b23b",
      "schema:legalName": "Apidae Tourisme Scic SA - source : Apidae Tourisme",
      "@type": [
        "schema:Organization",
        "foaf:Agent",
        "Agent"
      ],
      "foaf:homepage": [
        "https://www.apidae-tourisme.com/"
      ]
    }
  ],
  "hasContact": [
    {
      "@id": "https://data.datatourisme.fr/b5112393-d90c-36ea-b336-3dc396e2da65",
      "schema:telephone": [
        "+33 4 95 71 65 46"
      ],
      "@type": [
        "foaf:Agent",
        "Agent"
      ]
    }
  ],
  "hasDescription": [
    {
      "@id": "https://data.datatourisme.fr/762597c0-bf8d-3e63-8a07-cab9dcb7073d",
      "@type": [
        "Description"
      ],
      "hasTranslatedProperty": [
        {
          "@id": "https://data.datatourisme.fr/072d61fc-e3ce-334b-8bd8-7684cc5b8e5b",
          "dc:contributor": [
            "https://api.deepl.com/v2/translate"
          ],
          "rdf:language": [
            "de"
          ],
          "rdf:predicate": [
            "shortDescription"
          ]
        },
        {
          "@id": "https://data.datatourisme.fr/1b2e5966-485c-307f-ab41-7442408f699e",
          "dc:contributor": [
            "https://api.deepl.com/v2/translate"
          ],
          "rdf:language": [
            "es"
          ],
          "rdf:predicate": [
            "shortDescription"
          ]
        },
        {
          "@id": "https://data.datatourisme.fr/26889a5a-2192-3d70-a1b7-83ac6a5816e6",
          "dc:contributor": [
            "https://api.deepl.com/v2/translate"
          ],
          "rdf:language": [
            "nl"
          ],
          "rdf:predicate": [
            "shortDescription"
          ]
        },
        {
          "@id": "https://data.datatourisme.fr/480d1e51-1ff2-3acd-aba5-9baf3cc889ca",
          "dc:contributor": [
            "https://api.deepl.com/v2/translate"
          ],
          "rdf:language": [
            "en"
          ],
          "rdf:predicate": [
            "shortDescription"
          ]
        },
        {
          "@id": "https://data.datatourisme.fr/a2c81206-7b64-3bc8-acda-d0413909fc34",
          "dc:contributor": [
            "https://api.deepl.com/v2/translate"
          ],
          "rdf:language": [
            "it"
          ],
          "rdf:predicate": [
            "shortDescription"
          ]
        }
      ],
      "shortDescription": {
        "de": [
          "Privates Strandrestaurant am Strand von St. Cyprien mit seinem türkisfarbenen Wasser, nur einen Steinwurf von Porto-Vecchio entfernt. Schickes, entspanntes Ambiente, tadelloser Empfang, Qualitätsküche, Strandarbeiter, die sich um Sie kümmern..\r\nReservierung empfohlen."
        ],
        "en": [
          "Private beach restaurant on the beach of St Cyprien and its turquoise waters, a few miles from Porto-Vecchio. Relaxed chic atmosphere, impeccable welcome, quality cuisine, attentive beach attendant..\r\nReservation recommended."
        ],
        "it": [
          "Ristorante privato sulla spiaggia di St Cyprien e le sue acque turchesi, a pochi chilometri da Porto-Vecchio. Atmosfera rilassata e chic, accoglienza impeccabile, cucina di qualità, attento assistente di spiaggia..\r\nSi consiglia la prenotazione."
        ],
        "fr": [
          "Restaurant plage privée sur la plage de St Cyprien et ses eaux turquoises, à quelques encablures de Porto-Vecchio. Ambiance chic décontractée, accueil irréprochable, cuisine de qualité, plagiste aux petits soins... \r\nRéservation recommandée."
        ],
        "es": [
          "Restaurante privado en la playa de St Cyprien y sus aguas turquesas, a pocos kilómetros de Porto-Vecchio. Ambiente relajado y elegante, acogida impecable, cocina de calidad, atenta atención en la playa..\r\nSe recomienda reservar."
        ],
        "nl": [
          "Privé-strandrestaurant aan het strand van St Cyprien en zijn turkooizen water, op enkele kilometers van Porto-Vecchio. Ontspannen chique sfeer, onberispelijke ontvangst, kwaliteitskeuken, attente strandverzorger..\r\nReservering aanbevolen."
        ]
      }
    }
  ],
  "hasTranslatedProperty": [
    {
      "@id": "https://data.datatourisme.fr/12321ba2-164e-3e39-97b8-5985cf2136d5",
      "dc:contributor": [
        "https://api.deepl.com/v2/translate"
      ],
      "rdf:language": [
        "it"
      ],
      "rdf:predicate": [
        {
          "@id": "rdfs:comment"
        }
      ]
    },
    {
      "@id": "https://data.datatourisme.fr/3e7d79b7-b8b6-309f-b0f3-5553239027a5",
      "dc:contributor": [
        "https://api.deepl.com/v2/translate"
      ],
      "rdf:language": [
        "es"
      ],
      "rdf:predicate": [
        {
          "@id": "rdfs:comment"
        }
      ]
    },
    {
      "@id": "https://data.datatourisme.fr/67e04195-7e45-388f-8949-231f6e04b299",
      "dc:contributor": [
        "https://api.deepl.com/v2/translate"
      ],
      "rdf:language": [
        "nl"
      ],
      "rdf:predicate": [
        {
          "@id": "rdfs:comment"
        }
      ]
    },
    {
      "@id": "https://data.datatourisme.fr/6a740385-a259-371f-8315-46ce93ebbc24",
      "dc:contributor": [
        "https://api.deepl.com/v2/translate"
      ],
      "rdf:language": [
        "en"
      ],
      "rdf:predicate": [
        {
          "@id": "rdfs:comment"
        }
      ]
    },
    {
      "@id": "https://data.datatourisme.fr/f7bc0c80-2c81-3b1b-9ee6-a2eff6bb3def",
      "dc:contributor": [
        "https://api.deepl.com/v2/translate"
      ],
      "rdf:language": [
        "de"
      ],
      "rdf:predicate": [
        {
          "@id": "rdfs:comment"
        }
      ]
    }
  ],
  "isLocatedAt": [
    {
      "@id": "https://data.datatourisme.fr/d47d78d6-8207-3ef2-831c-7a7936489403",
      "schema:address": [
        {
          "@id": "https://data.datatourisme.fr/e3839e53-945c-3a71-915e-2e62c4f5c1b5",
          "schema:addressLocality": "Lecci",
          "schema:postalCode": "20137",
          "schema:streetAddress": [
            "Plage de Saint Cyprien"
          ],
          "@type": [
            "schema:PostalAddress",
            "PostalAddress"
          ],
          "hasAddressCity": {
            "@id": "kb:2A139",
            "@type": [
              "City"
            ],
            "rdfs:label": {
              "en": [
                "Lecci"
              ],
              "fr": [
                "Lecci"
              ]
            },
            "insee": "2A139",
            "isPartOfDepartment": {
              "@id": "kb:France942A",
              "@type": [
                "Department"
              ],
              "rdfs:label": {
                "en": [
                  "Corse-du-Sud"
                ],
                "fr": [
                  "Corse-du-Sud"
                ]
              },
              "insee": "2A",
              "isPartOfRegion": {
                "@id": "kb:France94",
                "@type": [
                  "Region"
                ],
                "rdfs:label": {
                  "en": [
                    "Corse"
                  ],
                  "fr": [
                    "Corse"
                  ]
                },
                "insee": "94",
                "isPartOfCountry": {
                  "@id": "kb:France",
                  "@type": [
                    "schema:Country"
                  ],
                  "rdfs:label": {
                    "de": [
                      "Frankreich"
                    ],
                    "pt": [
                      "França"
                    ],
                    "en": [
                      "France"
                    ],
                    "it": [
                      "Francia"
                    ],
                    "fr": [
                      "France"
                    ],
                    "nl": [
                      "Frankrijk"
                    ],
                    "es": [
                      "Francia"
                    ]
                  }
                }
              }
            }
          }
        }
      ],
      "schema:geo": {
        "@id": "https://data.datatourisme.fr/29c16cd7-6180-3b3c-a3b7-91678db03ade",
        "schema:latitude": "41.63139",
        "schema:longitude": "9.346045",
        "@type": [
          "schema:GeoCoordinates"
        ]
      },
      "schema:openingHoursSpecification": [
        {
          "@id": "https://data.datatourisme.fr/77d25801-fc0e-336f-9b08-5f784a2fd395",
          "schema:validFrom": "2023-05-20T00:00:00",
          "schema:validThrough": "2023-09-30T23:59:59",
          "@type": [
            "schema:OpeningHoursSpecification"
          ]
        }
      ],
      "@type": [
        "schema:Place",
        "Place"
      ]
    }
  ],
  "isOwnedBy": [
    {
      "@id": "https://data.datatourisme.fr/f5f950f9-5eec-32b4-a357-2c969ccf4068",
      "schema:email": [
        "camillef.omt@gmail.com",
        "direction@destination-sudcorse.com",
        "gestion@destination-sudcorse.com",
        "promotion@destination-sudcorse.com",
        "webmaster@destination-sudcorse.com"
      ],
      "schema:legalName": "Porto Vecchio Tourisme",
      "@type": [
        "schema:Organization",
        "foaf:Agent",
        "Agent"
      ],
      "foaf:homepage": [
        "http://www.ot-portovecchio.com/"
      ]
    }
  ],
  "lastUpdate": "2023-02-14",
  "lastUpdateDatatourisme": "2023-02-15T06:38:07.029Z",
  "offers": [
    {
      "@id": "https://data.datatourisme.fr/20599e39-d5b8-3b16-b03a-ee797c8cf12e",
      "schema:priceSpecification": [
        {
          "@id": "https://data.datatourisme.fr/267c9bcd-0c79-3db0-9f8b-9a37c2cf0dfa",
          "schema:minPrice": [
            "25"
          ],
          "schema:priceCurrency": "EUR",
          "@type": [
            "schema:PriceSpecification",
            "PriceSpecification"
          ],
          "appliesOnPeriod": [
            {
              "@id": "https://data.datatourisme.fr/4f744291-a338-3b04-b51e-aa810acdce98",
              "@type": [
                "Period"
              ],
              "endDate": "2023-09-30",
              "startDate": "2023-05-20"
            }
          ]
        }
      ],
      "@type": [
        "schema:Offer",
        "Offer"
      ]
    }
  ]
}