{
  "@id": "https://data.datatourisme.fr/13/3d196c21-90f6-32d7-bb8a-d89796b18b0c",
  "dc:identifier": "5243763",
  "@type": [
    "schema:LocalBusiness",
    "PlaceOfInterest",
    "PointOfInterest",
    "TastingProvider"
  ],
  "rdfs:comment": {
    "de": [
      "Ausbeutung de Porc \"Nustrale\". Besuch im Buggy begleitet zur Entdeckung der Domain."
    ],
    "en": [
      "Exploitation de Porc \"Nustrale\". Visit in buggy accompanied to the discovery of the domain."
    ],
    "it": [
      "Exploitation de Porc \"Nustrale\". Visita in buggy accompagnata alla scoperta del dominio."
    ],
    "fr": [
      "Visitez l’exploitation de Maxence en buggy 6 places ! Il vous expliquera tout sur son élevage et la race Nustrale. Vous caresserez même les cochons ! A la fin de la visite, spuntinu avec dégustation de sa charcuterie en AOP. Réservation par téléphone."
    ],
    "es": [
      "Visite la granja de Maxence en un buggy de 6 plazas Le explicará todo sobre su cría y la raza Nustrale. Incluso puedes acariciar a los cerdos Al final de la visita, spuntinu con degustación de su charcutería DOP. Reserva por teléfono."
    ],
    "nl": [
      "Exploitatie de Porc \"Nustrale\". Bezoek in buggy vergezeld van de ontdekking van het domein."
    ]
  },
  "rdfs:label": {
    "fr": [
      "U Porcu Ranger Maxence Finidori"
    ]
  },
  "hasBeenCreatedBy": {
    "@id": "https://data.datatourisme.fr/13/84c6494d-3085-3c63-a55c-db8cb047fadd",
    "dc:identifier": "1738",
    "schema:email": [
      "camillef.omt@gmail.com",
      "direction@destination-sudcorse.com",
      "gestion@destination-sudcorse.com",
      "promotion@destination-sudcorse.com",
      "webmaster@destination-sudcorse.com"
    ],
    "schema:legalName": "Porto Vecchio Tourisme",
    "@type": [
      "schema:Organization",
      "foaf:Agent",
      "Agent"
    ],
    "foaf:homepage": [
      "http://www.ot-portovecchio.com/"
    ]
  },
  "hasBeenPublishedBy": [
    {
      "@id": "https://data.datatourisme.fr/8a9feb4b-2cbd-3d2c-b507-bd6c6776b23b",
      "schema:legalName": "Apidae Tourisme Scic SA - source : Apidae Tourisme",
      "@type": [
        "schema:Organization",
        "foaf:Agent",
        "Agent"
      ],
      "foaf:homepage": [
        "https://www.apidae-tourisme.com/"
      ]
    }
  ],
  "hasContact": [
    {
      "@id": "https://data.datatourisme.fr/029c2a3e-74df-39d8-a6ff-27ba1f5df2e6",
      "schema:email": [
        "uporcuranger@gmail.com"
      ],
      "schema:telephone": [
        "+33 6 14 02 56 48"
      ],
      "@type": [
        "foaf:Agent",
        "Agent"
      ],
      "foaf:homepage": [
        "https://u-porcu-ranger.business.site/"
      ]
    }
  ],
  "hasDescription": [
    {
      "@id": "https://data.datatourisme.fr/371d916a-54fa-3860-a50f-b0495dd6385a",
      "@type": [
        "Description"
      ],
      "hasTranslatedProperty": [
        {
          "@id": "https://data.datatourisme.fr/9d893e57-7226-330d-a253-e21f38e26f7e",
          "dc:contributor": [
            "https://api.deepl.com/v2/translate"
          ],
          "rdf:language": [
            "es"
          ],
          "rdf:predicate": [
            "shortDescription"
          ]
        }
      ],
      "shortDescription": {
        "de": [
          "Ausbeutung de Porc \"Nustrale\". Besuch im Buggy begleitet zur Entdeckung der Domain."
        ],
        "en": [
          "Exploitation de Porc \"Nustrale\". Visit in buggy accompanied to the discovery of the domain."
        ],
        "it": [
          "Exploitation de Porc \"Nustrale\". Visita in buggy accompagnata alla scoperta del dominio."
        ],
        "fr": [
          "Visitez l’exploitation de Maxence en buggy 6 places ! Il vous expliquera tout sur son élevage et la race Nustrale. Vous caresserez même les cochons ! A la fin de la visite, spuntinu avec dégustation de sa charcuterie en AOP. Réservation par téléphone."
        ],
        "es": [
          "Visite la granja de Maxence en un buggy de 6 plazas Le explicará todo sobre su cría y la raza Nustrale. Incluso puedes acariciar a los cerdos Al final de la visita, spuntinu con degustación de su charcutería DOP. Reserva por teléfono."
        ],
        "nl": [
          "Exploitatie de Porc \"Nustrale\". Bezoek in buggy vergezeld van de ontdekking van het domein."
        ]
      }
    }
  ],
  "hasTranslatedProperty": [
    {
      "@id": "https://data.datatourisme.fr/660e6b2c-61b7-33c3-b653-c52f080db296",
      "dc:contributor": [
        "https://api.deepl.com/v2/translate"
      ],
      "rdf:language": [
        "es"
      ],
      "rdf:predicate": [
        {
          "@id": "rdfs:comment"
        }
      ]
    }
  ],
  "isLocatedAt": [
    {
      "@id": "https://data.datatourisme.fr/9a0866af-5b0a-31fd-808a-52fd7a53ca22",
      "schema:address": [
        {
          "@id": "https://data.datatourisme.fr/a5f28ad1-515a-3bc7-a2e5-a37240796932",
          "schema:addressLocality": "Figari",
          "schema:postalCode": "20114",
          "schema:streetAddress": [
            "Domaine de Piscia",
            "Lieu dit Piscia"
          ],
          "@type": [
            "schema:PostalAddress",
            "PostalAddress"
          ],
          "hasAddressCity": {
            "@id": "kb:2A114",
            "@type": [
              "City"
            ],
            "rdfs:label": {
              "en": [
                "Figari"
              ],
              "fr": [
                "Figari"
              ]
            },
            "insee": "2A114",
            "isPartOfDepartment": {
              "@id": "kb:France942A",
              "@type": [
                "Department"
              ],
              "rdfs:label": {
                "en": [
                  "Corse-du-Sud"
                ],
                "fr": [
                  "Corse-du-Sud"
                ]
              },
              "insee": "2A",
              "isPartOfRegion": {
                "@id": "kb:France94",
                "@type": [
                  "Region"
                ],
                "rdfs:label": {
                  "en": [
                    "Corse"
                  ],
                  "fr": [
                    "Corse"
                  ]
                },
                "insee": "94",
                "isPartOfCountry": {
                  "@id": "kb:France",
                  "@type": [
                    "schema:Country"
                  ],
                  "rdfs:label": {
                    "de": [
                      "Frankreich"
                    ],
                    "pt": [
                      "França"
                    ],
                    "en": [
                      "France"
                    ],
                    "it": [
                      "Francia"
                    ],
                    "fr": [
                      "France"
                    ],
                    "nl": [
                      "Frankrijk"
                    ],
                    "es": [
                      "Francia"
                    ]
                  }
                }
              }
            }
          }
        }
      ],
      "schema:geo": {
        "@id": "https://data.datatourisme.fr/48f909a4-0da9-31a4-81dc-645882846d00",
        "schema:latitude": "41.544567",
        "schema:longitude": "9.116699",
        "@type": [
          "schema:GeoCoordinates"
        ]
      },
      "schema:openingHoursSpecification": [
        {
          "@id": "https://data.datatourisme.fr/f87e535a-636d-3343-ad63-8a03392e7511",
          "schema:validFrom": "2023-01-01T00:00:00",
          "schema:validThrough": "2023-12-31T23:59:59",
          "@type": [
            "schema:OpeningHoursSpecification"
          ]
        }
      ],
      "@type": [
        "schema:Place",
        "Place"
      ]
    }
  ],
  "isOwnedBy": [
    {
      "@id": "https://data.datatourisme.fr/f5f950f9-5eec-32b4-a357-2c969ccf4068",
      "schema:email": [
        "camillef.omt@gmail.com",
        "direction@destination-sudcorse.com",
        "gestion@destination-sudcorse.com",
        "promotion@destination-sudcorse.com",
        "webmaster@destination-sudcorse.com"
      ],
      "schema:legalName": "Porto Vecchio Tourisme",
      "@type": [
        "schema:Organization",
        "foaf:Agent",
        "Agent"
      ],
      "foaf:homepage": [
        "http://www.ot-portovecchio.com/"
      ]
    }
  ],
  "lastUpdate": "2022-12-14",
  "lastUpdateDatatourisme": "2023-02-01T18:07:35.806Z"
}