{
  "@id": "https://data.datatourisme.fr/13/3ddebeb2-577a-3b5f-8b44-34ce8ba9eed2",
  "dc:identifier": "5007762",
  "@type": [
    "schema:LocalBusiness",
    "ActivityProvider",
    "PlaceOfInterest",
    "PointOfInterest",
    "Store"
  ],
  "rdfs:comment": {
    "de": [
      "Shuttle-Busse und Ausflüge im Geländewagen mit Fahrer/Führer in die Wüste Désert des Agriates, zum Strand von Saleccia und nach Lotu. Kombinierte Touren 4x4/Boot/Wanderung ab 35€/Person"
    ],
    "en": [
      "Go exploring Agriate with the comfortable shuttle service proposed by Saleccia Off Road. In a 4x4 vehicle or a combination of 4x4, boat and hiking (from €30/pers)"
    ],
    "it": [
      "Navette ed escursioni in 4x4, con autista/guida nel Deserto degli Agriates, verso la spiaggia di Saleccia e il Lotu. Tour combinati 4x4/barca/escursione a partire da 35?/persona"
    ],
    "fr": [
      "Navettes et Excursions en 4x4, avec chauffeur/guide dans le Désert des Agriates, en direction de la plage de Saleccia et du Lotu. Tours combinants 4x4/bateau/rando à partir de 35€/personne"
    ],
    "es": [
      "Traslados y excursiones en 4x4, con conductor/guía en el desierto de Agriates, hacia la playa de Saleccia y el Lotu. Combinación de 4x4/barco/senderismo a partir de 35€/persona"
    ],
    "nl": [
      "Shuttles en excursies in 4x4, met chauffeur/gids in de Agriates woestijn, naar het strand van Saleccia en de Lotu. Gecombineerde 4x4/boot/wandeltochten vanaf 35€/persoon"
    ]
  },
  "rdfs:label": {
    "fr": [
      "Saleccia off road"
    ]
  },
  "hasBeenCreatedBy": {
    "@id": "https://data.datatourisme.fr/13/8d420fa3-5754-31f1-8199-69c88780314d",
    "dc:identifier": "1647",
    "schema:email": [
      "web@ileroussetourisme.com"
    ],
    "schema:legalName": "Office de Tourisme Intercommunal de L'Ile Rousse-Balagne",
    "@type": [
      "schema:Organization",
      "foaf:Agent",
      "Agent"
    ],
    "foaf:homepage": [
      "https://www.balagne-corsica.com/"
    ]
  },
  "hasBeenPublishedBy": [
    {
      "@id": "https://data.datatourisme.fr/8a9feb4b-2cbd-3d2c-b507-bd6c6776b23b",
      "schema:legalName": "Apidae Tourisme Scic SA - source : Apidae Tourisme",
      "@type": [
        "schema:Organization",
        "foaf:Agent",
        "Agent"
      ],
      "foaf:homepage": [
        "https://www.apidae-tourisme.com/"
      ]
    }
  ],
  "hasContact": [
    {
      "@id": "https://data.datatourisme.fr/07906d0b-a889-3453-b880-b470bdcffcf6",
      "schema:email": [
        "contact@saleccia-off-road.com"
      ],
      "schema:telephone": [
        "+33 6 64 00 38 92"
      ],
      "@type": [
        "foaf:Agent",
        "Agent"
      ],
      "foaf:homepage": [
        "http://www.saleccia-off-road.com/"
      ]
    }
  ],
  "hasDescription": [
    {
      "@id": "https://data.datatourisme.fr/acc94994-d583-39d9-a33a-7a40f67d4835",
      "@type": [
        "Description"
      ],
      "hasTranslatedProperty": [
        {
          "@id": "https://data.datatourisme.fr/5b7b68ae-03a8-3694-8054-596d1d6d8cf7",
          "dc:contributor": [
            "https://api.deepl.com/v2/translate"
          ],
          "rdf:language": [
            "es"
          ],
          "rdf:predicate": [
            "shortDescription"
          ]
        },
        {
          "@id": "https://data.datatourisme.fr/7117301e-f000-3a24-b034-4fddf6e26daa",
          "dc:contributor": [
            "https://api.deepl.com/v2/translate"
          ],
          "rdf:language": [
            "de"
          ],
          "rdf:predicate": [
            "shortDescription"
          ]
        },
        {
          "@id": "https://data.datatourisme.fr/91fb9c2d-9f95-311d-917b-d4352160872c",
          "dc:contributor": [
            "https://api.deepl.com/v2/translate"
          ],
          "rdf:language": [
            "it"
          ],
          "rdf:predicate": [
            "shortDescription"
          ]
        },
        {
          "@id": "https://data.datatourisme.fr/b71d17e3-d83e-3944-9ae8-6d4856fd4dcb",
          "dc:contributor": [
            "https://api.deepl.com/v2/translate"
          ],
          "rdf:language": [
            "nl"
          ],
          "rdf:predicate": [
            "shortDescription"
          ]
        }
      ],
      "shortDescription": {
        "de": [
          "Shuttle-Busse und Ausflüge im Geländewagen mit Fahrer/Führer in die Wüste Désert des Agriates, zum Strand von Saleccia und nach Lotu. Kombinierte Touren 4x4/Boot/Wanderung ab 35€/Person"
        ],
        "en": [
          "Go exploring Agriate with the comfortable shuttle service proposed by Saleccia Off Road. In a 4x4 vehicle or a combination of 4x4, boat and hiking (from €30/pers)"
        ],
        "it": [
          "Navette ed escursioni in 4x4, con autista/guida nel Deserto degli Agriates, verso la spiaggia di Saleccia e il Lotu. Tour combinati 4x4/barca/escursione a partire da 35?/persona"
        ],
        "fr": [
          "Navettes et Excursions en 4x4, avec chauffeur/guide dans le Désert des Agriates, en direction de la plage de Saleccia et du Lotu. Tours combinants 4x4/bateau/rando à partir de 35€/personne"
        ],
        "es": [
          "Traslados y excursiones en 4x4, con conductor/guía en el desierto de Agriates, hacia la playa de Saleccia y el Lotu. Combinación de 4x4/barco/senderismo a partir de 35€/persona"
        ],
        "nl": [
          "Shuttles en excursies in 4x4, met chauffeur/gids in de Agriates woestijn, naar het strand van Saleccia en de Lotu. Gecombineerde 4x4/boot/wandeltochten vanaf 35€/persoon"
        ]
      }
    }
  ],
  "hasTheme": [
    {
      "@id": "kb:FourWheelDrive",
      "@type": [
        "SportsTheme"
      ],
      "rdfs:label": {
        "de": [
          "4 × 4"
        ],
        "pt": [
          "4 X 4"
        ],
        "en": [
          "Four-wheel drive"
        ],
        "it": [
          "4 × 4"
        ],
        "fr": [
          "4 x 4"
        ],
        "nl": [
          "4 × 4"
        ],
        "es": [
          "4 x 4"
        ]
      }
    },
    {
      "@id": "kb:Hiking",
      "@type": [
        "SportsTheme"
      ],
      "rdfs:label": {
        "de": [
          "Wanderung"
        ],
        "pt": [
          "Caminhada"
        ],
        "en": [
          "Hiking"
        ],
        "it": [
          "Escursione"
        ],
        "fr": [
          "Randonnée"
        ],
        "nl": [
          "Wandelen"
        ],
        "es": [
          "Senderismo"
        ]
      }
    }
  ],
  "hasTranslatedProperty": [
    {
      "@id": "https://data.datatourisme.fr/35a8411a-75c9-3729-8041-efb149f4c613",
      "dc:contributor": [
        "https://api.deepl.com/v2/translate"
      ],
      "rdf:language": [
        "es"
      ],
      "rdf:predicate": [
        {
          "@id": "rdfs:comment"
        }
      ]
    },
    {
      "@id": "https://data.datatourisme.fr/41255cdc-71c2-34c6-8c22-962772b4f740",
      "dc:contributor": [
        "https://api.deepl.com/v2/translate"
      ],
      "rdf:language": [
        "it"
      ],
      "rdf:predicate": [
        {
          "@id": "rdfs:comment"
        }
      ]
    },
    {
      "@id": "https://data.datatourisme.fr/bc47c07c-43fd-3ec5-918f-4535a3e0ad87",
      "dc:contributor": [
        "https://api.deepl.com/v2/translate"
      ],
      "rdf:language": [
        "nl"
      ],
      "rdf:predicate": [
        {
          "@id": "rdfs:comment"
        }
      ]
    },
    {
      "@id": "https://data.datatourisme.fr/d33e1e63-974c-301b-acae-23dac7a11f1b",
      "dc:contributor": [
        "https://api.deepl.com/v2/translate"
      ],
      "rdf:language": [
        "de"
      ],
      "rdf:predicate": [
        {
          "@id": "rdfs:comment"
        }
      ]
    }
  ],
  "isLocatedAt": [
    {
      "@id": "https://data.datatourisme.fr/12e6694c-cd77-3627-87fd-3d712d8ba755",
      "schema:address": [
        {
          "@id": "https://data.datatourisme.fr/acfdfbd9-3879-3c49-b60e-06d206a26239",
          "schema:addressLocality": "Santo-Pietro-di-Tenda",
          "schema:postalCode": "20217",
          "schema:streetAddress": [
            "Hameau de Casta"
          ],
          "@type": [
            "schema:PostalAddress",
            "PostalAddress"
          ],
          "hasAddressCity": {
            "@id": "kb:2B314",
            "@type": [
              "City"
            ],
            "rdfs:label": {
              "en": [
                "Santo-Pietro-di-Tenda"
              ],
              "fr": [
                "Santo-Pietro-di-Tenda"
              ]
            },
            "insee": "2B314",
            "isPartOfDepartment": {
              "@id": "kb:France942B",
              "@type": [
                "Department"
              ],
              "rdfs:label": {
                "en": [
                  "Haute-Corse"
                ],
                "fr": [
                  "Haute-Corse"
                ]
              },
              "insee": "2B",
              "isPartOfRegion": {
                "@id": "kb:France94",
                "@type": [
                  "Region"
                ],
                "rdfs:label": {
                  "en": [
                    "Corse"
                  ],
                  "fr": [
                    "Corse"
                  ]
                },
                "insee": "94",
                "isPartOfCountry": {
                  "@id": "kb:France",
                  "@type": [
                    "schema:Country"
                  ],
                  "rdfs:label": {
                    "de": [
                      "Frankreich"
                    ],
                    "pt": [
                      "França"
                    ],
                    "en": [
                      "France"
                    ],
                    "it": [
                      "Francia"
                    ],
                    "fr": [
                      "France"
                    ],
                    "nl": [
                      "Frankrijk"
                    ],
                    "es": [
                      "Francia"
                    ]
                  }
                }
              }
            }
          }
        }
      ],
      "schema:geo": {
        "@id": "https://data.datatourisme.fr/5dd052a8-c385-376a-8d0f-87a9d8841a8f",
        "schema:latitude": "42.661596",
        "schema:longitude": "9.236916",
        "@type": [
          "schema:GeoCoordinates"
        ]
      },
      "schema:openingHoursSpecification": [
        {
          "@id": "https://data.datatourisme.fr/f87e535a-636d-3343-ad63-8a03392e7511",
          "schema:validFrom": "2023-01-01T00:00:00",
          "schema:validThrough": "2023-12-31T23:59:59",
          "@type": [
            "schema:OpeningHoursSpecification"
          ]
        }
      ],
      "@type": [
        "schema:Place",
        "Place"
      ]
    }
  ],
  "isOwnedBy": [
    {
      "@id": "https://data.datatourisme.fr/252af22a-253d-33df-b9d7-204832749402",
      "schema:email": [
        "web@ileroussetourisme.com"
      ],
      "schema:legalName": "Office de Tourisme Intercommunal de L'Ile Rousse-Balagne",
      "@type": [
        "schema:Organization",
        "foaf:Agent",
        "Agent"
      ],
      "foaf:homepage": [
        "https://www.balagne-corsica.com/"
      ]
    }
  ],
  "lastUpdate": "2023-01-24",
  "lastUpdateDatatourisme": "2023-02-16T06:39:42.044Z"
}