{
  "@id": "https://data.datatourisme.fr/13/886a12cf-19de-38e5-9ca3-0222ef74495e",
  "dc:identifier": "5501777",
  "@type": [
    "schema:LocalBusiness",
    "PlaceOfInterest",
    "PointOfInterest",
    "SightseeingBoat",
    "SportsAndLeisurePlace"
  ],
  "rdfs:comment": {
    "de": [
      "Machen Sie einen ganzen Tag auf dem Meer. Baden, Tauchen, Faulenzen im Herzen des Naturreservats von Bonifacio. Entdecken Sie die Sensationen und Freuden des Segelns auf einem Katamaran. Ein Tag, der Ihren Urlaub prägen wird. Mahlzeiten aus frischen Zutaten."
    ],
    "en": [
      "Leave for a whole day at sea. Swimming, diving, relaxing in the heart of the Natural Reserve of Bonifacio. Discover the sensations and joys of sailing on a catamaran, a day that will mark your vacations. Meals cooked with fresh products."
    ],
    "it": [
      "Fate un'intera giornata in mare. Nuotare, immergersi, rilassarsi nel cuore della Riserva Naturale di Bonifacio. Scoprite le sensazioni e le gioie della navigazione in catamarano, una giornata che segnerà le vostre vacanze. Pasti cucinati con prodotti freschi."
    ],
    "fr": [
      "Partez pour une journée entière en mer. Baignade, plongée, farniente au cœur de la Réserve Naturelle de Bonifacio. Découvrez les sensations et joies de la voile en catamaran, une journée qui marquera vos vacances. Repas cuisiné avec des produits frais."
    ],
    "es": [
      "Pasar un día completo en el mar. Nadar, bucear y relajarse en el corazón de la Reserva Natural de Bonifacio. Descubra las sensaciones y el placer de navegar en un catamarán, una jornada que marcará sus vacaciones. Comidas cocinadas con productos frescos."
    ],
    "nl": [
      "Ga voor een volledige dag op zee. Zwemmen, duiken, ontspannen in het hart van het Bonifacio Natuurreservaat. Ontdek de sensaties en geneugten van het zeilen op een catamaran, een dag die een stempel zal drukken op uw vakantie. Maaltijden gekookt met verse producten."
    ]
  },
  "rdfs:label": {
    "fr": [
      "Balade en voilier"
    ]
  },
  "hasBeenCreatedBy": {
    "@id": "https://data.datatourisme.fr/13/84c6494d-3085-3c63-a55c-db8cb047fadd",
    "dc:identifier": "1738",
    "schema:email": [
      "camillef.omt@gmail.com",
      "direction@destination-sudcorse.com",
      "gestion@destination-sudcorse.com",
      "promotion@destination-sudcorse.com",
      "webmaster@destination-sudcorse.com"
    ],
    "schema:legalName": "Porto Vecchio Tourisme",
    "@type": [
      "schema:Organization",
      "foaf:Agent",
      "Agent"
    ],
    "foaf:homepage": [
      "http://www.ot-portovecchio.com/"
    ]
  },
  "hasBeenPublishedBy": [
    {
      "@id": "https://data.datatourisme.fr/8a9feb4b-2cbd-3d2c-b507-bd6c6776b23b",
      "schema:legalName": "Apidae Tourisme Scic SA - source : Apidae Tourisme",
      "@type": [
        "schema:Organization",
        "foaf:Agent",
        "Agent"
      ],
      "foaf:homepage": [
        "https://www.apidae-tourisme.com/"
      ]
    }
  ],
  "hasContact": [
    {
      "@id": "https://data.datatourisme.fr/2f0bbbf0-2bb4-35c3-a914-fc06b43d6bdf",
      "schema:email": [
        "balade.en.voilier@gmail.com"
      ],
      "schema:telephone": [
        "+33 6 08 94 60 09"
      ],
      "@type": [
        "foaf:Agent",
        "Agent"
      ]
    }
  ],
  "hasDescription": [
    {
      "@id": "https://data.datatourisme.fr/09f71919-6f2e-37e7-a20e-9162c8faf99c",
      "@type": [
        "Description"
      ],
      "hasTranslatedProperty": [
        {
          "@id": "https://data.datatourisme.fr/0234c670-f216-39d4-8d66-61121da9279d",
          "dc:contributor": [
            "https://api.deepl.com/v2/translate"
          ],
          "rdf:language": [
            "es"
          ],
          "rdf:predicate": [
            "shortDescription"
          ]
        },
        {
          "@id": "https://data.datatourisme.fr/5abc8aa8-5268-3b83-b664-97277a16cfd5",
          "dc:contributor": [
            "https://api.deepl.com/v2/translate"
          ],
          "rdf:language": [
            "de"
          ],
          "rdf:predicate": [
            "shortDescription"
          ]
        },
        {
          "@id": "https://data.datatourisme.fr/73e6cdc9-f5bf-3b0c-be89-16aac5d59eb9",
          "dc:contributor": [
            "https://api.deepl.com/v2/translate"
          ],
          "rdf:language": [
            "nl"
          ],
          "rdf:predicate": [
            "shortDescription"
          ]
        },
        {
          "@id": "https://data.datatourisme.fr/98919d9e-5c8f-3a18-8975-9fde1b96f9c8",
          "dc:contributor": [
            "https://api.deepl.com/v2/translate"
          ],
          "rdf:language": [
            "it"
          ],
          "rdf:predicate": [
            "shortDescription"
          ]
        },
        {
          "@id": "https://data.datatourisme.fr/9aaadae9-68cb-3993-b12b-2606074ef26a",
          "dc:contributor": [
            "https://api.deepl.com/v2/translate"
          ],
          "rdf:language": [
            "en"
          ],
          "rdf:predicate": [
            "shortDescription"
          ]
        }
      ],
      "shortDescription": {
        "de": [
          "Machen Sie einen ganzen Tag auf dem Meer. Baden, Tauchen, Faulenzen im Herzen des Naturreservats von Bonifacio. Entdecken Sie die Sensationen und Freuden des Segelns auf einem Katamaran. Ein Tag, der Ihren Urlaub prägen wird. Mahlzeiten aus frischen Zutaten."
        ],
        "en": [
          "Leave for a whole day at sea. Swimming, diving, relaxing in the heart of the Natural Reserve of Bonifacio. Discover the sensations and joys of sailing on a catamaran, a day that will mark your vacations. Meals cooked with fresh products."
        ],
        "it": [
          "Fate un'intera giornata in mare. Nuotare, immergersi, rilassarsi nel cuore della Riserva Naturale di Bonifacio. Scoprite le sensazioni e le gioie della navigazione in catamarano, una giornata che segnerà le vostre vacanze. Pasti cucinati con prodotti freschi."
        ],
        "fr": [
          "Partez pour une journée entière en mer. Baignade, plongée, farniente au cœur de la Réserve Naturelle de Bonifacio. Découvrez les sensations et joies de la voile en catamaran, une journée qui marquera vos vacances. Repas cuisiné avec des produits frais."
        ],
        "es": [
          "Pasar un día completo en el mar. Nadar, bucear y relajarse en el corazón de la Reserva Natural de Bonifacio. Descubra las sensaciones y el placer de navegar en un catamarán, una jornada que marcará sus vacaciones. Comidas cocinadas con productos frescos."
        ],
        "nl": [
          "Ga voor een volledige dag op zee. Zwemmen, duiken, ontspannen in het hart van het Bonifacio Natuurreservaat. Ontdek de sensaties en geneugten van het zeilen op een catamaran, een dag die een stempel zal drukken op uw vakantie. Maaltijden gekookt met verse producten."
        ]
      }
    }
  ],
  "hasTranslatedProperty": [
    {
      "@id": "https://data.datatourisme.fr/27f866d6-6cab-392d-80e8-3230479e3b90",
      "dc:contributor": [
        "https://api.deepl.com/v2/translate"
      ],
      "rdf:language": [
        "es"
      ],
      "rdf:predicate": [
        {
          "@id": "rdfs:comment"
        }
      ]
    },
    {
      "@id": "https://data.datatourisme.fr/8d443d5d-8650-34ca-aa42-afcaf45908c1",
      "dc:contributor": [
        "https://api.deepl.com/v2/translate"
      ],
      "rdf:language": [
        "en"
      ],
      "rdf:predicate": [
        {
          "@id": "rdfs:comment"
        }
      ]
    },
    {
      "@id": "https://data.datatourisme.fr/8e9df904-1e37-3ce4-8a19-6d3ef984ce39",
      "dc:contributor": [
        "https://api.deepl.com/v2/translate"
      ],
      "rdf:language": [
        "de"
      ],
      "rdf:predicate": [
        {
          "@id": "rdfs:comment"
        }
      ]
    },
    {
      "@id": "https://data.datatourisme.fr/ba562c5e-dff9-3e06-a2d7-1a2878882595",
      "dc:contributor": [
        "https://api.deepl.com/v2/translate"
      ],
      "rdf:language": [
        "nl"
      ],
      "rdf:predicate": [
        {
          "@id": "rdfs:comment"
        }
      ]
    },
    {
      "@id": "https://data.datatourisme.fr/bae91ecd-d769-393b-a157-cbe237f0d327",
      "dc:contributor": [
        "https://api.deepl.com/v2/translate"
      ],
      "rdf:language": [
        "it"
      ],
      "rdf:predicate": [
        {
          "@id": "rdfs:comment"
        }
      ]
    }
  ],
  "isLocatedAt": [
    {
      "@id": "https://data.datatourisme.fr/072c35d0-51ed-3d8a-9fff-2beea44e5085",
      "schema:address": [
        {
          "@id": "https://data.datatourisme.fr/e3839e53-945c-3a71-915e-2e62c4f5c1b5",
          "schema:addressLocality": "Lecci",
          "schema:postalCode": "20137",
          "schema:streetAddress": [
            "Plage de Saint Cyprien"
          ],
          "@type": [
            "schema:PostalAddress",
            "PostalAddress"
          ],
          "hasAddressCity": {
            "@id": "kb:2A139",
            "@type": [
              "City"
            ],
            "rdfs:label": {
              "en": [
                "Lecci"
              ],
              "fr": [
                "Lecci"
              ]
            },
            "insee": "2A139",
            "isPartOfDepartment": {
              "@id": "kb:France942A",
              "@type": [
                "Department"
              ],
              "rdfs:label": {
                "en": [
                  "Corse-du-Sud"
                ],
                "fr": [
                  "Corse-du-Sud"
                ]
              },
              "insee": "2A",
              "isPartOfRegion": {
                "@id": "kb:France94",
                "@type": [
                  "Region"
                ],
                "rdfs:label": {
                  "en": [
                    "Corse"
                  ],
                  "fr": [
                    "Corse"
                  ]
                },
                "insee": "94",
                "isPartOfCountry": {
                  "@id": "kb:France",
                  "@type": [
                    "schema:Country"
                  ],
                  "rdfs:label": {
                    "de": [
                      "Frankreich"
                    ],
                    "pt": [
                      "França"
                    ],
                    "en": [
                      "France"
                    ],
                    "it": [
                      "Francia"
                    ],
                    "fr": [
                      "France"
                    ],
                    "nl": [
                      "Frankrijk"
                    ],
                    "es": [
                      "Francia"
                    ]
                  }
                }
              }
            }
          }
        }
      ],
      "schema:geo": {
        "@id": "https://data.datatourisme.fr/9ee45eeb-334a-35e7-af64-58b3f5db49db",
        "schema:latitude": "41.636185",
        "schema:longitude": "9.347526",
        "@type": [
          "schema:GeoCoordinates"
        ]
      },
      "schema:openingHoursSpecification": [
        {
          "@id": "https://data.datatourisme.fr/a4bf1172-d72c-39a2-a182-6712be733cd5",
          "schema:validFrom": "2023-05-31T00:00:00",
          "schema:validThrough": "2023-09-29T23:59:59",
          "@type": [
            "schema:OpeningHoursSpecification"
          ],
          "additionalInformation": {
            "de": [
              "Montag, Dienstag, Mittwoch, Donnerstag, Freitag, Samstag, Sonntag: offen\n\n24 Stunden geöffnet."
            ],
            "en": [
              "Monday, Tuesday, Wednesday, Thursday, Friday, Saturday, Sunday: open\n\nOpen 24 hours a day."
            ],
            "it": [
              "Lunedì, martedì, mercoledì, giovedì, venerdì, sabato, domenica: aperto\n\nAperto 24 ore su 24."
            ],
            "fr": [
              "Lundi, Mardi, Mercredi, Jeudi, Vendredi, Samedi, Dimanche : ouvert\n\nOuvert 24h/24."
            ],
            "nl": [
              "Maandag, dinsdag, woensdag, donderdag, vrijdag, zaterdag, zondag: open\n\n24 uur per dag geopend."
            ],
            "es": [
              "Lunes, martes, miércoles, jueves, viernes, sábado y domingo: abierto\n\nAbierto las 24 horas del día."
            ]
          },
          "hasTranslatedProperty": [
            {
              "@id": "https://data.datatourisme.fr/0032d177-50cc-327b-b9c5-bc02e744d254",
              "dc:contributor": [
                "https://api.deepl.com/v2/translate"
              ],
              "rdf:language": [
                "it"
              ],
              "rdf:predicate": [
                "additionalInformation"
              ]
            },
            {
              "@id": "https://data.datatourisme.fr/09597ae1-4aca-33c7-907a-c41450dc6045",
              "dc:contributor": [
                "https://api.deepl.com/v2/translate"
              ],
              "rdf:language": [
                "nl"
              ],
              "rdf:predicate": [
                "additionalInformation"
              ]
            },
            {
              "@id": "https://data.datatourisme.fr/3691170d-1c58-3693-a666-2a8f9b7a8b1f",
              "dc:contributor": [
                "https://api.deepl.com/v2/translate"
              ],
              "rdf:language": [
                "en"
              ],
              "rdf:predicate": [
                "additionalInformation"
              ]
            },
            {
              "@id": "https://data.datatourisme.fr/9a180bfe-deff-3bd5-a09a-01850e39064c",
              "dc:contributor": [
                "https://api.deepl.com/v2/translate"
              ],
              "rdf:language": [
                "es"
              ],
              "rdf:predicate": [
                "additionalInformation"
              ]
            },
            {
              "@id": "https://data.datatourisme.fr/d84e0aaa-2e18-3cc1-81f8-dc8ca21abeff",
              "dc:contributor": [
                "https://api.deepl.com/v2/translate"
              ],
              "rdf:language": [
                "de"
              ],
              "rdf:predicate": [
                "additionalInformation"
              ]
            }
          ]
        }
      ],
      "@type": [
        "schema:Place",
        "Place"
      ]
    }
  ],
  "isOwnedBy": [
    {
      "@id": "https://data.datatourisme.fr/f5f950f9-5eec-32b4-a357-2c969ccf4068",
      "schema:email": [
        "camillef.omt@gmail.com",
        "direction@destination-sudcorse.com",
        "gestion@destination-sudcorse.com",
        "promotion@destination-sudcorse.com",
        "webmaster@destination-sudcorse.com"
      ],
      "schema:legalName": "Porto Vecchio Tourisme",
      "@type": [
        "schema:Organization",
        "foaf:Agent",
        "Agent"
      ],
      "foaf:homepage": [
        "http://www.ot-portovecchio.com/"
      ]
    }
  ],
  "lastUpdate": "2023-04-03",
  "lastUpdateDatatourisme": "2023-04-04T05:52:39.295Z",
  "offers": [
    {
      "@id": "https://data.datatourisme.fr/f1462b4b-2dbb-3043-821a-8791c3c50149",
      "schema:priceSpecification": [
        {
          "@id": "https://data.datatourisme.fr/0d51c6b8-cc11-3a85-978f-9cadf844b379",
          "schema:maxPrice": [
            "110",
            "85"
          ],
          "schema:minPrice": [
            "110",
            "85"
          ],
          "schema:priceCurrency": "EUR",
          "@type": [
            "schema:PriceSpecification",
            "PriceSpecification"
          ],
          "appliesOnPeriod": [
            {
              "@id": "https://data.datatourisme.fr/ad9d641d-b2f5-34ea-a5e1-e8400f642978",
              "@type": [
                "Period"
              ],
              "endDate": "2023-09-29",
              "startDate": "2023-05-31"
            }
          ]
        }
      ],
      "@type": [
        "schema:Offer",
        "Offer"
      ]
    }
  ]
}