{
  "@id": "https://data.datatourisme.fr/13/381ce536-a049-3d64-9d3a-0ec1e54d515f",
  "dc:identifier": "5658273",
  "@type": [
    "schema:FoodEstablishment",
    "FoodEstablishment",
    "PlaceOfInterest",
    "PointOfInterest"
  ],
  "rdfs:comment": {
    "de": [
      "Unter blühenden Lauben, vom Frühling bis zum Herbst oder im Winter am Kaminfeuer... Die Leidenschaft, die Kunst der Gastfreundschaft und die Rezepte werden seit drei Generationen von Mutter zu Tochter weitergegeben. Geschmack und Authentizität herrschen auf den Tellern!"
    ],
    "en": [
      "Under the flowered arbors, from spring to autumn or near the fireplace in winter... the passion, the art of entertaining and the recipes have been passed on from mother to daughter for three generations. Taste and authenticity reign in the plates!"
    ],
    "it": [
      "Sotto i pergolati fioriti, dalla primavera all'autunno o accanto al fuoco in inverno... la passione, l'arte di intrattenere e le ricette si tramandano di madre in figlia da tre generazioni. Gusto e genuinità regnano nei piatti!"
    ],
    "fr": [
      "Sous les tonnelles fleuries, du printemps à l'automne ou près du feu de cheminée en hiver... la passion, l'art de recevoir et les recettes se transmettent de mère en fille depuis trois générations, Le goût et l’authenticité règnent dans les assiettes !"
    ],
    "nl": [
      "Onder de bloemenperken, van de lente tot de herfst of bij het vuur in de winter... de passie, de kunst van het entertainen en de recepten worden al drie generaties lang van moeder op dochter doorgegeven. Smaak en authenticiteit heersen op de borden!"
    ],
    "es": [
      "Bajo los cenadores floridos, de la primavera al otoño o junto al fuego en invierno... la pasión, el arte de recibir y las recetas se transmiten de madre a hija desde hace tres generaciones. ¡El sabor y la autenticidad reinan en los platos!"
    ]
  },
  "rdfs:label": {
    "fr": [
      "Sous la Tonnelle"
    ]
  },
  "hasBeenCreatedBy": {
    "@id": "https://data.datatourisme.fr/13/84c6494d-3085-3c63-a55c-db8cb047fadd",
    "dc:identifier": "1738",
    "schema:email": [
      "camillef.omt@gmail.com",
      "direction@destination-sudcorse.com",
      "gestion@destination-sudcorse.com",
      "promotion@destination-sudcorse.com",
      "webmaster@destination-sudcorse.com"
    ],
    "schema:legalName": "Porto Vecchio Tourisme",
    "@type": [
      "schema:Organization",
      "foaf:Agent",
      "Agent"
    ],
    "foaf:homepage": [
      "http://www.ot-portovecchio.com/"
    ]
  },
  "hasBeenPublishedBy": [
    {
      "@id": "https://data.datatourisme.fr/8a9feb4b-2cbd-3d2c-b507-bd6c6776b23b",
      "schema:legalName": "Apidae Tourisme Scic SA - source : Apidae Tourisme",
      "@type": [
        "schema:Organization",
        "foaf:Agent",
        "Agent"
      ],
      "foaf:homepage": [
        "https://www.apidae-tourisme.com/"
      ]
    }
  ],
  "hasContact": [
    {
      "@id": "https://data.datatourisme.fr/f2b9d201-2f4e-39d4-a758-01a399f90db5",
      "schema:email": [
        "souslatonnelle20137@gmail.com"
      ],
      "schema:telephone": [
        "+33 4 95 72 09 96"
      ],
      "@type": [
        "foaf:Agent",
        "Agent"
      ],
      "foaf:homepage": [
        "https://www.souslatonnelle-portovecchio.fr/"
      ]
    }
  ],
  "hasDescription": [
    {
      "@id": "https://data.datatourisme.fr/e2832351-f96c-3c68-9517-4f09c8335940",
      "@type": [
        "Description"
      ],
      "hasTranslatedProperty": [
        {
          "@id": "https://data.datatourisme.fr/2309fe85-93eb-3f5a-8e90-683aacd699c9",
          "dc:contributor": [
            "https://api.deepl.com/v2/translate"
          ],
          "rdf:language": [
            "nl"
          ],
          "rdf:predicate": [
            "shortDescription"
          ]
        },
        {
          "@id": "https://data.datatourisme.fr/45c213aa-1079-3d21-9aff-9ef70ceda907",
          "dc:contributor": [
            "https://api.deepl.com/v2/translate"
          ],
          "rdf:language": [
            "de"
          ],
          "rdf:predicate": [
            "shortDescription"
          ]
        },
        {
          "@id": "https://data.datatourisme.fr/806fe7fd-2414-3d37-9c10-68423fc7ee53",
          "dc:contributor": [
            "https://api.deepl.com/v2/translate"
          ],
          "rdf:language": [
            "es"
          ],
          "rdf:predicate": [
            "shortDescription"
          ]
        },
        {
          "@id": "https://data.datatourisme.fr/a02c591a-82c4-3699-b339-23fec855b13a",
          "dc:contributor": [
            "https://api.deepl.com/v2/translate"
          ],
          "rdf:language": [
            "en"
          ],
          "rdf:predicate": [
            "shortDescription"
          ]
        },
        {
          "@id": "https://data.datatourisme.fr/f126bad4-6eff-3400-9520-0d4e23feb8d0",
          "dc:contributor": [
            "https://api.deepl.com/v2/translate"
          ],
          "rdf:language": [
            "it"
          ],
          "rdf:predicate": [
            "shortDescription"
          ]
        }
      ],
      "shortDescription": {
        "de": [
          "Unter blühenden Lauben, vom Frühling bis zum Herbst oder im Winter am Kaminfeuer... Die Leidenschaft, die Kunst der Gastfreundschaft und die Rezepte werden seit drei Generationen von Mutter zu Tochter weitergegeben. Geschmack und Authentizität herrschen auf den Tellern!"
        ],
        "en": [
          "Under the flowered arbors, from spring to autumn or near the fireplace in winter... the passion, the art of entertaining and the recipes have been passed on from mother to daughter for three generations. Taste and authenticity reign in the plates!"
        ],
        "it": [
          "Sotto i pergolati fioriti, dalla primavera all'autunno o accanto al fuoco in inverno... la passione, l'arte di intrattenere e le ricette si tramandano di madre in figlia da tre generazioni. Gusto e genuinità regnano nei piatti!"
        ],
        "fr": [
          "Sous les tonnelles fleuries, du printemps à l'automne ou près du feu de cheminée en hiver... la passion, l'art de recevoir et les recettes se transmettent de mère en fille depuis trois générations, Le goût et l’authenticité règnent dans les assiettes !"
        ],
        "nl": [
          "Onder de bloemenperken, van de lente tot de herfst of bij het vuur in de winter... de passie, de kunst van het entertainen en de recepten worden al drie generaties lang van moeder op dochter doorgegeven. Smaak en authenticiteit heersen op de borden!"
        ],
        "es": [
          "Bajo los cenadores floridos, de la primavera al otoño o junto al fuego en invierno... la pasión, el arte de recibir y las recetas se transmiten de madre a hija desde hace tres generaciones. ¡El sabor y la autenticidad reinan en los platos!"
        ]
      }
    }
  ],
  "hasTheme": [
    {
      "@id": "kb:MediterraneanCuisine",
      "@type": [
        "CuisineCategory"
      ],
      "rdfs:label": {
        "de": [
          "Mediterrane Küche"
        ],
        "pt": [
          "Cozinha mediterrânica"
        ],
        "en": [
          "Mediterranean cuisine"
        ],
        "it": [
          "Cucina mediterranea"
        ],
        "fr": [
          "Cuisine méditerranéenne"
        ],
        "nl": [
          "Mediterrane keuken"
        ],
        "es": [
          "Cocina mediterránea"
        ]
      }
    }
  ],
  "hasTranslatedProperty": [
    {
      "@id": "https://data.datatourisme.fr/21509a8f-9971-3b3a-8d0a-5640c5050f4e",
      "dc:contributor": [
        "https://api.deepl.com/v2/translate"
      ],
      "rdf:language": [
        "nl"
      ],
      "rdf:predicate": [
        {
          "@id": "rdfs:comment"
        }
      ]
    },
    {
      "@id": "https://data.datatourisme.fr/4bde43b8-bab7-3d6e-a4e7-b336c8833535",
      "dc:contributor": [
        "https://api.deepl.com/v2/translate"
      ],
      "rdf:language": [
        "es"
      ],
      "rdf:predicate": [
        {
          "@id": "rdfs:comment"
        }
      ]
    },
    {
      "@id": "https://data.datatourisme.fr/943e3772-199e-3bda-b02e-d7163f81ac5d",
      "dc:contributor": [
        "https://api.deepl.com/v2/translate"
      ],
      "rdf:language": [
        "en"
      ],
      "rdf:predicate": [
        {
          "@id": "rdfs:comment"
        }
      ]
    },
    {
      "@id": "https://data.datatourisme.fr/c214d558-ede6-3d66-8958-3145ce1d3915",
      "dc:contributor": [
        "https://api.deepl.com/v2/translate"
      ],
      "rdf:language": [
        "de"
      ],
      "rdf:predicate": [
        {
          "@id": "rdfs:comment"
        }
      ]
    },
    {
      "@id": "https://data.datatourisme.fr/dad6ffa5-ffb5-367e-86d6-b5336a126b37",
      "dc:contributor": [
        "https://api.deepl.com/v2/translate"
      ],
      "rdf:language": [
        "it"
      ],
      "rdf:predicate": [
        {
          "@id": "rdfs:comment"
        }
      ]
    }
  ],
  "isLocatedAt": [
    {
      "@id": "https://data.datatourisme.fr/243f0a80-a807-33b4-9950-cf888b548903",
      "schema:address": [
        {
          "@id": "https://data.datatourisme.fr/3a8a2116-cfc1-3ff2-b3d7-70c8f152218d",
          "schema:addressLocality": "Porto-Vecchio",
          "schema:postalCode": "20137",
          "schema:streetAddress": [
            "5 rue Abbatucci"
          ],
          "@type": [
            "schema:PostalAddress",
            "PostalAddress"
          ],
          "hasAddressCity": {
            "@id": "kb:2A247",
            "@type": [
              "City"
            ],
            "rdfs:label": {
              "en": [
                "Porto-Vecchio"
              ],
              "fr": [
                "Porto-Vecchio"
              ]
            },
            "insee": "2A247",
            "isPartOfDepartment": {
              "@id": "kb:France942A",
              "@type": [
                "Department"
              ],
              "rdfs:label": {
                "en": [
                  "Corse-du-Sud"
                ],
                "fr": [
                  "Corse-du-Sud"
                ]
              },
              "insee": "2A",
              "isPartOfRegion": {
                "@id": "kb:France94",
                "@type": [
                  "Region"
                ],
                "rdfs:label": {
                  "en": [
                    "Corse"
                  ],
                  "fr": [
                    "Corse"
                  ]
                },
                "insee": "94",
                "isPartOfCountry": {
                  "@id": "kb:France",
                  "@type": [
                    "schema:Country"
                  ],
                  "rdfs:label": {
                    "de": [
                      "Frankreich"
                    ],
                    "pt": [
                      "França"
                    ],
                    "en": [
                      "France"
                    ],
                    "it": [
                      "Francia"
                    ],
                    "fr": [
                      "France"
                    ],
                    "nl": [
                      "Frankrijk"
                    ],
                    "es": [
                      "Francia"
                    ]
                  }
                }
              }
            }
          }
        }
      ],
      "schema:geo": {
        "@id": "https://data.datatourisme.fr/504f0cbd-6b5e-3424-b1e8-0b13bda75dbf",
        "schema:latitude": "41.590634",
        "schema:longitude": "9.278897",
        "@type": [
          "schema:GeoCoordinates"
        ]
      },
      "schema:openingHoursSpecification": [
        {
          "@id": "https://data.datatourisme.fr/f87e535a-636d-3343-ad63-8a03392e7511",
          "schema:validFrom": "2023-01-01T00:00:00",
          "schema:validThrough": "2023-12-31T23:59:59",
          "@type": [
            "schema:OpeningHoursSpecification"
          ]
        }
      ],
      "@type": [
        "schema:Place",
        "Place"
      ]
    }
  ],
  "isOwnedBy": [
    {
      "@id": "https://data.datatourisme.fr/f5f950f9-5eec-32b4-a357-2c969ccf4068",
      "schema:email": [
        "camillef.omt@gmail.com",
        "direction@destination-sudcorse.com",
        "gestion@destination-sudcorse.com",
        "promotion@destination-sudcorse.com",
        "webmaster@destination-sudcorse.com"
      ],
      "schema:legalName": "Porto Vecchio Tourisme",
      "@type": [
        "schema:Organization",
        "foaf:Agent",
        "Agent"
      ],
      "foaf:homepage": [
        "http://www.ot-portovecchio.com/"
      ]
    }
  ],
  "lastUpdate": "2023-02-15",
  "lastUpdateDatatourisme": "2023-02-16T06:39:41.933Z",
  "offers": [
    {
      "@id": "https://data.datatourisme.fr/b9333ebf-88a9-3b8a-a0e9-aeaf0ed5b9c4",
      "schema:priceSpecification": [
        {
          "@id": "https://data.datatourisme.fr/a55780ab-bdda-3428-9704-33ea1bf2a811",
          "schema:maxPrice": [
            "40"
          ],
          "schema:minPrice": [
            "14"
          ],
          "schema:priceCurrency": "EUR",
          "@type": [
            "schema:PriceSpecification",
            "PriceSpecification"
          ],
          "appliesOnPeriod": [
            {
              "@id": "https://data.datatourisme.fr/a425afdf-3594-300b-b55e-1858bafa3fd4",
              "@type": [
                "Period"
              ],
              "endDate": "2023-12-31",
              "startDate": "2023-01-01"
            }
          ]
        }
      ],
      "@type": [
        "schema:Offer",
        "Offer"
      ]
    }
  ],
  "providesCuisineOfType": [
    {
      "@id": "kb:MediterraneanCuisine",
      "@type": [
        "CuisineCategory"
      ],
      "rdfs:label": {
        "de": [
          "Mediterrane Küche"
        ],
        "pt": [
          "Cozinha mediterrânica"
        ],
        "en": [
          "Mediterranean cuisine"
        ],
        "it": [
          "Cucina mediterranea"
        ],
        "fr": [
          "Cuisine méditerranéenne"
        ],
        "nl": [
          "Mediterrane keuken"
        ],
        "es": [
          "Cocina mediterránea"
        ]
      }
    }
  ]
}