{
  "@id": "https://data.datatourisme.fr/13/acee1da0-17b9-3a55-9342-28be3efc156d",
  "dc:identifier": "5006378",
  "@type": [
    "schema:LocalBusiness",
    "ActivityProvider",
    "PlaceOfInterest",
    "PointOfInterest",
    "Store"
  ],
  "rdfs:comment": {
    "de": [
      "Mit Agriate Evasion können Sie von 4x4-Pendelfahrten mit Fahrer profitieren oder Ihr eigenes Quad oder Ihren eigenen Buggy mieten, um die Strände der Agriate zu erkunden. Projekt nach Kostenvoranschlag durchführbar (Gruppentarif)"
    ],
    "en": [
      "Visit the beaches of Agriate with Agriate Evasion, thanks to our 4-wheel drive chauffeur service. Alternatively, rent your own buggy or quad-bike."
    ],
    "it": [
      "Con Agriate Evasion, approfittate delle navette 4x4 con autista o noleggiate il vostro quad o buggy per scoprire le spiagge di Agriate. Progetto disponibile su preventivo (tariffa di gruppo)"
    ],
    "fr": [
      "Avec Agriate Evasion, profitez de navettes 4x4 avec chauffeur ou louez votre propre quad ou buggy pour partir à la découverte des plages de l'Agriate. Projet réalisable sur devis  (tarif groupe)"
    ],
    "nl": [
      "Met Agriate Evasion kunt u profiteren van 4x4 shuttles met chauffeur of uw eigen quad of buggy huren om de stranden van Agriate te ontdekken. Project beschikbaar op raming (groepstarief)"
    ],
    "es": [
      "Con Agriate Evasion, aproveche las lanzaderas 4x4 con conductor o alquile su propio quad o buggy para descubrir las playas de Agriate. Proyecto disponible en la estimación (tarifa de grupo)"
    ]
  },
  "rdfs:label": {
    "fr": [
      "Agriate Evasion"
    ]
  },
  "hasBeenCreatedBy": {
    "@id": "https://data.datatourisme.fr/13/8d420fa3-5754-31f1-8199-69c88780314d",
    "dc:identifier": "1647",
    "schema:email": [
      "web@ileroussetourisme.com"
    ],
    "schema:legalName": "Office de Tourisme Intercommunal de L'Ile Rousse-Balagne",
    "@type": [
      "schema:Organization",
      "foaf:Agent",
      "Agent"
    ],
    "foaf:homepage": [
      "https://www.balagne-corsica.com/"
    ]
  },
  "hasBeenPublishedBy": [
    {
      "@id": "https://data.datatourisme.fr/8a9feb4b-2cbd-3d2c-b507-bd6c6776b23b",
      "schema:legalName": "Apidae Tourisme Scic SA - source : Apidae Tourisme",
      "@type": [
        "schema:Organization",
        "foaf:Agent",
        "Agent"
      ],
      "foaf:homepage": [
        "https://www.apidae-tourisme.com/"
      ]
    }
  ],
  "hasContact": [
    {
      "@id": "https://data.datatourisme.fr/59f25a24-28bd-3790-bd92-d697667015ba",
      "schema:email": [
        "info@hotel-corse-saleccia.com"
      ],
      "schema:telephone": [
        "+33 4 95 37 14 60",
        "+33 6 67 99 35 90"
      ],
      "@type": [
        "foaf:Agent",
        "Agent"
      ],
      "foaf:homepage": [
        "http://www.navettes-saleccia.com/"
      ]
    }
  ],
  "hasDescription": [
    {
      "@id": "https://data.datatourisme.fr/bdbf0f06-5c60-3b9e-8b7e-7fc34cd65819",
      "@type": [
        "Description"
      ],
      "hasTranslatedProperty": [
        {
          "@id": "https://data.datatourisme.fr/4f7781c1-c47a-334d-8d6d-895a9e8ab4bc",
          "dc:contributor": [
            "https://api.deepl.com/v2/translate"
          ],
          "rdf:language": [
            "nl"
          ],
          "rdf:predicate": [
            "shortDescription"
          ]
        },
        {
          "@id": "https://data.datatourisme.fr/62281a5e-b4cc-3240-a713-f0a98f8ed749",
          "dc:contributor": [
            "https://api.deepl.com/v2/translate"
          ],
          "rdf:language": [
            "es"
          ],
          "rdf:predicate": [
            "shortDescription"
          ]
        },
        {
          "@id": "https://data.datatourisme.fr/9fa27dac-86e6-3d32-8f18-33140e7e23f0",
          "dc:contributor": [
            "https://api.deepl.com/v2/translate"
          ],
          "rdf:language": [
            "de"
          ],
          "rdf:predicate": [
            "shortDescription"
          ]
        }
      ],
      "shortDescription": {
        "de": [
          "Mit Agriate Evasion können Sie von 4x4-Pendelfahrten mit Fahrer profitieren oder Ihr eigenes Quad oder Ihren eigenen Buggy mieten, um die Strände der Agriate zu erkunden. Projekt nach Kostenvoranschlag durchführbar (Gruppentarif)"
        ],
        "en": [
          "Visit the beaches of Agriate with Agriate Evasion, thanks to our 4-wheel drive chauffeur service. Alternatively, rent your own buggy or quad-bike."
        ],
        "it": [
          "Con Agriate Evasion, approfittate delle navette 4x4 con autista o noleggiate il vostro quad o buggy per scoprire le spiagge di Agriate. Progetto disponibile su preventivo (tariffa di gruppo)"
        ],
        "fr": [
          "Avec Agriate Evasion, profitez de navettes 4x4 avec chauffeur ou louez votre propre quad ou buggy pour partir à la découverte des plages de l'Agriate. Projet réalisable sur devis  (tarif groupe)"
        ],
        "nl": [
          "Met Agriate Evasion kunt u profiteren van 4x4 shuttles met chauffeur of uw eigen quad of buggy huren om de stranden van Agriate te ontdekken. Project beschikbaar op raming (groepstarief)"
        ],
        "es": [
          "Con Agriate Evasion, aproveche las lanzaderas 4x4 con conductor o alquile su propio quad o buggy para descubrir las playas de Agriate. Proyecto disponible en la estimación (tarifa de grupo)"
        ]
      }
    }
  ],
  "hasTheme": [
    {
      "@id": "kb:Buggy",
      "@type": [
        "SportsTheme"
      ],
      "rdfs:label": {
        "de": [
          "Buggy"
        ],
        "pt": [
          "Buggy"
        ],
        "en": [
          "Buggy"
        ],
        "it": [
          "Buggy"
        ],
        "fr": [
          "Buggy"
        ],
        "nl": [
          "Buggy"
        ],
        "es": [
          "Buggy"
        ]
      }
    },
    {
      "@id": "kb:FourWheelDrive",
      "@type": [
        "SportsTheme"
      ],
      "rdfs:label": {
        "de": [
          "4 × 4"
        ],
        "pt": [
          "4 X 4"
        ],
        "en": [
          "Four-wheel drive"
        ],
        "it": [
          "4 × 4"
        ],
        "fr": [
          "4 x 4"
        ],
        "nl": [
          "4 × 4"
        ],
        "es": [
          "4 x 4"
        ]
      }
    },
    {
      "@id": "kb:Quad",
      "@type": [
        "SportsTheme"
      ],
      "rdfs:label": {
        "de": [
          "Quad"
        ],
        "pt": [
          "Moto-quatro"
        ],
        "en": [
          "Quad"
        ],
        "it": [
          "Quad"
        ],
        "fr": [
          "Quad"
        ],
        "nl": [
          "Quad"
        ],
        "es": [
          "Quad"
        ]
      }
    }
  ],
  "hasTranslatedProperty": [
    {
      "@id": "https://data.datatourisme.fr/8cdca2fe-78f7-3c3e-88ea-76bf0b22d90a",
      "dc:contributor": [
        "https://api.deepl.com/v2/translate"
      ],
      "rdf:language": [
        "es"
      ],
      "rdf:predicate": [
        {
          "@id": "rdfs:comment"
        }
      ]
    },
    {
      "@id": "https://data.datatourisme.fr/b5da5cb9-f195-33af-94e4-12ded52dceaf",
      "dc:contributor": [
        "https://api.deepl.com/v2/translate"
      ],
      "rdf:language": [
        "nl"
      ],
      "rdf:predicate": [
        {
          "@id": "rdfs:comment"
        }
      ]
    },
    {
      "@id": "https://data.datatourisme.fr/ec5299ab-8c81-38c8-9f67-a254d1da7cfa",
      "dc:contributor": [
        "https://api.deepl.com/v2/translate"
      ],
      "rdf:language": [
        "de"
      ],
      "rdf:predicate": [
        {
          "@id": "rdfs:comment"
        }
      ]
    }
  ],
  "isLocatedAt": [
    {
      "@id": "https://data.datatourisme.fr/28f89928-0305-31c8-a401-4e4ed5c957e2",
      "schema:address": [
        {
          "@id": "https://data.datatourisme.fr/77b60912-2d73-3450-aa57-cca11c776a0e",
          "schema:addressLocality": "Santo-Pietro-di-Tenda",
          "schema:postalCode": "20314",
          "schema:streetAddress": [
            "Hameau de Casta",
            "Relais de Saleccia"
          ],
          "@type": [
            "schema:PostalAddress",
            "PostalAddress"
          ],
          "hasAddressCity": {
            "@id": "kb:2B314",
            "@type": [
              "City"
            ],
            "rdfs:label": {
              "en": [
                "Santo-Pietro-di-Tenda"
              ],
              "fr": [
                "Santo-Pietro-di-Tenda"
              ]
            },
            "insee": "2B314",
            "isPartOfDepartment": {
              "@id": "kb:France942B",
              "@type": [
                "Department"
              ],
              "rdfs:label": {
                "en": [
                  "Haute-Corse"
                ],
                "fr": [
                  "Haute-Corse"
                ]
              },
              "insee": "2B",
              "isPartOfRegion": {
                "@id": "kb:France94",
                "@type": [
                  "Region"
                ],
                "rdfs:label": {
                  "en": [
                    "Corse"
                  ],
                  "fr": [
                    "Corse"
                  ]
                },
                "insee": "94",
                "isPartOfCountry": {
                  "@id": "kb:France",
                  "@type": [
                    "schema:Country"
                  ],
                  "rdfs:label": {
                    "de": [
                      "Frankreich"
                    ],
                    "pt": [
                      "França"
                    ],
                    "en": [
                      "France"
                    ],
                    "it": [
                      "Francia"
                    ],
                    "fr": [
                      "France"
                    ],
                    "nl": [
                      "Frankrijk"
                    ],
                    "es": [
                      "Francia"
                    ]
                  }
                }
              }
            }
          }
        }
      ],
      "schema:geo": {
        "@id": "https://data.datatourisme.fr/b8e11c29-26b7-3d73-b782-494e4bddb7da",
        "schema:latitude": "42.664533",
        "schema:longitude": "9.214667",
        "@type": [
          "schema:GeoCoordinates"
        ]
      },
      "schema:openingHoursSpecification": [
        {
          "@id": "https://data.datatourisme.fr/f87e535a-636d-3343-ad63-8a03392e7511",
          "schema:validFrom": "2023-01-01T00:00:00",
          "schema:validThrough": "2023-12-31T23:59:59",
          "@type": [
            "schema:OpeningHoursSpecification"
          ]
        }
      ],
      "@type": [
        "schema:Place",
        "Place"
      ]
    }
  ],
  "isOwnedBy": [
    {
      "@id": "https://data.datatourisme.fr/252af22a-253d-33df-b9d7-204832749402",
      "schema:email": [
        "web@ileroussetourisme.com"
      ],
      "schema:legalName": "Office de Tourisme Intercommunal de L'Ile Rousse-Balagne",
      "@type": [
        "schema:Organization",
        "foaf:Agent",
        "Agent"
      ],
      "foaf:homepage": [
        "https://www.balagne-corsica.com/"
      ]
    }
  ],
  "lastUpdate": "2022-06-03",
  "lastUpdateDatatourisme": "2023-02-11T06:38:49.153Z"
}