{
  "@id": "https://data.datatourisme.fr/13/ac176aa3-67f0-3ee5-9336-6a84a80cfd99",
  "dc:identifier": "5982325",
  "@type": [
    "schema:Accommodation",
    "schema:LodgingBusiness",
    "Accommodation",
    "CollectiveAccommodation",
    "HolidayResort",
    "PlaceOfInterest",
    "PointOfInterest"
  ],
  "rdfs:comment": {
    "de": [
      "RESIDENCE PREMIUM PIERRE & VACANCES\r\nVillen mit beheizten Privatpools, 300 m vom Strand von Cala Rossa entfernt.\r\nEine außergewöhnliche Lage für Häuser mit allem Komfort\r\nIndividuelle Badezimmer pro Zimmer und große Räume."
    ],
    "en": [
      "RESIDENCE PREMIUM PIERRE & VACANCES\r\nVillas with private heated swimming pools at 300 m from the beach of Cala Rossa.\r\nAn exceptional location for houses with all comforts\r\nIndividual bathrooms per room and large spaces."
    ],
    "it": [
      "RESIDENZA PREMIUM PIERRE & VACANCES.\r\nVille con piscina privata riscaldata a 300 m dalla spiaggia di Cala Rossa.\r\nUna posizione eccezionale per case dotate di tutti i comfort.\r\nBagni individuali per camera e spazi ampi."
    ],
    "fr": [
      "RESIDENCE PREMIUM PIERRE & VACANCES. \r\nVillas avec piscines privatives chauffées à 300 m de la plage de Cala Rossa.\r\nUne situation exceptionnelle pour des maisons tout confort. \r\nSalles d'eaux individuelles par chambre et grands espaces."
    ],
    "es": [
      "RESIDENCIA PREMIUM PIERRE & VACANCES\r\nChalets con piscina privada climatizada a 300 m de la playa de Cala Rossa.\r\nUna ubicación excepcional para casas con todas las comodidades\r\nBaños individuales por habitación y espacios amplios."
    ],
    "nl": [
      "RESIDENCE PREMIUM PIERRE & VACANCES\r\nVilla's met verwarmde privézwembaden op 300 m van het strand van Cala Rossa.\r\nEen uitzonderlijke locatie voor huizen met alle comfort\r\nIndividuele badkamers per kamer en grote ruimtes."
    ]
  },
  "rdfs:label": {
    "fr": [
      "Vesna Rossa"
    ]
  },
  "hasBeenCreatedBy": {
    "@id": "https://data.datatourisme.fr/13/84c6494d-3085-3c63-a55c-db8cb047fadd",
    "dc:identifier": "1738",
    "schema:email": [
      "camillef.omt@gmail.com",
      "direction@destination-sudcorse.com",
      "gestion@destination-sudcorse.com",
      "promotion@destination-sudcorse.com",
      "webmaster@destination-sudcorse.com"
    ],
    "schema:legalName": "Porto Vecchio Tourisme",
    "@type": [
      "schema:Organization",
      "foaf:Agent",
      "Agent"
    ],
    "foaf:homepage": [
      "http://www.ot-portovecchio.com/"
    ]
  },
  "hasBeenPublishedBy": [
    {
      "@id": "https://data.datatourisme.fr/8a9feb4b-2cbd-3d2c-b507-bd6c6776b23b",
      "schema:legalName": "Apidae Tourisme Scic SA - source : Apidae Tourisme",
      "@type": [
        "schema:Organization",
        "foaf:Agent",
        "Agent"
      ],
      "foaf:homepage": [
        "https://www.apidae-tourisme.com/"
      ]
    }
  ],
  "hasContact": [
    {
      "@id": "https://data.datatourisme.fr/833fb691-9b93-39a3-8b89-663fd9b1f39f",
      "schema:email": [
        "contact@vesnarossa.com"
      ],
      "schema:telephone": [
        "+33 4 95 71 43 68"
      ],
      "@type": [
        "foaf:Agent",
        "Agent"
      ],
      "foaf:homepage": [
        "https://www.pierreetvacances.com/"
      ]
    }
  ],
  "hasDescription": [
    {
      "@id": "https://data.datatourisme.fr/31b4c375-5db1-32c2-b9dd-286e1d455fcf",
      "@type": [
        "Description"
      ],
      "hasTranslatedProperty": [
        {
          "@id": "https://data.datatourisme.fr/0394699e-45ae-3884-95d9-cabb53528cc5",
          "dc:contributor": [
            "https://api.deepl.com/v2/translate"
          ],
          "rdf:language": [
            "es"
          ],
          "rdf:predicate": [
            "shortDescription"
          ]
        },
        {
          "@id": "https://data.datatourisme.fr/7c86b381-7f2e-3f22-8cfc-1a5a1b23064e",
          "dc:contributor": [
            "https://api.deepl.com/v2/translate"
          ],
          "rdf:language": [
            "it"
          ],
          "rdf:predicate": [
            "shortDescription"
          ]
        },
        {
          "@id": "https://data.datatourisme.fr/e3964f27-21ac-3f41-8247-21bc020135e6",
          "dc:contributor": [
            "https://api.deepl.com/v2/translate"
          ],
          "rdf:language": [
            "en"
          ],
          "rdf:predicate": [
            "shortDescription"
          ]
        },
        {
          "@id": "https://data.datatourisme.fr/edc74787-b313-3b32-9da9-56296b6825b4",
          "dc:contributor": [
            "https://api.deepl.com/v2/translate"
          ],
          "rdf:language": [
            "de"
          ],
          "rdf:predicate": [
            "shortDescription"
          ]
        },
        {
          "@id": "https://data.datatourisme.fr/f2aaf545-dc1f-34a1-aeb3-dfb51f722675",
          "dc:contributor": [
            "https://api.deepl.com/v2/translate"
          ],
          "rdf:language": [
            "nl"
          ],
          "rdf:predicate": [
            "shortDescription"
          ]
        }
      ],
      "shortDescription": {
        "de": [
          "RESIDENCE PREMIUM PIERRE & VACANCES\r\nVillen mit beheizten Privatpools, 300 m vom Strand von Cala Rossa entfernt.\r\nEine außergewöhnliche Lage für Häuser mit allem Komfort\r\nIndividuelle Badezimmer pro Zimmer und große Räume."
        ],
        "en": [
          "RESIDENCE PREMIUM PIERRE & VACANCES\r\nVillas with private heated swimming pools at 300 m from the beach of Cala Rossa.\r\nAn exceptional location for houses with all comforts\r\nIndividual bathrooms per room and large spaces."
        ],
        "it": [
          "RESIDENZA PREMIUM PIERRE & VACANCES.\r\nVille con piscina privata riscaldata a 300 m dalla spiaggia di Cala Rossa.\r\nUna posizione eccezionale per case dotate di tutti i comfort.\r\nBagni individuali per camera e spazi ampi."
        ],
        "fr": [
          "RESIDENCE PREMIUM PIERRE & VACANCES. \r\nVillas avec piscines privatives chauffées à 300 m de la plage de Cala Rossa.\r\nUne situation exceptionnelle pour des maisons tout confort. \r\nSalles d'eaux individuelles par chambre et grands espaces."
        ],
        "es": [
          "RESIDENCIA PREMIUM PIERRE & VACANCES\r\nChalets con piscina privada climatizada a 300 m de la playa de Cala Rossa.\r\nUna ubicación excepcional para casas con todas las comodidades\r\nBaños individuales por habitación y espacios amplios."
        ],
        "nl": [
          "RESIDENCE PREMIUM PIERRE & VACANCES\r\nVilla's met verwarmde privézwembaden op 300 m van het strand van Cala Rossa.\r\nEen uitzonderlijke locatie voor huizen met alle comfort\r\nIndividuele badkamers per kamer en grote ruimtes."
        ]
      }
    }
  ],
  "hasTranslatedProperty": [
    {
      "@id": "https://data.datatourisme.fr/01ba978f-9cf8-38a8-a789-900425fb2557",
      "dc:contributor": [
        "https://api.deepl.com/v2/translate"
      ],
      "rdf:language": [
        "en"
      ],
      "rdf:predicate": [
        {
          "@id": "rdfs:comment"
        }
      ]
    },
    {
      "@id": "https://data.datatourisme.fr/5d65d8c7-7a37-305c-8372-ca2713535d06",
      "dc:contributor": [
        "https://api.deepl.com/v2/translate"
      ],
      "rdf:language": [
        "es"
      ],
      "rdf:predicate": [
        {
          "@id": "rdfs:comment"
        }
      ]
    },
    {
      "@id": "https://data.datatourisme.fr/736b9772-290f-3371-82d1-77922be164c5",
      "dc:contributor": [
        "https://api.deepl.com/v2/translate"
      ],
      "rdf:language": [
        "de"
      ],
      "rdf:predicate": [
        {
          "@id": "rdfs:comment"
        }
      ]
    },
    {
      "@id": "https://data.datatourisme.fr/9d27f93f-a14a-3d3a-bc78-85324e21c2c6",
      "dc:contributor": [
        "https://api.deepl.com/v2/translate"
      ],
      "rdf:language": [
        "nl"
      ],
      "rdf:predicate": [
        {
          "@id": "rdfs:comment"
        }
      ]
    },
    {
      "@id": "https://data.datatourisme.fr/c71320a2-f837-3fa3-9a89-0ce533d8951e",
      "dc:contributor": [
        "https://api.deepl.com/v2/translate"
      ],
      "rdf:language": [
        "it"
      ],
      "rdf:predicate": [
        {
          "@id": "rdfs:comment"
        }
      ]
    }
  ],
  "isLocatedAt": [
    {
      "@id": "https://data.datatourisme.fr/5510d269-2797-3d9f-9a45-a1c34c69d9d0",
      "schema:address": [
        {
          "@id": "https://data.datatourisme.fr/3e9a3072-6917-3263-b0dc-ef55e9e2385c",
          "schema:addressLocality": "Lecci",
          "schema:postalCode": "20137",
          "schema:streetAddress": [
            "24 lotissement Marina Rossa"
          ],
          "@type": [
            "schema:PostalAddress",
            "PostalAddress"
          ],
          "hasAddressCity": {
            "@id": "kb:2A139",
            "@type": [
              "City"
            ],
            "rdfs:label": {
              "en": [
                "Lecci"
              ],
              "fr": [
                "Lecci"
              ]
            },
            "insee": "2A139",
            "isPartOfDepartment": {
              "@id": "kb:France942A",
              "@type": [
                "Department"
              ],
              "rdfs:label": {
                "en": [
                  "Corse-du-Sud"
                ],
                "fr": [
                  "Corse-du-Sud"
                ]
              },
              "insee": "2A",
              "isPartOfRegion": {
                "@id": "kb:France94",
                "@type": [
                  "Region"
                ],
                "rdfs:label": {
                  "en": [
                    "Corse"
                  ],
                  "fr": [
                    "Corse"
                  ]
                },
                "insee": "94",
                "isPartOfCountry": {
                  "@id": "kb:France",
                  "@type": [
                    "schema:Country"
                  ],
                  "rdfs:label": {
                    "de": [
                      "Frankreich"
                    ],
                    "pt": [
                      "França"
                    ],
                    "en": [
                      "France"
                    ],
                    "it": [
                      "Francia"
                    ],
                    "fr": [
                      "France"
                    ],
                    "nl": [
                      "Frankrijk"
                    ],
                    "es": [
                      "Francia"
                    ]
                  }
                }
              }
            }
          }
        }
      ],
      "schema:geo": {
        "@id": "https://data.datatourisme.fr/63032203-5781-3d41-b18c-47c8e8c99014",
        "schema:latitude": "41.625011",
        "schema:longitude": "9.335586",
        "@type": [
          "schema:GeoCoordinates"
        ]
      },
      "schema:openingHoursSpecification": [
        {
          "@id": "https://data.datatourisme.fr/5939f180-2748-30f0-b015-c9e25e79c589",
          "schema:validFrom": "2023-04-08T00:00:00",
          "schema:validThrough": "2023-11-04T23:59:59",
          "@type": [
            "schema:OpeningHoursSpecification"
          ],
          "additionalInformation": {
            "de": [
              "Montag, Dienstag, Mittwoch, Donnerstag, Freitag, Samstag, Sonntag: offen"
            ],
            "en": [
              "Monday, Tuesday, Wednesday, Thursday, Friday, Saturday, Sunday: open"
            ],
            "it": [
              "Lunedì, martedì, mercoledì, giovedì, venerdì, sabato, domenica: aperto"
            ],
            "fr": [
              "Lundi, Mardi, Mercredi, Jeudi, Vendredi, Samedi, Dimanche : ouvert"
            ],
            "nl": [
              "Maandag, dinsdag, woensdag, donderdag, vrijdag, zaterdag, zondag: open"
            ],
            "es": [
              "Lunes, martes, miércoles, jueves, viernes, sábado y domingo: abierto"
            ]
          },
          "hasTranslatedProperty": [
            {
              "@id": "https://data.datatourisme.fr/34fc3eec-f2fe-3333-86af-a35f7f0bfda0",
              "dc:contributor": [
                "https://api.deepl.com/v2/translate"
              ],
              "rdf:language": [
                "it"
              ],
              "rdf:predicate": [
                "additionalInformation"
              ]
            },
            {
              "@id": "https://data.datatourisme.fr/61667f0f-a747-3dfe-ba91-d7aafb350667",
              "dc:contributor": [
                "https://api.deepl.com/v2/translate"
              ],
              "rdf:language": [
                "es"
              ],
              "rdf:predicate": [
                "additionalInformation"
              ]
            },
            {
              "@id": "https://data.datatourisme.fr/a0ce9f32-c9c2-3005-ad48-57f27603e075",
              "dc:contributor": [
                "https://api.deepl.com/v2/translate"
              ],
              "rdf:language": [
                "nl"
              ],
              "rdf:predicate": [
                "additionalInformation"
              ]
            },
            {
              "@id": "https://data.datatourisme.fr/a9e24d6b-baca-3ed5-a315-43a48eba64ec",
              "dc:contributor": [
                "https://api.deepl.com/v2/translate"
              ],
              "rdf:language": [
                "de"
              ],
              "rdf:predicate": [
                "additionalInformation"
              ]
            },
            {
              "@id": "https://data.datatourisme.fr/aab2d03f-a64d-31b5-9123-e262499be415",
              "dc:contributor": [
                "https://api.deepl.com/v2/translate"
              ],
              "rdf:language": [
                "en"
              ],
              "rdf:predicate": [
                "additionalInformation"
              ]
            }
          ]
        }
      ],
      "@type": [
        "schema:Place",
        "Place"
      ]
    }
  ],
  "isOwnedBy": [
    {
      "@id": "https://data.datatourisme.fr/f5f950f9-5eec-32b4-a357-2c969ccf4068",
      "schema:email": [
        "camillef.omt@gmail.com",
        "direction@destination-sudcorse.com",
        "gestion@destination-sudcorse.com",
        "promotion@destination-sudcorse.com",
        "webmaster@destination-sudcorse.com"
      ],
      "schema:legalName": "Porto Vecchio Tourisme",
      "@type": [
        "schema:Organization",
        "foaf:Agent",
        "Agent"
      ],
      "foaf:homepage": [
        "http://www.ot-portovecchio.com/"
      ]
    }
  ],
  "lastUpdate": "2023-02-15",
  "lastUpdateDatatourisme": "2023-02-16T06:39:41.953Z"
}