{
  "@id": "https://data.datatourisme.fr/13/bed8a892-6473-3e75-b25b-974abef4b549",
  "dc:identifier": "5382681",
  "@type": [
    "schema:FoodEstablishment",
    "FoodEstablishment",
    "PlaceOfInterest",
    "PointOfInterest"
  ],
  "rdfs:comment": {
    "de": [
      "Ein Speisewagen in einem Garten empfängt Sie von April bis Oktober jeden Mittag von Montag bis Samstag von 12:00 bis 14:00 Uhr im Hotel San Giovanni."
    ],
    "en": [
      "A food truck in a garden welcomes you from April to October at the Hotel San Giovanni every lunchtime from Monday to Saturday from 12:00 to 14:00."
    ],
    "it": [
      "Un camioncino alimentare in giardino vi accoglie da aprile a ottobre presso l'Hotel San Giovanni ogni ora di pranzo dal lunedì al sabato dalle 12:00 alle 14:00."
    ],
    "fr": [
      "Un food truck dans un jardin vous accueille d'avril à octobre à l'hôtel San Giovanni chaque midi du lundi au samedi de 12h à 14h. Venez découvrir la \"Street Food\" à la campagne ! Nous proposons également sur demande des pique-niques et plateaux repas."
    ],
    "es": [
      "Un food truck en un jardín le da la bienvenida de abril a octubre en el hotel San Giovanni todos los mediodías de lunes a sábado de 12.00 a 14.00 horas. ¡Venga a descubrir la \"Street Food\" en el campo! También ofrecemos picnics y bandejas de comida previa petición."
    ],
    "nl": [
      "Een voedselvrachtwagen in een tuin verwelkomt u van april tot oktober elke middag van maandag tot zaterdag van 12.00 tot 14.00 uur in Hotel San Giovanni."
    ]
  },
  "rdfs:label": {
    "fr": [
      "L'Affamée"
    ]
  },
  "hasBeenCreatedBy": {
    "@id": "https://data.datatourisme.fr/13/84c6494d-3085-3c63-a55c-db8cb047fadd",
    "dc:identifier": "1738",
    "schema:email": [
      "camillef.omt@gmail.com",
      "direction@destination-sudcorse.com",
      "gestion@destination-sudcorse.com",
      "promotion@destination-sudcorse.com",
      "webmaster@destination-sudcorse.com"
    ],
    "schema:legalName": "Porto Vecchio Tourisme",
    "@type": [
      "schema:Organization",
      "foaf:Agent",
      "Agent"
    ],
    "foaf:homepage": [
      "http://www.ot-portovecchio.com/"
    ]
  },
  "hasBeenPublishedBy": [
    {
      "@id": "https://data.datatourisme.fr/8a9feb4b-2cbd-3d2c-b507-bd6c6776b23b",
      "schema:legalName": "Apidae Tourisme Scic SA - source : Apidae Tourisme",
      "@type": [
        "schema:Organization",
        "foaf:Agent",
        "Agent"
      ],
      "foaf:homepage": [
        "https://www.apidae-tourisme.com/"
      ]
    }
  ],
  "hasContact": [
    {
      "@id": "https://data.datatourisme.fr/0da944f0-ee2e-3ee5-8beb-6b80547d411c",
      "schema:email": [
        "laffamee2a@gmail.com"
      ],
      "schema:telephone": [
        "+33 4 95 70 22 25",
        "+33 6 11 98 65 75"
      ],
      "@type": [
        "foaf:Agent",
        "Agent"
      ],
      "foaf:homepage": [
        "https://laffamee.fr/"
      ]
    }
  ],
  "hasDescription": [
    {
      "@id": "https://data.datatourisme.fr/ee5c80f2-140e-3761-ad85-090c7d312a0e",
      "@type": [
        "Description"
      ],
      "hasTranslatedProperty": [
        {
          "@id": "https://data.datatourisme.fr/e205d9f3-1d7f-3113-8271-710ebd27be49",
          "dc:contributor": [
            "https://api.deepl.com/v2/translate"
          ],
          "rdf:language": [
            "es"
          ],
          "rdf:predicate": [
            "shortDescription"
          ]
        }
      ],
      "shortDescription": {
        "de": [
          "Ein Speisewagen in einem Garten empfängt Sie von April bis Oktober jeden Mittag von Montag bis Samstag von 12:00 bis 14:00 Uhr im Hotel San Giovanni."
        ],
        "en": [
          "A food truck in a garden welcomes you from April to October at the Hotel San Giovanni every lunchtime from Monday to Saturday from 12:00 to 14:00."
        ],
        "it": [
          "Un camioncino alimentare in giardino vi accoglie da aprile a ottobre presso l'Hotel San Giovanni ogni ora di pranzo dal lunedì al sabato dalle 12:00 alle 14:00."
        ],
        "fr": [
          "Un food truck dans un jardin vous accueille d'avril à octobre à l'hôtel San Giovanni chaque midi du lundi au samedi de 12h à 14h. Venez découvrir la \"Street Food\" à la campagne ! Nous proposons également sur demande des pique-niques et plateaux repas."
        ],
        "es": [
          "Un food truck en un jardín le da la bienvenida de abril a octubre en el hotel San Giovanni todos los mediodías de lunes a sábado de 12.00 a 14.00 horas. ¡Venga a descubrir la \"Street Food\" en el campo! También ofrecemos picnics y bandejas de comida previa petición."
        ],
        "nl": [
          "Een voedselvrachtwagen in een tuin verwelkomt u van april tot oktober elke middag van maandag tot zaterdag van 12.00 tot 14.00 uur in Hotel San Giovanni."
        ]
      }
    }
  ],
  "hasTheme": [
    {
      "@id": "kb:MediterraneanCuisine",
      "@type": [
        "CuisineCategory"
      ],
      "rdfs:label": {
        "de": [
          "Mediterrane Küche"
        ],
        "pt": [
          "Cozinha mediterrânica"
        ],
        "en": [
          "Mediterranean cuisine"
        ],
        "it": [
          "Cucina mediterranea"
        ],
        "fr": [
          "Cuisine méditerranéenne"
        ],
        "nl": [
          "Mediterrane keuken"
        ],
        "es": [
          "Cocina mediterránea"
        ]
      }
    }
  ],
  "hasTranslatedProperty": [
    {
      "@id": "https://data.datatourisme.fr/78eb4ba6-7a9c-30d3-8e06-80f34596481a",
      "dc:contributor": [
        "https://api.deepl.com/v2/translate"
      ],
      "rdf:language": [
        "es"
      ],
      "rdf:predicate": [
        {
          "@id": "rdfs:comment"
        }
      ]
    }
  ],
  "isLocatedAt": [
    {
      "@id": "https://data.datatourisme.fr/bb70df73-842a-387f-8ff5-accd29ddee55",
      "schema:address": [
        {
          "@id": "https://data.datatourisme.fr/a2520b18-b6b1-3cb0-adc1-3f746c9ed36f",
          "schema:addressLocality": "Porto-Vecchio",
          "schema:postalCode": "20137",
          "schema:streetAddress": [
            "Route d'Arca"
          ],
          "@type": [
            "schema:PostalAddress",
            "PostalAddress"
          ],
          "hasAddressCity": {
            "@id": "kb:2A247",
            "@type": [
              "City"
            ],
            "rdfs:label": {
              "en": [
                "Porto-Vecchio"
              ],
              "fr": [
                "Porto-Vecchio"
              ]
            },
            "insee": "2A247",
            "isPartOfDepartment": {
              "@id": "kb:France942A",
              "@type": [
                "Department"
              ],
              "rdfs:label": {
                "en": [
                  "Corse-du-Sud"
                ],
                "fr": [
                  "Corse-du-Sud"
                ]
              },
              "insee": "2A",
              "isPartOfRegion": {
                "@id": "kb:France94",
                "@type": [
                  "Region"
                ],
                "rdfs:label": {
                  "en": [
                    "Corse"
                  ],
                  "fr": [
                    "Corse"
                  ]
                },
                "insee": "94",
                "isPartOfCountry": {
                  "@id": "kb:France",
                  "@type": [
                    "schema:Country"
                  ],
                  "rdfs:label": {
                    "de": [
                      "Frankreich"
                    ],
                    "pt": [
                      "França"
                    ],
                    "en": [
                      "France"
                    ],
                    "it": [
                      "Francia"
                    ],
                    "fr": [
                      "France"
                    ],
                    "nl": [
                      "Frankrijk"
                    ],
                    "es": [
                      "Francia"
                    ]
                  }
                }
              }
            }
          }
        }
      ],
      "schema:geo": {
        "@id": "https://data.datatourisme.fr/ea180e15-9096-34ec-b5b3-e5deef8eb735",
        "schema:latitude": "41.580028",
        "schema:longitude": "9.254887",
        "@type": [
          "schema:GeoCoordinates"
        ]
      },
      "schema:openingHoursSpecification": [
        {
          "@id": "https://data.datatourisme.fr/baee72d8-93c1-36a0-ac5c-a524f84ca01e",
          "schema:validFrom": "2023-04-01T00:00:00",
          "schema:validThrough": "2023-11-04T23:59:59",
          "@type": [
            "schema:OpeningHoursSpecification"
          ]
        }
      ],
      "@type": [
        "schema:Place",
        "Place"
      ]
    }
  ],
  "isOwnedBy": [
    {
      "@id": "https://data.datatourisme.fr/f5f950f9-5eec-32b4-a357-2c969ccf4068",
      "schema:email": [
        "camillef.omt@gmail.com",
        "direction@destination-sudcorse.com",
        "gestion@destination-sudcorse.com",
        "promotion@destination-sudcorse.com",
        "webmaster@destination-sudcorse.com"
      ],
      "schema:legalName": "Porto Vecchio Tourisme",
      "@type": [
        "schema:Organization",
        "foaf:Agent",
        "Agent"
      ],
      "foaf:homepage": [
        "http://www.ot-portovecchio.com/"
      ]
    }
  ],
  "lastUpdate": "2023-02-14",
  "lastUpdateDatatourisme": "2023-02-15T06:38:07.117Z",
  "offers": [
    {
      "@id": "https://data.datatourisme.fr/732be464-772a-3e7f-be53-473785a3fb60",
      "schema:priceSpecification": [
        {
          "@id": "https://data.datatourisme.fr/1a89272a-61d9-3b7d-aec6-fbc31ad03d65",
          "schema:minPrice": [
            "10"
          ],
          "schema:priceCurrency": "EUR",
          "@type": [
            "schema:PriceSpecification",
            "PriceSpecification"
          ],
          "appliesOnPeriod": [
            {
              "@id": "https://data.datatourisme.fr/139f5e2c-6d26-38c8-98fb-cc6481f547ed",
              "@type": [
                "Period"
              ],
              "endDate": "2023-11-04",
              "startDate": "2023-04-01"
            }
          ]
        }
      ],
      "@type": [
        "schema:Offer",
        "Offer"
      ]
    }
  ],
  "providesCuisineOfType": [
    {
      "@id": "kb:MediterraneanCuisine",
      "@type": [
        "CuisineCategory"
      ],
      "rdfs:label": {
        "de": [
          "Mediterrane Küche"
        ],
        "pt": [
          "Cozinha mediterrânica"
        ],
        "en": [
          "Mediterranean cuisine"
        ],
        "it": [
          "Cucina mediterranea"
        ],
        "fr": [
          "Cuisine méditerranéenne"
        ],
        "nl": [
          "Mediterrane keuken"
        ],
        "es": [
          "Cocina mediterránea"
        ]
      }
    }
  ]
}