{
  "@id": "https://data.datatourisme.fr/13/be415e66-6691-3262-99a3-0a9caf4ef2b0",
  "dc:identifier": "5697824",
  "@type": [
    "CulturalSite",
    "Farm",
    "PlaceOfInterest",
    "PointOfInterest",
    "SportsAndLeisurePlace",
    "TeachingFarm",
    "TechnicalHeritage"
  ],
  "rdfs:comment": {
    "de": [
      "Der pädagogische Bauernhof l'Isula di i Sogni freut sich, Sie in seinem 3 Hektar großen Park mit Meerblick und Sonnenuntergang begrüßen zu dürfen.\r\nEin idealer Ort für Groß und Klein, um die Tierwelt zu entdecken!"
    ],
    "en": [
      "The Isula di i Sogni educational farm will be happy to welcome you within its 3 hectare park with sea view and sunset.\r\nAn ideal place to discover the animal world for young and old!"
    ],
    "it": [
      "La fattoria didattica Isula di i Sogni sarà lieta di accogliervi nel suo parco di 3 ettari con vista sul mare e sul tramonto.\r\nUn luogo ideale per scoprire il mondo animale per grandi e piccini!"
    ],
    "fr": [
      "La ferme pédagogique l’Isula di i Sogni sera heureuse de vous accueillir au sein de son parc de 3 hectares avec vue mer et coucher de soleil.\r\nUn lieu idéal pour découvrir le monde animal pour les petits et les grands !"
    ],
    "es": [
      "La granja educativa Isula di i Sogni estará encantada de recibirle en su parque de 3 hectáreas con vistas al mar y a la puesta de sol.\r\nUn lugar ideal para descubrir el mundo animal para grandes y pequeños"
    ],
    "nl": [
      "De educatieve boerderij Isula di i Sogni ontvangt u graag in haar park van 3 hectare met uitzicht op de zee en de zonsondergang.\r\nEen ideale plek om de dierenwereld te ontdekken voor jong en oud!"
    ]
  },
  "rdfs:label": {
    "fr": [
      "L'Isula di i Sogni"
    ]
  },
  "hasBeenCreatedBy": {
    "@id": "https://data.datatourisme.fr/13/e4873aa9-a05c-35ed-8395-61d121516766",
    "dc:identifier": "1646",
    "schema:email": [
      "info@balagne-corsica.com"
    ],
    "schema:legalName": "Office de Tourisme Intercommunal Calvi - Balagne",
    "@type": [
      "schema:Organization",
      "foaf:Agent",
      "Agent"
    ],
    "foaf:homepage": [
      "https://www.balagne-corsica.com/"
    ]
  },
  "hasBeenPublishedBy": [
    {
      "@id": "https://data.datatourisme.fr/8a9feb4b-2cbd-3d2c-b507-bd6c6776b23b",
      "schema:legalName": "Apidae Tourisme Scic SA - source : Apidae Tourisme",
      "@type": [
        "schema:Organization",
        "foaf:Agent",
        "Agent"
      ],
      "foaf:homepage": [
        "https://www.apidae-tourisme.com/"
      ]
    }
  ],
  "hasContact": [
    {
      "@id": "https://data.datatourisme.fr/74c56531-f7bd-35c0-bda3-8215c2f96051",
      "schema:telephone": [
        "+33 6 33 29 93 58",
        "+33 6 68 53 60 99"
      ],
      "@type": [
        "foaf:Agent",
        "Agent"
      ]
    }
  ],
  "hasDescription": [
    {
      "@id": "https://data.datatourisme.fr/d69ef022-a86b-3ecc-88a1-033cca8df895",
      "@type": [
        "Description"
      ],
      "hasTranslatedProperty": [
        {
          "@id": "https://data.datatourisme.fr/2a0763f4-2508-3e3e-ace4-6808334ec50b",
          "dc:contributor": [
            "https://api.deepl.com/v2/translate"
          ],
          "rdf:language": [
            "de"
          ],
          "rdf:predicate": [
            "shortDescription"
          ]
        },
        {
          "@id": "https://data.datatourisme.fr/415ce4dd-5197-3817-8ff9-e06592466055",
          "dc:contributor": [
            "https://api.deepl.com/v2/translate"
          ],
          "rdf:language": [
            "es"
          ],
          "rdf:predicate": [
            "shortDescription"
          ]
        },
        {
          "@id": "https://data.datatourisme.fr/57442804-a476-30e1-a332-6bc875c18932",
          "dc:contributor": [
            "https://api.deepl.com/v2/translate"
          ],
          "rdf:language": [
            "nl"
          ],
          "rdf:predicate": [
            "shortDescription"
          ]
        }
      ],
      "shortDescription": {
        "de": [
          "Der pädagogische Bauernhof l'Isula di i Sogni freut sich, Sie in seinem 3 Hektar großen Park mit Meerblick und Sonnenuntergang begrüßen zu dürfen.\r\nEin idealer Ort für Groß und Klein, um die Tierwelt zu entdecken!"
        ],
        "en": [
          "The Isula di i Sogni educational farm will be happy to welcome you within its 3 hectare park with sea view and sunset.\r\nAn ideal place to discover the animal world for young and old!"
        ],
        "it": [
          "La fattoria didattica Isula di i Sogni sarà lieta di accogliervi nel suo parco di 3 ettari con vista sul mare e sul tramonto.\r\nUn luogo ideale per scoprire il mondo animale per grandi e piccini!"
        ],
        "fr": [
          "La ferme pédagogique l’Isula di i Sogni sera heureuse de vous accueillir au sein de son parc de 3 hectares avec vue mer et coucher de soleil.\r\nUn lieu idéal pour découvrir le monde animal pour les petits et les grands !"
        ],
        "es": [
          "La granja educativa Isula di i Sogni estará encantada de recibirle en su parque de 3 hectáreas con vistas al mar y a la puesta de sol.\r\nUn lugar ideal para descubrir el mundo animal para grandes y pequeños"
        ],
        "nl": [
          "De educatieve boerderij Isula di i Sogni ontvangt u graag in haar park van 3 hectare met uitzicht op de zee en de zonsondergang.\r\nEen ideale plek om de dierenwereld te ontdekken voor jong en oud!"
        ]
      }
    }
  ],
  "hasTheme": [
    {
      "@id": "kb:Culture",
      "@type": [
        "CulturalTheme"
      ],
      "rdfs:label": {
        "de": [
          "Kultur"
        ],
        "pt": [
          "Cultura"
        ],
        "en": [
          "Culture"
        ],
        "it": [
          "Cultura"
        ],
        "fr": [
          "Culture"
        ],
        "nl": [
          "Cultuur"
        ],
        "es": [
          "Cultura"
        ]
      }
    }
  ],
  "hasTranslatedProperty": [
    {
      "@id": "https://data.datatourisme.fr/47345fe8-07f1-3292-b2e4-3d8804b56d7d",
      "dc:contributor": [
        "https://api.deepl.com/v2/translate"
      ],
      "rdf:language": [
        "de"
      ],
      "rdf:predicate": [
        {
          "@id": "rdfs:comment"
        }
      ]
    },
    {
      "@id": "https://data.datatourisme.fr/6b0fb43d-2e55-341e-a1df-7617cd6300a5",
      "dc:contributor": [
        "https://api.deepl.com/v2/translate"
      ],
      "rdf:language": [
        "nl"
      ],
      "rdf:predicate": [
        {
          "@id": "rdfs:comment"
        }
      ]
    },
    {
      "@id": "https://data.datatourisme.fr/9d246acb-4496-38b8-89df-1a3bc10b140e",
      "dc:contributor": [
        "https://api.deepl.com/v2/translate"
      ],
      "rdf:language": [
        "es"
      ],
      "rdf:predicate": [
        {
          "@id": "rdfs:comment"
        }
      ]
    }
  ],
  "isLocatedAt": [
    {
      "@id": "https://data.datatourisme.fr/25fa2896-bd7e-3ec4-b50b-e44bac06fc23",
      "schema:address": [
        {
          "@id": "https://data.datatourisme.fr/3099bfcf-13f0-3a44-bd3c-6787e93c8812",
          "schema:addressLocality": "Aregno",
          "schema:postalCode": "20220",
          "schema:streetAddress": [
            "Ferme Pédagogique",
            "Plaine d'Aregno"
          ],
          "@type": [
            "schema:PostalAddress",
            "PostalAddress"
          ],
          "hasAddressCity": {
            "@id": "kb:2B020",
            "@type": [
              "City"
            ],
            "rdfs:label": {
              "en": [
                "Aregno"
              ],
              "fr": [
                "Aregno"
              ]
            },
            "insee": "2B020",
            "isPartOfDepartment": {
              "@id": "kb:France942B",
              "@type": [
                "Department"
              ],
              "rdfs:label": {
                "en": [
                  "Haute-Corse"
                ],
                "fr": [
                  "Haute-Corse"
                ]
              },
              "insee": "2B",
              "isPartOfRegion": {
                "@id": "kb:France94",
                "@type": [
                  "Region"
                ],
                "rdfs:label": {
                  "en": [
                    "Corse"
                  ],
                  "fr": [
                    "Corse"
                  ]
                },
                "insee": "94",
                "isPartOfCountry": {
                  "@id": "kb:France",
                  "@type": [
                    "schema:Country"
                  ],
                  "rdfs:label": {
                    "de": [
                      "Frankreich"
                    ],
                    "pt": [
                      "França"
                    ],
                    "en": [
                      "France"
                    ],
                    "it": [
                      "Francia"
                    ],
                    "fr": [
                      "France"
                    ],
                    "nl": [
                      "Frankrijk"
                    ],
                    "es": [
                      "Francia"
                    ]
                  }
                }
              }
            }
          }
        }
      ],
      "schema:geo": {
        "@id": "https://data.datatourisme.fr/ee3c5477-1524-3d60-89cd-4b3d5becef04",
        "schema:latitude": "42.604791",
        "schema:longitude": "8.873169",
        "@type": [
          "schema:GeoCoordinates"
        ]
      },
      "schema:openingHoursSpecification": [
        {
          "@id": "https://data.datatourisme.fr/c639e6aa-c570-3891-9afa-460b19cae588",
          "schema:validFrom": "2023-01-01T00:00:00",
          "schema:validThrough": "2023-12-31T23:59:59",
          "@type": [
            "schema:OpeningHoursSpecification"
          ],
          "additionalInformation": {
            "de": [
              "Tage und Uhrzeiten variieren je nach Jahreszeit und Wetter. Rufen Sie daher am besten vorher an"
            ],
            "en": [
              "Days and times vary according to the seasons and the weather. It is therefore preferable to call before going there"
            ],
            "it": [
              "I giorni e gli orari variano a seconda della stagione e del tempo. È quindi consigliabile telefonare prima di partire"
            ],
            "fr": [
              "Jours et horaires variables en fonction des saisons et de la météo. Il est donc préférable de téléphoner avant de vous y rendre"
            ],
            "es": [
              "Los días y los horarios varían según la temporada y el clima. Por lo tanto, es aconsejable llamar por teléfono antes de ir"
            ],
            "nl": [
              "Dagen en tijden variëren afhankelijk van het seizoen en het weer. Het is daarom raadzaam om vooraf te bellen"
            ]
          },
          "hasTranslatedProperty": [
            {
              "@id": "https://data.datatourisme.fr/4007851b-256e-33fd-9a1f-18b5c48f21ae",
              "dc:contributor": [
                "https://api.deepl.com/v2/translate"
              ],
              "rdf:language": [
                "de"
              ],
              "rdf:predicate": [
                "additionalInformation"
              ]
            },
            {
              "@id": "https://data.datatourisme.fr/498adeb9-a17b-33dc-950a-6671c92069a7",
              "dc:contributor": [
                "https://api.deepl.com/v2/translate"
              ],
              "rdf:language": [
                "en"
              ],
              "rdf:predicate": [
                "additionalInformation"
              ]
            },
            {
              "@id": "https://data.datatourisme.fr/55456b99-a415-31ca-afce-24808ce97b3d",
              "dc:contributor": [
                "https://api.deepl.com/v2/translate"
              ],
              "rdf:language": [
                "nl"
              ],
              "rdf:predicate": [
                "additionalInformation"
              ]
            },
            {
              "@id": "https://data.datatourisme.fr/c38bc8c9-edda-310d-8289-907daede7240",
              "dc:contributor": [
                "https://api.deepl.com/v2/translate"
              ],
              "rdf:language": [
                "it"
              ],
              "rdf:predicate": [
                "additionalInformation"
              ]
            },
            {
              "@id": "https://data.datatourisme.fr/d451a22d-68e6-33fb-8427-be3e74dc3988",
              "dc:contributor": [
                "https://api.deepl.com/v2/translate"
              ],
              "rdf:language": [
                "es"
              ],
              "rdf:predicate": [
                "additionalInformation"
              ]
            }
          ]
        }
      ],
      "@type": [
        "schema:Place",
        "Place"
      ]
    }
  ],
  "isOwnedBy": [
    {
      "@id": "https://data.datatourisme.fr/194c52e6-bbae-33dc-8464-caca97844fbb",
      "schema:email": [
        "info@balagne-corsica.com"
      ],
      "schema:legalName": "Office de Tourisme Intercommunal Calvi - Balagne",
      "@type": [
        "schema:Organization",
        "foaf:Agent",
        "Agent"
      ],
      "foaf:homepage": [
        "https://www.balagne-corsica.com/"
      ]
    }
  ],
  "lastUpdate": "2022-08-03",
  "lastUpdateDatatourisme": "2023-04-04T05:52:39.382Z",
  "offers": [
    {
      "@id": "https://data.datatourisme.fr/29849e9e-97f0-3582-a39b-b7b84c419d52",
      "schema:priceSpecification": [
        {
          "@id": "https://data.datatourisme.fr/1d1ab7ba-ba13-3df3-a554-f24eb88702e3",
          "schema:maxPrice": [
            "5",
            "6"
          ],
          "schema:minPrice": [
            "5",
            "6"
          ],
          "schema:priceCurrency": "EUR",
          "@type": [
            "schema:PriceSpecification",
            "PriceSpecification"
          ],
          "appliesOnPeriod": [
            {
              "@id": "https://data.datatourisme.fr/0663ca4b-3470-3171-9053-39aa704e8f56",
              "@type": [
                "Period"
              ],
              "endDate": "2022-12-31",
              "startDate": "2022-01-01"
            }
          ]
        }
      ],
      "@type": [
        "schema:Offer",
        "Offer"
      ]
    }
  ]
}