{
  "@id": "https://data.datatourisme.fr/13/3a04cd49-2e8e-396d-be90-3c678de4c278",
  "dc:identifier": "5022725",
  "@type": [
    "schema:FoodEstablishment",
    "FoodEstablishment",
    "PlaceOfInterest",
    "PointOfInterest"
  ],
  "rdfs:comment": {
    "de": [
      "Die Brasserie Les Quatre Becs empfängt Sie auf dem Place Paoli, in ihrem komplett renovierten, schicken und geselligen Saal oder auf der schattigen Terrasse mit Blick auf den Place Paoli"
    ],
    "en": [
      "The Restaurant Brasserie Les Quatre Becs welcomes you in its elegant, renovated dining room, warm and friendly setting, as well as on the shaded terrace overlooking the Place Paoli."
    ],
    "it": [
      "La Brasserie Les Quatre Becs vi accoglie nella sua sala completamente rinnovata, chic e accogliente, o nella sua terrazza ombreggiata con vista su Place Paoli."
    ],
    "fr": [
      "La Brasserie Les Quatre Becs vous accueille sur la Place Paoli, dans sa salle entièrement rénovée, chic et conviviale ou sur la terrasse ombragée donnant sur la Place Paoli"
    ],
    "es": [
      "La Brasserie Les Quatre Becs le da la bienvenida a su sala totalmente renovada, elegante y acogedora, o a su terraza sombreada con vistas a la Place Paoli"
    ],
    "nl": [
      "De Brasserie Les Quatre Becs heet u welkom in zijn volledig gerenoveerde, chique en gezellige zaal of op zijn schaduwrijke terras met uitzicht op het Paoliplein"
    ]
  },
  "rdfs:label": {
    "fr": [
      "Brasserie les 4 becs"
    ]
  },
  "hasBeenCreatedBy": {
    "@id": "https://data.datatourisme.fr/13/8d420fa3-5754-31f1-8199-69c88780314d",
    "dc:identifier": "1647",
    "schema:email": [
      "web@ileroussetourisme.com"
    ],
    "schema:legalName": "Office de Tourisme Intercommunal de L'Ile Rousse-Balagne",
    "@type": [
      "schema:Organization",
      "foaf:Agent",
      "Agent"
    ],
    "foaf:homepage": [
      "https://www.balagne-corsica.com/"
    ]
  },
  "hasBeenPublishedBy": [
    {
      "@id": "https://data.datatourisme.fr/8a9feb4b-2cbd-3d2c-b507-bd6c6776b23b",
      "schema:legalName": "Apidae Tourisme Scic SA - source : Apidae Tourisme",
      "@type": [
        "schema:Organization",
        "foaf:Agent",
        "Agent"
      ],
      "foaf:homepage": [
        "https://www.apidae-tourisme.com/"
      ]
    }
  ],
  "hasContact": [
    {
      "@id": "https://data.datatourisme.fr/dbda1c19-c3d1-344b-93a0-f5e765718b15",
      "schema:email": [
        "lesquatrebecs@gmail.com"
      ],
      "schema:telephone": [
        "+33 4 95 47 01 59"
      ],
      "@type": [
        "foaf:Agent",
        "Agent"
      ]
    }
  ],
  "hasDescription": [
    {
      "@id": "https://data.datatourisme.fr/2d8d724e-fdff-3660-959f-8373b7af63a4",
      "@type": [
        "Description"
      ],
      "hasTranslatedProperty": [
        {
          "@id": "https://data.datatourisme.fr/29aef1ba-06c4-35e5-b494-32311689258a",
          "dc:contributor": [
            "https://api.deepl.com/v2/translate"
          ],
          "rdf:language": [
            "nl"
          ],
          "rdf:predicate": [
            "shortDescription"
          ]
        },
        {
          "@id": "https://data.datatourisme.fr/86b86581-dce4-32be-b769-4ef0eb6058b5",
          "dc:contributor": [
            "https://api.deepl.com/v2/translate"
          ],
          "rdf:language": [
            "es"
          ],
          "rdf:predicate": [
            "shortDescription"
          ]
        },
        {
          "@id": "https://data.datatourisme.fr/87d0db4d-b234-3d38-b5e3-4e9c3c48eedc",
          "dc:contributor": [
            "https://api.deepl.com/v2/translate"
          ],
          "rdf:language": [
            "de"
          ],
          "rdf:predicate": [
            "shortDescription"
          ]
        }
      ],
      "shortDescription": {
        "de": [
          "Die Brasserie Les Quatre Becs empfängt Sie auf dem Place Paoli, in ihrem komplett renovierten, schicken und geselligen Saal oder auf der schattigen Terrasse mit Blick auf den Place Paoli"
        ],
        "en": [
          "The Restaurant Brasserie Les Quatre Becs welcomes you in its elegant, renovated dining room, warm and friendly setting, as well as on the shaded terrace overlooking the Place Paoli."
        ],
        "it": [
          "La Brasserie Les Quatre Becs vi accoglie nella sua sala completamente rinnovata, chic e accogliente, o nella sua terrazza ombreggiata con vista su Place Paoli."
        ],
        "fr": [
          "La Brasserie Les Quatre Becs vous accueille sur la Place Paoli, dans sa salle entièrement rénovée, chic et conviviale ou sur la terrasse ombragée donnant sur la Place Paoli"
        ],
        "es": [
          "La Brasserie Les Quatre Becs le da la bienvenida a su sala totalmente renovada, elegante y acogedora, o a su terraza sombreada con vistas a la Place Paoli"
        ],
        "nl": [
          "De Brasserie Les Quatre Becs heet u welkom in zijn volledig gerenoveerde, chique en gezellige zaal of op zijn schaduwrijke terras met uitzicht op het Paoliplein"
        ]
      }
    }
  ],
  "hasTheme": [
    {
      "@id": "kb:MediterraneanCuisine",
      "@type": [
        "CuisineCategory"
      ],
      "rdfs:label": {
        "de": [
          "Mediterrane Küche"
        ],
        "pt": [
          "Cozinha mediterrânica"
        ],
        "en": [
          "Mediterranean cuisine"
        ],
        "it": [
          "Cucina mediterranea"
        ],
        "fr": [
          "Cuisine méditerranéenne"
        ],
        "nl": [
          "Mediterrane keuken"
        ],
        "es": [
          "Cocina mediterránea"
        ]
      }
    }
  ],
  "hasTranslatedProperty": [
    {
      "@id": "https://data.datatourisme.fr/0affda4e-1e10-32b5-9e22-baf5c2547fee",
      "dc:contributor": [
        "https://api.deepl.com/v2/translate"
      ],
      "rdf:language": [
        "es"
      ],
      "rdf:predicate": [
        {
          "@id": "rdfs:comment"
        }
      ]
    },
    {
      "@id": "https://data.datatourisme.fr/1d921977-0da1-39bb-98aa-115434ade360",
      "dc:contributor": [
        "https://api.deepl.com/v2/translate"
      ],
      "rdf:language": [
        "de"
      ],
      "rdf:predicate": [
        {
          "@id": "rdfs:comment"
        }
      ]
    },
    {
      "@id": "https://data.datatourisme.fr/8c847151-c0ee-30b6-8748-393ff358de6a",
      "dc:contributor": [
        "https://api.deepl.com/v2/translate"
      ],
      "rdf:language": [
        "nl"
      ],
      "rdf:predicate": [
        {
          "@id": "rdfs:comment"
        }
      ]
    }
  ],
  "isLocatedAt": [
    {
      "@id": "https://data.datatourisme.fr/0f1baa90-1a2e-35c6-b6db-c5fdfd898831",
      "schema:address": [
        {
          "@id": "https://data.datatourisme.fr/a573568e-2fde-33e3-8f64-7924841eafa7",
          "schema:addressLocality": "L'Île-Rousse",
          "schema:postalCode": "20220",
          "schema:streetAddress": [
            "Place Paoli"
          ],
          "@type": [
            "schema:PostalAddress",
            "PostalAddress"
          ],
          "hasAddressCity": {
            "@id": "kb:2B134",
            "@type": [
              "City"
            ],
            "rdfs:label": {
              "en": [
                "L'Île-Rousse"
              ],
              "fr": [
                "L'Île-Rousse"
              ]
            },
            "insee": "2B134",
            "isPartOfDepartment": {
              "@id": "kb:France942B",
              "@type": [
                "Department"
              ],
              "rdfs:label": {
                "en": [
                  "Haute-Corse"
                ],
                "fr": [
                  "Haute-Corse"
                ]
              },
              "insee": "2B",
              "isPartOfRegion": {
                "@id": "kb:France94",
                "@type": [
                  "Region"
                ],
                "rdfs:label": {
                  "en": [
                    "Corse"
                  ],
                  "fr": [
                    "Corse"
                  ]
                },
                "insee": "94",
                "isPartOfCountry": {
                  "@id": "kb:France",
                  "@type": [
                    "schema:Country"
                  ],
                  "rdfs:label": {
                    "de": [
                      "Frankreich"
                    ],
                    "pt": [
                      "França"
                    ],
                    "en": [
                      "France"
                    ],
                    "it": [
                      "Francia"
                    ],
                    "fr": [
                      "France"
                    ],
                    "nl": [
                      "Frankrijk"
                    ],
                    "es": [
                      "Francia"
                    ]
                  }
                }
              }
            }
          }
        }
      ],
      "schema:geo": {
        "@id": "https://data.datatourisme.fr/577dad06-af40-3dd6-b30f-4338a02bfbfc",
        "schema:latitude": "42.633925",
        "schema:longitude": "8.937766",
        "@type": [
          "schema:GeoCoordinates"
        ]
      },
      "schema:openingHoursSpecification": [
        {
          "@id": "https://data.datatourisme.fr/691b7d13-7d38-383f-8621-83e9c2f6a46e",
          "schema:validFrom": "2023-01-01T00:00:00",
          "schema:validThrough": "2023-12-31T23:59:59",
          "@type": [
            "schema:OpeningHoursSpecification"
          ],
          "additionalInformation": {
            "de": [
              "schließung außerhalb der Saison: Dienstag"
            ],
            "en": [
              "out of season closing: Tuesday"
            ],
            "it": [
              "chiusura fuori stagione: martedì"
            ],
            "fr": [
              "fermeture hors saison : mardi"
            ],
            "nl": [
              "sluiting buiten het seizoen: dinsdag"
            ],
            "es": [
              "cierre de la temporada baja: martes"
            ]
          },
          "hasTranslatedProperty": [
            {
              "@id": "https://data.datatourisme.fr/71644271-de7f-36ac-a9a5-c7f868760b6b",
              "dc:contributor": [
                "https://api.deepl.com/v2/translate"
              ],
              "rdf:language": [
                "de"
              ],
              "rdf:predicate": [
                "additionalInformation"
              ]
            },
            {
              "@id": "https://data.datatourisme.fr/9be95384-5d0e-31a9-bf62-4d133be81753",
              "dc:contributor": [
                "https://api.deepl.com/v2/translate"
              ],
              "rdf:language": [
                "nl"
              ],
              "rdf:predicate": [
                "additionalInformation"
              ]
            },
            {
              "@id": "https://data.datatourisme.fr/aa30a593-8538-33bc-a6fc-3f4e391b8261",
              "dc:contributor": [
                "https://api.deepl.com/v2/translate"
              ],
              "rdf:language": [
                "it"
              ],
              "rdf:predicate": [
                "additionalInformation"
              ]
            },
            {
              "@id": "https://data.datatourisme.fr/cd084ea6-5726-3e5b-8b1d-406827cc7e34",
              "dc:contributor": [
                "https://api.deepl.com/v2/translate"
              ],
              "rdf:language": [
                "es"
              ],
              "rdf:predicate": [
                "additionalInformation"
              ]
            },
            {
              "@id": "https://data.datatourisme.fr/d16adfd6-83ab-3066-9c02-f5b61ceed7d3",
              "dc:contributor": [
                "https://api.deepl.com/v2/translate"
              ],
              "rdf:language": [
                "en"
              ],
              "rdf:predicate": [
                "additionalInformation"
              ]
            }
          ]
        }
      ],
      "@type": [
        "schema:Place",
        "Place"
      ]
    }
  ],
  "isOwnedBy": [
    {
      "@id": "https://data.datatourisme.fr/252af22a-253d-33df-b9d7-204832749402",
      "schema:email": [
        "web@ileroussetourisme.com"
      ],
      "schema:legalName": "Office de Tourisme Intercommunal de L'Ile Rousse-Balagne",
      "@type": [
        "schema:Organization",
        "foaf:Agent",
        "Agent"
      ],
      "foaf:homepage": [
        "https://www.balagne-corsica.com/"
      ]
    }
  ],
  "lastUpdate": "2022-07-12",
  "lastUpdateDatatourisme": "2023-02-01T18:07:36.054Z",
  "offers": [
    {
      "@id": "https://data.datatourisme.fr/af2d7d2f-4167-3141-a64a-444192faae4d",
      "schema:priceSpecification": [
        {
          "@id": "https://data.datatourisme.fr/14107ca1-0f00-3f9d-97e1-0c6e64960aec",
          "schema:minPrice": [
            "9"
          ],
          "schema:priceCurrency": "EUR",
          "@type": [
            "schema:PriceSpecification",
            "PriceSpecification"
          ],
          "appliesOnPeriod": [
            {
              "@id": "https://data.datatourisme.fr/0663ca4b-3470-3171-9053-39aa704e8f56",
              "@type": [
                "Period"
              ],
              "endDate": "2022-12-31",
              "startDate": "2022-01-01"
            }
          ]
        }
      ],
      "@type": [
        "schema:Offer",
        "Offer"
      ]
    }
  ],
  "providesCuisineOfType": [
    {
      "@id": "kb:MediterraneanCuisine",
      "@type": [
        "CuisineCategory"
      ],
      "rdfs:label": {
        "de": [
          "Mediterrane Küche"
        ],
        "pt": [
          "Cozinha mediterrânica"
        ],
        "en": [
          "Mediterranean cuisine"
        ],
        "it": [
          "Cucina mediterranea"
        ],
        "fr": [
          "Cuisine méditerranéenne"
        ],
        "nl": [
          "Mediterrane keuken"
        ],
        "es": [
          "Cocina mediterránea"
        ]
      }
    }
  ]
}