{
  "@id": "https://data.datatourisme.fr/13/3a003a83-4614-3817-bebf-0571e193519b",
  "dc:identifier": "5007778",
  "@type": [
    "schema:LocalBusiness",
    "ActivityProvider",
    "PlaceOfInterest",
    "PointOfInterest",
    "Store"
  ],
  "rdfs:comment": {
    "de": [
      "Entdecken Sie die Region Niolu in Richtung Calacuccia auf der Scala Santa Regina. Mit dem AS Niolu können Sie Ihrer Lieblingsbeschäftigung nachgehen: Klettern, Wandern, Canyoning und Abenteuerpark, und im Winter auch Skitouren und Schneeschuhwanderungen."
    ],
    "en": [
      "Go exploring around Calacuccia in the Niolu region on the Scala Santa Regina trail. Enjoy your favourite sport with AS Niolu: climbing, hiking, canyoning, adventure park, or even ski touring or snowshoeing during the winter season."
    ],
    "it": [
      "Scoprite la regione del Niolu verso Calacuccia sulla Scala Santa Regina. Con l'AS Niolu, praticate la vostra attività preferita: arrampicata, escursionismo, canyoning e parco avventura, senza dimenticare lo sci alpinismo e le ciaspolate in inverno."
    ],
    "fr": [
      "Partez à la découverte de la région du Niolu vers Calacuccia sur la Scala Santa Regina. Avec l'AS Niolu, pratiquez votre activité préférée : escalade, randonnée, canyoning et parc aventure sans oublier le ski de rando et raquettes en hiver."
    ],
    "nl": [
      "Ontdek de Niolu regio richting Calacuccia op de Scala Santa Regina. Met AS Niolu kunt u uw favoriete activiteit beoefenen: klimmen, wandelen, canyoning en avonturenpark zonder de skitochten en het sneeuwschoenwandelen in de winter te vergeten."
    ],
    "es": [
      "Descubra la región de Niolu hacia Calacuccia en la Scala Santa Regina. Con AS Niolu, practica tu actividad favorita: escalada, senderismo, barranquismo y parque de aventura sin olvidar el esquí de travesía y las raquetas de nieve en invierno."
    ]
  },
  "rdfs:label": {
    "fr": [
      "AS Niolu"
    ]
  },
  "hasBeenCreatedBy": {
    "@id": "https://data.datatourisme.fr/13/8d420fa3-5754-31f1-8199-69c88780314d",
    "dc:identifier": "1647",
    "schema:email": [
      "web@ileroussetourisme.com"
    ],
    "schema:legalName": "Office de Tourisme Intercommunal de L'Ile Rousse-Balagne",
    "@type": [
      "schema:Organization",
      "foaf:Agent",
      "Agent"
    ],
    "foaf:homepage": [
      "https://www.balagne-corsica.com/"
    ]
  },
  "hasBeenPublishedBy": [
    {
      "@id": "https://data.datatourisme.fr/8a9feb4b-2cbd-3d2c-b507-bd6c6776b23b",
      "schema:legalName": "Apidae Tourisme Scic SA - source : Apidae Tourisme",
      "@type": [
        "schema:Organization",
        "foaf:Agent",
        "Agent"
      ],
      "foaf:homepage": [
        "https://www.apidae-tourisme.com/"
      ]
    }
  ],
  "hasContact": [
    {
      "@id": "https://data.datatourisme.fr/33fbf6d7-78d4-3a09-955b-e36c60b81a3d",
      "schema:email": [
        "asniolu@gmail.com"
      ],
      "schema:telephone": [
        "+33 6 22 50 70 29"
      ],
      "@type": [
        "foaf:Agent",
        "Agent"
      ],
      "foaf:homepage": [
        "http://www.haute-montagne-corse.com/"
      ]
    }
  ],
  "hasDescription": [
    {
      "@id": "https://data.datatourisme.fr/de8bd4c5-9294-3918-b587-e434b02755cd",
      "@type": [
        "Description"
      ],
      "hasTranslatedProperty": [
        {
          "@id": "https://data.datatourisme.fr/33cbb848-b033-39ab-a49f-7b60c3119b6b",
          "dc:contributor": [
            "https://api.deepl.com/v2/translate"
          ],
          "rdf:language": [
            "nl"
          ],
          "rdf:predicate": [
            "shortDescription"
          ]
        },
        {
          "@id": "https://data.datatourisme.fr/3ed7bd2f-93d6-3d5d-a6ca-2789628f1ce2",
          "dc:contributor": [
            "https://api.deepl.com/v2/translate"
          ],
          "rdf:language": [
            "es"
          ],
          "rdf:predicate": [
            "shortDescription"
          ]
        },
        {
          "@id": "https://data.datatourisme.fr/79a4bca9-5209-37d4-9dc3-6916b42659ac",
          "dc:contributor": [
            "https://api.deepl.com/v2/translate"
          ],
          "rdf:language": [
            "de"
          ],
          "rdf:predicate": [
            "shortDescription"
          ]
        }
      ],
      "shortDescription": {
        "de": [
          "Entdecken Sie die Region Niolu in Richtung Calacuccia auf der Scala Santa Regina. Mit dem AS Niolu können Sie Ihrer Lieblingsbeschäftigung nachgehen: Klettern, Wandern, Canyoning und Abenteuerpark, und im Winter auch Skitouren und Schneeschuhwanderungen."
        ],
        "en": [
          "Go exploring around Calacuccia in the Niolu region on the Scala Santa Regina trail. Enjoy your favourite sport with AS Niolu: climbing, hiking, canyoning, adventure park, or even ski touring or snowshoeing during the winter season."
        ],
        "it": [
          "Scoprite la regione del Niolu verso Calacuccia sulla Scala Santa Regina. Con l'AS Niolu, praticate la vostra attività preferita: arrampicata, escursionismo, canyoning e parco avventura, senza dimenticare lo sci alpinismo e le ciaspolate in inverno."
        ],
        "fr": [
          "Partez à la découverte de la région du Niolu vers Calacuccia sur la Scala Santa Regina. Avec l'AS Niolu, pratiquez votre activité préférée : escalade, randonnée, canyoning et parc aventure sans oublier le ski de rando et raquettes en hiver."
        ],
        "nl": [
          "Ontdek de Niolu regio richting Calacuccia op de Scala Santa Regina. Met AS Niolu kunt u uw favoriete activiteit beoefenen: klimmen, wandelen, canyoning en avonturenpark zonder de skitochten en het sneeuwschoenwandelen in de winter te vergeten."
        ],
        "es": [
          "Descubra la región de Niolu hacia Calacuccia en la Scala Santa Regina. Con AS Niolu, practica tu actividad favorita: escalada, senderismo, barranquismo y parque de aventura sin olvidar el esquí de travesía y las raquetas de nieve en invierno."
        ]
      }
    }
  ],
  "hasTheme": [
    {
      "@id": "kb:ATV",
      "@type": [
        "SportsTheme"
      ],
      "rdfs:label": {
        "de": [
          "MTB"
        ],
        "pt": [
          "Bicicleta-todo-o-terreno (BTT)"
        ],
        "en": [
          "Atv"
        ],
        "it": [
          "Mountain bike"
        ],
        "fr": [
          "Vtt"
        ],
        "nl": [
          "Mountainbike"
        ],
        "es": [
          "BTT"
        ]
      }
    },
    {
      "@id": "kb:AdventureCourse",
      "@type": [
        "SportsTheme"
      ],
      "rdfs:label": {
        "de": [
          "Abenteuerparcours"
        ],
        "pt": [
          "Percurso aventura"
        ],
        "en": [
          "Adventure course"
        ],
        "it": [
          "Percorso avventura"
        ],
        "fr": [
          "Parcours aventure"
        ],
        "es": [
          "Parque de aventuras"
        ],
        "nl": [
          "Avonturenparcours"
        ]
      }
    },
    {
      "@id": "kb:Bike",
      "@type": [
        "SportsTheme"
      ],
      "rdfs:label": {
        "de": [
          "Fahrrad"
        ],
        "pt": [
          "Bicicleta"
        ],
        "en": [
          "Bike"
        ],
        "it": [
          "Bicicletta"
        ],
        "fr": [
          "Vélo"
        ],
        "nl": [
          "Fiets"
        ],
        "es": [
          "Bicicleta"
        ]
      }
    },
    {
      "@id": "kb:Climbing",
      "@type": [
        "SportsTheme"
      ],
      "rdfs:label": {
        "de": [
          "Klettern"
        ],
        "pt": [
          "Escalada"
        ],
        "en": [
          "Climbing"
        ],
        "it": [
          "Arrampicata"
        ],
        "fr": [
          "Escalade"
        ],
        "nl": [
          "Klimmen"
        ],
        "es": [
          "Escalada"
        ]
      }
    },
    {
      "@id": "kb:Hiking",
      "@type": [
        "SportsTheme"
      ],
      "rdfs:label": {
        "de": [
          "Wanderung"
        ],
        "pt": [
          "Caminhada"
        ],
        "en": [
          "Hiking"
        ],
        "it": [
          "Escursione"
        ],
        "fr": [
          "Randonnée"
        ],
        "nl": [
          "Wandelen"
        ],
        "es": [
          "Senderismo"
        ]
      }
    },
    {
      "@id": "kb:Mountaineering",
      "@type": [
        "SportsTheme"
      ],
      "rdfs:label": {
        "de": [
          "Bergsteigen"
        ],
        "pt": [
          "Alpinismo"
        ],
        "en": [
          "Mountaineering"
        ],
        "it": [
          "Alpinismo"
        ],
        "fr": [
          "Alpinisme"
        ],
        "es": [
          "Alpinismo"
        ],
        "nl": [
          "Alpinisme"
        ]
      }
    },
    {
      "@id": "kb:Orienteering",
      "@type": [
        "SportsTheme"
      ],
      "rdfs:label": {
        "de": [
          "Ausrichtung"
        ],
        "pt": [
          "Orientação"
        ],
        "en": [
          "Orienteering"
        ],
        "it": [
          "Orientamento"
        ],
        "fr": [
          "Orientation"
        ],
        "es": [
          "Orientación"
        ],
        "nl": [
          "Oriëntatie"
        ]
      }
    },
    {
      "@id": "kb:RopeCourse",
      "@type": [
        "SportsTheme"
      ],
      "rdfs:label": {
        "de": [
          "Klettergarten"
        ],
        "pt": [
          "Percurso nas árvores"
        ],
        "en": [
          "Rope course"
        ],
        "it": [
          "Parco avventura"
        ],
        "fr": [
          "Accro-branches"
        ],
        "nl": [
          "Boomklimmen"
        ],
        "es": [
          "Accro-branches"
        ]
      }
    },
    {
      "@id": "kb:SkiTouring",
      "@type": [
        "SportsTheme"
      ],
      "rdfs:label": {
        "de": [
          "Skitouren"
        ],
        "pt": [
          "Esqui de caminhada"
        ],
        "en": [
          "Ski touring"
        ],
        "it": [
          "Sci alpinismo"
        ],
        "fr": [
          "Ski de randonnée"
        ],
        "nl": [
          "Toerskiën"
        ],
        "es": [
          "Esquí de travesía"
        ]
      }
    },
    {
      "@id": "kb:Snowshoes",
      "@type": [
        "SportsTheme"
      ],
      "rdfs:label": {
        "de": [
          "Schneeschuhe"
        ],
        "pt": [
          "Raquetas"
        ],
        "en": [
          "Snowshoes"
        ],
        "it": [
          "Racchette da neve"
        ],
        "fr": [
          "Raquettes"
        ],
        "nl": [
          "Sneeuwschoenen"
        ],
        "es": [
          "Raquetas"
        ]
      }
    },
    {
      "@id": "kb:Wintersports",
      "@type": [
        "SportsTheme"
      ],
      "rdfs:label": {
        "de": [
          "Wintersport"
        ],
        "pt": [
          "Desportos de inverno"
        ],
        "en": [
          "Winter sports"
        ],
        "it": [
          "Sport invernali"
        ],
        "fr": [
          "Sports d'hiver"
        ],
        "nl": [
          "Wintersport"
        ],
        "es": [
          "Deportes de invierno"
        ]
      }
    }
  ],
  "hasTranslatedProperty": [
    {
      "@id": "https://data.datatourisme.fr/172ffb12-11fd-3e0f-bf20-8e47e002ab95",
      "dc:contributor": [
        "https://api.deepl.com/v2/translate"
      ],
      "rdf:language": [
        "nl"
      ],
      "rdf:predicate": [
        {
          "@id": "rdfs:comment"
        }
      ]
    },
    {
      "@id": "https://data.datatourisme.fr/5339fffe-babf-36c6-bd81-2000dd2dcc9a",
      "dc:contributor": [
        "https://api.deepl.com/v2/translate"
      ],
      "rdf:language": [
        "es"
      ],
      "rdf:predicate": [
        {
          "@id": "rdfs:comment"
        }
      ]
    },
    {
      "@id": "https://data.datatourisme.fr/af108461-1dd1-3196-813b-2743454eff8b",
      "dc:contributor": [
        "https://api.deepl.com/v2/translate"
      ],
      "rdf:language": [
        "de"
      ],
      "rdf:predicate": [
        {
          "@id": "rdfs:comment"
        }
      ]
    }
  ],
  "isLocatedAt": [
    {
      "@id": "https://data.datatourisme.fr/ce86aacb-cdcd-3a1b-a821-4c4c6b69ad93",
      "schema:address": [
        {
          "@id": "https://data.datatourisme.fr/fc1de1b9-a01b-37ca-839f-3740553612ef",
          "schema:addressLocality": "Calacuccia",
          "schema:postalCode": "20224",
          "schema:streetAddress": [
            "Route de Cuccia"
          ],
          "@type": [
            "schema:PostalAddress",
            "PostalAddress"
          ],
          "hasAddressCity": {
            "@id": "kb:2B047",
            "@type": [
              "City"
            ],
            "rdfs:label": {
              "en": [
                "Calacuccia"
              ],
              "fr": [
                "Calacuccia"
              ]
            },
            "insee": "2B047",
            "isPartOfDepartment": {
              "@id": "kb:France942B",
              "@type": [
                "Department"
              ],
              "rdfs:label": {
                "en": [
                  "Haute-Corse"
                ],
                "fr": [
                  "Haute-Corse"
                ]
              },
              "insee": "2B",
              "isPartOfRegion": {
                "@id": "kb:France94",
                "@type": [
                  "Region"
                ],
                "rdfs:label": {
                  "en": [
                    "Corse"
                  ],
                  "fr": [
                    "Corse"
                  ]
                },
                "insee": "94",
                "isPartOfCountry": {
                  "@id": "kb:France",
                  "@type": [
                    "schema:Country"
                  ],
                  "rdfs:label": {
                    "de": [
                      "Frankreich"
                    ],
                    "pt": [
                      "França"
                    ],
                    "en": [
                      "France"
                    ],
                    "it": [
                      "Francia"
                    ],
                    "fr": [
                      "France"
                    ],
                    "nl": [
                      "Frankrijk"
                    ],
                    "es": [
                      "Francia"
                    ]
                  }
                }
              }
            }
          }
        }
      ],
      "schema:geo": {
        "@id": "https://data.datatourisme.fr/aa486852-0995-3b44-a3f4-2823b92d7eac",
        "schema:latitude": "42.334997",
        "schema:longitude": "9.025926",
        "@type": [
          "schema:GeoCoordinates"
        ]
      },
      "schema:openingHoursSpecification": [
        {
          "@id": "https://data.datatourisme.fr/f87e535a-636d-3343-ad63-8a03392e7511",
          "schema:validFrom": "2023-01-01T00:00:00",
          "schema:validThrough": "2023-12-31T23:59:59",
          "@type": [
            "schema:OpeningHoursSpecification"
          ]
        }
      ],
      "@type": [
        "schema:Place",
        "Place"
      ]
    }
  ],
  "isOwnedBy": [
    {
      "@id": "https://data.datatourisme.fr/252af22a-253d-33df-b9d7-204832749402",
      "schema:email": [
        "web@ileroussetourisme.com"
      ],
      "schema:legalName": "Office de Tourisme Intercommunal de L'Ile Rousse-Balagne",
      "@type": [
        "schema:Organization",
        "foaf:Agent",
        "Agent"
      ],
      "foaf:homepage": [
        "https://www.balagne-corsica.com/"
      ]
    }
  ],
  "lastUpdate": "2022-06-03",
  "lastUpdateDatatourisme": "2023-02-11T06:38:49.095Z"
}