{
  "@id": "https://data.datatourisme.fr/13/61a9c321-4bf0-3446-8023-42c97bf765e9",
  "dc:identifier": "5007691",
  "@type": [
    "schema:LocalBusiness",
    "CraftsmanShop",
    "PlaceOfInterest",
    "PointOfInterest",
    "Store"
  ],
  "rdfs:comment": {
    "de": [
      "Kreationen von gehämmerten Schmuckstücken aus Silberwaren (Gabeln, Löffel...), Kupfer und verschiedenen Materialien. Die Schmuckstücke können auf Bestellung angefertigt werden, einzigartige und originelle Kreationen."
    ],
    "en": [
      "Hammered jewellery creations from silverware (cutlery, etc.), brass and a variety of other materials. Made-to-order custom jewellery. Unique and original creations."
    ],
    "it": [
      "Creazione di gioielli martellati a partire da argenteria (forchette, cucchiai...), rame e materiali vari. I gioielli possono essere realizzati su ordinazione, creazioni uniche e originali."
    ],
    "fr": [
      "Créations de bijoux martelés à partir d'argenteries (fourchettes, cuillères…), de cuivres et divers matériaux. Les bijoux peuvent être réalisés sur commande, créations uniques et originales."
    ],
    "nl": [
      "Creatie van gehamerde sieraden van zilverwerk (vorken, lepels...), koper en diverse materialen. De sieraden kunnen op bestelling worden gemaakt, unieke en originele creaties."
    ],
    "es": [
      "Creación de joyas martilladas a partir de objetos de plata (tenedores, cucharas, etc.), cobre y otros materiales. Las joyas pueden hacerse por encargo, creaciones únicas y originales."
    ]
  },
  "rdfs:label": {
    "fr": [
      "Maesbijoux"
    ]
  },
  "hasBeenCreatedBy": {
    "@id": "https://data.datatourisme.fr/13/e4873aa9-a05c-35ed-8395-61d121516766",
    "dc:identifier": "1646",
    "schema:email": [
      "info@balagne-corsica.com"
    ],
    "schema:legalName": "Office de Tourisme Intercommunal Calvi - Balagne",
    "@type": [
      "schema:Organization",
      "foaf:Agent",
      "Agent"
    ],
    "foaf:homepage": [
      "https://www.balagne-corsica.com/"
    ]
  },
  "hasBeenPublishedBy": [
    {
      "@id": "https://data.datatourisme.fr/8a9feb4b-2cbd-3d2c-b507-bd6c6776b23b",
      "schema:legalName": "Apidae Tourisme Scic SA - source : Apidae Tourisme",
      "@type": [
        "schema:Organization",
        "foaf:Agent",
        "Agent"
      ],
      "foaf:homepage": [
        "https://www.apidae-tourisme.com/"
      ]
    }
  ],
  "hasContact": [
    {
      "@id": "https://data.datatourisme.fr/fe3987d0-1b81-3407-b3ce-8e597914d4de",
      "schema:email": [
        "artmaes@hotmail.fr"
      ],
      "schema:telephone": [
        "+33 6 13 79 29 36"
      ],
      "@type": [
        "foaf:Agent",
        "Agent"
      ]
    }
  ],
  "hasDescription": [
    {
      "@id": "https://data.datatourisme.fr/dff17f89-917d-3b08-873d-63466cdc63ce",
      "@type": [
        "Description"
      ],
      "hasTranslatedProperty": [
        {
          "@id": "https://data.datatourisme.fr/3e37efb2-c1d9-3f52-a8ac-7389a450bdd2",
          "dc:contributor": [
            "https://api.deepl.com/v2/translate"
          ],
          "rdf:language": [
            "es"
          ],
          "rdf:predicate": [
            "shortDescription"
          ]
        },
        {
          "@id": "https://data.datatourisme.fr/457ad121-6210-3f84-b2e6-cd2cbab39f86",
          "dc:contributor": [
            "https://api.deepl.com/v2/translate"
          ],
          "rdf:language": [
            "de"
          ],
          "rdf:predicate": [
            "shortDescription"
          ]
        },
        {
          "@id": "https://data.datatourisme.fr/edc93d17-f775-32fd-9d7d-4f3fd74a45e9",
          "dc:contributor": [
            "https://api.deepl.com/v2/translate"
          ],
          "rdf:language": [
            "nl"
          ],
          "rdf:predicate": [
            "shortDescription"
          ]
        }
      ],
      "shortDescription": {
        "de": [
          "Kreationen von gehämmerten Schmuckstücken aus Silberwaren (Gabeln, Löffel...), Kupfer und verschiedenen Materialien. Die Schmuckstücke können auf Bestellung angefertigt werden, einzigartige und originelle Kreationen."
        ],
        "en": [
          "Hammered jewellery creations from silverware (cutlery, etc.), brass and a variety of other materials. Made-to-order custom jewellery. Unique and original creations."
        ],
        "it": [
          "Creazione di gioielli martellati a partire da argenteria (forchette, cucchiai...), rame e materiali vari. I gioielli possono essere realizzati su ordinazione, creazioni uniche e originali."
        ],
        "fr": [
          "Créations de bijoux martelés à partir d'argenteries (fourchettes, cuillères…), de cuivres et divers matériaux. Les bijoux peuvent être réalisés sur commande, créations uniques et originales."
        ],
        "nl": [
          "Creatie van gehamerde sieraden van zilverwerk (vorken, lepels...), koper en diverse materialen. De sieraden kunnen op bestelling worden gemaakt, unieke en originele creaties."
        ],
        "es": [
          "Creación de joyas martilladas a partir de objetos de plata (tenedores, cucharas, etc.), cobre y otros materiales. Las joyas pueden hacerse por encargo, creaciones únicas y originales."
        ]
      }
    }
  ],
  "hasTranslatedProperty": [
    {
      "@id": "https://data.datatourisme.fr/176d7618-fec8-3cb0-a1f1-ade7113ce3b8",
      "dc:contributor": [
        "https://api.deepl.com/v2/translate"
      ],
      "rdf:language": [
        "es"
      ],
      "rdf:predicate": [
        {
          "@id": "rdfs:comment"
        }
      ]
    },
    {
      "@id": "https://data.datatourisme.fr/3c479aa2-ea52-3128-95ce-5251564203b7",
      "dc:contributor": [
        "https://api.deepl.com/v2/translate"
      ],
      "rdf:language": [
        "de"
      ],
      "rdf:predicate": [
        {
          "@id": "rdfs:comment"
        }
      ]
    },
    {
      "@id": "https://data.datatourisme.fr/6f46bf56-fe43-3ef1-a7c8-12362198639f",
      "dc:contributor": [
        "https://api.deepl.com/v2/translate"
      ],
      "rdf:language": [
        "nl"
      ],
      "rdf:predicate": [
        {
          "@id": "rdfs:comment"
        }
      ]
    }
  ],
  "isLocatedAt": [
    {
      "@id": "https://data.datatourisme.fr/4a18dbad-6bfb-3726-9dbf-e08ff3d2e61c",
      "schema:address": [
        {
          "@id": "https://data.datatourisme.fr/9aa93061-099b-36b1-b775-a96f0d44a87f",
          "schema:addressLocality": "Lumio",
          "schema:postalCode": "20260",
          "schema:streetAddress": [
            "Au coeur du village",
            "Rue philippe Renucoli"
          ],
          "@type": [
            "schema:PostalAddress",
            "PostalAddress"
          ],
          "hasAddressCity": {
            "@id": "kb:2B150",
            "@type": [
              "City"
            ],
            "rdfs:label": {
              "en": [
                "Lumio"
              ],
              "fr": [
                "Lumio"
              ]
            },
            "insee": "2B150",
            "isPartOfDepartment": {
              "@id": "kb:France942B",
              "@type": [
                "Department"
              ],
              "rdfs:label": {
                "en": [
                  "Haute-Corse"
                ],
                "fr": [
                  "Haute-Corse"
                ]
              },
              "insee": "2B",
              "isPartOfRegion": {
                "@id": "kb:France94",
                "@type": [
                  "Region"
                ],
                "rdfs:label": {
                  "en": [
                    "Corse"
                  ],
                  "fr": [
                    "Corse"
                  ]
                },
                "insee": "94",
                "isPartOfCountry": {
                  "@id": "kb:France",
                  "@type": [
                    "schema:Country"
                  ],
                  "rdfs:label": {
                    "de": [
                      "Frankreich"
                    ],
                    "pt": [
                      "França"
                    ],
                    "en": [
                      "France"
                    ],
                    "it": [
                      "Francia"
                    ],
                    "fr": [
                      "France"
                    ],
                    "nl": [
                      "Frankrijk"
                    ],
                    "es": [
                      "Francia"
                    ]
                  }
                }
              }
            }
          }
        }
      ],
      "schema:geo": {
        "@id": "https://data.datatourisme.fr/4e9f93c8-ebc2-3fc2-a7af-b5474a07a8ae",
        "schema:latitude": "42.577168",
        "schema:longitude": "8.835427",
        "@type": [
          "schema:GeoCoordinates"
        ]
      },
      "schema:openingHoursSpecification": [
        {
          "@id": "https://data.datatourisme.fr/ecd4f717-4872-3de5-ba7c-ef9e7b91b252",
          "schema:validFrom": "2023-03-01T00:00:00",
          "schema:validThrough": "2023-12-31T23:59:59",
          "@type": [
            "schema:OpeningHoursSpecification"
          ],
          "additionalInformation": {
            "de": [
              "Von März bis Juni: 9h/12h - 14h/18h täglich außer Sonntag.\r\n\r\nVon Juni bis September: 9h/12h - 15h/19h täglich.\r\n\r\nVon September bis Dezember: 9h/12h - 14h/18h täglich außer sonntags."
            ],
            "en": [
              "From March to June: 9am/12pm - 2pm/6pm every day except Sunday.\r\n\r\nFrom June to September: 9am/12pm - 3pm/7pm every day.\r\n\r\nFrom September to December : 9h/12h - 14h/18h every day except Sunday."
            ],
            "it": [
              "Da marzo a giugno: 9.00/12.00 - 14.00/18.00 tutti i giorni tranne la domenica.\r\n\r\nDa giugno a settembre: 9.00/12.00 - 15.00/17.00 tutti i giorni.\r\n\r\nDa settembre a dicembre: 9.00/12.00 - 14.00/18.00 tutti i giorni tranne la domenica."
            ],
            "fr": [
              "De Mars à Juin : 9h/12h - 14h/18h tous les jours sauf le dimanche.\r\n\r\nDe Juin à Septembre : 9h/12h - 15h/19h tous les jours.\r\n\r\nDe Septembre à Décembre : 9h/12h - 14h/18h tous les jours sauf le dimanche."
            ],
            "nl": [
              "Van maart tot juni: 9u/12u - 14u/6u elke dag behalve zondag.\r\n\r\nVan juni tot september: elke dag 9-12 uur - 15-17 uur.\r\n\r\nVan september tot december: elke dag 9-12 uur - 14-18 uur behalve zondag."
            ],
            "es": [
              "De marzo a junio: de 9:00 a 12:00 y de 14:00 a 18:00 todos los días excepto el domingo.\r\n\r\nDe junio a septiembre: 9:00/12:00 - 15:00/7:00 todos los días.\r\n\r\nDe septiembre a diciembre: de 9:00 a 12:00 y de 14:00 a 18:00 todos los días excepto el domingo."
            ]
          },
          "hasTranslatedProperty": [
            {
              "@id": "https://data.datatourisme.fr/0d6cc6e5-b15a-3a60-b0fa-ee746006b2d9",
              "dc:contributor": [
                "https://api.deepl.com/v2/translate"
              ],
              "rdf:language": [
                "nl"
              ],
              "rdf:predicate": [
                "additionalInformation"
              ]
            },
            {
              "@id": "https://data.datatourisme.fr/2c93e382-84de-3f26-a905-70b0b5fae770",
              "dc:contributor": [
                "https://api.deepl.com/v2/translate"
              ],
              "rdf:language": [
                "it"
              ],
              "rdf:predicate": [
                "additionalInformation"
              ]
            },
            {
              "@id": "https://data.datatourisme.fr/5a399f38-f6f9-3dcf-870a-baf9271afc39",
              "dc:contributor": [
                "https://api.deepl.com/v2/translate"
              ],
              "rdf:language": [
                "es"
              ],
              "rdf:predicate": [
                "additionalInformation"
              ]
            },
            {
              "@id": "https://data.datatourisme.fr/b8ae3889-19c0-3740-a631-fce0bad57e41",
              "dc:contributor": [
                "https://api.deepl.com/v2/translate"
              ],
              "rdf:language": [
                "de"
              ],
              "rdf:predicate": [
                "additionalInformation"
              ]
            },
            {
              "@id": "https://data.datatourisme.fr/e2f2e087-ed06-30eb-b191-84b658934068",
              "dc:contributor": [
                "https://api.deepl.com/v2/translate"
              ],
              "rdf:language": [
                "en"
              ],
              "rdf:predicate": [
                "additionalInformation"
              ]
            }
          ]
        }
      ],
      "@type": [
        "schema:Place",
        "Place"
      ]
    }
  ],
  "isOwnedBy": [
    {
      "@id": "https://data.datatourisme.fr/194c52e6-bbae-33dc-8464-caca97844fbb",
      "schema:email": [
        "info@balagne-corsica.com"
      ],
      "schema:legalName": "Office de Tourisme Intercommunal Calvi - Balagne",
      "@type": [
        "schema:Organization",
        "foaf:Agent",
        "Agent"
      ],
      "foaf:homepage": [
        "https://www.balagne-corsica.com/"
      ]
    }
  ],
  "lastUpdate": "2022-06-03",
  "lastUpdateDatatourisme": "2023-02-01T18:07:36.248Z"
}