{
  "@id": "https://data.datatourisme.fr/13/61684574-4ec9-35b7-b75f-e05202eba837",
  "dc:identifier": "5022736",
  "@type": [
    "schema:FoodEstablishment",
    "FoodEstablishment",
    "PlaceOfInterest",
    "PointOfInterest"
  ],
  "rdfs:comment": {
    "de": [
      "Le Mirenda, die unumgängliche Adresse für Schnellrestaurants in Ile-Rousse!\r\nHier können Sie traditionelle und neu interpretierte Hamburger, Pommes frites, Milchshakes, Eisbecher, Salate, Paninis... genießen.\r\nAlle unsere Produkte werden vor Ort und auf Anfrage hergestellt."
    ],
    "en": [
      "Miranda fast-food restaurant is an absolute must ! Classic and new-style hamburgers, Veggie burgers, french fries, milk-shakes, sundaes, fresh salads and paninis... All our products and dishes are made on site and on request."
    ],
    "it": [
      "Le Mirenda, il posto giusto a Ile-Rousse per il fast food!\r\nSi possono gustare hamburger tradizionali e rivisitati, patatine fritte, frullati, sundae, insalate, panini...\r\nTutti i nostri prodotti sono realizzati sul posto e su richiesta."
    ],
    "fr": [
      "Le Mirenda, adresse incontournable de l'Ile-Rousse pour la restauration rapide ! \r\nVous y dégusterez hamburgers traditionnels et revisités, des frites, milk-shake, sundae, salades, paninis...\r\nTous nos produits sont fabriqués sur place et à la demande."
    ],
    "es": [
      "Le Mirenda, una visita obligada en Ile-Rousse para la comida rápida\r\nDisfrutarás de hamburguesas tradicionales y revisitadas, patatas fritas, batidos, helados, ensaladas, paninis...\r\nTodos nuestros productos se fabrican en el momento y bajo demanda."
    ],
    "nl": [
      "Le Mirenda, een must in Ile-Rousse voor fast food!\r\nU zult genieten van traditionele en vernieuwde hamburgers, frietjes, milkshakes, sundae, salades, panini's...\r\nAl onze producten worden ter plekke en op bestelling gemaakt."
    ]
  },
  "rdfs:label": {
    "fr": [
      "Fast Food Mirenda"
    ]
  },
  "hasBeenCreatedBy": {
    "@id": "https://data.datatourisme.fr/13/8d420fa3-5754-31f1-8199-69c88780314d",
    "dc:identifier": "1647",
    "schema:email": [
      "web@ileroussetourisme.com"
    ],
    "schema:legalName": "Office de Tourisme Intercommunal de L'Ile Rousse-Balagne",
    "@type": [
      "schema:Organization",
      "foaf:Agent",
      "Agent"
    ],
    "foaf:homepage": [
      "https://www.balagne-corsica.com/"
    ]
  },
  "hasBeenPublishedBy": [
    {
      "@id": "https://data.datatourisme.fr/8a9feb4b-2cbd-3d2c-b507-bd6c6776b23b",
      "schema:legalName": "Apidae Tourisme Scic SA - source : Apidae Tourisme",
      "@type": [
        "schema:Organization",
        "foaf:Agent",
        "Agent"
      ],
      "foaf:homepage": [
        "https://www.apidae-tourisme.com/"
      ]
    }
  ],
  "hasContact": [
    {
      "@id": "https://data.datatourisme.fr/a94b6711-37e8-3763-85df-35f90e96235c",
      "schema:email": [
        "fast.mirenda@gmail.com"
      ],
      "schema:telephone": [
        "+33 4 95 60 17 41"
      ],
      "@type": [
        "foaf:Agent",
        "Agent"
      ],
      "foaf:homepage": [
        "http://www.fastfood-mirenda.com/"
      ]
    }
  ],
  "hasDescription": [
    {
      "@id": "https://data.datatourisme.fr/7db9502f-6bc4-3143-bd89-c7c04fc1c090",
      "@type": [
        "Description"
      ],
      "hasTranslatedProperty": [
        {
          "@id": "https://data.datatourisme.fr/20abff9f-a28e-3b7c-9cbe-b4a748851e57",
          "dc:contributor": [
            "https://api.deepl.com/v2/translate"
          ],
          "rdf:language": [
            "es"
          ],
          "rdf:predicate": [
            "shortDescription"
          ]
        },
        {
          "@id": "https://data.datatourisme.fr/3cb01e78-bd26-3dd5-950c-10a8b0f7ebf0",
          "dc:contributor": [
            "https://api.deepl.com/v2/translate"
          ],
          "rdf:language": [
            "nl"
          ],
          "rdf:predicate": [
            "shortDescription"
          ]
        },
        {
          "@id": "https://data.datatourisme.fr/b86a033e-ad10-34b4-9c02-4b8c01dc6977",
          "dc:contributor": [
            "https://api.deepl.com/v2/translate"
          ],
          "rdf:language": [
            "it"
          ],
          "rdf:predicate": [
            "shortDescription"
          ]
        },
        {
          "@id": "https://data.datatourisme.fr/ebcea9e5-a9f8-3b0b-8484-7b46ff196953",
          "dc:contributor": [
            "https://api.deepl.com/v2/translate"
          ],
          "rdf:language": [
            "de"
          ],
          "rdf:predicate": [
            "shortDescription"
          ]
        }
      ],
      "shortDescription": {
        "de": [
          "Le Mirenda, die unumgängliche Adresse für Schnellrestaurants in Ile-Rousse!\r\nHier können Sie traditionelle und neu interpretierte Hamburger, Pommes frites, Milchshakes, Eisbecher, Salate, Paninis... genießen.\r\nAlle unsere Produkte werden vor Ort und auf Anfrage hergestellt."
        ],
        "en": [
          "Miranda fast-food restaurant is an absolute must ! Classic and new-style hamburgers, Veggie burgers, french fries, milk-shakes, sundaes, fresh salads and paninis... All our products and dishes are made on site and on request."
        ],
        "it": [
          "Le Mirenda, il posto giusto a Ile-Rousse per il fast food!\r\nSi possono gustare hamburger tradizionali e rivisitati, patatine fritte, frullati, sundae, insalate, panini...\r\nTutti i nostri prodotti sono realizzati sul posto e su richiesta."
        ],
        "fr": [
          "Le Mirenda, adresse incontournable de l'Ile-Rousse pour la restauration rapide ! \r\nVous y dégusterez hamburgers traditionnels et revisités, des frites, milk-shake, sundae, salades, paninis...\r\nTous nos produits sont fabriqués sur place et à la demande."
        ],
        "es": [
          "Le Mirenda, una visita obligada en Ile-Rousse para la comida rápida\r\nDisfrutarás de hamburguesas tradicionales y revisitadas, patatas fritas, batidos, helados, ensaladas, paninis...\r\nTodos nuestros productos se fabrican en el momento y bajo demanda."
        ],
        "nl": [
          "Le Mirenda, een must in Ile-Rousse voor fast food!\r\nU zult genieten van traditionele en vernieuwde hamburgers, frietjes, milkshakes, sundae, salades, panini's...\r\nAl onze producten worden ter plekke en op bestelling gemaakt."
        ]
      }
    }
  ],
  "hasTranslatedProperty": [
    {
      "@id": "https://data.datatourisme.fr/7e236425-6dd2-312a-b051-f404feb27608",
      "dc:contributor": [
        "https://api.deepl.com/v2/translate"
      ],
      "rdf:language": [
        "de"
      ],
      "rdf:predicate": [
        {
          "@id": "rdfs:comment"
        }
      ]
    },
    {
      "@id": "https://data.datatourisme.fr/9b62359b-f55a-34a1-a2d6-3a1308a83479",
      "dc:contributor": [
        "https://api.deepl.com/v2/translate"
      ],
      "rdf:language": [
        "it"
      ],
      "rdf:predicate": [
        {
          "@id": "rdfs:comment"
        }
      ]
    },
    {
      "@id": "https://data.datatourisme.fr/bfd4daf1-66f5-3981-b9de-f9c5030417d5",
      "dc:contributor": [
        "https://api.deepl.com/v2/translate"
      ],
      "rdf:language": [
        "es"
      ],
      "rdf:predicate": [
        {
          "@id": "rdfs:comment"
        }
      ]
    },
    {
      "@id": "https://data.datatourisme.fr/de921544-644c-3fcf-a197-cf1c24a5e946",
      "dc:contributor": [
        "https://api.deepl.com/v2/translate"
      ],
      "rdf:language": [
        "nl"
      ],
      "rdf:predicate": [
        {
          "@id": "rdfs:comment"
        }
      ]
    }
  ],
  "isLocatedAt": [
    {
      "@id": "https://data.datatourisme.fr/08d009e0-0858-3ea0-a7a6-75402e6c64f1",
      "schema:address": [
        {
          "@id": "https://data.datatourisme.fr/21fb204f-3de9-3615-97bb-7642b9d0fb9c",
          "schema:addressLocality": "L'Île-Rousse",
          "schema:postalCode": "20220",
          "schema:streetAddress": [
            "1 rue Napoléon",
            "Place Paoli"
          ],
          "@type": [
            "schema:PostalAddress",
            "PostalAddress"
          ],
          "hasAddressCity": {
            "@id": "kb:2B134",
            "@type": [
              "City"
            ],
            "rdfs:label": {
              "en": [
                "L'Île-Rousse"
              ],
              "fr": [
                "L'Île-Rousse"
              ]
            },
            "insee": "2B134",
            "isPartOfDepartment": {
              "@id": "kb:France942B",
              "@type": [
                "Department"
              ],
              "rdfs:label": {
                "en": [
                  "Haute-Corse"
                ],
                "fr": [
                  "Haute-Corse"
                ]
              },
              "insee": "2B",
              "isPartOfRegion": {
                "@id": "kb:France94",
                "@type": [
                  "Region"
                ],
                "rdfs:label": {
                  "en": [
                    "Corse"
                  ],
                  "fr": [
                    "Corse"
                  ]
                },
                "insee": "94",
                "isPartOfCountry": {
                  "@id": "kb:France",
                  "@type": [
                    "schema:Country"
                  ],
                  "rdfs:label": {
                    "de": [
                      "Frankreich"
                    ],
                    "pt": [
                      "França"
                    ],
                    "en": [
                      "France"
                    ],
                    "it": [
                      "Francia"
                    ],
                    "fr": [
                      "France"
                    ],
                    "nl": [
                      "Frankrijk"
                    ],
                    "es": [
                      "Francia"
                    ]
                  }
                }
              }
            }
          }
        }
      ],
      "schema:geo": {
        "@id": "https://data.datatourisme.fr/56454f87-0284-32b3-a293-ece44a5a54e8",
        "schema:latitude": "42.634725",
        "schema:longitude": "8.9376",
        "@type": [
          "schema:GeoCoordinates"
        ]
      },
      "schema:openingHoursSpecification": [
        {
          "@id": "https://data.datatourisme.fr/47e8cca6-8d26-3618-97c5-a4b321be93e7",
          "schema:validFrom": "2023-01-01T00:00:00",
          "schema:validThrough": "2023-12-31T23:59:59",
          "@type": [
            "schema:OpeningHoursSpecification"
          ],
          "additionalInformation": {
            "de": [
              "Nonstop von 11 Uhr bis 23 Uhr von Juli bis Ende August"
            ],
            "en": [
              "Non-stop from 11 am to 11 pm from July to the end of August"
            ],
            "it": [
              "Orario continuato dalle 11:00 alle 23:00 da luglio a fine agosto"
            ],
            "fr": [
              "Non stop de 11 h 23 h de juillet à fin août"
            ],
            "nl": [
              "Non-stop van 11:00 tot 23:00 van juli tot eind augustus"
            ],
            "es": [
              "Ininterrumpidamente de 11:00 a 23:00 desde julio hasta finales de agosto"
            ]
          },
          "hasTranslatedProperty": [
            {
              "@id": "https://data.datatourisme.fr/16c39aac-ca2e-3f1d-9a7e-e39965a40fd1",
              "dc:contributor": [
                "https://api.deepl.com/v2/translate"
              ],
              "rdf:language": [
                "es"
              ],
              "rdf:predicate": [
                "additionalInformation"
              ]
            },
            {
              "@id": "https://data.datatourisme.fr/24d13fb1-cc00-3b95-b90b-73d16eb8eca5",
              "dc:contributor": [
                "https://api.deepl.com/v2/translate"
              ],
              "rdf:language": [
                "en"
              ],
              "rdf:predicate": [
                "additionalInformation"
              ]
            },
            {
              "@id": "https://data.datatourisme.fr/3044da0e-8b43-3666-99fb-c59aeb990890",
              "dc:contributor": [
                "https://api.deepl.com/v2/translate"
              ],
              "rdf:language": [
                "de"
              ],
              "rdf:predicate": [
                "additionalInformation"
              ]
            },
            {
              "@id": "https://data.datatourisme.fr/a455e5dc-c5f5-35d4-9fab-dd502b0e4ab5",
              "dc:contributor": [
                "https://api.deepl.com/v2/translate"
              ],
              "rdf:language": [
                "it"
              ],
              "rdf:predicate": [
                "additionalInformation"
              ]
            },
            {
              "@id": "https://data.datatourisme.fr/fe8f4a5f-cf18-3a7f-9c14-8e59630147b3",
              "dc:contributor": [
                "https://api.deepl.com/v2/translate"
              ],
              "rdf:language": [
                "nl"
              ],
              "rdf:predicate": [
                "additionalInformation"
              ]
            }
          ]
        }
      ],
      "@type": [
        "schema:Place",
        "Place"
      ]
    }
  ],
  "isOwnedBy": [
    {
      "@id": "https://data.datatourisme.fr/252af22a-253d-33df-b9d7-204832749402",
      "schema:email": [
        "web@ileroussetourisme.com"
      ],
      "schema:legalName": "Office de Tourisme Intercommunal de L'Ile Rousse-Balagne",
      "@type": [
        "schema:Organization",
        "foaf:Agent",
        "Agent"
      ],
      "foaf:homepage": [
        "https://www.balagne-corsica.com/"
      ]
    }
  ],
  "lastUpdate": "2022-01-19",
  "lastUpdateDatatourisme": "2023-02-01T18:07:35.911Z",
  "offers": [
    {
      "@id": "https://data.datatourisme.fr/da65d221-a584-3d82-b7e1-62e5644db445",
      "schema:priceSpecification": [
        {
          "@id": "https://data.datatourisme.fr/a24edea2-f6f6-39a5-8517-3b4deddc2ce6",
          "@type": [
            "schema:PriceSpecification",
            "PriceSpecification"
          ],
          "appliesOnPeriod": [
            {
              "@id": "https://data.datatourisme.fr/0663ca4b-3470-3171-9053-39aa704e8f56",
              "@type": [
                "Period"
              ],
              "endDate": "2022-12-31",
              "startDate": "2022-01-01"
            }
          ]
        }
      ],
      "@type": [
        "schema:Offer",
        "Offer"
      ]
    }
  ]
}