{
  "@id": "https://data.datatourisme.fr/13/208845bd-9611-3f58-8b54-a9323c5b6d36",
  "dc:identifier": "6179426",
  "schema:endDate": [
    "2023-10-29"
  ],
  "schema:startDate": [
    "2023-10-27"
  ],
  "@type": [
    "schema:Event",
    "schema:SportsEvent",
    "EntertainmentAndEvent",
    "PointOfInterest",
    "SportsCompetition",
    "SportsEvent"
  ],
  "rdfs:comment": {
    "de": [
      "Die erste Ausgabe des Corsica Bike Festivals präsentiert das Finale der französischen MTB Enduro Series Cup. Auf dem Programm stehen das sportliche Rennen auf den Trails, Bike-Shows, Fahrradanimationen und eine Fahrrad- und Mountainbike-Messe, die drei Tage lang auf dem Place Paoli stattfindet."
    ],
    "en": [
      "The first edition of the Corsica Bike Festival presents the Final of the French Enduro Series Mountain Bike Cup. On the programme, the sports race on the trails, bike shows, bike animations and bike and mountain bike fair during 3 days on the Place Paoli."
    ],
    "it": [
      "La prima edizione del Corsica Bike Festival presenta la finale della French Enduro Series Mountain Bike Cup. In programma, la gara sportiva sui sentieri, spettacoli in bicicletta, animazioni in bicicletta e la fiera della bicicletta e della mountain bike per 3 giorni in Place Paoli."
    ],
    "fr": [
      "La première édition du Corsica Bike Festival présente la Finale de la Coupe de France de VTT Enduro Series. Au programme, la course sportive sur les sentiers,  bike shows, animations vélo et salon du vélo et du VTT durant 3 jours sur la Place Paoli."
    ],
    "es": [
      "La primera edición del Corsica Bike Festival presenta la final de la Copa de Francia de Enduro Series Mountain Bike. En el programa, la carrera deportiva en los senderos, espectáculos de bicicletas, animaciones en bicicleta y feria de bicicletas y bicicletas de montaña durante 3 días en la Place Paoli."
    ],
    "nl": [
      "De eerste editie van het Corsica Bike Festival presenteert de finale van de French Enduro Series Mountain Bike Cup. Op het programma, de sportieve race op de trails, fiets shows, fiets animaties en fiets en mountainbike beurs gedurende 3 dagen op het Place Paoli."
    ]
  },
  "rdfs:label": {
    "fr": [
      "Corsica Bike Festival"
    ]
  },
  "hasBeenCreatedBy": {
    "@id": "https://data.datatourisme.fr/13/8d420fa3-5754-31f1-8199-69c88780314d",
    "dc:identifier": "1647",
    "schema:email": [
      "web@ileroussetourisme.com"
    ],
    "schema:legalName": "Office de Tourisme Intercommunal de L'Ile Rousse-Balagne",
    "@type": [
      "schema:Organization",
      "foaf:Agent",
      "Agent"
    ],
    "foaf:homepage": [
      "https://www.balagne-corsica.com/"
    ]
  },
  "hasBeenPublishedBy": [
    {
      "@id": "https://data.datatourisme.fr/8a9feb4b-2cbd-3d2c-b507-bd6c6776b23b",
      "schema:legalName": "Apidae Tourisme Scic SA - source : Apidae Tourisme",
      "@type": [
        "schema:Organization",
        "foaf:Agent",
        "Agent"
      ],
      "foaf:homepage": [
        "https://www.apidae-tourisme.com/"
      ]
    }
  ],
  "hasContact": [
    {
      "@id": "https://data.datatourisme.fr/73fddee7-768e-3578-99c0-8ba8c0d0091f",
      "schema:email": [
        "contact@corsicabikefestival.com"
      ],
      "schema:telephone": [
        "+33 4 95 60 04 35",
        "+33 4 95 60 80 14"
      ],
      "@type": [
        "foaf:Agent",
        "Agent"
      ],
      "foaf:homepage": [
        "https://www.corsicabikefestival.com/"
      ]
    }
  ],
  "hasDescription": [
    {
      "@id": "https://data.datatourisme.fr/c569e823-8293-3055-ad5d-6e42258b9de3",
      "@type": [
        "Description"
      ],
      "hasTranslatedProperty": [
        {
          "@id": "https://data.datatourisme.fr/2bf9286c-ed88-3ee0-905f-39f87bd4b51b",
          "dc:contributor": [
            "https://api.deepl.com/v2/translate"
          ],
          "rdf:language": [
            "nl"
          ],
          "rdf:predicate": [
            "shortDescription"
          ]
        },
        {
          "@id": "https://data.datatourisme.fr/3e37c22b-0d4e-35ec-8ebf-75c5347c8212",
          "dc:contributor": [
            "https://api.deepl.com/v2/translate"
          ],
          "rdf:language": [
            "de"
          ],
          "rdf:predicate": [
            "shortDescription"
          ]
        },
        {
          "@id": "https://data.datatourisme.fr/a8327420-9b82-3a27-a543-c059b33aa865",
          "dc:contributor": [
            "https://api.deepl.com/v2/translate"
          ],
          "rdf:language": [
            "es"
          ],
          "rdf:predicate": [
            "shortDescription"
          ]
        }
      ],
      "shortDescription": {
        "de": [
          "Die erste Ausgabe des Corsica Bike Festivals präsentiert das Finale der französischen MTB Enduro Series Cup. Auf dem Programm stehen das sportliche Rennen auf den Trails, Bike-Shows, Fahrradanimationen und eine Fahrrad- und Mountainbike-Messe, die drei Tage lang auf dem Place Paoli stattfindet."
        ],
        "en": [
          "The first edition of the Corsica Bike Festival presents the Final of the French Enduro Series Mountain Bike Cup. On the programme, the sports race on the trails, bike shows, bike animations and bike and mountain bike fair during 3 days on the Place Paoli."
        ],
        "it": [
          "La prima edizione del Corsica Bike Festival presenta la finale della French Enduro Series Mountain Bike Cup. In programma, la gara sportiva sui sentieri, spettacoli in bicicletta, animazioni in bicicletta e la fiera della bicicletta e della mountain bike per 3 giorni in Place Paoli."
        ],
        "fr": [
          "La première édition du Corsica Bike Festival présente la Finale de la Coupe de France de VTT Enduro Series. Au programme, la course sportive sur les sentiers,  bike shows, animations vélo et salon du vélo et du VTT durant 3 jours sur la Place Paoli."
        ],
        "es": [
          "La primera edición del Corsica Bike Festival presenta la final de la Copa de Francia de Enduro Series Mountain Bike. En el programa, la carrera deportiva en los senderos, espectáculos de bicicletas, animaciones en bicicleta y feria de bicicletas y bicicletas de montaña durante 3 días en la Place Paoli."
        ],
        "nl": [
          "De eerste editie van het Corsica Bike Festival presenteert de finale van de French Enduro Series Mountain Bike Cup. Op het programma, de sportieve race op de trails, fiets shows, fiets animaties en fiets en mountainbike beurs gedurende 3 dagen op het Place Paoli."
        ]
      }
    }
  ],
  "hasTranslatedProperty": [
    {
      "@id": "https://data.datatourisme.fr/0526ec01-9c23-3127-aaaf-39d75e1288c4",
      "dc:contributor": [
        "https://api.deepl.com/v2/translate"
      ],
      "rdf:language": [
        "es"
      ],
      "rdf:predicate": [
        {
          "@id": "rdfs:comment"
        }
      ]
    },
    {
      "@id": "https://data.datatourisme.fr/979f10e9-9944-3a22-8b19-95fe3122523b",
      "dc:contributor": [
        "https://api.deepl.com/v2/translate"
      ],
      "rdf:language": [
        "nl"
      ],
      "rdf:predicate": [
        {
          "@id": "rdfs:comment"
        }
      ]
    },
    {
      "@id": "https://data.datatourisme.fr/fe7a46d4-684e-355a-8204-97563ba978c4",
      "dc:contributor": [
        "https://api.deepl.com/v2/translate"
      ],
      "rdf:language": [
        "de"
      ],
      "rdf:predicate": [
        {
          "@id": "rdfs:comment"
        }
      ]
    }
  ],
  "isLocatedAt": [
    {
      "@id": "https://data.datatourisme.fr/b38ea4af-13ea-38f3-bb67-687a9503f5ac",
      "schema:address": [
        {
          "@id": "https://data.datatourisme.fr/a573568e-2fde-33e3-8f64-7924841eafa7",
          "schema:addressLocality": "L'Île-Rousse",
          "schema:postalCode": "20220",
          "schema:streetAddress": [
            "Place Paoli"
          ],
          "@type": [
            "schema:PostalAddress",
            "PostalAddress"
          ],
          "hasAddressCity": {
            "@id": "kb:2B134",
            "@type": [
              "City"
            ],
            "rdfs:label": {
              "en": [
                "L'Île-Rousse"
              ],
              "fr": [
                "L'Île-Rousse"
              ]
            },
            "insee": "2B134",
            "isPartOfDepartment": {
              "@id": "kb:France942B",
              "@type": [
                "Department"
              ],
              "rdfs:label": {
                "en": [
                  "Haute-Corse"
                ],
                "fr": [
                  "Haute-Corse"
                ]
              },
              "insee": "2B",
              "isPartOfRegion": {
                "@id": "kb:France94",
                "@type": [
                  "Region"
                ],
                "rdfs:label": {
                  "en": [
                    "Corse"
                  ],
                  "fr": [
                    "Corse"
                  ]
                },
                "insee": "94",
                "isPartOfCountry": {
                  "@id": "kb:France",
                  "@type": [
                    "schema:Country"
                  ],
                  "rdfs:label": {
                    "de": [
                      "Frankreich"
                    ],
                    "pt": [
                      "França"
                    ],
                    "en": [
                      "France"
                    ],
                    "it": [
                      "Francia"
                    ],
                    "fr": [
                      "France"
                    ],
                    "nl": [
                      "Frankrijk"
                    ],
                    "es": [
                      "Francia"
                    ]
                  }
                }
              }
            }
          }
        }
      ],
      "schema:geo": {
        "@id": "https://data.datatourisme.fr/c5c93691-c557-3374-ac85-9b02cad6ac40",
        "schema:latitude": "42.634347",
        "schema:longitude": "8.938119",
        "@type": [
          "schema:GeoCoordinates"
        ]
      },
      "schema:openingHoursSpecification": [
        {
          "@id": "https://data.datatourisme.fr/9cdfa4f5-8935-346c-bd5f-0151f70444a9",
          "schema:validFrom": "2023-10-27T00:00:00",
          "schema:validThrough": "2023-10-29T23:59:59",
          "@type": [
            "schema:OpeningHoursSpecification"
          ]
        }
      ],
      "@type": [
        "schema:Place",
        "Place"
      ]
    }
  ],
  "isOwnedBy": [
    {
      "@id": "https://data.datatourisme.fr/252af22a-253d-33df-b9d7-204832749402",
      "schema:email": [
        "web@ileroussetourisme.com"
      ],
      "schema:legalName": "Office de Tourisme Intercommunal de L'Ile Rousse-Balagne",
      "@type": [
        "schema:Organization",
        "foaf:Agent",
        "Agent"
      ],
      "foaf:homepage": [
        "https://www.balagne-corsica.com/"
      ]
    }
  ],
  "lastUpdate": "2023-03-17",
  "lastUpdateDatatourisme": "2023-03-18T06:42:03.519Z",
  "takesPlaceAt": [
    {
      "@id": "https://data.datatourisme.fr/96cd83d7-c3b9-3531-8a27-85ccf29c7878",
      "@type": [
        "Period"
      ],
      "endDate": "2023-10-29",
      "startDate": "2023-10-27"
    }
  ]
}