{
  "@id": "https://data.datatourisme.fr/13/201e7651-abbd-321d-9b8b-a6accbd1996e",
  "dc:identifier": "5594690",
  "@type": [
    "schema:LocalBusiness",
    "CraftsmanShop",
    "PlaceOfInterest",
    "PointOfInterest",
    "Store"
  ],
  "rdfs:comment": {
    "de": [
      "Pierre Guerra lädt Sie ein, seine Werke an einem außergewöhnlichen Ort zu entdecken... der Zitadelle von Calvi!\r\nEr kreiert Messer, gedrechselte Objekte, Pendel, Kreisel...und Kugelschreiber, allesamt originelle Ideen für Ihre Geschenke."
    ],
    "en": [
      "He creates knives, turned objects, pendulums, spinning tops ... and pens, as many original ideas for your gifts."
    ],
    "it": [
      "Pierre Guerra vi invita a scoprire le sue opere in un luogo eccezionale... la Cittadella di Calvi!\r\nCrea coltelli, oggetti torniti, orologi, trottole... e penne, tutte idee originali per i vostri regali."
    ],
    "fr": [
      "Pierre Guerra vous invite à découvrir ses oeuvres dans un lieu d'exception... la Citadelle de Calvi !\r\nIl crée couteaux, objets tournés, pendules, toupies...et stylos, autant d'idées originales pour vos cadeaux."
    ],
    "nl": [
      "Pierre Guerra nodigt u uit om zijn werken te ontdekken op een uitzonderlijke plek... de Citadel van Calvi!\r\nHij maakt messen, gedraaide voorwerpen, klokken, tollen... en pennen, allemaal originele ideeën voor uw geschenken."
    ],
    "es": [
      "Pierre Guerra le invita a descubrir sus obras en un lugar excepcional... ¡la Ciudadela de Calvi!\r\nCrea cuchillos, objetos torneados, relojes, peonzas... y bolígrafos, todas ellas ideas originales para sus regalos."
    ]
  },
  "rdfs:label": {
    "fr": [
      "L'Attellu"
    ]
  },
  "hasBeenCreatedBy": {
    "@id": "https://data.datatourisme.fr/13/e4873aa9-a05c-35ed-8395-61d121516766",
    "dc:identifier": "1646",
    "schema:email": [
      "info@balagne-corsica.com"
    ],
    "schema:legalName": "Office de Tourisme Intercommunal Calvi - Balagne",
    "@type": [
      "schema:Organization",
      "foaf:Agent",
      "Agent"
    ],
    "foaf:homepage": [
      "https://www.balagne-corsica.com/"
    ]
  },
  "hasBeenPublishedBy": [
    {
      "@id": "https://data.datatourisme.fr/8a9feb4b-2cbd-3d2c-b507-bd6c6776b23b",
      "schema:legalName": "Apidae Tourisme Scic SA - source : Apidae Tourisme",
      "@type": [
        "schema:Organization",
        "foaf:Agent",
        "Agent"
      ],
      "foaf:homepage": [
        "https://www.apidae-tourisme.com/"
      ]
    }
  ],
  "hasContact": [
    {
      "@id": "https://data.datatourisme.fr/2148b000-2bc0-382c-b8a1-000243882660",
      "schema:telephone": [
        "+33 6 15 90 40 87"
      ],
      "@type": [
        "foaf:Agent",
        "Agent"
      ]
    }
  ],
  "hasDescription": [
    {
      "@id": "https://data.datatourisme.fr/6236b352-1895-370e-8088-6f22f1f26701",
      "@type": [
        "Description"
      ],
      "hasTranslatedProperty": [
        {
          "@id": "https://data.datatourisme.fr/3f0d7839-5975-3411-aa26-b0d4310deb25",
          "dc:contributor": [
            "https://api.deepl.com/v2/translate"
          ],
          "rdf:language": [
            "es"
          ],
          "rdf:predicate": [
            "shortDescription"
          ]
        },
        {
          "@id": "https://data.datatourisme.fr/57cd1da7-5153-3acd-8b9f-a84e9f46a6df",
          "dc:contributor": [
            "https://api.deepl.com/v2/translate"
          ],
          "rdf:language": [
            "de"
          ],
          "rdf:predicate": [
            "shortDescription"
          ]
        },
        {
          "@id": "https://data.datatourisme.fr/e4cde1ca-cc58-33fa-a3f9-1b3a8d731cae",
          "dc:contributor": [
            "https://api.deepl.com/v2/translate"
          ],
          "rdf:language": [
            "nl"
          ],
          "rdf:predicate": [
            "shortDescription"
          ]
        }
      ],
      "shortDescription": {
        "de": [
          "Pierre Guerra lädt Sie ein, seine Werke an einem außergewöhnlichen Ort zu entdecken... der Zitadelle von Calvi!\r\nEr kreiert Messer, gedrechselte Objekte, Pendel, Kreisel...und Kugelschreiber, allesamt originelle Ideen für Ihre Geschenke."
        ],
        "en": [
          "He creates knives, turned objects, pendulums, spinning tops ... and pens, as many original ideas for your gifts."
        ],
        "it": [
          "Pierre Guerra vi invita a scoprire le sue opere in un luogo eccezionale... la Cittadella di Calvi!\r\nCrea coltelli, oggetti torniti, orologi, trottole... e penne, tutte idee originali per i vostri regali."
        ],
        "fr": [
          "Pierre Guerra vous invite à découvrir ses oeuvres dans un lieu d'exception... la Citadelle de Calvi !\r\nIl crée couteaux, objets tournés, pendules, toupies...et stylos, autant d'idées originales pour vos cadeaux."
        ],
        "nl": [
          "Pierre Guerra nodigt u uit om zijn werken te ontdekken op een uitzonderlijke plek... de Citadel van Calvi!\r\nHij maakt messen, gedraaide voorwerpen, klokken, tollen... en pennen, allemaal originele ideeën voor uw geschenken."
        ],
        "es": [
          "Pierre Guerra le invita a descubrir sus obras en un lugar excepcional... ¡la Ciudadela de Calvi!\r\nCrea cuchillos, objetos torneados, relojes, peonzas... y bolígrafos, todas ellas ideas originales para sus regalos."
        ]
      }
    }
  ],
  "hasTranslatedProperty": [
    {
      "@id": "https://data.datatourisme.fr/59646233-7144-30ae-a78d-9c7eb8abf5f6",
      "dc:contributor": [
        "https://api.deepl.com/v2/translate"
      ],
      "rdf:language": [
        "de"
      ],
      "rdf:predicate": [
        {
          "@id": "rdfs:comment"
        }
      ]
    },
    {
      "@id": "https://data.datatourisme.fr/9735bf39-3935-3dc1-9d5f-a255f13913f0",
      "dc:contributor": [
        "https://api.deepl.com/v2/translate"
      ],
      "rdf:language": [
        "es"
      ],
      "rdf:predicate": [
        {
          "@id": "rdfs:comment"
        }
      ]
    },
    {
      "@id": "https://data.datatourisme.fr/dd8aeef4-9207-36a1-aa5c-8250d2c9f47c",
      "dc:contributor": [
        "https://api.deepl.com/v2/translate"
      ],
      "rdf:language": [
        "nl"
      ],
      "rdf:predicate": [
        {
          "@id": "rdfs:comment"
        }
      ]
    }
  ],
  "isLocatedAt": [
    {
      "@id": "https://data.datatourisme.fr/3086fa24-7938-3ba9-bbd1-7801cb5d7bcf",
      "schema:address": [
        {
          "@id": "https://data.datatourisme.fr/f967c23d-89e2-35a6-afe5-f2f40705c196",
          "schema:addressLocality": "Calvi",
          "schema:postalCode": "20260",
          "schema:streetAddress": [
            "Citadelle"
          ],
          "@type": [
            "schema:PostalAddress",
            "PostalAddress"
          ],
          "hasAddressCity": {
            "@id": "kb:2B050",
            "@type": [
              "City"
            ],
            "rdfs:label": {
              "en": [
                "Calvi"
              ],
              "fr": [
                "Calvi"
              ]
            },
            "insee": "2B050",
            "isPartOfDepartment": {
              "@id": "kb:France942B",
              "@type": [
                "Department"
              ],
              "rdfs:label": {
                "en": [
                  "Haute-Corse"
                ],
                "fr": [
                  "Haute-Corse"
                ]
              },
              "insee": "2B",
              "isPartOfRegion": {
                "@id": "kb:France94",
                "@type": [
                  "Region"
                ],
                "rdfs:label": {
                  "en": [
                    "Corse"
                  ],
                  "fr": [
                    "Corse"
                  ]
                },
                "insee": "94",
                "isPartOfCountry": {
                  "@id": "kb:France",
                  "@type": [
                    "schema:Country"
                  ],
                  "rdfs:label": {
                    "de": [
                      "Frankreich"
                    ],
                    "pt": [
                      "França"
                    ],
                    "en": [
                      "France"
                    ],
                    "it": [
                      "Francia"
                    ],
                    "fr": [
                      "France"
                    ],
                    "nl": [
                      "Frankrijk"
                    ],
                    "es": [
                      "Francia"
                    ]
                  }
                }
              }
            }
          }
        }
      ],
      "schema:geo": {
        "@id": "https://data.datatourisme.fr/8069de17-6f62-31a9-81d1-846f0b9015d6",
        "schema:latitude": "42.569173",
        "schema:longitude": "8.760564",
        "@type": [
          "schema:GeoCoordinates"
        ]
      },
      "schema:openingHoursSpecification": [
        {
          "@id": "https://data.datatourisme.fr/36b63621-f4c3-3a0a-a12c-6dff9b150ec9",
          "schema:validFrom": "2023-01-01T00:00:00",
          "schema:validThrough": "2023-12-31T23:59:59",
          "@type": [
            "schema:OpeningHoursSpecification"
          ],
          "additionalInformation": {
            "de": [
              "Öffnungszeiten im Sommer"
            ],
            "en": [
              "Summer hours"
            ],
            "it": [
              "Orario estivo"
            ],
            "fr": [
              "Horaires d'été"
            ],
            "es": [
              "Horario de verano"
            ],
            "nl": [
              "Dienstregeling zomer"
            ]
          },
          "hasTranslatedProperty": [
            {
              "@id": "https://data.datatourisme.fr/2be40f57-8fc0-3bdf-95cd-accc9292cb51",
              "dc:contributor": [
                "https://api.deepl.com/v2/translate"
              ],
              "rdf:language": [
                "en"
              ],
              "rdf:predicate": [
                "additionalInformation"
              ]
            },
            {
              "@id": "https://data.datatourisme.fr/5e4bbe0a-1ff5-3c4e-a05d-27cbd5490f0c",
              "dc:contributor": [
                "https://api.deepl.com/v2/translate"
              ],
              "rdf:language": [
                "es"
              ],
              "rdf:predicate": [
                "additionalInformation"
              ]
            },
            {
              "@id": "https://data.datatourisme.fr/aa9580b7-1d56-3622-b3a3-a5f499fdcf60",
              "dc:contributor": [
                "https://api.deepl.com/v2/translate"
              ],
              "rdf:language": [
                "it"
              ],
              "rdf:predicate": [
                "additionalInformation"
              ]
            },
            {
              "@id": "https://data.datatourisme.fr/c47658f6-8fb8-3641-b791-d9eaceb8acf4",
              "dc:contributor": [
                "https://api.deepl.com/v2/translate"
              ],
              "rdf:language": [
                "de"
              ],
              "rdf:predicate": [
                "additionalInformation"
              ]
            },
            {
              "@id": "https://data.datatourisme.fr/e80bf2c7-7ec0-3855-b16b-e9d0065fe368",
              "dc:contributor": [
                "https://api.deepl.com/v2/translate"
              ],
              "rdf:language": [
                "nl"
              ],
              "rdf:predicate": [
                "additionalInformation"
              ]
            }
          ]
        }
      ],
      "@type": [
        "schema:Place",
        "Place"
      ]
    }
  ],
  "isOwnedBy": [
    {
      "@id": "https://data.datatourisme.fr/194c52e6-bbae-33dc-8464-caca97844fbb",
      "schema:email": [
        "info@balagne-corsica.com"
      ],
      "schema:legalName": "Office de Tourisme Intercommunal Calvi - Balagne",
      "@type": [
        "schema:Organization",
        "foaf:Agent",
        "Agent"
      ],
      "foaf:homepage": [
        "https://www.balagne-corsica.com/"
      ]
    }
  ],
  "lastUpdate": "2022-08-11",
  "lastUpdateDatatourisme": "2023-02-01T18:07:35.942Z"
}