{
  "@id": "https://data.datatourisme.fr/13/abd152d9-d0e7-36d6-b0ae-1d4c7d0504d7",
  "dc:identifier": "4927204",
  "@type": [
    "schema:Accommodation",
    "schema:FoodEstablishment",
    "schema:Hotel",
    "schema:LodgingBusiness",
    "schema:Restaurant",
    "Accommodation",
    "FoodEstablishment",
    "Hotel",
    "HotelRestaurant",
    "HotelTrade",
    "PlaceOfInterest",
    "PointOfInterest",
    "Restaurant"
  ],
  "rdfs:comment": {
    "de": [
      "Diese charmante Anlage, die Luxus und Authentizität verbindet, liegt am Fuße der Berge und des Flatta-Waldes in Calenzana in der Balagne und überblickt den Golf von Calvi. In der Nähe zahlreicher Aktivitäten, des GR20 und 20 Minuten von Calvi und seinen Stränden entfernt."
    ],
    "en": [
      "This charming establishment combining luxury and authenticity, located at the foot of the mountains and the Flatta forest in Calenzana in Balagne, overlooks the Gulf of Calvi. Close to many activities, the GR20 and 20 minutes from Calvi and its beaches."
    ],
    "it": [
      "Questo stabilimento di charme che combina lusso e autenticità, situato ai piedi delle montagne e della foresta Flatta a Calenzana in Balagna, si affaccia sul Golfo di Calvi. Vicino a molte attività, al GR20 e a 20 minuti da Calvi e dalle sue spiagge."
    ],
    "fr": [
      "Cet établissement de charme alliant luxe et authenticité,  situé au pied des montagnes et de la forêt de la Flatta à Calenzana en Balagne, surplombe le golfe de Calvi. A proximité de nombreuses activités, du GR20 et à 20 mn de Calvi et de ses plages."
    ],
    "es": [
      "Este encantador establecimiento que combina lujo y autenticidad, situado al pie de las montañas y del bosque de Flatta en Calenzana, en Balagne, tiene vistas al Golfo de Calvi. Cerca de numerosas actividades, del GR20 y a 20 minutos de Calvi y sus playas."
    ],
    "nl": [
      "Dit charmante etablissement dat luxe en authenticiteit combineert, gelegen aan de voet van de bergen en het Flatta-bos in Calenzana in Balagne, kijkt uit over de Golf van Calvi. Dicht bij vele activiteiten, de GR20 en op 20 minuten van Calvi en zijn stranden."
    ]
  },
  "rdfs:label": {
    "fr": [
      "A Flatta"
    ]
  },
  "hasBeenCreatedBy": {
    "@id": "https://data.datatourisme.fr/13/e4873aa9-a05c-35ed-8395-61d121516766",
    "dc:identifier": "1646",
    "schema:email": [
      "info@balagne-corsica.com"
    ],
    "schema:legalName": "Office de Tourisme Intercommunal Calvi - Balagne",
    "@type": [
      "schema:Organization",
      "foaf:Agent",
      "Agent"
    ],
    "foaf:homepage": [
      "https://www.balagne-corsica.com/"
    ]
  },
  "hasBeenPublishedBy": [
    {
      "@id": "https://data.datatourisme.fr/8a9feb4b-2cbd-3d2c-b507-bd6c6776b23b",
      "schema:legalName": "Apidae Tourisme Scic SA - source : Apidae Tourisme",
      "@type": [
        "schema:Organization",
        "foaf:Agent",
        "Agent"
      ],
      "foaf:homepage": [
        "https://www.apidae-tourisme.com/"
      ]
    }
  ],
  "hasContact": [
    {
      "@id": "https://data.datatourisme.fr/19736437-3bbf-3013-9095-14a7900744dd",
      "schema:email": [
        "info@aflatta.com"
      ],
      "schema:telephone": [
        "+33 4 95 62 80 38"
      ],
      "@type": [
        "foaf:Agent",
        "Agent"
      ],
      "foaf:homepage": [
        "http://www.aflatta.com/"
      ]
    }
  ],
  "hasDescription": [
    {
      "@id": "https://data.datatourisme.fr/f2546487-e364-370f-a032-48ef28a8a884",
      "@type": [
        "Description"
      ],
      "hasTranslatedProperty": [
        {
          "@id": "https://data.datatourisme.fr/1d4e2958-e58b-3a40-bed2-841729da38a8",
          "dc:contributor": [
            "https://api.deepl.com/v2/translate"
          ],
          "rdf:language": [
            "nl"
          ],
          "rdf:predicate": [
            "shortDescription"
          ]
        },
        {
          "@id": "https://data.datatourisme.fr/4ef5cbd9-5a58-37af-97b1-7d8eba05cd13",
          "dc:contributor": [
            "https://api.deepl.com/v2/translate"
          ],
          "rdf:language": [
            "es"
          ],
          "rdf:predicate": [
            "shortDescription"
          ]
        },
        {
          "@id": "https://data.datatourisme.fr/7f54442f-022a-32dc-8a74-5fc462f19695",
          "dc:contributor": [
            "https://api.deepl.com/v2/translate"
          ],
          "rdf:language": [
            "de"
          ],
          "rdf:predicate": [
            "shortDescription"
          ]
        }
      ],
      "shortDescription": {
        "de": [
          "Diese charmante Anlage, die Luxus und Authentizität verbindet, liegt am Fuße der Berge und des Flatta-Waldes in Calenzana in der Balagne und überblickt den Golf von Calvi. In der Nähe zahlreicher Aktivitäten, des GR20 und 20 Minuten von Calvi und seinen Stränden entfernt."
        ],
        "en": [
          "This charming establishment combining luxury and authenticity, located at the foot of the mountains and the Flatta forest in Calenzana in Balagne, overlooks the Gulf of Calvi. Close to many activities, the GR20 and 20 minutes from Calvi and its beaches."
        ],
        "it": [
          "Questo stabilimento di charme che combina lusso e autenticità, situato ai piedi delle montagne e della foresta Flatta a Calenzana in Balagna, si affaccia sul Golfo di Calvi. Vicino a molte attività, al GR20 e a 20 minuti da Calvi e dalle sue spiagge."
        ],
        "fr": [
          "Cet établissement de charme alliant luxe et authenticité,  situé au pied des montagnes et de la forêt de la Flatta à Calenzana en Balagne, surplombe le golfe de Calvi. A proximité de nombreuses activités, du GR20 et à 20 mn de Calvi et de ses plages."
        ],
        "es": [
          "Este encantador establecimiento que combina lujo y autenticidad, situado al pie de las montañas y del bosque de Flatta en Calenzana, en Balagne, tiene vistas al Golfo de Calvi. Cerca de numerosas actividades, del GR20 y a 20 minutos de Calvi y sus playas."
        ],
        "nl": [
          "Dit charmante etablissement dat luxe en authenticiteit combineert, gelegen aan de voet van de bergen en het Flatta-bos in Calenzana in Balagne, kijkt uit over de Golf van Calvi. Dicht bij vele activiteiten, de GR20 en op 20 minuten van Calvi en zijn stranden."
        ]
      }
    }
  ],
  "hasTranslatedProperty": [
    {
      "@id": "https://data.datatourisme.fr/411922c9-7a69-3136-acbb-ec26b97e0547",
      "dc:contributor": [
        "https://api.deepl.com/v2/translate"
      ],
      "rdf:language": [
        "de"
      ],
      "rdf:predicate": [
        {
          "@id": "rdfs:comment"
        }
      ]
    },
    {
      "@id": "https://data.datatourisme.fr/5d1bb441-d755-352a-b77a-c533aa73e150",
      "dc:contributor": [
        "https://api.deepl.com/v2/translate"
      ],
      "rdf:language": [
        "es"
      ],
      "rdf:predicate": [
        {
          "@id": "rdfs:comment"
        }
      ]
    },
    {
      "@id": "https://data.datatourisme.fr/625e960e-ea08-3717-ae0e-50eb04ff39de",
      "dc:contributor": [
        "https://api.deepl.com/v2/translate"
      ],
      "rdf:language": [
        "nl"
      ],
      "rdf:predicate": [
        {
          "@id": "rdfs:comment"
        }
      ]
    }
  ],
  "isLocatedAt": [
    {
      "@id": "https://data.datatourisme.fr/59427ed3-6630-3745-9227-364b51b35127",
      "schema:address": [
        {
          "@id": "https://data.datatourisme.fr/03ca0542-8633-317f-83af-f24cbc973b36",
          "schema:addressLocality": "Calenzana",
          "schema:postalCode": "20214",
          "@type": [
            "schema:PostalAddress",
            "PostalAddress"
          ],
          "hasAddressCity": {
            "@id": "kb:2B049",
            "@type": [
              "City"
            ],
            "rdfs:label": {
              "en": [
                "Calenzana"
              ],
              "fr": [
                "Calenzana"
              ]
            },
            "insee": "2B049",
            "isPartOfDepartment": {
              "@id": "kb:France942B",
              "@type": [
                "Department"
              ],
              "rdfs:label": {
                "en": [
                  "Haute-Corse"
                ],
                "fr": [
                  "Haute-Corse"
                ]
              },
              "insee": "2B",
              "isPartOfRegion": {
                "@id": "kb:France94",
                "@type": [
                  "Region"
                ],
                "rdfs:label": {
                  "en": [
                    "Corse"
                  ],
                  "fr": [
                    "Corse"
                  ]
                },
                "insee": "94",
                "isPartOfCountry": {
                  "@id": "kb:France",
                  "@type": [
                    "schema:Country"
                  ],
                  "rdfs:label": {
                    "de": [
                      "Frankreich"
                    ],
                    "pt": [
                      "França"
                    ],
                    "en": [
                      "France"
                    ],
                    "it": [
                      "Francia"
                    ],
                    "fr": [
                      "France"
                    ],
                    "nl": [
                      "Frankrijk"
                    ],
                    "es": [
                      "Francia"
                    ]
                  }
                }
              }
            }
          }
        }
      ],
      "schema:geo": {
        "@id": "https://data.datatourisme.fr/09f2c725-d217-3536-a848-037323de0c73",
        "schema:latitude": "42.495422",
        "schema:longitude": "8.881248",
        "@type": [
          "schema:GeoCoordinates"
        ]
      },
      "schema:openingHoursSpecification": [
        {
          "@id": "https://data.datatourisme.fr/f9d9ade2-df59-399f-a359-4e80084cb62b",
          "schema:validFrom": "2023-04-15T00:00:00",
          "schema:validThrough": "2023-10-15T23:59:59",
          "@type": [
            "schema:OpeningHoursSpecification"
          ],
          "additionalInformation": {
            "de": [
              "Öffnungszeitraum nur zur Orientierung."
            ],
            "en": [
              "Opening period for information only."
            ],
            "it": [
              "Il periodo di apertura è indicativo."
            ],
            "fr": [
              "Période d'ouverture à titre indicatif."
            ],
            "es": [
              "El periodo de apertura es indicativo."
            ],
            "nl": [
              "De openingsperiode is indicatief."
            ]
          },
          "hasTranslatedProperty": [
            {
              "@id": "https://data.datatourisme.fr/0b0495f9-a8ba-3fbd-b71b-bf651acede63",
              "dc:contributor": [
                "https://api.deepl.com/v2/translate"
              ],
              "rdf:language": [
                "nl"
              ],
              "rdf:predicate": [
                "additionalInformation"
              ]
            },
            {
              "@id": "https://data.datatourisme.fr/538c2aa7-a305-3839-a8fa-ed2af7dab714",
              "dc:contributor": [
                "https://api.deepl.com/v2/translate"
              ],
              "rdf:language": [
                "de"
              ],
              "rdf:predicate": [
                "additionalInformation"
              ]
            },
            {
              "@id": "https://data.datatourisme.fr/6d8667a0-6055-3a44-a0cb-9767845a64df",
              "dc:contributor": [
                "https://api.deepl.com/v2/translate"
              ],
              "rdf:language": [
                "es"
              ],
              "rdf:predicate": [
                "additionalInformation"
              ]
            },
            {
              "@id": "https://data.datatourisme.fr/89762ac9-f964-3e7e-bf2e-ace5902fc38f",
              "dc:contributor": [
                "https://api.deepl.com/v2/translate"
              ],
              "rdf:language": [
                "en"
              ],
              "rdf:predicate": [
                "additionalInformation"
              ]
            },
            {
              "@id": "https://data.datatourisme.fr/adb38a12-566b-3f47-b4a9-3dc4a8e4d4c6",
              "dc:contributor": [
                "https://api.deepl.com/v2/translate"
              ],
              "rdf:language": [
                "it"
              ],
              "rdf:predicate": [
                "additionalInformation"
              ]
            }
          ]
        }
      ],
      "@type": [
        "schema:Place",
        "Place"
      ]
    }
  ],
  "isOwnedBy": [
    {
      "@id": "https://data.datatourisme.fr/194c52e6-bbae-33dc-8464-caca97844fbb",
      "schema:email": [
        "info@balagne-corsica.com"
      ],
      "schema:legalName": "Office de Tourisme Intercommunal Calvi - Balagne",
      "@type": [
        "schema:Organization",
        "foaf:Agent",
        "Agent"
      ],
      "foaf:homepage": [
        "https://www.balagne-corsica.com/"
      ]
    }
  ],
  "lastUpdate": "2022-10-25",
  "lastUpdateDatatourisme": "2023-04-04T05:52:39.399Z",
  "offers": [
    {
      "@id": "https://data.datatourisme.fr/a48505eb-5a57-3166-be6e-b93c3b3fb377",
      "schema:priceSpecification": [
        {
          "@id": "https://data.datatourisme.fr/84e7d1b0-9fdf-3586-97f2-7337a5174112",
          "schema:maxPrice": [
            "1.9",
            "12",
            "15",
            "185",
            "290"
          ],
          "schema:minPrice": [
            "1.9",
            "12",
            "135",
            "15",
            "85"
          ],
          "schema:priceCurrency": "EUR",
          "@type": [
            "schema:PriceSpecification",
            "PriceSpecification"
          ],
          "appliesOnPeriod": [
            {
              "@id": "https://data.datatourisme.fr/f3f35760-c80f-3b1c-8cb0-5e2a21ba5396",
              "@type": [
                "Period"
              ],
              "endDate": "2023-10-15",
              "startDate": "2023-04-15"
            }
          ]
        }
      ],
      "@type": [
        "schema:Offer",
        "Offer"
      ]
    }
  ]
}