{
  "@id": "https://data.datatourisme.fr/13/ab20c9e7-0d8a-3fd4-811a-d9b33fa0379a",
  "dc:identifier": "5362329",
  "@type": [
    "schema:FoodEstablishment",
    "FoodEstablishment",
    "PlaceOfInterest",
    "PointOfInterest"
  ],
  "rdfs:comment": {
    "de": [
      "Gemütliches Bergrestaurant - Im Sommer wird am Holzfeuer gekocht - Spezialitäten sind Ferkel, Käsekrapfen, korsisches Kalbfleisch...um nur einige zu nennen!"
    ],
    "en": [
      "Warm and friendly mountain restaurant - Wood fire cusine  in summer - Specialties : roast piglet, cheese fritters, corsican veal...just to mention a few !"
    ],
    "it": [
      "Accogliente ristorante di montagna - Cucina a legna in estate - Specialità di maialino, frittelle di formaggio, vitello corso... solo per citarne alcune!"
    ],
    "fr": [
      "Restaurant de montagne chaleureux - Cuisine au feu de bois l'été - Spécialités de porcelet, de beignets de fromage, veau corse...pour n'en citer que quelques une !"
    ],
    "nl": [
      "Warm bergrestaurant - Houtgestookte keuken in de zomer - Specialiteiten van big, kaasbeignets, Corsicaans kalfsvlees...om er maar een paar te noemen!"
    ],
    "es": [
      "Cálido restaurante de montaña - Cocina a la leña en verano - Especialidades de cochinillo, buñuelos de queso, ternera corsa... ¡por nombrar algunas!"
    ]
  },
  "rdfs:label": {
    "fr": [
      "Auberge U Pasturellu"
    ]
  },
  "hasBeenCreatedBy": {
    "@id": "https://data.datatourisme.fr/13/8d420fa3-5754-31f1-8199-69c88780314d",
    "dc:identifier": "1647",
    "schema:email": [
      "web@ileroussetourisme.com"
    ],
    "schema:legalName": "Office de Tourisme Intercommunal de L'Ile Rousse-Balagne",
    "@type": [
      "schema:Organization",
      "foaf:Agent",
      "Agent"
    ],
    "foaf:homepage": [
      "https://www.balagne-corsica.com/"
    ]
  },
  "hasBeenPublishedBy": [
    {
      "@id": "https://data.datatourisme.fr/8a9feb4b-2cbd-3d2c-b507-bd6c6776b23b",
      "schema:legalName": "Apidae Tourisme Scic SA - source : Apidae Tourisme",
      "@type": [
        "schema:Organization",
        "foaf:Agent",
        "Agent"
      ],
      "foaf:homepage": [
        "https://www.apidae-tourisme.com/"
      ]
    }
  ],
  "hasContact": [
    {
      "@id": "https://data.datatourisme.fr/77e0517b-5aad-35cf-a4f0-eef4500ee19d",
      "schema:telephone": [
        "+33 4 95 61 93 64",
        "+33 6 76 98 61 53"
      ],
      "@type": [
        "foaf:Agent",
        "Agent"
      ]
    }
  ],
  "hasDescription": [
    {
      "@id": "https://data.datatourisme.fr/34d17018-c0a4-3aca-953c-33c728ccced4",
      "@type": [
        "Description"
      ],
      "hasTranslatedProperty": [
        {
          "@id": "https://data.datatourisme.fr/0750ae39-ab08-382a-87a4-1fe13cbdefe7",
          "dc:contributor": [
            "https://api.deepl.com/v2/translate"
          ],
          "rdf:language": [
            "de"
          ],
          "rdf:predicate": [
            "shortDescription"
          ]
        },
        {
          "@id": "https://data.datatourisme.fr/10e7ce9c-288e-3c1d-87c2-50bdda2a9d92",
          "dc:contributor": [
            "https://api.deepl.com/v2/translate"
          ],
          "rdf:language": [
            "es"
          ],
          "rdf:predicate": [
            "shortDescription"
          ]
        },
        {
          "@id": "https://data.datatourisme.fr/9ef8f9c4-b17c-354d-92ea-77d82f19a2ee",
          "dc:contributor": [
            "https://api.deepl.com/v2/translate"
          ],
          "rdf:language": [
            "nl"
          ],
          "rdf:predicate": [
            "shortDescription"
          ]
        }
      ],
      "shortDescription": {
        "de": [
          "Gemütliches Bergrestaurant - Im Sommer wird am Holzfeuer gekocht - Spezialitäten sind Ferkel, Käsekrapfen, korsisches Kalbfleisch...um nur einige zu nennen!"
        ],
        "en": [
          "Warm and friendly mountain restaurant - Wood fire cusine  in summer - Specialties : roast piglet, cheese fritters, corsican veal...just to mention a few !"
        ],
        "it": [
          "Accogliente ristorante di montagna - Cucina a legna in estate - Specialità di maialino, frittelle di formaggio, vitello corso... solo per citarne alcune!"
        ],
        "fr": [
          "Restaurant de montagne chaleureux - Cuisine au feu de bois l'été - Spécialités de porcelet, de beignets de fromage, veau corse...pour n'en citer que quelques une !"
        ],
        "nl": [
          "Warm bergrestaurant - Houtgestookte keuken in de zomer - Specialiteiten van big, kaasbeignets, Corsicaans kalfsvlees...om er maar een paar te noemen!"
        ],
        "es": [
          "Cálido restaurante de montaña - Cocina a la leña en verano - Especialidades de cochinillo, buñuelos de queso, ternera corsa... ¡por nombrar algunas!"
        ]
      }
    }
  ],
  "hasTranslatedProperty": [
    {
      "@id": "https://data.datatourisme.fr/3087def6-f179-3143-b6a9-f0cef7f66602",
      "dc:contributor": [
        "https://api.deepl.com/v2/translate"
      ],
      "rdf:language": [
        "de"
      ],
      "rdf:predicate": [
        {
          "@id": "rdfs:comment"
        }
      ]
    },
    {
      "@id": "https://data.datatourisme.fr/358f4b39-a996-3b6c-a2cf-d25cb6322a7f",
      "dc:contributor": [
        "https://api.deepl.com/v2/translate"
      ],
      "rdf:language": [
        "es"
      ],
      "rdf:predicate": [
        {
          "@id": "rdfs:comment"
        }
      ]
    },
    {
      "@id": "https://data.datatourisme.fr/cfd95733-3a4f-3a3d-8719-d3b8db8e88db",
      "dc:contributor": [
        "https://api.deepl.com/v2/translate"
      ],
      "rdf:language": [
        "nl"
      ],
      "rdf:predicate": [
        {
          "@id": "rdfs:comment"
        }
      ]
    }
  ],
  "isLocatedAt": [
    {
      "@id": "https://data.datatourisme.fr/3b01d16e-80ac-3f6c-9295-4cb02ac0e10a",
      "schema:address": [
        {
          "@id": "https://data.datatourisme.fr/2112eb4b-b076-3b64-97c8-bca8a05100cb",
          "schema:addressLocality": "Pioggiola",
          "schema:postalCode": "20259",
          "schema:streetAddress": [
            "route départementale 963"
          ],
          "@type": [
            "schema:PostalAddress",
            "PostalAddress"
          ],
          "hasAddressCity": {
            "@id": "kb:2B235",
            "@type": [
              "City"
            ],
            "rdfs:label": {
              "en": [
                "Pioggiola"
              ],
              "fr": [
                "Pioggiola"
              ]
            },
            "insee": "2B235",
            "isPartOfDepartment": {
              "@id": "kb:France942B",
              "@type": [
                "Department"
              ],
              "rdfs:label": {
                "en": [
                  "Haute-Corse"
                ],
                "fr": [
                  "Haute-Corse"
                ]
              },
              "insee": "2B",
              "isPartOfRegion": {
                "@id": "kb:France94",
                "@type": [
                  "Region"
                ],
                "rdfs:label": {
                  "en": [
                    "Corse"
                  ],
                  "fr": [
                    "Corse"
                  ]
                },
                "insee": "94",
                "isPartOfCountry": {
                  "@id": "kb:France",
                  "@type": [
                    "schema:Country"
                  ],
                  "rdfs:label": {
                    "de": [
                      "Frankreich"
                    ],
                    "pt": [
                      "França"
                    ],
                    "en": [
                      "France"
                    ],
                    "it": [
                      "Francia"
                    ],
                    "fr": [
                      "France"
                    ],
                    "nl": [
                      "Frankrijk"
                    ],
                    "es": [
                      "Francia"
                    ]
                  }
                }
              }
            }
          }
        }
      ],
      "schema:geo": {
        "@id": "https://data.datatourisme.fr/905c14ee-411e-39d8-bc19-679b29b9940d",
        "schema:latitude": "42.529598",
        "schema:longitude": "9.000954",
        "@type": [
          "schema:GeoCoordinates"
        ]
      },
      "schema:openingHoursSpecification": [
        {
          "@id": "https://data.datatourisme.fr/7ebb8106-b845-3da0-bc35-eff7f4796023",
          "schema:validFrom": "2023-01-01T00:00:00",
          "schema:validThrough": "2023-12-31T23:59:59",
          "@type": [
            "schema:OpeningHoursSpecification"
          ],
          "additionalInformation": {
            "de": [
              "täglich geöffnet (nur im Juli und August)\r\nGeschlossen: Montag und Dienstag (außerhalb der Hochsaison), den ganzen November sowie am 24. und 25. Dezember"
            ],
            "en": [
              "open every day (only in July and August)\r\nClosed: Mondays and Tuesdays (out of high season), the whole month of November and December 24 and 25"
            ],
            "it": [
              "aperto tutti i giorni (solo in luglio e agosto)\r\nChiusura: lunedì e martedì (fuori dall'alta stagione), tutto il mese di novembre e il 24 e 25 dicembre"
            ],
            "fr": [
              "ouvert tous les jours (uniquement en juillet et en août)\r\nFermeture : lundi et mardi (hors haute saison), tout le mois de novembre et les 24 et 25 décembre"
            ],
            "nl": [
              "elke dag geopend (alleen in juli en augustus)\r\nGesloten: maandag en dinsdag (buiten het hoogseizoen), de hele maand november en op 24 en 25 december"
            ],
            "es": [
              "abierto todos los días (sólo en julio y agosto)\r\nCerrado: lunes y martes (fuera de temporada alta), todo el mes de noviembre y los días 24 y 25 de diciembre"
            ]
          },
          "hasTranslatedProperty": [
            {
              "@id": "https://data.datatourisme.fr/73eae08a-39f5-36ae-9119-95c86aea1520",
              "dc:contributor": [
                "https://api.deepl.com/v2/translate"
              ],
              "rdf:language": [
                "it"
              ],
              "rdf:predicate": [
                "additionalInformation"
              ]
            },
            {
              "@id": "https://data.datatourisme.fr/88ccf6eb-1668-32dc-9c29-87d1e17dfec0",
              "dc:contributor": [
                "https://api.deepl.com/v2/translate"
              ],
              "rdf:language": [
                "es"
              ],
              "rdf:predicate": [
                "additionalInformation"
              ]
            },
            {
              "@id": "https://data.datatourisme.fr/90c41a0c-875f-3875-94a1-3674118a914f",
              "dc:contributor": [
                "https://api.deepl.com/v2/translate"
              ],
              "rdf:language": [
                "nl"
              ],
              "rdf:predicate": [
                "additionalInformation"
              ]
            },
            {
              "@id": "https://data.datatourisme.fr/d1622203-cd8d-3b82-8d5f-a9c0b3bd80a6",
              "dc:contributor": [
                "https://api.deepl.com/v2/translate"
              ],
              "rdf:language": [
                "en"
              ],
              "rdf:predicate": [
                "additionalInformation"
              ]
            },
            {
              "@id": "https://data.datatourisme.fr/e51cd823-f964-396d-a2cc-87be2f4db022",
              "dc:contributor": [
                "https://api.deepl.com/v2/translate"
              ],
              "rdf:language": [
                "de"
              ],
              "rdf:predicate": [
                "additionalInformation"
              ]
            }
          ]
        }
      ],
      "@type": [
        "schema:Place",
        "Place"
      ]
    }
  ],
  "isOwnedBy": [
    {
      "@id": "https://data.datatourisme.fr/252af22a-253d-33df-b9d7-204832749402",
      "schema:email": [
        "web@ileroussetourisme.com"
      ],
      "schema:legalName": "Office de Tourisme Intercommunal de L'Ile Rousse-Balagne",
      "@type": [
        "schema:Organization",
        "foaf:Agent",
        "Agent"
      ],
      "foaf:homepage": [
        "https://www.balagne-corsica.com/"
      ]
    }
  ],
  "lastUpdate": "2022-06-07",
  "lastUpdateDatatourisme": "2023-02-01T18:07:35.678Z"
}