{
  "@id": "https://data.datatourisme.fr/13/4c62cb12-33af-3646-b4b2-f00e238ab2af",
  "dc:identifier": "5432645",
  "@type": [
    "schema:FoodEstablishment",
    "schema:Winery",
    "BistroOrWineBar",
    "FoodEstablishment",
    "PlaceOfInterest",
    "PointOfInterest",
    "SportsAndLeisurePlace"
  ],
  "rdfs:comment": {
    "de": [
      "Entdecken Sie diese Biere der anderen Art...Gloria, das Bier made in Calvi auf Korsika! Jedes Bier ist mit einer Figur, einer Geschichte und einem Namen verbunden, die alle auf jeder Flasche zusammengefasst sind. Viel Spaß bei der Verkostung und beim Lesen!"
    ],
    "en": [
      "Come and discover these beers of a different kind ... Gloria, the beer made in Calvi in ​​Corsica! Each beer is associated with a character, a story and a name, all summarized on each bottle. Happy tasting and good reading!"
    ],
    "it": [
      "Vieni a scoprire queste birre di un altro tipo... Gloria, la birra fatta a Calvi in ​​Corsica! Ad ogni birra è associato un personaggio, una storia e un nome, tutti riassunti su ogni bottiglia. Buona degustazione e buona lettura!"
    ],
    "fr": [
      "Venez découvrir ces bières d'un autre genre...Gloria, la bière made in Calvi en Corse ! Chaque bière est associée à un personnage, à une histoire et à un nom, le tout résumé sur chaque bouteille. Bonne dégustation et bonne lecture !"
    ],
    "es": [
      "Venga a descubrir estas cervezas de otro tipo... ¡Gloria, la cerveza fabricada en Calvi, en Córcega! Cada cerveza está asociada a un personaje, una historia y un nombre, todo ello resumido en cada botella. ¡Buena degustación y buena lectura!"
    ],
    "nl": [
      "Kom en ontdek deze andere bieren... Gloria, het bier van Calvi op Corsica! Elk bier is verbonden met een personage, een verhaal en een naam, allemaal samengevat op elke fles. Goed proeven en goed lezen!"
    ]
  },
  "rdfs:label": {
    "fr": [
      "Brewpub Gloria"
    ]
  },
  "hasBeenCreatedBy": {
    "@id": "https://data.datatourisme.fr/13/e4873aa9-a05c-35ed-8395-61d121516766",
    "dc:identifier": "1646",
    "schema:email": [
      "info@balagne-corsica.com"
    ],
    "schema:legalName": "Office de Tourisme Intercommunal Calvi - Balagne",
    "@type": [
      "schema:Organization",
      "foaf:Agent",
      "Agent"
    ],
    "foaf:homepage": [
      "https://www.balagne-corsica.com/"
    ]
  },
  "hasBeenPublishedBy": [
    {
      "@id": "https://data.datatourisme.fr/8a9feb4b-2cbd-3d2c-b507-bd6c6776b23b",
      "schema:legalName": "Apidae Tourisme Scic SA - source : Apidae Tourisme",
      "@type": [
        "schema:Organization",
        "foaf:Agent",
        "Agent"
      ],
      "foaf:homepage": [
        "https://www.apidae-tourisme.com/"
      ]
    }
  ],
  "hasContact": [
    {
      "@id": "https://data.datatourisme.fr/b582e0b5-65b0-3b01-a40c-897790fcedef",
      "schema:email": [
        "info@brasseriegloria.com"
      ],
      "schema:telephone": [
        "+33 6 11 99 13 17"
      ],
      "@type": [
        "foaf:Agent",
        "Agent"
      ],
      "foaf:homepage": [
        "https://www.brasseriegloria.com/"
      ]
    }
  ],
  "hasDescription": [
    {
      "@id": "https://data.datatourisme.fr/3c43e222-2866-36df-a163-6d763298dfda",
      "@type": [
        "Description"
      ],
      "hasTranslatedProperty": [
        {
          "@id": "https://data.datatourisme.fr/4ef2d780-91da-382d-b098-694c4a39cbd3",
          "dc:contributor": [
            "https://api.deepl.com/v2/translate"
          ],
          "rdf:language": [
            "nl"
          ],
          "rdf:predicate": [
            "shortDescription"
          ]
        },
        {
          "@id": "https://data.datatourisme.fr/9ac2d6f3-ee7d-32ea-bcc7-ab39a2836c39",
          "dc:contributor": [
            "https://api.deepl.com/v2/translate"
          ],
          "rdf:language": [
            "de"
          ],
          "rdf:predicate": [
            "shortDescription"
          ]
        },
        {
          "@id": "https://data.datatourisme.fr/fe56cf80-18f7-35d6-8d8a-1b091bd60a4b",
          "dc:contributor": [
            "https://api.deepl.com/v2/translate"
          ],
          "rdf:language": [
            "es"
          ],
          "rdf:predicate": [
            "shortDescription"
          ]
        }
      ],
      "shortDescription": {
        "de": [
          "Entdecken Sie diese Biere der anderen Art...Gloria, das Bier made in Calvi auf Korsika! Jedes Bier ist mit einer Figur, einer Geschichte und einem Namen verbunden, die alle auf jeder Flasche zusammengefasst sind. Viel Spaß bei der Verkostung und beim Lesen!"
        ],
        "en": [
          "Come and discover these beers of a different kind ... Gloria, the beer made in Calvi in ​​Corsica! Each beer is associated with a character, a story and a name, all summarized on each bottle. Happy tasting and good reading!"
        ],
        "it": [
          "Vieni a scoprire queste birre di un altro tipo... Gloria, la birra fatta a Calvi in ​​Corsica! Ad ogni birra è associato un personaggio, una storia e un nome, tutti riassunti su ogni bottiglia. Buona degustazione e buona lettura!"
        ],
        "fr": [
          "Venez découvrir ces bières d'un autre genre...Gloria, la bière made in Calvi en Corse ! Chaque bière est associée à un personnage, à une histoire et à un nom, le tout résumé sur chaque bouteille. Bonne dégustation et bonne lecture !"
        ],
        "es": [
          "Venga a descubrir estas cervezas de otro tipo... ¡Gloria, la cerveza fabricada en Calvi, en Córcega! Cada cerveza está asociada a un personaje, una historia y un nombre, todo ello resumido en cada botella. ¡Buena degustación y buena lectura!"
        ],
        "nl": [
          "Kom en ontdek deze andere bieren... Gloria, het bier van Calvi op Corsica! Elk bier is verbonden met een personage, een verhaal en een naam, allemaal samengevat op elke fles. Goed proeven en goed lezen!"
        ]
      }
    }
  ],
  "hasTranslatedProperty": [
    {
      "@id": "https://data.datatourisme.fr/65b875d4-6ee9-3bb9-a2f3-ba929472f331",
      "dc:contributor": [
        "https://api.deepl.com/v2/translate"
      ],
      "rdf:language": [
        "nl"
      ],
      "rdf:predicate": [
        {
          "@id": "rdfs:comment"
        }
      ]
    },
    {
      "@id": "https://data.datatourisme.fr/6e98428a-0fe6-31f8-a3a4-12ae5b6f5af5",
      "dc:contributor": [
        "https://api.deepl.com/v2/translate"
      ],
      "rdf:language": [
        "es"
      ],
      "rdf:predicate": [
        {
          "@id": "rdfs:comment"
        }
      ]
    },
    {
      "@id": "https://data.datatourisme.fr/dd4b0bc1-c76c-3db5-8491-744cb0e805de",
      "dc:contributor": [
        "https://api.deepl.com/v2/translate"
      ],
      "rdf:language": [
        "de"
      ],
      "rdf:predicate": [
        {
          "@id": "rdfs:comment"
        }
      ]
    }
  ],
  "isLocatedAt": [
    {
      "@id": "https://data.datatourisme.fr/a99f3c0f-e324-38fe-8850-a0b4f1011b5c",
      "schema:address": [
        {
          "@id": "https://data.datatourisme.fr/08e71e66-6819-3a06-a820-b363b62d868e",
          "schema:addressLocality": "Calvi",
          "schema:postalCode": "20260",
          "schema:streetAddress": [
            "10 ZA Cantone",
            "Route de Calenzana"
          ],
          "@type": [
            "schema:PostalAddress",
            "PostalAddress"
          ],
          "hasAddressCity": {
            "@id": "kb:2B050",
            "@type": [
              "City"
            ],
            "rdfs:label": {
              "en": [
                "Calvi"
              ],
              "fr": [
                "Calvi"
              ]
            },
            "insee": "2B050",
            "isPartOfDepartment": {
              "@id": "kb:France942B",
              "@type": [
                "Department"
              ],
              "rdfs:label": {
                "en": [
                  "Haute-Corse"
                ],
                "fr": [
                  "Haute-Corse"
                ]
              },
              "insee": "2B",
              "isPartOfRegion": {
                "@id": "kb:France94",
                "@type": [
                  "Region"
                ],
                "rdfs:label": {
                  "en": [
                    "Corse"
                  ],
                  "fr": [
                    "Corse"
                  ]
                },
                "insee": "94",
                "isPartOfCountry": {
                  "@id": "kb:France",
                  "@type": [
                    "schema:Country"
                  ],
                  "rdfs:label": {
                    "de": [
                      "Frankreich"
                    ],
                    "pt": [
                      "França"
                    ],
                    "en": [
                      "France"
                    ],
                    "it": [
                      "Francia"
                    ],
                    "fr": [
                      "France"
                    ],
                    "nl": [
                      "Frankrijk"
                    ],
                    "es": [
                      "Francia"
                    ]
                  }
                }
              }
            }
          }
        }
      ],
      "schema:geo": {
        "@id": "https://data.datatourisme.fr/b0707e8a-c3da-3775-b89d-20c81874e253",
        "schema:latitude": "42.537337",
        "schema:longitude": "8.803032",
        "@type": [
          "schema:GeoCoordinates"
        ]
      },
      "schema:openingHoursSpecification": [
        {
          "@id": "https://data.datatourisme.fr/9376029c-4b1b-375d-b227-26964b170eea",
          "schema:validFrom": "2023-01-01T00:00:00",
          "schema:validThrough": "2023-12-31T23:59:59",
          "@type": [
            "schema:OpeningHoursSpecification"
          ],
          "additionalInformation": {
            "de": [
              "Öffnungszeiten der Boutique\r\nAußerhalb der Saison: 10:00 bis 12:00 Uhr - 14:00 bis 18:30 Uhr von Montag bis Samstag.\r\nIn der Saison: 10:00 bis 19:30 Uhr von Montag bis Samstag."
            ],
            "en": [
              "Opening of the shop\r\nOff season: 10am to 12pm - 2pm to 6.30pm Monday to Saturday.\r\nIn season : 10h to 19h30 from Monday to Saturday."
            ],
            "it": [
              "Orari di apertura del negozio\r\nFuori stagione: dalle 10.00 alle 12.00 - dalle 14.00 alle 18.30 dal lunedì al sabato.\r\nIn stagione: dalle 10.00 alle 19.30 dal lunedì al sabato."
            ],
            "fr": [
              "Ouverture de la boutique\r\nHors saison : 10h à 12h - 14h à 18h30 du lundi au samedi.\r\nEn saison : 10h à 19h30 du lundi au samedi."
            ],
            "nl": [
              "Openingstijden van de winkel\r\nBuiten het seizoen: 10u tot 12u - 14u tot 18u30 van maandag tot zaterdag.\r\nIn het seizoen: 10.00 tot 19.30 uur van maandag tot zaterdag."
            ],
            "es": [
              "Horario de apertura de la tienda\r\nFuera de temporada: de 10:00 a 12:00 y de 14:00 a 18:30 de lunes a sábado.\r\nEn temporada: de 10:00 a 19:30 de lunes a sábado."
            ]
          },
          "hasTranslatedProperty": [
            {
              "@id": "https://data.datatourisme.fr/7750e7f0-af74-3247-aff0-c4420310d8b0",
              "dc:contributor": [
                "https://api.deepl.com/v2/translate"
              ],
              "rdf:language": [
                "nl"
              ],
              "rdf:predicate": [
                "additionalInformation"
              ]
            },
            {
              "@id": "https://data.datatourisme.fr/8ecced84-a1c4-34ea-a901-7ca77293898d",
              "dc:contributor": [
                "https://api.deepl.com/v2/translate"
              ],
              "rdf:language": [
                "es"
              ],
              "rdf:predicate": [
                "additionalInformation"
              ]
            },
            {
              "@id": "https://data.datatourisme.fr/93cc63a4-ff83-312c-a867-948ba204af0a",
              "dc:contributor": [
                "https://api.deepl.com/v2/translate"
              ],
              "rdf:language": [
                "de"
              ],
              "rdf:predicate": [
                "additionalInformation"
              ]
            },
            {
              "@id": "https://data.datatourisme.fr/a056a7a9-4e95-3cac-a19c-aee5aa6ddef9",
              "dc:contributor": [
                "https://api.deepl.com/v2/translate"
              ],
              "rdf:language": [
                "en"
              ],
              "rdf:predicate": [
                "additionalInformation"
              ]
            },
            {
              "@id": "https://data.datatourisme.fr/b5af1a46-2661-3585-8823-078d842a9df2",
              "dc:contributor": [
                "https://api.deepl.com/v2/translate"
              ],
              "rdf:language": [
                "it"
              ],
              "rdf:predicate": [
                "additionalInformation"
              ]
            }
          ]
        }
      ],
      "@type": [
        "schema:Place",
        "Place"
      ]
    }
  ],
  "isOwnedBy": [
    {
      "@id": "https://data.datatourisme.fr/194c52e6-bbae-33dc-8464-caca97844fbb",
      "schema:email": [
        "info@balagne-corsica.com"
      ],
      "schema:legalName": "Office de Tourisme Intercommunal Calvi - Balagne",
      "@type": [
        "schema:Organization",
        "foaf:Agent",
        "Agent"
      ],
      "foaf:homepage": [
        "https://www.balagne-corsica.com/"
      ]
    }
  ],
  "lastUpdate": "2022-03-29",
  "lastUpdateDatatourisme": "2023-02-01T18:07:35.573Z"
}