{
  "@id": "https://data.datatourisme.fr/13/4cc51caf-61b9-38ad-89e3-23cf4eba1369",
  "dc:identifier": "4933548",
  "@type": [
    "schema:Accommodation",
    "schema:FoodEstablishment",
    "schema:Hotel",
    "schema:LodgingBusiness",
    "schema:Restaurant",
    "Accommodation",
    "FoodEstablishment",
    "Hotel",
    "HotelRestaurant",
    "HotelTrade",
    "PlaceOfInterest",
    "PointOfInterest",
    "Restaurant"
  ],
  "rdfs:comment": {
    "de": [
      "Mit der Zitadelle als Vertraute und dem Meer zu seinen Füßen bietet das Saint Christophe eine außergewöhnliche Aussicht mit dem Horizont eines unvergesslichen Aufenthalts in der Balagne, weich wie der Sand der umliegenden Strände und stark wie die Kontraste der Landschaften Korsikas."
    ],
    "en": [
      "With the citadel for confidante and the sea at its feet, Saint Christopher offers an exceptional view with for horizon an unforgettable stay in Balagne, soft as the sand of the surrounding beaches and strong as the contrasts of the landscapes of Corsica."
    ],
    "it": [
      "Con la cittadella come confidente e il mare ai suoi piedi, il Saint Christophe offre una vista eccezionale con un soggiorno indimenticabile in Balagna, morbido come la sabbia delle spiagge circostanti e forte come i contrasti del paesaggio corso."
    ],
    "fr": [
      "Avec la citadelle pour confidente et la mer à ses pieds, le Saint Christophe offre une vue exceptionnelle avec pour horizon un séjour inoubliable en Balagne, doux comme le sable des plages environnantes et fort comme les contrastes des paysages de Corse."
    ],
    "nl": [
      "Met de citadel als vertrouweling en de zee aan zijn voeten biedt de Saint Christophe een uitzonderlijk uitzicht met een onvergetelijk verblijf in Balagne, zo zacht als het zand van de omringende stranden en zo sterk als de contrasten van het Corsicaanse landschap."
    ],
    "es": [
      "Con la ciudadela como confidente y el mar a sus pies, el Saint Christophe ofrece una vista excepcional con una estancia inolvidable en Balagne, tan suave como la arena de las playas de los alrededores y tan fuerte como los contrastes del paisaje corso."
    ]
  },
  "rdfs:label": {
    "fr": [
      "Le Saint Christophe"
    ]
  },
  "hasBeenCreatedBy": {
    "@id": "https://data.datatourisme.fr/13/e4873aa9-a05c-35ed-8395-61d121516766",
    "dc:identifier": "1646",
    "schema:email": [
      "info@balagne-corsica.com"
    ],
    "schema:legalName": "Office de Tourisme Intercommunal Calvi - Balagne",
    "@type": [
      "schema:Organization",
      "foaf:Agent",
      "Agent"
    ],
    "foaf:homepage": [
      "https://www.balagne-corsica.com/"
    ]
  },
  "hasBeenPublishedBy": [
    {
      "@id": "https://data.datatourisme.fr/8a9feb4b-2cbd-3d2c-b507-bd6c6776b23b",
      "schema:legalName": "Apidae Tourisme Scic SA - source : Apidae Tourisme",
      "@type": [
        "schema:Organization",
        "foaf:Agent",
        "Agent"
      ],
      "foaf:homepage": [
        "https://www.apidae-tourisme.com/"
      ]
    }
  ],
  "hasContact": [
    {
      "@id": "https://data.datatourisme.fr/80f3736c-51d9-3d48-a009-8cabede53b1c",
      "schema:email": [
        "info@hotel-saint-christophe.com"
      ],
      "schema:telephone": [
        "+33 4 95 65 05 74"
      ],
      "@type": [
        "foaf:Agent",
        "Agent"
      ],
      "foaf:homepage": [
        "http://www.hotel-saint-christophe.com/"
      ]
    }
  ],
  "hasDescription": [
    {
      "@id": "https://data.datatourisme.fr/db1a86a3-2517-377e-93ec-3de14f9926f0",
      "@type": [
        "Description"
      ],
      "hasTranslatedProperty": [
        {
          "@id": "https://data.datatourisme.fr/a30699a9-52dd-394f-a8f8-fa16220929d4",
          "dc:contributor": [
            "https://api.deepl.com/v2/translate"
          ],
          "rdf:language": [
            "de"
          ],
          "rdf:predicate": [
            "shortDescription"
          ]
        },
        {
          "@id": "https://data.datatourisme.fr/b79ab6f9-0182-3128-a4aa-5424a6b595b4",
          "dc:contributor": [
            "https://api.deepl.com/v2/translate"
          ],
          "rdf:language": [
            "es"
          ],
          "rdf:predicate": [
            "shortDescription"
          ]
        },
        {
          "@id": "https://data.datatourisme.fr/d906ed5f-d6b6-370b-98f1-a820f481c151",
          "dc:contributor": [
            "https://api.deepl.com/v2/translate"
          ],
          "rdf:language": [
            "nl"
          ],
          "rdf:predicate": [
            "shortDescription"
          ]
        }
      ],
      "shortDescription": {
        "de": [
          "Mit der Zitadelle als Vertraute und dem Meer zu seinen Füßen bietet das Saint Christophe eine außergewöhnliche Aussicht mit dem Horizont eines unvergesslichen Aufenthalts in der Balagne, weich wie der Sand der umliegenden Strände und stark wie die Kontraste der Landschaften Korsikas."
        ],
        "en": [
          "With the citadel for confidante and the sea at its feet, Saint Christopher offers an exceptional view with for horizon an unforgettable stay in Balagne, soft as the sand of the surrounding beaches and strong as the contrasts of the landscapes of Corsica."
        ],
        "it": [
          "Con la cittadella come confidente e il mare ai suoi piedi, il Saint Christophe offre una vista eccezionale con un soggiorno indimenticabile in Balagna, morbido come la sabbia delle spiagge circostanti e forte come i contrasti del paesaggio corso."
        ],
        "fr": [
          "Avec la citadelle pour confidente et la mer à ses pieds, le Saint Christophe offre une vue exceptionnelle avec pour horizon un séjour inoubliable en Balagne, doux comme le sable des plages environnantes et fort comme les contrastes des paysages de Corse."
        ],
        "nl": [
          "Met de citadel als vertrouweling en de zee aan zijn voeten biedt de Saint Christophe een uitzonderlijk uitzicht met een onvergetelijk verblijf in Balagne, zo zacht als het zand van de omringende stranden en zo sterk als de contrasten van het Corsicaanse landschap."
        ],
        "es": [
          "Con la ciudadela como confidente y el mar a sus pies, el Saint Christophe ofrece una vista excepcional con una estancia inolvidable en Balagne, tan suave como la arena de las playas de los alrededores y tan fuerte como los contrastes del paisaje corso."
        ]
      }
    }
  ],
  "hasTranslatedProperty": [
    {
      "@id": "https://data.datatourisme.fr/3e098147-292e-37f8-8fed-7f4c92504483",
      "dc:contributor": [
        "https://api.deepl.com/v2/translate"
      ],
      "rdf:language": [
        "es"
      ],
      "rdf:predicate": [
        {
          "@id": "rdfs:comment"
        }
      ]
    },
    {
      "@id": "https://data.datatourisme.fr/84cf78e9-ee34-3882-8a02-1c8428818c0f",
      "dc:contributor": [
        "https://api.deepl.com/v2/translate"
      ],
      "rdf:language": [
        "de"
      ],
      "rdf:predicate": [
        {
          "@id": "rdfs:comment"
        }
      ]
    },
    {
      "@id": "https://data.datatourisme.fr/f0564679-f4a8-3f26-9971-2d50445600da",
      "dc:contributor": [
        "https://api.deepl.com/v2/translate"
      ],
      "rdf:language": [
        "nl"
      ],
      "rdf:predicate": [
        {
          "@id": "rdfs:comment"
        }
      ]
    }
  ],
  "isLocatedAt": [
    {
      "@id": "https://data.datatourisme.fr/978f7583-0d1b-3362-bb06-d366a90ca0e4",
      "schema:address": [
        {
          "@id": "https://data.datatourisme.fr/fe9ae23b-b0af-39a4-bdc8-54faec6d53c4",
          "schema:addressLocality": "Calvi",
          "schema:postalCode": "20260",
          "schema:streetAddress": [
            "Place Bel Ombra"
          ],
          "@type": [
            "schema:PostalAddress",
            "PostalAddress"
          ],
          "hasAddressCity": {
            "@id": "kb:2B050",
            "@type": [
              "City"
            ],
            "rdfs:label": {
              "en": [
                "Calvi"
              ],
              "fr": [
                "Calvi"
              ]
            },
            "insee": "2B050",
            "isPartOfDepartment": {
              "@id": "kb:France942B",
              "@type": [
                "Department"
              ],
              "rdfs:label": {
                "en": [
                  "Haute-Corse"
                ],
                "fr": [
                  "Haute-Corse"
                ]
              },
              "insee": "2B",
              "isPartOfRegion": {
                "@id": "kb:France94",
                "@type": [
                  "Region"
                ],
                "rdfs:label": {
                  "en": [
                    "Corse"
                  ],
                  "fr": [
                    "Corse"
                  ]
                },
                "insee": "94",
                "isPartOfCountry": {
                  "@id": "kb:France",
                  "@type": [
                    "schema:Country"
                  ],
                  "rdfs:label": {
                    "de": [
                      "Frankreich"
                    ],
                    "pt": [
                      "França"
                    ],
                    "en": [
                      "France"
                    ],
                    "it": [
                      "Francia"
                    ],
                    "fr": [
                      "France"
                    ],
                    "nl": [
                      "Frankrijk"
                    ],
                    "es": [
                      "Francia"
                    ]
                  }
                }
              }
            }
          }
        }
      ],
      "schema:geo": {
        "@id": "https://data.datatourisme.fr/99f023a0-ddfa-34da-a0f2-cf5dc60f5400",
        "schema:latitude": "42.568729",
        "schema:longitude": "8.75694",
        "@type": [
          "schema:GeoCoordinates"
        ]
      },
      "schema:openingHoursSpecification": [
        {
          "@id": "https://data.datatourisme.fr/74d74ffd-f5a9-3117-9fd8-45899593e336",
          "schema:validFrom": "2023-05-15T00:00:00",
          "schema:validThrough": "2023-10-31T23:59:59",
          "@type": [
            "schema:OpeningHoursSpecification"
          ],
          "additionalInformation": {
            "de": [
              "Unverbindliche Öffnungszeiten"
            ],
            "en": [
              "Indicative opening period"
            ],
            "it": [
              "Periodo di apertura indicativo"
            ],
            "fr": [
              "Période d'ouverture à titre indicatif"
            ],
            "es": [
              "Periodo de apertura indicativo"
            ],
            "nl": [
              "Indicatieve openingsperiode"
            ]
          },
          "hasTranslatedProperty": [
            {
              "@id": "https://data.datatourisme.fr/1861b2ae-4e46-36e8-9ac4-b91a857c48fc",
              "dc:contributor": [
                "https://api.deepl.com/v2/translate"
              ],
              "rdf:language": [
                "es"
              ],
              "rdf:predicate": [
                "additionalInformation"
              ]
            },
            {
              "@id": "https://data.datatourisme.fr/1c1eed99-fc08-3f14-8364-f32cea8f49f5",
              "dc:contributor": [
                "https://api.deepl.com/v2/translate"
              ],
              "rdf:language": [
                "nl"
              ],
              "rdf:predicate": [
                "additionalInformation"
              ]
            },
            {
              "@id": "https://data.datatourisme.fr/3cab84d3-20b3-35fe-9411-9dc8847d41f0",
              "dc:contributor": [
                "https://api.deepl.com/v2/translate"
              ],
              "rdf:language": [
                "de"
              ],
              "rdf:predicate": [
                "additionalInformation"
              ]
            },
            {
              "@id": "https://data.datatourisme.fr/718e849c-ed50-3516-ba12-76edf665f496",
              "dc:contributor": [
                "https://api.deepl.com/v2/translate"
              ],
              "rdf:language": [
                "it"
              ],
              "rdf:predicate": [
                "additionalInformation"
              ]
            },
            {
              "@id": "https://data.datatourisme.fr/a35d3286-930f-3c7f-b57e-0faed17b5ab5",
              "dc:contributor": [
                "https://api.deepl.com/v2/translate"
              ],
              "rdf:language": [
                "en"
              ],
              "rdf:predicate": [
                "additionalInformation"
              ]
            }
          ]
        }
      ],
      "@type": [
        "schema:Place",
        "Place"
      ]
    }
  ],
  "isOwnedBy": [
    {
      "@id": "https://data.datatourisme.fr/194c52e6-bbae-33dc-8464-caca97844fbb",
      "schema:email": [
        "info@balagne-corsica.com"
      ],
      "schema:legalName": "Office de Tourisme Intercommunal Calvi - Balagne",
      "@type": [
        "schema:Organization",
        "foaf:Agent",
        "Agent"
      ],
      "foaf:homepage": [
        "https://www.balagne-corsica.com/"
      ]
    }
  ],
  "lastUpdate": "2022-05-03",
  "lastUpdateDatatourisme": "2023-04-04T05:52:39.384Z",
  "offers": [
    {
      "@id": "https://data.datatourisme.fr/27981be2-6040-37ec-a832-cf3d0f4df98a",
      "schema:priceSpecification": [
        {
          "@id": "https://data.datatourisme.fr/e80ebf72-4ef7-3983-a66c-c6ff7c53e956",
          "schema:maxPrice": [
            "1.35",
            "279",
            "296",
            "440",
            "530"
          ],
          "schema:minPrice": [
            "1.35",
            "172",
            "189",
            "280",
            "370"
          ],
          "schema:priceCurrency": "EUR",
          "@type": [
            "schema:PriceSpecification",
            "PriceSpecification"
          ],
          "appliesOnPeriod": [
            {
              "@id": "https://data.datatourisme.fr/e7085281-a71a-3727-8e03-97a5c1faecf9",
              "@type": [
                "Period"
              ],
              "endDate": "2022-10-31",
              "startDate": "2022-05-15"
            }
          ]
        }
      ],
      "@type": [
        "schema:Offer",
        "Offer"
      ]
    }
  ]
}