{
  "@id": "https://data.datatourisme.fr/13/b78a43cd-be00-31fb-966f-bdfc4349bbec",
  "dc:identifier": "4995662",
  "@type": [
    "schema:LocalBusiness",
    "CraftsmanShop",
    "PlaceOfInterest",
    "PointOfInterest",
    "Store"
  ],
  "rdfs:comment": {
    "de": [
      "Herstellung von traditionellen Messern: Cornicciolu, Cursina, Temperinu... Kreation.\r\nEntdeckung und Verkauf im Geschäft \"le Clémenceau\", rue Clémenceau in Calvi."
    ],
    "en": [
      "Traditional knife workshop: Cornicciolu, Cursina, Temperinu, etc.\r\nOwn creations.\r\nAdmire or purchase them at \"Le Clémenceau\", a shop on Rue Clémenceau in Calvi."
    ],
    "it": [
      "Fabbricazione di coltelli tradizionali: Cornicciolu, Cursina, Temperinu? Creazione.\r\nScoperta e vendita presso il negozio \"le Clémenceau\", rue Clémenceau a Calvi."
    ],
    "fr": [
      "Fabrication de couteaux traditionnels : Cornicciolu, Cursina, Temperinu… Création.\r\nDécouverte et vente au magasin « le Clémenceau », rue Clémenceau à Calvi."
    ],
    "nl": [
      "Vervaardiging van traditionele messen: Cornicciolu, Cursina, Temperinu... Creatie.\r\nOntdekking en verkoop in de winkel \" le Clémenceau \", rue Clémenceau in Calvi."
    ],
    "es": [
      "Fabricación de cuchillos tradicionales: Cornicciolu, Cursina, Temperinu? Creación.\r\nDescubrimiento y venta en la tienda \"le Clémenceau\", rue Clémenceau en Calvi."
    ]
  },
  "rdfs:label": {
    "fr": [
      "Coutellerie Pol Demongeot"
    ]
  },
  "hasBeenCreatedBy": {
    "@id": "https://data.datatourisme.fr/13/e4873aa9-a05c-35ed-8395-61d121516766",
    "dc:identifier": "1646",
    "schema:email": [
      "info@balagne-corsica.com"
    ],
    "schema:legalName": "Office de Tourisme Intercommunal Calvi - Balagne",
    "@type": [
      "schema:Organization",
      "foaf:Agent",
      "Agent"
    ],
    "foaf:homepage": [
      "https://www.balagne-corsica.com/"
    ]
  },
  "hasBeenPublishedBy": [
    {
      "@id": "https://data.datatourisme.fr/8a9feb4b-2cbd-3d2c-b507-bd6c6776b23b",
      "schema:legalName": "Apidae Tourisme Scic SA - source : Apidae Tourisme",
      "@type": [
        "schema:Organization",
        "foaf:Agent",
        "Agent"
      ],
      "foaf:homepage": [
        "https://www.apidae-tourisme.com/"
      ]
    }
  ],
  "hasContact": [
    {
      "@id": "https://data.datatourisme.fr/1e8a791a-1566-3079-b7fe-5cef9503f98f",
      "schema:telephone": [
        "+33 4 95 65 32 54",
        "+33 6 12 10 14 66"
      ],
      "@type": [
        "foaf:Agent",
        "Agent"
      ],
      "foaf:homepage": [
        "http://routedesartisans.fr/artisan-dart/pol-demongeot"
      ]
    }
  ],
  "hasDescription": [
    {
      "@id": "https://data.datatourisme.fr/a26c195b-9bf8-3e64-952d-ba4caf3479e4",
      "@type": [
        "Description"
      ],
      "hasTranslatedProperty": [
        {
          "@id": "https://data.datatourisme.fr/48a257e6-79e7-3cdc-89a1-72db94794c2f",
          "dc:contributor": [
            "https://api.deepl.com/v2/translate"
          ],
          "rdf:language": [
            "de"
          ],
          "rdf:predicate": [
            "shortDescription"
          ]
        },
        {
          "@id": "https://data.datatourisme.fr/7cb60e8a-33c2-376c-8d9a-fe2319cb1ea4",
          "dc:contributor": [
            "https://api.deepl.com/v2/translate"
          ],
          "rdf:language": [
            "es"
          ],
          "rdf:predicate": [
            "shortDescription"
          ]
        },
        {
          "@id": "https://data.datatourisme.fr/9578657a-f06f-3545-919e-ae1db6a44ecb",
          "dc:contributor": [
            "https://api.deepl.com/v2/translate"
          ],
          "rdf:language": [
            "nl"
          ],
          "rdf:predicate": [
            "shortDescription"
          ]
        },
        {
          "@id": "https://data.datatourisme.fr/9ba7bec5-5316-3b2a-a718-900fa005e1d3",
          "dc:contributor": [
            "https://api.deepl.com/v2/translate"
          ],
          "rdf:language": [
            "it"
          ],
          "rdf:predicate": [
            "shortDescription"
          ]
        }
      ],
      "shortDescription": {
        "de": [
          "Herstellung von traditionellen Messern: Cornicciolu, Cursina, Temperinu... Kreation.\r\nEntdeckung und Verkauf im Geschäft \"le Clémenceau\", rue Clémenceau in Calvi."
        ],
        "en": [
          "Traditional knife workshop: Cornicciolu, Cursina, Temperinu, etc.\r\nOwn creations.\r\nAdmire or purchase them at \"Le Clémenceau\", a shop on Rue Clémenceau in Calvi."
        ],
        "it": [
          "Fabbricazione di coltelli tradizionali: Cornicciolu, Cursina, Temperinu? Creazione.\r\nScoperta e vendita presso il negozio \"le Clémenceau\", rue Clémenceau a Calvi."
        ],
        "fr": [
          "Fabrication de couteaux traditionnels : Cornicciolu, Cursina, Temperinu… Création.\r\nDécouverte et vente au magasin « le Clémenceau », rue Clémenceau à Calvi."
        ],
        "nl": [
          "Vervaardiging van traditionele messen: Cornicciolu, Cursina, Temperinu... Creatie.\r\nOntdekking en verkoop in de winkel \" le Clémenceau \", rue Clémenceau in Calvi."
        ],
        "es": [
          "Fabricación de cuchillos tradicionales: Cornicciolu, Cursina, Temperinu? Creación.\r\nDescubrimiento y venta en la tienda \"le Clémenceau\", rue Clémenceau en Calvi."
        ]
      }
    }
  ],
  "hasTranslatedProperty": [
    {
      "@id": "https://data.datatourisme.fr/4006eb70-c16c-3845-8010-8ba658768139",
      "dc:contributor": [
        "https://api.deepl.com/v2/translate"
      ],
      "rdf:language": [
        "es"
      ],
      "rdf:predicate": [
        {
          "@id": "rdfs:comment"
        }
      ]
    },
    {
      "@id": "https://data.datatourisme.fr/54158ca7-42c7-3dab-bb00-c3c000723d72",
      "dc:contributor": [
        "https://api.deepl.com/v2/translate"
      ],
      "rdf:language": [
        "it"
      ],
      "rdf:predicate": [
        {
          "@id": "rdfs:comment"
        }
      ]
    },
    {
      "@id": "https://data.datatourisme.fr/9d5a7ea6-a599-377f-9aad-fa2cdd0199c2",
      "dc:contributor": [
        "https://api.deepl.com/v2/translate"
      ],
      "rdf:language": [
        "de"
      ],
      "rdf:predicate": [
        {
          "@id": "rdfs:comment"
        }
      ]
    },
    {
      "@id": "https://data.datatourisme.fr/e32459ec-c79c-3c6f-afdf-c641643dbbdf",
      "dc:contributor": [
        "https://api.deepl.com/v2/translate"
      ],
      "rdf:language": [
        "nl"
      ],
      "rdf:predicate": [
        {
          "@id": "rdfs:comment"
        }
      ]
    }
  ],
  "isLocatedAt": [
    {
      "@id": "https://data.datatourisme.fr/802f9fe2-1a9c-346e-8eb0-c78c5df7bdbe",
      "schema:address": [
        {
          "@id": "https://data.datatourisme.fr/d05e692c-ed45-3c80-8950-f926f9a6a59d",
          "schema:addressLocality": "Calvi",
          "schema:postalCode": "20260",
          "schema:streetAddress": [
            "Fort Mozello"
          ],
          "@type": [
            "schema:PostalAddress",
            "PostalAddress"
          ],
          "hasAddressCity": {
            "@id": "kb:2B050",
            "@type": [
              "City"
            ],
            "rdfs:label": {
              "en": [
                "Calvi"
              ],
              "fr": [
                "Calvi"
              ]
            },
            "insee": "2B050",
            "isPartOfDepartment": {
              "@id": "kb:France942B",
              "@type": [
                "Department"
              ],
              "rdfs:label": {
                "en": [
                  "Haute-Corse"
                ],
                "fr": [
                  "Haute-Corse"
                ]
              },
              "insee": "2B",
              "isPartOfRegion": {
                "@id": "kb:France94",
                "@type": [
                  "Region"
                ],
                "rdfs:label": {
                  "en": [
                    "Corse"
                  ],
                  "fr": [
                    "Corse"
                  ]
                },
                "insee": "94",
                "isPartOfCountry": {
                  "@id": "kb:France",
                  "@type": [
                    "schema:Country"
                  ],
                  "rdfs:label": {
                    "de": [
                      "Frankreich"
                    ],
                    "pt": [
                      "França"
                    ],
                    "en": [
                      "France"
                    ],
                    "it": [
                      "Francia"
                    ],
                    "fr": [
                      "France"
                    ],
                    "nl": [
                      "Frankrijk"
                    ],
                    "es": [
                      "Francia"
                    ]
                  }
                }
              }
            }
          }
        }
      ],
      "schema:geo": {
        "@id": "https://data.datatourisme.fr/ff0b5eff-0298-3079-8c89-8e14cad9e8c0",
        "schema:latitude": "42.565994",
        "schema:longitude": "8.752626",
        "@type": [
          "schema:GeoCoordinates"
        ]
      },
      "schema:openingHoursSpecification": [
        {
          "@id": "https://data.datatourisme.fr/633af207-77b7-3296-a7c6-cd69b44c91a4",
          "schema:validFrom": "2023-01-01T00:00:00",
          "schema:validThrough": "2023-12-31T23:59:59",
          "@type": [
            "schema:OpeningHoursSpecification"
          ],
          "additionalInformation": {
            "de": [
              "Es ist ratsam, einen Termin zu vereinbaren"
            ],
            "en": [
              "It is advisable to make an appointment"
            ],
            "it": [
              "Si consiglia di fissare un appuntamento"
            ],
            "fr": [
              "Il est conseillé de prendre rendez-vous"
            ],
            "nl": [
              "Het is raadzaam om een afspraak te maken"
            ],
            "es": [
              "Es aconsejable concertar una cita"
            ]
          },
          "hasTranslatedProperty": [
            {
              "@id": "https://data.datatourisme.fr/3f081b79-4356-3d67-ba09-03465d6c384b",
              "dc:contributor": [
                "https://api.deepl.com/v2/translate"
              ],
              "rdf:language": [
                "es"
              ],
              "rdf:predicate": [
                "additionalInformation"
              ]
            },
            {
              "@id": "https://data.datatourisme.fr/51242759-757f-39c5-9d8f-f4de68196e03",
              "dc:contributor": [
                "https://api.deepl.com/v2/translate"
              ],
              "rdf:language": [
                "it"
              ],
              "rdf:predicate": [
                "additionalInformation"
              ]
            },
            {
              "@id": "https://data.datatourisme.fr/66f74f64-3f50-31a5-9bf7-27188fa68773",
              "dc:contributor": [
                "https://api.deepl.com/v2/translate"
              ],
              "rdf:language": [
                "nl"
              ],
              "rdf:predicate": [
                "additionalInformation"
              ]
            },
            {
              "@id": "https://data.datatourisme.fr/be9708b5-4697-3163-b642-6383cd0e2d6d",
              "dc:contributor": [
                "https://api.deepl.com/v2/translate"
              ],
              "rdf:language": [
                "de"
              ],
              "rdf:predicate": [
                "additionalInformation"
              ]
            },
            {
              "@id": "https://data.datatourisme.fr/c63a8fec-32d5-3939-896d-b199775c86db",
              "dc:contributor": [
                "https://api.deepl.com/v2/translate"
              ],
              "rdf:language": [
                "en"
              ],
              "rdf:predicate": [
                "additionalInformation"
              ]
            }
          ]
        }
      ],
      "@type": [
        "schema:Place",
        "Place"
      ]
    }
  ],
  "isOwnedBy": [
    {
      "@id": "https://data.datatourisme.fr/194c52e6-bbae-33dc-8464-caca97844fbb",
      "schema:email": [
        "info@balagne-corsica.com"
      ],
      "schema:legalName": "Office de Tourisme Intercommunal Calvi - Balagne",
      "@type": [
        "schema:Organization",
        "foaf:Agent",
        "Agent"
      ],
      "foaf:homepage": [
        "https://www.balagne-corsica.com/"
      ]
    }
  ],
  "lastUpdate": "2018-06-04",
  "lastUpdateDatatourisme": "2023-02-01T18:07:36.116Z"
}