{
  "@id": "https://data.datatourisme.fr/13/b707c543-ffc4-3822-9329-e1569042c600",
  "dc:identifier": "5321579",
  "@type": [
    "CulturalSite",
    "DefenceSite",
    "PlaceOfInterest",
    "PointOfInterest"
  ],
  "rdfs:comment": {
    "de": [
      "Diese ehemalige Militärfestung, deren Bau 1845 abgeschlossen wurde, wurde nach den Zeichnungen des Hauptmanns der Militäringenieure Esmenard errichtet."
    ],
    "en": [
      "Completed in 1845, this ancient military fort was built to the plans of Esmenard, the Military Engineers Captain."
    ],
    "it": [
      "Questo ex forte militare, la cui costruzione fu completata nel 1845, fu realizzato secondo i disegni del capitano Esmenard."
    ],
    "fr": [
      "Cet ancien fort militaire dont la construction s'est achevée en 1845, a été bâti d'après les dessins du Capitaine de Génie Militaire Esmenard."
    ],
    "es": [
      "Este antiguo fuerte militar, cuya construcción finalizó en 1845, fue construido según los planos del capitán Esmenard."
    ],
    "nl": [
      "Dit voormalige militaire fort, waarvan de bouw werd voltooid in 1845, werd gebouwd volgens de tekeningen van kapitein Esmenard."
    ]
  },
  "rdfs:label": {
    "en": [
      "Fort Torretta - Fort Charlet"
    ],
    "it": [
      "Forte Torretta - Forte Charlet"
    ],
    "fr": [
      "Fort Torretta - Fort Charlet"
    ]
  },
  "hasBeenCreatedBy": {
    "@id": "https://data.datatourisme.fr/13/e4873aa9-a05c-35ed-8395-61d121516766",
    "dc:identifier": "1646",
    "schema:email": [
      "info@balagne-corsica.com"
    ],
    "schema:legalName": "Office de Tourisme Intercommunal Calvi - Balagne",
    "@type": [
      "schema:Organization",
      "foaf:Agent",
      "Agent"
    ],
    "foaf:homepage": [
      "https://www.balagne-corsica.com/"
    ]
  },
  "hasBeenPublishedBy": [
    {
      "@id": "https://data.datatourisme.fr/8a9feb4b-2cbd-3d2c-b507-bd6c6776b23b",
      "schema:legalName": "Apidae Tourisme Scic SA - source : Apidae Tourisme",
      "@type": [
        "schema:Organization",
        "foaf:Agent",
        "Agent"
      ],
      "foaf:homepage": [
        "https://www.apidae-tourisme.com/"
      ]
    }
  ],
  "hasContact": [
    {
      "@id": "https://data.datatourisme.fr/8c83cdfd-2611-32a7-bc86-f991b40ce9fc",
      "schema:email": [
        "contact@corse.fr"
      ],
      "schema:telephone": [
        "+33 4 20 03 94 75",
        "+33 4 95 51 64 64"
      ],
      "@type": [
        "foaf:Agent",
        "Agent"
      ],
      "foaf:homepage": [
        "https://www.corse.fr/",
        "https://www.isula.corsica/"
      ]
    }
  ],
  "hasDescription": [
    {
      "@id": "https://data.datatourisme.fr/a502e3e2-3f85-3485-9f79-52a625abdd2d",
      "@type": [
        "Description"
      ],
      "hasTranslatedProperty": [
        {
          "@id": "https://data.datatourisme.fr/124282dc-6da0-375a-921b-9487ba978775",
          "dc:contributor": [
            "https://api.deepl.com/v2/translate"
          ],
          "rdf:language": [
            "nl"
          ],
          "rdf:predicate": [
            "shortDescription"
          ]
        },
        {
          "@id": "https://data.datatourisme.fr/b9da8397-ba10-361f-8f16-37393ed76e26",
          "dc:contributor": [
            "https://api.deepl.com/v2/translate"
          ],
          "rdf:language": [
            "es"
          ],
          "rdf:predicate": [
            "shortDescription"
          ]
        },
        {
          "@id": "https://data.datatourisme.fr/caf804d9-28c4-3245-866e-c55336823f96",
          "dc:contributor": [
            "https://api.deepl.com/v2/translate"
          ],
          "rdf:language": [
            "de"
          ],
          "rdf:predicate": [
            "shortDescription"
          ]
        }
      ],
      "shortDescription": {
        "de": [
          "Diese ehemalige Militärfestung, deren Bau 1845 abgeschlossen wurde, wurde nach den Zeichnungen des Hauptmanns der Militäringenieure Esmenard errichtet."
        ],
        "en": [
          "Completed in 1845, this ancient military fort was built to the plans of Esmenard, the Military Engineers Captain."
        ],
        "it": [
          "Questo ex forte militare, la cui costruzione fu completata nel 1845, fu realizzato secondo i disegni del capitano Esmenard."
        ],
        "fr": [
          "Cet ancien fort militaire dont la construction s'est achevée en 1845, a été bâti d'après les dessins du Capitaine de Génie Militaire Esmenard."
        ],
        "es": [
          "Este antiguo fuerte militar, cuya construcción finalizó en 1845, fue construido según los planos del capitán Esmenard."
        ],
        "nl": [
          "Dit voormalige militaire fort, waarvan de bouw werd voltooid in 1845, werd gebouwd volgens de tekeningen van kapitein Esmenard."
        ]
      }
    }
  ],
  "hasTheme": [
    {
      "@id": "kb:Culture",
      "@type": [
        "CulturalTheme"
      ],
      "rdfs:label": {
        "de": [
          "Kultur"
        ],
        "pt": [
          "Cultura"
        ],
        "en": [
          "Culture"
        ],
        "it": [
          "Cultura"
        ],
        "fr": [
          "Culture"
        ],
        "nl": [
          "Cultuur"
        ],
        "es": [
          "Cultura"
        ]
      }
    }
  ],
  "hasTranslatedProperty": [
    {
      "@id": "https://data.datatourisme.fr/231c26dd-64a0-34d0-addd-1f7f41b6be56",
      "dc:contributor": [
        "https://api.deepl.com/v2/translate"
      ],
      "rdf:language": [
        "nl"
      ],
      "rdf:predicate": [
        {
          "@id": "rdfs:comment"
        }
      ]
    },
    {
      "@id": "https://data.datatourisme.fr/6cef9099-ba65-3592-863f-cde658cf3065",
      "dc:contributor": [
        "https://api.deepl.com/v2/translate"
      ],
      "rdf:language": [
        "de"
      ],
      "rdf:predicate": [
        {
          "@id": "rdfs:comment"
        }
      ]
    },
    {
      "@id": "https://data.datatourisme.fr/848d8acc-eadf-3dea-8f38-d68726fbb435",
      "dc:contributor": [
        "https://api.deepl.com/v2/translate"
      ],
      "rdf:language": [
        "es"
      ],
      "rdf:predicate": [
        {
          "@id": "rdfs:comment"
        }
      ]
    }
  ],
  "isLocatedAt": [
    {
      "@id": "https://data.datatourisme.fr/644e19a2-bae8-3716-b055-3e3646f235b0",
      "schema:address": [
        {
          "@id": "https://data.datatourisme.fr/017c8ee5-d036-35a4-abf1-0acfaa1ed046",
          "schema:addressLocality": "Calvi",
          "schema:postalCode": "20260",
          "schema:streetAddress": [
            "Avenue du Commandant Marche",
            "Centre de Conservation et de Restauration du Patrimoine Mobilier de Corse"
          ],
          "@type": [
            "schema:PostalAddress",
            "PostalAddress"
          ],
          "hasAddressCity": {
            "@id": "kb:2B050",
            "@type": [
              "City"
            ],
            "rdfs:label": {
              "en": [
                "Calvi"
              ],
              "fr": [
                "Calvi"
              ]
            },
            "insee": "2B050",
            "isPartOfDepartment": {
              "@id": "kb:France942B",
              "@type": [
                "Department"
              ],
              "rdfs:label": {
                "en": [
                  "Haute-Corse"
                ],
                "fr": [
                  "Haute-Corse"
                ]
              },
              "insee": "2B",
              "isPartOfRegion": {
                "@id": "kb:France94",
                "@type": [
                  "Region"
                ],
                "rdfs:label": {
                  "en": [
                    "Corse"
                  ],
                  "fr": [
                    "Corse"
                  ]
                },
                "insee": "94",
                "isPartOfCountry": {
                  "@id": "kb:France",
                  "@type": [
                    "schema:Country"
                  ],
                  "rdfs:label": {
                    "de": [
                      "Frankreich"
                    ],
                    "pt": [
                      "França"
                    ],
                    "en": [
                      "France"
                    ],
                    "it": [
                      "Francia"
                    ],
                    "fr": [
                      "France"
                    ],
                    "nl": [
                      "Frankrijk"
                    ],
                    "es": [
                      "Francia"
                    ]
                  }
                }
              }
            }
          }
        }
      ],
      "schema:geo": {
        "@id": "https://data.datatourisme.fr/fd9c3c2f-4542-3334-837f-b8556dd3fed8",
        "schema:latitude": "42.566671",
        "schema:longitude": "8.751931",
        "@type": [
          "schema:GeoCoordinates"
        ]
      },
      "schema:openingHoursSpecification": [
        {
          "@id": "https://data.datatourisme.fr/e15413a3-3b7e-3199-a7e4-ffa2aaa6bc70",
          "schema:validFrom": "2023-01-01T00:00:00",
          "schema:validThrough": "2023-12-31T23:59:59",
          "@type": [
            "schema:OpeningHoursSpecification"
          ],
          "additionalInformation": {
            "de": [
              "Für die Öffentlichkeit nur am Freitag geöffnet.\r\nJährliche Schließung vom 20. Dezember bis 10. Januar"
            ],
            "en": [
              "Open to the public on Fridays only.\r\nAnnual closing from December 20 to January 10"
            ],
            "it": [
              "Aperto al pubblico solo il venerdì.\r\nChiusura annuale dal 20 dicembre al 10 gennaio"
            ],
            "fr": [
              "Ouverture au public le vendredi uniquement.\r\nFermeture annuelle du 20 décembre au 10 janvier"
            ],
            "nl": [
              "Alleen op vrijdag open voor publiek.\r\nJaarlijkse sluiting van 20 december tot 10 januari"
            ],
            "es": [
              "Abierto al público sólo el viernes.\r\nCierre anual del 20 de diciembre al 10 de enero"
            ]
          },
          "hasTranslatedProperty": [
            {
              "@id": "https://data.datatourisme.fr/0707bc53-d3b1-3ef2-b555-1ac4dd46e240",
              "dc:contributor": [
                "https://api.deepl.com/v2/translate"
              ],
              "rdf:language": [
                "it"
              ],
              "rdf:predicate": [
                "additionalInformation"
              ]
            },
            {
              "@id": "https://data.datatourisme.fr/3fc256cd-4619-33e3-a250-42f2be55f908",
              "dc:contributor": [
                "https://api.deepl.com/v2/translate"
              ],
              "rdf:language": [
                "en"
              ],
              "rdf:predicate": [
                "additionalInformation"
              ]
            },
            {
              "@id": "https://data.datatourisme.fr/43ecbc51-d69d-3d61-8ae3-a8c592e1ab5e",
              "dc:contributor": [
                "https://api.deepl.com/v2/translate"
              ],
              "rdf:language": [
                "de"
              ],
              "rdf:predicate": [
                "additionalInformation"
              ]
            },
            {
              "@id": "https://data.datatourisme.fr/45c23fbd-cfa2-3f27-af47-6529d54b2fd2",
              "dc:contributor": [
                "https://api.deepl.com/v2/translate"
              ],
              "rdf:language": [
                "nl"
              ],
              "rdf:predicate": [
                "additionalInformation"
              ]
            },
            {
              "@id": "https://data.datatourisme.fr/ccb79bb0-810f-389e-9a39-03deb63394cb",
              "dc:contributor": [
                "https://api.deepl.com/v2/translate"
              ],
              "rdf:language": [
                "es"
              ],
              "rdf:predicate": [
                "additionalInformation"
              ]
            }
          ]
        }
      ],
      "@type": [
        "schema:Place",
        "Place"
      ]
    }
  ],
  "isOwnedBy": [
    {
      "@id": "https://data.datatourisme.fr/194c52e6-bbae-33dc-8464-caca97844fbb",
      "schema:email": [
        "info@balagne-corsica.com"
      ],
      "schema:legalName": "Office de Tourisme Intercommunal Calvi - Balagne",
      "@type": [
        "schema:Organization",
        "foaf:Agent",
        "Agent"
      ],
      "foaf:homepage": [
        "https://www.balagne-corsica.com/"
      ]
    }
  ],
  "lastUpdate": "2022-08-03",
  "lastUpdateDatatourisme": "2023-02-22T06:42:37.741Z"
}