{
  "@id": "https://data.datatourisme.fr/13/4a887623-187c-30fd-8637-d97c06a87881",
  "dc:identifier": "5240146",
  "@type": [
    "schema:FoodEstablishment",
    "FoodEstablishment",
    "PlaceOfInterest",
    "PointOfInterest"
  ],
  "rdfs:comment": {
    "de": [
      "Bistronomisches Restaurant im Herzen der Stadt Porto-Vecchio."
    ],
    "en": [
      "Bistronomic restaurant located in the heart of the city of Porto-Vecchio."
    ],
    "it": [
      "Ristorante gastronomico situato nel cuore della città di Porto-Vecchio."
    ],
    "fr": [
      "Au cœur de la ville, café contemporain à l'atmosphère feutrée proposant une cuisine de qualité entre tradition et modernité à base de produits frais et faits maison, pizza. Carte de snacking disponible de 14h30 à 17h30, d'avril à octobre."
    ],
    "es": [
      "En el corazón de la ciudad, un café contemporáneo con un ambiente acogedor, que ofrece una cocina de calidad que combina tradición y modernidad, con productos frescos y caseros y pizza. Menú de aperitivos disponible de 14.30 a 17.30, de abril a octubre."
    ],
    "nl": [
      "Bistronomisch restaurant gelegen in het hart van de stad Porto-Vecchio."
    ]
  },
  "rdfs:label": {
    "fr": [
      "Le Parvis"
    ]
  },
  "hasBeenCreatedBy": {
    "@id": "https://data.datatourisme.fr/13/84c6494d-3085-3c63-a55c-db8cb047fadd",
    "dc:identifier": "1738",
    "schema:email": [
      "camillef.omt@gmail.com",
      "direction@destination-sudcorse.com",
      "gestion@destination-sudcorse.com",
      "promotion@destination-sudcorse.com",
      "webmaster@destination-sudcorse.com"
    ],
    "schema:legalName": "Porto Vecchio Tourisme",
    "@type": [
      "schema:Organization",
      "foaf:Agent",
      "Agent"
    ],
    "foaf:homepage": [
      "http://www.ot-portovecchio.com/"
    ]
  },
  "hasBeenPublishedBy": [
    {
      "@id": "https://data.datatourisme.fr/8a9feb4b-2cbd-3d2c-b507-bd6c6776b23b",
      "schema:legalName": "Apidae Tourisme Scic SA - source : Apidae Tourisme",
      "@type": [
        "schema:Organization",
        "foaf:Agent",
        "Agent"
      ],
      "foaf:homepage": [
        "https://www.apidae-tourisme.com/"
      ]
    }
  ],
  "hasContact": [
    {
      "@id": "https://data.datatourisme.fr/b888257a-56f0-3da1-ba96-b503e57c7fff",
      "schema:email": [
        "leparvis-portovecchio@orange.fr"
      ],
      "schema:telephone": [
        "+33 4 95 26 29 52"
      ],
      "@type": [
        "foaf:Agent",
        "Agent"
      ]
    }
  ],
  "hasDescription": [
    {
      "@id": "https://data.datatourisme.fr/6649ef43-8b79-30aa-969c-e3ea7459090d",
      "@type": [
        "Description"
      ],
      "hasTranslatedProperty": [
        {
          "@id": "https://data.datatourisme.fr/2a8c7830-5dae-3b22-ad55-8ebc70293cff",
          "dc:contributor": [
            "https://api.deepl.com/v2/translate"
          ],
          "rdf:language": [
            "es"
          ],
          "rdf:predicate": [
            "shortDescription"
          ]
        }
      ],
      "shortDescription": {
        "de": [
          "Bistronomisches Restaurant im Herzen der Stadt Porto-Vecchio."
        ],
        "en": [
          "Bistronomic restaurant located in the heart of the city of Porto-Vecchio."
        ],
        "it": [
          "Ristorante gastronomico situato nel cuore della città di Porto-Vecchio."
        ],
        "fr": [
          "Au cœur de la ville, café contemporain à l'atmosphère feutrée proposant une cuisine de qualité entre tradition et modernité à base de produits frais et faits maison, pizza. Carte de snacking disponible de 14h30 à 17h30, d'avril à octobre."
        ],
        "es": [
          "En el corazón de la ciudad, un café contemporáneo con un ambiente acogedor, que ofrece una cocina de calidad que combina tradición y modernidad, con productos frescos y caseros y pizza. Menú de aperitivos disponible de 14.30 a 17.30, de abril a octubre."
        ],
        "nl": [
          "Bistronomisch restaurant gelegen in het hart van de stad Porto-Vecchio."
        ]
      }
    }
  ],
  "hasTranslatedProperty": [
    {
      "@id": "https://data.datatourisme.fr/fe640080-23b4-397c-809e-f97301850a5b",
      "dc:contributor": [
        "https://api.deepl.com/v2/translate"
      ],
      "rdf:language": [
        "es"
      ],
      "rdf:predicate": [
        {
          "@id": "rdfs:comment"
        }
      ]
    }
  ],
  "isLocatedAt": [
    {
      "@id": "https://data.datatourisme.fr/3d8c4a5e-3249-3596-be8e-bcde22ad4ab3",
      "schema:address": [
        {
          "@id": "https://data.datatourisme.fr/169a5e95-3b1e-3501-bb82-9e04de447850",
          "schema:addressLocality": "Porto-Vecchio",
          "schema:postalCode": "20137",
          "schema:streetAddress": [
            "12 cours Napoléon"
          ],
          "@type": [
            "schema:PostalAddress",
            "PostalAddress"
          ],
          "hasAddressCity": {
            "@id": "kb:2A247",
            "@type": [
              "City"
            ],
            "rdfs:label": {
              "en": [
                "Porto-Vecchio"
              ],
              "fr": [
                "Porto-Vecchio"
              ]
            },
            "insee": "2A247",
            "isPartOfDepartment": {
              "@id": "kb:France942A",
              "@type": [
                "Department"
              ],
              "rdfs:label": {
                "en": [
                  "Corse-du-Sud"
                ],
                "fr": [
                  "Corse-du-Sud"
                ]
              },
              "insee": "2A",
              "isPartOfRegion": {
                "@id": "kb:France94",
                "@type": [
                  "Region"
                ],
                "rdfs:label": {
                  "en": [
                    "Corse"
                  ],
                  "fr": [
                    "Corse"
                  ]
                },
                "insee": "94",
                "isPartOfCountry": {
                  "@id": "kb:France",
                  "@type": [
                    "schema:Country"
                  ],
                  "rdfs:label": {
                    "de": [
                      "Frankreich"
                    ],
                    "pt": [
                      "França"
                    ],
                    "en": [
                      "France"
                    ],
                    "it": [
                      "Francia"
                    ],
                    "fr": [
                      "France"
                    ],
                    "nl": [
                      "Frankrijk"
                    ],
                    "es": [
                      "Francia"
                    ]
                  }
                }
              }
            }
          }
        }
      ],
      "schema:geo": {
        "@id": "https://data.datatourisme.fr/f6651b81-123d-335e-8d04-85c43072dd33",
        "schema:latitude": "41.591",
        "schema:longitude": "9.2795",
        "@type": [
          "schema:GeoCoordinates"
        ]
      },
      "schema:openingHoursSpecification": [
        {
          "@id": "https://data.datatourisme.fr/f87e535a-636d-3343-ad63-8a03392e7511",
          "schema:validFrom": "2023-01-01T00:00:00",
          "schema:validThrough": "2023-12-31T23:59:59",
          "@type": [
            "schema:OpeningHoursSpecification"
          ]
        }
      ],
      "@type": [
        "schema:Place",
        "Place"
      ]
    }
  ],
  "isOwnedBy": [
    {
      "@id": "https://data.datatourisme.fr/f5f950f9-5eec-32b4-a357-2c969ccf4068",
      "schema:email": [
        "camillef.omt@gmail.com",
        "direction@destination-sudcorse.com",
        "gestion@destination-sudcorse.com",
        "promotion@destination-sudcorse.com",
        "webmaster@destination-sudcorse.com"
      ],
      "schema:legalName": "Porto Vecchio Tourisme",
      "@type": [
        "schema:Organization",
        "foaf:Agent",
        "Agent"
      ],
      "foaf:homepage": [
        "http://www.ot-portovecchio.com/"
      ]
    }
  ],
  "lastUpdate": "2023-02-20",
  "lastUpdateDatatourisme": "2023-02-21T06:40:31.619Z",
  "offers": [
    {
      "@id": "https://data.datatourisme.fr/8304e09c-43ec-3b2a-b63a-6f630d449b4a",
      "schema:priceSpecification": [
        {
          "@id": "https://data.datatourisme.fr/b72f96ac-d609-3e3d-9c12-f830dd027f36",
          "schema:minPrice": [
            "16"
          ],
          "schema:priceCurrency": "EUR",
          "@type": [
            "schema:PriceSpecification",
            "PriceSpecification"
          ],
          "appliesOnPeriod": [
            {
              "@id": "https://data.datatourisme.fr/a425afdf-3594-300b-b55e-1858bafa3fd4",
              "@type": [
                "Period"
              ],
              "endDate": "2023-12-31",
              "startDate": "2023-01-01"
            }
          ]
        }
      ],
      "@type": [
        "schema:Offer",
        "Offer"
      ]
    }
  ]
}