{
  "@id": "https://data.datatourisme.fr/13/072540af-fcf5-3786-a07f-d9fc79072789",
  "dc:identifier": "5444106",
  "@type": [
    "schema:Accommodation",
    "schema:LodgingBusiness",
    "Accommodation",
    "Camping",
    "CampingAndCaravanning",
    "PlaceOfInterest",
    "PointOfInterest"
  ],
  "rdfs:comment": {
    "de": [
      "Inmitten seines 28 Hektar großen Anwesens mit Pinienwäldern und ideal am Meer gelegen, bietet der Campingplatz Golfo di Signo Sonnenanbetern und Frischluftfanatikern einen traumhaften Ort für einen Urlaub in aller Ruhe."
    ],
    "en": [
      "In the heart of its 28 hectares of pine forest and ideally located by the sea, the Golfo di Signo campsite offers sun lovers and outdoor enthusiasts a dream location for a holiday in complete tranquillity."
    ],
    "it": [
      "Nel cuore dei suoi 28 ettari di pineta e in posizione ideale sul mare, il campeggio Golfo di Signo offre agli amanti del sole e delle attività all'aria aperta un luogo da sogno per una vacanza tranquilla."
    ],
    "fr": [
      "Au cœur de son domaine de 28 hectares de pinède et idéalement situé en bord de mer, le camping Golfo di Signo offre aux amateurs de soleil et de grand air un endroit rêvé pour des vacances en toute tranquillité."
    ],
    "nl": [
      "In het hart van zijn 28 hectare dennenbos en ideaal gelegen aan zee, biedt de camping Golfo di Signo zonaanbidders en liefhebbers van het buitenleven een droomlocatie voor een rustige vakantie."
    ],
    "es": [
      "En el corazón de sus 28 hectáreas de pinar y con una ubicación ideal junto al mar, el camping Golfo di Signo ofrece a los amantes del sol y de las actividades al aire libre un lugar de ensueño para pasar unas vacaciones tranquilas."
    ]
  },
  "rdfs:label": {
    "fr": [
      "Golfo di Sogno"
    ]
  },
  "hasBeenCreatedBy": {
    "@id": "https://data.datatourisme.fr/13/84c6494d-3085-3c63-a55c-db8cb047fadd",
    "dc:identifier": "1738",
    "schema:email": [
      "camillef.omt@gmail.com",
      "direction@destination-sudcorse.com",
      "gestion@destination-sudcorse.com",
      "promotion@destination-sudcorse.com",
      "webmaster@destination-sudcorse.com"
    ],
    "schema:legalName": "Porto Vecchio Tourisme",
    "@type": [
      "schema:Organization",
      "foaf:Agent",
      "Agent"
    ],
    "foaf:homepage": [
      "http://www.ot-portovecchio.com/"
    ]
  },
  "hasBeenPublishedBy": [
    {
      "@id": "https://data.datatourisme.fr/8a9feb4b-2cbd-3d2c-b507-bd6c6776b23b",
      "schema:legalName": "Apidae Tourisme Scic SA - source : Apidae Tourisme",
      "@type": [
        "schema:Organization",
        "foaf:Agent",
        "Agent"
      ],
      "foaf:homepage": [
        "https://www.apidae-tourisme.com/"
      ]
    }
  ],
  "hasContact": [
    {
      "@id": "https://data.datatourisme.fr/c3700a81-aec3-3e98-a401-f867fba0a65a",
      "schema:email": [
        "contact@golfo-di-sogno.fr"
      ],
      "schema:telephone": [
        "+33 4 95 70 08 98"
      ],
      "@type": [
        "foaf:Agent",
        "Agent"
      ],
      "foaf:homepage": [
        "https://www.golfo-di-sogno.fr/"
      ]
    }
  ],
  "hasDescription": [
    {
      "@id": "https://data.datatourisme.fr/b9840a6c-7014-366c-884e-9e092b1ab93a",
      "@type": [
        "Description"
      ],
      "hasTranslatedProperty": [
        {
          "@id": "https://data.datatourisme.fr/439ea5a9-e802-3148-b8d7-5642adc4a553",
          "dc:contributor": [
            "https://api.deepl.com/v2/translate"
          ],
          "rdf:language": [
            "it"
          ],
          "rdf:predicate": [
            "shortDescription"
          ]
        },
        {
          "@id": "https://data.datatourisme.fr/5a72bd2b-e3e6-3051-a923-d1d5001bf49a",
          "dc:contributor": [
            "https://api.deepl.com/v2/translate"
          ],
          "rdf:language": [
            "en"
          ],
          "rdf:predicate": [
            "shortDescription"
          ]
        },
        {
          "@id": "https://data.datatourisme.fr/ae57ac25-8c3b-3264-aa75-b72f22a9f5f6",
          "dc:contributor": [
            "https://api.deepl.com/v2/translate"
          ],
          "rdf:language": [
            "nl"
          ],
          "rdf:predicate": [
            "shortDescription"
          ]
        },
        {
          "@id": "https://data.datatourisme.fr/b9fdd3bc-cd94-3769-adba-c11fc6495f05",
          "dc:contributor": [
            "https://api.deepl.com/v2/translate"
          ],
          "rdf:language": [
            "de"
          ],
          "rdf:predicate": [
            "shortDescription"
          ]
        },
        {
          "@id": "https://data.datatourisme.fr/f33d2e21-db01-3997-8905-3231129dbb71",
          "dc:contributor": [
            "https://api.deepl.com/v2/translate"
          ],
          "rdf:language": [
            "es"
          ],
          "rdf:predicate": [
            "shortDescription"
          ]
        }
      ],
      "shortDescription": {
        "de": [
          "Inmitten seines 28 Hektar großen Anwesens mit Pinienwäldern und ideal am Meer gelegen, bietet der Campingplatz Golfo di Signo Sonnenanbetern und Frischluftfanatikern einen traumhaften Ort für einen Urlaub in aller Ruhe."
        ],
        "en": [
          "In the heart of its 28 hectares of pine forest and ideally located by the sea, the Golfo di Signo campsite offers sun lovers and outdoor enthusiasts a dream location for a holiday in complete tranquillity."
        ],
        "it": [
          "Nel cuore dei suoi 28 ettari di pineta e in posizione ideale sul mare, il campeggio Golfo di Signo offre agli amanti del sole e delle attività all'aria aperta un luogo da sogno per una vacanza tranquilla."
        ],
        "fr": [
          "Au cœur de son domaine de 28 hectares de pinède et idéalement situé en bord de mer, le camping Golfo di Signo offre aux amateurs de soleil et de grand air un endroit rêvé pour des vacances en toute tranquillité."
        ],
        "nl": [
          "In het hart van zijn 28 hectare dennenbos en ideaal gelegen aan zee, biedt de camping Golfo di Signo zonaanbidders en liefhebbers van het buitenleven een droomlocatie voor een rustige vakantie."
        ],
        "es": [
          "En el corazón de sus 28 hectáreas de pinar y con una ubicación ideal junto al mar, el camping Golfo di Signo ofrece a los amantes del sol y de las actividades al aire libre un lugar de ensueño para pasar unas vacaciones tranquilas."
        ]
      }
    }
  ],
  "hasTranslatedProperty": [
    {
      "@id": "https://data.datatourisme.fr/16b841e7-09a9-3973-98c8-9d8a1329af4f",
      "dc:contributor": [
        "https://api.deepl.com/v2/translate"
      ],
      "rdf:language": [
        "de"
      ],
      "rdf:predicate": [
        {
          "@id": "rdfs:comment"
        }
      ]
    },
    {
      "@id": "https://data.datatourisme.fr/27d0efb4-ee0d-31f1-9027-5c15036cfe4f",
      "dc:contributor": [
        "https://api.deepl.com/v2/translate"
      ],
      "rdf:language": [
        "it"
      ],
      "rdf:predicate": [
        {
          "@id": "rdfs:comment"
        }
      ]
    },
    {
      "@id": "https://data.datatourisme.fr/65b63bfa-4c13-302d-b789-c3e62b66fc4f",
      "dc:contributor": [
        "https://api.deepl.com/v2/translate"
      ],
      "rdf:language": [
        "es"
      ],
      "rdf:predicate": [
        {
          "@id": "rdfs:comment"
        }
      ]
    },
    {
      "@id": "https://data.datatourisme.fr/d303495f-e9be-3600-91ad-df2015246335",
      "dc:contributor": [
        "https://api.deepl.com/v2/translate"
      ],
      "rdf:language": [
        "en"
      ],
      "rdf:predicate": [
        {
          "@id": "rdfs:comment"
        }
      ]
    },
    {
      "@id": "https://data.datatourisme.fr/d98721e6-5501-3c23-8477-4902b7c361fb",
      "dc:contributor": [
        "https://api.deepl.com/v2/translate"
      ],
      "rdf:language": [
        "nl"
      ],
      "rdf:predicate": [
        {
          "@id": "rdfs:comment"
        }
      ]
    }
  ],
  "isLocatedAt": [
    {
      "@id": "https://data.datatourisme.fr/ab51e035-cf17-31e5-95a7-488f69c421c0",
      "schema:address": [
        {
          "@id": "https://data.datatourisme.fr/df88a9e9-53f9-3c2b-8f77-a1a65fdcdaef",
          "schema:addressLocality": "Porto-Vecchio",
          "schema:postalCode": "20137",
          "schema:streetAddress": [
            "Lieu dit Stagnolo"
          ],
          "@type": [
            "schema:PostalAddress",
            "PostalAddress"
          ],
          "hasAddressCity": {
            "@id": "kb:2A247",
            "@type": [
              "City"
            ],
            "rdfs:label": {
              "en": [
                "Porto-Vecchio"
              ],
              "fr": [
                "Porto-Vecchio"
              ]
            },
            "insee": "2A247",
            "isPartOfDepartment": {
              "@id": "kb:France942A",
              "@type": [
                "Department"
              ],
              "rdfs:label": {
                "en": [
                  "Corse-du-Sud"
                ],
                "fr": [
                  "Corse-du-Sud"
                ]
              },
              "insee": "2A",
              "isPartOfRegion": {
                "@id": "kb:France94",
                "@type": [
                  "Region"
                ],
                "rdfs:label": {
                  "en": [
                    "Corse"
                  ],
                  "fr": [
                    "Corse"
                  ]
                },
                "insee": "94",
                "isPartOfCountry": {
                  "@id": "kb:France",
                  "@type": [
                    "schema:Country"
                  ],
                  "rdfs:label": {
                    "de": [
                      "Frankreich"
                    ],
                    "pt": [
                      "França"
                    ],
                    "en": [
                      "France"
                    ],
                    "it": [
                      "Francia"
                    ],
                    "fr": [
                      "France"
                    ],
                    "nl": [
                      "Frankrijk"
                    ],
                    "es": [
                      "Francia"
                    ]
                  }
                }
              }
            }
          }
        }
      ],
      "schema:geo": {
        "@id": "https://data.datatourisme.fr/38c97665-3d4c-3faf-9570-ef35e887aedd",
        "schema:latitude": "41.630087",
        "schema:longitude": "9.312565",
        "@type": [
          "schema:GeoCoordinates"
        ]
      },
      "schema:openingHoursSpecification": [
        {
          "@id": "https://data.datatourisme.fr/c0cefff9-fe12-360d-a232-1f5bdee6aae8",
          "schema:validFrom": "2023-04-30T00:00:00",
          "schema:validThrough": "2023-09-29T23:59:59",
          "@type": [
            "schema:OpeningHoursSpecification"
          ],
          "additionalInformation": {
            "de": [
              "Montag, Dienstag, Mittwoch, Donnerstag, Freitag, Samstag, Sonntag: offen"
            ],
            "en": [
              "Monday, Tuesday, Wednesday, Thursday, Friday, Saturday, Sunday: open"
            ],
            "it": [
              "Lunedì, martedì, mercoledì, giovedì, venerdì, sabato, domenica: aperto"
            ],
            "fr": [
              "Lundi, Mardi, Mercredi, Jeudi, Vendredi, Samedi, Dimanche : ouvert"
            ],
            "nl": [
              "Maandag, dinsdag, woensdag, donderdag, vrijdag, zaterdag, zondag: open"
            ],
            "es": [
              "Lunes, martes, miércoles, jueves, viernes, sábado y domingo: abierto"
            ]
          },
          "hasTranslatedProperty": [
            {
              "@id": "https://data.datatourisme.fr/1267f142-9aa1-3b61-980d-2ec6bb025806",
              "dc:contributor": [
                "https://api.deepl.com/v2/translate"
              ],
              "rdf:language": [
                "it"
              ],
              "rdf:predicate": [
                "additionalInformation"
              ]
            },
            {
              "@id": "https://data.datatourisme.fr/23557fc5-1112-37f7-a40b-905cb6eadda9",
              "dc:contributor": [
                "https://api.deepl.com/v2/translate"
              ],
              "rdf:language": [
                "en"
              ],
              "rdf:predicate": [
                "additionalInformation"
              ]
            },
            {
              "@id": "https://data.datatourisme.fr/9af89882-886c-3553-ab94-f581656732df",
              "dc:contributor": [
                "https://api.deepl.com/v2/translate"
              ],
              "rdf:language": [
                "de"
              ],
              "rdf:predicate": [
                "additionalInformation"
              ]
            },
            {
              "@id": "https://data.datatourisme.fr/b2ac3496-20bf-3af3-ace7-73d9389dcf05",
              "dc:contributor": [
                "https://api.deepl.com/v2/translate"
              ],
              "rdf:language": [
                "nl"
              ],
              "rdf:predicate": [
                "additionalInformation"
              ]
            },
            {
              "@id": "https://data.datatourisme.fr/e2ee60de-d9f4-3c72-bff5-2ea01a62229d",
              "dc:contributor": [
                "https://api.deepl.com/v2/translate"
              ],
              "rdf:language": [
                "es"
              ],
              "rdf:predicate": [
                "additionalInformation"
              ]
            }
          ]
        }
      ],
      "@type": [
        "schema:Place",
        "Place"
      ]
    }
  ],
  "isOwnedBy": [
    {
      "@id": "https://data.datatourisme.fr/f5f950f9-5eec-32b4-a357-2c969ccf4068",
      "schema:email": [
        "camillef.omt@gmail.com",
        "direction@destination-sudcorse.com",
        "gestion@destination-sudcorse.com",
        "promotion@destination-sudcorse.com",
        "webmaster@destination-sudcorse.com"
      ],
      "schema:legalName": "Porto Vecchio Tourisme",
      "@type": [
        "schema:Organization",
        "foaf:Agent",
        "Agent"
      ],
      "foaf:homepage": [
        "http://www.ot-portovecchio.com/"
      ]
    }
  ],
  "lastUpdate": "2023-03-13",
  "lastUpdateDatatourisme": "2023-03-14T06:39:05.362Z",
  "offers": [
    {
      "@id": "https://data.datatourisme.fr/a2304132-e1e3-3461-a26c-2baf3ad1be0f",
      "schema:priceSpecification": [
        {
          "@id": "https://data.datatourisme.fr/7c6691e1-2440-377f-b737-089b836d611c",
          "schema:maxPrice": [
            "30"
          ],
          "schema:minPrice": [
            "20.4"
          ],
          "schema:priceCurrency": "EUR",
          "@type": [
            "schema:PriceSpecification",
            "PriceSpecification"
          ],
          "appliesOnPeriod": [
            {
              "@id": "https://data.datatourisme.fr/44962ce1-04b1-3fad-9bf0-2eb30bffe215",
              "@type": [
                "Period"
              ],
              "endDate": "2023-09-29",
              "startDate": "2023-04-30"
            }
          ]
        }
      ],
      "@type": [
        "schema:Offer",
        "Offer"
      ]
    }
  ]
}