{
  "@id": "https://data.datatourisme.fr/13/0764ccdf-7405-3bf3-9b98-00090f7321f7",
  "dc:identifier": "5017931",
  "@type": [
    "schema:FoodEstablishment",
    "FoodEstablishment",
    "PlaceOfInterest",
    "PointOfInterest"
  ],
  "rdfs:comment": {
    "de": [
      "Genießen Sie in dieser Weinbar, einer echten geselligen Adresse in L'Ile-Rousse, Gerichte mit den Farben der korsischen Produkte."
    ],
    "en": [
      "Come and taste our corsican flavoured dishes in our Wine Bar A Casa Corsa.  Its friendly and relaxed atmosphere make it a must in L'Ile Rousse."
    ],
    "it": [
      "Venite a degustare piatti a base di prodotti corsi in questa enoteca, un vero e proprio indirizzo conviviale a L'Ile-Rousse."
    ],
    "fr": [
      "Venez déguster des plats aux couleurs des produits corses dans ce bar à vin, véritable adresse conviviale de L'Ile-Rousse."
    ],
    "es": [
      "Venga a degustar platos elaborados con productos corsos en este bar de vinos, una auténtica dirección de convivencia en L'Ile-Rousse."
    ],
    "nl": [
      "Kom proeven van gerechten met Corsicaanse producten in deze wijnbar, een echt gezellig adres in L'Ile-Rousse."
    ]
  },
  "rdfs:label": {
    "fr": [
      "A Casa Corsa"
    ]
  },
  "hasBeenCreatedBy": {
    "@id": "https://data.datatourisme.fr/13/8d420fa3-5754-31f1-8199-69c88780314d",
    "dc:identifier": "1647",
    "schema:email": [
      "web@ileroussetourisme.com"
    ],
    "schema:legalName": "Office de Tourisme Intercommunal de L'Ile Rousse-Balagne",
    "@type": [
      "schema:Organization",
      "foaf:Agent",
      "Agent"
    ],
    "foaf:homepage": [
      "https://www.balagne-corsica.com/"
    ]
  },
  "hasBeenPublishedBy": [
    {
      "@id": "https://data.datatourisme.fr/8a9feb4b-2cbd-3d2c-b507-bd6c6776b23b",
      "schema:legalName": "Apidae Tourisme Scic SA - source : Apidae Tourisme",
      "@type": [
        "schema:Organization",
        "foaf:Agent",
        "Agent"
      ],
      "foaf:homepage": [
        "https://www.apidae-tourisme.com/"
      ]
    }
  ],
  "hasContact": [
    {
      "@id": "https://data.datatourisme.fr/5fc1c743-8a55-33da-8145-4f23b8dfb231",
      "schema:telephone": [
        "+33 4 95 60 23 63"
      ],
      "@type": [
        "foaf:Agent",
        "Agent"
      ]
    }
  ],
  "hasDescription": [
    {
      "@id": "https://data.datatourisme.fr/354ed4cc-3541-3fea-abd5-33c0cbe75cb2",
      "@type": [
        "Description"
      ],
      "hasTranslatedProperty": [
        {
          "@id": "https://data.datatourisme.fr/4fed72be-72f1-3972-a014-5d921694f5d9",
          "dc:contributor": [
            "https://api.deepl.com/v2/translate"
          ],
          "rdf:language": [
            "de"
          ],
          "rdf:predicate": [
            "shortDescription"
          ]
        },
        {
          "@id": "https://data.datatourisme.fr/751e4d2e-2f19-348c-bcac-45ddb9267f5e",
          "dc:contributor": [
            "https://api.deepl.com/v2/translate"
          ],
          "rdf:language": [
            "nl"
          ],
          "rdf:predicate": [
            "shortDescription"
          ]
        },
        {
          "@id": "https://data.datatourisme.fr/af81e824-7627-33ce-92a4-321217799b12",
          "dc:contributor": [
            "https://api.deepl.com/v2/translate"
          ],
          "rdf:language": [
            "es"
          ],
          "rdf:predicate": [
            "shortDescription"
          ]
        }
      ],
      "shortDescription": {
        "de": [
          "Genießen Sie in dieser Weinbar, einer echten geselligen Adresse in L'Ile-Rousse, Gerichte mit den Farben der korsischen Produkte."
        ],
        "en": [
          "Come and taste our corsican flavoured dishes in our Wine Bar A Casa Corsa.  Its friendly and relaxed atmosphere make it a must in L'Ile Rousse."
        ],
        "it": [
          "Venite a degustare piatti a base di prodotti corsi in questa enoteca, un vero e proprio indirizzo conviviale a L'Ile-Rousse."
        ],
        "fr": [
          "Venez déguster des plats aux couleurs des produits corses dans ce bar à vin, véritable adresse conviviale de L'Ile-Rousse."
        ],
        "es": [
          "Venga a degustar platos elaborados con productos corsos en este bar de vinos, una auténtica dirección de convivencia en L'Ile-Rousse."
        ],
        "nl": [
          "Kom proeven van gerechten met Corsicaanse producten in deze wijnbar, een echt gezellig adres in L'Ile-Rousse."
        ]
      }
    }
  ],
  "hasTheme": [
    {
      "@id": "kb:MediterraneanCuisine",
      "@type": [
        "CuisineCategory"
      ],
      "rdfs:label": {
        "de": [
          "Mediterrane Küche"
        ],
        "pt": [
          "Cozinha mediterrânica"
        ],
        "en": [
          "Mediterranean cuisine"
        ],
        "it": [
          "Cucina mediterranea"
        ],
        "fr": [
          "Cuisine méditerranéenne"
        ],
        "nl": [
          "Mediterrane keuken"
        ],
        "es": [
          "Cocina mediterránea"
        ]
      }
    }
  ],
  "hasTranslatedProperty": [
    {
      "@id": "https://data.datatourisme.fr/7a7838de-9a4e-35b1-bfdf-a1b2b90f5e1a",
      "dc:contributor": [
        "https://api.deepl.com/v2/translate"
      ],
      "rdf:language": [
        "de"
      ],
      "rdf:predicate": [
        {
          "@id": "rdfs:comment"
        }
      ]
    },
    {
      "@id": "https://data.datatourisme.fr/a15c86e5-91cb-39e2-97c1-5f5238d1d2c7",
      "dc:contributor": [
        "https://api.deepl.com/v2/translate"
      ],
      "rdf:language": [
        "es"
      ],
      "rdf:predicate": [
        {
          "@id": "rdfs:comment"
        }
      ]
    },
    {
      "@id": "https://data.datatourisme.fr/ff4f70fc-71e5-3f2f-8f31-0f84922df5a3",
      "dc:contributor": [
        "https://api.deepl.com/v2/translate"
      ],
      "rdf:language": [
        "nl"
      ],
      "rdf:predicate": [
        {
          "@id": "rdfs:comment"
        }
      ]
    }
  ],
  "isLocatedAt": [
    {
      "@id": "https://data.datatourisme.fr/76288000-ac2b-3aec-b191-e6f13d65fc2b",
      "schema:address": [
        {
          "@id": "https://data.datatourisme.fr/ea317152-070c-3d0d-83a4-383dd74405ca",
          "schema:addressLocality": "L'Île-Rousse",
          "schema:postalCode": "20220",
          "schema:streetAddress": [
            "22 Place Paoli",
            "Maison Giansily"
          ],
          "@type": [
            "schema:PostalAddress",
            "PostalAddress"
          ],
          "hasAddressCity": {
            "@id": "kb:2B134",
            "@type": [
              "City"
            ],
            "rdfs:label": {
              "en": [
                "L'Île-Rousse"
              ],
              "fr": [
                "L'Île-Rousse"
              ]
            },
            "insee": "2B134",
            "isPartOfDepartment": {
              "@id": "kb:France942B",
              "@type": [
                "Department"
              ],
              "rdfs:label": {
                "en": [
                  "Haute-Corse"
                ],
                "fr": [
                  "Haute-Corse"
                ]
              },
              "insee": "2B",
              "isPartOfRegion": {
                "@id": "kb:France94",
                "@type": [
                  "Region"
                ],
                "rdfs:label": {
                  "en": [
                    "Corse"
                  ],
                  "fr": [
                    "Corse"
                  ]
                },
                "insee": "94",
                "isPartOfCountry": {
                  "@id": "kb:France",
                  "@type": [
                    "schema:Country"
                  ],
                  "rdfs:label": {
                    "de": [
                      "Frankreich"
                    ],
                    "pt": [
                      "França"
                    ],
                    "en": [
                      "France"
                    ],
                    "it": [
                      "Francia"
                    ],
                    "fr": [
                      "France"
                    ],
                    "nl": [
                      "Frankrijk"
                    ],
                    "es": [
                      "Francia"
                    ]
                  }
                }
              }
            }
          }
        }
      ],
      "schema:geo": {
        "@id": "https://data.datatourisme.fr/5fd48bdb-796d-358c-aac8-459e047a6339",
        "schema:latitude": "42.633965",
        "schema:longitude": "8.939079",
        "@type": [
          "schema:GeoCoordinates"
        ]
      },
      "schema:openingHoursSpecification": [
        {
          "@id": "https://data.datatourisme.fr/c99bd209-6018-3a62-9c9f-f125d3a9a8b4",
          "schema:validFrom": "2023-04-01T00:00:00",
          "schema:validThrough": "2023-10-30T23:59:59",
          "@type": [
            "schema:OpeningHoursSpecification"
          ]
        }
      ],
      "@type": [
        "schema:Place",
        "Place"
      ]
    }
  ],
  "isOwnedBy": [
    {
      "@id": "https://data.datatourisme.fr/252af22a-253d-33df-b9d7-204832749402",
      "schema:email": [
        "web@ileroussetourisme.com"
      ],
      "schema:legalName": "Office de Tourisme Intercommunal de L'Ile Rousse-Balagne",
      "@type": [
        "schema:Organization",
        "foaf:Agent",
        "Agent"
      ],
      "foaf:homepage": [
        "https://www.balagne-corsica.com/"
      ]
    }
  ],
  "lastUpdate": "2023-02-22",
  "lastUpdateDatatourisme": "2023-02-23T06:39:42.738Z",
  "offers": [
    {
      "@id": "https://data.datatourisme.fr/cb61b2c6-81f6-3300-966b-77c826e2c052",
      "schema:priceSpecification": [
        {
          "@id": "https://data.datatourisme.fr/6c585bd3-3b26-3ccd-a70f-796bed22d5e0",
          "@type": [
            "schema:PriceSpecification",
            "PriceSpecification"
          ],
          "appliesOnPeriod": [
            {
              "@id": "https://data.datatourisme.fr/ebe0696d-424a-3df0-969e-4c4dd43614d3",
              "@type": [
                "Period"
              ],
              "endDate": "2022-10-30",
              "startDate": "2022-04-01"
            }
          ]
        }
      ],
      "@type": [
        "schema:Offer",
        "Offer"
      ]
    }
  ],
  "providesCuisineOfType": [
    {
      "@id": "kb:MediterraneanCuisine",
      "@type": [
        "CuisineCategory"
      ],
      "rdfs:label": {
        "de": [
          "Mediterrane Küche"
        ],
        "pt": [
          "Cozinha mediterrânica"
        ],
        "en": [
          "Mediterranean cuisine"
        ],
        "it": [
          "Cucina mediterranea"
        ],
        "fr": [
          "Cuisine méditerranéenne"
        ],
        "nl": [
          "Mediterrane keuken"
        ],
        "es": [
          "Cocina mediterránea"
        ]
      }
    }
  ]
}