{
  "@id": "https://data.datatourisme.fr/13/602360d0-a517-3cb0-8f93-eb7ee4d4258e",
  "dc:identifier": "4931288",
  "@type": [
    "PlaceOfInterest",
    "PointOfInterest",
    "SportsAndLeisurePlace"
  ],
  "rdfs:comment": {
    "de": [
      "Nutzen Sie während Ihres Urlaubs auf Korsika unsere Quad-Touren zur Entdeckung der Balagne"
    ],
    "en": [
      "During your holiday in Corsica, explore Balagne on a quad-bike excursion."
    ],
    "it": [
      "Durante le tue vacanze in Corsica, approfitta delle nostre escursioni in Quad per scoprire la Balagne"
    ],
    "fr": [
      "Lors de vos vacances en Corse, profitez de nos randonnées en Quads pour une découverte de la Balagne"
    ],
    "nl": [
      "Profiteer tijdens uw vakantie op Corsica van onze tochten per quad om de Balagne te ontdekken"
    ],
    "es": [
      "Durante sus vacaciones en Córcega, aproveche nuestros recorridos en quad para descubrir la Balagne"
    ]
  },
  "rdfs:label": {
    "en": [
      "Tra Mare è Monti Locations"
    ],
    "it": [
      "Tra Mare è Monti affitti"
    ],
    "fr": [
      "Tra Mare è Monti Locations"
    ]
  },
  "hasBeenCreatedBy": {
    "@id": "https://data.datatourisme.fr/13/e4873aa9-a05c-35ed-8395-61d121516766",
    "dc:identifier": "1646",
    "schema:email": [
      "info@balagne-corsica.com"
    ],
    "schema:legalName": "Office de Tourisme Intercommunal Calvi - Balagne",
    "@type": [
      "schema:Organization",
      "foaf:Agent",
      "Agent"
    ],
    "foaf:homepage": [
      "https://www.balagne-corsica.com/"
    ]
  },
  "hasBeenPublishedBy": [
    {
      "@id": "https://data.datatourisme.fr/8a9feb4b-2cbd-3d2c-b507-bd6c6776b23b",
      "schema:legalName": "Apidae Tourisme Scic SA - source : Apidae Tourisme",
      "@type": [
        "schema:Organization",
        "foaf:Agent",
        "Agent"
      ],
      "foaf:homepage": [
        "https://www.apidae-tourisme.com/"
      ]
    }
  ],
  "hasContact": [
    {
      "@id": "https://data.datatourisme.fr/d5718324-e7ef-3f68-b8c8-b5c0bf059ea7",
      "schema:email": [
        "red.calvi@wanadoo.fr"
      ],
      "schema:telephone": [
        "+33 4 95 65 21 26"
      ],
      "@type": [
        "foaf:Agent",
        "Agent"
      ],
      "foaf:homepage": [
        "http://www.tramare-monti.com/"
      ]
    }
  ],
  "hasDescription": [
    {
      "@id": "https://data.datatourisme.fr/c228cfd3-20b0-3fbd-a2b6-2817ca85f63d",
      "@type": [
        "Description"
      ],
      "hasTranslatedProperty": [
        {
          "@id": "https://data.datatourisme.fr/76834600-7b73-3a35-afef-fa1030520e2e",
          "dc:contributor": [
            "https://api.deepl.com/v2/translate"
          ],
          "rdf:language": [
            "de"
          ],
          "rdf:predicate": [
            "shortDescription"
          ]
        },
        {
          "@id": "https://data.datatourisme.fr/c6d774f2-5583-3d7a-8d5b-7f9c88c49344",
          "dc:contributor": [
            "https://api.deepl.com/v2/translate"
          ],
          "rdf:language": [
            "nl"
          ],
          "rdf:predicate": [
            "shortDescription"
          ]
        },
        {
          "@id": "https://data.datatourisme.fr/d14bae40-306e-3b6d-9df9-b10255b316f5",
          "dc:contributor": [
            "https://api.deepl.com/v2/translate"
          ],
          "rdf:language": [
            "es"
          ],
          "rdf:predicate": [
            "shortDescription"
          ]
        }
      ],
      "shortDescription": {
        "de": [
          "Nutzen Sie während Ihres Urlaubs auf Korsika unsere Quad-Touren zur Entdeckung der Balagne"
        ],
        "en": [
          "During your holiday in Corsica, explore Balagne on a quad-bike excursion."
        ],
        "it": [
          "Durante le tue vacanze in Corsica, approfitta delle nostre escursioni in Quad per scoprire la Balagne"
        ],
        "fr": [
          "Lors de vos vacances en Corse, profitez de nos randonnées en Quads pour une découverte de la Balagne"
        ],
        "nl": [
          "Profiteer tijdens uw vakantie op Corsica van onze tochten per quad om de Balagne te ontdekken"
        ],
        "es": [
          "Durante sus vacaciones en Córcega, aproveche nuestros recorridos en quad para descubrir la Balagne"
        ]
      }
    }
  ],
  "hasTheme": [
    {
      "@id": "kb:Quad",
      "@type": [
        "SportsTheme"
      ],
      "rdfs:label": {
        "de": [
          "Quad"
        ],
        "pt": [
          "Moto-quatro"
        ],
        "en": [
          "Quad"
        ],
        "it": [
          "Quad"
        ],
        "fr": [
          "Quad"
        ],
        "nl": [
          "Quad"
        ],
        "es": [
          "Quad"
        ]
      }
    }
  ],
  "hasTranslatedProperty": [
    {
      "@id": "https://data.datatourisme.fr/3026e919-fc2f-3190-a449-dd5e75332bf6",
      "dc:contributor": [
        "https://api.deepl.com/v2/translate"
      ],
      "rdf:language": [
        "es"
      ],
      "rdf:predicate": [
        {
          "@id": "rdfs:comment"
        }
      ]
    },
    {
      "@id": "https://data.datatourisme.fr/38d77cfd-e0b5-376f-a682-7ca3ac0147da",
      "dc:contributor": [
        "https://api.deepl.com/v2/translate"
      ],
      "rdf:language": [
        "nl"
      ],
      "rdf:predicate": [
        {
          "@id": "rdfs:comment"
        }
      ]
    },
    {
      "@id": "https://data.datatourisme.fr/a98e671e-f5bf-32c7-9cc3-23a990bfed56",
      "dc:contributor": [
        "https://api.deepl.com/v2/translate"
      ],
      "rdf:language": [
        "de"
      ],
      "rdf:predicate": [
        {
          "@id": "rdfs:comment"
        }
      ]
    }
  ],
  "isLocatedAt": [
    {
      "@id": "https://data.datatourisme.fr/2ef01ceb-636f-3a76-aa32-91b8789f10ac",
      "schema:address": [
        {
          "@id": "https://data.datatourisme.fr/0a008deb-d66f-3056-a033-f6270820ade2",
          "schema:addressLocality": "Calvi",
          "schema:postalCode": "20260",
          "schema:streetAddress": [
            "Port de plaissance"
          ],
          "@type": [
            "schema:PostalAddress",
            "PostalAddress"
          ],
          "hasAddressCity": {
            "@id": "kb:2B050",
            "@type": [
              "City"
            ],
            "rdfs:label": {
              "en": [
                "Calvi"
              ],
              "fr": [
                "Calvi"
              ]
            },
            "insee": "2B050",
            "isPartOfDepartment": {
              "@id": "kb:France942B",
              "@type": [
                "Department"
              ],
              "rdfs:label": {
                "en": [
                  "Haute-Corse"
                ],
                "fr": [
                  "Haute-Corse"
                ]
              },
              "insee": "2B",
              "isPartOfRegion": {
                "@id": "kb:France94",
                "@type": [
                  "Region"
                ],
                "rdfs:label": {
                  "en": [
                    "Corse"
                  ],
                  "fr": [
                    "Corse"
                  ]
                },
                "insee": "94",
                "isPartOfCountry": {
                  "@id": "kb:France",
                  "@type": [
                    "schema:Country"
                  ],
                  "rdfs:label": {
                    "de": [
                      "Frankreich"
                    ],
                    "pt": [
                      "França"
                    ],
                    "en": [
                      "France"
                    ],
                    "it": [
                      "Francia"
                    ],
                    "fr": [
                      "France"
                    ],
                    "nl": [
                      "Frankrijk"
                    ],
                    "es": [
                      "Francia"
                    ]
                  }
                }
              }
            }
          }
        }
      ],
      "schema:geo": {
        "@id": "https://data.datatourisme.fr/62ea1360-5001-3fff-adac-08c94d052de5",
        "schema:latitude": "42.565163",
        "schema:longitude": "8.7567",
        "@type": [
          "schema:GeoCoordinates"
        ]
      },
      "schema:openingHoursSpecification": [
        {
          "@id": "https://data.datatourisme.fr/f87e535a-636d-3343-ad63-8a03392e7511",
          "schema:validFrom": "2023-01-01T00:00:00",
          "schema:validThrough": "2023-12-31T23:59:59",
          "@type": [
            "schema:OpeningHoursSpecification"
          ]
        }
      ],
      "@type": [
        "schema:Place",
        "Place"
      ]
    }
  ],
  "isOwnedBy": [
    {
      "@id": "https://data.datatourisme.fr/194c52e6-bbae-33dc-8464-caca97844fbb",
      "schema:email": [
        "info@balagne-corsica.com"
      ],
      "schema:legalName": "Office de Tourisme Intercommunal Calvi - Balagne",
      "@type": [
        "schema:Organization",
        "foaf:Agent",
        "Agent"
      ],
      "foaf:homepage": [
        "https://www.balagne-corsica.com/"
      ]
    }
  ],
  "lastUpdate": "2022-08-11",
  "lastUpdateDatatourisme": "2023-02-11T06:38:49.09Z"
}