{
  "@id": "https://data.datatourisme.fr/13/60955c06-03b2-3f6e-8be1-2fcc595f28ff",
  "dc:identifier": "5206086",
  "@type": [
    "schema:LocalBusiness",
    "ActivityProvider",
    "PlaceOfInterest",
    "PointOfInterest",
    "Store"
  ],
  "rdfs:comment": {
    "de": [
      "Wollen Sie Korsika durch neue Routen entdecken?"
    ],
    "en": [
      "Do you want to discover Corsica through new routes?"
    ],
    "it": [
      "Volete scoprire la Corsica attraverso nuove rotte?"
    ],
    "fr": [
      "Vous avez envie de découvrir la Corse au travers de parcours inédits ? C’est possible ! Laissez-vous tenter par un accompagnement en randonnée VTT avec assistance électrique à la découverte d'endroits magiques. Tarifs et réservations sur notre site web."
    ],
    "es": [
      "¿Quiere descubrir Córcega a través de nuevas rutas? Es posible Déjese tentar por una excursión en bicicleta de montaña con asistencia eléctrica para descubrir lugares mágicos. Tarifas y reservas en nuestra página web."
    ],
    "nl": [
      "Wilt u Corsica ontdekken via nieuwe routes?"
    ]
  },
  "rdfs:label": {
    "fr": [
      "E-Sperienza"
    ]
  },
  "hasBeenCreatedBy": {
    "@id": "https://data.datatourisme.fr/13/84c6494d-3085-3c63-a55c-db8cb047fadd",
    "dc:identifier": "1738",
    "schema:email": [
      "camillef.omt@gmail.com",
      "direction@destination-sudcorse.com",
      "gestion@destination-sudcorse.com",
      "promotion@destination-sudcorse.com",
      "webmaster@destination-sudcorse.com"
    ],
    "schema:legalName": "Porto Vecchio Tourisme",
    "@type": [
      "schema:Organization",
      "foaf:Agent",
      "Agent"
    ],
    "foaf:homepage": [
      "http://www.ot-portovecchio.com/"
    ]
  },
  "hasBeenPublishedBy": [
    {
      "@id": "https://data.datatourisme.fr/8a9feb4b-2cbd-3d2c-b507-bd6c6776b23b",
      "schema:legalName": "Apidae Tourisme Scic SA - source : Apidae Tourisme",
      "@type": [
        "schema:Organization",
        "foaf:Agent",
        "Agent"
      ],
      "foaf:homepage": [
        "https://www.apidae-tourisme.com/"
      ]
    }
  ],
  "hasContact": [
    {
      "@id": "https://data.datatourisme.fr/2bd2dc93-01f7-36c5-81d5-7f63c9cf2b9d",
      "schema:email": [
        "contact@e-sperienza.com"
      ],
      "schema:telephone": [
        "+33 6 19 20 81 06"
      ],
      "@type": [
        "foaf:Agent",
        "Agent"
      ],
      "foaf:homepage": [
        "http://www.e-sperienza.com/"
      ]
    }
  ],
  "hasDescription": [
    {
      "@id": "https://data.datatourisme.fr/c3619cbc-8cb7-3833-969c-6585ccffee76",
      "@type": [
        "Description"
      ],
      "hasTranslatedProperty": [
        {
          "@id": "https://data.datatourisme.fr/928fb008-6dd5-32fd-b382-c55802c97085",
          "dc:contributor": [
            "https://api.deepl.com/v2/translate"
          ],
          "rdf:language": [
            "es"
          ],
          "rdf:predicate": [
            "shortDescription"
          ]
        }
      ],
      "shortDescription": {
        "de": [
          "Wollen Sie Korsika durch neue Routen entdecken?"
        ],
        "en": [
          "Do you want to discover Corsica through new routes?"
        ],
        "it": [
          "Volete scoprire la Corsica attraverso nuove rotte?"
        ],
        "fr": [
          "Vous avez envie de découvrir la Corse au travers de parcours inédits ? C’est possible ! Laissez-vous tenter par un accompagnement en randonnée VTT avec assistance électrique à la découverte d'endroits magiques. Tarifs et réservations sur notre site web."
        ],
        "es": [
          "¿Quiere descubrir Córcega a través de nuevas rutas? Es posible Déjese tentar por una excursión en bicicleta de montaña con asistencia eléctrica para descubrir lugares mágicos. Tarifas y reservas en nuestra página web."
        ],
        "nl": [
          "Wilt u Corsica ontdekken via nieuwe routes?"
        ]
      }
    }
  ],
  "hasTheme": [
    {
      "@id": "kb:Bike",
      "@type": [
        "SportsTheme"
      ],
      "rdfs:label": {
        "de": [
          "Fahrrad"
        ],
        "pt": [
          "Bicicleta"
        ],
        "en": [
          "Bike"
        ],
        "it": [
          "Bicicletta"
        ],
        "fr": [
          "Vélo"
        ],
        "nl": [
          "Fiets"
        ],
        "es": [
          "Bicicleta"
        ]
      }
    },
    {
      "@id": "kb:ElectricATV",
      "@type": [
        "SportsTheme"
      ],
      "rdfs:label": {
        "de": [
          "Elektro-Mountainbike"
        ],
        "pt": [
          "Bicicleta-todo-o-terreno (BTT) elétrica"
        ],
        "en": [
          "Electri atv"
        ],
        "it": [
          "Mountain bike elettrica"
        ],
        "fr": [
          "Vtt électrique"
        ],
        "nl": [
          "Elektrische mountainbike"
        ],
        "es": [
          "Bicicleta eléctrica de montaña"
        ]
      }
    }
  ],
  "hasTranslatedProperty": [
    {
      "@id": "https://data.datatourisme.fr/cd5abf8a-310d-30f4-9cc3-403bbfec5fae",
      "dc:contributor": [
        "https://api.deepl.com/v2/translate"
      ],
      "rdf:language": [
        "es"
      ],
      "rdf:predicate": [
        {
          "@id": "rdfs:comment"
        }
      ]
    }
  ],
  "isLocatedAt": [
    {
      "@id": "https://data.datatourisme.fr/30af6218-1fa4-3949-806a-77e64ad20c41",
      "schema:address": [
        {
          "@id": "https://data.datatourisme.fr/9514038c-62bc-30a1-8c81-0fe5ac794447",
          "schema:addressLocality": "Porto-Vecchio",
          "schema:postalCode": "20137",
          "schema:streetAddress": [
            "Hameau de Cipponu"
          ],
          "@type": [
            "schema:PostalAddress",
            "PostalAddress"
          ],
          "hasAddressCity": {
            "@id": "kb:2A247",
            "@type": [
              "City"
            ],
            "rdfs:label": {
              "en": [
                "Porto-Vecchio"
              ],
              "fr": [
                "Porto-Vecchio"
              ]
            },
            "insee": "2A247",
            "isPartOfDepartment": {
              "@id": "kb:France942A",
              "@type": [
                "Department"
              ],
              "rdfs:label": {
                "en": [
                  "Corse-du-Sud"
                ],
                "fr": [
                  "Corse-du-Sud"
                ]
              },
              "insee": "2A",
              "isPartOfRegion": {
                "@id": "kb:France94",
                "@type": [
                  "Region"
                ],
                "rdfs:label": {
                  "en": [
                    "Corse"
                  ],
                  "fr": [
                    "Corse"
                  ]
                },
                "insee": "94",
                "isPartOfCountry": {
                  "@id": "kb:France",
                  "@type": [
                    "schema:Country"
                  ],
                  "rdfs:label": {
                    "de": [
                      "Frankreich"
                    ],
                    "pt": [
                      "França"
                    ],
                    "en": [
                      "France"
                    ],
                    "it": [
                      "Francia"
                    ],
                    "fr": [
                      "France"
                    ],
                    "nl": [
                      "Frankrijk"
                    ],
                    "es": [
                      "Francia"
                    ]
                  }
                }
              }
            }
          }
        }
      ],
      "schema:geo": {
        "@id": "https://data.datatourisme.fr/999dcfae-01f4-3ea9-aa04-973dd662d878",
        "schema:latitude": "41.594",
        "schema:longitude": "9.1922",
        "@type": [
          "schema:GeoCoordinates"
        ]
      },
      "schema:openingHoursSpecification": [
        {
          "@id": "https://data.datatourisme.fr/f87e535a-636d-3343-ad63-8a03392e7511",
          "schema:validFrom": "2023-01-01T00:00:00",
          "schema:validThrough": "2023-12-31T23:59:59",
          "@type": [
            "schema:OpeningHoursSpecification"
          ]
        }
      ],
      "@type": [
        "schema:Place",
        "Place"
      ]
    }
  ],
  "isOwnedBy": [
    {
      "@id": "https://data.datatourisme.fr/f5f950f9-5eec-32b4-a357-2c969ccf4068",
      "schema:email": [
        "camillef.omt@gmail.com",
        "direction@destination-sudcorse.com",
        "gestion@destination-sudcorse.com",
        "promotion@destination-sudcorse.com",
        "webmaster@destination-sudcorse.com"
      ],
      "schema:legalName": "Porto Vecchio Tourisme",
      "@type": [
        "schema:Organization",
        "foaf:Agent",
        "Agent"
      ],
      "foaf:homepage": [
        "http://www.ot-portovecchio.com/"
      ]
    }
  ],
  "lastUpdate": "2023-02-08",
  "lastUpdateDatatourisme": "2023-02-10T06:39:19.975Z",
  "offers": [
    {
      "@id": "https://data.datatourisme.fr/9776339f-0f34-3737-852d-4a2aca958270",
      "schema:priceSpecification": [
        {
          "@id": "https://data.datatourisme.fr/52f9574f-37b7-3037-984d-9000d33fbbf3",
          "schema:maxPrice": [
            "57"
          ],
          "schema:minPrice": [
            "35"
          ],
          "schema:priceCurrency": "EUR",
          "@type": [
            "schema:PriceSpecification",
            "PriceSpecification"
          ],
          "appliesOnPeriod": [
            {
              "@id": "https://data.datatourisme.fr/a425afdf-3594-300b-b55e-1858bafa3fd4",
              "@type": [
                "Period"
              ],
              "endDate": "2023-12-31",
              "startDate": "2023-01-01"
            }
          ]
        }
      ],
      "@type": [
        "schema:Offer",
        "Offer"
      ]
    }
  ]
}