{
  "@id": "https://data.datatourisme.fr/13/60be0db6-04ba-35ec-a940-fa89b7c1eacd",
  "dc:identifier": "4930197",
  "@type": [
    "schema:Accommodation",
    "schema:Hotel",
    "schema:LodgingBusiness",
    "Accommodation",
    "Hotel",
    "HotelTrade",
    "PlaceOfInterest",
    "PointOfInterest"
  ],
  "rdfs:comment": {
    "de": [
      "Dieses charmante Hotel liegt 500 m vom Stadtzentrum und vom Strand entfernt. Es bietet Ihnen eine ruhige Umgebung mit Steinmauern, Außenpool, Garten, Spa und schattiger Terrasse. Es besteht die Möglichkeit, einen Aufenthalt im Zimmer oder Studio zu buchen."
    ],
    "en": [
      "Located 500 m from the town center and beaches, this charming hotel offers a quiet setting with its stone walls, outdoor swimming pool, garden, spa and shaded terrace. Accomodation in rooms or studio apartments available."
    ],
    "it": [
      "Situato a 500 metri dal centro della città e dalla spiaggia, questo affascinante albergo offre un ambiente tranquillo con pareti in pietra, piscina all'aperto, giardino, spa e terrazza ombreggiata. Possibilità di soggiorno in formula camera o monolocale."
    ],
    "fr": [
      "Situé à 500m du centre ville et de la plage, cet hôtel de charme vous offre un cadre calme avec ses murs en pierres, sa piscine extérieure, son jardin, son spa et sa terrasse ombragée. Possibilité de séjour en formule chambre ou studio."
    ],
    "es": [
      "Situado a 500 m del centro de la ciudad y de la playa, este encantador hotel ofrece un entorno tranquilo con sus muros de piedra, piscina exterior, jardín, spa y terraza a la sombra. Es posible alojarse en una habitación o en un estudio."
    ],
    "nl": [
      "Dit charmante hotel ligt op 500 meter van het stadscentrum en het strand en biedt een rustige omgeving met zijn stenen muren, buitenzwembad, tuin, spa en schaduwrijk terras. Het is mogelijk om in een kamer of studio te verblijven."
    ]
  },
  "rdfs:label": {
    "fr": [
      "Casa Rossa"
    ]
  },
  "hasBeenCreatedBy": {
    "@id": "https://data.datatourisme.fr/13/8d420fa3-5754-31f1-8199-69c88780314d",
    "dc:identifier": "1647",
    "schema:email": [
      "web@ileroussetourisme.com"
    ],
    "schema:legalName": "Office de Tourisme Intercommunal de L'Ile Rousse-Balagne",
    "@type": [
      "schema:Organization",
      "foaf:Agent",
      "Agent"
    ],
    "foaf:homepage": [
      "https://www.balagne-corsica.com/"
    ]
  },
  "hasBeenPublishedBy": [
    {
      "@id": "https://data.datatourisme.fr/8a9feb4b-2cbd-3d2c-b507-bd6c6776b23b",
      "schema:legalName": "Apidae Tourisme Scic SA - source : Apidae Tourisme",
      "@type": [
        "schema:Organization",
        "foaf:Agent",
        "Agent"
      ],
      "foaf:homepage": [
        "https://www.apidae-tourisme.com/"
      ]
    }
  ],
  "hasContact": [
    {
      "@id": "https://data.datatourisme.fr/8b4c9a8e-e0ae-371c-a700-8e5704efe759",
      "schema:email": [
        "info@hotel-casa-rossa.com"
      ],
      "schema:telephone": [
        "+33 4 95 60 22 76"
      ],
      "@type": [
        "foaf:Agent",
        "Agent"
      ],
      "foaf:homepage": [
        "https://www.hotel-casarossa.com/"
      ]
    }
  ],
  "hasDescription": [
    {
      "@id": "https://data.datatourisme.fr/aad9936c-c854-3aa6-8113-938de4dc3e81",
      "@type": [
        "Description"
      ],
      "hasTranslatedProperty": [
        {
          "@id": "https://data.datatourisme.fr/21edda0e-4b92-3ee1-8faf-6a242313a1f9",
          "dc:contributor": [
            "https://api.deepl.com/v2/translate"
          ],
          "rdf:language": [
            "es"
          ],
          "rdf:predicate": [
            "shortDescription"
          ]
        },
        {
          "@id": "https://data.datatourisme.fr/b4143052-43a8-34d0-8cb1-494329a91d4d",
          "dc:contributor": [
            "https://api.deepl.com/v2/translate"
          ],
          "rdf:language": [
            "nl"
          ],
          "rdf:predicate": [
            "shortDescription"
          ]
        },
        {
          "@id": "https://data.datatourisme.fr/d2d880e3-468e-3594-815e-74028e016ae6",
          "dc:contributor": [
            "https://api.deepl.com/v2/translate"
          ],
          "rdf:language": [
            "de"
          ],
          "rdf:predicate": [
            "shortDescription"
          ]
        }
      ],
      "shortDescription": {
        "de": [
          "Dieses charmante Hotel liegt 500 m vom Stadtzentrum und vom Strand entfernt. Es bietet Ihnen eine ruhige Umgebung mit Steinmauern, Außenpool, Garten, Spa und schattiger Terrasse. Es besteht die Möglichkeit, einen Aufenthalt im Zimmer oder Studio zu buchen."
        ],
        "en": [
          "Located 500 m from the town center and beaches, this charming hotel offers a quiet setting with its stone walls, outdoor swimming pool, garden, spa and shaded terrace. Accomodation in rooms or studio apartments available."
        ],
        "it": [
          "Situato a 500 metri dal centro della città e dalla spiaggia, questo affascinante albergo offre un ambiente tranquillo con pareti in pietra, piscina all'aperto, giardino, spa e terrazza ombreggiata. Possibilità di soggiorno in formula camera o monolocale."
        ],
        "fr": [
          "Situé à 500m du centre ville et de la plage, cet hôtel de charme vous offre un cadre calme avec ses murs en pierres, sa piscine extérieure, son jardin, son spa et sa terrasse ombragée. Possibilité de séjour en formule chambre ou studio."
        ],
        "es": [
          "Situado a 500 m del centro de la ciudad y de la playa, este encantador hotel ofrece un entorno tranquilo con sus muros de piedra, piscina exterior, jardín, spa y terraza a la sombra. Es posible alojarse en una habitación o en un estudio."
        ],
        "nl": [
          "Dit charmante hotel ligt op 500 meter van het stadscentrum en het strand en biedt een rustige omgeving met zijn stenen muren, buitenzwembad, tuin, spa en schaduwrijk terras. Het is mogelijk om in een kamer of studio te verblijven."
        ]
      }
    }
  ],
  "hasTranslatedProperty": [
    {
      "@id": "https://data.datatourisme.fr/109a0f9c-ac77-36fb-a86d-bcfcc6946c05",
      "dc:contributor": [
        "https://api.deepl.com/v2/translate"
      ],
      "rdf:language": [
        "nl"
      ],
      "rdf:predicate": [
        {
          "@id": "rdfs:comment"
        }
      ]
    },
    {
      "@id": "https://data.datatourisme.fr/123cb5ab-1774-3bfd-9785-030ce5a035d2",
      "dc:contributor": [
        "https://api.deepl.com/v2/translate"
      ],
      "rdf:language": [
        "de"
      ],
      "rdf:predicate": [
        {
          "@id": "rdfs:comment"
        }
      ]
    },
    {
      "@id": "https://data.datatourisme.fr/7465effb-2bcc-36c8-8fd6-9a4838a48cfb",
      "dc:contributor": [
        "https://api.deepl.com/v2/translate"
      ],
      "rdf:language": [
        "es"
      ],
      "rdf:predicate": [
        {
          "@id": "rdfs:comment"
        }
      ]
    }
  ],
  "isLocatedAt": [
    {
      "@id": "https://data.datatourisme.fr/eed2e3bf-cb45-34a6-81d0-96ee1f63123f",
      "schema:address": [
        {
          "@id": "https://data.datatourisme.fr/bc0697fb-5575-342f-bbc4-8d21ddb32394",
          "schema:addressLocality": "L'Île-Rousse",
          "schema:postalCode": "20220",
          "schema:streetAddress": [
            "Boulevard Pierre Pasquini",
            "Route du Fogata"
          ],
          "@type": [
            "schema:PostalAddress",
            "PostalAddress"
          ],
          "hasAddressCity": {
            "@id": "kb:2B134",
            "@type": [
              "City"
            ],
            "rdfs:label": {
              "en": [
                "L'Île-Rousse"
              ],
              "fr": [
                "L'Île-Rousse"
              ]
            },
            "insee": "2B134",
            "isPartOfDepartment": {
              "@id": "kb:France942B",
              "@type": [
                "Department"
              ],
              "rdfs:label": {
                "en": [
                  "Haute-Corse"
                ],
                "fr": [
                  "Haute-Corse"
                ]
              },
              "insee": "2B",
              "isPartOfRegion": {
                "@id": "kb:France94",
                "@type": [
                  "Region"
                ],
                "rdfs:label": {
                  "en": [
                    "Corse"
                  ],
                  "fr": [
                    "Corse"
                  ]
                },
                "insee": "94",
                "isPartOfCountry": {
                  "@id": "kb:France",
                  "@type": [
                    "schema:Country"
                  ],
                  "rdfs:label": {
                    "de": [
                      "Frankreich"
                    ],
                    "pt": [
                      "França"
                    ],
                    "en": [
                      "France"
                    ],
                    "it": [
                      "Francia"
                    ],
                    "fr": [
                      "France"
                    ],
                    "nl": [
                      "Frankrijk"
                    ],
                    "es": [
                      "Francia"
                    ]
                  }
                }
              }
            }
          }
        }
      ],
      "schema:geo": {
        "@id": "https://data.datatourisme.fr/1e52aff3-ac2b-3f95-a674-5089ba773cc8",
        "schema:latitude": "42.631959",
        "schema:longitude": "8.932295",
        "@type": [
          "schema:GeoCoordinates"
        ]
      },
      "schema:openingHoursSpecification": [
        {
          "@id": "https://data.datatourisme.fr/64c3fa40-0ba0-3aa3-bb96-a078872c7ef9",
          "schema:closes": "22:00:00",
          "schema:opens": "08:00:00",
          "schema:validFrom": "2023-04-01T00:00:00",
          "schema:validThrough": "2023-10-30T23:59:59",
          "@type": [
            "schema:OpeningHoursSpecification"
          ]
        }
      ],
      "@type": [
        "schema:Place",
        "Place"
      ]
    }
  ],
  "isOwnedBy": [
    {
      "@id": "https://data.datatourisme.fr/252af22a-253d-33df-b9d7-204832749402",
      "schema:email": [
        "web@ileroussetourisme.com"
      ],
      "schema:legalName": "Office de Tourisme Intercommunal de L'Ile Rousse-Balagne",
      "@type": [
        "schema:Organization",
        "foaf:Agent",
        "Agent"
      ],
      "foaf:homepage": [
        "https://www.balagne-corsica.com/"
      ]
    }
  ],
  "lastUpdate": "2023-02-15",
  "lastUpdateDatatourisme": "2023-04-04T05:52:39.383Z",
  "offers": [
    {
      "@id": "https://data.datatourisme.fr/46c0b2e3-0a8a-3a69-b2bf-101a13a99a7e",
      "schema:priceSpecification": [
        {
          "@id": "https://data.datatourisme.fr/d5fc3cec-036e-343e-8ecc-1ecd634d155a",
          "schema:maxPrice": [
            "12",
            "170",
            "180",
            "200",
            "220"
          ],
          "schema:minPrice": [
            "100",
            "12",
            "130",
            "140",
            "70"
          ],
          "schema:priceCurrency": "EUR",
          "@type": [
            "schema:PriceSpecification",
            "PriceSpecification"
          ],
          "appliesOnPeriod": [
            {
              "@id": "https://data.datatourisme.fr/7d631ad3-37bf-3bd9-a827-9ad5e554596d",
              "@type": [
                "Period"
              ],
              "endDate": "2023-10-30",
              "startDate": "2023-04-01"
            }
          ]
        }
      ],
      "@type": [
        "schema:Offer",
        "Offer"
      ]
    }
  ]
}