{
  "@id": "https://data.datatourisme.fr/13/607c94f7-8fdf-3fe4-9082-791f8e3fe55a",
  "dc:identifier": "5088677",
  "@type": [
    "schema:FoodEstablishment",
    "FoodEstablishment",
    "PlaceOfInterest",
    "PointOfInterest"
  ],
  "rdfs:comment": {
    "de": [
      "Dieses Familienrestaurant in Calvi in der Balagne bietet Ihnen eine traditionelle korsische Küche \"wie zu Hause\". Dies ist der ideale Ort, um die korsische Gastronomie als Familienversion zu entdecken!"
    ],
    "en": [
      "This family restaurant in Calvi in Balagne offers traditional Corsican cuisine \"as at home\". It is the ideal place to discover the Corsican gastronomy family version"
    ],
    "it": [
      "Questo ristorante familiare di Calvi in Balagna propone una cucina tradizionale corsa \"come a casa\". È il luogo ideale per scoprire la versione familiare della gastronomia corsa!"
    ],
    "fr": [
      "Ce restaurant familial de Calvi en Balagne vous propose une cuisine traditionnelle corse \"comme à la maison\". C'est l'endroit idéal pour découvrir la gastronomie corse version familiale !"
    ],
    "es": [
      "Este restaurante familiar de Calvi, en la región de la Balagne, ofrece cocina tradicional corsa \"como en casa\". Es el lugar ideal para descubrir la versión familiar de la gastronomía corsa"
    ],
    "nl": [
      "Dit familierestaurant in Calvi in de regio Balagne biedt traditionele Corsicaanse gerechten \"net als thuis\". Het is de ideale plek om de familieversie van de Corsicaanse gastronomie te ontdekken!"
    ]
  },
  "rdfs:label": {
    "en": [
      "A Piazzetta"
    ],
    "fr": [
      "A Piazzetta"
    ]
  },
  "hasBeenCreatedBy": {
    "@id": "https://data.datatourisme.fr/13/e4873aa9-a05c-35ed-8395-61d121516766",
    "dc:identifier": "1646",
    "schema:email": [
      "info@balagne-corsica.com"
    ],
    "schema:legalName": "Office de Tourisme Intercommunal Calvi - Balagne",
    "@type": [
      "schema:Organization",
      "foaf:Agent",
      "Agent"
    ],
    "foaf:homepage": [
      "https://www.balagne-corsica.com/"
    ]
  },
  "hasBeenPublishedBy": [
    {
      "@id": "https://data.datatourisme.fr/8a9feb4b-2cbd-3d2c-b507-bd6c6776b23b",
      "schema:legalName": "Apidae Tourisme Scic SA - source : Apidae Tourisme",
      "@type": [
        "schema:Organization",
        "foaf:Agent",
        "Agent"
      ],
      "foaf:homepage": [
        "https://www.apidae-tourisme.com/"
      ]
    }
  ],
  "hasContact": [
    {
      "@id": "https://data.datatourisme.fr/28bf2ab0-b335-302a-8664-3e25b17095bc",
      "schema:telephone": [
        "+33 4 95 37 87 74"
      ],
      "@type": [
        "foaf:Agent",
        "Agent"
      ]
    }
  ],
  "hasDescription": [
    {
      "@id": "https://data.datatourisme.fr/fe07c89f-7494-3dbe-b842-1607d80d6191",
      "@type": [
        "Description"
      ],
      "hasTranslatedProperty": [
        {
          "@id": "https://data.datatourisme.fr/06324530-1615-3d3d-b8e6-c229189da708",
          "dc:contributor": [
            "https://api.deepl.com/v2/translate"
          ],
          "rdf:language": [
            "es"
          ],
          "rdf:predicate": [
            "shortDescription"
          ]
        },
        {
          "@id": "https://data.datatourisme.fr/9b22499c-043b-3486-8fa8-6953163584bf",
          "dc:contributor": [
            "https://api.deepl.com/v2/translate"
          ],
          "rdf:language": [
            "de"
          ],
          "rdf:predicate": [
            "shortDescription"
          ]
        },
        {
          "@id": "https://data.datatourisme.fr/a4e25f8b-a71e-3882-8401-db6374b87b8c",
          "dc:contributor": [
            "https://api.deepl.com/v2/translate"
          ],
          "rdf:language": [
            "nl"
          ],
          "rdf:predicate": [
            "shortDescription"
          ]
        }
      ],
      "shortDescription": {
        "de": [
          "Dieses Familienrestaurant in Calvi in der Balagne bietet Ihnen eine traditionelle korsische Küche \"wie zu Hause\". Dies ist der ideale Ort, um die korsische Gastronomie als Familienversion zu entdecken!"
        ],
        "en": [
          "This family restaurant in Calvi in Balagne offers traditional Corsican cuisine \"as at home\". It is the ideal place to discover the Corsican gastronomy family version"
        ],
        "it": [
          "Questo ristorante familiare di Calvi in Balagna propone una cucina tradizionale corsa \"come a casa\". È il luogo ideale per scoprire la versione familiare della gastronomia corsa!"
        ],
        "fr": [
          "Ce restaurant familial de Calvi en Balagne vous propose une cuisine traditionnelle corse \"comme à la maison\". C'est l'endroit idéal pour découvrir la gastronomie corse version familiale !"
        ],
        "es": [
          "Este restaurante familiar de Calvi, en la región de la Balagne, ofrece cocina tradicional corsa \"como en casa\". Es el lugar ideal para descubrir la versión familiar de la gastronomía corsa"
        ],
        "nl": [
          "Dit familierestaurant in Calvi in de regio Balagne biedt traditionele Corsicaanse gerechten \"net als thuis\". Het is de ideale plek om de familieversie van de Corsicaanse gastronomie te ontdekken!"
        ]
      }
    }
  ],
  "hasTranslatedProperty": [
    {
      "@id": "https://data.datatourisme.fr/342410f2-c029-36f2-b7d4-ebeef84301df",
      "dc:contributor": [
        "https://api.deepl.com/v2/translate"
      ],
      "rdf:language": [
        "de"
      ],
      "rdf:predicate": [
        {
          "@id": "rdfs:comment"
        }
      ]
    },
    {
      "@id": "https://data.datatourisme.fr/70dcb522-75ff-3166-bc43-144abbeb0741",
      "dc:contributor": [
        "https://api.deepl.com/v2/translate"
      ],
      "rdf:language": [
        "nl"
      ],
      "rdf:predicate": [
        {
          "@id": "rdfs:comment"
        }
      ]
    },
    {
      "@id": "https://data.datatourisme.fr/c79e1b00-571b-3ce3-ba27-865a041875b9",
      "dc:contributor": [
        "https://api.deepl.com/v2/translate"
      ],
      "rdf:language": [
        "es"
      ],
      "rdf:predicate": [
        {
          "@id": "rdfs:comment"
        }
      ]
    }
  ],
  "isLocatedAt": [
    {
      "@id": "https://data.datatourisme.fr/f1530f82-483b-3e3c-a752-01e2e4d9db1f",
      "schema:address": [
        {
          "@id": "https://data.datatourisme.fr/6956ffe6-996e-3a24-8ef3-3192f36a2050",
          "schema:addressLocality": "Calvi",
          "schema:postalCode": "20260",
          "schema:streetAddress": [
            "Place Marchal"
          ],
          "@type": [
            "schema:PostalAddress",
            "PostalAddress"
          ],
          "hasAddressCity": {
            "@id": "kb:2B050",
            "@type": [
              "City"
            ],
            "rdfs:label": {
              "en": [
                "Calvi"
              ],
              "fr": [
                "Calvi"
              ]
            },
            "insee": "2B050",
            "isPartOfDepartment": {
              "@id": "kb:France942B",
              "@type": [
                "Department"
              ],
              "rdfs:label": {
                "en": [
                  "Haute-Corse"
                ],
                "fr": [
                  "Haute-Corse"
                ]
              },
              "insee": "2B",
              "isPartOfRegion": {
                "@id": "kb:France94",
                "@type": [
                  "Region"
                ],
                "rdfs:label": {
                  "en": [
                    "Corse"
                  ],
                  "fr": [
                    "Corse"
                  ]
                },
                "insee": "94",
                "isPartOfCountry": {
                  "@id": "kb:France",
                  "@type": [
                    "schema:Country"
                  ],
                  "rdfs:label": {
                    "de": [
                      "Frankreich"
                    ],
                    "pt": [
                      "França"
                    ],
                    "en": [
                      "France"
                    ],
                    "it": [
                      "Francia"
                    ],
                    "fr": [
                      "France"
                    ],
                    "nl": [
                      "Frankrijk"
                    ],
                    "es": [
                      "Francia"
                    ]
                  }
                }
              }
            }
          }
        }
      ],
      "schema:geo": {
        "@id": "https://data.datatourisme.fr/b7423a96-4de9-3d93-b202-092dd4ad4f28",
        "schema:latitude": "42.567218",
        "schema:longitude": "8.757295",
        "@type": [
          "schema:GeoCoordinates"
        ]
      },
      "schema:openingHoursSpecification": [
        {
          "@id": "https://data.datatourisme.fr/fdf006f6-78d8-3e0e-9193-15f9adb4c247",
          "schema:validFrom": "2023-04-01T00:00:00",
          "schema:validThrough": "2023-10-31T23:59:59",
          "@type": [
            "schema:OpeningHoursSpecification"
          ],
          "additionalInformation": {
            "de": [
              "Zeitraum nur zur Orientierung."
            ],
            "en": [
              "Period for information only."
            ],
            "it": [
              "Periodo indicativo."
            ],
            "fr": [
              "Période à titre indicatif."
            ],
            "es": [
              "Periodo indicativo."
            ],
            "nl": [
              "Indicatieve periode."
            ]
          },
          "hasTranslatedProperty": [
            {
              "@id": "https://data.datatourisme.fr/0e1060e4-13b8-34bc-9a3c-327d443e19c0",
              "dc:contributor": [
                "https://api.deepl.com/v2/translate"
              ],
              "rdf:language": [
                "es"
              ],
              "rdf:predicate": [
                "additionalInformation"
              ]
            },
            {
              "@id": "https://data.datatourisme.fr/bde9246b-f294-3c7e-905f-deeb99d6a3ce",
              "dc:contributor": [
                "https://api.deepl.com/v2/translate"
              ],
              "rdf:language": [
                "en"
              ],
              "rdf:predicate": [
                "additionalInformation"
              ]
            },
            {
              "@id": "https://data.datatourisme.fr/cdd33ec4-7890-3118-a24e-5e971b1d9292",
              "dc:contributor": [
                "https://api.deepl.com/v2/translate"
              ],
              "rdf:language": [
                "de"
              ],
              "rdf:predicate": [
                "additionalInformation"
              ]
            },
            {
              "@id": "https://data.datatourisme.fr/d040bcb3-0ca6-317a-91d9-86f337485a4a",
              "dc:contributor": [
                "https://api.deepl.com/v2/translate"
              ],
              "rdf:language": [
                "it"
              ],
              "rdf:predicate": [
                "additionalInformation"
              ]
            },
            {
              "@id": "https://data.datatourisme.fr/e5ce2540-47df-3ef7-a0f2-a41b6b2400e3",
              "dc:contributor": [
                "https://api.deepl.com/v2/translate"
              ],
              "rdf:language": [
                "nl"
              ],
              "rdf:predicate": [
                "additionalInformation"
              ]
            }
          ]
        }
      ],
      "@type": [
        "schema:Place",
        "Place"
      ]
    }
  ],
  "isOwnedBy": [
    {
      "@id": "https://data.datatourisme.fr/194c52e6-bbae-33dc-8464-caca97844fbb",
      "schema:email": [
        "info@balagne-corsica.com"
      ],
      "schema:legalName": "Office de Tourisme Intercommunal Calvi - Balagne",
      "@type": [
        "schema:Organization",
        "foaf:Agent",
        "Agent"
      ],
      "foaf:homepage": [
        "https://www.balagne-corsica.com/"
      ]
    }
  ],
  "lastUpdate": "2022-05-03",
  "lastUpdateDatatourisme": "2023-02-01T18:07:35.692Z"
}