{
  "@id": "https://data.datatourisme.fr/13/605fb407-f43c-337c-bd22-3505ec7520cf",
  "dc:identifier": "5495782",
  "@type": [
    "schema:LocalBusiness",
    "ActivityProvider",
    "PlaceOfInterest",
    "PointOfInterest",
    "Store"
  ],
  "rdfs:comment": {
    "de": [
      "Reitzentrum, das Ausritte mit Baden für erfahrene Reiter und Macchia-Ausritte für Anfänger anbietet. Ponyreiten an der Hand ab 3 Jahren. FFE-Label."
    ],
    "en": [
      "Equestrian centre offering horse rides with swimming for experienced riders and maquis rides for beginners. Pony rides held in hand from 3 years old. FFE label."
    ],
    "it": [
      "Centro ippico che offre passeggiate a cavallo con nuoto per cavalieri esperti e passeggiate nella macchia per i principianti. Giri in pony tenuti in mano a partire dai 3 anni. Etichetta FFE."
    ],
    "fr": [
      "Centre équestre proposant des balades à cheval avec baignade pour les cavaliers confirmés et des balades maquis pour les débutants. Tour de poney tenu en main à partir de 3 ans. Label FFE."
    ],
    "nl": [
      "Ruitersportcentrum dat paardrijden met zwemmen aanbiedt voor ervaren ruiters en maquisritten voor beginners. Ponyritjes in de hand gehouden vanaf 3 jaar. FFE label."
    ],
    "es": [
      "Centro ecuestre que ofrece paseos a caballo con natación para jinetes experimentados y paseos en maquis para principiantes. Paseos en poni en mano a partir de los 3 años. Etiqueta FFE."
    ]
  },
  "rdfs:label": {
    "fr": [
      "Les écuries de l'Oso"
    ]
  },
  "hasBeenCreatedBy": {
    "@id": "https://data.datatourisme.fr/13/84c6494d-3085-3c63-a55c-db8cb047fadd",
    "dc:identifier": "1738",
    "schema:email": [
      "camillef.omt@gmail.com",
      "direction@destination-sudcorse.com",
      "gestion@destination-sudcorse.com",
      "promotion@destination-sudcorse.com",
      "webmaster@destination-sudcorse.com"
    ],
    "schema:legalName": "Porto Vecchio Tourisme",
    "@type": [
      "schema:Organization",
      "foaf:Agent",
      "Agent"
    ],
    "foaf:homepage": [
      "http://www.ot-portovecchio.com/"
    ]
  },
  "hasBeenPublishedBy": [
    {
      "@id": "https://data.datatourisme.fr/8a9feb4b-2cbd-3d2c-b507-bd6c6776b23b",
      "schema:legalName": "Apidae Tourisme Scic SA - source : Apidae Tourisme",
      "@type": [
        "schema:Organization",
        "foaf:Agent",
        "Agent"
      ],
      "foaf:homepage": [
        "https://www.apidae-tourisme.com/"
      ]
    }
  ],
  "hasContact": [
    {
      "@id": "https://data.datatourisme.fr/e6634bfe-339a-37bd-a36b-0c8c51ef74fd",
      "schema:email": [
        "ecuriesdeloso@gmail.com"
      ],
      "schema:telephone": [
        "+33 6 28 24 64 67"
      ],
      "@type": [
        "foaf:Agent",
        "Agent"
      ]
    }
  ],
  "hasDescription": [
    {
      "@id": "https://data.datatourisme.fr/4e3da11d-3743-37ca-8dc8-12f828829aa0",
      "@type": [
        "Description"
      ],
      "hasTranslatedProperty": [
        {
          "@id": "https://data.datatourisme.fr/02cd9623-b135-3404-b2eb-7a80da03f537",
          "dc:contributor": [
            "https://api.deepl.com/v2/translate"
          ],
          "rdf:language": [
            "nl"
          ],
          "rdf:predicate": [
            "shortDescription"
          ]
        },
        {
          "@id": "https://data.datatourisme.fr/277e6567-1933-3903-819c-072681e68ed4",
          "dc:contributor": [
            "https://api.deepl.com/v2/translate"
          ],
          "rdf:language": [
            "es"
          ],
          "rdf:predicate": [
            "shortDescription"
          ]
        },
        {
          "@id": "https://data.datatourisme.fr/8682d918-2540-31f4-a91b-046455b1dbe3",
          "dc:contributor": [
            "https://api.deepl.com/v2/translate"
          ],
          "rdf:language": [
            "en"
          ],
          "rdf:predicate": [
            "shortDescription"
          ]
        },
        {
          "@id": "https://data.datatourisme.fr/acef87c8-9cf6-35af-99b8-0849220d4812",
          "dc:contributor": [
            "https://api.deepl.com/v2/translate"
          ],
          "rdf:language": [
            "de"
          ],
          "rdf:predicate": [
            "shortDescription"
          ]
        },
        {
          "@id": "https://data.datatourisme.fr/eda13b6f-da4b-3eca-be87-03cfc0fc7ed3",
          "dc:contributor": [
            "https://api.deepl.com/v2/translate"
          ],
          "rdf:language": [
            "it"
          ],
          "rdf:predicate": [
            "shortDescription"
          ]
        }
      ],
      "shortDescription": {
        "de": [
          "Reitzentrum, das Ausritte mit Baden für erfahrene Reiter und Macchia-Ausritte für Anfänger anbietet. Ponyreiten an der Hand ab 3 Jahren. FFE-Label."
        ],
        "en": [
          "Equestrian centre offering horse rides with swimming for experienced riders and maquis rides for beginners. Pony rides held in hand from 3 years old. FFE label."
        ],
        "it": [
          "Centro ippico che offre passeggiate a cavallo con nuoto per cavalieri esperti e passeggiate nella macchia per i principianti. Giri in pony tenuti in mano a partire dai 3 anni. Etichetta FFE."
        ],
        "fr": [
          "Centre équestre proposant des balades à cheval avec baignade pour les cavaliers confirmés et des balades maquis pour les débutants. Tour de poney tenu en main à partir de 3 ans. Label FFE."
        ],
        "nl": [
          "Ruitersportcentrum dat paardrijden met zwemmen aanbiedt voor ervaren ruiters en maquisritten voor beginners. Ponyritjes in de hand gehouden vanaf 3 jaar. FFE label."
        ],
        "es": [
          "Centro ecuestre que ofrece paseos a caballo con natación para jinetes experimentados y paseos en maquis para principiantes. Paseos en poni en mano a partir de los 3 años. Etiqueta FFE."
        ]
      }
    }
  ],
  "hasTheme": [
    {
      "@id": "kb:Riding",
      "@type": [
        "SportsTheme"
      ],
      "rdfs:label": {
        "de": [
          "Reiten"
        ],
        "pt": [
          "Equitação"
        ],
        "en": [
          "Riding"
        ],
        "it": [
          "Equitazione"
        ],
        "fr": [
          "Equitation"
        ],
        "nl": [
          "Paardrijden"
        ],
        "es": [
          "Equitación"
        ]
      }
    }
  ],
  "hasTranslatedProperty": [
    {
      "@id": "https://data.datatourisme.fr/3558b632-b98d-3592-9c3d-368950a69447",
      "dc:contributor": [
        "https://api.deepl.com/v2/translate"
      ],
      "rdf:language": [
        "it"
      ],
      "rdf:predicate": [
        {
          "@id": "rdfs:comment"
        }
      ]
    },
    {
      "@id": "https://data.datatourisme.fr/46f3a175-dafd-3bc0-90d6-f3837811b7ae",
      "dc:contributor": [
        "https://api.deepl.com/v2/translate"
      ],
      "rdf:language": [
        "nl"
      ],
      "rdf:predicate": [
        {
          "@id": "rdfs:comment"
        }
      ]
    },
    {
      "@id": "https://data.datatourisme.fr/902ec48c-2f9a-3a2a-a369-2226bdbcd205",
      "dc:contributor": [
        "https://api.deepl.com/v2/translate"
      ],
      "rdf:language": [
        "es"
      ],
      "rdf:predicate": [
        {
          "@id": "rdfs:comment"
        }
      ]
    },
    {
      "@id": "https://data.datatourisme.fr/b8c2b919-5def-3553-8ac5-d26b457fcc41",
      "dc:contributor": [
        "https://api.deepl.com/v2/translate"
      ],
      "rdf:language": [
        "de"
      ],
      "rdf:predicate": [
        {
          "@id": "rdfs:comment"
        }
      ]
    },
    {
      "@id": "https://data.datatourisme.fr/d2175850-74fc-3221-b79f-2c83f6ea9ee1",
      "dc:contributor": [
        "https://api.deepl.com/v2/translate"
      ],
      "rdf:language": [
        "en"
      ],
      "rdf:predicate": [
        {
          "@id": "rdfs:comment"
        }
      ]
    }
  ],
  "isLocatedAt": [
    {
      "@id": "https://data.datatourisme.fr/1f46e738-3599-3d1c-af4d-5b90055df2f8",
      "schema:address": [
        {
          "@id": "https://data.datatourisme.fr/03a2e7d0-52bf-349d-8f98-5c69c217c9be",
          "schema:addressLocality": "Lecci",
          "schema:postalCode": "20137",
          "schema:streetAddress": [
            "Route de St Cyprien"
          ],
          "@type": [
            "schema:PostalAddress",
            "PostalAddress"
          ],
          "hasAddressCity": {
            "@id": "kb:2A139",
            "@type": [
              "City"
            ],
            "rdfs:label": {
              "en": [
                "Lecci"
              ],
              "fr": [
                "Lecci"
              ]
            },
            "insee": "2A139",
            "isPartOfDepartment": {
              "@id": "kb:France942A",
              "@type": [
                "Department"
              ],
              "rdfs:label": {
                "en": [
                  "Corse-du-Sud"
                ],
                "fr": [
                  "Corse-du-Sud"
                ]
              },
              "insee": "2A",
              "isPartOfRegion": {
                "@id": "kb:France94",
                "@type": [
                  "Region"
                ],
                "rdfs:label": {
                  "en": [
                    "Corse"
                  ],
                  "fr": [
                    "Corse"
                  ]
                },
                "insee": "94",
                "isPartOfCountry": {
                  "@id": "kb:France",
                  "@type": [
                    "schema:Country"
                  ],
                  "rdfs:label": {
                    "de": [
                      "Frankreich"
                    ],
                    "pt": [
                      "França"
                    ],
                    "en": [
                      "France"
                    ],
                    "it": [
                      "Francia"
                    ],
                    "fr": [
                      "France"
                    ],
                    "nl": [
                      "Frankrijk"
                    ],
                    "es": [
                      "Francia"
                    ]
                  }
                }
              }
            }
          }
        }
      ],
      "schema:geo": {
        "@id": "https://data.datatourisme.fr/c3c129cb-a050-3f4a-af17-84f756a9d290",
        "schema:latitude": "41.666224",
        "schema:longitude": "9.310963",
        "@type": [
          "schema:GeoCoordinates"
        ]
      },
      "schema:openingHoursSpecification": [
        {
          "@id": "https://data.datatourisme.fr/660251cf-ec02-3db1-9089-75c1be00e227",
          "schema:validFrom": "2023-01-01T00:00:00",
          "schema:validThrough": "2023-12-31T23:59:59",
          "@type": [
            "schema:OpeningHoursSpecification"
          ],
          "additionalInformation": {
            "de": [
              "Winter dienstags geschlossen\r\nSommer Sonntag geschlossen"
            ],
            "en": [
              "Winter closed on Tuesday\r\nSummer closed on Sunday"
            ],
            "it": [
              "Inverno chiuso martedì\r\nEstate chiusa la domenica"
            ],
            "fr": [
              "Hiver fermé le mardi \r\nEté fermé le dimanche"
            ],
            "nl": [
              "Winter gesloten op dinsdag\r\nZomer gesloten op zondag"
            ],
            "es": [
              "El martes se cierra el invierno\r\nVerano cerrado el domingo"
            ]
          },
          "hasTranslatedProperty": [
            {
              "@id": "https://data.datatourisme.fr/1ae202eb-8a0b-342b-9a9d-97884ed12ddd",
              "dc:contributor": [
                "https://api.deepl.com/v2/translate"
              ],
              "rdf:language": [
                "nl"
              ],
              "rdf:predicate": [
                "additionalInformation"
              ]
            },
            {
              "@id": "https://data.datatourisme.fr/23f151c1-db07-3dee-bed3-0dde8f87596b",
              "dc:contributor": [
                "https://api.deepl.com/v2/translate"
              ],
              "rdf:language": [
                "es"
              ],
              "rdf:predicate": [
                "additionalInformation"
              ]
            },
            {
              "@id": "https://data.datatourisme.fr/362298f7-1945-35f6-addf-78a589ee0aeb",
              "dc:contributor": [
                "https://api.deepl.com/v2/translate"
              ],
              "rdf:language": [
                "it"
              ],
              "rdf:predicate": [
                "additionalInformation"
              ]
            },
            {
              "@id": "https://data.datatourisme.fr/43818a47-dd91-39c4-b2a4-35fa89c75a1c",
              "dc:contributor": [
                "https://api.deepl.com/v2/translate"
              ],
              "rdf:language": [
                "en"
              ],
              "rdf:predicate": [
                "additionalInformation"
              ]
            },
            {
              "@id": "https://data.datatourisme.fr/c71ca0b0-0ac9-3549-b3a2-c296f09e71d8",
              "dc:contributor": [
                "https://api.deepl.com/v2/translate"
              ],
              "rdf:language": [
                "de"
              ],
              "rdf:predicate": [
                "additionalInformation"
              ]
            }
          ]
        }
      ],
      "@type": [
        "schema:Place",
        "Place"
      ]
    }
  ],
  "isOwnedBy": [
    {
      "@id": "https://data.datatourisme.fr/f5f950f9-5eec-32b4-a357-2c969ccf4068",
      "schema:email": [
        "camillef.omt@gmail.com",
        "direction@destination-sudcorse.com",
        "gestion@destination-sudcorse.com",
        "promotion@destination-sudcorse.com",
        "webmaster@destination-sudcorse.com"
      ],
      "schema:legalName": "Porto Vecchio Tourisme",
      "@type": [
        "schema:Organization",
        "foaf:Agent",
        "Agent"
      ],
      "foaf:homepage": [
        "http://www.ot-portovecchio.com/"
      ]
    }
  ],
  "lastUpdate": "2022-11-07",
  "lastUpdateDatatourisme": "2023-02-10T06:39:19.809Z"
}