{
  "@id": "https://data.datatourisme.fr/13/c35f4834-39a7-3642-a85b-72960fa2e4e3",
  "dc:identifier": "5904573",
  "@type": [
    "PlaceOfInterest",
    "PointOfInterest",
    "SportsAndLeisurePlace"
  ],
  "rdfs:comment": {
    "de": [
      "Ausflüge mit dem Geländewagen in die Alta Rocca, um das authentische Korsika zu entdecken, auf Straßen und Pisten, von Ospédale bis Bavella, ohne die wunderschöne Hochebene von Cuscionu und andere zu vergessen. Die Mahlzeiten sind inbegriffen und werden in einem Restaurant oder in Form eines Picknicks eingenommen."
    ],
    "en": [
      "Excursions in 4X4 in the Alta Rocca, to discover the authentic Corsica, on roads and tracks, from the Ospedale to Bavella without forgetting the magnificent plateau of Cuscionu and others. The meal is included and will be done in the restaurant or in the form of picnic."
    ],
    "it": [
      "Escursioni in 4X4 nell'Alta Rocca, per scoprire la Corsica autentica, su strade e sentieri, dall'Ospedale a Bavella senza dimenticare il magnifico altopiano di Cuscionu e altri. I pasti sono inclusi e saranno consumati in un ristorante o come picnic."
    ],
    "fr": [
      "Excursions en 4X4 dans l'Alta Rocca, pour découvrir la Corse authentique, sur routes et pistes, de l'Ospédale à Bavella sans oublier le magnifique plateau de Cuscionu et autres. Le repas est inclus et se fera au restaurant ou sous forme de pique-nique."
    ],
    "es": [
      "Excursiones en 4X4 en la Alta Rocca, para descubrir la auténtica Córcega, por carreteras y pistas, desde el Ospedale hasta Bavella sin olvidar la magnífica meseta de Cuscionu y otras. Las comidas están incluidas y se harán en un restaurante o en forma de picnic."
    ],
    "nl": [
      "Excursies in 4X4 in de Alta Rocca, om het authentieke Corsica te ontdekken, op wegen en paden, van de Ospedale tot Bavella zonder het prachtige plateau van Cuscionu en andere te vergeten. De maaltijden zijn inbegrepen en worden gebruikt in een restaurant of als picknick."
    ]
  },
  "rdfs:label": {
    "fr": [
      "Kalliste Raid 4x4"
    ]
  },
  "hasBeenCreatedBy": {
    "@id": "https://data.datatourisme.fr/13/84c6494d-3085-3c63-a55c-db8cb047fadd",
    "dc:identifier": "1738",
    "schema:email": [
      "camillef.omt@gmail.com",
      "direction@destination-sudcorse.com",
      "gestion@destination-sudcorse.com",
      "promotion@destination-sudcorse.com",
      "webmaster@destination-sudcorse.com"
    ],
    "schema:legalName": "Porto Vecchio Tourisme",
    "@type": [
      "schema:Organization",
      "foaf:Agent",
      "Agent"
    ],
    "foaf:homepage": [
      "http://www.ot-portovecchio.com/"
    ]
  },
  "hasBeenPublishedBy": [
    {
      "@id": "https://data.datatourisme.fr/8a9feb4b-2cbd-3d2c-b507-bd6c6776b23b",
      "schema:legalName": "Apidae Tourisme Scic SA - source : Apidae Tourisme",
      "@type": [
        "schema:Organization",
        "foaf:Agent",
        "Agent"
      ],
      "foaf:homepage": [
        "https://www.apidae-tourisme.com/"
      ]
    }
  ],
  "hasContact": [
    {
      "@id": "https://data.datatourisme.fr/d7d77966-b099-3d40-9c07-b5824ea3573c",
      "schema:email": [
        "vallijacques2@gmail.com"
      ],
      "schema:telephone": [
        "+33 6 63 17 38 25"
      ],
      "@type": [
        "foaf:Agent",
        "Agent"
      ],
      "foaf:homepage": [
        "https://www.kalliste4x4.com/"
      ]
    }
  ],
  "hasDescription": [
    {
      "@id": "https://data.datatourisme.fr/41011567-b8ad-3979-be99-8f24489efd9b",
      "@type": [
        "Description"
      ],
      "hasTranslatedProperty": [
        {
          "@id": "https://data.datatourisme.fr/19311e0b-8bc3-35d4-808f-256e4c723422",
          "dc:contributor": [
            "https://api.deepl.com/v2/translate"
          ],
          "rdf:language": [
            "de"
          ],
          "rdf:predicate": [
            "shortDescription"
          ]
        },
        {
          "@id": "https://data.datatourisme.fr/3cbae5f0-46af-3178-ace6-98bfc7a084b5",
          "dc:contributor": [
            "https://api.deepl.com/v2/translate"
          ],
          "rdf:language": [
            "nl"
          ],
          "rdf:predicate": [
            "shortDescription"
          ]
        },
        {
          "@id": "https://data.datatourisme.fr/3e1970ac-4480-3912-b7a4-9651770b6450",
          "dc:contributor": [
            "https://api.deepl.com/v2/translate"
          ],
          "rdf:language": [
            "it"
          ],
          "rdf:predicate": [
            "shortDescription"
          ]
        },
        {
          "@id": "https://data.datatourisme.fr/8d38c5f2-bee0-3c43-b7d6-705180d81f04",
          "dc:contributor": [
            "https://api.deepl.com/v2/translate"
          ],
          "rdf:language": [
            "es"
          ],
          "rdf:predicate": [
            "shortDescription"
          ]
        },
        {
          "@id": "https://data.datatourisme.fr/c7aa9aa3-e90a-3dbe-a065-1a4b32b3f6ac",
          "dc:contributor": [
            "https://api.deepl.com/v2/translate"
          ],
          "rdf:language": [
            "en"
          ],
          "rdf:predicate": [
            "shortDescription"
          ]
        }
      ],
      "shortDescription": {
        "de": [
          "Ausflüge mit dem Geländewagen in die Alta Rocca, um das authentische Korsika zu entdecken, auf Straßen und Pisten, von Ospédale bis Bavella, ohne die wunderschöne Hochebene von Cuscionu und andere zu vergessen. Die Mahlzeiten sind inbegriffen und werden in einem Restaurant oder in Form eines Picknicks eingenommen."
        ],
        "en": [
          "Excursions in 4X4 in the Alta Rocca, to discover the authentic Corsica, on roads and tracks, from the Ospedale to Bavella without forgetting the magnificent plateau of Cuscionu and others. The meal is included and will be done in the restaurant or in the form of picnic."
        ],
        "it": [
          "Escursioni in 4X4 nell'Alta Rocca, per scoprire la Corsica autentica, su strade e sentieri, dall'Ospedale a Bavella senza dimenticare il magnifico altopiano di Cuscionu e altri. I pasti sono inclusi e saranno consumati in un ristorante o come picnic."
        ],
        "fr": [
          "Excursions en 4X4 dans l'Alta Rocca, pour découvrir la Corse authentique, sur routes et pistes, de l'Ospédale à Bavella sans oublier le magnifique plateau de Cuscionu et autres. Le repas est inclus et se fera au restaurant ou sous forme de pique-nique."
        ],
        "es": [
          "Excursiones en 4X4 en la Alta Rocca, para descubrir la auténtica Córcega, por carreteras y pistas, desde el Ospedale hasta Bavella sin olvidar la magnífica meseta de Cuscionu y otras. Las comidas están incluidas y se harán en un restaurante o en forma de picnic."
        ],
        "nl": [
          "Excursies in 4X4 in de Alta Rocca, om het authentieke Corsica te ontdekken, op wegen en paden, van de Ospedale tot Bavella zonder het prachtige plateau van Cuscionu en andere te vergeten. De maaltijden zijn inbegrepen en worden gebruikt in een restaurant of als picknick."
        ]
      }
    }
  ],
  "hasTheme": [
    {
      "@id": "kb:FourWheelDrive",
      "@type": [
        "SportsTheme"
      ],
      "rdfs:label": {
        "de": [
          "4 × 4"
        ],
        "pt": [
          "4 X 4"
        ],
        "en": [
          "Four-wheel drive"
        ],
        "it": [
          "4 × 4"
        ],
        "fr": [
          "4 x 4"
        ],
        "nl": [
          "4 × 4"
        ],
        "es": [
          "4 x 4"
        ]
      }
    }
  ],
  "hasTranslatedProperty": [
    {
      "@id": "https://data.datatourisme.fr/1140d1a6-59d4-3c9d-98ed-a47ef5e835f8",
      "dc:contributor": [
        "https://api.deepl.com/v2/translate"
      ],
      "rdf:language": [
        "it"
      ],
      "rdf:predicate": [
        {
          "@id": "rdfs:comment"
        }
      ]
    },
    {
      "@id": "https://data.datatourisme.fr/37731617-8b75-3ce3-ae67-b9dd29eb862b",
      "dc:contributor": [
        "https://api.deepl.com/v2/translate"
      ],
      "rdf:language": [
        "de"
      ],
      "rdf:predicate": [
        {
          "@id": "rdfs:comment"
        }
      ]
    },
    {
      "@id": "https://data.datatourisme.fr/4515d25d-c2dd-36fa-ba40-f8c94886add1",
      "dc:contributor": [
        "https://api.deepl.com/v2/translate"
      ],
      "rdf:language": [
        "nl"
      ],
      "rdf:predicate": [
        {
          "@id": "rdfs:comment"
        }
      ]
    },
    {
      "@id": "https://data.datatourisme.fr/60f42e02-f3bf-3b09-9ac4-790d0ef6f8a0",
      "dc:contributor": [
        "https://api.deepl.com/v2/translate"
      ],
      "rdf:language": [
        "es"
      ],
      "rdf:predicate": [
        {
          "@id": "rdfs:comment"
        }
      ]
    },
    {
      "@id": "https://data.datatourisme.fr/bec32024-2182-36ce-a12c-20f361bb39c5",
      "dc:contributor": [
        "https://api.deepl.com/v2/translate"
      ],
      "rdf:language": [
        "en"
      ],
      "rdf:predicate": [
        {
          "@id": "rdfs:comment"
        }
      ]
    }
  ],
  "isLocatedAt": [
    {
      "@id": "https://data.datatourisme.fr/d44c2991-2bb1-3826-8ec2-c36fa7c4a54c",
      "schema:address": [
        {
          "@id": "https://data.datatourisme.fr/42cab28b-f0c5-3c71-91d9-14af3d057e27",
          "schema:addressLocality": "Porto-Vecchio",
          "schema:postalCode": "20137",
          "schema:streetAddress": [
            "Muratello"
          ],
          "@type": [
            "schema:PostalAddress",
            "PostalAddress"
          ],
          "hasAddressCity": {
            "@id": "kb:2A247",
            "@type": [
              "City"
            ],
            "rdfs:label": {
              "en": [
                "Porto-Vecchio"
              ],
              "fr": [
                "Porto-Vecchio"
              ]
            },
            "insee": "2A247",
            "isPartOfDepartment": {
              "@id": "kb:France942A",
              "@type": [
                "Department"
              ],
              "rdfs:label": {
                "en": [
                  "Corse-du-Sud"
                ],
                "fr": [
                  "Corse-du-Sud"
                ]
              },
              "insee": "2A",
              "isPartOfRegion": {
                "@id": "kb:France94",
                "@type": [
                  "Region"
                ],
                "rdfs:label": {
                  "en": [
                    "Corse"
                  ],
                  "fr": [
                    "Corse"
                  ]
                },
                "insee": "94",
                "isPartOfCountry": {
                  "@id": "kb:France",
                  "@type": [
                    "schema:Country"
                  ],
                  "rdfs:label": {
                    "de": [
                      "Frankreich"
                    ],
                    "pt": [
                      "França"
                    ],
                    "en": [
                      "France"
                    ],
                    "it": [
                      "Francia"
                    ],
                    "fr": [
                      "France"
                    ],
                    "nl": [
                      "Frankrijk"
                    ],
                    "es": [
                      "Francia"
                    ]
                  }
                }
              }
            }
          }
        }
      ],
      "schema:geo": {
        "@id": "https://data.datatourisme.fr/2da039eb-d294-3493-81e6-78052cc5cc27",
        "schema:latitude": "41.592145",
        "schema:longitude": "9.213388",
        "@type": [
          "schema:GeoCoordinates"
        ]
      },
      "schema:openingHoursSpecification": [
        {
          "@id": "https://data.datatourisme.fr/6339ec72-b856-3de0-a0a1-654de3ecc3b0",
          "schema:validFrom": "2023-01-16T00:00:00",
          "schema:validThrough": "2023-12-24T23:59:59",
          "@type": [
            "schema:OpeningHoursSpecification"
          ],
          "additionalInformation": {
            "de": [
              "Montag, Dienstag, Mittwoch, Donnerstag, Freitag, Samstag, Sonntag: 09:00 bis 18:00 Uhr"
            ],
            "en": [
              "Monday, Tuesday, Wednesday, Thursday, Friday, Saturday, Sunday : 09h to 18h"
            ],
            "it": [
              "Lunedì, martedì, mercoledì, giovedì, venerdì, sabato, domenica: dalle 09:00 alle 18:00"
            ],
            "fr": [
              "Lundi, Mardi, Mercredi, Jeudi, Vendredi, Samedi, Dimanche : 09h à 18h"
            ],
            "nl": [
              "Maandag, dinsdag, woensdag, donderdag, vrijdag, zaterdag en zondag: 09:00 tot 18:00 uur"
            ],
            "es": [
              "Lunes, martes, miércoles, jueves, viernes, sábado y domingo: de 09:00 a 18:00"
            ]
          },
          "hasTranslatedProperty": [
            {
              "@id": "https://data.datatourisme.fr/68ff1cff-6ead-324c-a4b3-170a85e96ca2",
              "dc:contributor": [
                "https://api.deepl.com/v2/translate"
              ],
              "rdf:language": [
                "it"
              ],
              "rdf:predicate": [
                "additionalInformation"
              ]
            },
            {
              "@id": "https://data.datatourisme.fr/767fc9c8-0fae-3216-b3b3-9addd0dcda20",
              "dc:contributor": [
                "https://api.deepl.com/v2/translate"
              ],
              "rdf:language": [
                "de"
              ],
              "rdf:predicate": [
                "additionalInformation"
              ]
            },
            {
              "@id": "https://data.datatourisme.fr/b4796c01-55b2-39bf-b566-634a3f03c1f1",
              "dc:contributor": [
                "https://api.deepl.com/v2/translate"
              ],
              "rdf:language": [
                "en"
              ],
              "rdf:predicate": [
                "additionalInformation"
              ]
            },
            {
              "@id": "https://data.datatourisme.fr/b6c82715-d251-3c48-b99f-1842270ccb8c",
              "dc:contributor": [
                "https://api.deepl.com/v2/translate"
              ],
              "rdf:language": [
                "es"
              ],
              "rdf:predicate": [
                "additionalInformation"
              ]
            },
            {
              "@id": "https://data.datatourisme.fr/f37347d6-e95d-383a-b08f-0e275a415116",
              "dc:contributor": [
                "https://api.deepl.com/v2/translate"
              ],
              "rdf:language": [
                "nl"
              ],
              "rdf:predicate": [
                "additionalInformation"
              ]
            }
          ]
        }
      ],
      "@type": [
        "schema:Place",
        "Place"
      ]
    }
  ],
  "isOwnedBy": [
    {
      "@id": "https://data.datatourisme.fr/f5f950f9-5eec-32b4-a357-2c969ccf4068",
      "schema:email": [
        "camillef.omt@gmail.com",
        "direction@destination-sudcorse.com",
        "gestion@destination-sudcorse.com",
        "promotion@destination-sudcorse.com",
        "webmaster@destination-sudcorse.com"
      ],
      "schema:legalName": "Porto Vecchio Tourisme",
      "@type": [
        "schema:Organization",
        "foaf:Agent",
        "Agent"
      ],
      "foaf:homepage": [
        "http://www.ot-portovecchio.com/"
      ]
    }
  ],
  "lastUpdate": "2023-01-24",
  "lastUpdateDatatourisme": "2023-02-23T06:39:42.757Z",
  "offers": [
    {
      "@id": "https://data.datatourisme.fr/92fc5034-e84e-3e60-adb5-b77d1d9fd749",
      "schema:priceSpecification": [
        {
          "@id": "https://data.datatourisme.fr/7501c69a-65ba-3107-bae1-3a8f13f2730f",
          "schema:priceCurrency": "EUR",
          "@type": [
            "schema:PriceSpecification",
            "PriceSpecification"
          ],
          "appliesOnPeriod": [
            {
              "@id": "https://data.datatourisme.fr/797fc924-016b-3f4f-b4ae-6c18de75a383",
              "@type": [
                "Period"
              ],
              "endDate": "2023-12-24",
              "startDate": "2023-01-16"
            }
          ]
        }
      ],
      "@type": [
        "schema:Offer",
        "Offer"
      ]
    }
  ]
}