{
  "@id": "https://data.datatourisme.fr/13/c3db99a1-8c09-3d61-bf7d-4d7d461d1f95",
  "dc:identifier": "5007554",
  "@type": [
    "schema:LocalBusiness",
    "CraftsmanShop",
    "PlaceOfInterest",
    "PointOfInterest",
    "Store"
  ],
  "rdfs:comment": {
    "de": [
      "Korsisches Kunsthandwerk ... Traditionelle korsische Messer, Stylus und Kreationen. Bronzegießerei mit antiker Inspiration: Waffen, Schmuck und Kreationen. Sammlung antiker Werkzeuge."
    ],
    "en": [
      "Traditional Corsican knives, stylettos and other creations. Antiquity-inspired bronze foundry: arms, jewellery and other creations. Ancient tools collection."
    ],
    "it": [
      "Artigianato corso... Coltelli, stiletti e creazioni tradizionali della Corsica. Fonderia di bronzo di antica ispirazione: armi, gioielli e creazioni. Collezione di vecchi utensili."
    ],
    "fr": [
      "Artisanat corse... Couteaux corses traditionnels, stylets et créations. Fonderie de bronze d’inspiration antique : armes, bijoux et créations. Collection d’outils anciens."
    ],
    "es": [
      "La artesanía corsa... Cuchillos tradicionales de Córcega, estilistas y creaciones. Fundición de bronce de inspiración antigua: armas, joyas y creaciones. Colección de herramientas antiguas."
    ],
    "nl": [
      "Corsicaans vakmanschap... Traditionele Corsicaanse messen, styletten en creaties. Bronsgieterij van oude inspiratie: wapens, juwelen en creaties. Verzameling van oud gereedschap."
    ]
  },
  "rdfs:label": {
    "fr": [
      "A Funderia"
    ]
  },
  "hasBeenCreatedBy": {
    "@id": "https://data.datatourisme.fr/13/e4873aa9-a05c-35ed-8395-61d121516766",
    "dc:identifier": "1646",
    "schema:email": [
      "info@balagne-corsica.com"
    ],
    "schema:legalName": "Office de Tourisme Intercommunal Calvi - Balagne",
    "@type": [
      "schema:Organization",
      "foaf:Agent",
      "Agent"
    ],
    "foaf:homepage": [
      "https://www.balagne-corsica.com/"
    ]
  },
  "hasBeenPublishedBy": [
    {
      "@id": "https://data.datatourisme.fr/8a9feb4b-2cbd-3d2c-b507-bd6c6776b23b",
      "schema:legalName": "Apidae Tourisme Scic SA - source : Apidae Tourisme",
      "@type": [
        "schema:Organization",
        "foaf:Agent",
        "Agent"
      ],
      "foaf:homepage": [
        "https://www.apidae-tourisme.com/"
      ]
    }
  ],
  "hasContact": [
    {
      "@id": "https://data.datatourisme.fr/42c0bde6-de82-3f4a-a1eb-dbe4bcfe5bfc",
      "schema:email": [
        "gillu2b@gmail.com"
      ],
      "schema:telephone": [
        "+33 6 79 07 31 62"
      ],
      "@type": [
        "foaf:Agent",
        "Agent"
      ]
    }
  ],
  "hasDescription": [
    {
      "@id": "https://data.datatourisme.fr/682186ba-e31c-334c-8da5-51a1425bb7fe",
      "@type": [
        "Description"
      ],
      "hasTranslatedProperty": [
        {
          "@id": "https://data.datatourisme.fr/50c9130a-9e12-32b0-9d5b-63354e7776a1",
          "dc:contributor": [
            "https://api.deepl.com/v2/translate"
          ],
          "rdf:language": [
            "de"
          ],
          "rdf:predicate": [
            "shortDescription"
          ]
        },
        {
          "@id": "https://data.datatourisme.fr/56d32340-1ab4-30d1-a5de-f345087e7a3e",
          "dc:contributor": [
            "https://api.deepl.com/v2/translate"
          ],
          "rdf:language": [
            "nl"
          ],
          "rdf:predicate": [
            "shortDescription"
          ]
        },
        {
          "@id": "https://data.datatourisme.fr/af65a25e-dea3-3117-b252-b9c660e41f6d",
          "dc:contributor": [
            "https://api.deepl.com/v2/translate"
          ],
          "rdf:language": [
            "es"
          ],
          "rdf:predicate": [
            "shortDescription"
          ]
        }
      ],
      "shortDescription": {
        "de": [
          "Korsisches Kunsthandwerk ... Traditionelle korsische Messer, Stylus und Kreationen. Bronzegießerei mit antiker Inspiration: Waffen, Schmuck und Kreationen. Sammlung antiker Werkzeuge."
        ],
        "en": [
          "Traditional Corsican knives, stylettos and other creations. Antiquity-inspired bronze foundry: arms, jewellery and other creations. Ancient tools collection."
        ],
        "it": [
          "Artigianato corso... Coltelli, stiletti e creazioni tradizionali della Corsica. Fonderia di bronzo di antica ispirazione: armi, gioielli e creazioni. Collezione di vecchi utensili."
        ],
        "fr": [
          "Artisanat corse... Couteaux corses traditionnels, stylets et créations. Fonderie de bronze d’inspiration antique : armes, bijoux et créations. Collection d’outils anciens."
        ],
        "es": [
          "La artesanía corsa... Cuchillos tradicionales de Córcega, estilistas y creaciones. Fundición de bronce de inspiración antigua: armas, joyas y creaciones. Colección de herramientas antiguas."
        ],
        "nl": [
          "Corsicaans vakmanschap... Traditionele Corsicaanse messen, styletten en creaties. Bronsgieterij van oude inspiratie: wapens, juwelen en creaties. Verzameling van oud gereedschap."
        ]
      }
    }
  ],
  "hasTranslatedProperty": [
    {
      "@id": "https://data.datatourisme.fr/5c057331-d82a-36c0-aec8-920b546357dd",
      "dc:contributor": [
        "https://api.deepl.com/v2/translate"
      ],
      "rdf:language": [
        "nl"
      ],
      "rdf:predicate": [
        {
          "@id": "rdfs:comment"
        }
      ]
    },
    {
      "@id": "https://data.datatourisme.fr/79a74871-2987-37ec-a786-fb903a232c33",
      "dc:contributor": [
        "https://api.deepl.com/v2/translate"
      ],
      "rdf:language": [
        "es"
      ],
      "rdf:predicate": [
        {
          "@id": "rdfs:comment"
        }
      ]
    },
    {
      "@id": "https://data.datatourisme.fr/dce9d87a-aa89-39cd-91a0-86b14f3fbe34",
      "dc:contributor": [
        "https://api.deepl.com/v2/translate"
      ],
      "rdf:language": [
        "de"
      ],
      "rdf:predicate": [
        {
          "@id": "rdfs:comment"
        }
      ]
    }
  ],
  "isLocatedAt": [
    {
      "@id": "https://data.datatourisme.fr/29d2ba77-da91-3464-8613-ff6f759eb150",
      "schema:address": [
        {
          "@id": "https://data.datatourisme.fr/8665cba5-61f1-381c-8709-e31c4e15294b",
          "schema:addressLocality": "Calvi",
          "schema:postalCode": "20260",
          "schema:streetAddress": [
            "Parking du supermarché Casino"
          ],
          "@type": [
            "schema:PostalAddress",
            "PostalAddress"
          ],
          "hasAddressCity": {
            "@id": "kb:2B050",
            "@type": [
              "City"
            ],
            "rdfs:label": {
              "en": [
                "Calvi"
              ],
              "fr": [
                "Calvi"
              ]
            },
            "insee": "2B050",
            "isPartOfDepartment": {
              "@id": "kb:France942B",
              "@type": [
                "Department"
              ],
              "rdfs:label": {
                "en": [
                  "Haute-Corse"
                ],
                "fr": [
                  "Haute-Corse"
                ]
              },
              "insee": "2B",
              "isPartOfRegion": {
                "@id": "kb:France94",
                "@type": [
                  "Region"
                ],
                "rdfs:label": {
                  "en": [
                    "Corse"
                  ],
                  "fr": [
                    "Corse"
                  ]
                },
                "insee": "94",
                "isPartOfCountry": {
                  "@id": "kb:France",
                  "@type": [
                    "schema:Country"
                  ],
                  "rdfs:label": {
                    "de": [
                      "Frankreich"
                    ],
                    "pt": [
                      "França"
                    ],
                    "en": [
                      "France"
                    ],
                    "it": [
                      "Francia"
                    ],
                    "fr": [
                      "France"
                    ],
                    "nl": [
                      "Frankrijk"
                    ],
                    "es": [
                      "Francia"
                    ]
                  }
                }
              }
            }
          }
        }
      ],
      "schema:geo": {
        "@id": "https://data.datatourisme.fr/74971264-d259-328f-aa7a-a0544c743819",
        "schema:latitude": "42.55515",
        "schema:longitude": "8.761626",
        "@type": [
          "schema:GeoCoordinates"
        ]
      },
      "schema:openingHoursSpecification": [
        {
          "@id": "https://data.datatourisme.fr/e87f880d-68ca-38c5-aca6-6e6ded5124f8",
          "schema:validFrom": "2023-01-01T00:00:00",
          "schema:validThrough": "2023-12-31T23:59:59",
          "@type": [
            "schema:OpeningHoursSpecification"
          ],
          "additionalInformation": {
            "de": [
              "Geöffnet von 9:00 bis 12:00 Uhr und von 15:00 bis 19:00 Uhr"
            ],
            "en": [
              "Open from 9h to 12h and from 15h to 19h"
            ],
            "it": [
              "Aperto dalle 9.00 alle 12.00 e dalle 15.00 alle 19.00"
            ],
            "fr": [
              "Ouvert de 9h à 12h et de 15h à 19h"
            ],
            "nl": [
              "Open van 9 tot 12 uur en van 15 tot 19 uur"
            ],
            "es": [
              "Abierto de 9 a 12 y de 15 a 19 horas"
            ]
          },
          "hasTranslatedProperty": [
            {
              "@id": "https://data.datatourisme.fr/18e5e014-f01c-3aa8-bdb4-548e587f6008",
              "dc:contributor": [
                "https://api.deepl.com/v2/translate"
              ],
              "rdf:language": [
                "de"
              ],
              "rdf:predicate": [
                "additionalInformation"
              ]
            },
            {
              "@id": "https://data.datatourisme.fr/5bdb24de-3c44-3545-ab12-5788a7a28602",
              "dc:contributor": [
                "https://api.deepl.com/v2/translate"
              ],
              "rdf:language": [
                "en"
              ],
              "rdf:predicate": [
                "additionalInformation"
              ]
            },
            {
              "@id": "https://data.datatourisme.fr/67add740-aca4-38e0-baaa-77d3d2a7d7f4",
              "dc:contributor": [
                "https://api.deepl.com/v2/translate"
              ],
              "rdf:language": [
                "nl"
              ],
              "rdf:predicate": [
                "additionalInformation"
              ]
            },
            {
              "@id": "https://data.datatourisme.fr/b6846c73-d8a1-3509-891d-26f0ec36f50a",
              "dc:contributor": [
                "https://api.deepl.com/v2/translate"
              ],
              "rdf:language": [
                "es"
              ],
              "rdf:predicate": [
                "additionalInformation"
              ]
            },
            {
              "@id": "https://data.datatourisme.fr/f8f3c1c9-7a3a-3b32-96db-839b130e283c",
              "dc:contributor": [
                "https://api.deepl.com/v2/translate"
              ],
              "rdf:language": [
                "it"
              ],
              "rdf:predicate": [
                "additionalInformation"
              ]
            }
          ]
        }
      ],
      "@type": [
        "schema:Place",
        "Place"
      ]
    }
  ],
  "isOwnedBy": [
    {
      "@id": "https://data.datatourisme.fr/194c52e6-bbae-33dc-8464-caca97844fbb",
      "schema:email": [
        "info@balagne-corsica.com"
      ],
      "schema:legalName": "Office de Tourisme Intercommunal Calvi - Balagne",
      "@type": [
        "schema:Organization",
        "foaf:Agent",
        "Agent"
      ],
      "foaf:homepage": [
        "https://www.balagne-corsica.com/"
      ]
    }
  ],
  "lastUpdate": "2022-05-31",
  "lastUpdateDatatourisme": "2023-02-01T18:07:36.114Z"
}