{
  "@id": "https://data.datatourisme.fr/13/bbe83410-c36d-38cf-bf52-d10825b5dc66",
  "dc:identifier": "5216384",
  "@type": [
    "schema:LocalBusiness",
    "ActivityProvider",
    "PlaceOfInterest",
    "PointOfInterest",
    "Store"
  ],
  "rdfs:comment": {
    "de": [
      "Sportliche Aktivitäten im Freien, Windsurfen, Paddeln, Kajakfahren und Mountainbiking..."
    ],
    "en": [
      "Outdoor sports activities, windsurfing, paddle, kayaking and mountain biking..."
    ],
    "it": [
      "Attività sportive all'aperto, windsurf, pagaia, kayak e mountain bike..."
    ],
    "fr": [
      "Ecole et location de windsurf, wing, kayak, stand up paddle. Spot de Piantarella, idéal pour l’apprentissage. Cours en petit groupe ou particulier. Matériel de l'année."
    ],
    "es": [
      "Escuela y alquiler de windsurf, vela, kayak, stand up paddle. Punto Piantarella, ideal para aprender. Clases particulares o en grupos reducidos. Equipamiento disponible todo el año."
    ],
    "nl": [
      "Buitensportactiviteiten, windsurfen, peddelen, kajakken en mountainbiken..."
    ]
  },
  "rdfs:label": {
    "fr": [
      "Bonifacio Windsurf"
    ]
  },
  "hasBeenCreatedBy": {
    "@id": "https://data.datatourisme.fr/13/84c6494d-3085-3c63-a55c-db8cb047fadd",
    "dc:identifier": "1738",
    "schema:email": [
      "camillef.omt@gmail.com",
      "direction@destination-sudcorse.com",
      "gestion@destination-sudcorse.com",
      "promotion@destination-sudcorse.com",
      "webmaster@destination-sudcorse.com"
    ],
    "schema:legalName": "Porto Vecchio Tourisme",
    "@type": [
      "schema:Organization",
      "foaf:Agent",
      "Agent"
    ],
    "foaf:homepage": [
      "http://www.ot-portovecchio.com/"
    ]
  },
  "hasBeenPublishedBy": [
    {
      "@id": "https://data.datatourisme.fr/8a9feb4b-2cbd-3d2c-b507-bd6c6776b23b",
      "schema:legalName": "Apidae Tourisme Scic SA - source : Apidae Tourisme",
      "@type": [
        "schema:Organization",
        "foaf:Agent",
        "Agent"
      ],
      "foaf:homepage": [
        "https://www.apidae-tourisme.com/"
      ]
    }
  ],
  "hasContact": [
    {
      "@id": "https://data.datatourisme.fr/bd2befdc-bdc8-34ee-82ad-a1735b8f4fbf",
      "schema:email": [
        "outdoorcorsica@gmail.com"
      ],
      "schema:telephone": [
        "+33 6 80 31 51 41"
      ],
      "@type": [
        "foaf:Agent",
        "Agent"
      ],
      "foaf:homepage": [
        "https://www.bonifacio-windsurf.com/"
      ]
    }
  ],
  "hasDescription": [
    {
      "@id": "https://data.datatourisme.fr/40578475-21bf-33bb-925f-9fc615acf826",
      "@type": [
        "Description"
      ],
      "hasTranslatedProperty": [
        {
          "@id": "https://data.datatourisme.fr/ebd35062-27de-3921-a64f-a3d2873e92d3",
          "dc:contributor": [
            "https://api.deepl.com/v2/translate"
          ],
          "rdf:language": [
            "es"
          ],
          "rdf:predicate": [
            "shortDescription"
          ]
        }
      ],
      "shortDescription": {
        "de": [
          "Sportliche Aktivitäten im Freien, Windsurfen, Paddeln, Kajakfahren und Mountainbiking..."
        ],
        "en": [
          "Outdoor sports activities, windsurfing, paddle, kayaking and mountain biking..."
        ],
        "it": [
          "Attività sportive all'aperto, windsurf, pagaia, kayak e mountain bike..."
        ],
        "fr": [
          "Ecole et location de windsurf, wing, kayak, stand up paddle. Spot de Piantarella, idéal pour l’apprentissage. Cours en petit groupe ou particulier. Matériel de l'année."
        ],
        "es": [
          "Escuela y alquiler de windsurf, vela, kayak, stand up paddle. Punto Piantarella, ideal para aprender. Clases particulares o en grupos reducidos. Equipamiento disponible todo el año."
        ],
        "nl": [
          "Buitensportactiviteiten, windsurfen, peddelen, kajakken en mountainbiken..."
        ]
      }
    }
  ],
  "hasTheme": [
    {
      "@id": "kb:SeaKayaking",
      "@type": [
        "SportsTheme"
      ],
      "rdfs:label": {
        "de": [
          "Seekajak"
        ],
        "pt": [
          "Caiaque marítimo"
        ],
        "en": [
          "Sea kayaking"
        ],
        "it": [
          "Kayak da mare"
        ],
        "fr": [
          "Kayak de mer"
        ],
        "nl": [
          "Zeekajakken"
        ],
        "es": [
          "Kayak de mar"
        ]
      }
    },
    {
      "@id": "kb:SportSailing",
      "@type": [
        "SportsTheme"
      ],
      "rdfs:label": {
        "de": [
          "Segelsport"
        ],
        "pt": [
          "Desporto à vela"
        ],
        "en": [
          "Sport sailing"
        ],
        "it": [
          "Sport di vela"
        ],
        "fr": [
          "Sport à voile"
        ],
        "nl": [
          "Zeilsport"
        ],
        "es": [
          "Deportes de vela"
        ]
      }
    },
    {
      "@id": "kb:StandupPaddleboarding",
      "@type": [
        "SportsTheme"
      ],
      "rdfs:label": {
        "de": [
          "Stand-up Paddle (SUP)"
        ],
        "pt": [
          "Paddle de pé (SUP)"
        ],
        "en": [
          "Standup paddleboarding"
        ],
        "it": [
          "Stand up paddle (SUP)"
        ],
        "fr": [
          "Stand up paddle sup"
        ],
        "es": [
          "Tabla de pádel surf"
        ],
        "nl": [
          "Suppen"
        ]
      }
    },
    {
      "@id": "kb:Windsurfing",
      "@type": [
        "SportsTheme"
      ],
      "rdfs:label": {
        "de": [
          "Windsurfen"
        ],
        "pt": [
          "Prancha à vela"
        ],
        "en": [
          "Windsurfing"
        ],
        "it": [
          "Windsurf"
        ],
        "fr": [
          "Planche à voile"
        ],
        "es": [
          "Tabla de windsurf"
        ],
        "nl": [
          "Surfplank"
        ]
      }
    }
  ],
  "hasTranslatedProperty": [
    {
      "@id": "https://data.datatourisme.fr/28ae6d16-c190-329a-a4ac-56e73c8238e3",
      "dc:contributor": [
        "https://api.deepl.com/v2/translate"
      ],
      "rdf:language": [
        "es"
      ],
      "rdf:predicate": [
        {
          "@id": "rdfs:comment"
        }
      ]
    }
  ],
  "isLocatedAt": [
    {
      "@id": "https://data.datatourisme.fr/c58d4a88-1562-3635-94e5-079565740bcb",
      "schema:address": [
        {
          "@id": "https://data.datatourisme.fr/860cb30b-0f01-330b-80de-a5804935821a",
          "schema:addressLocality": "Bonifacio",
          "schema:postalCode": "20169",
          "schema:streetAddress": [
            "Plage de Piantarella"
          ],
          "@type": [
            "schema:PostalAddress",
            "PostalAddress"
          ],
          "hasAddressCity": {
            "@id": "kb:2A041",
            "@type": [
              "City"
            ],
            "rdfs:label": {
              "en": [
                "Bonifacio"
              ],
              "fr": [
                "Bonifacio"
              ]
            },
            "insee": "2A041",
            "isPartOfDepartment": {
              "@id": "kb:France942A",
              "@type": [
                "Department"
              ],
              "rdfs:label": {
                "en": [
                  "Corse-du-Sud"
                ],
                "fr": [
                  "Corse-du-Sud"
                ]
              },
              "insee": "2A",
              "isPartOfRegion": {
                "@id": "kb:France94",
                "@type": [
                  "Region"
                ],
                "rdfs:label": {
                  "en": [
                    "Corse"
                  ],
                  "fr": [
                    "Corse"
                  ]
                },
                "insee": "94",
                "isPartOfCountry": {
                  "@id": "kb:France",
                  "@type": [
                    "schema:Country"
                  ],
                  "rdfs:label": {
                    "de": [
                      "Frankreich"
                    ],
                    "pt": [
                      "França"
                    ],
                    "en": [
                      "France"
                    ],
                    "it": [
                      "Francia"
                    ],
                    "fr": [
                      "France"
                    ],
                    "nl": [
                      "Frankrijk"
                    ],
                    "es": [
                      "Francia"
                    ]
                  }
                }
              }
            }
          }
        }
      ],
      "schema:geo": {
        "@id": "https://data.datatourisme.fr/fee08089-59af-3cd4-84e4-5650f5078e45",
        "schema:latitude": "41.377",
        "schema:longitude": "9.2217",
        "@type": [
          "schema:GeoCoordinates"
        ]
      },
      "schema:openingHoursSpecification": [
        {
          "@id": "https://data.datatourisme.fr/ac1b1610-628a-355c-b97d-8d3479da6b15",
          "schema:validFrom": "2023-04-01T00:00:00",
          "schema:validThrough": "2023-09-30T23:59:59",
          "@type": [
            "schema:OpeningHoursSpecification"
          ]
        }
      ],
      "@type": [
        "schema:Place",
        "Place"
      ]
    }
  ],
  "isOwnedBy": [
    {
      "@id": "https://data.datatourisme.fr/f5f950f9-5eec-32b4-a357-2c969ccf4068",
      "schema:email": [
        "camillef.omt@gmail.com",
        "direction@destination-sudcorse.com",
        "gestion@destination-sudcorse.com",
        "promotion@destination-sudcorse.com",
        "webmaster@destination-sudcorse.com"
      ],
      "schema:legalName": "Porto Vecchio Tourisme",
      "@type": [
        "schema:Organization",
        "foaf:Agent",
        "Agent"
      ],
      "foaf:homepage": [
        "http://www.ot-portovecchio.com/"
      ]
    }
  ],
  "lastUpdate": "2023-02-15",
  "lastUpdateDatatourisme": "2023-02-17T06:38:59.254Z",
  "offers": [
    {
      "@id": "https://data.datatourisme.fr/7d90bfaf-e323-39e8-bf27-43b1e1e3607b",
      "schema:priceSpecification": [
        {
          "@id": "https://data.datatourisme.fr/0026d671-e4b3-362d-8527-e994002ad2f3",
          "schema:minPrice": [
            "20"
          ],
          "schema:priceCurrency": "EUR",
          "@type": [
            "schema:PriceSpecification",
            "PriceSpecification"
          ],
          "appliesOnPeriod": [
            {
              "@id": "https://data.datatourisme.fr/291ba96c-d01e-34cf-9674-0451f896f0e4",
              "@type": [
                "Period"
              ],
              "endDate": "2023-09-30",
              "startDate": "2023-04-01"
            }
          ]
        }
      ],
      "@type": [
        "schema:Offer",
        "Offer"
      ]
    }
  ]
}