{
  "@id": "https://data.datatourisme.fr/13/bbba189f-c89b-3b0f-8d47-241c994eddcc",
  "dc:identifier": "5240956",
  "@type": [
    "schema:FoodEstablishment",
    "FoodEstablishment",
    "PlaceOfInterest",
    "PointOfInterest"
  ],
  "rdfs:comment": {
    "de": [
      "Ein außergewöhnlicher Blick auf die Bucht, kreative Küche und ein Motto: \"Der Genuss des Vergnügens! \"."
    ],
    "en": [
      "An exceptional view of the bay, creative cuisine and a motto: \"the pleasure of pleasing! \"."
    ],
    "it": [
      "Una vista eccezionale sulla baia, cucina creativa e un motto: \"il piacere di piacere! \"."
    ],
    "fr": [
      "Un ensemble contemporain, une terrasse exceptionnelle, vue sur toute la baie de Porto-Vecchio, une cuisine méditerranéenne. Terraméa vous invite à l'évasion et au raffinement."
    ],
    "es": [
      "Un entorno contemporáneo, una terraza excepcional, una vista de toda la bahía de Porto-Vecchio, cocina mediterránea. Terraméa le invita a evadirse y a disfrutar del refinamiento."
    ],
    "nl": [
      "Een uitzonderlijk uitzicht op de baai, een creatieve keuken en een motto: \"the pleasure of pleasure pleasure! \"."
    ]
  },
  "rdfs:label": {
    "fr": [
      "Terraméa"
    ]
  },
  "hasBeenCreatedBy": {
    "@id": "https://data.datatourisme.fr/13/84c6494d-3085-3c63-a55c-db8cb047fadd",
    "dc:identifier": "1738",
    "schema:email": [
      "camillef.omt@gmail.com",
      "direction@destination-sudcorse.com",
      "gestion@destination-sudcorse.com",
      "promotion@destination-sudcorse.com",
      "webmaster@destination-sudcorse.com"
    ],
    "schema:legalName": "Porto Vecchio Tourisme",
    "@type": [
      "schema:Organization",
      "foaf:Agent",
      "Agent"
    ],
    "foaf:homepage": [
      "http://www.ot-portovecchio.com/"
    ]
  },
  "hasBeenPublishedBy": [
    {
      "@id": "https://data.datatourisme.fr/8a9feb4b-2cbd-3d2c-b507-bd6c6776b23b",
      "schema:legalName": "Apidae Tourisme Scic SA - source : Apidae Tourisme",
      "@type": [
        "schema:Organization",
        "foaf:Agent",
        "Agent"
      ],
      "foaf:homepage": [
        "https://www.apidae-tourisme.com/"
      ]
    }
  ],
  "hasContact": [
    {
      "@id": "https://data.datatourisme.fr/544aecb7-1575-3b65-aae5-8d2d894c792e",
      "schema:email": [
        "terramea@orange.fr"
      ],
      "schema:telephone": [
        "+33 4 95 50 03 94"
      ],
      "@type": [
        "foaf:Agent",
        "Agent"
      ]
    }
  ],
  "hasDescription": [
    {
      "@id": "https://data.datatourisme.fr/7ca21003-d737-302c-845d-51680898ccce",
      "@type": [
        "Description"
      ],
      "hasTranslatedProperty": [
        {
          "@id": "https://data.datatourisme.fr/272ea728-904a-3245-9fa4-872fb8dfca05",
          "dc:contributor": [
            "https://api.deepl.com/v2/translate"
          ],
          "rdf:language": [
            "es"
          ],
          "rdf:predicate": [
            "shortDescription"
          ]
        }
      ],
      "shortDescription": {
        "de": [
          "Ein außergewöhnlicher Blick auf die Bucht, kreative Küche und ein Motto: \"Der Genuss des Vergnügens! \"."
        ],
        "en": [
          "An exceptional view of the bay, creative cuisine and a motto: \"the pleasure of pleasing! \"."
        ],
        "it": [
          "Una vista eccezionale sulla baia, cucina creativa e un motto: \"il piacere di piacere! \"."
        ],
        "fr": [
          "Un ensemble contemporain, une terrasse exceptionnelle, vue sur toute la baie de Porto-Vecchio, une cuisine méditerranéenne. Terraméa vous invite à l'évasion et au raffinement."
        ],
        "es": [
          "Un entorno contemporáneo, una terraza excepcional, una vista de toda la bahía de Porto-Vecchio, cocina mediterránea. Terraméa le invita a evadirse y a disfrutar del refinamiento."
        ],
        "nl": [
          "Een uitzonderlijk uitzicht op de baai, een creatieve keuken en een motto: \"the pleasure of pleasure pleasure! \"."
        ]
      }
    }
  ],
  "hasTheme": [
    {
      "@id": "kb:MediterraneanCuisine",
      "@type": [
        "CuisineCategory"
      ],
      "rdfs:label": {
        "de": [
          "Mediterrane Küche"
        ],
        "pt": [
          "Cozinha mediterrânica"
        ],
        "en": [
          "Mediterranean cuisine"
        ],
        "it": [
          "Cucina mediterranea"
        ],
        "fr": [
          "Cuisine méditerranéenne"
        ],
        "nl": [
          "Mediterrane keuken"
        ],
        "es": [
          "Cocina mediterránea"
        ]
      }
    }
  ],
  "hasTranslatedProperty": [
    {
      "@id": "https://data.datatourisme.fr/4561420a-62bc-3ad3-8cbc-2ea314e403bd",
      "dc:contributor": [
        "https://api.deepl.com/v2/translate"
      ],
      "rdf:language": [
        "es"
      ],
      "rdf:predicate": [
        {
          "@id": "rdfs:comment"
        }
      ]
    }
  ],
  "isLocatedAt": [
    {
      "@id": "https://data.datatourisme.fr/a99a1650-a56c-30a1-abb4-03e2205b7c1d",
      "schema:address": [
        {
          "@id": "https://data.datatourisme.fr/9e6018fc-d692-37b1-9e6f-fd35bff85644",
          "schema:addressLocality": "Porto-Vecchio",
          "schema:postalCode": "20137",
          "schema:streetAddress": [
            "Direction Piccovaggia",
            "Route de Palombaggia"
          ],
          "@type": [
            "schema:PostalAddress",
            "PostalAddress"
          ],
          "hasAddressCity": {
            "@id": "kb:2A247",
            "@type": [
              "City"
            ],
            "rdfs:label": {
              "en": [
                "Porto-Vecchio"
              ],
              "fr": [
                "Porto-Vecchio"
              ]
            },
            "insee": "2A247",
            "isPartOfDepartment": {
              "@id": "kb:France942A",
              "@type": [
                "Department"
              ],
              "rdfs:label": {
                "en": [
                  "Corse-du-Sud"
                ],
                "fr": [
                  "Corse-du-Sud"
                ]
              },
              "insee": "2A",
              "isPartOfRegion": {
                "@id": "kb:France94",
                "@type": [
                  "Region"
                ],
                "rdfs:label": {
                  "en": [
                    "Corse"
                  ],
                  "fr": [
                    "Corse"
                  ]
                },
                "insee": "94",
                "isPartOfCountry": {
                  "@id": "kb:France",
                  "@type": [
                    "schema:Country"
                  ],
                  "rdfs:label": {
                    "de": [
                      "Frankreich"
                    ],
                    "pt": [
                      "França"
                    ],
                    "en": [
                      "France"
                    ],
                    "it": [
                      "Francia"
                    ],
                    "fr": [
                      "France"
                    ],
                    "nl": [
                      "Frankrijk"
                    ],
                    "es": [
                      "Francia"
                    ]
                  }
                }
              }
            }
          }
        }
      ],
      "schema:geo": {
        "@id": "https://data.datatourisme.fr/435175a2-b35b-370d-8a42-e97b9f9b4ffb",
        "schema:latitude": "41.59",
        "schema:longitude": "9.3091",
        "@type": [
          "schema:GeoCoordinates"
        ]
      },
      "schema:openingHoursSpecification": [
        {
          "@id": "https://data.datatourisme.fr/170c7c46-f566-3322-9399-c355e3f036a2",
          "schema:validFrom": "2023-01-01T00:00:00",
          "schema:validThrough": "2023-12-31T23:59:59",
          "@type": [
            "schema:OpeningHoursSpecification"
          ],
          "additionalInformation": {
            "de": [
              "Im Dezember und Januar nur am Freitag- und Samstagabend geöffnet und am Sonntagmittag geöffnet.\r\nJährlich geschlossen vom 01.11. bis 30.11. und vom 01.02. bis 30.03."
            ],
            "en": [
              "In December and January open Friday and Saturday evenings only and open Sunday lunchtime.\r\nAnnual closure from 01/11 to 30/11 and from 01/02 to 30/03."
            ],
            "it": [
              "In dicembre e gennaio aperto solo il venerdì e il sabato sera e la domenica a pranzo.\r\nChiusura annuale dal 01/11 al 30/11 e dal 01/02 al 30/03."
            ],
            "fr": [
              "En décembre et en janvier ouvert le vendredi et le samedi soir uniquement et ouvert le dimanche midi.\r\nFermeture annuelle du 01/11 au 30/11 et du 01/02 au 30/03."
            ],
            "nl": [
              "In december en januari alleen open op vrijdag- en zaterdagavond en open voor de lunch op zondag.\r\nJaarlijkse sluiting van 01/11 tot 30/11 en van 01/02 tot 30/03."
            ],
            "es": [
              "En diciembre y enero abre sólo los viernes y sábados por la noche, y los domingos abre para comer.\r\nCierre anual del 01/11 al 30/11 y del 01/02 al 30/03."
            ]
          },
          "hasTranslatedProperty": [
            {
              "@id": "https://data.datatourisme.fr/a318f357-7866-3ab6-be8c-f65ec8151e90",
              "dc:contributor": [
                "https://api.deepl.com/v2/translate"
              ],
              "rdf:language": [
                "de"
              ],
              "rdf:predicate": [
                "additionalInformation"
              ]
            },
            {
              "@id": "https://data.datatourisme.fr/ae084d3d-c455-383e-9f55-ff1a337e827b",
              "dc:contributor": [
                "https://api.deepl.com/v2/translate"
              ],
              "rdf:language": [
                "es"
              ],
              "rdf:predicate": [
                "additionalInformation"
              ]
            },
            {
              "@id": "https://data.datatourisme.fr/d4973a01-de1c-3573-b3cf-59724faa4c14",
              "dc:contributor": [
                "https://api.deepl.com/v2/translate"
              ],
              "rdf:language": [
                "it"
              ],
              "rdf:predicate": [
                "additionalInformation"
              ]
            },
            {
              "@id": "https://data.datatourisme.fr/e8b3fe09-7209-3ed4-93db-81876ec8fe9e",
              "dc:contributor": [
                "https://api.deepl.com/v2/translate"
              ],
              "rdf:language": [
                "en"
              ],
              "rdf:predicate": [
                "additionalInformation"
              ]
            },
            {
              "@id": "https://data.datatourisme.fr/ebab84bc-4e09-373d-9943-f269c4c1ffd7",
              "dc:contributor": [
                "https://api.deepl.com/v2/translate"
              ],
              "rdf:language": [
                "nl"
              ],
              "rdf:predicate": [
                "additionalInformation"
              ]
            }
          ]
        }
      ],
      "@type": [
        "schema:Place",
        "Place"
      ]
    }
  ],
  "isOwnedBy": [
    {
      "@id": "https://data.datatourisme.fr/f5f950f9-5eec-32b4-a357-2c969ccf4068",
      "schema:email": [
        "camillef.omt@gmail.com",
        "direction@destination-sudcorse.com",
        "gestion@destination-sudcorse.com",
        "promotion@destination-sudcorse.com",
        "webmaster@destination-sudcorse.com"
      ],
      "schema:legalName": "Porto Vecchio Tourisme",
      "@type": [
        "schema:Organization",
        "foaf:Agent",
        "Agent"
      ],
      "foaf:homepage": [
        "http://www.ot-portovecchio.com/"
      ]
    }
  ],
  "lastUpdate": "2023-02-15",
  "lastUpdateDatatourisme": "2023-02-16T06:39:41.974Z",
  "offers": [
    {
      "@id": "https://data.datatourisme.fr/1ba01829-590a-3e64-ae62-870e79866f28",
      "schema:priceSpecification": [
        {
          "@id": "https://data.datatourisme.fr/2a071a81-f008-33e3-bb8e-4cd034395614",
          "schema:maxPrice": [
            "34"
          ],
          "schema:minPrice": [
            "20"
          ],
          "schema:priceCurrency": "EUR",
          "@type": [
            "schema:PriceSpecification",
            "PriceSpecification"
          ],
          "appliesOnPeriod": [
            {
              "@id": "https://data.datatourisme.fr/a425afdf-3594-300b-b55e-1858bafa3fd4",
              "@type": [
                "Period"
              ],
              "endDate": "2023-12-31",
              "startDate": "2023-01-01"
            }
          ]
        }
      ],
      "@type": [
        "schema:Offer",
        "Offer"
      ]
    }
  ],
  "providesCuisineOfType": [
    {
      "@id": "kb:MediterraneanCuisine",
      "@type": [
        "CuisineCategory"
      ],
      "rdfs:label": {
        "de": [
          "Mediterrane Küche"
        ],
        "pt": [
          "Cozinha mediterrânica"
        ],
        "en": [
          "Mediterranean cuisine"
        ],
        "it": [
          "Cucina mediterranea"
        ],
        "fr": [
          "Cuisine méditerranéenne"
        ],
        "nl": [
          "Mediterrane keuken"
        ],
        "es": [
          "Cocina mediterránea"
        ]
      }
    }
  ]
}