{
  "@id": "https://data.datatourisme.fr/13/bbd45001-cc4c-30e2-aa0a-c5d31fe63bf5",
  "dc:identifier": "5164579",
  "@type": [
    "schema:LocalBusiness",
    "PlaceOfInterest",
    "PointOfInterest",
    "SightseeingBoat",
    "SportsAndLeisurePlace"
  ],
  "rdfs:comment": {
    "de": [
      "Balagne Aventures Corsica bietet Ihnen unvergessliche Seeabenteuer in einer außergewöhnlichen Umgebung, vom Cap Corse bis zu den Calanques de Piana."
    ],
    "en": [
      "Balagne Aventures Corsica invites you to enjoy an unforgettable adventure in an outstanding setting on the Corsican coastline!"
    ],
    "it": [
      "Balagne Aventures Corsica ti invita a vivere indimenticabili avventure in mare in uno scenario eccezionale, da Cap Corse alle insenature della Piana."
    ],
    "fr": [
      "Balagne Aventures Corsica vous propose de vivre des aventures en mer inoubliables dans un cadre d'exception, du Cap Corse aux calanques de Piana."
    ],
    "nl": [
      "Balagne Aventures Corsica biedt u onvergetelijke avonturen op zee in een uitzonderlijk kader, van Cap Corse tot de kreken van Piana."
    ],
    "es": [
      "Balagne Aventures Córcega le propone inolvidables aventuras en el mar en un marco excepcional, desde Cap Corse hasta las calas de Piana."
    ]
  },
  "rdfs:label": {
    "en": [
      "Balagne Aventures Corsica"
    ],
    "fr": [
      "Balagne Aventures Corsica"
    ]
  },
  "hasBeenCreatedBy": {
    "@id": "https://data.datatourisme.fr/13/e4873aa9-a05c-35ed-8395-61d121516766",
    "dc:identifier": "1646",
    "schema:email": [
      "info@balagne-corsica.com"
    ],
    "schema:legalName": "Office de Tourisme Intercommunal Calvi - Balagne",
    "@type": [
      "schema:Organization",
      "foaf:Agent",
      "Agent"
    ],
    "foaf:homepage": [
      "https://www.balagne-corsica.com/"
    ]
  },
  "hasBeenPublishedBy": [
    {
      "@id": "https://data.datatourisme.fr/8a9feb4b-2cbd-3d2c-b507-bd6c6776b23b",
      "schema:legalName": "Apidae Tourisme Scic SA - source : Apidae Tourisme",
      "@type": [
        "schema:Organization",
        "foaf:Agent",
        "Agent"
      ],
      "foaf:homepage": [
        "https://www.apidae-tourisme.com/"
      ]
    }
  ],
  "hasContact": [
    {
      "@id": "https://data.datatourisme.fr/914ce931-b8ce-3312-9154-64ad026bd712",
      "schema:email": [
        "infos@balagne-aventures-corsica.com"
      ],
      "schema:telephone": [
        "+33 6 29 49 69 84"
      ],
      "@type": [
        "foaf:Agent",
        "Agent"
      ],
      "foaf:homepage": [
        "https://www.balagne-aventures-corsica.com/"
      ]
    }
  ],
  "hasDescription": [
    {
      "@id": "https://data.datatourisme.fr/0aba1ef2-609e-32aa-8e09-2c607ee5b662",
      "@type": [
        "Description"
      ],
      "hasTranslatedProperty": [
        {
          "@id": "https://data.datatourisme.fr/39c52a89-e9bc-32fe-b5a4-af4044aab345",
          "dc:contributor": [
            "https://api.deepl.com/v2/translate"
          ],
          "rdf:language": [
            "es"
          ],
          "rdf:predicate": [
            "shortDescription"
          ]
        },
        {
          "@id": "https://data.datatourisme.fr/eebf9f6f-dde9-38dd-b9ea-c00bb511a76e",
          "dc:contributor": [
            "https://api.deepl.com/v2/translate"
          ],
          "rdf:language": [
            "nl"
          ],
          "rdf:predicate": [
            "shortDescription"
          ]
        },
        {
          "@id": "https://data.datatourisme.fr/fd1bb9b3-5982-3c54-94db-33168c72d9b7",
          "dc:contributor": [
            "https://api.deepl.com/v2/translate"
          ],
          "rdf:language": [
            "de"
          ],
          "rdf:predicate": [
            "shortDescription"
          ]
        }
      ],
      "shortDescription": {
        "de": [
          "Balagne Aventures Corsica bietet Ihnen unvergessliche Seeabenteuer in einer außergewöhnlichen Umgebung, vom Cap Corse bis zu den Calanques de Piana."
        ],
        "en": [
          "Balagne Aventures Corsica invites you to enjoy an unforgettable adventure in an outstanding setting on the Corsican coastline!"
        ],
        "it": [
          "Balagne Aventures Corsica ti invita a vivere indimenticabili avventure in mare in uno scenario eccezionale, da Cap Corse alle insenature della Piana."
        ],
        "fr": [
          "Balagne Aventures Corsica vous propose de vivre des aventures en mer inoubliables dans un cadre d'exception, du Cap Corse aux calanques de Piana."
        ],
        "nl": [
          "Balagne Aventures Corsica biedt u onvergetelijke avonturen op zee in een uitzonderlijk kader, van Cap Corse tot de kreken van Piana."
        ],
        "es": [
          "Balagne Aventures Córcega le propone inolvidables aventuras en el mar en un marco excepcional, desde Cap Corse hasta las calas de Piana."
        ]
      }
    }
  ],
  "hasTranslatedProperty": [
    {
      "@id": "https://data.datatourisme.fr/103f6324-2838-3a61-bace-a4d494c43c9b",
      "dc:contributor": [
        "https://api.deepl.com/v2/translate"
      ],
      "rdf:language": [
        "de"
      ],
      "rdf:predicate": [
        {
          "@id": "rdfs:comment"
        }
      ]
    },
    {
      "@id": "https://data.datatourisme.fr/503d1e9d-5107-32e8-9fbd-e9a609bf86ff",
      "dc:contributor": [
        "https://api.deepl.com/v2/translate"
      ],
      "rdf:language": [
        "nl"
      ],
      "rdf:predicate": [
        {
          "@id": "rdfs:comment"
        }
      ]
    },
    {
      "@id": "https://data.datatourisme.fr/e8678049-b77c-3c67-b2bc-57c50791452a",
      "dc:contributor": [
        "https://api.deepl.com/v2/translate"
      ],
      "rdf:language": [
        "es"
      ],
      "rdf:predicate": [
        {
          "@id": "rdfs:comment"
        }
      ]
    }
  ],
  "isLocatedAt": [
    {
      "@id": "https://data.datatourisme.fr/35914718-5acc-37b1-8d7f-2092c2fee5a8",
      "schema:address": [
        {
          "@id": "https://data.datatourisme.fr/d2a40dcd-bf66-398c-98e9-1fcaa91bb581",
          "schema:addressLocality": "Lumio",
          "schema:postalCode": "20260",
          "schema:streetAddress": [
            "Port de Sant Ambroggio"
          ],
          "@type": [
            "schema:PostalAddress",
            "PostalAddress"
          ],
          "hasAddressCity": {
            "@id": "kb:2B150",
            "@type": [
              "City"
            ],
            "rdfs:label": {
              "en": [
                "Lumio"
              ],
              "fr": [
                "Lumio"
              ]
            },
            "insee": "2B150",
            "isPartOfDepartment": {
              "@id": "kb:France942B",
              "@type": [
                "Department"
              ],
              "rdfs:label": {
                "en": [
                  "Haute-Corse"
                ],
                "fr": [
                  "Haute-Corse"
                ]
              },
              "insee": "2B",
              "isPartOfRegion": {
                "@id": "kb:France94",
                "@type": [
                  "Region"
                ],
                "rdfs:label": {
                  "en": [
                    "Corse"
                  ],
                  "fr": [
                    "Corse"
                  ]
                },
                "insee": "94",
                "isPartOfCountry": {
                  "@id": "kb:France",
                  "@type": [
                    "schema:Country"
                  ],
                  "rdfs:label": {
                    "de": [
                      "Frankreich"
                    ],
                    "pt": [
                      "França"
                    ],
                    "en": [
                      "France"
                    ],
                    "it": [
                      "Francia"
                    ],
                    "fr": [
                      "France"
                    ],
                    "nl": [
                      "Frankrijk"
                    ],
                    "es": [
                      "Francia"
                    ]
                  }
                }
              }
            }
          }
        }
      ],
      "schema:geo": {
        "@id": "https://data.datatourisme.fr/94ba7007-7236-3d29-b1fc-e548ca9586da",
        "schema:latitude": "42.604",
        "schema:longitude": "8.8271",
        "@type": [
          "schema:GeoCoordinates"
        ]
      },
      "schema:openingHoursSpecification": [
        {
          "@id": "https://data.datatourisme.fr/3158f5c3-d9c8-322c-bb06-ae48434a1699",
          "schema:closes": "21:00:00",
          "schema:opens": "08:00:00",
          "schema:validFrom": "2023-04-01T00:00:00",
          "schema:validThrough": "2023-10-29T23:59:59",
          "@type": [
            "schema:OpeningHoursSpecification"
          ]
        }
      ],
      "@type": [
        "schema:Place",
        "Place"
      ]
    }
  ],
  "isOwnedBy": [
    {
      "@id": "https://data.datatourisme.fr/194c52e6-bbae-33dc-8464-caca97844fbb",
      "schema:email": [
        "info@balagne-corsica.com"
      ],
      "schema:legalName": "Office de Tourisme Intercommunal Calvi - Balagne",
      "@type": [
        "schema:Organization",
        "foaf:Agent",
        "Agent"
      ],
      "foaf:homepage": [
        "https://www.balagne-corsica.com/"
      ]
    }
  ],
  "lastUpdate": "2023-01-20",
  "lastUpdateDatatourisme": "2023-02-01T18:07:35.695Z",
  "offers": [
    {
      "@id": "https://data.datatourisme.fr/f1b6db05-8bac-3086-aa72-5b26239c2aa4",
      "schema:priceSpecification": [
        {
          "@id": "https://data.datatourisme.fr/201104e0-d9bb-365b-956e-80546c6e87e8",
          "schema:minPrice": [
            "45"
          ],
          "schema:priceCurrency": "EUR",
          "@type": [
            "schema:PriceSpecification",
            "PriceSpecification"
          ],
          "appliesOnPeriod": [
            {
              "@id": "https://data.datatourisme.fr/655d1335-e078-3f32-add3-c5c3ce317b8f",
              "@type": [
                "Period"
              ],
              "endDate": "2023-10-29",
              "startDate": "2023-04-01"
            }
          ]
        }
      ],
      "@type": [
        "schema:Offer",
        "Offer"
      ]
    }
  ]
}