{
  "@id": "https://data.datatourisme.fr/13/bbbbec33-4264-33e7-918a-ce80a7fa6da3",
  "dc:identifier": "5839615",
  "@type": [
    "schema:LocalBusiness",
    "PlaceOfInterest",
    "PointOfInterest",
    "TastingProvider"
  ],
  "rdfs:comment": {
    "de": [
      "Das Weingut Petra Bianca, DOP Corse Figari, hat seinen Namen von der Quarzader, die sich durch seine Weinberge zieht. Ein bemerkenswerter Weinkeller, dessen Designkonstruktion den Umweltstandards entspricht, bildet einen schönen Raum für Verkauf und Verkostung."
    ],
    "en": [
      "The Petra Bianca estate, AOP Corse Figari, takes its name from the quartz vein that runs through its vines. A remarkable wine storehouse, built in accordance with environmental standards, provides a beautiful space for sales and tasting."
    ],
    "it": [
      "La tenuta Petra Bianca, AOP Corse Figari, prende il nome dalla vena di quarzo che attraversa le sue viti. Una cantina notevole, costruita secondo gli standard ambientali, offre un bellissimo spazio per la vendita e la degustazione."
    ],
    "fr": [
      "Le domaine de Petra Bianca, AOP Corse Figari, tient son nom de la veine de quartz qui sillonne ses vignes. Un chai remarquable, de construction design aux normes environnementales, constitue un bel espace de vente et de dégustation."
    ],
    "es": [
      "La finca Petra Bianca, AOP Corse Figari, toma su nombre de la veta de cuarzo que atraviesa sus viñas. Una notable bodega, construida según las normas medioambientales, ofrece un hermoso espacio para la venta y la degustación."
    ],
    "nl": [
      "Het domein Petra Bianca, AOP Corse Figari, ontleent zijn naam aan de kwartsader die door de wijngaarden loopt. Een opmerkelijke wijnmakerij, gebouwd volgens milieunormen, biedt een prachtige ruimte voor verkoop en proeverij."
    ]
  },
  "rdfs:label": {
    "fr": [
      "Domaine de Petra Bianca"
    ]
  },
  "hasBeenCreatedBy": {
    "@id": "https://data.datatourisme.fr/13/84c6494d-3085-3c63-a55c-db8cb047fadd",
    "dc:identifier": "1738",
    "schema:email": [
      "camillef.omt@gmail.com",
      "direction@destination-sudcorse.com",
      "gestion@destination-sudcorse.com",
      "promotion@destination-sudcorse.com",
      "webmaster@destination-sudcorse.com"
    ],
    "schema:legalName": "Porto Vecchio Tourisme",
    "@type": [
      "schema:Organization",
      "foaf:Agent",
      "Agent"
    ],
    "foaf:homepage": [
      "http://www.ot-portovecchio.com/"
    ]
  },
  "hasBeenPublishedBy": [
    {
      "@id": "https://data.datatourisme.fr/8a9feb4b-2cbd-3d2c-b507-bd6c6776b23b",
      "schema:legalName": "Apidae Tourisme Scic SA - source : Apidae Tourisme",
      "@type": [
        "schema:Organization",
        "foaf:Agent",
        "Agent"
      ],
      "foaf:homepage": [
        "https://www.apidae-tourisme.com/"
      ]
    }
  ],
  "hasContact": [
    {
      "@id": "https://data.datatourisme.fr/d2b11dd0-fd9b-3cfa-ae39-684410fade7f",
      "schema:email": [
        "petra.bianca@sfr.fr"
      ],
      "schema:telephone": [
        "+33 4 20 01 71 39"
      ],
      "@type": [
        "foaf:Agent",
        "Agent"
      ],
      "foaf:homepage": [
        "http://www.petra-bianca.com/"
      ]
    }
  ],
  "hasDescription": [
    {
      "@id": "https://data.datatourisme.fr/e9867182-9f3a-312a-b44b-7354b85982cc",
      "@type": [
        "Description"
      ],
      "hasTranslatedProperty": [
        {
          "@id": "https://data.datatourisme.fr/02221613-5c1f-31e6-a946-e5503c181664",
          "dc:contributor": [
            "https://api.deepl.com/v2/translate"
          ],
          "rdf:language": [
            "es"
          ],
          "rdf:predicate": [
            "shortDescription"
          ]
        },
        {
          "@id": "https://data.datatourisme.fr/241a8ada-8b64-32df-aebc-f474e8f59848",
          "dc:contributor": [
            "https://api.deepl.com/v2/translate"
          ],
          "rdf:language": [
            "nl"
          ],
          "rdf:predicate": [
            "shortDescription"
          ]
        },
        {
          "@id": "https://data.datatourisme.fr/45a556d9-79de-317d-bd38-795267883845",
          "dc:contributor": [
            "https://api.deepl.com/v2/translate"
          ],
          "rdf:language": [
            "en"
          ],
          "rdf:predicate": [
            "shortDescription"
          ]
        },
        {
          "@id": "https://data.datatourisme.fr/bc701efb-4904-3207-91e3-257fa604b0d5",
          "dc:contributor": [
            "https://api.deepl.com/v2/translate"
          ],
          "rdf:language": [
            "it"
          ],
          "rdf:predicate": [
            "shortDescription"
          ]
        },
        {
          "@id": "https://data.datatourisme.fr/dafd3bab-d0f2-3627-b2ea-c1191369dc72",
          "dc:contributor": [
            "https://api.deepl.com/v2/translate"
          ],
          "rdf:language": [
            "de"
          ],
          "rdf:predicate": [
            "shortDescription"
          ]
        }
      ],
      "shortDescription": {
        "de": [
          "Das Weingut Petra Bianca, DOP Corse Figari, hat seinen Namen von der Quarzader, die sich durch seine Weinberge zieht. Ein bemerkenswerter Weinkeller, dessen Designkonstruktion den Umweltstandards entspricht, bildet einen schönen Raum für Verkauf und Verkostung."
        ],
        "en": [
          "The Petra Bianca estate, AOP Corse Figari, takes its name from the quartz vein that runs through its vines. A remarkable wine storehouse, built in accordance with environmental standards, provides a beautiful space for sales and tasting."
        ],
        "it": [
          "La tenuta Petra Bianca, AOP Corse Figari, prende il nome dalla vena di quarzo che attraversa le sue viti. Una cantina notevole, costruita secondo gli standard ambientali, offre un bellissimo spazio per la vendita e la degustazione."
        ],
        "fr": [
          "Le domaine de Petra Bianca, AOP Corse Figari, tient son nom de la veine de quartz qui sillonne ses vignes. Un chai remarquable, de construction design aux normes environnementales, constitue un bel espace de vente et de dégustation."
        ],
        "es": [
          "La finca Petra Bianca, AOP Corse Figari, toma su nombre de la veta de cuarzo que atraviesa sus viñas. Una notable bodega, construida según las normas medioambientales, ofrece un hermoso espacio para la venta y la degustación."
        ],
        "nl": [
          "Het domein Petra Bianca, AOP Corse Figari, ontleent zijn naam aan de kwartsader die door de wijngaarden loopt. Een opmerkelijke wijnmakerij, gebouwd volgens milieunormen, biedt een prachtige ruimte voor verkoop en proeverij."
        ]
      }
    }
  ],
  "hasTranslatedProperty": [
    {
      "@id": "https://data.datatourisme.fr/0f65e999-ab49-3c01-9dd8-f55a96026d51",
      "dc:contributor": [
        "https://api.deepl.com/v2/translate"
      ],
      "rdf:language": [
        "de"
      ],
      "rdf:predicate": [
        {
          "@id": "rdfs:comment"
        }
      ]
    },
    {
      "@id": "https://data.datatourisme.fr/75ec1a28-d368-33ab-a598-46969ad7b4f6",
      "dc:contributor": [
        "https://api.deepl.com/v2/translate"
      ],
      "rdf:language": [
        "nl"
      ],
      "rdf:predicate": [
        {
          "@id": "rdfs:comment"
        }
      ]
    },
    {
      "@id": "https://data.datatourisme.fr/a59d3114-8882-31a0-867d-52973649bf40",
      "dc:contributor": [
        "https://api.deepl.com/v2/translate"
      ],
      "rdf:language": [
        "it"
      ],
      "rdf:predicate": [
        {
          "@id": "rdfs:comment"
        }
      ]
    },
    {
      "@id": "https://data.datatourisme.fr/a95fafd7-1b5f-3863-95ee-5a2c2e8ef872",
      "dc:contributor": [
        "https://api.deepl.com/v2/translate"
      ],
      "rdf:language": [
        "en"
      ],
      "rdf:predicate": [
        {
          "@id": "rdfs:comment"
        }
      ]
    },
    {
      "@id": "https://data.datatourisme.fr/ad1ef91d-4e9a-3bcc-923a-0a6f0671bbe4",
      "dc:contributor": [
        "https://api.deepl.com/v2/translate"
      ],
      "rdf:language": [
        "es"
      ],
      "rdf:predicate": [
        {
          "@id": "rdfs:comment"
        }
      ]
    }
  ],
  "isLocatedAt": [
    {
      "@id": "https://data.datatourisme.fr/91575adb-7c41-3bae-87c0-324b38851b19",
      "schema:address": [
        {
          "@id": "https://data.datatourisme.fr/2b88e26a-0ee9-35bc-8de6-eba4326dc5a0",
          "schema:addressLocality": "Figari",
          "schema:postalCode": "20114",
          "schema:streetAddress": [
            "Lieu-dit Petra Grossa"
          ],
          "@type": [
            "schema:PostalAddress",
            "PostalAddress"
          ],
          "hasAddressCity": {
            "@id": "kb:2A114",
            "@type": [
              "City"
            ],
            "rdfs:label": {
              "en": [
                "Figari"
              ],
              "fr": [
                "Figari"
              ]
            },
            "insee": "2A114",
            "isPartOfDepartment": {
              "@id": "kb:France942A",
              "@type": [
                "Department"
              ],
              "rdfs:label": {
                "en": [
                  "Corse-du-Sud"
                ],
                "fr": [
                  "Corse-du-Sud"
                ]
              },
              "insee": "2A",
              "isPartOfRegion": {
                "@id": "kb:France94",
                "@type": [
                  "Region"
                ],
                "rdfs:label": {
                  "en": [
                    "Corse"
                  ],
                  "fr": [
                    "Corse"
                  ]
                },
                "insee": "94",
                "isPartOfCountry": {
                  "@id": "kb:France",
                  "@type": [
                    "schema:Country"
                  ],
                  "rdfs:label": {
                    "de": [
                      "Frankreich"
                    ],
                    "pt": [
                      "França"
                    ],
                    "en": [
                      "France"
                    ],
                    "it": [
                      "Francia"
                    ],
                    "fr": [
                      "France"
                    ],
                    "nl": [
                      "Frankrijk"
                    ],
                    "es": [
                      "Francia"
                    ]
                  }
                }
              }
            }
          }
        }
      ],
      "schema:geo": {
        "@id": "https://data.datatourisme.fr/9017e6e8-a7ac-39af-a0b3-0ce31e19884f",
        "schema:latitude": "41.497689",
        "schema:longitude": "9.134778",
        "@type": [
          "schema:GeoCoordinates"
        ]
      },
      "schema:openingHoursSpecification": [
        {
          "@id": "https://data.datatourisme.fr/7bd0512a-1816-33b1-a328-290cb3e95863",
          "schema:validFrom": "2023-01-01T00:00:00",
          "schema:validThrough": "2023-12-31T23:59:59",
          "@type": [
            "schema:OpeningHoursSpecification"
          ],
          "additionalInformation": {
            "de": [
              "Montag, Dienstag, Freitag: 14:30 bis 18:30 Uhr, 08:30 bis 12:30 Uhr\r\nMittwoch: offen\r\nDonnerstag: 14:30 bis 18:30 Uhr, 08:45 bis 12:30 Uhr\r\nSamstag: 08.30 bis 12.30 Uhr"
            ],
            "en": [
              "Monday, Tuesday, Friday: 2:30 to 6:30 pm, 8:30 to 12:30 pm\r\nWednesday: open\r\nThursday: 2:30 to 6:30 pm, 8:45 am to 12:30 pm\r\nSaturday: 8:30am to 12:30pm"
            ],
            "it": [
              "Lunedì, martedì, venerdì: dalle 14.30 alle 18.30, dalle 8.30 alle 12.30\r\nMercoledì: aperto\r\nGiovedì: dalle 14.30 alle 18.30, dalle 8.45 alle 12.30\r\nSabato: dalle 8.30 alle 12.30"
            ],
            "fr": [
              "Lundi, Mardi, Vendredi : 14h30 à 18h30, 08h30 à 12h30\r\nMercredi : ouvert\r\nJeudi : 14h30 à 18h30, 08h45 à 12h30\r\nSamedi : 08h30 à 12h30"
            ],
            "nl": [
              "Maandag, dinsdag, vrijdag: 14.30 tot 18.30 uur, 8.30 tot 12.30 uur\r\nWoensdag: open\r\nDonderdag: 14.30 tot 18.30 uur, 8.45 tot 12.30 uur\r\nZaterdag: 8.30 tot 12.30 uur"
            ],
            "es": [
              "Lunes, martes y viernes: de 14:30 a 18:30 y de 8:30 a 12:30\r\nMiércoles: abierto\r\nJueves: de 14:30 a 18:30, de 8:45 a 12:30\r\nSábado: de 8.30 a 12.30"
            ]
          },
          "hasTranslatedProperty": [
            {
              "@id": "https://data.datatourisme.fr/91cb55fc-c085-38ea-9ae1-f768a567d48b",
              "dc:contributor": [
                "https://api.deepl.com/v2/translate"
              ],
              "rdf:language": [
                "en"
              ],
              "rdf:predicate": [
                "additionalInformation"
              ]
            },
            {
              "@id": "https://data.datatourisme.fr/cc773599-ed13-328e-8cbd-26831076efee",
              "dc:contributor": [
                "https://api.deepl.com/v2/translate"
              ],
              "rdf:language": [
                "de"
              ],
              "rdf:predicate": [
                "additionalInformation"
              ]
            },
            {
              "@id": "https://data.datatourisme.fr/de94fff5-db71-385a-996b-d01a7916bcb5",
              "dc:contributor": [
                "https://api.deepl.com/v2/translate"
              ],
              "rdf:language": [
                "nl"
              ],
              "rdf:predicate": [
                "additionalInformation"
              ]
            },
            {
              "@id": "https://data.datatourisme.fr/f5a490ad-fd7e-3075-8c96-431a7f275fe8",
              "dc:contributor": [
                "https://api.deepl.com/v2/translate"
              ],
              "rdf:language": [
                "it"
              ],
              "rdf:predicate": [
                "additionalInformation"
              ]
            },
            {
              "@id": "https://data.datatourisme.fr/ffbf82dc-0d82-31c5-8e5d-707301a26e90",
              "dc:contributor": [
                "https://api.deepl.com/v2/translate"
              ],
              "rdf:language": [
                "es"
              ],
              "rdf:predicate": [
                "additionalInformation"
              ]
            }
          ]
        }
      ],
      "@type": [
        "schema:Place",
        "Place"
      ]
    }
  ],
  "isOwnedBy": [
    {
      "@id": "https://data.datatourisme.fr/f5f950f9-5eec-32b4-a357-2c969ccf4068",
      "schema:email": [
        "camillef.omt@gmail.com",
        "direction@destination-sudcorse.com",
        "gestion@destination-sudcorse.com",
        "promotion@destination-sudcorse.com",
        "webmaster@destination-sudcorse.com"
      ],
      "schema:legalName": "Porto Vecchio Tourisme",
      "@type": [
        "schema:Organization",
        "foaf:Agent",
        "Agent"
      ],
      "foaf:homepage": [
        "http://www.ot-portovecchio.com/"
      ]
    }
  ],
  "lastUpdate": "2022-03-24",
  "lastUpdateDatatourisme": "2023-02-01T18:07:36.087Z"
}