{
  "@id": "https://data.datatourisme.fr/13/89161292-5c04-3980-95e0-feb7c1282f6a",
  "dc:identifier": "4927249",
  "@type": [
    "schema:Accommodation",
    "schema:LodgingBusiness",
    "Accommodation",
    "Camping",
    "CampingAndCaravanning",
    "PlaceOfInterest",
    "PointOfInterest"
  ],
  "rdfs:comment": {
    "de": [
      "Ideal gelegener Campingplatz in der Nähe von Calvi in der Balagne, zwischen Meer und Bergen, über zwei Wildbäche im Fango-Tal, 5 km vom Meer, 1 km vom Fluss, vor den Toren von Scandola, am Fuße der schönsten Berge Korsikas."
    ],
    "en": [
      "Camping ideally located near Calvi in Balagne, between sea and mountain, straddling two torrents in the Fango valley, 5 km from the sea, 1 km from the river, at the gates of Scandola, at the foot of the most beautiful mountains of Corsica."
    ],
    "it": [
      "Il campeggio è idealmente situato vicino a Calvi nella regione della Balagne, tra il mare e la montagna, a cavallo di due torrenti nella valle del Fango, a 5 km dal mare, 1 km dal fiume, alle porte di Scandola, ai piedi delle più belle montagne della Corsica."
    ],
    "fr": [
      "Camping idéalement situé près de Calvi en Balagne, entre mer et montagne, à cheval sur deux torrents dans la vallée du Fango, à 5 km de la mer, 1 km de la rivière, aux portes de Scandola, au pied de plus belles montagnes de Corse."
    ],
    "es": [
      "El camping está idealmente situado cerca de Calvi, en la región de Balagne, entre el mar y la montaña, a caballo entre dos arroyos en el valle del Fango, a 5 km del mar, a 1 km del río, a las puertas de Scandola, al pie de las montañas más bellas de Córcega."
    ],
    "nl": [
      "De camping is ideaal gelegen bij Calvi in de regio Balagne, tussen de zee en de bergen, aan twee riviertjes in de Fango vallei, 5 km van de zee, 1 km van de rivier, aan de poort van Scandola, aan de voet van de mooiste bergen van Corsica."
    ]
  },
  "rdfs:label": {
    "en": [
      "Casa di Luna"
    ],
    "fr": [
      "Casa di Luna"
    ]
  },
  "hasBeenCreatedBy": {
    "@id": "https://data.datatourisme.fr/13/e4873aa9-a05c-35ed-8395-61d121516766",
    "dc:identifier": "1646",
    "schema:email": [
      "info@balagne-corsica.com"
    ],
    "schema:legalName": "Office de Tourisme Intercommunal Calvi - Balagne",
    "@type": [
      "schema:Organization",
      "foaf:Agent",
      "Agent"
    ],
    "foaf:homepage": [
      "https://www.balagne-corsica.com/"
    ]
  },
  "hasBeenPublishedBy": [
    {
      "@id": "https://data.datatourisme.fr/8a9feb4b-2cbd-3d2c-b507-bd6c6776b23b",
      "schema:legalName": "Apidae Tourisme Scic SA - source : Apidae Tourisme",
      "@type": [
        "schema:Organization",
        "foaf:Agent",
        "Agent"
      ],
      "foaf:homepage": [
        "https://www.apidae-tourisme.com/"
      ]
    }
  ],
  "hasContact": [
    {
      "@id": "https://data.datatourisme.fr/bef7a48c-361b-3a0a-9ed1-ae22d5eb5005",
      "schema:email": [
        "casadiluna@live.fr"
      ],
      "schema:telephone": [
        "+33 6 74 67 73 01",
        "+33 6 77 72 84 19"
      ],
      "@type": [
        "foaf:Agent",
        "Agent"
      ],
      "foaf:homepage": [
        "https://casadiluna.net/"
      ]
    }
  ],
  "hasDescription": [
    {
      "@id": "https://data.datatourisme.fr/eb89046b-f508-35b2-9b29-0fd1e0f81325",
      "@type": [
        "Description"
      ],
      "hasTranslatedProperty": [
        {
          "@id": "https://data.datatourisme.fr/93aed09e-3e96-3a3d-b2b7-f20a4d571673",
          "dc:contributor": [
            "https://api.deepl.com/v2/translate"
          ],
          "rdf:language": [
            "de"
          ],
          "rdf:predicate": [
            "shortDescription"
          ]
        },
        {
          "@id": "https://data.datatourisme.fr/94d43abf-083b-3edb-84ee-cd605c108479",
          "dc:contributor": [
            "https://api.deepl.com/v2/translate"
          ],
          "rdf:language": [
            "es"
          ],
          "rdf:predicate": [
            "shortDescription"
          ]
        },
        {
          "@id": "https://data.datatourisme.fr/a5395ab8-cfe2-38f5-b92d-cc3005faf2e6",
          "dc:contributor": [
            "https://api.deepl.com/v2/translate"
          ],
          "rdf:language": [
            "nl"
          ],
          "rdf:predicate": [
            "shortDescription"
          ]
        }
      ],
      "shortDescription": {
        "de": [
          "Ideal gelegener Campingplatz in der Nähe von Calvi in der Balagne, zwischen Meer und Bergen, über zwei Wildbäche im Fango-Tal, 5 km vom Meer, 1 km vom Fluss, vor den Toren von Scandola, am Fuße der schönsten Berge Korsikas."
        ],
        "en": [
          "Camping ideally located near Calvi in Balagne, between sea and mountain, straddling two torrents in the Fango valley, 5 km from the sea, 1 km from the river, at the gates of Scandola, at the foot of the most beautiful mountains of Corsica."
        ],
        "it": [
          "Il campeggio è idealmente situato vicino a Calvi nella regione della Balagne, tra il mare e la montagna, a cavallo di due torrenti nella valle del Fango, a 5 km dal mare, 1 km dal fiume, alle porte di Scandola, ai piedi delle più belle montagne della Corsica."
        ],
        "fr": [
          "Camping idéalement situé près de Calvi en Balagne, entre mer et montagne, à cheval sur deux torrents dans la vallée du Fango, à 5 km de la mer, 1 km de la rivière, aux portes de Scandola, au pied de plus belles montagnes de Corse."
        ],
        "es": [
          "El camping está idealmente situado cerca de Calvi, en la región de Balagne, entre el mar y la montaña, a caballo entre dos arroyos en el valle del Fango, a 5 km del mar, a 1 km del río, a las puertas de Scandola, al pie de las montañas más bellas de Córcega."
        ],
        "nl": [
          "De camping is ideaal gelegen bij Calvi in de regio Balagne, tussen de zee en de bergen, aan twee riviertjes in de Fango vallei, 5 km van de zee, 1 km van de rivier, aan de poort van Scandola, aan de voet van de mooiste bergen van Corsica."
        ]
      }
    }
  ],
  "hasTranslatedProperty": [
    {
      "@id": "https://data.datatourisme.fr/1edce21b-222c-39ec-a9f8-85b919e0d98c",
      "dc:contributor": [
        "https://api.deepl.com/v2/translate"
      ],
      "rdf:language": [
        "nl"
      ],
      "rdf:predicate": [
        {
          "@id": "rdfs:comment"
        }
      ]
    },
    {
      "@id": "https://data.datatourisme.fr/ad88851e-c4ef-340b-a23c-750bd4371daf",
      "dc:contributor": [
        "https://api.deepl.com/v2/translate"
      ],
      "rdf:language": [
        "de"
      ],
      "rdf:predicate": [
        {
          "@id": "rdfs:comment"
        }
      ]
    },
    {
      "@id": "https://data.datatourisme.fr/c780cb14-e76a-36df-bb57-f5a764fd62a8",
      "dc:contributor": [
        "https://api.deepl.com/v2/translate"
      ],
      "rdf:language": [
        "es"
      ],
      "rdf:predicate": [
        {
          "@id": "rdfs:comment"
        }
      ]
    }
  ],
  "isLocatedAt": [
    {
      "@id": "https://data.datatourisme.fr/154d9dcb-17da-3f99-93ac-8a11655ad565",
      "schema:address": [
        {
          "@id": "https://data.datatourisme.fr/96e38cc6-340d-3f82-b43f-ed12b623563b",
          "schema:addressLocality": "Galéria",
          "schema:postalCode": "20245",
          "schema:streetAddress": [
            "Domaine de Vaitella"
          ],
          "@type": [
            "schema:PostalAddress",
            "PostalAddress"
          ],
          "hasAddressCity": {
            "@id": "kb:2B121",
            "@type": [
              "City"
            ],
            "rdfs:label": {
              "en": [
                "Galéria"
              ],
              "fr": [
                "Galéria"
              ]
            },
            "insee": "2B121",
            "isPartOfDepartment": {
              "@id": "kb:France942B",
              "@type": [
                "Department"
              ],
              "rdfs:label": {
                "en": [
                  "Haute-Corse"
                ],
                "fr": [
                  "Haute-Corse"
                ]
              },
              "insee": "2B",
              "isPartOfRegion": {
                "@id": "kb:France94",
                "@type": [
                  "Region"
                ],
                "rdfs:label": {
                  "en": [
                    "Corse"
                  ],
                  "fr": [
                    "Corse"
                  ]
                },
                "insee": "94",
                "isPartOfCountry": {
                  "@id": "kb:France",
                  "@type": [
                    "schema:Country"
                  ],
                  "rdfs:label": {
                    "de": [
                      "Frankreich"
                    ],
                    "pt": [
                      "França"
                    ],
                    "en": [
                      "France"
                    ],
                    "it": [
                      "Francia"
                    ],
                    "fr": [
                      "France"
                    ],
                    "nl": [
                      "Frankrijk"
                    ],
                    "es": [
                      "Francia"
                    ]
                  }
                }
              }
            }
          }
        }
      ],
      "schema:geo": {
        "@id": "https://data.datatourisme.fr/c840136a-a7ee-39a9-a84e-bb2b216e9950",
        "schema:latitude": "42.412766",
        "schema:longitude": "8.691103",
        "@type": [
          "schema:GeoCoordinates"
        ]
      },
      "schema:openingHoursSpecification": [
        {
          "@id": "https://data.datatourisme.fr/2cab82d7-5ba8-36e3-8964-18c700cff360",
          "schema:validFrom": "2023-05-13T00:00:00",
          "schema:validThrough": "2023-09-23T23:59:59",
          "@type": [
            "schema:OpeningHoursSpecification"
          ],
          "additionalInformation": {
            "de": [
              "Unverbindliche Öffnungszeiten ."
            ],
            "en": [
              "Indicative opening period ."
            ],
            "it": [
              "Periodo di apertura indicativo ."
            ],
            "fr": [
              "Période d'ouverture à titre indicatif ."
            ],
            "es": [
              "Periodo de apertura indicativo ."
            ],
            "nl": [
              "Indicatieve openingsperiode ."
            ]
          },
          "hasTranslatedProperty": [
            {
              "@id": "https://data.datatourisme.fr/3a3a8693-47ff-3b1e-88bb-f747457fa45e",
              "dc:contributor": [
                "https://api.deepl.com/v2/translate"
              ],
              "rdf:language": [
                "de"
              ],
              "rdf:predicate": [
                "additionalInformation"
              ]
            },
            {
              "@id": "https://data.datatourisme.fr/3af1d1dc-f13e-3a27-9031-80b0bb648210",
              "dc:contributor": [
                "https://api.deepl.com/v2/translate"
              ],
              "rdf:language": [
                "en"
              ],
              "rdf:predicate": [
                "additionalInformation"
              ]
            },
            {
              "@id": "https://data.datatourisme.fr/8022da0f-4a15-3230-895e-b8d27a298f79",
              "dc:contributor": [
                "https://api.deepl.com/v2/translate"
              ],
              "rdf:language": [
                "it"
              ],
              "rdf:predicate": [
                "additionalInformation"
              ]
            },
            {
              "@id": "https://data.datatourisme.fr/e43692ea-ec9b-39ee-b71f-5b394c0318ee",
              "dc:contributor": [
                "https://api.deepl.com/v2/translate"
              ],
              "rdf:language": [
                "nl"
              ],
              "rdf:predicate": [
                "additionalInformation"
              ]
            },
            {
              "@id": "https://data.datatourisme.fr/e6cb90c7-07ce-3da7-b121-55497f16641a",
              "dc:contributor": [
                "https://api.deepl.com/v2/translate"
              ],
              "rdf:language": [
                "es"
              ],
              "rdf:predicate": [
                "additionalInformation"
              ]
            }
          ]
        }
      ],
      "@type": [
        "schema:Place",
        "Place"
      ]
    }
  ],
  "isOwnedBy": [
    {
      "@id": "https://data.datatourisme.fr/194c52e6-bbae-33dc-8464-caca97844fbb",
      "schema:email": [
        "info@balagne-corsica.com"
      ],
      "schema:legalName": "Office de Tourisme Intercommunal Calvi - Balagne",
      "@type": [
        "schema:Organization",
        "foaf:Agent",
        "Agent"
      ],
      "foaf:homepage": [
        "https://www.balagne-corsica.com/"
      ]
    }
  ],
  "lastUpdate": "2023-01-24",
  "lastUpdateDatatourisme": "2023-04-04T05:52:39.36Z",
  "offers": [
    {
      "@id": "https://data.datatourisme.fr/c00f06ff-d54a-3596-842a-08f8a2f702fb",
      "schema:priceSpecification": [
        {
          "@id": "https://data.datatourisme.fr/18e8caaf-4e00-34e7-b45f-d333ecc9c62b",
          "schema:maxPrice": [
            "0.22",
            "13",
            "6.5",
            "7.5"
          ],
          "schema:minPrice": [
            "0.22",
            "11",
            "3.5",
            "5.5"
          ],
          "schema:priceCurrency": "EUR",
          "@type": [
            "schema:PriceSpecification",
            "PriceSpecification"
          ],
          "appliesOnPeriod": [
            {
              "@id": "https://data.datatourisme.fr/9f729881-4c46-39a8-a669-7ac9e5141691",
              "@type": [
                "Period"
              ],
              "endDate": "2023-09-23",
              "startDate": "2023-05-13"
            }
          ]
        }
      ],
      "@type": [
        "schema:Offer",
        "Offer"
      ]
    }
  ]
}