{
  "@id": "https://data.datatourisme.fr/13/89529c35-9c0a-3b05-ac59-7c1457b4dfa4",
  "dc:identifier": "5270844",
  "@type": [
    "schema:LocalBusiness",
    "PlaceOfInterest",
    "PointOfInterest",
    "SightseeingBoat",
    "SportsAndLeisurePlace"
  ],
  "rdfs:comment": {
    "de": [
      "Seekreuzfahrt im Reservat Bouches de Bonifacio."
    ],
    "en": [
      "Sea cruise in the Bouches de Bonifacio reserve."
    ],
    "it": [
      "Crociera in mare nella riserva di Bouches de Bonifacio."
    ],
    "fr": [
      "Dégustez nos fameuses pâtes à la langouste dans une crique des îles Lavezzi, au cœur de la Réserve Naturelle des Bouches de Bonifacio ! Journée détente et farniente. Tous les jours, départ 9h30, retour 18h. Sortie à la journée avec repas."
    ],
    "nl": [
      "Zeecruise in het reservaat van de Bouches de Bonifacio."
    ],
    "es": [
      "Deguste nuestra famosa pasta de bogavante en una cala de las islas Lavezzi, ¡en el corazón de la Reserva Natural de Bouches de Bonifacio! Un día de relax y ociosidad. Todos los días, salida a las 9.30 y regreso a las 18.00. Excursión de un día con comida."
    ]
  },
  "rdfs:label": {
    "fr": [
      "L'Autre Croisière"
    ]
  },
  "hasBeenCreatedBy": {
    "@id": "https://data.datatourisme.fr/13/84c6494d-3085-3c63-a55c-db8cb047fadd",
    "dc:identifier": "1738",
    "schema:email": [
      "camillef.omt@gmail.com",
      "direction@destination-sudcorse.com",
      "gestion@destination-sudcorse.com",
      "promotion@destination-sudcorse.com",
      "webmaster@destination-sudcorse.com"
    ],
    "schema:legalName": "Porto Vecchio Tourisme",
    "@type": [
      "schema:Organization",
      "foaf:Agent",
      "Agent"
    ],
    "foaf:homepage": [
      "http://www.ot-portovecchio.com/"
    ]
  },
  "hasBeenPublishedBy": [
    {
      "@id": "https://data.datatourisme.fr/8a9feb4b-2cbd-3d2c-b507-bd6c6776b23b",
      "schema:legalName": "Apidae Tourisme Scic SA - source : Apidae Tourisme",
      "@type": [
        "schema:Organization",
        "foaf:Agent",
        "Agent"
      ],
      "foaf:homepage": [
        "https://www.apidae-tourisme.com/"
      ]
    }
  ],
  "hasContact": [
    {
      "@id": "https://data.datatourisme.fr/eb9dfdd0-055f-3900-9923-c48c213038e7",
      "schema:email": [
        "lautrecroisiere@gmail.com"
      ],
      "schema:telephone": [
        "+33 6 07 04 22 55",
        "+33 6 17 62 31 06"
      ],
      "@type": [
        "foaf:Agent",
        "Agent"
      ],
      "foaf:homepage": [
        "http://www.lautrecroisiere.com/"
      ]
    }
  ],
  "hasDescription": [
    {
      "@id": "https://data.datatourisme.fr/e4b78e02-1069-38f0-bfe7-e5c08347a76d",
      "@type": [
        "Description"
      ],
      "hasTranslatedProperty": [
        {
          "@id": "https://data.datatourisme.fr/1f17e6ee-eb85-389b-8196-8b9a87d765f9",
          "dc:contributor": [
            "https://api.deepl.com/v2/translate"
          ],
          "rdf:language": [
            "es"
          ],
          "rdf:predicate": [
            "shortDescription"
          ]
        }
      ],
      "shortDescription": {
        "de": [
          "Seekreuzfahrt im Reservat Bouches de Bonifacio."
        ],
        "en": [
          "Sea cruise in the Bouches de Bonifacio reserve."
        ],
        "it": [
          "Crociera in mare nella riserva di Bouches de Bonifacio."
        ],
        "fr": [
          "Dégustez nos fameuses pâtes à la langouste dans une crique des îles Lavezzi, au cœur de la Réserve Naturelle des Bouches de Bonifacio ! Journée détente et farniente. Tous les jours, départ 9h30, retour 18h. Sortie à la journée avec repas."
        ],
        "nl": [
          "Zeecruise in het reservaat van de Bouches de Bonifacio."
        ],
        "es": [
          "Deguste nuestra famosa pasta de bogavante en una cala de las islas Lavezzi, ¡en el corazón de la Reserva Natural de Bouches de Bonifacio! Un día de relax y ociosidad. Todos los días, salida a las 9.30 y regreso a las 18.00. Excursión de un día con comida."
        ]
      }
    }
  ],
  "hasTranslatedProperty": [
    {
      "@id": "https://data.datatourisme.fr/c835343a-a1c0-3e16-a7ce-21eb6fccf990",
      "dc:contributor": [
        "https://api.deepl.com/v2/translate"
      ],
      "rdf:language": [
        "es"
      ],
      "rdf:predicate": [
        {
          "@id": "rdfs:comment"
        }
      ]
    }
  ],
  "isLocatedAt": [
    {
      "@id": "https://data.datatourisme.fr/017d21e4-b55f-3547-8d12-e02f27e9e0d3",
      "schema:address": [
        {
          "@id": "https://data.datatourisme.fr/94b17e2a-ed33-3fa2-ad0f-c54945dc8447",
          "schema:addressLocality": "Bonifacio",
          "schema:postalCode": "20169",
          "schema:streetAddress": [
            "Port de Plaisance"
          ],
          "@type": [
            "schema:PostalAddress",
            "PostalAddress"
          ],
          "hasAddressCity": {
            "@id": "kb:2A041",
            "@type": [
              "City"
            ],
            "rdfs:label": {
              "en": [
                "Bonifacio"
              ],
              "fr": [
                "Bonifacio"
              ]
            },
            "insee": "2A041",
            "isPartOfDepartment": {
              "@id": "kb:France942A",
              "@type": [
                "Department"
              ],
              "rdfs:label": {
                "en": [
                  "Corse-du-Sud"
                ],
                "fr": [
                  "Corse-du-Sud"
                ]
              },
              "insee": "2A",
              "isPartOfRegion": {
                "@id": "kb:France94",
                "@type": [
                  "Region"
                ],
                "rdfs:label": {
                  "en": [
                    "Corse"
                  ],
                  "fr": [
                    "Corse"
                  ]
                },
                "insee": "94",
                "isPartOfCountry": {
                  "@id": "kb:France",
                  "@type": [
                    "schema:Country"
                  ],
                  "rdfs:label": {
                    "de": [
                      "Frankreich"
                    ],
                    "pt": [
                      "França"
                    ],
                    "en": [
                      "France"
                    ],
                    "it": [
                      "Francia"
                    ],
                    "fr": [
                      "France"
                    ],
                    "nl": [
                      "Frankrijk"
                    ],
                    "es": [
                      "Francia"
                    ]
                  }
                }
              }
            }
          }
        }
      ],
      "schema:geo": {
        "@id": "https://data.datatourisme.fr/f46f45ee-3c2f-3339-a240-c5ff8ec6036d",
        "schema:latitude": "41.389",
        "schema:longitude": "9.1653",
        "@type": [
          "schema:GeoCoordinates"
        ]
      },
      "schema:openingHoursSpecification": [
        {
          "@id": "https://data.datatourisme.fr/f99ae908-62de-36c2-bab1-593e5c6ab3c9",
          "schema:validFrom": "2023-04-01T00:00:00",
          "schema:validThrough": "2023-10-31T23:59:59",
          "@type": [
            "schema:OpeningHoursSpecification"
          ],
          "additionalInformation": {
            "de": [
              "Montag, Dienstag, Mittwoch, Donnerstag, Freitag, Samstag, Sonntag: offen"
            ],
            "en": [
              "Monday, Tuesday, Wednesday, Thursday, Friday, Saturday, Sunday: open"
            ],
            "it": [
              "Lunedì, martedì, mercoledì, giovedì, venerdì, sabato, domenica: aperto"
            ],
            "fr": [
              "Lundi, Mardi, Mercredi, Jeudi, Vendredi, Samedi, Dimanche : ouvert"
            ],
            "nl": [
              "Maandag, dinsdag, woensdag, donderdag, vrijdag, zaterdag, zondag: open"
            ],
            "es": [
              "Lunes, martes, miércoles, jueves, viernes, sábado y domingo: abierto"
            ]
          },
          "hasTranslatedProperty": [
            {
              "@id": "https://data.datatourisme.fr/03c55266-89e7-3232-a3dd-beae66c79364",
              "dc:contributor": [
                "https://api.deepl.com/v2/translate"
              ],
              "rdf:language": [
                "de"
              ],
              "rdf:predicate": [
                "additionalInformation"
              ]
            },
            {
              "@id": "https://data.datatourisme.fr/428d8564-0015-3a88-9d8f-6d9233c29b0d",
              "dc:contributor": [
                "https://api.deepl.com/v2/translate"
              ],
              "rdf:language": [
                "en"
              ],
              "rdf:predicate": [
                "additionalInformation"
              ]
            },
            {
              "@id": "https://data.datatourisme.fr/74fee427-87d7-3b15-9d9d-37fb969e6cdd",
              "dc:contributor": [
                "https://api.deepl.com/v2/translate"
              ],
              "rdf:language": [
                "nl"
              ],
              "rdf:predicate": [
                "additionalInformation"
              ]
            },
            {
              "@id": "https://data.datatourisme.fr/c49529ab-2753-38b2-9825-c697ff0b0855",
              "dc:contributor": [
                "https://api.deepl.com/v2/translate"
              ],
              "rdf:language": [
                "it"
              ],
              "rdf:predicate": [
                "additionalInformation"
              ]
            },
            {
              "@id": "https://data.datatourisme.fr/fd2c97ba-544e-357d-bb80-69a6b0888680",
              "dc:contributor": [
                "https://api.deepl.com/v2/translate"
              ],
              "rdf:language": [
                "es"
              ],
              "rdf:predicate": [
                "additionalInformation"
              ]
            }
          ]
        }
      ],
      "@type": [
        "schema:Place",
        "Place"
      ]
    }
  ],
  "isOwnedBy": [
    {
      "@id": "https://data.datatourisme.fr/f5f950f9-5eec-32b4-a357-2c969ccf4068",
      "schema:email": [
        "camillef.omt@gmail.com",
        "direction@destination-sudcorse.com",
        "gestion@destination-sudcorse.com",
        "promotion@destination-sudcorse.com",
        "webmaster@destination-sudcorse.com"
      ],
      "schema:legalName": "Porto Vecchio Tourisme",
      "@type": [
        "schema:Organization",
        "foaf:Agent",
        "Agent"
      ],
      "foaf:homepage": [
        "http://www.ot-portovecchio.com/"
      ]
    }
  ],
  "lastUpdate": "2023-04-01",
  "lastUpdateDatatourisme": "2023-04-04T05:52:39.315Z",
  "offers": [
    {
      "@id": "https://data.datatourisme.fr/10f1b692-1384-35f6-a8eb-b125bb454d82",
      "schema:priceSpecification": [
        {
          "@id": "https://data.datatourisme.fr/a4532cb6-e9dd-3be3-8b5d-ee0384c64387",
          "schema:minPrice": [
            "105",
            "50"
          ],
          "schema:priceCurrency": "EUR",
          "@type": [
            "schema:PriceSpecification",
            "PriceSpecification"
          ],
          "appliesOnPeriod": [
            {
              "@id": "https://data.datatourisme.fr/c18eaf92-4ed3-33aa-8117-05a6fe461fb2",
              "@type": [
                "Period"
              ],
              "endDate": "2023-10-31",
              "startDate": "2023-04-01"
            }
          ]
        }
      ],
      "@type": [
        "schema:Offer",
        "Offer"
      ]
    }
  ]
}