{
  "@id": "https://data.datatourisme.fr/13/89e67a34-a81c-3999-a1ec-d3ac4bfebf79",
  "dc:identifier": "5234447",
  "@type": [
    "schema:LocalBusiness",
    "ActivityProvider",
    "PlaceOfInterest",
    "PointOfInterest",
    "Store"
  ],
  "rdfs:comment": {
    "de": [
      "Der Golf von Lezza liegt 5 km von Porto Vecchio entfernt, ist technisch sehr gut verteidigt und bietet viele Spielkonfigurationen."
    ],
    "en": [
      "Located 5 km from Porto Vecchio, the Golf of Lezza is technically very well defended and offers many game configurations."
    ],
    "it": [
      "Situato a 5 km dal Porto Vecchio, il Golf di Lezza è tecnicamente molto ben difeso e offre molte configurazioni di gioco."
    ],
    "fr": [
      "Le Golf de Lezza dispose de 9 trous par 32 d’une longueur de 1961 m., blanches et 1662 rouges, un Chipping Green, un Putting Green et un Practice couvert de 10 postes éclairés. Cours individuels ou collectifs avec moniteur diplômé 2ème degré."
    ],
    "nl": [
      "Gelegen op 5 km van Porto Vecchio, is de Golf van Lezza technisch zeer goed verdedigd en biedt vele spelconfiguraties."
    ],
    "es": [
      "El Club de Golf Lezza cuenta con 9 hoyos par 32 de 1961 m., blancos y 1662 rojos, un Chipping Green, un Putting Green y un Driving Range cubierto con 10 puestos iluminados. Clases individuales o en grupo con un instructor de 2º grado."
    ]
  },
  "rdfs:label": {
    "fr": [
      "Golf de Lezza"
    ]
  },
  "hasBeenCreatedBy": {
    "@id": "https://data.datatourisme.fr/13/84c6494d-3085-3c63-a55c-db8cb047fadd",
    "dc:identifier": "1738",
    "schema:email": [
      "camillef.omt@gmail.com",
      "direction@destination-sudcorse.com",
      "gestion@destination-sudcorse.com",
      "promotion@destination-sudcorse.com",
      "webmaster@destination-sudcorse.com"
    ],
    "schema:legalName": "Porto Vecchio Tourisme",
    "@type": [
      "schema:Organization",
      "foaf:Agent",
      "Agent"
    ],
    "foaf:homepage": [
      "http://www.ot-portovecchio.com/"
    ]
  },
  "hasBeenPublishedBy": [
    {
      "@id": "https://data.datatourisme.fr/8a9feb4b-2cbd-3d2c-b507-bd6c6776b23b",
      "schema:legalName": "Apidae Tourisme Scic SA - source : Apidae Tourisme",
      "@type": [
        "schema:Organization",
        "foaf:Agent",
        "Agent"
      ],
      "foaf:homepage": [
        "https://www.apidae-tourisme.com/"
      ]
    }
  ],
  "hasContact": [
    {
      "@id": "https://data.datatourisme.fr/11f57701-4335-3480-8bd8-36e066c17cb7",
      "schema:email": [
        "golfdelezza@gmail.com"
      ],
      "schema:telephone": [
        "+33 4 95 72 06 89",
        "+33 6 19 45 36 08"
      ],
      "@type": [
        "foaf:Agent",
        "Agent"
      ],
      "foaf:homepage": [
        "http://www.golfdelezza.fr/"
      ]
    }
  ],
  "hasDescription": [
    {
      "@id": "https://data.datatourisme.fr/559281ed-f76e-389d-b99c-602b8fa8ef45",
      "@type": [
        "Description"
      ],
      "hasTranslatedProperty": [
        {
          "@id": "https://data.datatourisme.fr/bd9d7783-cad5-30ec-bbc9-0ab1d168d823",
          "dc:contributor": [
            "https://api.deepl.com/v2/translate"
          ],
          "rdf:language": [
            "es"
          ],
          "rdf:predicate": [
            "shortDescription"
          ]
        }
      ],
      "shortDescription": {
        "de": [
          "Der Golf von Lezza liegt 5 km von Porto Vecchio entfernt, ist technisch sehr gut verteidigt und bietet viele Spielkonfigurationen."
        ],
        "en": [
          "Located 5 km from Porto Vecchio, the Golf of Lezza is technically very well defended and offers many game configurations."
        ],
        "it": [
          "Situato a 5 km dal Porto Vecchio, il Golf di Lezza è tecnicamente molto ben difeso e offre molte configurazioni di gioco."
        ],
        "fr": [
          "Le Golf de Lezza dispose de 9 trous par 32 d’une longueur de 1961 m., blanches et 1662 rouges, un Chipping Green, un Putting Green et un Practice couvert de 10 postes éclairés. Cours individuels ou collectifs avec moniteur diplômé 2ème degré."
        ],
        "nl": [
          "Gelegen op 5 km van Porto Vecchio, is de Golf van Lezza technisch zeer goed verdedigd en biedt vele spelconfiguraties."
        ],
        "es": [
          "El Club de Golf Lezza cuenta con 9 hoyos par 32 de 1961 m., blancos y 1662 rojos, un Chipping Green, un Putting Green y un Driving Range cubierto con 10 puestos iluminados. Clases individuales o en grupo con un instructor de 2º grado."
        ]
      }
    }
  ],
  "hasTheme": [
    {
      "@id": "kb:Golf",
      "@type": [
        "SportsTheme"
      ],
      "rdfs:label": {
        "de": [
          "Golf"
        ],
        "pt": [
          "Golfe"
        ],
        "en": [
          "Golf"
        ],
        "it": [
          "Golf"
        ],
        "fr": [
          "Golf"
        ],
        "nl": [
          "Golf"
        ],
        "es": [
          "Golf"
        ]
      }
    }
  ],
  "hasTranslatedProperty": [
    {
      "@id": "https://data.datatourisme.fr/a8f61cbd-3cb7-32aa-9b08-d2d9b43dc5a4",
      "dc:contributor": [
        "https://api.deepl.com/v2/translate"
      ],
      "rdf:language": [
        "es"
      ],
      "rdf:predicate": [
        {
          "@id": "rdfs:comment"
        }
      ]
    }
  ],
  "isLocatedAt": [
    {
      "@id": "https://data.datatourisme.fr/edb92895-18bd-3dc3-bef5-83dcd2429226",
      "schema:address": [
        {
          "@id": "https://data.datatourisme.fr/15253b85-1a25-330d-8822-5ec8aacdf153",
          "schema:addressLocality": "Porto-Vecchio",
          "schema:postalCode": "20137",
          "schema:streetAddress": [
            "Route de Bonifacio"
          ],
          "@type": [
            "schema:PostalAddress",
            "PostalAddress"
          ],
          "hasAddressCity": {
            "@id": "kb:2A247",
            "@type": [
              "City"
            ],
            "rdfs:label": {
              "en": [
                "Porto-Vecchio"
              ],
              "fr": [
                "Porto-Vecchio"
              ]
            },
            "insee": "2A247",
            "isPartOfDepartment": {
              "@id": "kb:France942A",
              "@type": [
                "Department"
              ],
              "rdfs:label": {
                "en": [
                  "Corse-du-Sud"
                ],
                "fr": [
                  "Corse-du-Sud"
                ]
              },
              "insee": "2A",
              "isPartOfRegion": {
                "@id": "kb:France94",
                "@type": [
                  "Region"
                ],
                "rdfs:label": {
                  "en": [
                    "Corse"
                  ],
                  "fr": [
                    "Corse"
                  ]
                },
                "insee": "94",
                "isPartOfCountry": {
                  "@id": "kb:France",
                  "@type": [
                    "schema:Country"
                  ],
                  "rdfs:label": {
                    "de": [
                      "Frankreich"
                    ],
                    "pt": [
                      "França"
                    ],
                    "en": [
                      "France"
                    ],
                    "it": [
                      "Francia"
                    ],
                    "fr": [
                      "France"
                    ],
                    "nl": [
                      "Frankrijk"
                    ],
                    "es": [
                      "Francia"
                    ]
                  }
                }
              }
            }
          }
        }
      ],
      "schema:geo": {
        "@id": "https://data.datatourisme.fr/8f18863e-0bda-35eb-a0ad-39c8fac07b61",
        "schema:latitude": "41.522",
        "schema:longitude": "9.2594",
        "@type": [
          "schema:GeoCoordinates"
        ]
      },
      "schema:openingHoursSpecification": [
        {
          "@id": "https://data.datatourisme.fr/f87e535a-636d-3343-ad63-8a03392e7511",
          "schema:validFrom": "2023-01-01T00:00:00",
          "schema:validThrough": "2023-12-31T23:59:59",
          "@type": [
            "schema:OpeningHoursSpecification"
          ]
        }
      ],
      "@type": [
        "schema:Place",
        "Place"
      ]
    }
  ],
  "isOwnedBy": [
    {
      "@id": "https://data.datatourisme.fr/f5f950f9-5eec-32b4-a357-2c969ccf4068",
      "schema:email": [
        "camillef.omt@gmail.com",
        "direction@destination-sudcorse.com",
        "gestion@destination-sudcorse.com",
        "promotion@destination-sudcorse.com",
        "webmaster@destination-sudcorse.com"
      ],
      "schema:legalName": "Porto Vecchio Tourisme",
      "@type": [
        "schema:Organization",
        "foaf:Agent",
        "Agent"
      ],
      "foaf:homepage": [
        "http://www.ot-portovecchio.com/"
      ]
    }
  ],
  "lastUpdate": "2023-02-15",
  "lastUpdateDatatourisme": "2023-02-16T06:39:42.01Z",
  "offers": [
    {
      "@id": "https://data.datatourisme.fr/bea6345e-a38a-373f-a35a-c9c87e167087",
      "schema:priceSpecification": [
        {
          "@id": "https://data.datatourisme.fr/6672beaa-6377-30aa-b164-8d5b9b27ce25",
          "schema:maxPrice": [
            "40"
          ],
          "schema:minPrice": [
            "5"
          ],
          "schema:priceCurrency": "EUR",
          "@type": [
            "schema:PriceSpecification",
            "PriceSpecification"
          ],
          "appliesOnPeriod": [
            {
              "@id": "https://data.datatourisme.fr/a425afdf-3594-300b-b55e-1858bafa3fd4",
              "@type": [
                "Period"
              ],
              "endDate": "2023-12-31",
              "startDate": "2023-01-01"
            }
          ]
        }
      ],
      "@type": [
        "schema:Offer",
        "Offer"
      ]
    }
  ]
}