{
  "@id": "https://data.datatourisme.fr/13/93ac9385-61f9-377b-b1d5-0d54f3354b1b",
  "dc:identifier": "6231610",
  "@type": [
    "schema:Landform",
    "Beach",
    "NaturalHeritage",
    "PlaceOfInterest",
    "PointOfInterest",
    "SportsAndLeisurePlace"
  ],
  "rdfs:comment": {
    "de": [
      "Die weniger bekannte Cala d'Acciaghju ist die letzte Bucht der Halbinsel Palombaggia. Ihr südlicher Teil bietet Schutz an Tagen mit Ostwind. Sie zeichnet sich durch durchsichtiges Wasser, feinen Sand und weiße Dünen aus, die von Wacholderbäumen umgeben sind."
    ],
    "en": [
      "Less known, Cala d'Acciaghju, is the last cove of the Palombaggia peninsula. Its southern part constitutes a shelter the days of East wind. It is characterized by translucent water, fine sand, white dunes surrounded by juniper trees."
    ],
    "it": [
      "Meno conosciuta, Cala d'Acciaghju, è l'ultima cala della penisola di Palombaggia. La sua parte meridionale offre un riparo nelle giornate con vento da est. È caratterizzata da acqua traslucida, sabbia fine e dune bianche circondate da alberi di ginepro."
    ],
    "fr": [
      "Moins connue, a Cala d’Acciaghju, est la dernière anse de la péninsule de Palombaggia. Sa partie méridionale constitue un abris les jours de vent d’Est. Elle se caractérise par une eau translucide, un sable fin, des dunes blanches entourées de genévriers."
    ],
    "nl": [
      "Minder bekend is Cala d'Acciaghju, de laatste inham van het schiereiland Palombaggia. Het zuidelijke deel biedt beschutting op dagen dat de wind uit het oosten waait. Het wordt gekenmerkt door doorschijnend water, fijn zand en witte duinen omgeven door jeneverbesbomen."
    ],
    "es": [
      "Menos conocida, Cala d'Acciaghju, es la última cala de la península de Palombaggia. Su parte meridional proporciona refugio en los días de viento de levante. Se caracteriza por el agua translúcida, la arena fina y las dunas blancas rodeadas de sabinas."
    ]
  },
  "rdfs:label": {
    "fr": [
      "La plage d'Acciaghju"
    ]
  },
  "hasBeenCreatedBy": {
    "@id": "https://data.datatourisme.fr/13/84c6494d-3085-3c63-a55c-db8cb047fadd",
    "dc:identifier": "1738",
    "schema:email": [
      "camillef.omt@gmail.com",
      "direction@destination-sudcorse.com",
      "gestion@destination-sudcorse.com",
      "promotion@destination-sudcorse.com",
      "webmaster@destination-sudcorse.com"
    ],
    "schema:legalName": "Porto Vecchio Tourisme",
    "@type": [
      "schema:Organization",
      "foaf:Agent",
      "Agent"
    ],
    "foaf:homepage": [
      "http://www.ot-portovecchio.com/"
    ]
  },
  "hasBeenPublishedBy": [
    {
      "@id": "https://data.datatourisme.fr/8a9feb4b-2cbd-3d2c-b507-bd6c6776b23b",
      "schema:legalName": "Apidae Tourisme Scic SA - source : Apidae Tourisme",
      "@type": [
        "schema:Organization",
        "foaf:Agent",
        "Agent"
      ],
      "foaf:homepage": [
        "https://www.apidae-tourisme.com/"
      ]
    }
  ],
  "hasContact": [
    {
      "@id": "https://data.datatourisme.fr/4c728769-0f7b-3af4-927c-1364b54b762d",
      "schema:telephone": [
        "+33 4 95 70 09 58"
      ],
      "@type": [
        "foaf:Agent",
        "Agent"
      ]
    }
  ],
  "hasDescription": [
    {
      "@id": "https://data.datatourisme.fr/f8225af1-1d5f-3f3e-bf23-13ffa7f4ee9c",
      "@type": [
        "Description"
      ],
      "hasTranslatedProperty": [
        {
          "@id": "https://data.datatourisme.fr/18626640-073c-397b-b7fe-b08d66af32d8",
          "dc:contributor": [
            "https://api.deepl.com/v2/translate"
          ],
          "rdf:language": [
            "es"
          ],
          "rdf:predicate": [
            "shortDescription"
          ]
        },
        {
          "@id": "https://data.datatourisme.fr/6d6e4311-f500-3ef2-a122-1ad113c87d7f",
          "dc:contributor": [
            "https://api.deepl.com/v2/translate"
          ],
          "rdf:language": [
            "it"
          ],
          "rdf:predicate": [
            "shortDescription"
          ]
        },
        {
          "@id": "https://data.datatourisme.fr/7cb5f9c2-8beb-35c8-9905-20bad124299b",
          "dc:contributor": [
            "https://api.deepl.com/v2/translate"
          ],
          "rdf:language": [
            "de"
          ],
          "rdf:predicate": [
            "shortDescription"
          ]
        },
        {
          "@id": "https://data.datatourisme.fr/9418d433-87ce-3a0f-ada7-b0204880a7a7",
          "dc:contributor": [
            "https://api.deepl.com/v2/translate"
          ],
          "rdf:language": [
            "en"
          ],
          "rdf:predicate": [
            "shortDescription"
          ]
        },
        {
          "@id": "https://data.datatourisme.fr/c351a466-590e-3b38-8249-afc8bfc6b82e",
          "dc:contributor": [
            "https://api.deepl.com/v2/translate"
          ],
          "rdf:language": [
            "nl"
          ],
          "rdf:predicate": [
            "shortDescription"
          ]
        }
      ],
      "shortDescription": {
        "de": [
          "Die weniger bekannte Cala d'Acciaghju ist die letzte Bucht der Halbinsel Palombaggia. Ihr südlicher Teil bietet Schutz an Tagen mit Ostwind. Sie zeichnet sich durch durchsichtiges Wasser, feinen Sand und weiße Dünen aus, die von Wacholderbäumen umgeben sind."
        ],
        "en": [
          "Less known, Cala d'Acciaghju, is the last cove of the Palombaggia peninsula. Its southern part constitutes a shelter the days of East wind. It is characterized by translucent water, fine sand, white dunes surrounded by juniper trees."
        ],
        "it": [
          "Meno conosciuta, Cala d'Acciaghju, è l'ultima cala della penisola di Palombaggia. La sua parte meridionale offre un riparo nelle giornate con vento da est. È caratterizzata da acqua traslucida, sabbia fine e dune bianche circondate da alberi di ginepro."
        ],
        "fr": [
          "Moins connue, a Cala d’Acciaghju, est la dernière anse de la péninsule de Palombaggia. Sa partie méridionale constitue un abris les jours de vent d’Est. Elle se caractérise par une eau translucide, un sable fin, des dunes blanches entourées de genévriers."
        ],
        "nl": [
          "Minder bekend is Cala d'Acciaghju, de laatste inham van het schiereiland Palombaggia. Het zuidelijke deel biedt beschutting op dagen dat de wind uit het oosten waait. Het wordt gekenmerkt door doorschijnend water, fijn zand en witte duinen omgeven door jeneverbesbomen."
        ],
        "es": [
          "Menos conocida, Cala d'Acciaghju, es la última cala de la península de Palombaggia. Su parte meridional proporciona refugio en los días de viento de levante. Se caracteriza por el agua translúcida, la arena fina y las dunas blancas rodeadas de sabinas."
        ]
      }
    }
  ],
  "hasTheme": [
    {
      "@id": "kb:Bathing",
      "@type": [
        "AccommodationAmenity",
        "SportsTheme"
      ],
      "rdfs:label": {
        "de": [
          "Baden"
        ],
        "pt": [
          "Banho"
        ],
        "en": [
          "Bathing"
        ],
        "it": [
          "Bagno"
        ],
        "fr": [
          "Baignade"
        ],
        "nl": [
          "Zwemmen"
        ],
        "es": [
          "Baño"
        ]
      }
    }
  ],
  "hasTranslatedProperty": [
    {
      "@id": "https://data.datatourisme.fr/50b0c971-7f74-37ef-8aa5-f2e9b2d8febe",
      "dc:contributor": [
        "https://api.deepl.com/v2/translate"
      ],
      "rdf:language": [
        "de"
      ],
      "rdf:predicate": [
        {
          "@id": "rdfs:comment"
        }
      ]
    },
    {
      "@id": "https://data.datatourisme.fr/5e1e950e-8fb2-3fd6-b9e0-737642c8867b",
      "dc:contributor": [
        "https://api.deepl.com/v2/translate"
      ],
      "rdf:language": [
        "nl"
      ],
      "rdf:predicate": [
        {
          "@id": "rdfs:comment"
        }
      ]
    },
    {
      "@id": "https://data.datatourisme.fr/ca14eea0-d97d-3f04-81cf-05eefaf85a14",
      "dc:contributor": [
        "https://api.deepl.com/v2/translate"
      ],
      "rdf:language": [
        "it"
      ],
      "rdf:predicate": [
        {
          "@id": "rdfs:comment"
        }
      ]
    },
    {
      "@id": "https://data.datatourisme.fr/dd3d8f13-0b22-3840-92e0-85a1b3894570",
      "dc:contributor": [
        "https://api.deepl.com/v2/translate"
      ],
      "rdf:language": [
        "es"
      ],
      "rdf:predicate": [
        {
          "@id": "rdfs:comment"
        }
      ]
    },
    {
      "@id": "https://data.datatourisme.fr/def1678c-abe1-3242-bee4-416f44c219c3",
      "dc:contributor": [
        "https://api.deepl.com/v2/translate"
      ],
      "rdf:language": [
        "en"
      ],
      "rdf:predicate": [
        {
          "@id": "rdfs:comment"
        }
      ]
    }
  ],
  "isLocatedAt": [
    {
      "@id": "https://data.datatourisme.fr/d64c253c-d0b8-3b00-8654-505d6d8a1fae",
      "schema:address": [
        {
          "@id": "https://data.datatourisme.fr/5a673d4c-2d55-3af7-bac6-b2bb2009aacd",
          "schema:addressLocality": "Porto-Vecchio",
          "schema:postalCode": "20137",
          "schema:streetAddress": [
            "Acciaghju",
            "Route de Palombaggia"
          ],
          "@type": [
            "schema:PostalAddress",
            "PostalAddress"
          ],
          "hasAddressCity": {
            "@id": "kb:2A247",
            "@type": [
              "City"
            ],
            "rdfs:label": {
              "en": [
                "Porto-Vecchio"
              ],
              "fr": [
                "Porto-Vecchio"
              ]
            },
            "insee": "2A247",
            "isPartOfDepartment": {
              "@id": "kb:France942A",
              "@type": [
                "Department"
              ],
              "rdfs:label": {
                "en": [
                  "Corse-du-Sud"
                ],
                "fr": [
                  "Corse-du-Sud"
                ]
              },
              "insee": "2A",
              "isPartOfRegion": {
                "@id": "kb:France94",
                "@type": [
                  "Region"
                ],
                "rdfs:label": {
                  "en": [
                    "Corse"
                  ],
                  "fr": [
                    "Corse"
                  ]
                },
                "insee": "94",
                "isPartOfCountry": {
                  "@id": "kb:France",
                  "@type": [
                    "schema:Country"
                  ],
                  "rdfs:label": {
                    "de": [
                      "Frankreich"
                    ],
                    "pt": [
                      "França"
                    ],
                    "en": [
                      "France"
                    ],
                    "it": [
                      "Francia"
                    ],
                    "fr": [
                      "France"
                    ],
                    "nl": [
                      "Frankrijk"
                    ],
                    "es": [
                      "Francia"
                    ]
                  }
                }
              }
            }
          }
        }
      ],
      "schema:geo": {
        "@id": "https://data.datatourisme.fr/1d2b2940-a233-38ca-b2c0-6cec74f10f36",
        "schema:latitude": "41.545896",
        "schema:longitude": "9.305777",
        "@type": [
          "schema:GeoCoordinates"
        ]
      },
      "schema:openingHoursSpecification": [
        {
          "@id": "https://data.datatourisme.fr/f87e535a-636d-3343-ad63-8a03392e7511",
          "schema:validFrom": "2023-01-01T00:00:00",
          "schema:validThrough": "2023-12-31T23:59:59",
          "@type": [
            "schema:OpeningHoursSpecification"
          ]
        }
      ],
      "@type": [
        "schema:Place",
        "Place"
      ]
    }
  ],
  "isOwnedBy": [
    {
      "@id": "https://data.datatourisme.fr/f5f950f9-5eec-32b4-a357-2c969ccf4068",
      "schema:email": [
        "camillef.omt@gmail.com",
        "direction@destination-sudcorse.com",
        "gestion@destination-sudcorse.com",
        "promotion@destination-sudcorse.com",
        "webmaster@destination-sudcorse.com"
      ],
      "schema:legalName": "Porto Vecchio Tourisme",
      "@type": [
        "schema:Organization",
        "foaf:Agent",
        "Agent"
      ],
      "foaf:homepage": [
        "http://www.ot-portovecchio.com/"
      ]
    }
  ],
  "lastUpdate": "2022-09-30",
  "lastUpdateDatatourisme": "2023-02-11T06:38:49.151Z"
}