{
  "@id": "https://data.datatourisme.fr/13/5389465f-0fe0-3652-a82f-3ff0fc35c310",
  "dc:identifier": "5162897",
  "@type": [
    "schema:Accommodation",
    "schema:LodgingBusiness",
    "Accommodation",
    "CollectiveAccommodation",
    "HolidayResort",
    "PlaceOfInterest",
    "PointOfInterest"
  ],
  "rdfs:comment": {
    "de": [
      "In einem bewaldeten, blumigen und ruhigen Park gelegen, 10 Minuten von den schönen Stränden und dem Zentrum des Dorfes entfernt."
    ],
    "en": [
      "Located in a wooded, flowery and quiet park, 10 minutes from the beautiful beaches and the center of the village."
    ],
    "it": [
      "Situato in un parco alberato, fiorito e tranquillo, a 10 minuti dalle bellissime spiagge e dal centro del paese."
    ],
    "fr": [
      "Situées dans un parc boisé, fleuri et calme, à 15/20 minutes des belles plages et 5 du centre du village.\nNos mini-villas, entièrement équipées, disposent de terrasses couvertes, salons de jardin et barbecues, wifi, climatisation, parking."
    ],
    "es": [
      "Situado en un parque arbolado, florido y tranquilo, a 15/20 minutos de las hermosas playas y a 5 minutos del centro del pueblo.\nNuestras mini-villas, totalmente equipadas, disponen de terrazas cubiertas, muebles de jardín y barbacoas, wifi, aire acondicionado, parking."
    ],
    "nl": [
      "Gelegen in een bosrijk, bloemrijk en rustig park, op 10 minuten van de mooie stranden en het centrum van het dorp."
    ]
  },
  "rdfs:label": {
    "fr": [
      "Les Cigales"
    ]
  },
  "hasBeenCreatedBy": {
    "@id": "https://data.datatourisme.fr/13/84c6494d-3085-3c63-a55c-db8cb047fadd",
    "dc:identifier": "1738",
    "schema:email": [
      "camillef.omt@gmail.com",
      "direction@destination-sudcorse.com",
      "gestion@destination-sudcorse.com",
      "promotion@destination-sudcorse.com",
      "webmaster@destination-sudcorse.com"
    ],
    "schema:legalName": "Porto Vecchio Tourisme",
    "@type": [
      "schema:Organization",
      "foaf:Agent",
      "Agent"
    ],
    "foaf:homepage": [
      "http://www.ot-portovecchio.com/"
    ]
  },
  "hasBeenPublishedBy": [
    {
      "@id": "https://data.datatourisme.fr/8a9feb4b-2cbd-3d2c-b507-bd6c6776b23b",
      "schema:legalName": "Apidae Tourisme Scic SA - source : Apidae Tourisme",
      "@type": [
        "schema:Organization",
        "foaf:Agent",
        "Agent"
      ],
      "foaf:homepage": [
        "https://www.apidae-tourisme.com/"
      ]
    }
  ],
  "hasContact": [
    {
      "@id": "https://data.datatourisme.fr/7599c2bd-b90b-32f5-a3ce-5b9b2a811849",
      "schema:email": [
        "lescigalessudcorse@wanadoo.fr"
      ],
      "schema:telephone": [
        "+33 4 95 70 06 66"
      ],
      "@type": [
        "foaf:Agent",
        "Agent"
      ]
    }
  ],
  "hasDescription": [
    {
      "@id": "https://data.datatourisme.fr/f32a69cf-c2c3-3465-94a0-1aed71facd0d",
      "@type": [
        "Description"
      ],
      "hasTranslatedProperty": [
        {
          "@id": "https://data.datatourisme.fr/aeff649d-be46-346c-9467-b7c528671f98",
          "dc:contributor": [
            "https://api.deepl.com/v2/translate"
          ],
          "rdf:language": [
            "es"
          ],
          "rdf:predicate": [
            "shortDescription"
          ]
        }
      ],
      "shortDescription": {
        "de": [
          "In einem bewaldeten, blumigen und ruhigen Park gelegen, 10 Minuten von den schönen Stränden und dem Zentrum des Dorfes entfernt."
        ],
        "en": [
          "Located in a wooded, flowery and quiet park, 10 minutes from the beautiful beaches and the center of the village."
        ],
        "it": [
          "Situato in un parco alberato, fiorito e tranquillo, a 10 minuti dalle bellissime spiagge e dal centro del paese."
        ],
        "fr": [
          "Situées dans un parc boisé, fleuri et calme, à 15/20 minutes des belles plages et 5 du centre du village.\nNos mini-villas, entièrement équipées, disposent de terrasses couvertes, salons de jardin et barbecues, wifi, climatisation, parking."
        ],
        "es": [
          "Situado en un parque arbolado, florido y tranquilo, a 15/20 minutos de las hermosas playas y a 5 minutos del centro del pueblo.\nNuestras mini-villas, totalmente equipadas, disponen de terrazas cubiertas, muebles de jardín y barbacoas, wifi, aire acondicionado, parking."
        ],
        "nl": [
          "Gelegen in een bosrijk, bloemrijk en rustig park, op 10 minuten van de mooie stranden en het centrum van het dorp."
        ]
      }
    }
  ],
  "hasTranslatedProperty": [
    {
      "@id": "https://data.datatourisme.fr/a9c43136-9b5b-338f-9692-8437b4811dab",
      "dc:contributor": [
        "https://api.deepl.com/v2/translate"
      ],
      "rdf:language": [
        "es"
      ],
      "rdf:predicate": [
        {
          "@id": "rdfs:comment"
        }
      ]
    }
  ],
  "isLocatedAt": [
    {
      "@id": "https://data.datatourisme.fr/dfdea9c3-01cb-3871-be05-e028a4738cae",
      "schema:address": [
        {
          "@id": "https://data.datatourisme.fr/9930a311-6433-3ee3-8414-95de558bf6af",
          "schema:addressLocality": "Porto-Vecchio",
          "schema:postalCode": "20137",
          "schema:streetAddress": [
            "Résidence Les Cigales",
            "Rue Antoine Filippi"
          ],
          "@type": [
            "schema:PostalAddress",
            "PostalAddress"
          ],
          "hasAddressCity": {
            "@id": "kb:2A247",
            "@type": [
              "City"
            ],
            "rdfs:label": {
              "en": [
                "Porto-Vecchio"
              ],
              "fr": [
                "Porto-Vecchio"
              ]
            },
            "insee": "2A247",
            "isPartOfDepartment": {
              "@id": "kb:France942A",
              "@type": [
                "Department"
              ],
              "rdfs:label": {
                "en": [
                  "Corse-du-Sud"
                ],
                "fr": [
                  "Corse-du-Sud"
                ]
              },
              "insee": "2A",
              "isPartOfRegion": {
                "@id": "kb:France94",
                "@type": [
                  "Region"
                ],
                "rdfs:label": {
                  "en": [
                    "Corse"
                  ],
                  "fr": [
                    "Corse"
                  ]
                },
                "insee": "94",
                "isPartOfCountry": {
                  "@id": "kb:France",
                  "@type": [
                    "schema:Country"
                  ],
                  "rdfs:label": {
                    "de": [
                      "Frankreich"
                    ],
                    "pt": [
                      "França"
                    ],
                    "en": [
                      "France"
                    ],
                    "it": [
                      "Francia"
                    ],
                    "fr": [
                      "France"
                    ],
                    "nl": [
                      "Frankrijk"
                    ],
                    "es": [
                      "Francia"
                    ]
                  }
                }
              }
            }
          }
        }
      ],
      "schema:geo": {
        "@id": "https://data.datatourisme.fr/4d07056a-cc42-3f70-bc5b-c2f6769368dc",
        "schema:latitude": "41.595387",
        "schema:longitude": "9.270487",
        "@type": [
          "schema:GeoCoordinates"
        ]
      },
      "schema:openingHoursSpecification": [
        {
          "@id": "https://data.datatourisme.fr/3e69d96f-a513-32cc-b4fe-661ebd2c7f2d",
          "schema:validFrom": "2023-03-31T00:00:00",
          "schema:validThrough": "2023-10-29T23:59:59",
          "@type": [
            "schema:OpeningHoursSpecification"
          ],
          "additionalInformation": {
            "de": [
              "Montag, Dienstag, Mittwoch, Donnerstag, Freitag, Samstag, Sonntag: offen"
            ],
            "en": [
              "Monday, Tuesday, Wednesday, Thursday, Friday, Saturday, Sunday: open"
            ],
            "it": [
              "Lunedì, martedì, mercoledì, giovedì, venerdì, sabato, domenica: aperto"
            ],
            "fr": [
              "Lundi, Mardi, Mercredi, Jeudi, Vendredi, Samedi, Dimanche : ouvert"
            ],
            "nl": [
              "Maandag, dinsdag, woensdag, donderdag, vrijdag, zaterdag, zondag: open"
            ],
            "es": [
              "Lunes, martes, miércoles, jueves, viernes, sábado y domingo: abierto"
            ]
          },
          "hasTranslatedProperty": [
            {
              "@id": "https://data.datatourisme.fr/2076cf52-bc55-3448-9f9b-f26818134672",
              "dc:contributor": [
                "https://api.deepl.com/v2/translate"
              ],
              "rdf:language": [
                "de"
              ],
              "rdf:predicate": [
                "additionalInformation"
              ]
            },
            {
              "@id": "https://data.datatourisme.fr/47c110ef-854b-3643-9abb-038fa5852b1e",
              "dc:contributor": [
                "https://api.deepl.com/v2/translate"
              ],
              "rdf:language": [
                "es"
              ],
              "rdf:predicate": [
                "additionalInformation"
              ]
            },
            {
              "@id": "https://data.datatourisme.fr/a56c0f8d-22d9-3835-8eef-34e6792c641f",
              "dc:contributor": [
                "https://api.deepl.com/v2/translate"
              ],
              "rdf:language": [
                "nl"
              ],
              "rdf:predicate": [
                "additionalInformation"
              ]
            },
            {
              "@id": "https://data.datatourisme.fr/a5a38738-1513-3936-9607-0fe7e35f12a9",
              "dc:contributor": [
                "https://api.deepl.com/v2/translate"
              ],
              "rdf:language": [
                "it"
              ],
              "rdf:predicate": [
                "additionalInformation"
              ]
            },
            {
              "@id": "https://data.datatourisme.fr/cf1f53ff-3748-3d04-b37f-4b0454954d52",
              "dc:contributor": [
                "https://api.deepl.com/v2/translate"
              ],
              "rdf:language": [
                "en"
              ],
              "rdf:predicate": [
                "additionalInformation"
              ]
            }
          ]
        }
      ],
      "@type": [
        "schema:Place",
        "Place"
      ]
    }
  ],
  "isOwnedBy": [
    {
      "@id": "https://data.datatourisme.fr/f5f950f9-5eec-32b4-a357-2c969ccf4068",
      "schema:email": [
        "camillef.omt@gmail.com",
        "direction@destination-sudcorse.com",
        "gestion@destination-sudcorse.com",
        "promotion@destination-sudcorse.com",
        "webmaster@destination-sudcorse.com"
      ],
      "schema:legalName": "Porto Vecchio Tourisme",
      "@type": [
        "schema:Organization",
        "foaf:Agent",
        "Agent"
      ],
      "foaf:homepage": [
        "http://www.ot-portovecchio.com/"
      ]
    }
  ],
  "lastUpdate": "2023-02-06",
  "lastUpdateDatatourisme": "2023-02-07T06:39:35.109Z",
  "offers": [
    {
      "@id": "https://data.datatourisme.fr/78c944bf-50c7-3e6b-90d7-1dd2f07ddfd9",
      "schema:priceSpecification": [
        {
          "@id": "https://data.datatourisme.fr/af7481b8-60e8-396f-a4bf-7b103d38ec17",
          "@type": [
            "schema:PriceSpecification",
            "PriceSpecification"
          ],
          "appliesOnPeriod": [
            {
              "@id": "https://data.datatourisme.fr/61cb2607-3a00-3465-8f07-0a081a6fad9b",
              "@type": [
                "Period"
              ],
              "endDate": "2023-10-29",
              "startDate": "2023-03-31"
            }
          ]
        }
      ],
      "@type": [
        "schema:Offer",
        "Offer"
      ]
    }
  ]
}