{
  "@id": "https://data.datatourisme.fr/13/536a3a04-064e-3112-97b6-ec96431db3ea",
  "dc:identifier": "4930091",
  "@type": [
    "schema:Accommodation",
    "schema:FoodEstablishment",
    "schema:Hotel",
    "schema:LodgingBusiness",
    "schema:Restaurant",
    "Accommodation",
    "FoodEstablishment",
    "Hotel",
    "HotelRestaurant",
    "HotelTrade",
    "PlaceOfInterest",
    "PointOfInterest",
    "Restaurant"
  ],
  "rdfs:comment": {
    "de": [
      "Wunderschönes Boutique-Hotel am Hang eines Hügels im Herzen des Dorfes Lama. Es bietet einen atemberaubenden Blick auf das Ostriconi-Tal und ist 15 km von den Stränden der Balagne und 20 km von den Agriates entfernt."
    ],
    "en": [
      "This gorgeous boutique hotel, nestled on a hillside in the beautiful village of Lama, offers an incredible view of the Ostriconi valley. It is 15 km from the beaches of Balagna and 20 km from the Agriate region."
    ],
    "it": [
      "Magnifico hotel di carattere situato su una collina nel cuore del villaggio di Lama, che offre una vista mozzafiato sulla valle dell'Ostriconi, a 15 km dalle spiagge della Balagne e a 20 km da Agriates."
    ],
    "fr": [
      "Magnifique hôtel de caractère situé à flanc de colline au cœur du village de Lama, offrant une vue imprenable sur la vallée de l'Ostriconi à 15 km des plages de Balagne et 20 km des Agriates."
    ],
    "nl": [
      "Prachtig hotel met karakter gelegen op een heuvel in het hart van het dorp Lama, met een adembenemend uitzicht op de Ostriconi vallei, 15 km van de stranden van Balagne en 20 km van Agriates."
    ],
    "es": [
      "Magnífico hotel con carácter situado en la ladera de una colina en el corazón del pueblo de Lama, que ofrece una vista impresionante del valle de Ostriconi, a 15 km de las playas de Balagne y a 20 km de las Agriates."
    ]
  },
  "rdfs:label": {
    "fr": [
      "Case Latine"
    ]
  },
  "hasBeenCreatedBy": {
    "@id": "https://data.datatourisme.fr/13/8d420fa3-5754-31f1-8199-69c88780314d",
    "dc:identifier": "1647",
    "schema:email": [
      "web@ileroussetourisme.com"
    ],
    "schema:legalName": "Office de Tourisme Intercommunal de L'Ile Rousse-Balagne",
    "@type": [
      "schema:Organization",
      "foaf:Agent",
      "Agent"
    ],
    "foaf:homepage": [
      "https://www.balagne-corsica.com/"
    ]
  },
  "hasBeenPublishedBy": [
    {
      "@id": "https://data.datatourisme.fr/8a9feb4b-2cbd-3d2c-b507-bd6c6776b23b",
      "schema:legalName": "Apidae Tourisme Scic SA - source : Apidae Tourisme",
      "@type": [
        "schema:Organization",
        "foaf:Agent",
        "Agent"
      ],
      "foaf:homepage": [
        "https://www.apidae-tourisme.com/"
      ]
    }
  ],
  "hasContact": [
    {
      "@id": "https://data.datatourisme.fr/2c8881c1-6cd3-372b-8922-1a3891e785af",
      "schema:email": [
        "info@caselatine.com"
      ],
      "schema:telephone": [
        "+33 6 22 37 14 16"
      ],
      "@type": [
        "foaf:Agent",
        "Agent"
      ],
      "foaf:homepage": [
        "http://www.caselatine.com/"
      ]
    }
  ],
  "hasDescription": [
    {
      "@id": "https://data.datatourisme.fr/c9a433b7-70c6-3ca1-a69c-899bb899b683",
      "@type": [
        "Description"
      ],
      "hasTranslatedProperty": [
        {
          "@id": "https://data.datatourisme.fr/707ea5c3-45cf-32bc-a5f0-686653ec2a75",
          "dc:contributor": [
            "https://api.deepl.com/v2/translate"
          ],
          "rdf:language": [
            "de"
          ],
          "rdf:predicate": [
            "shortDescription"
          ]
        },
        {
          "@id": "https://data.datatourisme.fr/89cb8042-e612-3554-a553-fe37aa716ac5",
          "dc:contributor": [
            "https://api.deepl.com/v2/translate"
          ],
          "rdf:language": [
            "es"
          ],
          "rdf:predicate": [
            "shortDescription"
          ]
        },
        {
          "@id": "https://data.datatourisme.fr/cac15dad-382f-345a-b195-5e7198150262",
          "dc:contributor": [
            "https://api.deepl.com/v2/translate"
          ],
          "rdf:language": [
            "nl"
          ],
          "rdf:predicate": [
            "shortDescription"
          ]
        }
      ],
      "shortDescription": {
        "de": [
          "Wunderschönes Boutique-Hotel am Hang eines Hügels im Herzen des Dorfes Lama. Es bietet einen atemberaubenden Blick auf das Ostriconi-Tal und ist 15 km von den Stränden der Balagne und 20 km von den Agriates entfernt."
        ],
        "en": [
          "This gorgeous boutique hotel, nestled on a hillside in the beautiful village of Lama, offers an incredible view of the Ostriconi valley. It is 15 km from the beaches of Balagna and 20 km from the Agriate region."
        ],
        "it": [
          "Magnifico hotel di carattere situato su una collina nel cuore del villaggio di Lama, che offre una vista mozzafiato sulla valle dell'Ostriconi, a 15 km dalle spiagge della Balagne e a 20 km da Agriates."
        ],
        "fr": [
          "Magnifique hôtel de caractère situé à flanc de colline au cœur du village de Lama, offrant une vue imprenable sur la vallée de l'Ostriconi à 15 km des plages de Balagne et 20 km des Agriates."
        ],
        "nl": [
          "Prachtig hotel met karakter gelegen op een heuvel in het hart van het dorp Lama, met een adembenemend uitzicht op de Ostriconi vallei, 15 km van de stranden van Balagne en 20 km van Agriates."
        ],
        "es": [
          "Magnífico hotel con carácter situado en la ladera de una colina en el corazón del pueblo de Lama, que ofrece una vista impresionante del valle de Ostriconi, a 15 km de las playas de Balagne y a 20 km de las Agriates."
        ]
      }
    }
  ],
  "hasTranslatedProperty": [
    {
      "@id": "https://data.datatourisme.fr/38658d56-de74-3faf-85b2-ac62291c85d6",
      "dc:contributor": [
        "https://api.deepl.com/v2/translate"
      ],
      "rdf:language": [
        "nl"
      ],
      "rdf:predicate": [
        {
          "@id": "rdfs:comment"
        }
      ]
    },
    {
      "@id": "https://data.datatourisme.fr/71382afc-f2de-3e01-844f-9617491751f0",
      "dc:contributor": [
        "https://api.deepl.com/v2/translate"
      ],
      "rdf:language": [
        "es"
      ],
      "rdf:predicate": [
        {
          "@id": "rdfs:comment"
        }
      ]
    },
    {
      "@id": "https://data.datatourisme.fr/99d7e1ba-0dd2-31b1-b17d-3b8868516bf6",
      "dc:contributor": [
        "https://api.deepl.com/v2/translate"
      ],
      "rdf:language": [
        "de"
      ],
      "rdf:predicate": [
        {
          "@id": "rdfs:comment"
        }
      ]
    }
  ],
  "isLocatedAt": [
    {
      "@id": "https://data.datatourisme.fr/e188faf7-644b-31d2-b15f-fcf4260a98ec",
      "schema:address": [
        {
          "@id": "https://data.datatourisme.fr/78ad3c3e-6e63-314e-b21b-cdb1ab9ca399",
          "schema:addressLocality": "Lama",
          "schema:postalCode": "20218",
          "schema:streetAddress": [
            "Route du haut du village"
          ],
          "@type": [
            "schema:PostalAddress",
            "PostalAddress"
          ],
          "hasAddressCity": {
            "@id": "kb:2B136",
            "@type": [
              "City"
            ],
            "rdfs:label": {
              "en": [
                "Lama"
              ],
              "fr": [
                "Lama"
              ]
            },
            "insee": "2B136",
            "isPartOfDepartment": {
              "@id": "kb:France942B",
              "@type": [
                "Department"
              ],
              "rdfs:label": {
                "en": [
                  "Haute-Corse"
                ],
                "fr": [
                  "Haute-Corse"
                ]
              },
              "insee": "2B",
              "isPartOfRegion": {
                "@id": "kb:France94",
                "@type": [
                  "Region"
                ],
                "rdfs:label": {
                  "en": [
                    "Corse"
                  ],
                  "fr": [
                    "Corse"
                  ]
                },
                "insee": "94",
                "isPartOfCountry": {
                  "@id": "kb:France",
                  "@type": [
                    "schema:Country"
                  ],
                  "rdfs:label": {
                    "de": [
                      "Frankreich"
                    ],
                    "pt": [
                      "França"
                    ],
                    "en": [
                      "France"
                    ],
                    "it": [
                      "Francia"
                    ],
                    "fr": [
                      "France"
                    ],
                    "nl": [
                      "Frankrijk"
                    ],
                    "es": [
                      "Francia"
                    ]
                  }
                }
              }
            }
          }
        }
      ],
      "schema:geo": {
        "@id": "https://data.datatourisme.fr/3019a3b2-cab1-326d-b172-1840f1e4795e",
        "schema:latitude": "42.575048",
        "schema:longitude": "9.171653",
        "@type": [
          "schema:GeoCoordinates"
        ]
      },
      "schema:openingHoursSpecification": [
        {
          "@id": "https://data.datatourisme.fr/e4f2dcdc-0a0d-3e7f-a20b-36c97a90f73e",
          "schema:validFrom": "2023-05-01T00:00:00",
          "schema:validThrough": "2023-10-10T23:59:59",
          "@type": [
            "schema:OpeningHoursSpecification"
          ]
        }
      ],
      "@type": [
        "schema:Place",
        "Place"
      ]
    }
  ],
  "isOwnedBy": [
    {
      "@id": "https://data.datatourisme.fr/252af22a-253d-33df-b9d7-204832749402",
      "schema:email": [
        "web@ileroussetourisme.com"
      ],
      "schema:legalName": "Office de Tourisme Intercommunal de L'Ile Rousse-Balagne",
      "@type": [
        "schema:Organization",
        "foaf:Agent",
        "Agent"
      ],
      "foaf:homepage": [
        "https://www.balagne-corsica.com/"
      ]
    }
  ],
  "lastUpdate": "2022-07-13",
  "lastUpdateDatatourisme": "2023-02-01T18:07:35.57Z"
}