{
  "@id": "https://data.datatourisme.fr/13/390c0e3e-fc1b-340c-9b71-30e4aafb550a",
  "dc:identifier": "4994625",
  "@type": [
    "schema:LocalBusiness",
    "PlaceOfInterest",
    "PointOfInterest",
    "SightseeingBoat",
    "SportsAndLeisurePlace"
  ],
  "rdfs:comment": {
    "de": [
      "Entdecken Sie die Orte SCANDOLA, die Calanques de Piana, Capo Rosso, Girolata und den Grund des Golfs von Porto an Bord von Booten mit 12 Plätzen und unserem Halb-U-Boot und treffen Sie Ihre Wahl mit Ausflügen von 45 Minuten bis zu 3 Stunden"
    ],
    "en": [
      "Come to discover the sites of SCANDOLA, the creeks of Piana, Capo Rosso, Girolata and the bottom of the gulf of Porto on board of boats of 12 places and our semi underwater and make your choice with strolls of 45 mn to 3h"
    ],
    "it": [
      "Venite a scoprire i luoghi di SCANDOLA, le insenature di Piana, Capo Rosso, Girolata e i fondali del Golfo di Porto a bordo di imbarcazioni a 12 posti e del nostro semisommergibile e fate la vostra scelta con escursioni da 45 minuti a 3 ore."
    ],
    "fr": [
      "Venez découvrir les sites de SCANDOLA, les calanques de Piana, Capo Rosso, Girolata et le fond du golfe de Porto à bord de bateaux de 12 places et de notre semi sous-marin et faites votre choix avec des balades de 45 mn à 3h"
    ],
    "es": [
      "Venga a descubrir los lugares de SCANDOLA, las calas de Piana, Capo Rosso, Girolata y el fondo del Golfo de Porto a bordo de embarcaciones de 12 plazas y nuestro semi-submarino y haga su elección con viajes de 45 minutos a 3 horas"
    ],
    "nl": [
      "Kom en ontdek de bezienswaardigheden van SCANDOLA, de kreken van Piana, Capo Rosso, Girolata en de bodem van de Golf van Porto aan boord van 12-persoons boten en onze semi-onderzeeër en maak uw keuze met tochten van 45 minuten tot 3 uur"
    ]
  },
  "rdfs:label": {
    "fr": [
      "Corse Émotion"
    ]
  },
  "hasBeenCreatedBy": {
    "@id": "https://data.datatourisme.fr/13/8d420fa3-5754-31f1-8199-69c88780314d",
    "dc:identifier": "1647",
    "schema:email": [
      "web@ileroussetourisme.com"
    ],
    "schema:legalName": "Office de Tourisme Intercommunal de L'Ile Rousse-Balagne",
    "@type": [
      "schema:Organization",
      "foaf:Agent",
      "Agent"
    ],
    "foaf:homepage": [
      "https://www.balagne-corsica.com/"
    ]
  },
  "hasBeenPublishedBy": [
    {
      "@id": "https://data.datatourisme.fr/8a9feb4b-2cbd-3d2c-b507-bd6c6776b23b",
      "schema:legalName": "Apidae Tourisme Scic SA - source : Apidae Tourisme",
      "@type": [
        "schema:Organization",
        "foaf:Agent",
        "Agent"
      ],
      "foaf:homepage": [
        "https://www.apidae-tourisme.com/"
      ]
    }
  ],
  "hasContact": [
    {
      "@id": "https://data.datatourisme.fr/6affba9f-a8c2-310f-b00b-26c635064701",
      "schema:email": [
        "corse-emotion@orange.fr"
      ],
      "schema:telephone": [
        "+33 6 68 58 94 94"
      ],
      "@type": [
        "foaf:Agent",
        "Agent"
      ],
      "foaf:homepage": [
        "http://www.corse-emotion.com/"
      ]
    }
  ],
  "hasDescription": [
    {
      "@id": "https://data.datatourisme.fr/f5a0f1b7-da2a-3b13-add8-b384ee7b1249",
      "@type": [
        "Description"
      ],
      "hasTranslatedProperty": [
        {
          "@id": "https://data.datatourisme.fr/20425ec0-4568-39a7-8b91-bf8ea74d2fba",
          "dc:contributor": [
            "https://api.deepl.com/v2/translate"
          ],
          "rdf:language": [
            "de"
          ],
          "rdf:predicate": [
            "shortDescription"
          ]
        },
        {
          "@id": "https://data.datatourisme.fr/76cf0174-7447-34e7-b50f-d0ccf4c93bbd",
          "dc:contributor": [
            "https://api.deepl.com/v2/translate"
          ],
          "rdf:language": [
            "nl"
          ],
          "rdf:predicate": [
            "shortDescription"
          ]
        },
        {
          "@id": "https://data.datatourisme.fr/c45e9f81-1800-3171-b7bc-154e76773a80",
          "dc:contributor": [
            "https://api.deepl.com/v2/translate"
          ],
          "rdf:language": [
            "es"
          ],
          "rdf:predicate": [
            "shortDescription"
          ]
        }
      ],
      "shortDescription": {
        "de": [
          "Entdecken Sie die Orte SCANDOLA, die Calanques de Piana, Capo Rosso, Girolata und den Grund des Golfs von Porto an Bord von Booten mit 12 Plätzen und unserem Halb-U-Boot und treffen Sie Ihre Wahl mit Ausflügen von 45 Minuten bis zu 3 Stunden"
        ],
        "en": [
          "Come to discover the sites of SCANDOLA, the creeks of Piana, Capo Rosso, Girolata and the bottom of the gulf of Porto on board of boats of 12 places and our semi underwater and make your choice with strolls of 45 mn to 3h"
        ],
        "it": [
          "Venite a scoprire i luoghi di SCANDOLA, le insenature di Piana, Capo Rosso, Girolata e i fondali del Golfo di Porto a bordo di imbarcazioni a 12 posti e del nostro semisommergibile e fate la vostra scelta con escursioni da 45 minuti a 3 ore."
        ],
        "fr": [
          "Venez découvrir les sites de SCANDOLA, les calanques de Piana, Capo Rosso, Girolata et le fond du golfe de Porto à bord de bateaux de 12 places et de notre semi sous-marin et faites votre choix avec des balades de 45 mn à 3h"
        ],
        "es": [
          "Venga a descubrir los lugares de SCANDOLA, las calas de Piana, Capo Rosso, Girolata y el fondo del Golfo de Porto a bordo de embarcaciones de 12 plazas y nuestro semi-submarino y haga su elección con viajes de 45 minutos a 3 horas"
        ],
        "nl": [
          "Kom en ontdek de bezienswaardigheden van SCANDOLA, de kreken van Piana, Capo Rosso, Girolata en de bodem van de Golf van Porto aan boord van 12-persoons boten en onze semi-onderzeeër en maak uw keuze met tochten van 45 minuten tot 3 uur"
        ]
      }
    }
  ],
  "hasTranslatedProperty": [
    {
      "@id": "https://data.datatourisme.fr/5e40abd1-607b-3824-97a7-92c99aec368d",
      "dc:contributor": [
        "https://api.deepl.com/v2/translate"
      ],
      "rdf:language": [
        "de"
      ],
      "rdf:predicate": [
        {
          "@id": "rdfs:comment"
        }
      ]
    },
    {
      "@id": "https://data.datatourisme.fr/67bd8376-c5a0-3cc4-bd10-1b51c6e27077",
      "dc:contributor": [
        "https://api.deepl.com/v2/translate"
      ],
      "rdf:language": [
        "nl"
      ],
      "rdf:predicate": [
        {
          "@id": "rdfs:comment"
        }
      ]
    },
    {
      "@id": "https://data.datatourisme.fr/ce04b4e4-d3d0-3c88-9c10-23111d349b38",
      "dc:contributor": [
        "https://api.deepl.com/v2/translate"
      ],
      "rdf:language": [
        "es"
      ],
      "rdf:predicate": [
        {
          "@id": "rdfs:comment"
        }
      ]
    }
  ],
  "isLocatedAt": [
    {
      "@id": "https://data.datatourisme.fr/72431253-dcc3-379d-bd2d-ecb37331d16d",
      "schema:address": [
        {
          "@id": "https://data.datatourisme.fr/edffcc54-0eb2-3076-9fab-28ded0b2e910",
          "schema:addressLocality": "Ota",
          "schema:postalCode": "20150",
          "schema:streetAddress": [
            "Hôtel des Flots Bleus",
            "Place de la Marine",
            "Porto"
          ],
          "@type": [
            "schema:PostalAddress",
            "PostalAddress"
          ],
          "hasAddressCity": {
            "@id": "kb:2A198",
            "@type": [
              "City"
            ],
            "rdfs:label": {
              "en": [
                "Ota"
              ],
              "fr": [
                "Ota"
              ]
            },
            "insee": "2A198",
            "isPartOfDepartment": {
              "@id": "kb:France942A",
              "@type": [
                "Department"
              ],
              "rdfs:label": {
                "en": [
                  "Corse-du-Sud"
                ],
                "fr": [
                  "Corse-du-Sud"
                ]
              },
              "insee": "2A",
              "isPartOfRegion": {
                "@id": "kb:France94",
                "@type": [
                  "Region"
                ],
                "rdfs:label": {
                  "en": [
                    "Corse"
                  ],
                  "fr": [
                    "Corse"
                  ]
                },
                "insee": "94",
                "isPartOfCountry": {
                  "@id": "kb:France",
                  "@type": [
                    "schema:Country"
                  ],
                  "rdfs:label": {
                    "de": [
                      "Frankreich"
                    ],
                    "pt": [
                      "França"
                    ],
                    "en": [
                      "France"
                    ],
                    "it": [
                      "Francia"
                    ],
                    "fr": [
                      "France"
                    ],
                    "nl": [
                      "Frankrijk"
                    ],
                    "es": [
                      "Francia"
                    ]
                  }
                }
              }
            }
          }
        }
      ],
      "schema:geo": {
        "@id": "https://data.datatourisme.fr/feb06f52-80ca-3232-8d15-2691be1e8b33",
        "schema:latitude": "42.268743",
        "schema:longitude": "8.693389",
        "@type": [
          "schema:GeoCoordinates"
        ]
      },
      "schema:openingHoursSpecification": [
        {
          "@id": "https://data.datatourisme.fr/96cd98ec-bb2d-3194-a2d6-09fb36c70d39",
          "schema:validFrom": "2023-04-01T00:00:00",
          "schema:validThrough": "2023-11-10T23:59:59",
          "@type": [
            "schema:OpeningHoursSpecification"
          ],
          "additionalInformation": {
            "de": [
              "eröffnung am 5. April für Hochseekreuzfahrten und am 15. April für die Entdeckung der Unterwasserwelt."
            ],
            "en": [
              "opening on April 5th for the sea cruises and on April 15th for the discovery of the underwater fauna and flora."
            ],
            "it": [
              "apertura il 5 aprile per le crociere in mare e il 15 aprile per la scoperta della fauna e della flora sottomarina."
            ],
            "fr": [
              "ouverture le 5 avril pour les croisières en mer et le 15 avril pour la découverte de la faune et la flore sous-marines."
            ],
            "nl": [
              "opening op 5 april voor zeecruises en op 15 april voor de ontdekking van de onderwaterfauna en -flora."
            ],
            "es": [
              "apertura el 5 de abril para los cruceros marítimos y el 15 de abril para el descubrimiento de la fauna y flora submarinas."
            ]
          },
          "hasTranslatedProperty": [
            {
              "@id": "https://data.datatourisme.fr/11908be0-2360-3089-9382-f59bf592db16",
              "dc:contributor": [
                "https://api.deepl.com/v2/translate"
              ],
              "rdf:language": [
                "es"
              ],
              "rdf:predicate": [
                "additionalInformation"
              ]
            },
            {
              "@id": "https://data.datatourisme.fr/3cec8b15-c4ff-357e-84e4-0455a2e1dfd1",
              "dc:contributor": [
                "https://api.deepl.com/v2/translate"
              ],
              "rdf:language": [
                "it"
              ],
              "rdf:predicate": [
                "additionalInformation"
              ]
            },
            {
              "@id": "https://data.datatourisme.fr/434a67c2-9392-33f6-b40e-797b64bf9033",
              "dc:contributor": [
                "https://api.deepl.com/v2/translate"
              ],
              "rdf:language": [
                "de"
              ],
              "rdf:predicate": [
                "additionalInformation"
              ]
            },
            {
              "@id": "https://data.datatourisme.fr/5d6afa35-3dae-3f6f-9336-a6e2725d9369",
              "dc:contributor": [
                "https://api.deepl.com/v2/translate"
              ],
              "rdf:language": [
                "nl"
              ],
              "rdf:predicate": [
                "additionalInformation"
              ]
            },
            {
              "@id": "https://data.datatourisme.fr/ac0ca555-ae66-352a-84d2-2f768a552b90",
              "dc:contributor": [
                "https://api.deepl.com/v2/translate"
              ],
              "rdf:language": [
                "en"
              ],
              "rdf:predicate": [
                "additionalInformation"
              ]
            }
          ]
        }
      ],
      "@type": [
        "schema:Place",
        "Place"
      ]
    }
  ],
  "isOwnedBy": [
    {
      "@id": "https://data.datatourisme.fr/252af22a-253d-33df-b9d7-204832749402",
      "schema:email": [
        "web@ileroussetourisme.com"
      ],
      "schema:legalName": "Office de Tourisme Intercommunal de L'Ile Rousse-Balagne",
      "@type": [
        "schema:Organization",
        "foaf:Agent",
        "Agent"
      ],
      "foaf:homepage": [
        "https://www.balagne-corsica.com/"
      ]
    }
  ],
  "lastUpdate": "2023-03-17",
  "lastUpdateDatatourisme": "2023-03-18T06:42:03.555Z",
  "offers": [
    {
      "@id": "https://data.datatourisme.fr/287d0cc7-fb66-3a5b-aeaa-09c430daf2df",
      "schema:priceSpecification": [
        {
          "@id": "https://data.datatourisme.fr/734428d0-9f21-31b1-a42c-4cbfef21120b",
          "schema:maxPrice": [
            "70"
          ],
          "schema:minPrice": [
            "15"
          ],
          "schema:priceCurrency": "EUR",
          "@type": [
            "schema:PriceSpecification",
            "PriceSpecification"
          ],
          "appliesOnPeriod": [
            {
              "@id": "https://data.datatourisme.fr/d8a3ed0b-2c6f-372e-a1d2-11c371e3487a",
              "@type": [
                "Period"
              ],
              "endDate": "2023-11-10",
              "startDate": "2023-04-01"
            }
          ]
        }
      ],
      "@type": [
        "schema:Offer",
        "Offer"
      ]
    }
  ]
}