{
  "@id": "https://data.datatourisme.fr/13/473f9d13-2a11-3e2c-a6b8-d3d37d0577f7",
  "dc:identifier": "6012184",
  "@type": [
    "schema:LocalBusiness",
    "ActivityProvider",
    "PlaceOfInterest",
    "PointOfInterest",
    "Store"
  ],
  "rdfs:comment": {
    "de": [
      "Wo immer ein Weg ist, kann man mit E-Trott Balagne eine Fahrt machen! Entdecken Sie Calvi und die Balagne auf originelle Weise mit einem E-Trottinett."
    ],
    "en": [
      "Wherever there is a way there is a ride to do with E-Trott Balagne!\r\nDiscover Calvi and Balagne in an original way by electric trottinette."
    ],
    "it": [
      "Ovunque ci sia un sentiero, c'è una corsa da fare con E-Trott Balagne! Scoprite Calvi e la Balagne in modo originale con uno scooter elettrico."
    ],
    "fr": [
      "Partout où il y a chemin, il y a une balade à faire avec E-Trott Balagne ! Découvrez Calvi et la Balagne de façon originale en trottinette électrique."
    ],
    "es": [
      "¡Dondequiera que haya un camino, hay un paseo que hacer con E-Trott Balagne! Descubra Calvi y la Balagne de forma original con un scooter eléctrico."
    ],
    "nl": [
      "Waar een pad is, is een rit te maken met de E-Trott Balagne! Ontdek Calvi en de Balagne op een originele manier met een elektrische scooter."
    ]
  },
  "rdfs:label": {
    "fr": [
      "E-Trott Balagne"
    ]
  },
  "hasBeenCreatedBy": {
    "@id": "https://data.datatourisme.fr/13/e4873aa9-a05c-35ed-8395-61d121516766",
    "dc:identifier": "1646",
    "schema:email": [
      "info@balagne-corsica.com"
    ],
    "schema:legalName": "Office de Tourisme Intercommunal Calvi - Balagne",
    "@type": [
      "schema:Organization",
      "foaf:Agent",
      "Agent"
    ],
    "foaf:homepage": [
      "https://www.balagne-corsica.com/"
    ]
  },
  "hasBeenPublishedBy": [
    {
      "@id": "https://data.datatourisme.fr/8a9feb4b-2cbd-3d2c-b507-bd6c6776b23b",
      "schema:legalName": "Apidae Tourisme Scic SA - source : Apidae Tourisme",
      "@type": [
        "schema:Organization",
        "foaf:Agent",
        "Agent"
      ],
      "foaf:homepage": [
        "https://www.apidae-tourisme.com/"
      ]
    }
  ],
  "hasContact": [
    {
      "@id": "https://data.datatourisme.fr/77267ce4-0264-35f3-a8cc-1d167997d33d",
      "schema:email": [
        "jm.mattei@hotmail.fr"
      ],
      "schema:telephone": [
        "+33 6 99 13 97 31"
      ],
      "@type": [
        "foaf:Agent",
        "Agent"
      ]
    }
  ],
  "hasDescription": [
    {
      "@id": "https://data.datatourisme.fr/24674492-be00-3b6f-b8a4-c06a5271d607",
      "@type": [
        "Description"
      ],
      "hasTranslatedProperty": [
        {
          "@id": "https://data.datatourisme.fr/5d91cc44-8af8-365e-b53a-3db11e6f4d28",
          "dc:contributor": [
            "https://api.deepl.com/v2/translate"
          ],
          "rdf:language": [
            "es"
          ],
          "rdf:predicate": [
            "shortDescription"
          ]
        },
        {
          "@id": "https://data.datatourisme.fr/7486e971-60a5-32ae-bcd6-0a68d9322940",
          "dc:contributor": [
            "https://api.deepl.com/v2/translate"
          ],
          "rdf:language": [
            "de"
          ],
          "rdf:predicate": [
            "shortDescription"
          ]
        },
        {
          "@id": "https://data.datatourisme.fr/7853e952-b56a-35e8-9bc0-1b55a2100d88",
          "dc:contributor": [
            "https://api.deepl.com/v2/translate"
          ],
          "rdf:language": [
            "nl"
          ],
          "rdf:predicate": [
            "shortDescription"
          ]
        }
      ],
      "shortDescription": {
        "de": [
          "Wo immer ein Weg ist, kann man mit E-Trott Balagne eine Fahrt machen! Entdecken Sie Calvi und die Balagne auf originelle Weise mit einem E-Trottinett."
        ],
        "en": [
          "Wherever there is a way there is a ride to do with E-Trott Balagne!\r\nDiscover Calvi and Balagne in an original way by electric trottinette."
        ],
        "it": [
          "Ovunque ci sia un sentiero, c'è una corsa da fare con E-Trott Balagne! Scoprite Calvi e la Balagne in modo originale con uno scooter elettrico."
        ],
        "fr": [
          "Partout où il y a chemin, il y a une balade à faire avec E-Trott Balagne ! Découvrez Calvi et la Balagne de façon originale en trottinette électrique."
        ],
        "es": [
          "¡Dondequiera que haya un camino, hay un paseo que hacer con E-Trott Balagne! Descubra Calvi y la Balagne de forma original con un scooter eléctrico."
        ],
        "nl": [
          "Waar een pad is, is een rit te maken met de E-Trott Balagne! Ontdek Calvi en de Balagne op een originele manier met een elektrische scooter."
        ]
      }
    }
  ],
  "hasTheme": [
    {
      "@id": "kb:Scooter",
      "@type": [
        "SportsTheme"
      ],
      "rdfs:label": {
        "de": [
          "Tretroller"
        ],
        "pt": [
          "Trotineta"
        ],
        "en": [
          "Scooter"
        ],
        "it": [
          "Monopattino"
        ],
        "fr": [
          "Trottinette"
        ],
        "nl": [
          "Step"
        ],
        "es": [
          "Patinete"
        ]
      }
    }
  ],
  "hasTranslatedProperty": [
    {
      "@id": "https://data.datatourisme.fr/6868e37b-e53f-3c29-9f7c-ed2a92aa50e8",
      "dc:contributor": [
        "https://api.deepl.com/v2/translate"
      ],
      "rdf:language": [
        "nl"
      ],
      "rdf:predicate": [
        {
          "@id": "rdfs:comment"
        }
      ]
    },
    {
      "@id": "https://data.datatourisme.fr/b4846484-24aa-3e90-8516-c3dac50c490e",
      "dc:contributor": [
        "https://api.deepl.com/v2/translate"
      ],
      "rdf:language": [
        "es"
      ],
      "rdf:predicate": [
        {
          "@id": "rdfs:comment"
        }
      ]
    },
    {
      "@id": "https://data.datatourisme.fr/fa2f0afe-fc14-33cc-b9c2-744257c4318d",
      "dc:contributor": [
        "https://api.deepl.com/v2/translate"
      ],
      "rdf:language": [
        "de"
      ],
      "rdf:predicate": [
        {
          "@id": "rdfs:comment"
        }
      ]
    }
  ],
  "isLocatedAt": [
    {
      "@id": "https://data.datatourisme.fr/2b69628e-2138-3f42-b134-e2ca8087c4c4",
      "schema:address": [
        {
          "@id": "https://data.datatourisme.fr/fb11d4ad-2908-39dc-9cfc-a3389d1f3d87",
          "schema:addressLocality": "Calvi",
          "schema:postalCode": "20260",
          "@type": [
            "schema:PostalAddress",
            "PostalAddress"
          ],
          "hasAddressCity": {
            "@id": "kb:2B050",
            "@type": [
              "City"
            ],
            "rdfs:label": {
              "en": [
                "Calvi"
              ],
              "fr": [
                "Calvi"
              ]
            },
            "insee": "2B050",
            "isPartOfDepartment": {
              "@id": "kb:France942B",
              "@type": [
                "Department"
              ],
              "rdfs:label": {
                "en": [
                  "Haute-Corse"
                ],
                "fr": [
                  "Haute-Corse"
                ]
              },
              "insee": "2B",
              "isPartOfRegion": {
                "@id": "kb:France94",
                "@type": [
                  "Region"
                ],
                "rdfs:label": {
                  "en": [
                    "Corse"
                  ],
                  "fr": [
                    "Corse"
                  ]
                },
                "insee": "94",
                "isPartOfCountry": {
                  "@id": "kb:France",
                  "@type": [
                    "schema:Country"
                  ],
                  "rdfs:label": {
                    "de": [
                      "Frankreich"
                    ],
                    "pt": [
                      "França"
                    ],
                    "en": [
                      "France"
                    ],
                    "it": [
                      "Francia"
                    ],
                    "fr": [
                      "France"
                    ],
                    "nl": [
                      "Frankrijk"
                    ],
                    "es": [
                      "Francia"
                    ]
                  }
                }
              }
            }
          }
        }
      ],
      "schema:geo": {
        "@id": "https://data.datatourisme.fr/e146f325-cc49-30c9-8777-206f679a8b9f",
        "schema:latitude": "42.565101",
        "schema:longitude": "8.756346",
        "@type": [
          "schema:GeoCoordinates"
        ]
      },
      "schema:openingHoursSpecification": [
        {
          "@id": "https://data.datatourisme.fr/f87e535a-636d-3343-ad63-8a03392e7511",
          "schema:validFrom": "2023-01-01T00:00:00",
          "schema:validThrough": "2023-12-31T23:59:59",
          "@type": [
            "schema:OpeningHoursSpecification"
          ]
        }
      ],
      "@type": [
        "schema:Place",
        "Place"
      ]
    }
  ],
  "isOwnedBy": [
    {
      "@id": "https://data.datatourisme.fr/194c52e6-bbae-33dc-8464-caca97844fbb",
      "schema:email": [
        "info@balagne-corsica.com"
      ],
      "schema:legalName": "Office de Tourisme Intercommunal Calvi - Balagne",
      "@type": [
        "schema:Organization",
        "foaf:Agent",
        "Agent"
      ],
      "foaf:homepage": [
        "https://www.balagne-corsica.com/"
      ]
    }
  ],
  "lastUpdate": "2023-03-31",
  "lastUpdateDatatourisme": "2023-04-01T05:50:20.169Z"
}