{
  "@id": "https://data.datatourisme.fr/13/aa233abc-9c20-3c68-9311-2085cb5dfb83",
  "dc:identifier": "5595929",
  "@type": [
    "schema:LocalBusiness",
    "PlaceOfInterest",
    "PointOfInterest",
    "SightseeingBoat",
    "SportsAndLeisurePlace"
  ],
  "rdfs:comment": {
    "de": [
      "Gehen Sie von Ile Rousse aus mit Kapitän François an Bord der Pipote und besuchen Sie den Parc Marin de l'Agriate mit seinen Sandstränden."
    ],
    "en": [
      "From Ile Rousse, board the Pipote with Captain François for a visit of the Agriate Marine Park and its fine sandy beaches."
    ],
    "it": [
      "Da Ile Rousse, salite a bordo del Pipote con il capitano François per visitare il Parco Marino di Agriate e le sue spiagge di sabbia fine."
    ],
    "fr": [
      "Au départ de l'Ile Rousse, embarquez à bord du Pipote avec le Capitaine François pour une visite du Parc Marin de l'Agriate et ses plages de sable fin."
    ],
    "nl": [
      "Vanaf Ile Rousse gaat u aan boord van de Pipote met kapitein François voor een bezoek aan het Agriate Marine Park en zijn fijne zandstranden."
    ],
    "es": [
      "Desde Ile Rousse, embarque en el Pipote con el capitán François para visitar el Parque Marino de Agriate y sus playas de arena fina."
    ]
  },
  "rdfs:label": {
    "fr": [
      "Isula Promenades en Mer"
    ]
  },
  "hasBeenCreatedBy": {
    "@id": "https://data.datatourisme.fr/13/8d420fa3-5754-31f1-8199-69c88780314d",
    "dc:identifier": "1647",
    "schema:email": [
      "web@ileroussetourisme.com"
    ],
    "schema:legalName": "Office de Tourisme Intercommunal de L'Ile Rousse-Balagne",
    "@type": [
      "schema:Organization",
      "foaf:Agent",
      "Agent"
    ],
    "foaf:homepage": [
      "https://www.balagne-corsica.com/"
    ]
  },
  "hasBeenPublishedBy": [
    {
      "@id": "https://data.datatourisme.fr/8a9feb4b-2cbd-3d2c-b507-bd6c6776b23b",
      "schema:legalName": "Apidae Tourisme Scic SA - source : Apidae Tourisme",
      "@type": [
        "schema:Organization",
        "foaf:Agent",
        "Agent"
      ],
      "foaf:homepage": [
        "https://www.apidae-tourisme.com/"
      ]
    }
  ],
  "hasContact": [
    {
      "@id": "https://data.datatourisme.fr/8893ff5d-bfc1-38e1-8311-544edda84ad6",
      "schema:email": [
        "algapalou@gmail.com",
        "isulapromenades@gmail.com"
      ],
      "schema:telephone": [
        "+33 6 41 54 46 76",
        "+33 6 84 78 10 35"
      ],
      "@type": [
        "foaf:Agent",
        "Agent"
      ]
    }
  ],
  "hasDescription": [
    {
      "@id": "https://data.datatourisme.fr/7c5903ce-db42-3985-8eef-04ec400b8e4d",
      "@type": [
        "Description"
      ],
      "hasTranslatedProperty": [
        {
          "@id": "https://data.datatourisme.fr/1865da5a-290d-3e81-bb5f-f2d378b6b0a5",
          "dc:contributor": [
            "https://api.deepl.com/v2/translate"
          ],
          "rdf:language": [
            "de"
          ],
          "rdf:predicate": [
            "shortDescription"
          ]
        },
        {
          "@id": "https://data.datatourisme.fr/b91f8497-e4c2-3092-a9e3-90b6e64948f4",
          "dc:contributor": [
            "https://api.deepl.com/v2/translate"
          ],
          "rdf:language": [
            "nl"
          ],
          "rdf:predicate": [
            "shortDescription"
          ]
        },
        {
          "@id": "https://data.datatourisme.fr/bf41a9ea-be9b-344c-bad9-d158a28d5418",
          "dc:contributor": [
            "https://api.deepl.com/v2/translate"
          ],
          "rdf:language": [
            "es"
          ],
          "rdf:predicate": [
            "shortDescription"
          ]
        }
      ],
      "shortDescription": {
        "de": [
          "Gehen Sie von Ile Rousse aus mit Kapitän François an Bord der Pipote und besuchen Sie den Parc Marin de l'Agriate mit seinen Sandstränden."
        ],
        "en": [
          "From Ile Rousse, board the Pipote with Captain François for a visit of the Agriate Marine Park and its fine sandy beaches."
        ],
        "it": [
          "Da Ile Rousse, salite a bordo del Pipote con il capitano François per visitare il Parco Marino di Agriate e le sue spiagge di sabbia fine."
        ],
        "fr": [
          "Au départ de l'Ile Rousse, embarquez à bord du Pipote avec le Capitaine François pour une visite du Parc Marin de l'Agriate et ses plages de sable fin."
        ],
        "nl": [
          "Vanaf Ile Rousse gaat u aan boord van de Pipote met kapitein François voor een bezoek aan het Agriate Marine Park en zijn fijne zandstranden."
        ],
        "es": [
          "Desde Ile Rousse, embarque en el Pipote con el capitán François para visitar el Parque Marino de Agriate y sus playas de arena fina."
        ]
      }
    }
  ],
  "hasTranslatedProperty": [
    {
      "@id": "https://data.datatourisme.fr/be2d08a2-4de5-35a9-8904-6f987317695d",
      "dc:contributor": [
        "https://api.deepl.com/v2/translate"
      ],
      "rdf:language": [
        "es"
      ],
      "rdf:predicate": [
        {
          "@id": "rdfs:comment"
        }
      ]
    },
    {
      "@id": "https://data.datatourisme.fr/c3ddcd28-94e3-3c17-939c-46aee201183f",
      "dc:contributor": [
        "https://api.deepl.com/v2/translate"
      ],
      "rdf:language": [
        "nl"
      ],
      "rdf:predicate": [
        {
          "@id": "rdfs:comment"
        }
      ]
    },
    {
      "@id": "https://data.datatourisme.fr/e77c06e4-434e-3cd8-8993-265dfcdfd450",
      "dc:contributor": [
        "https://api.deepl.com/v2/translate"
      ],
      "rdf:language": [
        "de"
      ],
      "rdf:predicate": [
        {
          "@id": "rdfs:comment"
        }
      ]
    }
  ],
  "isLocatedAt": [
    {
      "@id": "https://data.datatourisme.fr/eb24592f-40bb-35d4-8cdf-943c72ad3531",
      "schema:address": [
        {
          "@id": "https://data.datatourisme.fr/72f2b45f-6ed7-3fc7-9699-7e688f53270b",
          "schema:addressLocality": "L'Île-Rousse",
          "schema:postalCode": "20220",
          "schema:streetAddress": [
            "Proche capitainerie",
            "Quai des pêcheurs, port de pêche"
          ],
          "@type": [
            "schema:PostalAddress",
            "PostalAddress"
          ],
          "hasAddressCity": {
            "@id": "kb:2B134",
            "@type": [
              "City"
            ],
            "rdfs:label": {
              "en": [
                "L'Île-Rousse"
              ],
              "fr": [
                "L'Île-Rousse"
              ]
            },
            "insee": "2B134",
            "isPartOfDepartment": {
              "@id": "kb:France942B",
              "@type": [
                "Department"
              ],
              "rdfs:label": {
                "en": [
                  "Haute-Corse"
                ],
                "fr": [
                  "Haute-Corse"
                ]
              },
              "insee": "2B",
              "isPartOfRegion": {
                "@id": "kb:France94",
                "@type": [
                  "Region"
                ],
                "rdfs:label": {
                  "en": [
                    "Corse"
                  ],
                  "fr": [
                    "Corse"
                  ]
                },
                "insee": "94",
                "isPartOfCountry": {
                  "@id": "kb:France",
                  "@type": [
                    "schema:Country"
                  ],
                  "rdfs:label": {
                    "de": [
                      "Frankreich"
                    ],
                    "pt": [
                      "França"
                    ],
                    "en": [
                      "France"
                    ],
                    "it": [
                      "Francia"
                    ],
                    "fr": [
                      "France"
                    ],
                    "nl": [
                      "Frankrijk"
                    ],
                    "es": [
                      "Francia"
                    ]
                  }
                }
              }
            }
          }
        }
      ],
      "schema:geo": {
        "@id": "https://data.datatourisme.fr/8bb4a4e9-4576-3a26-847b-a370357da2dc",
        "schema:latitude": "42.64079",
        "schema:longitude": "8.936117",
        "@type": [
          "schema:GeoCoordinates"
        ]
      },
      "schema:openingHoursSpecification": [
        {
          "@id": "https://data.datatourisme.fr/d768ff29-43e1-3fdc-ba6b-d3dc053faa08",
          "schema:validFrom": "2023-06-01T00:00:00",
          "schema:validThrough": "2023-09-10T23:59:59",
          "@type": [
            "schema:OpeningHoursSpecification"
          ]
        }
      ],
      "@type": [
        "schema:Place",
        "Place"
      ]
    }
  ],
  "isOwnedBy": [
    {
      "@id": "https://data.datatourisme.fr/252af22a-253d-33df-b9d7-204832749402",
      "schema:email": [
        "web@ileroussetourisme.com"
      ],
      "schema:legalName": "Office de Tourisme Intercommunal de L'Ile Rousse-Balagne",
      "@type": [
        "schema:Organization",
        "foaf:Agent",
        "Agent"
      ],
      "foaf:homepage": [
        "https://www.balagne-corsica.com/"
      ]
    }
  ],
  "lastUpdate": "2023-01-30",
  "lastUpdateDatatourisme": "2023-02-01T18:07:36.069Z"
}