{
  "@id": "https://data.datatourisme.fr/13/9039ffac-326e-3c64-a3e6-5a3f6bba5998",
  "dc:identifier": "4994789",
  "@type": [
    "schema:LocalBusiness",
    "PlaceOfInterest",
    "PointOfInterest",
    "SightseeingBoat",
    "SportsAndLeisurePlace"
  ],
  "rdfs:comment": {
    "de": [
      "Erreichen Sie mit dem Boot die wunderschönen Strände von Saleccia und Lotu mit der Gesellschaft Le Popeye und U Saleccia von Saint Florent aus. Um die Küste bis zum Cap Corse zu erkunden, bietet Ihnen Le Popeye auch geführte Bootsfahrten an."
    ],
    "en": [
      "Travel by sea to the beautiful beaches of Saleccia and Le Lotu with our vessels Le Popeye & U Saleccia. Embark at Saint Florent for a trip along the coast to Cap Corse. Guided sea excursions are also available on Le Popeye."
    ],
    "it": [
      "Fate una gita in barca alle magnifiche spiagge di Saleccia e Lotu con la compagnia Le Popeye e U Saleccia da Saint Florent. Per scoprire la costa fino a Capo Corso, il Popeye offre anche escursioni guidate in mare."
    ],
    "fr": [
      "Accédez en bateau aux magnifiques plages de Saleccia et du Lotu avec la compagnie Le Popeye et U Saleccia au départ de Saint Florent. Pour une découverte de la côte jusqu'au Cap Corse, le Popeye vous propose également des promenades guidées en mer."
    ],
    "es": [
      "Realice una excursión en barco a las magníficas playas de Saleccia y Lotu con la compañía Le Popeye y U Saleccia desde Saint Florent. Para descubrir la costa hasta el Cap Corse, el Popeye también ofrece excursiones marítimas guiadas."
    ],
    "nl": [
      "Maak een boottocht naar de prachtige stranden van Saleccia en Lotu met het bedrijf Le Popeye en U Saleccia uit Saint Florent. Voor een ontdekking van de kust tot aan de Cap Corse biedt de Popeye ook begeleide zeetochten aan."
    ]
  },
  "rdfs:label": {
    "fr": [
      "Le Popeye"
    ]
  },
  "hasBeenCreatedBy": {
    "@id": "https://data.datatourisme.fr/13/8d420fa3-5754-31f1-8199-69c88780314d",
    "dc:identifier": "1647",
    "schema:email": [
      "web@ileroussetourisme.com"
    ],
    "schema:legalName": "Office de Tourisme Intercommunal de L'Ile Rousse-Balagne",
    "@type": [
      "schema:Organization",
      "foaf:Agent",
      "Agent"
    ],
    "foaf:homepage": [
      "https://www.balagne-corsica.com/"
    ]
  },
  "hasBeenPublishedBy": [
    {
      "@id": "https://data.datatourisme.fr/8a9feb4b-2cbd-3d2c-b507-bd6c6776b23b",
      "schema:legalName": "Apidae Tourisme Scic SA - source : Apidae Tourisme",
      "@type": [
        "schema:Organization",
        "foaf:Agent",
        "Agent"
      ],
      "foaf:homepage": [
        "https://www.apidae-tourisme.com/"
      ]
    }
  ],
  "hasContact": [
    {
      "@id": "https://data.datatourisme.fr/fe4142bb-9e9b-3a54-98ad-2ff009b37aa0",
      "schema:email": [
        "lepopeye20@gmail.com"
      ],
      "schema:telephone": [
        "+33 4 95 37 19 07",
        "+33 6 62 16 23 76"
      ],
      "@type": [
        "foaf:Agent",
        "Agent"
      ],
      "foaf:homepage": [
        "http://www.lepopeye.com/"
      ]
    }
  ],
  "hasDescription": [
    {
      "@id": "https://data.datatourisme.fr/c480272c-4a64-3fbb-a077-c291ab01db51",
      "@type": [
        "Description"
      ],
      "hasTranslatedProperty": [
        {
          "@id": "https://data.datatourisme.fr/355688b5-ff5c-3777-b45d-9b19285118f6",
          "dc:contributor": [
            "https://api.deepl.com/v2/translate"
          ],
          "rdf:language": [
            "nl"
          ],
          "rdf:predicate": [
            "shortDescription"
          ]
        },
        {
          "@id": "https://data.datatourisme.fr/992b6771-c095-3434-8873-587c30061ef6",
          "dc:contributor": [
            "https://api.deepl.com/v2/translate"
          ],
          "rdf:language": [
            "es"
          ],
          "rdf:predicate": [
            "shortDescription"
          ]
        },
        {
          "@id": "https://data.datatourisme.fr/d4c8ba93-233f-3515-ba13-e2828d055aaa",
          "dc:contributor": [
            "https://api.deepl.com/v2/translate"
          ],
          "rdf:language": [
            "de"
          ],
          "rdf:predicate": [
            "shortDescription"
          ]
        }
      ],
      "shortDescription": {
        "de": [
          "Erreichen Sie mit dem Boot die wunderschönen Strände von Saleccia und Lotu mit der Gesellschaft Le Popeye und U Saleccia von Saint Florent aus. Um die Küste bis zum Cap Corse zu erkunden, bietet Ihnen Le Popeye auch geführte Bootsfahrten an."
        ],
        "en": [
          "Travel by sea to the beautiful beaches of Saleccia and Le Lotu with our vessels Le Popeye & U Saleccia. Embark at Saint Florent for a trip along the coast to Cap Corse. Guided sea excursions are also available on Le Popeye."
        ],
        "it": [
          "Fate una gita in barca alle magnifiche spiagge di Saleccia e Lotu con la compagnia Le Popeye e U Saleccia da Saint Florent. Per scoprire la costa fino a Capo Corso, il Popeye offre anche escursioni guidate in mare."
        ],
        "fr": [
          "Accédez en bateau aux magnifiques plages de Saleccia et du Lotu avec la compagnie Le Popeye et U Saleccia au départ de Saint Florent. Pour une découverte de la côte jusqu'au Cap Corse, le Popeye vous propose également des promenades guidées en mer."
        ],
        "es": [
          "Realice una excursión en barco a las magníficas playas de Saleccia y Lotu con la compañía Le Popeye y U Saleccia desde Saint Florent. Para descubrir la costa hasta el Cap Corse, el Popeye también ofrece excursiones marítimas guiadas."
        ],
        "nl": [
          "Maak een boottocht naar de prachtige stranden van Saleccia en Lotu met het bedrijf Le Popeye en U Saleccia uit Saint Florent. Voor een ontdekking van de kust tot aan de Cap Corse biedt de Popeye ook begeleide zeetochten aan."
        ]
      }
    }
  ],
  "hasTranslatedProperty": [
    {
      "@id": "https://data.datatourisme.fr/12d17d4f-c4be-3559-ba3c-ebc5ccc85d23",
      "dc:contributor": [
        "https://api.deepl.com/v2/translate"
      ],
      "rdf:language": [
        "de"
      ],
      "rdf:predicate": [
        {
          "@id": "rdfs:comment"
        }
      ]
    },
    {
      "@id": "https://data.datatourisme.fr/1d8e5712-9d67-3c96-8482-89dc36fa9cd4",
      "dc:contributor": [
        "https://api.deepl.com/v2/translate"
      ],
      "rdf:language": [
        "nl"
      ],
      "rdf:predicate": [
        {
          "@id": "rdfs:comment"
        }
      ]
    },
    {
      "@id": "https://data.datatourisme.fr/90669a6f-caf7-3956-a917-940fe753c706",
      "dc:contributor": [
        "https://api.deepl.com/v2/translate"
      ],
      "rdf:language": [
        "es"
      ],
      "rdf:predicate": [
        {
          "@id": "rdfs:comment"
        }
      ]
    }
  ],
  "isLocatedAt": [
    {
      "@id": "https://data.datatourisme.fr/6fcc08db-a861-3fb6-9f84-4629710f56b3",
      "schema:address": [
        {
          "@id": "https://data.datatourisme.fr/42356eb7-53e4-3826-a720-42f598109883",
          "schema:addressLocality": "Saint-Florent",
          "schema:postalCode": "20298",
          "schema:streetAddress": [
            "Port de Plaisance"
          ],
          "@type": [
            "schema:PostalAddress",
            "PostalAddress"
          ],
          "hasAddressCity": {
            "@id": "kb:2B298",
            "@type": [
              "City"
            ],
            "rdfs:label": {
              "en": [
                "Saint-Florent"
              ],
              "fr": [
                "Saint-Florent"
              ]
            },
            "insee": "2B298",
            "isPartOfDepartment": {
              "@id": "kb:France942B",
              "@type": [
                "Department"
              ],
              "rdfs:label": {
                "en": [
                  "Haute-Corse"
                ],
                "fr": [
                  "Haute-Corse"
                ]
              },
              "insee": "2B",
              "isPartOfRegion": {
                "@id": "kb:France94",
                "@type": [
                  "Region"
                ],
                "rdfs:label": {
                  "en": [
                    "Corse"
                  ],
                  "fr": [
                    "Corse"
                  ]
                },
                "insee": "94",
                "isPartOfCountry": {
                  "@id": "kb:France",
                  "@type": [
                    "schema:Country"
                  ],
                  "rdfs:label": {
                    "de": [
                      "Frankreich"
                    ],
                    "pt": [
                      "França"
                    ],
                    "en": [
                      "France"
                    ],
                    "it": [
                      "Francia"
                    ],
                    "fr": [
                      "France"
                    ],
                    "nl": [
                      "Frankrijk"
                    ],
                    "es": [
                      "Francia"
                    ]
                  }
                }
              }
            }
          }
        }
      ],
      "schema:geo": {
        "@id": "https://data.datatourisme.fr/016981d9-b812-3dae-acf4-69689a694b37",
        "schema:latitude": "42.679154",
        "schema:longitude": "9.301499",
        "@type": [
          "schema:GeoCoordinates"
        ]
      },
      "schema:openingHoursSpecification": [
        {
          "@id": "https://data.datatourisme.fr/ac1b1610-628a-355c-b97d-8d3479da6b15",
          "schema:validFrom": "2023-04-01T00:00:00",
          "schema:validThrough": "2023-09-30T23:59:59",
          "@type": [
            "schema:OpeningHoursSpecification"
          ]
        }
      ],
      "@type": [
        "schema:Place",
        "Place"
      ]
    }
  ],
  "isOwnedBy": [
    {
      "@id": "https://data.datatourisme.fr/252af22a-253d-33df-b9d7-204832749402",
      "schema:email": [
        "web@ileroussetourisme.com"
      ],
      "schema:legalName": "Office de Tourisme Intercommunal de L'Ile Rousse-Balagne",
      "@type": [
        "schema:Organization",
        "foaf:Agent",
        "Agent"
      ],
      "foaf:homepage": [
        "https://www.balagne-corsica.com/"
      ]
    }
  ],
  "lastUpdate": "2022-09-28",
  "lastUpdateDatatourisme": "2023-04-04T05:52:39.335Z",
  "offers": [
    {
      "@id": "https://data.datatourisme.fr/2f48ca88-5033-319d-8947-2a22fdf0e0b3",
      "schema:priceSpecification": [
        {
          "@id": "https://data.datatourisme.fr/031aa02c-591d-3240-a5d1-2251fc802850",
          "schema:maxPrice": [
            "18",
            "30"
          ],
          "schema:minPrice": [
            "12",
            "20"
          ],
          "schema:priceCurrency": "EUR",
          "@type": [
            "schema:PriceSpecification",
            "PriceSpecification"
          ],
          "appliesOnPeriod": [
            {
              "@id": "https://data.datatourisme.fr/bb4336d9-0f69-3755-8e5b-2a68aab6f9bb",
              "@type": [
                "Period"
              ],
              "endDate": "2022-09-30",
              "startDate": "2022-04-01"
            }
          ]
        }
      ],
      "@type": [
        "schema:Offer",
        "Offer"
      ]
    }
  ]
}