{
  "@id": "https://data.datatourisme.fr/13/902290d7-fa38-34d3-8ba0-f33af3487dd4",
  "dc:identifier": "5840530",
  "@type": [
    "schema:FoodEstablishment",
    "FoodEstablishment",
    "PlaceOfInterest",
    "PointOfInterest"
  ],
  "rdfs:comment": {
    "de": [
      "Die Strohhütte des Køstën Plage befindet sich in Santa Giulia, einem der schönsten Strände Korsikas."
    ],
    "en": [
      "Køstën Plage is located in Santa Giulia, one of the most beautiful beaches in Corsica."
    ],
    "it": [
      "Køstën Plage si trova a Santa Giulia, una delle più belle spiagge della Corsica."
    ],
    "fr": [
      "La paillotte du Køstën Plage se situe à Santa Giulia, une des plus belles plages de Corse."
    ],
    "es": [
      "Køstën Plage se encuentra en Santa Giulia, una de las playas más bellas de Córcega."
    ],
    "nl": [
      "Køstën Plage ligt in Santa Giulia, een van de mooiste stranden van Corsica."
    ]
  },
  "rdfs:label": {
    "fr": [
      "Kosten Plage"
    ]
  },
  "hasBeenCreatedBy": {
    "@id": "https://data.datatourisme.fr/13/84c6494d-3085-3c63-a55c-db8cb047fadd",
    "dc:identifier": "1738",
    "schema:email": [
      "camillef.omt@gmail.com",
      "direction@destination-sudcorse.com",
      "gestion@destination-sudcorse.com",
      "promotion@destination-sudcorse.com",
      "webmaster@destination-sudcorse.com"
    ],
    "schema:legalName": "Porto Vecchio Tourisme",
    "@type": [
      "schema:Organization",
      "foaf:Agent",
      "Agent"
    ],
    "foaf:homepage": [
      "http://www.ot-portovecchio.com/"
    ]
  },
  "hasBeenPublishedBy": [
    {
      "@id": "https://data.datatourisme.fr/8a9feb4b-2cbd-3d2c-b507-bd6c6776b23b",
      "schema:legalName": "Apidae Tourisme Scic SA - source : Apidae Tourisme",
      "@type": [
        "schema:Organization",
        "foaf:Agent",
        "Agent"
      ],
      "foaf:homepage": [
        "https://www.apidae-tourisme.com/"
      ]
    }
  ],
  "hasContact": [
    {
      "@id": "https://data.datatourisme.fr/7aa7cd89-2a62-37ab-9ff2-a4cdfd10f808",
      "schema:email": [
        "kosten20137@gmail.com"
      ],
      "schema:telephone": [
        "+33 7 61 29 21 97"
      ],
      "@type": [
        "foaf:Agent",
        "Agent"
      ],
      "foaf:homepage": [
        "http://www.kosten.fr/plage"
      ]
    }
  ],
  "hasDescription": [
    {
      "@id": "https://data.datatourisme.fr/0de2ca87-4e8b-3848-aac8-520ffa39e822",
      "@type": [
        "Description"
      ],
      "hasTranslatedProperty": [
        {
          "@id": "https://data.datatourisme.fr/5a8a8d17-dd41-328f-9428-b41e6b043514",
          "dc:contributor": [
            "https://api.deepl.com/v2/translate"
          ],
          "rdf:language": [
            "it"
          ],
          "rdf:predicate": [
            "shortDescription"
          ]
        },
        {
          "@id": "https://data.datatourisme.fr/b533be61-3b46-3806-9c34-166d45a9c57d",
          "dc:contributor": [
            "https://api.deepl.com/v2/translate"
          ],
          "rdf:language": [
            "es"
          ],
          "rdf:predicate": [
            "shortDescription"
          ]
        },
        {
          "@id": "https://data.datatourisme.fr/b89bd5fe-ec0d-32eb-9871-ab1d85a160d1",
          "dc:contributor": [
            "https://api.deepl.com/v2/translate"
          ],
          "rdf:language": [
            "nl"
          ],
          "rdf:predicate": [
            "shortDescription"
          ]
        },
        {
          "@id": "https://data.datatourisme.fr/bc29749c-f243-3b60-b35b-9a1226d81510",
          "dc:contributor": [
            "https://api.deepl.com/v2/translate"
          ],
          "rdf:language": [
            "en"
          ],
          "rdf:predicate": [
            "shortDescription"
          ]
        },
        {
          "@id": "https://data.datatourisme.fr/c05c3ad2-44a0-38ef-a160-fe041c6307be",
          "dc:contributor": [
            "https://api.deepl.com/v2/translate"
          ],
          "rdf:language": [
            "de"
          ],
          "rdf:predicate": [
            "shortDescription"
          ]
        }
      ],
      "shortDescription": {
        "de": [
          "Die Strohhütte des Køstën Plage befindet sich in Santa Giulia, einem der schönsten Strände Korsikas."
        ],
        "en": [
          "Køstën Plage is located in Santa Giulia, one of the most beautiful beaches in Corsica."
        ],
        "it": [
          "Køstën Plage si trova a Santa Giulia, una delle più belle spiagge della Corsica."
        ],
        "fr": [
          "La paillotte du Køstën Plage se situe à Santa Giulia, une des plus belles plages de Corse."
        ],
        "es": [
          "Køstën Plage se encuentra en Santa Giulia, una de las playas más bellas de Córcega."
        ],
        "nl": [
          "Køstën Plage ligt in Santa Giulia, een van de mooiste stranden van Corsica."
        ]
      }
    }
  ],
  "hasTranslatedProperty": [
    {
      "@id": "https://data.datatourisme.fr/200a37cd-9814-3aca-ba06-c6df5f582423",
      "dc:contributor": [
        "https://api.deepl.com/v2/translate"
      ],
      "rdf:language": [
        "en"
      ],
      "rdf:predicate": [
        {
          "@id": "rdfs:comment"
        }
      ]
    },
    {
      "@id": "https://data.datatourisme.fr/341f78f6-ee55-37d2-b5f5-33b3df298594",
      "dc:contributor": [
        "https://api.deepl.com/v2/translate"
      ],
      "rdf:language": [
        "it"
      ],
      "rdf:predicate": [
        {
          "@id": "rdfs:comment"
        }
      ]
    },
    {
      "@id": "https://data.datatourisme.fr/5a6a3af3-73f5-3f32-adc5-42d0b4bd6520",
      "dc:contributor": [
        "https://api.deepl.com/v2/translate"
      ],
      "rdf:language": [
        "de"
      ],
      "rdf:predicate": [
        {
          "@id": "rdfs:comment"
        }
      ]
    },
    {
      "@id": "https://data.datatourisme.fr/8051e047-5713-318a-be43-b8b521d2e84a",
      "dc:contributor": [
        "https://api.deepl.com/v2/translate"
      ],
      "rdf:language": [
        "nl"
      ],
      "rdf:predicate": [
        {
          "@id": "rdfs:comment"
        }
      ]
    },
    {
      "@id": "https://data.datatourisme.fr/c0d2b094-d146-3f2a-bb1a-72423a4b86bc",
      "dc:contributor": [
        "https://api.deepl.com/v2/translate"
      ],
      "rdf:language": [
        "es"
      ],
      "rdf:predicate": [
        {
          "@id": "rdfs:comment"
        }
      ]
    }
  ],
  "isLocatedAt": [
    {
      "@id": "https://data.datatourisme.fr/8b5afc27-4b77-32bd-a518-b59222a5cac2",
      "schema:address": [
        {
          "@id": "https://data.datatourisme.fr/54e1d9b4-a5f3-3101-a056-ecac3f50b5bb",
          "schema:addressLocality": "Porto-Vecchio",
          "schema:postalCode": "20137",
          "schema:streetAddress": [
            "Face au ponton",
            "Plage de Santa Giulia"
          ],
          "@type": [
            "schema:PostalAddress",
            "PostalAddress"
          ],
          "hasAddressCity": {
            "@id": "kb:2A247",
            "@type": [
              "City"
            ],
            "rdfs:label": {
              "en": [
                "Porto-Vecchio"
              ],
              "fr": [
                "Porto-Vecchio"
              ]
            },
            "insee": "2A247",
            "isPartOfDepartment": {
              "@id": "kb:France942A",
              "@type": [
                "Department"
              ],
              "rdfs:label": {
                "en": [
                  "Corse-du-Sud"
                ],
                "fr": [
                  "Corse-du-Sud"
                ]
              },
              "insee": "2A",
              "isPartOfRegion": {
                "@id": "kb:France94",
                "@type": [
                  "Region"
                ],
                "rdfs:label": {
                  "en": [
                    "Corse"
                  ],
                  "fr": [
                    "Corse"
                  ]
                },
                "insee": "94",
                "isPartOfCountry": {
                  "@id": "kb:France",
                  "@type": [
                    "schema:Country"
                  ],
                  "rdfs:label": {
                    "de": [
                      "Frankreich"
                    ],
                    "pt": [
                      "França"
                    ],
                    "en": [
                      "France"
                    ],
                    "it": [
                      "Francia"
                    ],
                    "fr": [
                      "France"
                    ],
                    "nl": [
                      "Frankrijk"
                    ],
                    "es": [
                      "Francia"
                    ]
                  }
                }
              }
            }
          }
        }
      ],
      "schema:geo": {
        "@id": "https://data.datatourisme.fr/92da8854-76c1-34c1-b24e-40df5498dc12",
        "schema:latitude": "41.531822",
        "schema:longitude": "9.274982",
        "@type": [
          "schema:GeoCoordinates"
        ]
      },
      "schema:openingHoursSpecification": [
        {
          "@id": "https://data.datatourisme.fr/21a78f66-9429-3b1d-8557-19954ef45c61",
          "schema:closes": "23:45:00",
          "schema:opens": "07:00:00",
          "schema:validFrom": "2023-04-08T00:00:00",
          "schema:validThrough": "2023-11-05T23:59:59",
          "@type": [
            "schema:OpeningHoursSpecification"
          ]
        }
      ],
      "@type": [
        "schema:Place",
        "Place"
      ]
    }
  ],
  "isOwnedBy": [
    {
      "@id": "https://data.datatourisme.fr/f5f950f9-5eec-32b4-a357-2c969ccf4068",
      "schema:email": [
        "camillef.omt@gmail.com",
        "direction@destination-sudcorse.com",
        "gestion@destination-sudcorse.com",
        "promotion@destination-sudcorse.com",
        "webmaster@destination-sudcorse.com"
      ],
      "schema:legalName": "Porto Vecchio Tourisme",
      "@type": [
        "schema:Organization",
        "foaf:Agent",
        "Agent"
      ],
      "foaf:homepage": [
        "http://www.ot-portovecchio.com/"
      ]
    }
  ],
  "lastUpdate": "2023-02-14",
  "lastUpdateDatatourisme": "2023-02-15T06:38:07.077Z",
  "offers": [
    {
      "@id": "https://data.datatourisme.fr/d81dd57f-f0fc-32dc-8c4d-f06db0a20c8a",
      "schema:priceSpecification": [
        {
          "@id": "https://data.datatourisme.fr/0ac47a8a-40f1-36f3-815e-2954830803ea",
          "schema:minPrice": [
            "7"
          ],
          "schema:priceCurrency": "EUR",
          "@type": [
            "schema:PriceSpecification",
            "PriceSpecification"
          ],
          "appliesOnPeriod": [
            {
              "@id": "https://data.datatourisme.fr/a72571ee-b0e2-3ea2-9dd2-53d743cf79ac",
              "@type": [
                "Period"
              ],
              "endDate": "2023-11-05",
              "startDate": "2023-04-08"
            }
          ]
        }
      ],
      "@type": [
        "schema:Offer",
        "Offer"
      ]
    }
  ]
}