{
  "@id": "https://data.datatourisme.fr/13/902facef-1ce6-3bde-b664-55a4310076b9",
  "dc:identifier": "5062414",
  "@type": [
    "schema:LocalBusiness",
    "ActivityProvider",
    "PlaceOfInterest",
    "PointOfInterest",
    "Store"
  ],
  "rdfs:comment": {
    "de": [
      "In Wild Machja bieten wir Ihnen den Verleih und Verkauf von Fahrrädern der Marken CANNONDALE, MONDRAKER und GT Bicycles sowie den Verkauf von Zubehör an. Wir führen auch Reparaturen und Fahrradtouren durch"
    ],
    "en": [
      "At Wild Machja, you can rent or buy CANNONDALE, MONDRAKER and GT BICYCLES models, as well as purchasing bike accessories.\r\nWe also propose bike repairs and cycling excursions."
    ],
    "it": [
      "A Wild Machja offriamo il noleggio e la vendita di biciclette CANNONDALE, MONDRAKER e GT, nonché la vendita di accessori. Effettuiamo anche riparazioni e gite in bicicletta"
    ],
    "fr": [
      "A Wild Machja, nous vous proposons la location et la vente de vélos CANNONDALE, MONDRAKER et GT Bicycles ainsi que la vente d'accessoires. Nous faisons également les réparations et des balades à vélo"
    ],
    "nl": [
      "In Wild Machja bieden wij verhuur en verkoop van CANNONDALE, MONDRAKER en GT fietsen en verkoop van accessoires. We doen ook reparaties en fietstochten"
    ],
    "es": [
      "En Wild Machja ofrecemos alquiler y venta de bicicletas CANNONDALE, MONDRAKER y GT, así como la venta de accesorios. También hacemos reparaciones y paseos en bicicleta"
    ]
  },
  "rdfs:label": {
    "fr": [
      "Wild Machja"
    ]
  },
  "hasBeenCreatedBy": {
    "@id": "https://data.datatourisme.fr/13/e4873aa9-a05c-35ed-8395-61d121516766",
    "dc:identifier": "1646",
    "schema:email": [
      "info@balagne-corsica.com"
    ],
    "schema:legalName": "Office de Tourisme Intercommunal Calvi - Balagne",
    "@type": [
      "schema:Organization",
      "foaf:Agent",
      "Agent"
    ],
    "foaf:homepage": [
      "https://www.balagne-corsica.com/"
    ]
  },
  "hasBeenPublishedBy": [
    {
      "@id": "https://data.datatourisme.fr/8a9feb4b-2cbd-3d2c-b507-bd6c6776b23b",
      "schema:legalName": "Apidae Tourisme Scic SA - source : Apidae Tourisme",
      "@type": [
        "schema:Organization",
        "foaf:Agent",
        "Agent"
      ],
      "foaf:homepage": [
        "https://www.apidae-tourisme.com/"
      ]
    }
  ],
  "hasContact": [
    {
      "@id": "https://data.datatourisme.fr/2ac68099-6e6d-339c-bcd3-98d4be941da6",
      "schema:telephone": [
        "+33 7 78 57 35 61"
      ],
      "@type": [
        "foaf:Agent",
        "Agent"
      ],
      "foaf:homepage": [
        "https://www.wildmachja.com/"
      ]
    }
  ],
  "hasDescription": [
    {
      "@id": "https://data.datatourisme.fr/d71b4b1c-3905-324e-8e85-21a7ed32f89b",
      "@type": [
        "Description"
      ],
      "hasTranslatedProperty": [
        {
          "@id": "https://data.datatourisme.fr/4eee1dcd-4fce-3cf4-b43c-d042163b2649",
          "dc:contributor": [
            "https://api.deepl.com/v2/translate"
          ],
          "rdf:language": [
            "it"
          ],
          "rdf:predicate": [
            "shortDescription"
          ]
        },
        {
          "@id": "https://data.datatourisme.fr/67a3267c-d63c-35f4-ad8a-c73d5d129908",
          "dc:contributor": [
            "https://api.deepl.com/v2/translate"
          ],
          "rdf:language": [
            "de"
          ],
          "rdf:predicate": [
            "shortDescription"
          ]
        },
        {
          "@id": "https://data.datatourisme.fr/9536eaa0-d000-370b-ad2d-ae2cdb90ecd9",
          "dc:contributor": [
            "https://api.deepl.com/v2/translate"
          ],
          "rdf:language": [
            "nl"
          ],
          "rdf:predicate": [
            "shortDescription"
          ]
        },
        {
          "@id": "https://data.datatourisme.fr/c2b81291-0efe-38cb-9f71-7b3ef144d946",
          "dc:contributor": [
            "https://api.deepl.com/v2/translate"
          ],
          "rdf:language": [
            "es"
          ],
          "rdf:predicate": [
            "shortDescription"
          ]
        }
      ],
      "shortDescription": {
        "de": [
          "In Wild Machja bieten wir Ihnen den Verleih und Verkauf von Fahrrädern der Marken CANNONDALE, MONDRAKER und GT Bicycles sowie den Verkauf von Zubehör an. Wir führen auch Reparaturen und Fahrradtouren durch"
        ],
        "en": [
          "At Wild Machja, you can rent or buy CANNONDALE, MONDRAKER and GT BICYCLES models, as well as purchasing bike accessories.\r\nWe also propose bike repairs and cycling excursions."
        ],
        "it": [
          "A Wild Machja offriamo il noleggio e la vendita di biciclette CANNONDALE, MONDRAKER e GT, nonché la vendita di accessori. Effettuiamo anche riparazioni e gite in bicicletta"
        ],
        "fr": [
          "A Wild Machja, nous vous proposons la location et la vente de vélos CANNONDALE, MONDRAKER et GT Bicycles ainsi que la vente d'accessoires. Nous faisons également les réparations et des balades à vélo"
        ],
        "nl": [
          "In Wild Machja bieden wij verhuur en verkoop van CANNONDALE, MONDRAKER en GT fietsen en verkoop van accessoires. We doen ook reparaties en fietstochten"
        ],
        "es": [
          "En Wild Machja ofrecemos alquiler y venta de bicicletas CANNONDALE, MONDRAKER y GT, así como la venta de accesorios. También hacemos reparaciones y paseos en bicicleta"
        ]
      }
    }
  ],
  "hasTheme": [
    {
      "@id": "kb:ATV",
      "@type": [
        "SportsTheme"
      ],
      "rdfs:label": {
        "de": [
          "MTB"
        ],
        "pt": [
          "Bicicleta-todo-o-terreno (BTT)"
        ],
        "en": [
          "Atv"
        ],
        "it": [
          "Mountain bike"
        ],
        "fr": [
          "Vtt"
        ],
        "nl": [
          "Mountainbike"
        ],
        "es": [
          "BTT"
        ]
      }
    },
    {
      "@id": "kb:Bike",
      "@type": [
        "SportsTheme"
      ],
      "rdfs:label": {
        "de": [
          "Fahrrad"
        ],
        "pt": [
          "Bicicleta"
        ],
        "en": [
          "Bike"
        ],
        "it": [
          "Bicicletta"
        ],
        "fr": [
          "Vélo"
        ],
        "nl": [
          "Fiets"
        ],
        "es": [
          "Bicicleta"
        ]
      }
    },
    {
      "@id": "kb:ElectricBike",
      "@type": [
        "SportsTheme"
      ],
      "rdfs:label": {
        "de": [
          "Elektrofahrrad, Speedbike"
        ],
        "pt": [
          "Bicicleta elétrica, bicicleta de velocidade"
        ],
        "en": [
          "Electric bike"
        ],
        "it": [
          "Bicicletta elettrica, speed bike"
        ],
        "fr": [
          "Vélo électrique, speed bike"
        ],
        "nl": [
          "Elektrische fiets, speedbike"
        ],
        "es": [
          "Bicicleta eléctrica, bicicleta de velocidad"
        ]
      }
    },
    {
      "@id": "kb:ElectricallyAssistedBicycle",
      "@type": [
        "SportsTheme"
      ],
      "rdfs:label": {
        "de": [
          "Ladestation für Elektrofahrräder"
        ],
        "pt": [
          "Bicicleta elétrica"
        ],
        "en": [
          "Electrically assisted bicycle"
        ],
        "it": [
          "Bicicletta a pedalata assistita"
        ],
        "fr": [
          "Vélo à assistance électrique, VAE"
        ],
        "nl": [
          "Elektrische fiets"
        ],
        "es": [
          "Bicicleta eléctrica, VAE"
        ]
      }
    }
  ],
  "hasTranslatedProperty": [
    {
      "@id": "https://data.datatourisme.fr/2577631c-ef32-3c29-b73c-a1260773d7b3",
      "dc:contributor": [
        "https://api.deepl.com/v2/translate"
      ],
      "rdf:language": [
        "nl"
      ],
      "rdf:predicate": [
        {
          "@id": "rdfs:comment"
        }
      ]
    },
    {
      "@id": "https://data.datatourisme.fr/82ababd9-29c6-3f0b-b030-012d9c47bfec",
      "dc:contributor": [
        "https://api.deepl.com/v2/translate"
      ],
      "rdf:language": [
        "it"
      ],
      "rdf:predicate": [
        {
          "@id": "rdfs:comment"
        }
      ]
    },
    {
      "@id": "https://data.datatourisme.fr/c00abd0c-d9ed-38dd-9d84-b3e64e37a307",
      "dc:contributor": [
        "https://api.deepl.com/v2/translate"
      ],
      "rdf:language": [
        "es"
      ],
      "rdf:predicate": [
        {
          "@id": "rdfs:comment"
        }
      ]
    },
    {
      "@id": "https://data.datatourisme.fr/e850a3bd-03c8-35a9-8a02-fae13d221e4e",
      "dc:contributor": [
        "https://api.deepl.com/v2/translate"
      ],
      "rdf:language": [
        "de"
      ],
      "rdf:predicate": [
        {
          "@id": "rdfs:comment"
        }
      ]
    }
  ],
  "isLocatedAt": [
    {
      "@id": "https://data.datatourisme.fr/a4e95322-3ccc-3cfc-9911-c9cd753d29b1",
      "schema:address": [
        {
          "@id": "https://data.datatourisme.fr/a911b279-8ef6-3860-82e6-14bca2365db8",
          "schema:addressLocality": "Calvi",
          "schema:postalCode": "20260",
          "schema:streetAddress": [
            "Avenue Christophe Colomb Calvi"
          ],
          "@type": [
            "schema:PostalAddress",
            "PostalAddress"
          ],
          "hasAddressCity": {
            "@id": "kb:2B050",
            "@type": [
              "City"
            ],
            "rdfs:label": {
              "en": [
                "Calvi"
              ],
              "fr": [
                "Calvi"
              ]
            },
            "insee": "2B050",
            "isPartOfDepartment": {
              "@id": "kb:France942B",
              "@type": [
                "Department"
              ],
              "rdfs:label": {
                "en": [
                  "Haute-Corse"
                ],
                "fr": [
                  "Haute-Corse"
                ]
              },
              "insee": "2B",
              "isPartOfRegion": {
                "@id": "kb:France94",
                "@type": [
                  "Region"
                ],
                "rdfs:label": {
                  "en": [
                    "Corse"
                  ],
                  "fr": [
                    "Corse"
                  ]
                },
                "insee": "94",
                "isPartOfCountry": {
                  "@id": "kb:France",
                  "@type": [
                    "schema:Country"
                  ],
                  "rdfs:label": {
                    "de": [
                      "Frankreich"
                    ],
                    "pt": [
                      "França"
                    ],
                    "en": [
                      "France"
                    ],
                    "it": [
                      "Francia"
                    ],
                    "fr": [
                      "France"
                    ],
                    "nl": [
                      "Frankrijk"
                    ],
                    "es": [
                      "Francia"
                    ]
                  }
                }
              }
            }
          }
        }
      ],
      "schema:geo": {
        "@id": "https://data.datatourisme.fr/5d5a7ff1-81a9-387d-8912-8e3a2376238f",
        "schema:latitude": "42.558581",
        "schema:longitude": "8.757592",
        "@type": [
          "schema:GeoCoordinates"
        ]
      },
      "schema:openingHoursSpecification": [
        {
          "@id": "https://data.datatourisme.fr/f87e535a-636d-3343-ad63-8a03392e7511",
          "schema:validFrom": "2023-01-01T00:00:00",
          "schema:validThrough": "2023-12-31T23:59:59",
          "@type": [
            "schema:OpeningHoursSpecification"
          ]
        }
      ],
      "@type": [
        "schema:Place",
        "Place"
      ]
    }
  ],
  "isOwnedBy": [
    {
      "@id": "https://data.datatourisme.fr/194c52e6-bbae-33dc-8464-caca97844fbb",
      "schema:email": [
        "info@balagne-corsica.com"
      ],
      "schema:legalName": "Office de Tourisme Intercommunal Calvi - Balagne",
      "@type": [
        "schema:Organization",
        "foaf:Agent",
        "Agent"
      ],
      "foaf:homepage": [
        "https://www.balagne-corsica.com/"
      ]
    }
  ],
  "lastUpdate": "2019-05-17",
  "lastUpdateDatatourisme": "2023-02-22T06:42:37.794Z"
}