{
  "@id": "https://data.datatourisme.fr/13/90481ce6-06dd-38ea-807a-465712d106b0",
  "dc:identifier": "5013851",
  "@type": [
    "schema:LocalBusiness",
    "ActivityProvider",
    "PlaceOfInterest",
    "PointOfInterest",
    "Store"
  ],
  "rdfs:comment": {
    "de": [
      "Die Balagne auf zwei Rädern, davon haben Sie geträumt? Entdecken Sie die Natursportarten auf Korsika... in der Balagne, zwischen Ile-Rousse und Calvi mit Algajola Sport Nature, das dem Moniteur Cycliste Français angeschlossen ist.\r\nVersprechen Sie eine Begegnung mit... Charles und seinem Team"
    ],
    "en": [
      "Ever dreamed of exploring Balagne by bike? Enjoy the Corsican great outdoors... with Algajola Sport Nature in Balagne, between L'Ile-Rousse and Calvi, affiliated to French Cycling Instructors. \r\nA chance to meet... Charles and his team."
    ],
    "it": [
      "La Balagne su due ruote, la stavate sognando? Scoprite gli sport all'aria aperta in Corsica... in Balagne, tra Ile-Rousse e Calvi con Algajola Sport Nature, affiliato al Moniteur Cycliste Français.\r\nPromessa di un incontro con... Charles e il suo team"
    ],
    "fr": [
      "La Balagne à deux roues, vous en rêviez ? Découvrez les sports de pleine nature en Corse... en Balagne, entre Ile-Rousse et Calvi avec Algajola Sport Nature, affilié au Moniteur Cycliste Français.\r\nPromesse d'une rencontre avec... Charles et son équipe"
    ],
    "es": [
      "El Balagne sobre dos ruedas, ¿lo soñabas? Descubra los deportes al aire libre en Córcega... en Balagne, entre Ile-Rousse y Calvi con Algajola Sport Nature, afiliada al Moniteur Cycliste Français.\r\nLa promesa de una reunión con... Charles y su equipo"
    ],
    "nl": [
      "De Balagne op twee wielen, je droomde ervan? Ontdek buitensporten op Corsica... in Balagne, tussen Ile-Rousse en Calvi met Algajola Sport Nature, aangesloten bij het Moniteur Cycliste Français.\r\nBelofte van een ontmoeting met... Charles en zijn team"
    ]
  },
  "rdfs:label": {
    "en": [
      "Algajola Sport Nature - bikes"
    ],
    "it": [
      "Algajola Sport Natura - ciclismo"
    ],
    "fr": [
      "Algajola Sport Nature - vélo"
    ]
  },
  "hasBeenCreatedBy": {
    "@id": "https://data.datatourisme.fr/13/e4873aa9-a05c-35ed-8395-61d121516766",
    "dc:identifier": "1646",
    "schema:email": [
      "info@balagne-corsica.com"
    ],
    "schema:legalName": "Office de Tourisme Intercommunal Calvi - Balagne",
    "@type": [
      "schema:Organization",
      "foaf:Agent",
      "Agent"
    ],
    "foaf:homepage": [
      "https://www.balagne-corsica.com/"
    ]
  },
  "hasBeenPublishedBy": [
    {
      "@id": "https://data.datatourisme.fr/8a9feb4b-2cbd-3d2c-b507-bd6c6776b23b",
      "schema:legalName": "Apidae Tourisme Scic SA - source : Apidae Tourisme",
      "@type": [
        "schema:Organization",
        "foaf:Agent",
        "Agent"
      ],
      "foaf:homepage": [
        "https://www.apidae-tourisme.com/"
      ]
    }
  ],
  "hasContact": [
    {
      "@id": "https://data.datatourisme.fr/cdaf5235-a04d-3caa-bd91-cd9fa91435ac",
      "schema:email": [
        "asnvelo@gmail.com"
      ],
      "schema:telephone": [
        "+33 7 89 86 75 42"
      ],
      "@type": [
        "foaf:Agent",
        "Agent"
      ],
      "foaf:homepage": [
        "https://www.asn.corsica/"
      ]
    }
  ],
  "hasDescription": [
    {
      "@id": "https://data.datatourisme.fr/257e4cba-c17c-3b9c-b76f-23c58d13c301",
      "@type": [
        "Description"
      ],
      "hasTranslatedProperty": [
        {
          "@id": "https://data.datatourisme.fr/14130830-a648-3f2f-bfa1-18bcaac97506",
          "dc:contributor": [
            "https://api.deepl.com/v2/translate"
          ],
          "rdf:language": [
            "es"
          ],
          "rdf:predicate": [
            "shortDescription"
          ]
        },
        {
          "@id": "https://data.datatourisme.fr/d5cbc104-3206-35fb-9de1-d57cf6d1d8a7",
          "dc:contributor": [
            "https://api.deepl.com/v2/translate"
          ],
          "rdf:language": [
            "de"
          ],
          "rdf:predicate": [
            "shortDescription"
          ]
        },
        {
          "@id": "https://data.datatourisme.fr/df3f2d2d-87b9-3588-8169-4f0fbee730c4",
          "dc:contributor": [
            "https://api.deepl.com/v2/translate"
          ],
          "rdf:language": [
            "nl"
          ],
          "rdf:predicate": [
            "shortDescription"
          ]
        }
      ],
      "shortDescription": {
        "de": [
          "Die Balagne auf zwei Rädern, davon haben Sie geträumt? Entdecken Sie die Natursportarten auf Korsika... in der Balagne, zwischen Ile-Rousse und Calvi mit Algajola Sport Nature, das dem Moniteur Cycliste Français angeschlossen ist.\r\nVersprechen Sie eine Begegnung mit... Charles und seinem Team"
        ],
        "en": [
          "Ever dreamed of exploring Balagne by bike? Enjoy the Corsican great outdoors... with Algajola Sport Nature in Balagne, between L'Ile-Rousse and Calvi, affiliated to French Cycling Instructors. \r\nA chance to meet... Charles and his team."
        ],
        "it": [
          "La Balagne su due ruote, la stavate sognando? Scoprite gli sport all'aria aperta in Corsica... in Balagne, tra Ile-Rousse e Calvi con Algajola Sport Nature, affiliato al Moniteur Cycliste Français.\r\nPromessa di un incontro con... Charles e il suo team"
        ],
        "fr": [
          "La Balagne à deux roues, vous en rêviez ? Découvrez les sports de pleine nature en Corse... en Balagne, entre Ile-Rousse et Calvi avec Algajola Sport Nature, affilié au Moniteur Cycliste Français.\r\nPromesse d'une rencontre avec... Charles et son équipe"
        ],
        "es": [
          "El Balagne sobre dos ruedas, ¿lo soñabas? Descubra los deportes al aire libre en Córcega... en Balagne, entre Ile-Rousse y Calvi con Algajola Sport Nature, afiliada al Moniteur Cycliste Français.\r\nLa promesa de una reunión con... Charles y su equipo"
        ],
        "nl": [
          "De Balagne op twee wielen, je droomde ervan? Ontdek buitensporten op Corsica... in Balagne, tussen Ile-Rousse en Calvi met Algajola Sport Nature, aangesloten bij het Moniteur Cycliste Français.\r\nBelofte van een ontmoeting met... Charles en zijn team"
        ]
      }
    }
  ],
  "hasTheme": [
    {
      "@id": "kb:ATV",
      "@type": [
        "SportsTheme"
      ],
      "rdfs:label": {
        "de": [
          "MTB"
        ],
        "pt": [
          "Bicicleta-todo-o-terreno (BTT)"
        ],
        "en": [
          "Atv"
        ],
        "it": [
          "Mountain bike"
        ],
        "fr": [
          "Vtt"
        ],
        "nl": [
          "Mountainbike"
        ],
        "es": [
          "BTT"
        ]
      }
    },
    {
      "@id": "kb:Bike",
      "@type": [
        "SportsTheme"
      ],
      "rdfs:label": {
        "de": [
          "Fahrrad"
        ],
        "pt": [
          "Bicicleta"
        ],
        "en": [
          "Bike"
        ],
        "it": [
          "Bicicletta"
        ],
        "fr": [
          "Vélo"
        ],
        "nl": [
          "Fiets"
        ],
        "es": [
          "Bicicleta"
        ]
      }
    },
    {
      "@id": "kb:Cycling",
      "@type": [
        "SportsTheme"
      ],
      "rdfs:label": {
        "de": [
          "Radfahren"
        ],
        "pt": [
          "Ciclismo"
        ],
        "en": [
          "Cycling"
        ],
        "it": [
          "Ciclismo"
        ],
        "fr": [
          "Cyclisme"
        ],
        "nl": [
          "Wielrennen"
        ],
        "es": [
          "Ciclismo"
        ]
      }
    },
    {
      "@id": "kb:ElectricATV",
      "@type": [
        "SportsTheme"
      ],
      "rdfs:label": {
        "de": [
          "Elektro-Mountainbike"
        ],
        "pt": [
          "Bicicleta-todo-o-terreno (BTT) elétrica"
        ],
        "en": [
          "Electri atv"
        ],
        "it": [
          "Mountain bike elettrica"
        ],
        "fr": [
          "Vtt électrique"
        ],
        "nl": [
          "Elektrische mountainbike"
        ],
        "es": [
          "Bicicleta eléctrica de montaña"
        ]
      }
    },
    {
      "@id": "kb:ElectricBike",
      "@type": [
        "SportsTheme"
      ],
      "rdfs:label": {
        "de": [
          "Elektrofahrrad, Speedbike"
        ],
        "pt": [
          "Bicicleta elétrica, bicicleta de velocidade"
        ],
        "en": [
          "Electric bike"
        ],
        "it": [
          "Bicicletta elettrica, speed bike"
        ],
        "fr": [
          "Vélo électrique, speed bike"
        ],
        "nl": [
          "Elektrische fiets, speedbike"
        ],
        "es": [
          "Bicicleta eléctrica, bicicleta de velocidad"
        ]
      }
    },
    {
      "@id": "kb:ElectricallyAssistedBicycle",
      "@type": [
        "SportsTheme"
      ],
      "rdfs:label": {
        "de": [
          "Ladestation für Elektrofahrräder"
        ],
        "pt": [
          "Bicicleta elétrica"
        ],
        "en": [
          "Electrically assisted bicycle"
        ],
        "it": [
          "Bicicletta a pedalata assistita"
        ],
        "fr": [
          "Vélo à assistance électrique, VAE"
        ],
        "nl": [
          "Elektrische fiets"
        ],
        "es": [
          "Bicicleta eléctrica, VAE"
        ]
      }
    }
  ],
  "hasTranslatedProperty": [
    {
      "@id": "https://data.datatourisme.fr/1d1bfb39-d288-3d5f-b2e0-493e8b239830",
      "dc:contributor": [
        "https://api.deepl.com/v2/translate"
      ],
      "rdf:language": [
        "es"
      ],
      "rdf:predicate": [
        {
          "@id": "rdfs:comment"
        }
      ]
    },
    {
      "@id": "https://data.datatourisme.fr/6f0ff4ce-6013-3d4b-98ad-edbec3098297",
      "dc:contributor": [
        "https://api.deepl.com/v2/translate"
      ],
      "rdf:language": [
        "nl"
      ],
      "rdf:predicate": [
        {
          "@id": "rdfs:comment"
        }
      ]
    },
    {
      "@id": "https://data.datatourisme.fr/8d5d336e-4a4a-37e2-8321-845850a790fd",
      "dc:contributor": [
        "https://api.deepl.com/v2/translate"
      ],
      "rdf:language": [
        "de"
      ],
      "rdf:predicate": [
        {
          "@id": "rdfs:comment"
        }
      ]
    }
  ],
  "isLocatedAt": [
    {
      "@id": "https://data.datatourisme.fr/5449aac2-70c5-365d-8869-37e4d70870f8",
      "schema:address": [
        {
          "@id": "https://data.datatourisme.fr/3db86018-ba3e-3f4a-8171-45d22bd9199d",
          "schema:addressLocality": "Algajola",
          "schema:postalCode": "20220",
          "schema:streetAddress": [
            "Résidence Bella Vista"
          ],
          "@type": [
            "schema:PostalAddress",
            "PostalAddress"
          ],
          "hasAddressCity": {
            "@id": "kb:2B010",
            "@type": [
              "City"
            ],
            "rdfs:label": {
              "en": [
                "Algajola"
              ],
              "fr": [
                "Algajola"
              ]
            },
            "insee": "2B010",
            "isPartOfDepartment": {
              "@id": "kb:France942B",
              "@type": [
                "Department"
              ],
              "rdfs:label": {
                "en": [
                  "Haute-Corse"
                ],
                "fr": [
                  "Haute-Corse"
                ]
              },
              "insee": "2B",
              "isPartOfRegion": {
                "@id": "kb:France94",
                "@type": [
                  "Region"
                ],
                "rdfs:label": {
                  "en": [
                    "Corse"
                  ],
                  "fr": [
                    "Corse"
                  ]
                },
                "insee": "94",
                "isPartOfCountry": {
                  "@id": "kb:France",
                  "@type": [
                    "schema:Country"
                  ],
                  "rdfs:label": {
                    "de": [
                      "Frankreich"
                    ],
                    "pt": [
                      "França"
                    ],
                    "en": [
                      "France"
                    ],
                    "it": [
                      "Francia"
                    ],
                    "fr": [
                      "France"
                    ],
                    "nl": [
                      "Frankrijk"
                    ],
                    "es": [
                      "Francia"
                    ]
                  }
                }
              }
            }
          }
        }
      ],
      "schema:geo": {
        "@id": "https://data.datatourisme.fr/2ca29238-00c1-34ad-b905-a4bc1aae8860",
        "schema:latitude": "42.607533",
        "schema:longitude": "8.86796",
        "@type": [
          "schema:GeoCoordinates"
        ]
      },
      "schema:openingHoursSpecification": [
        {
          "@id": "https://data.datatourisme.fr/68d2ced9-d490-3b52-92ba-3affd4c812aa",
          "schema:validFrom": "2023-04-01T00:00:00",
          "schema:validThrough": "2023-10-31T23:59:59",
          "@type": [
            "schema:OpeningHoursSpecification"
          ],
          "additionalInformation": {
            "de": [
              "Unverbindliche Öffnungszeiten"
            ],
            "en": [
              "Indicative opening period"
            ],
            "it": [
              "Periodo di apertura indicativo"
            ],
            "fr": [
              "Période d'ouverture à titre indicatif"
            ],
            "es": [
              "Periodo de apertura indicativo"
            ],
            "nl": [
              "Indicatieve openingsperiode"
            ]
          },
          "hasTranslatedProperty": [
            {
              "@id": "https://data.datatourisme.fr/17ae2dd5-8ec3-36d3-a2cb-cd38ef06bdaf",
              "dc:contributor": [
                "https://api.deepl.com/v2/translate"
              ],
              "rdf:language": [
                "de"
              ],
              "rdf:predicate": [
                "additionalInformation"
              ]
            },
            {
              "@id": "https://data.datatourisme.fr/2b28939d-f5a5-3057-b2a7-c085cc6abcbb",
              "dc:contributor": [
                "https://api.deepl.com/v2/translate"
              ],
              "rdf:language": [
                "en"
              ],
              "rdf:predicate": [
                "additionalInformation"
              ]
            },
            {
              "@id": "https://data.datatourisme.fr/c7de4b1b-8782-34b3-af1e-cd843a8d0f25",
              "dc:contributor": [
                "https://api.deepl.com/v2/translate"
              ],
              "rdf:language": [
                "es"
              ],
              "rdf:predicate": [
                "additionalInformation"
              ]
            },
            {
              "@id": "https://data.datatourisme.fr/dbc8367c-400b-38f2-8f11-228bfe0a1d9c",
              "dc:contributor": [
                "https://api.deepl.com/v2/translate"
              ],
              "rdf:language": [
                "nl"
              ],
              "rdf:predicate": [
                "additionalInformation"
              ]
            },
            {
              "@id": "https://data.datatourisme.fr/fb15ab24-a77e-3ce9-a333-2ec5220cb719",
              "dc:contributor": [
                "https://api.deepl.com/v2/translate"
              ],
              "rdf:language": [
                "it"
              ],
              "rdf:predicate": [
                "additionalInformation"
              ]
            }
          ]
        }
      ],
      "@type": [
        "schema:Place",
        "Place"
      ]
    }
  ],
  "isOwnedBy": [
    {
      "@id": "https://data.datatourisme.fr/194c52e6-bbae-33dc-8464-caca97844fbb",
      "schema:email": [
        "info@balagne-corsica.com"
      ],
      "schema:legalName": "Office de Tourisme Intercommunal Calvi - Balagne",
      "@type": [
        "schema:Organization",
        "foaf:Agent",
        "Agent"
      ],
      "foaf:homepage": [
        "https://www.balagne-corsica.com/"
      ]
    }
  ],
  "lastUpdate": "2023-02-28",
  "lastUpdateDatatourisme": "2023-03-01T06:42:06.908Z"
}