{
  "@id": "https://data.datatourisme.fr/13/12957ca0-1236-3c83-ab06-30d9b45ef1be",
  "dc:identifier": "6003614",
  "@type": [
    "schema:FoodEstablishment",
    "FoodEstablishment",
    "PlaceOfInterest",
    "PointOfInterest"
  ],
  "rdfs:comment": {
    "de": [
      "Die Küche des Familienrestaurants La Voglia Di, das am Fuße der Zitadelle von Calvi in der Balagne am Eingang der Rue Clemenceau liegt, ist von unserer Geschichte inspiriert; sie mischt italienische Noten mit unserer korsischen Tradition."
    ],
    "en": [
      "The cuisine of Voglia Di, a family restaurant located at the foot of the citadel of Calvi in Balagne, at the entrance to rue Clemenceau, is inspired by our history; it mixes Italian notes with our Corsican tradition."
    ],
    "it": [
      "La cucina de La Voglia Di, un ristorante familiare situato ai piedi della cittadella di Calvi in Balagna, all'entrata della rue Clemenceau, si ispira alla nostra storia; mescola note italiane con la nostra tradizione corsa."
    ],
    "fr": [
      "La cuisine de la Voglia Di, restaurant familial situé au pied de la citadelle de Calvi en Balagne, à l’entrée de la rue Clemenceau, s’inspire de notre histoire; elle mélange des notes Italiennes à notre tradition Corse."
    ],
    "es": [
      "La cocina de La Voglia Di, un restaurante familiar situado al pie de la ciudadela de Calvi, en Balagne, a la entrada de la calle Clemenceau, se inspira en nuestra historia; mezcla notas italianas con nuestra tradición corsa."
    ],
    "nl": [
      "De keuken van La Voglia Di, een familierestaurant gelegen aan de voet van de citadel van Calvi in Balagne, bij de ingang van de Rue Clemenceau, is geïnspireerd op onze geschiedenis; het mengt Italiaanse noten met onze Corsicaanse traditie."
    ]
  },
  "rdfs:label": {
    "fr": [
      "La Voglia Di"
    ]
  },
  "hasBeenCreatedBy": {
    "@id": "https://data.datatourisme.fr/13/e4873aa9-a05c-35ed-8395-61d121516766",
    "dc:identifier": "1646",
    "schema:email": [
      "info@balagne-corsica.com"
    ],
    "schema:legalName": "Office de Tourisme Intercommunal Calvi - Balagne",
    "@type": [
      "schema:Organization",
      "foaf:Agent",
      "Agent"
    ],
    "foaf:homepage": [
      "https://www.balagne-corsica.com/"
    ]
  },
  "hasBeenPublishedBy": [
    {
      "@id": "https://data.datatourisme.fr/8a9feb4b-2cbd-3d2c-b507-bd6c6776b23b",
      "schema:legalName": "Apidae Tourisme Scic SA - source : Apidae Tourisme",
      "@type": [
        "schema:Organization",
        "foaf:Agent",
        "Agent"
      ],
      "foaf:homepage": [
        "https://www.apidae-tourisme.com/"
      ]
    }
  ],
  "hasContact": [
    {
      "@id": "https://data.datatourisme.fr/ecb00fdc-6c69-3783-a13e-608e4bc93e29",
      "schema:email": [
        "lavogliadicalvi@gmail.com"
      ],
      "schema:telephone": [
        "+33 4 95 48 13 05",
        "+33 6 13 97 43 74"
      ],
      "@type": [
        "foaf:Agent",
        "Agent"
      ]
    }
  ],
  "hasDescription": [
    {
      "@id": "https://data.datatourisme.fr/7ba00b44-fc07-3af4-9f4b-1dca2176aa98",
      "@type": [
        "Description"
      ],
      "hasTranslatedProperty": [
        {
          "@id": "https://data.datatourisme.fr/59a58978-0fce-36f8-98dc-8159995da160",
          "dc:contributor": [
            "https://api.deepl.com/v2/translate"
          ],
          "rdf:language": [
            "de"
          ],
          "rdf:predicate": [
            "shortDescription"
          ]
        },
        {
          "@id": "https://data.datatourisme.fr/60681878-47c7-3505-9e6b-dfa372652265",
          "dc:contributor": [
            "https://api.deepl.com/v2/translate"
          ],
          "rdf:language": [
            "es"
          ],
          "rdf:predicate": [
            "shortDescription"
          ]
        },
        {
          "@id": "https://data.datatourisme.fr/8e63bf45-a5b9-3050-810f-b77f81af2cf9",
          "dc:contributor": [
            "https://api.deepl.com/v2/translate"
          ],
          "rdf:language": [
            "nl"
          ],
          "rdf:predicate": [
            "shortDescription"
          ]
        }
      ],
      "shortDescription": {
        "de": [
          "Die Küche des Familienrestaurants La Voglia Di, das am Fuße der Zitadelle von Calvi in der Balagne am Eingang der Rue Clemenceau liegt, ist von unserer Geschichte inspiriert; sie mischt italienische Noten mit unserer korsischen Tradition."
        ],
        "en": [
          "The cuisine of Voglia Di, a family restaurant located at the foot of the citadel of Calvi in Balagne, at the entrance to rue Clemenceau, is inspired by our history; it mixes Italian notes with our Corsican tradition."
        ],
        "it": [
          "La cucina de La Voglia Di, un ristorante familiare situato ai piedi della cittadella di Calvi in Balagna, all'entrata della rue Clemenceau, si ispira alla nostra storia; mescola note italiane con la nostra tradizione corsa."
        ],
        "fr": [
          "La cuisine de la Voglia Di, restaurant familial situé au pied de la citadelle de Calvi en Balagne, à l’entrée de la rue Clemenceau, s’inspire de notre histoire; elle mélange des notes Italiennes à notre tradition Corse."
        ],
        "es": [
          "La cocina de La Voglia Di, un restaurante familiar situado al pie de la ciudadela de Calvi, en Balagne, a la entrada de la calle Clemenceau, se inspira en nuestra historia; mezcla notas italianas con nuestra tradición corsa."
        ],
        "nl": [
          "De keuken van La Voglia Di, een familierestaurant gelegen aan de voet van de citadel van Calvi in Balagne, bij de ingang van de Rue Clemenceau, is geïnspireerd op onze geschiedenis; het mengt Italiaanse noten met onze Corsicaanse traditie."
        ]
      }
    }
  ],
  "hasTheme": [
    {
      "@id": "kb:MediterraneanCuisine",
      "@type": [
        "CuisineCategory"
      ],
      "rdfs:label": {
        "de": [
          "Mediterrane Küche"
        ],
        "pt": [
          "Cozinha mediterrânica"
        ],
        "en": [
          "Mediterranean cuisine"
        ],
        "it": [
          "Cucina mediterranea"
        ],
        "fr": [
          "Cuisine méditerranéenne"
        ],
        "nl": [
          "Mediterrane keuken"
        ],
        "es": [
          "Cocina mediterránea"
        ]
      }
    }
  ],
  "hasTranslatedProperty": [
    {
      "@id": "https://data.datatourisme.fr/00a90e73-2325-3505-8e30-96d3fed1da5c",
      "dc:contributor": [
        "https://api.deepl.com/v2/translate"
      ],
      "rdf:language": [
        "es"
      ],
      "rdf:predicate": [
        {
          "@id": "rdfs:comment"
        }
      ]
    },
    {
      "@id": "https://data.datatourisme.fr/16582170-d3d2-3d0b-b063-8a0f37d03471",
      "dc:contributor": [
        "https://api.deepl.com/v2/translate"
      ],
      "rdf:language": [
        "de"
      ],
      "rdf:predicate": [
        {
          "@id": "rdfs:comment"
        }
      ]
    },
    {
      "@id": "https://data.datatourisme.fr/6852c9ba-4b38-3727-a947-41c389118ec8",
      "dc:contributor": [
        "https://api.deepl.com/v2/translate"
      ],
      "rdf:language": [
        "nl"
      ],
      "rdf:predicate": [
        {
          "@id": "rdfs:comment"
        }
      ]
    }
  ],
  "isLocatedAt": [
    {
      "@id": "https://data.datatourisme.fr/80d0ea24-3ef8-3477-832e-a80a5947ad46",
      "schema:address": [
        {
          "@id": "https://data.datatourisme.fr/3da89239-6ea1-39a2-9997-b36ebb00cc48",
          "schema:addressLocality": "Calvi",
          "schema:postalCode": "20260",
          "schema:streetAddress": [
            "Montée Pardina",
            "Rue Clemenceau"
          ],
          "@type": [
            "schema:PostalAddress",
            "PostalAddress"
          ],
          "hasAddressCity": {
            "@id": "kb:2B050",
            "@type": [
              "City"
            ],
            "rdfs:label": {
              "en": [
                "Calvi"
              ],
              "fr": [
                "Calvi"
              ]
            },
            "insee": "2B050",
            "isPartOfDepartment": {
              "@id": "kb:France942B",
              "@type": [
                "Department"
              ],
              "rdfs:label": {
                "en": [
                  "Haute-Corse"
                ],
                "fr": [
                  "Haute-Corse"
                ]
              },
              "insee": "2B",
              "isPartOfRegion": {
                "@id": "kb:France94",
                "@type": [
                  "Region"
                ],
                "rdfs:label": {
                  "en": [
                    "Corse"
                  ],
                  "fr": [
                    "Corse"
                  ]
                },
                "insee": "94",
                "isPartOfCountry": {
                  "@id": "kb:France",
                  "@type": [
                    "schema:Country"
                  ],
                  "rdfs:label": {
                    "de": [
                      "Frankreich"
                    ],
                    "pt": [
                      "França"
                    ],
                    "en": [
                      "France"
                    ],
                    "it": [
                      "Francia"
                    ],
                    "fr": [
                      "France"
                    ],
                    "nl": [
                      "Frankrijk"
                    ],
                    "es": [
                      "Francia"
                    ]
                  }
                }
              }
            }
          }
        }
      ],
      "schema:geo": {
        "@id": "https://data.datatourisme.fr/6be73584-2b22-3e12-b71e-ec4660f81143",
        "schema:latitude": "42.567389",
        "schema:longitude": "8.758706",
        "@type": [
          "schema:GeoCoordinates"
        ]
      },
      "schema:openingHoursSpecification": [
        {
          "@id": "https://data.datatourisme.fr/31989295-6e81-30b3-8f9a-2d6bb759ecc3",
          "schema:validFrom": "2023-01-01T00:00:00",
          "schema:validThrough": "2023-12-31T23:59:59",
          "@type": [
            "schema:OpeningHoursSpecification"
          ],
          "additionalInformation": {
            "de": [
              "1. April - 30. September: Täglich mittags und abends.\r\n1. Oktober - 31. März: Donnerstag bis Sonntag mittags und abends"
            ],
            "en": [
              "april 1 - September 30: daily lunch and dinner.\r\noctober 1 to March 31: Thursday to Sunday lunch and dinner"
            ],
            "it": [
              "1 aprile - 30 settembre: tutti i giorni pranzo e cena.\r\ndal 1° ottobre al 31 marzo: da giovedì a domenica, pranzo e cena"
            ],
            "fr": [
              "1er avril - 30 septembre : tous les jours midi et soir.\r\n1er octobre au 31 mars : du jeudi au dimanche midi et soir"
            ],
            "es": [
              "del 1 de abril al 30 de septiembre: almuerzo y cena diarios.\r\ndel 1 de octubre al 31 de marzo: almuerzo y cena de jueves a domingo"
            ],
            "nl": [
              "1 april - 30 september: dagelijks lunch en diner.\r\n1 oktober tot 31 maart: donderdag tot zondag lunch en diner"
            ]
          },
          "hasTranslatedProperty": [
            {
              "@id": "https://data.datatourisme.fr/0ffbf9d9-0b54-360c-a6db-b85b501991a9",
              "dc:contributor": [
                "https://api.deepl.com/v2/translate"
              ],
              "rdf:language": [
                "es"
              ],
              "rdf:predicate": [
                "additionalInformation"
              ]
            },
            {
              "@id": "https://data.datatourisme.fr/430cb300-2948-3ae1-b2db-d522f273b582",
              "dc:contributor": [
                "https://api.deepl.com/v2/translate"
              ],
              "rdf:language": [
                "it"
              ],
              "rdf:predicate": [
                "additionalInformation"
              ]
            },
            {
              "@id": "https://data.datatourisme.fr/92ef56c9-5e61-33ae-bd28-3b37c0272bf4",
              "dc:contributor": [
                "https://api.deepl.com/v2/translate"
              ],
              "rdf:language": [
                "en"
              ],
              "rdf:predicate": [
                "additionalInformation"
              ]
            },
            {
              "@id": "https://data.datatourisme.fr/edb7a32c-7168-3817-92f0-41b9fbdd9c19",
              "dc:contributor": [
                "https://api.deepl.com/v2/translate"
              ],
              "rdf:language": [
                "nl"
              ],
              "rdf:predicate": [
                "additionalInformation"
              ]
            },
            {
              "@id": "https://data.datatourisme.fr/fbbfcaa4-7222-3177-b798-7035491c2c80",
              "dc:contributor": [
                "https://api.deepl.com/v2/translate"
              ],
              "rdf:language": [
                "de"
              ],
              "rdf:predicate": [
                "additionalInformation"
              ]
            }
          ]
        }
      ],
      "@type": [
        "schema:Place",
        "Place"
      ]
    }
  ],
  "isOwnedBy": [
    {
      "@id": "https://data.datatourisme.fr/194c52e6-bbae-33dc-8464-caca97844fbb",
      "schema:email": [
        "info@balagne-corsica.com"
      ],
      "schema:legalName": "Office de Tourisme Intercommunal Calvi - Balagne",
      "@type": [
        "schema:Organization",
        "foaf:Agent",
        "Agent"
      ],
      "foaf:homepage": [
        "https://www.balagne-corsica.com/"
      ]
    }
  ],
  "lastUpdate": "2022-08-11",
  "lastUpdateDatatourisme": "2023-04-04T05:52:39.248Z",
  "offers": [
    {
      "@id": "https://data.datatourisme.fr/595640f4-e826-363b-a445-268dae647f30",
      "schema:priceSpecification": [
        {
          "@id": "https://data.datatourisme.fr/5460c100-b647-35b1-b504-1fb3441a6cfd",
          "schema:maxPrice": [
            "22"
          ],
          "schema:minPrice": [
            "14",
            "22"
          ],
          "schema:priceCurrency": "EUR",
          "@type": [
            "schema:PriceSpecification",
            "PriceSpecification"
          ],
          "appliesOnPeriod": [
            {
              "@id": "https://data.datatourisme.fr/0663ca4b-3470-3171-9053-39aa704e8f56",
              "@type": [
                "Period"
              ],
              "endDate": "2022-12-31",
              "startDate": "2022-01-01"
            }
          ]
        }
      ],
      "@type": [
        "schema:Offer",
        "Offer"
      ]
    }
  ],
  "providesCuisineOfType": [
    {
      "@id": "kb:MediterraneanCuisine",
      "@type": [
        "CuisineCategory"
      ],
      "rdfs:label": {
        "de": [
          "Mediterrane Küche"
        ],
        "pt": [
          "Cozinha mediterrânica"
        ],
        "en": [
          "Mediterranean cuisine"
        ],
        "it": [
          "Cucina mediterranea"
        ],
        "fr": [
          "Cuisine méditerranéenne"
        ],
        "nl": [
          "Mediterrane keuken"
        ],
        "es": [
          "Cocina mediterránea"
        ]
      }
    }
  ]
}