{
  "@id": "https://data.datatourisme.fr/13/1833d39f-f03d-3fe9-80cc-f7651dd26170",
  "dc:identifier": "5233534",
  "@type": [
    "schema:LocalBusiness",
    "PlaceOfInterest",
    "PointOfInterest",
    "Store"
  ],
  "rdfs:comment": {
    "de": [
      "Das Hotel liegt im Golf von Porto-Vecchio, Vermietung Basis in der privaten Marina mit seinem Parkplatz. Vermietung von Halbstarren von 6,50 m bis 12 m und Starts von 17 m."
    ],
    "en": [
      "Located in the gulf of Porto-Vecchio, rental base in private marina with its parking lot. Rental of semi-rigids from 6.50 m to 12 m and launches of 17 m."
    ],
    "it": [
      "Situato nel golfo di Porto-Vecchio, base di noleggio nel porto turistico privato con il suo parcheggio. Noleggio di semirigidi da 6,50 m a 12 m e lanci di 17 m."
    ],
    "fr": [
      "Au départ de notre marina privée, dans le golfe de Porto-Vecchio, location de semi-rigides de 7 m. à 12 m. et vedettes de 17 m. \r\nLocation à la journée. \r\nLocation, Gestion, Vente, Hivernage, Gardiennage, Entretien."
    ],
    "nl": [
      "Gelegen in de golf van Porto-Vecchio, huurbasis in privé jachthaven met parkeerplaats. Verhuur van semi-rigids van 6,50 m tot 12 m en lanceringen van 17 m."
    ],
    "es": [
      "Desde nuestro puerto deportivo privado, en el Golfo de Porto-Vecchio, alquiler de embarcaciones semirrígidas de 7 m. a 12 m. y lanchas de 17 m.\r\nAlquiler diario.\r\nAlquiler, Gestión, Venta, Invernaje, Conserjería, Mantenimiento."
    ]
  },
  "rdfs:label": {
    "fr": [
      "Quilici Marine"
    ]
  },
  "hasBeenCreatedBy": {
    "@id": "https://data.datatourisme.fr/13/84c6494d-3085-3c63-a55c-db8cb047fadd",
    "dc:identifier": "1738",
    "schema:email": [
      "camillef.omt@gmail.com",
      "direction@destination-sudcorse.com",
      "gestion@destination-sudcorse.com",
      "promotion@destination-sudcorse.com",
      "webmaster@destination-sudcorse.com"
    ],
    "schema:legalName": "Porto Vecchio Tourisme",
    "@type": [
      "schema:Organization",
      "foaf:Agent",
      "Agent"
    ],
    "foaf:homepage": [
      "http://www.ot-portovecchio.com/"
    ]
  },
  "hasBeenPublishedBy": [
    {
      "@id": "https://data.datatourisme.fr/8a9feb4b-2cbd-3d2c-b507-bd6c6776b23b",
      "schema:legalName": "Apidae Tourisme Scic SA - source : Apidae Tourisme",
      "@type": [
        "schema:Organization",
        "foaf:Agent",
        "Agent"
      ],
      "foaf:homepage": [
        "https://www.apidae-tourisme.com/"
      ]
    }
  ],
  "hasContact": [
    {
      "@id": "https://data.datatourisme.fr/4d22114b-ca0a-3c80-9e46-7051bf374b0b",
      "schema:email": [
        "contact@quilicimarine.com"
      ],
      "schema:telephone": [
        "+33 4 95 70 58 85",
        "+33 6 26 66 39 65"
      ],
      "@type": [
        "foaf:Agent",
        "Agent"
      ],
      "foaf:homepage": [
        "http://www.quilicimarine.com/"
      ]
    }
  ],
  "hasDescription": [
    {
      "@id": "https://data.datatourisme.fr/2d8089bd-543d-36ba-a7dc-d41bedd04d04",
      "@type": [
        "Description"
      ],
      "hasTranslatedProperty": [
        {
          "@id": "https://data.datatourisme.fr/6664b42b-0e2a-303c-81cf-7b1fb66c4dd4",
          "dc:contributor": [
            "https://api.deepl.com/v2/translate"
          ],
          "rdf:language": [
            "es"
          ],
          "rdf:predicate": [
            "shortDescription"
          ]
        }
      ],
      "shortDescription": {
        "de": [
          "Das Hotel liegt im Golf von Porto-Vecchio, Vermietung Basis in der privaten Marina mit seinem Parkplatz. Vermietung von Halbstarren von 6,50 m bis 12 m und Starts von 17 m."
        ],
        "en": [
          "Located in the gulf of Porto-Vecchio, rental base in private marina with its parking lot. Rental of semi-rigids from 6.50 m to 12 m and launches of 17 m."
        ],
        "it": [
          "Situato nel golfo di Porto-Vecchio, base di noleggio nel porto turistico privato con il suo parcheggio. Noleggio di semirigidi da 6,50 m a 12 m e lanci di 17 m."
        ],
        "fr": [
          "Au départ de notre marina privée, dans le golfe de Porto-Vecchio, location de semi-rigides de 7 m. à 12 m. et vedettes de 17 m. \r\nLocation à la journée. \r\nLocation, Gestion, Vente, Hivernage, Gardiennage, Entretien."
        ],
        "nl": [
          "Gelegen in de golf van Porto-Vecchio, huurbasis in privé jachthaven met parkeerplaats. Verhuur van semi-rigids van 6,50 m tot 12 m en lanceringen van 17 m."
        ],
        "es": [
          "Desde nuestro puerto deportivo privado, en el Golfo de Porto-Vecchio, alquiler de embarcaciones semirrígidas de 7 m. a 12 m. y lanchas de 17 m.\r\nAlquiler diario.\r\nAlquiler, Gestión, Venta, Invernaje, Conserjería, Mantenimiento."
        ]
      }
    }
  ],
  "hasTheme": [
    {
      "@id": "kb:TowableTube",
      "@type": [
        "SportsTheme"
      ],
      "rdfs:label": {
        "de": [
          "Banana Boat"
        ],
        "pt": [
          "Boia de tração"
        ],
        "en": [
          "Towable tube"
        ],
        "it": [
          "Ciambella trainata"
        ],
        "fr": [
          "Bouée tractée"
        ],
        "nl": [
          "Tubing"
        ],
        "es": [
          "Skibus náutico"
        ]
      }
    },
    {
      "@id": "kb:WaterSkiing",
      "@type": [
        "SportsTheme"
      ],
      "rdfs:label": {
        "de": [
          "Wasserski"
        ],
        "pt": [
          "Esqui náutico"
        ],
        "en": [
          "Water skiing"
        ],
        "it": [
          "Sci d'acqua"
        ],
        "fr": [
          "Ski nautique"
        ],
        "nl": [
          "Waterskiën"
        ],
        "es": [
          "Esquí acuático"
        ]
      }
    }
  ],
  "hasTranslatedProperty": [
    {
      "@id": "https://data.datatourisme.fr/72fbbb8e-28b0-3086-939c-c9bf14a6e2c2",
      "dc:contributor": [
        "https://api.deepl.com/v2/translate"
      ],
      "rdf:language": [
        "es"
      ],
      "rdf:predicate": [
        {
          "@id": "rdfs:comment"
        }
      ]
    }
  ],
  "isLocatedAt": [
    {
      "@id": "https://data.datatourisme.fr/7fb976fc-4471-3542-932f-e631a2dad6fa",
      "schema:address": [
        {
          "@id": "https://data.datatourisme.fr/ff86187b-22c3-3148-af78-437c8d25c0aa",
          "schema:addressLocality": "Porto-Vecchio",
          "schema:postalCode": "20137",
          "schema:streetAddress": [
            "Rue Henri Frenay"
          ],
          "@type": [
            "schema:PostalAddress",
            "PostalAddress"
          ],
          "hasAddressCity": {
            "@id": "kb:2A247",
            "@type": [
              "City"
            ],
            "rdfs:label": {
              "en": [
                "Porto-Vecchio"
              ],
              "fr": [
                "Porto-Vecchio"
              ]
            },
            "insee": "2A247",
            "isPartOfDepartment": {
              "@id": "kb:France942A",
              "@type": [
                "Department"
              ],
              "rdfs:label": {
                "en": [
                  "Corse-du-Sud"
                ],
                "fr": [
                  "Corse-du-Sud"
                ]
              },
              "insee": "2A",
              "isPartOfRegion": {
                "@id": "kb:France94",
                "@type": [
                  "Region"
                ],
                "rdfs:label": {
                  "en": [
                    "Corse"
                  ],
                  "fr": [
                    "Corse"
                  ]
                },
                "insee": "94",
                "isPartOfCountry": {
                  "@id": "kb:France",
                  "@type": [
                    "schema:Country"
                  ],
                  "rdfs:label": {
                    "de": [
                      "Frankreich"
                    ],
                    "pt": [
                      "França"
                    ],
                    "en": [
                      "France"
                    ],
                    "it": [
                      "Francia"
                    ],
                    "fr": [
                      "France"
                    ],
                    "nl": [
                      "Frankrijk"
                    ],
                    "es": [
                      "Francia"
                    ]
                  }
                }
              }
            }
          }
        }
      ],
      "schema:geo": {
        "@id": "https://data.datatourisme.fr/39cebc76-22a4-3135-adc4-d35166da8b63",
        "schema:latitude": "41.602759",
        "schema:longitude": "9.285702",
        "@type": [
          "schema:GeoCoordinates"
        ]
      },
      "schema:openingHoursSpecification": [
        {
          "@id": "https://data.datatourisme.fr/cdaeb6d5-53b9-387a-933b-dc6c9c2097c9",
          "schema:validFrom": "2023-05-01T00:00:00",
          "schema:validThrough": "2023-10-31T23:59:59",
          "@type": [
            "schema:OpeningHoursSpecification"
          ]
        }
      ],
      "@type": [
        "schema:Place",
        "Place"
      ]
    }
  ],
  "isOwnedBy": [
    {
      "@id": "https://data.datatourisme.fr/f5f950f9-5eec-32b4-a357-2c969ccf4068",
      "schema:email": [
        "camillef.omt@gmail.com",
        "direction@destination-sudcorse.com",
        "gestion@destination-sudcorse.com",
        "promotion@destination-sudcorse.com",
        "webmaster@destination-sudcorse.com"
      ],
      "schema:legalName": "Porto Vecchio Tourisme",
      "@type": [
        "schema:Organization",
        "foaf:Agent",
        "Agent"
      ],
      "foaf:homepage": [
        "http://www.ot-portovecchio.com/"
      ]
    }
  ],
  "lastUpdate": "2023-02-20",
  "lastUpdateDatatourisme": "2023-02-21T06:40:31.663Z",
  "offers": [
    {
      "@id": "https://data.datatourisme.fr/d4e82dce-69ab-3594-876a-53a18bad79b0",
      "schema:priceSpecification": [
        {
          "@id": "https://data.datatourisme.fr/8b1df615-119a-32b6-9bb6-9a9101185d22",
          "schema:minPrice": [
            "500"
          ],
          "schema:priceCurrency": "EUR",
          "@type": [
            "schema:PriceSpecification",
            "PriceSpecification"
          ],
          "appliesOnPeriod": [
            {
              "@id": "https://data.datatourisme.fr/0fb56521-6c16-3e76-afe0-652e585e8d25",
              "@type": [
                "Period"
              ],
              "endDate": "2023-10-31",
              "startDate": "2023-05-01"
            }
          ]
        }
      ],
      "@type": [
        "schema:Offer",
        "Offer"
      ]
    }
  ]
}