{
  "@id": "https://data.datatourisme.fr/13/95072dc7-aca4-3c63-82cc-53156cc8a171",
  "dc:identifier": "4962138",
  "@type": [
    "schema:FoodEstablishment",
    "FoodEstablishment",
    "PlaceOfInterest",
    "PointOfInterest"
  ],
  "rdfs:comment": {
    "de": [
      "Das Restaurant Les Mouettes befindet sich zwischen dem Hotel und dem Strand von Lozari. Das Lokal ist mittags und abends für die Öffentlichkeit geöffnet, Hotelgäste können von einem Halbpensionsangebot profitieren."
    ],
    "en": [
      "Restaurant Les Mouettes is located between the hotel and Losari beach.\r\nWe are open for lunch and dinner. Half-board offer is available for our  Hotel guests."
    ],
    "it": [
      "Il ristorante Les Mouettes si trova tra l'hotel e la spiaggia di Lozari; lo stabilimento è aperto al pubblico per pranzo e cena; gli ospiti dell'hotel possono usufruire di un'offerta di mezza pensione."
    ],
    "fr": [
      "Le restaurant Les Mouettes se situe entre l’hôtel et la plage de Lozari, l’établissement est ouvert au public midi et soir,  les clients de l’hôtel pourront bénéficier d’une offre en demi-pension."
    ],
    "nl": [
      "Het restaurant Les Mouettes ligt tussen het hotel en het strand van Lozari, het etablissement is open voor het publiek voor lunch en diner, hotelgasten kunnen profiteren van een halfpensionaanbieding."
    ],
    "es": [
      "El restaurante Les Mouettes está situado entre el hotel y la playa de Lozari, el establecimiento está abierto al público para el almuerzo y la cena, los huéspedes del hotel pueden disfrutar de una oferta de media pensión."
    ]
  },
  "rdfs:label": {
    "fr": [
      "Les Mouettes"
    ]
  },
  "hasBeenCreatedBy": {
    "@id": "https://data.datatourisme.fr/13/8d420fa3-5754-31f1-8199-69c88780314d",
    "dc:identifier": "1647",
    "schema:email": [
      "web@ileroussetourisme.com"
    ],
    "schema:legalName": "Office de Tourisme Intercommunal de L'Ile Rousse-Balagne",
    "@type": [
      "schema:Organization",
      "foaf:Agent",
      "Agent"
    ],
    "foaf:homepage": [
      "https://www.balagne-corsica.com/"
    ]
  },
  "hasBeenPublishedBy": [
    {
      "@id": "https://data.datatourisme.fr/8a9feb4b-2cbd-3d2c-b507-bd6c6776b23b",
      "schema:legalName": "Apidae Tourisme Scic SA - source : Apidae Tourisme",
      "@type": [
        "schema:Organization",
        "foaf:Agent",
        "Agent"
      ],
      "foaf:homepage": [
        "https://www.apidae-tourisme.com/"
      ]
    }
  ],
  "hasContact": [
    {
      "@id": "https://data.datatourisme.fr/540c1300-2979-3c56-8b47-99c002b83f77",
      "schema:email": [
        "info@hotel-lozari.com"
      ],
      "schema:telephone": [
        "+33 4 95 60 03 23"
      ],
      "@type": [
        "foaf:Agent",
        "Agent"
      ],
      "foaf:homepage": [
        "http://www.hotel-lozari.com/"
      ]
    }
  ],
  "hasDescription": [
    {
      "@id": "https://data.datatourisme.fr/bdbfb209-d471-3cfb-a3db-63bfabf356d9",
      "@type": [
        "Description"
      ],
      "hasTranslatedProperty": [
        {
          "@id": "https://data.datatourisme.fr/23269be9-85c5-3a96-b1ff-491cb18aff0d",
          "dc:contributor": [
            "https://api.deepl.com/v2/translate"
          ],
          "rdf:language": [
            "nl"
          ],
          "rdf:predicate": [
            "shortDescription"
          ]
        },
        {
          "@id": "https://data.datatourisme.fr/a5ef1154-6685-3f53-8c82-9f61a5772689",
          "dc:contributor": [
            "https://api.deepl.com/v2/translate"
          ],
          "rdf:language": [
            "it"
          ],
          "rdf:predicate": [
            "shortDescription"
          ]
        },
        {
          "@id": "https://data.datatourisme.fr/e29b297a-0dc9-380b-8703-9e98bf096cc9",
          "dc:contributor": [
            "https://api.deepl.com/v2/translate"
          ],
          "rdf:language": [
            "de"
          ],
          "rdf:predicate": [
            "shortDescription"
          ]
        },
        {
          "@id": "https://data.datatourisme.fr/e48c6b4b-5167-34df-a683-a2b3f8abbdc4",
          "dc:contributor": [
            "https://api.deepl.com/v2/translate"
          ],
          "rdf:language": [
            "es"
          ],
          "rdf:predicate": [
            "shortDescription"
          ]
        }
      ],
      "shortDescription": {
        "de": [
          "Das Restaurant Les Mouettes befindet sich zwischen dem Hotel und dem Strand von Lozari. Das Lokal ist mittags und abends für die Öffentlichkeit geöffnet, Hotelgäste können von einem Halbpensionsangebot profitieren."
        ],
        "en": [
          "Restaurant Les Mouettes is located between the hotel and Losari beach.\r\nWe are open for lunch and dinner. Half-board offer is available for our  Hotel guests."
        ],
        "it": [
          "Il ristorante Les Mouettes si trova tra l'hotel e la spiaggia di Lozari; lo stabilimento è aperto al pubblico per pranzo e cena; gli ospiti dell'hotel possono usufruire di un'offerta di mezza pensione."
        ],
        "fr": [
          "Le restaurant Les Mouettes se situe entre l’hôtel et la plage de Lozari, l’établissement est ouvert au public midi et soir,  les clients de l’hôtel pourront bénéficier d’une offre en demi-pension."
        ],
        "nl": [
          "Het restaurant Les Mouettes ligt tussen het hotel en het strand van Lozari, het etablissement is open voor het publiek voor lunch en diner, hotelgasten kunnen profiteren van een halfpensionaanbieding."
        ],
        "es": [
          "El restaurante Les Mouettes está situado entre el hotel y la playa de Lozari, el establecimiento está abierto al público para el almuerzo y la cena, los huéspedes del hotel pueden disfrutar de una oferta de media pensión."
        ]
      }
    }
  ],
  "hasTheme": [
    {
      "@id": "kb:MediterraneanCuisine",
      "@type": [
        "CuisineCategory"
      ],
      "rdfs:label": {
        "de": [
          "Mediterrane Küche"
        ],
        "pt": [
          "Cozinha mediterrânica"
        ],
        "en": [
          "Mediterranean cuisine"
        ],
        "it": [
          "Cucina mediterranea"
        ],
        "fr": [
          "Cuisine méditerranéenne"
        ],
        "nl": [
          "Mediterrane keuken"
        ],
        "es": [
          "Cocina mediterránea"
        ]
      }
    }
  ],
  "hasTranslatedProperty": [
    {
      "@id": "https://data.datatourisme.fr/00e7596f-ffce-3b3c-bee5-888787342dcd",
      "dc:contributor": [
        "https://api.deepl.com/v2/translate"
      ],
      "rdf:language": [
        "it"
      ],
      "rdf:predicate": [
        {
          "@id": "rdfs:comment"
        }
      ]
    },
    {
      "@id": "https://data.datatourisme.fr/8eff26a3-b9c1-3508-8239-b04bb128ca37",
      "dc:contributor": [
        "https://api.deepl.com/v2/translate"
      ],
      "rdf:language": [
        "es"
      ],
      "rdf:predicate": [
        {
          "@id": "rdfs:comment"
        }
      ]
    },
    {
      "@id": "https://data.datatourisme.fr/b4f4bcc5-c0ad-3a7b-b157-a5945e79de76",
      "dc:contributor": [
        "https://api.deepl.com/v2/translate"
      ],
      "rdf:language": [
        "nl"
      ],
      "rdf:predicate": [
        {
          "@id": "rdfs:comment"
        }
      ]
    },
    {
      "@id": "https://data.datatourisme.fr/ecb52db7-381e-3d4c-b06b-fd441e329abd",
      "dc:contributor": [
        "https://api.deepl.com/v2/translate"
      ],
      "rdf:language": [
        "de"
      ],
      "rdf:predicate": [
        {
          "@id": "rdfs:comment"
        }
      ]
    }
  ],
  "isLocatedAt": [
    {
      "@id": "https://data.datatourisme.fr/4c2cbb0d-4cba-3212-887f-714a2c6b32ea",
      "schema:address": [
        {
          "@id": "https://data.datatourisme.fr/e6501a4a-c74b-3329-82bc-b5a867b8886b",
          "schema:addressLocality": "Belgodère",
          "schema:postalCode": "20226",
          "schema:streetAddress": [
            "Lieu-dit Losari"
          ],
          "@type": [
            "schema:PostalAddress",
            "PostalAddress"
          ],
          "hasAddressCity": {
            "@id": "kb:2B034",
            "@type": [
              "City"
            ],
            "rdfs:label": {
              "en": [
                "Belgodère"
              ],
              "fr": [
                "Belgodère"
              ]
            },
            "insee": "2B034",
            "isPartOfDepartment": {
              "@id": "kb:France942B",
              "@type": [
                "Department"
              ],
              "rdfs:label": {
                "en": [
                  "Haute-Corse"
                ],
                "fr": [
                  "Haute-Corse"
                ]
              },
              "insee": "2B",
              "isPartOfRegion": {
                "@id": "kb:France94",
                "@type": [
                  "Region"
                ],
                "rdfs:label": {
                  "en": [
                    "Corse"
                  ],
                  "fr": [
                    "Corse"
                  ]
                },
                "insee": "94",
                "isPartOfCountry": {
                  "@id": "kb:France",
                  "@type": [
                    "schema:Country"
                  ],
                  "rdfs:label": {
                    "de": [
                      "Frankreich"
                    ],
                    "pt": [
                      "França"
                    ],
                    "en": [
                      "France"
                    ],
                    "it": [
                      "Francia"
                    ],
                    "fr": [
                      "France"
                    ],
                    "nl": [
                      "Frankrijk"
                    ],
                    "es": [
                      "Francia"
                    ]
                  }
                }
              }
            }
          }
        }
      ],
      "schema:geo": {
        "@id": "https://data.datatourisme.fr/8802e29a-be19-3ee9-ab5f-70e85a3123cc",
        "schema:latitude": "42.63629",
        "schema:longitude": "9.012802",
        "@type": [
          "schema:GeoCoordinates"
        ]
      },
      "schema:openingHoursSpecification": [
        {
          "@id": "https://data.datatourisme.fr/fe3b0c8a-e748-3c76-94b9-45a7f6e9995b",
          "schema:validFrom": "2023-04-01T00:00:00",
          "schema:validThrough": "2023-10-31T23:59:59",
          "@type": [
            "schema:OpeningHoursSpecification"
          ]
        }
      ],
      "@type": [
        "schema:Place",
        "Place"
      ]
    }
  ],
  "isOwnedBy": [
    {
      "@id": "https://data.datatourisme.fr/252af22a-253d-33df-b9d7-204832749402",
      "schema:email": [
        "web@ileroussetourisme.com"
      ],
      "schema:legalName": "Office de Tourisme Intercommunal de L'Ile Rousse-Balagne",
      "@type": [
        "schema:Organization",
        "foaf:Agent",
        "Agent"
      ],
      "foaf:homepage": [
        "https://www.balagne-corsica.com/"
      ]
    }
  ],
  "lastUpdate": "2022-04-08",
  "lastUpdateDatatourisme": "2023-02-01T18:07:36.078Z",
  "offers": [
    {
      "@id": "https://data.datatourisme.fr/c0d60cd6-9350-3738-b1ed-dc808de0190e",
      "schema:priceSpecification": [
        {
          "@id": "https://data.datatourisme.fr/be4e5d7a-dcf1-3ea1-bae3-8dc01096bd11",
          "schema:maxPrice": [
            "42"
          ],
          "schema:minPrice": [
            "12"
          ],
          "schema:priceCurrency": "EUR",
          "@type": [
            "schema:PriceSpecification",
            "PriceSpecification"
          ],
          "appliesOnPeriod": [
            {
              "@id": "https://data.datatourisme.fr/280713b3-7de2-3c13-bdc9-247f97df0fab",
              "@type": [
                "Period"
              ],
              "endDate": "2022-10-31",
              "startDate": "2022-04-01"
            }
          ]
        }
      ],
      "@type": [
        "schema:Offer",
        "Offer"
      ]
    }
  ],
  "providesCuisineOfType": [
    {
      "@id": "kb:MediterraneanCuisine",
      "@type": [
        "CuisineCategory"
      ],
      "rdfs:label": {
        "de": [
          "Mediterrane Küche"
        ],
        "pt": [
          "Cozinha mediterrânica"
        ],
        "en": [
          "Mediterranean cuisine"
        ],
        "it": [
          "Cucina mediterranea"
        ],
        "fr": [
          "Cuisine méditerranéenne"
        ],
        "nl": [
          "Mediterrane keuken"
        ],
        "es": [
          "Cocina mediterránea"
        ]
      }
    }
  ]
}