{
  "@id": "https://data.datatourisme.fr/13/03f2b051-1a14-384a-9fea-398f41680bb5",
  "dc:identifier": "4958508",
  "@type": [
    "schema:LocalBusiness",
    "ActivityProvider",
    "PlaceOfInterest",
    "PointOfInterest",
    "Store"
  ],
  "rdfs:comment": {
    "de": [
      "Entdecken Sie L'Ile-Rousse und die Balagne durch die Unterwasserwelt mit dem Tauchzentrum Beluga Diving in L'Ile-Rousse. Auf dem Programm stehen Aktivitäten für Groß und Klein, egal ob Sie Anfänger sind oder die Entdeckung der Unterwasserwelt lieben."
    ],
    "en": [
      "Discover the seabed off Balagne, with Beluga Diving, a diving center in L'Ile-Rousse. A host of activities for children and adults, from beginners to experienced underwater explorers."
    ],
    "it": [
      "Scoprite L'Ile-Rousse e la regione della Balagne attraverso il mondo sottomarino con il Beluga Diving Centre di L'Ile-Rousse. In programma, attività per grandi e piccini, che siate principianti o amanti della scoperta subacquea."
    ],
    "fr": [
      "Découvrez L'Ile-Rousse et le Balagne par les fonds sous-marins avec le Centre de plongée Beluga Diving de L'Ile-Rousse. Au programme, des activités pour les petits et les grands que vous soyez débutants ou amoureux de la découverte sous-marine."
    ],
    "nl": [
      "Ontdek L'Ile-Rousse en de Balagne via de onderwaterwereld met het Beluga Duikcentrum in L'Ile-Rousse. Op het programma staan activiteiten voor jong en oud, of je nu een beginner bent of een liefhebber van onderwaterontdekkingen."
    ],
    "es": [
      "Descubra L'Ile-Rousse y la región de Balagne a través del mundo submarino con el Centro de Buceo Beluga de L'Ile-Rousse. En el programa, actividades para jóvenes y mayores, tanto si es un principiante como un amante del descubrimiento submarino."
    ]
  },
  "rdfs:label": {
    "fr": [
      "Beluga Diving"
    ]
  },
  "hasBeenCreatedBy": {
    "@id": "https://data.datatourisme.fr/13/8d420fa3-5754-31f1-8199-69c88780314d",
    "dc:identifier": "1647",
    "schema:email": [
      "web@ileroussetourisme.com"
    ],
    "schema:legalName": "Office de Tourisme Intercommunal de L'Ile Rousse-Balagne",
    "@type": [
      "schema:Organization",
      "foaf:Agent",
      "Agent"
    ],
    "foaf:homepage": [
      "https://www.balagne-corsica.com/"
    ]
  },
  "hasBeenPublishedBy": [
    {
      "@id": "https://data.datatourisme.fr/8a9feb4b-2cbd-3d2c-b507-bd6c6776b23b",
      "schema:legalName": "Apidae Tourisme Scic SA - source : Apidae Tourisme",
      "@type": [
        "schema:Organization",
        "foaf:Agent",
        "Agent"
      ],
      "foaf:homepage": [
        "https://www.apidae-tourisme.com/"
      ]
    }
  ],
  "hasContact": [
    {
      "@id": "https://data.datatourisme.fr/6d6a47ce-5fcb-37b5-b2a9-e35117f097a0",
      "schema:email": [
        "info@beluga-diving.com"
      ],
      "schema:telephone": [
        "+33 6 82 04 95 10"
      ],
      "@type": [
        "foaf:Agent",
        "Agent"
      ],
      "foaf:homepage": [
        "http://www.beluga-diving.com/"
      ]
    }
  ],
  "hasDescription": [
    {
      "@id": "https://data.datatourisme.fr/0a631abe-0f3b-33ad-ade3-7dfada72deb2",
      "@type": [
        "Description"
      ],
      "hasTranslatedProperty": [
        {
          "@id": "https://data.datatourisme.fr/6cfb2541-bfa2-3798-867e-1e8685e2d956",
          "dc:contributor": [
            "https://api.deepl.com/v2/translate"
          ],
          "rdf:language": [
            "nl"
          ],
          "rdf:predicate": [
            "shortDescription"
          ]
        },
        {
          "@id": "https://data.datatourisme.fr/8e61ea2f-1409-3344-b0f2-604be2ad1b77",
          "dc:contributor": [
            "https://api.deepl.com/v2/translate"
          ],
          "rdf:language": [
            "es"
          ],
          "rdf:predicate": [
            "shortDescription"
          ]
        },
        {
          "@id": "https://data.datatourisme.fr/f7c6b403-867d-367f-b6a1-8b4e882366ca",
          "dc:contributor": [
            "https://api.deepl.com/v2/translate"
          ],
          "rdf:language": [
            "de"
          ],
          "rdf:predicate": [
            "shortDescription"
          ]
        }
      ],
      "shortDescription": {
        "de": [
          "Entdecken Sie L'Ile-Rousse und die Balagne durch die Unterwasserwelt mit dem Tauchzentrum Beluga Diving in L'Ile-Rousse. Auf dem Programm stehen Aktivitäten für Groß und Klein, egal ob Sie Anfänger sind oder die Entdeckung der Unterwasserwelt lieben."
        ],
        "en": [
          "Discover the seabed off Balagne, with Beluga Diving, a diving center in L'Ile-Rousse. A host of activities for children and adults, from beginners to experienced underwater explorers."
        ],
        "it": [
          "Scoprite L'Ile-Rousse e la regione della Balagne attraverso il mondo sottomarino con il Beluga Diving Centre di L'Ile-Rousse. In programma, attività per grandi e piccini, che siate principianti o amanti della scoperta subacquea."
        ],
        "fr": [
          "Découvrez L'Ile-Rousse et le Balagne par les fonds sous-marins avec le Centre de plongée Beluga Diving de L'Ile-Rousse. Au programme, des activités pour les petits et les grands que vous soyez débutants ou amoureux de la découverte sous-marine."
        ],
        "nl": [
          "Ontdek L'Ile-Rousse en de Balagne via de onderwaterwereld met het Beluga Duikcentrum in L'Ile-Rousse. Op het programma staan activiteiten voor jong en oud, of je nu een beginner bent of een liefhebber van onderwaterontdekkingen."
        ],
        "es": [
          "Descubra L'Ile-Rousse y la región de Balagne a través del mundo submarino con el Centro de Buceo Beluga de L'Ile-Rousse. En el programa, actividades para jóvenes y mayores, tanto si es un principiante como un amante del descubrimiento submarino."
        ]
      }
    }
  ],
  "hasTheme": [
    {
      "@id": "kb:Diving",
      "@type": [
        "SportsTheme"
      ],
      "rdfs:label": {
        "de": [
          "Tauchen"
        ],
        "pt": [
          "Mergulho"
        ],
        "en": [
          "Diving"
        ],
        "it": [
          "Immersione"
        ],
        "fr": [
          "Plongée"
        ],
        "nl": [
          "Duiken"
        ],
        "es": [
          "Buceo"
        ]
      }
    },
    {
      "@id": "kb:Snorkeling",
      "@type": [
        "SportsTheme"
      ],
      "rdfs:label": {
        "de": [
          "Schnorcheln"
        ],
        "pt": [
          "Snorkling"
        ],
        "en": [
          "Snorkeling"
        ],
        "it": [
          "Snorkeling"
        ],
        "fr": [
          "Randonnée palmée"
        ],
        "nl": [
          "Snorkelen"
        ],
        "es": [
          "Esnórquel"
        ]
      }
    }
  ],
  "hasTranslatedProperty": [
    {
      "@id": "https://data.datatourisme.fr/0e83eee0-04f4-387f-9508-a3f780845319",
      "dc:contributor": [
        "https://api.deepl.com/v2/translate"
      ],
      "rdf:language": [
        "es"
      ],
      "rdf:predicate": [
        {
          "@id": "rdfs:comment"
        }
      ]
    },
    {
      "@id": "https://data.datatourisme.fr/9b52a71f-c488-3ff6-b9e5-f98937cdd623",
      "dc:contributor": [
        "https://api.deepl.com/v2/translate"
      ],
      "rdf:language": [
        "nl"
      ],
      "rdf:predicate": [
        {
          "@id": "rdfs:comment"
        }
      ]
    },
    {
      "@id": "https://data.datatourisme.fr/a3d4320f-8aa6-3bad-8099-ddc670ff6346",
      "dc:contributor": [
        "https://api.deepl.com/v2/translate"
      ],
      "rdf:language": [
        "de"
      ],
      "rdf:predicate": [
        {
          "@id": "rdfs:comment"
        }
      ]
    }
  ],
  "isLocatedAt": [
    {
      "@id": "https://data.datatourisme.fr/c43514d8-a0d8-30fc-80c3-c9c90b7038d9",
      "schema:address": [
        {
          "@id": "https://data.datatourisme.fr/2e582020-4a75-3114-92b9-3560a9e4ff66",
          "schema:addressLocality": "L'Île-Rousse",
          "schema:postalCode": "20220",
          "schema:streetAddress": [
            "Port de plaisance"
          ],
          "@type": [
            "schema:PostalAddress",
            "PostalAddress"
          ],
          "hasAddressCity": {
            "@id": "kb:2B134",
            "@type": [
              "City"
            ],
            "rdfs:label": {
              "en": [
                "L'Île-Rousse"
              ],
              "fr": [
                "L'Île-Rousse"
              ]
            },
            "insee": "2B134",
            "isPartOfDepartment": {
              "@id": "kb:France942B",
              "@type": [
                "Department"
              ],
              "rdfs:label": {
                "en": [
                  "Haute-Corse"
                ],
                "fr": [
                  "Haute-Corse"
                ]
              },
              "insee": "2B",
              "isPartOfRegion": {
                "@id": "kb:France94",
                "@type": [
                  "Region"
                ],
                "rdfs:label": {
                  "en": [
                    "Corse"
                  ],
                  "fr": [
                    "Corse"
                  ]
                },
                "insee": "94",
                "isPartOfCountry": {
                  "@id": "kb:France",
                  "@type": [
                    "schema:Country"
                  ],
                  "rdfs:label": {
                    "de": [
                      "Frankreich"
                    ],
                    "pt": [
                      "França"
                    ],
                    "en": [
                      "France"
                    ],
                    "it": [
                      "Francia"
                    ],
                    "fr": [
                      "France"
                    ],
                    "nl": [
                      "Frankrijk"
                    ],
                    "es": [
                      "Francia"
                    ]
                  }
                }
              }
            }
          }
        }
      ],
      "schema:geo": {
        "@id": "https://data.datatourisme.fr/1e286546-d21c-31bb-9935-3020ca84cb57",
        "schema:latitude": "42.640551",
        "schema:longitude": "8.935447",
        "@type": [
          "schema:GeoCoordinates"
        ]
      },
      "schema:openingHoursSpecification": [
        {
          "@id": "https://data.datatourisme.fr/f87e535a-636d-3343-ad63-8a03392e7511",
          "schema:validFrom": "2023-01-01T00:00:00",
          "schema:validThrough": "2023-12-31T23:59:59",
          "@type": [
            "schema:OpeningHoursSpecification"
          ]
        }
      ],
      "@type": [
        "schema:Place",
        "Place"
      ]
    }
  ],
  "isOwnedBy": [
    {
      "@id": "https://data.datatourisme.fr/252af22a-253d-33df-b9d7-204832749402",
      "schema:email": [
        "web@ileroussetourisme.com"
      ],
      "schema:legalName": "Office de Tourisme Intercommunal de L'Ile Rousse-Balagne",
      "@type": [
        "schema:Organization",
        "foaf:Agent",
        "Agent"
      ],
      "foaf:homepage": [
        "https://www.balagne-corsica.com/"
      ]
    }
  ],
  "lastUpdate": "2022-07-11",
  "lastUpdateDatatourisme": "2023-02-11T06:38:48.99Z"
}