{
  "@id": "https://data.datatourisme.fr/13/4eae1256-9899-3050-b71f-c0b4b8b6eb1a",
  "dc:identifier": "6447247",
  "@type": [
    "schema:Accommodation",
    "schema:LodgingBusiness",
    "Accommodation",
    "Camping",
    "CampingAndCaravanning",
    "PlaceOfInterest",
    "PointOfInterest"
  ],
  "rdfs:comment": {
    "de": [
      "Nur wenige Minuten von Porto-Vecchio und den Stränden von Saint-Cyprien und Cala Rossa entfernt, am Fuße der Alta Rocca gelegen und mit einem herrlichen Blick auf die Berge, bietet Ihnen der Campingplatz den Komfort eines 4*-Hotels in Form von Mobilheimen für 2, 4 oder 6 Personen."
    ],
    "en": [
      "At a few minutes from Porto-Vecchio near the beaches of Saint-Cyprien and Cala Rossa, located at the foot of the Alta Rocca with a magnificent mountain view, the campsite offers all the comforts of a 4* mobile homes for 2, 4 or 6 people."
    ],
    "it": [
      "A pochi minuti da Porto-Vecchio o dalle spiagge di Saint-Cyprien e Cala Rossa, situato ai piedi dell'Alta Rocca con una magnifica vista sulle montagne, il campeggio vi offre tutto il comfort di una casa mobile 4* per 2, 4 o 6 persone."
    ],
    "fr": [
      "À quelques minutes de Porto-Vecchio où des plages de Saint-Cyprien et Cala Rossa, situé au pied de l'Alta Rocca avec une magnifique vue sur la montagne, le camping vous propose tout le confort d'un 4* en formule mobiles homes pour 2,4 ou 6 personnes."
    ],
    "nl": [
      "Op enkele minuten van Porto-Vecchio of de stranden van Saint-Cyprien en Cala Rossa, gelegen aan de voet van de Alta Rocca met een prachtig uitzicht op de bergen, biedt de camping u al het comfort van een 4*-stacaravan voor 2, 4 of 6 personen."
    ],
    "es": [
      "A pocos minutos de Porto-Vecchio o de las playas de Saint-Cyprien y Cala Rossa, situado al pie de la Alta Rocca con una magnífica vista de las montañas, el camping le ofrece todo el confort de una casa móvil 4* para 2, 4 ó 6 personas."
    ]
  },
  "rdfs:label": {
    "fr": [
      "Camping Porto-Vecchio"
    ]
  },
  "hasBeenCreatedBy": {
    "@id": "https://data.datatourisme.fr/13/84c6494d-3085-3c63-a55c-db8cb047fadd",
    "dc:identifier": "1738",
    "schema:email": [
      "camillef.omt@gmail.com",
      "direction@destination-sudcorse.com",
      "gestion@destination-sudcorse.com",
      "promotion@destination-sudcorse.com",
      "webmaster@destination-sudcorse.com"
    ],
    "schema:legalName": "Porto Vecchio Tourisme",
    "@type": [
      "schema:Organization",
      "foaf:Agent",
      "Agent"
    ],
    "foaf:homepage": [
      "http://www.ot-portovecchio.com/"
    ]
  },
  "hasBeenPublishedBy": [
    {
      "@id": "https://data.datatourisme.fr/8a9feb4b-2cbd-3d2c-b507-bd6c6776b23b",
      "schema:legalName": "Apidae Tourisme Scic SA - source : Apidae Tourisme",
      "@type": [
        "schema:Organization",
        "foaf:Agent",
        "Agent"
      ],
      "foaf:homepage": [
        "https://www.apidae-tourisme.com/"
      ]
    }
  ],
  "hasContact": [
    {
      "@id": "https://data.datatourisme.fr/0059da53-8eed-34cb-9601-7bc655bb8ead",
      "schema:email": [
        "contact@camping-porto-vecchio.com"
      ],
      "schema:telephone": [
        "+33 4 95 21 45 66",
        "+33 6 03 36 57 36"
      ],
      "@type": [
        "foaf:Agent",
        "Agent"
      ],
      "foaf:homepage": [
        "https://camping-porto-vecchio.com/"
      ]
    }
  ],
  "hasDescription": [
    {
      "@id": "https://data.datatourisme.fr/a21d97f2-3c9e-37dc-a4a7-2f7e9a624156",
      "@type": [
        "Description"
      ],
      "hasTranslatedProperty": [
        {
          "@id": "https://data.datatourisme.fr/329fb4ad-231e-31d1-9e2a-9827c85a3f0f",
          "dc:contributor": [
            "https://api.deepl.com/v2/translate"
          ],
          "rdf:language": [
            "es"
          ],
          "rdf:predicate": [
            "shortDescription"
          ]
        }
      ],
      "shortDescription": {
        "de": [
          "Nur wenige Minuten von Porto-Vecchio und den Stränden von Saint-Cyprien und Cala Rossa entfernt, am Fuße der Alta Rocca gelegen und mit einem herrlichen Blick auf die Berge, bietet Ihnen der Campingplatz den Komfort eines 4*-Hotels in Form von Mobilheimen für 2, 4 oder 6 Personen."
        ],
        "en": [
          "At a few minutes from Porto-Vecchio near the beaches of Saint-Cyprien and Cala Rossa, located at the foot of the Alta Rocca with a magnificent mountain view, the campsite offers all the comforts of a 4* mobile homes for 2, 4 or 6 people."
        ],
        "it": [
          "A pochi minuti da Porto-Vecchio o dalle spiagge di Saint-Cyprien e Cala Rossa, situato ai piedi dell'Alta Rocca con una magnifica vista sulle montagne, il campeggio vi offre tutto il comfort di una casa mobile 4* per 2, 4 o 6 persone."
        ],
        "fr": [
          "À quelques minutes de Porto-Vecchio où des plages de Saint-Cyprien et Cala Rossa, situé au pied de l'Alta Rocca avec une magnifique vue sur la montagne, le camping vous propose tout le confort d'un 4* en formule mobiles homes pour 2,4 ou 6 personnes."
        ],
        "nl": [
          "Op enkele minuten van Porto-Vecchio of de stranden van Saint-Cyprien en Cala Rossa, gelegen aan de voet van de Alta Rocca met een prachtig uitzicht op de bergen, biedt de camping u al het comfort van een 4*-stacaravan voor 2, 4 of 6 personen."
        ],
        "es": [
          "A pocos minutos de Porto-Vecchio o de las playas de Saint-Cyprien y Cala Rossa, situado al pie de la Alta Rocca con una magnífica vista de las montañas, el camping le ofrece todo el confort de una casa móvil 4* para 2, 4 ó 6 personas."
        ]
      }
    }
  ],
  "hasTranslatedProperty": [
    {
      "@id": "https://data.datatourisme.fr/3d560c80-b688-3be8-95dc-7b22a3964034",
      "dc:contributor": [
        "https://api.deepl.com/v2/translate"
      ],
      "rdf:language": [
        "es"
      ],
      "rdf:predicate": [
        {
          "@id": "rdfs:comment"
        }
      ]
    }
  ],
  "isLocatedAt": [
    {
      "@id": "https://data.datatourisme.fr/add84068-4d6d-30fe-84e9-f407c47e1376",
      "schema:address": [
        {
          "@id": "https://data.datatourisme.fr/57cd229d-6aa0-36ce-a070-b1b6c03dfaac",
          "schema:addressLocality": "San-Gavino-di-Carbini",
          "schema:postalCode": "20170",
          "schema:streetAddress": [
            "Hameau de Cupulatta"
          ],
          "@type": [
            "schema:PostalAddress",
            "PostalAddress"
          ],
          "hasAddressCity": {
            "@id": "kb:2A300",
            "@type": [
              "City"
            ],
            "rdfs:label": {
              "en": [
                "San-Gavino-di-Carbini"
              ],
              "fr": [
                "San-Gavino-di-Carbini"
              ]
            },
            "insee": "2A300",
            "isPartOfDepartment": {
              "@id": "kb:France942A",
              "@type": [
                "Department"
              ],
              "rdfs:label": {
                "en": [
                  "Corse-du-Sud"
                ],
                "fr": [
                  "Corse-du-Sud"
                ]
              },
              "insee": "2A",
              "isPartOfRegion": {
                "@id": "kb:France94",
                "@type": [
                  "Region"
                ],
                "rdfs:label": {
                  "en": [
                    "Corse"
                  ],
                  "fr": [
                    "Corse"
                  ]
                },
                "insee": "94",
                "isPartOfCountry": {
                  "@id": "kb:France",
                  "@type": [
                    "schema:Country"
                  ],
                  "rdfs:label": {
                    "de": [
                      "Frankreich"
                    ],
                    "pt": [
                      "França"
                    ],
                    "en": [
                      "France"
                    ],
                    "it": [
                      "Francia"
                    ],
                    "fr": [
                      "France"
                    ],
                    "nl": [
                      "Frankrijk"
                    ],
                    "es": [
                      "Francia"
                    ]
                  }
                }
              }
            }
          }
        }
      ],
      "schema:geo": {
        "@id": "https://data.datatourisme.fr/561e3669-5313-3075-a327-86d887f02503",
        "schema:latitude": "41.646",
        "schema:longitude": "9.2934",
        "@type": [
          "schema:GeoCoordinates"
        ]
      },
      "schema:openingHoursSpecification": [
        {
          "@id": "https://data.datatourisme.fr/1fdec5a8-88d9-3307-aa25-dd130d1eb353",
          "schema:validFrom": "2023-04-09T00:00:00",
          "schema:validThrough": "2023-09-30T23:59:59",
          "@type": [
            "schema:OpeningHoursSpecification"
          ],
          "additionalInformation": {
            "de": [
              "24 Stunden am Tag geöffnet."
            ],
            "en": [
              "Open 24 hours a day."
            ],
            "it": [
              "Aperto 24 ore su 24."
            ],
            "fr": [
              "Ouvert 24h/24."
            ],
            "es": [
              "Abierto las 24 horas."
            ],
            "nl": [
              "24 uur open."
            ]
          },
          "hasTranslatedProperty": [
            {
              "@id": "https://data.datatourisme.fr/0bb62582-7532-3f95-bfd9-5afb1aa0789f",
              "dc:contributor": [
                "https://api.deepl.com/v2/translate"
              ],
              "rdf:language": [
                "it"
              ],
              "rdf:predicate": [
                "additionalInformation"
              ]
            },
            {
              "@id": "https://data.datatourisme.fr/46de6825-5378-3215-a1e4-0258b37ebf53",
              "dc:contributor": [
                "https://api.deepl.com/v2/translate"
              ],
              "rdf:language": [
                "es"
              ],
              "rdf:predicate": [
                "additionalInformation"
              ]
            },
            {
              "@id": "https://data.datatourisme.fr/4d109ecc-c434-3a1f-aeb7-36840b44606c",
              "dc:contributor": [
                "https://api.deepl.com/v2/translate"
              ],
              "rdf:language": [
                "de"
              ],
              "rdf:predicate": [
                "additionalInformation"
              ]
            },
            {
              "@id": "https://data.datatourisme.fr/98b89a8e-1933-3111-8bf9-564bf39ac572",
              "dc:contributor": [
                "https://api.deepl.com/v2/translate"
              ],
              "rdf:language": [
                "en"
              ],
              "rdf:predicate": [
                "additionalInformation"
              ]
            },
            {
              "@id": "https://data.datatourisme.fr/eccd7e3a-a52d-3edd-aa0d-3e6fa7e88ab6",
              "dc:contributor": [
                "https://api.deepl.com/v2/translate"
              ],
              "rdf:language": [
                "nl"
              ],
              "rdf:predicate": [
                "additionalInformation"
              ]
            }
          ]
        }
      ],
      "@type": [
        "schema:Place",
        "Place"
      ]
    }
  ],
  "isOwnedBy": [
    {
      "@id": "https://data.datatourisme.fr/f5f950f9-5eec-32b4-a357-2c969ccf4068",
      "schema:email": [
        "camillef.omt@gmail.com",
        "direction@destination-sudcorse.com",
        "gestion@destination-sudcorse.com",
        "promotion@destination-sudcorse.com",
        "webmaster@destination-sudcorse.com"
      ],
      "schema:legalName": "Porto Vecchio Tourisme",
      "@type": [
        "schema:Organization",
        "foaf:Agent",
        "Agent"
      ],
      "foaf:homepage": [
        "http://www.ot-portovecchio.com/"
      ]
    }
  ],
  "lastUpdate": "2023-04-03",
  "lastUpdateDatatourisme": "2023-04-04T05:52:39.352Z",
  "offers": [
    {
      "@id": "https://data.datatourisme.fr/625c47e4-acdc-36fd-9676-8d4e9b2c44e6",
      "schema:priceSpecification": [
        {
          "@id": "https://data.datatourisme.fr/63ee2050-5f3e-302a-a7ff-060d978e4acf",
          "schema:maxPrice": [
            "1818"
          ],
          "schema:minPrice": [
            "345"
          ],
          "schema:priceCurrency": "EUR",
          "@type": [
            "schema:PriceSpecification",
            "PriceSpecification"
          ],
          "appliesOnPeriod": [
            {
              "@id": "https://data.datatourisme.fr/693dec40-4146-31bd-861d-ffd7ac2ad4ba",
              "@type": [
                "Period"
              ],
              "endDate": "2023-09-30",
              "startDate": "2023-04-09"
            }
          ]
        }
      ],
      "@type": [
        "schema:Offer",
        "Offer"
      ]
    }
  ]
}