{
  "@id": "https://data.datatourisme.fr/13/4eb5186f-74f3-3b02-9c7b-a15a3f7e1add",
  "dc:identifier": "4995559",
  "@type": [
    "schema:LocalBusiness",
    "CraftsmanShop",
    "PlaceOfInterest",
    "PointOfInterest",
    "Store"
  ],
  "rdfs:comment": {
    "de": [
      "Lernen Sie Martine kennen und schaffen Sie gemeinsam mit ihr Erinnerungen an einen Aufenthalt, der genauso einzigartig ist wie ihre Kreationen. Sie werden die Arbeit mit Treibholz und die magische Art, dem Material neues Leben einzuhauchen, kennenlernen. Was die Natur gibt ... gestaltet sie neu!"
    ],
    "en": [
      "Come and meet Martine and create together your memories of a unique stay just like her creations. You will discover the work of driftwood and the magical way to give life to the material. What nature gives, she reshapes!"
    ],
    "it": [
      "Venite a conoscere Martine e create insieme i vostri ricordi di un soggiorno unico, proprio come le sue creazioni. Scoprirete la lavorazione dei legni alla deriva e il modo magico di dare vita al materiale. Ciò che la natura dà, lei lo rimodella!"
    ],
    "fr": [
      "Venez à la rencontre de Martine et créez ensemble vos souvenirs d'un séjour unique tout comme ses créations. Vous découvrirez le travail du bois flotté et la manière magique de redonner vie à la matière. Ce que la nature donne... elle le refaçonne !"
    ],
    "es": [
      "Venga a conocer a Martine y a crear juntos sus recuerdos de una estancia única al igual que sus creaciones. Descubrirá el trabajo de la madera flotante y la forma mágica de dar vida a la materia. Lo que la naturaleza da... ¡ella lo remodela!"
    ],
    "nl": [
      "Kom Martine ontmoeten en maak samen uw herinneringen aan een uniek verblijf, net als haar creaties. U ontdekt het werk van drijfhout en de magische manier om leven te geven aan het materiaal. Wat de natuur geeft... geeft zij opnieuw vorm!"
    ]
  },
  "rdfs:label": {
    "en": [
      "2nde Vie Creation"
    ],
    "it": [
      "2nde Vie Creazione"
    ],
    "fr": [
      "2nde Vie Création"
    ]
  },
  "hasBeenCreatedBy": {
    "@id": "https://data.datatourisme.fr/13/e4873aa9-a05c-35ed-8395-61d121516766",
    "dc:identifier": "1646",
    "schema:email": [
      "info@balagne-corsica.com"
    ],
    "schema:legalName": "Office de Tourisme Intercommunal Calvi - Balagne",
    "@type": [
      "schema:Organization",
      "foaf:Agent",
      "Agent"
    ],
    "foaf:homepage": [
      "https://www.balagne-corsica.com/"
    ]
  },
  "hasBeenPublishedBy": [
    {
      "@id": "https://data.datatourisme.fr/8a9feb4b-2cbd-3d2c-b507-bd6c6776b23b",
      "schema:legalName": "Apidae Tourisme Scic SA - source : Apidae Tourisme",
      "@type": [
        "schema:Organization",
        "foaf:Agent",
        "Agent"
      ],
      "foaf:homepage": [
        "https://www.apidae-tourisme.com/"
      ]
    }
  ],
  "hasContact": [
    {
      "@id": "https://data.datatourisme.fr/1509468b-34b1-3d7c-93ad-9ed05ab92877",
      "schema:email": [
        "martyms@hotmail.fr"
      ],
      "schema:telephone": [
        "+33 6 89 55 41 64"
      ],
      "@type": [
        "foaf:Agent",
        "Agent"
      ],
      "foaf:homepage": [
        "http://routedesartisans.fr/artisan-dart/martine-sanchez"
      ]
    }
  ],
  "hasDescription": [
    {
      "@id": "https://data.datatourisme.fr/2a8847f7-7ec7-38de-b30a-df590eaae541",
      "@type": [
        "Description"
      ],
      "hasTranslatedProperty": [
        {
          "@id": "https://data.datatourisme.fr/027cbb17-40a0-37d3-8e39-fdb85a2f7940",
          "dc:contributor": [
            "https://api.deepl.com/v2/translate"
          ],
          "rdf:language": [
            "nl"
          ],
          "rdf:predicate": [
            "shortDescription"
          ]
        },
        {
          "@id": "https://data.datatourisme.fr/5df989f7-e88c-3008-a084-3389af959ea0",
          "dc:contributor": [
            "https://api.deepl.com/v2/translate"
          ],
          "rdf:language": [
            "es"
          ],
          "rdf:predicate": [
            "shortDescription"
          ]
        },
        {
          "@id": "https://data.datatourisme.fr/ec7c8643-9bc5-330b-9794-c7757a782278",
          "dc:contributor": [
            "https://api.deepl.com/v2/translate"
          ],
          "rdf:language": [
            "de"
          ],
          "rdf:predicate": [
            "shortDescription"
          ]
        }
      ],
      "shortDescription": {
        "de": [
          "Lernen Sie Martine kennen und schaffen Sie gemeinsam mit ihr Erinnerungen an einen Aufenthalt, der genauso einzigartig ist wie ihre Kreationen. Sie werden die Arbeit mit Treibholz und die magische Art, dem Material neues Leben einzuhauchen, kennenlernen. Was die Natur gibt ... gestaltet sie neu!"
        ],
        "en": [
          "Come and meet Martine and create together your memories of a unique stay just like her creations. You will discover the work of driftwood and the magical way to give life to the material. What nature gives, she reshapes!"
        ],
        "it": [
          "Venite a conoscere Martine e create insieme i vostri ricordi di un soggiorno unico, proprio come le sue creazioni. Scoprirete la lavorazione dei legni alla deriva e il modo magico di dare vita al materiale. Ciò che la natura dà, lei lo rimodella!"
        ],
        "fr": [
          "Venez à la rencontre de Martine et créez ensemble vos souvenirs d'un séjour unique tout comme ses créations. Vous découvrirez le travail du bois flotté et la manière magique de redonner vie à la matière. Ce que la nature donne... elle le refaçonne !"
        ],
        "es": [
          "Venga a conocer a Martine y a crear juntos sus recuerdos de una estancia única al igual que sus creaciones. Descubrirá el trabajo de la madera flotante y la forma mágica de dar vida a la materia. Lo que la naturaleza da... ¡ella lo remodela!"
        ],
        "nl": [
          "Kom Martine ontmoeten en maak samen uw herinneringen aan een uniek verblijf, net als haar creaties. U ontdekt het werk van drijfhout en de magische manier om leven te geven aan het materiaal. Wat de natuur geeft... geeft zij opnieuw vorm!"
        ]
      }
    }
  ],
  "hasTranslatedProperty": [
    {
      "@id": "https://data.datatourisme.fr/1e5343eb-22bf-3749-8298-d079997377f3",
      "dc:contributor": [
        "https://api.deepl.com/v2/translate"
      ],
      "rdf:language": [
        "nl"
      ],
      "rdf:predicate": [
        {
          "@id": "rdfs:comment"
        }
      ]
    },
    {
      "@id": "https://data.datatourisme.fr/77ca7009-aa9e-3702-9fd0-b0785423eade",
      "dc:contributor": [
        "https://api.deepl.com/v2/translate"
      ],
      "rdf:language": [
        "de"
      ],
      "rdf:predicate": [
        {
          "@id": "rdfs:comment"
        }
      ]
    },
    {
      "@id": "https://data.datatourisme.fr/cd66ded2-8425-399b-acb7-0529331c0efd",
      "dc:contributor": [
        "https://api.deepl.com/v2/translate"
      ],
      "rdf:language": [
        "es"
      ],
      "rdf:predicate": [
        {
          "@id": "rdfs:comment"
        }
      ]
    }
  ],
  "isLocatedAt": [
    {
      "@id": "https://data.datatourisme.fr/d85b7650-5840-3adc-a3d8-0c4e9690741a",
      "schema:address": [
        {
          "@id": "https://data.datatourisme.fr/9443a1a8-0b0e-3a8e-8b91-dade7346cf39",
          "schema:addressLocality": "Calvi",
          "schema:postalCode": "20260",
          "schema:streetAddress": [
            "Citadelle de calvi",
            "Storia d'Artigiani"
          ],
          "@type": [
            "schema:PostalAddress",
            "PostalAddress"
          ],
          "hasAddressCity": {
            "@id": "kb:2B050",
            "@type": [
              "City"
            ],
            "rdfs:label": {
              "en": [
                "Calvi"
              ],
              "fr": [
                "Calvi"
              ]
            },
            "insee": "2B050",
            "isPartOfDepartment": {
              "@id": "kb:France942B",
              "@type": [
                "Department"
              ],
              "rdfs:label": {
                "en": [
                  "Haute-Corse"
                ],
                "fr": [
                  "Haute-Corse"
                ]
              },
              "insee": "2B",
              "isPartOfRegion": {
                "@id": "kb:France94",
                "@type": [
                  "Region"
                ],
                "rdfs:label": {
                  "en": [
                    "Corse"
                  ],
                  "fr": [
                    "Corse"
                  ]
                },
                "insee": "94",
                "isPartOfCountry": {
                  "@id": "kb:France",
                  "@type": [
                    "schema:Country"
                  ],
                  "rdfs:label": {
                    "de": [
                      "Frankreich"
                    ],
                    "pt": [
                      "França"
                    ],
                    "en": [
                      "France"
                    ],
                    "it": [
                      "Francia"
                    ],
                    "fr": [
                      "France"
                    ],
                    "nl": [
                      "Frankrijk"
                    ],
                    "es": [
                      "Francia"
                    ]
                  }
                }
              }
            }
          }
        }
      ],
      "schema:geo": {
        "@id": "https://data.datatourisme.fr/7ecf275c-778b-3aa0-b669-844bf940a8c1",
        "schema:latitude": "42.567538",
        "schema:longitude": "8.759561",
        "@type": [
          "schema:GeoCoordinates"
        ]
      },
      "schema:openingHoursSpecification": [
        {
          "@id": "https://data.datatourisme.fr/e5e0289b-dd8a-35f2-bd1d-5b3aaf10ed25",
          "schema:validFrom": "2023-04-01T00:00:00",
          "schema:validThrough": "2023-12-31T23:59:59",
          "@type": [
            "schema:OpeningHoursSpecification"
          ],
          "additionalInformation": {
            "de": [
              "Nur auf RDV geöffnet."
            ],
            "en": [
              "Open by appointment only."
            ],
            "it": [
              "Aperto solo su appuntamento."
            ],
            "fr": [
              "Ouvert uniquement sur RDV."
            ],
            "nl": [
              "Alleen open op afspraak."
            ],
            "es": [
              "Abierto sólo con cita previa."
            ]
          },
          "hasTranslatedProperty": [
            {
              "@id": "https://data.datatourisme.fr/35581a00-8020-3981-9d2e-dedce3b7347c",
              "dc:contributor": [
                "https://api.deepl.com/v2/translate"
              ],
              "rdf:language": [
                "de"
              ],
              "rdf:predicate": [
                "additionalInformation"
              ]
            },
            {
              "@id": "https://data.datatourisme.fr/5f26229c-4b23-3e2c-868d-4d796dadadf0",
              "dc:contributor": [
                "https://api.deepl.com/v2/translate"
              ],
              "rdf:language": [
                "en"
              ],
              "rdf:predicate": [
                "additionalInformation"
              ]
            },
            {
              "@id": "https://data.datatourisme.fr/90415b83-64de-30ca-9874-3cf1abe1f9d0",
              "dc:contributor": [
                "https://api.deepl.com/v2/translate"
              ],
              "rdf:language": [
                "es"
              ],
              "rdf:predicate": [
                "additionalInformation"
              ]
            },
            {
              "@id": "https://data.datatourisme.fr/9cb5703b-4098-3783-86fd-bfc0194e7e8a",
              "dc:contributor": [
                "https://api.deepl.com/v2/translate"
              ],
              "rdf:language": [
                "it"
              ],
              "rdf:predicate": [
                "additionalInformation"
              ]
            },
            {
              "@id": "https://data.datatourisme.fr/b5251523-0479-3668-a0a0-3381b89ab16d",
              "dc:contributor": [
                "https://api.deepl.com/v2/translate"
              ],
              "rdf:language": [
                "nl"
              ],
              "rdf:predicate": [
                "additionalInformation"
              ]
            }
          ]
        }
      ],
      "@type": [
        "schema:Place",
        "Place"
      ]
    }
  ],
  "isOwnedBy": [
    {
      "@id": "https://data.datatourisme.fr/194c52e6-bbae-33dc-8464-caca97844fbb",
      "schema:email": [
        "info@balagne-corsica.com"
      ],
      "schema:legalName": "Office de Tourisme Intercommunal Calvi - Balagne",
      "@type": [
        "schema:Organization",
        "foaf:Agent",
        "Agent"
      ],
      "foaf:homepage": [
        "https://www.balagne-corsica.com/"
      ]
    }
  ],
  "lastUpdate": "2023-03-30",
  "lastUpdateDatatourisme": "2023-03-31T05:53:50.123Z"
}