{
  "@id": "https://data.datatourisme.fr/13/4e71abad-a5a5-3d60-899f-dc433e25b2af",
  "dc:identifier": "5239087",
  "@type": [
    "schema:FoodEstablishment",
    "FoodEstablishment",
    "PlaceOfInterest",
    "PointOfInterest"
  ],
  "rdfs:comment": {
    "de": [
      "Ein Lebensmittelgeschäft mit traditionellen korsischen Produkten, ein renommiertes traditionelles Restaurant, eine außergewöhnliche Weinbar, ein Catering-Service zum Mitnehmen oder Liefern."
    ],
    "en": [
      "A grocery store of traditional Corsican products, a renowned traditional restaurant, an exceptional wine bar, a catering service to take away or deliver."
    ],
    "it": [
      "Un negozio di alimentari di prodotti tradizionali della Corsica, un rinomato ristorante tradizionale, un'enoteca d'eccezione, un servizio di catering da asporto o da consegnare."
    ],
    "fr": [
      "Épicerie de produits corses artisanaux, restaurant traditionnel reconnu, bar à vin d'exception, service traiteur. Plats préparés à base de produits frais fermiers maison : cabri de lait rôti, tartare de veau corse, cochon de lait farci, desserts maison…"
    ],
    "es": [
      "Tienda de comestibles con productos tradicionales corsos, restaurante tradicional, bar de vinos excepcional, servicio de catering. Platos preparados con productos frescos de la granja: cochinillo asado, tartar de ternera corsa, cochinillo relleno, postres caseros.."
    ],
    "nl": [
      "Een kruidenierswinkel met traditionele Corsicaanse producten, een gerenommeerd traditioneel restaurant, een uitzonderlijke wijnbar, een cateringservice om mee te nemen of te bezorgen."
    ]
  },
  "rdfs:label": {
    "fr": [
      "A Cantina di L'Orriu"
    ]
  },
  "hasBeenCreatedBy": {
    "@id": "https://data.datatourisme.fr/13/84c6494d-3085-3c63-a55c-db8cb047fadd",
    "dc:identifier": "1738",
    "schema:email": [
      "camillef.omt@gmail.com",
      "direction@destination-sudcorse.com",
      "gestion@destination-sudcorse.com",
      "promotion@destination-sudcorse.com",
      "webmaster@destination-sudcorse.com"
    ],
    "schema:legalName": "Porto Vecchio Tourisme",
    "@type": [
      "schema:Organization",
      "foaf:Agent",
      "Agent"
    ],
    "foaf:homepage": [
      "http://www.ot-portovecchio.com/"
    ]
  },
  "hasBeenPublishedBy": [
    {
      "@id": "https://data.datatourisme.fr/8a9feb4b-2cbd-3d2c-b507-bd6c6776b23b",
      "schema:legalName": "Apidae Tourisme Scic SA - source : Apidae Tourisme",
      "@type": [
        "schema:Organization",
        "foaf:Agent",
        "Agent"
      ],
      "foaf:homepage": [
        "https://www.apidae-tourisme.com/"
      ]
    }
  ],
  "hasContact": [
    {
      "@id": "https://data.datatourisme.fr/b29b3200-6016-3251-b8c3-0fa40048c7a4",
      "schema:email": [
        "lorriuportovecchio@gmail.com"
      ],
      "schema:telephone": [
        "+33 4 95 25 95 89",
        "+33 4 95 70 26 21"
      ],
      "@type": [
        "foaf:Agent",
        "Agent"
      ],
      "foaf:homepage": [
        "http://www.lorriu.fr/"
      ]
    }
  ],
  "hasDescription": [
    {
      "@id": "https://data.datatourisme.fr/4e543270-b810-32b3-942e-1b739da96712",
      "@type": [
        "Description"
      ],
      "hasTranslatedProperty": [
        {
          "@id": "https://data.datatourisme.fr/b857f9ef-f023-3892-b8ec-b4a403b679d4",
          "dc:contributor": [
            "https://api.deepl.com/v2/translate"
          ],
          "rdf:language": [
            "es"
          ],
          "rdf:predicate": [
            "shortDescription"
          ]
        }
      ],
      "shortDescription": {
        "de": [
          "Ein Lebensmittelgeschäft mit traditionellen korsischen Produkten, ein renommiertes traditionelles Restaurant, eine außergewöhnliche Weinbar, ein Catering-Service zum Mitnehmen oder Liefern."
        ],
        "en": [
          "A grocery store of traditional Corsican products, a renowned traditional restaurant, an exceptional wine bar, a catering service to take away or deliver."
        ],
        "it": [
          "Un negozio di alimentari di prodotti tradizionali della Corsica, un rinomato ristorante tradizionale, un'enoteca d'eccezione, un servizio di catering da asporto o da consegnare."
        ],
        "fr": [
          "Épicerie de produits corses artisanaux, restaurant traditionnel reconnu, bar à vin d'exception, service traiteur. Plats préparés à base de produits frais fermiers maison : cabri de lait rôti, tartare de veau corse, cochon de lait farci, desserts maison…"
        ],
        "es": [
          "Tienda de comestibles con productos tradicionales corsos, restaurante tradicional, bar de vinos excepcional, servicio de catering. Platos preparados con productos frescos de la granja: cochinillo asado, tartar de ternera corsa, cochinillo relleno, postres caseros.."
        ],
        "nl": [
          "Een kruidenierswinkel met traditionele Corsicaanse producten, een gerenommeerd traditioneel restaurant, een uitzonderlijke wijnbar, een cateringservice om mee te nemen of te bezorgen."
        ]
      }
    }
  ],
  "hasTranslatedProperty": [
    {
      "@id": "https://data.datatourisme.fr/0e637390-3c38-31d2-ad76-a8629dc41d72",
      "dc:contributor": [
        "https://api.deepl.com/v2/translate"
      ],
      "rdf:language": [
        "es"
      ],
      "rdf:predicate": [
        {
          "@id": "rdfs:comment"
        }
      ]
    }
  ],
  "isLocatedAt": [
    {
      "@id": "https://data.datatourisme.fr/bcdea8f2-b489-3ecb-a77e-912e940d4844",
      "schema:address": [
        {
          "@id": "https://data.datatourisme.fr/792f843f-5623-3859-9dc9-aa63d030bef0",
          "schema:addressLocality": "Porto-Vecchio",
          "schema:postalCode": "20137",
          "schema:streetAddress": [
            "5 cours Napoléon"
          ],
          "@type": [
            "schema:PostalAddress",
            "PostalAddress"
          ],
          "hasAddressCity": {
            "@id": "kb:2A247",
            "@type": [
              "City"
            ],
            "rdfs:label": {
              "en": [
                "Porto-Vecchio"
              ],
              "fr": [
                "Porto-Vecchio"
              ]
            },
            "insee": "2A247",
            "isPartOfDepartment": {
              "@id": "kb:France942A",
              "@type": [
                "Department"
              ],
              "rdfs:label": {
                "en": [
                  "Corse-du-Sud"
                ],
                "fr": [
                  "Corse-du-Sud"
                ]
              },
              "insee": "2A",
              "isPartOfRegion": {
                "@id": "kb:France94",
                "@type": [
                  "Region"
                ],
                "rdfs:label": {
                  "en": [
                    "Corse"
                  ],
                  "fr": [
                    "Corse"
                  ]
                },
                "insee": "94",
                "isPartOfCountry": {
                  "@id": "kb:France",
                  "@type": [
                    "schema:Country"
                  ],
                  "rdfs:label": {
                    "de": [
                      "Frankreich"
                    ],
                    "pt": [
                      "França"
                    ],
                    "en": [
                      "France"
                    ],
                    "it": [
                      "Francia"
                    ],
                    "fr": [
                      "France"
                    ],
                    "nl": [
                      "Frankrijk"
                    ],
                    "es": [
                      "Francia"
                    ]
                  }
                }
              }
            }
          }
        }
      ],
      "schema:geo": {
        "@id": "https://data.datatourisme.fr/423f6a4a-10fc-34e5-86f9-7176cd8e1a75",
        "schema:latitude": "41.592",
        "schema:longitude": "9.2802",
        "@type": [
          "schema:GeoCoordinates"
        ]
      },
      "schema:openingHoursSpecification": [
        {
          "@id": "https://data.datatourisme.fr/3da51487-e66f-3bc3-a197-831b4d5a3b7c",
          "schema:validFrom": "2023-04-01T00:00:00",
          "schema:validThrough": "2023-11-05T23:59:59",
          "@type": [
            "schema:OpeningHoursSpecification"
          ]
        }
      ],
      "@type": [
        "schema:Place",
        "Place"
      ]
    }
  ],
  "isOwnedBy": [
    {
      "@id": "https://data.datatourisme.fr/f5f950f9-5eec-32b4-a357-2c969ccf4068",
      "schema:email": [
        "camillef.omt@gmail.com",
        "direction@destination-sudcorse.com",
        "gestion@destination-sudcorse.com",
        "promotion@destination-sudcorse.com",
        "webmaster@destination-sudcorse.com"
      ],
      "schema:legalName": "Porto Vecchio Tourisme",
      "@type": [
        "schema:Organization",
        "foaf:Agent",
        "Agent"
      ],
      "foaf:homepage": [
        "http://www.ot-portovecchio.com/"
      ]
    }
  ],
  "lastUpdate": "2023-02-14",
  "lastUpdateDatatourisme": "2023-02-15T06:38:07.021Z",
  "offers": [
    {
      "@id": "https://data.datatourisme.fr/4572b1ce-0737-3797-9ec4-b95f312bdea2",
      "schema:priceSpecification": [
        {
          "@id": "https://data.datatourisme.fr/9ec77507-0a25-3a22-8553-19070ed40929",
          "schema:maxPrice": [
            "40"
          ],
          "schema:minPrice": [
            "16"
          ],
          "schema:priceCurrency": "EUR",
          "@type": [
            "schema:PriceSpecification",
            "PriceSpecification"
          ],
          "appliesOnPeriod": [
            {
              "@id": "https://data.datatourisme.fr/ab0669ce-7763-3732-9103-0d712fcac86a",
              "@type": [
                "Period"
              ],
              "endDate": "2023-11-05",
              "startDate": "2023-04-01"
            }
          ]
        }
      ],
      "@type": [
        "schema:Offer",
        "Offer"
      ]
    }
  ]
}