{
  "@id": "https://data.datatourisme.fr/13/65b11686-0789-3590-ade5-3847162aa9c9",
  "dc:identifier": "6169866",
  "@type": [
    "schema:LocalBusiness",
    "ActivityProvider",
    "PlaceOfInterest",
    "PointOfInterest",
    "Store"
  ],
  "rdfs:comment": {
    "de": [
      "Einzigartige Erlebnisse bei der Entdeckung der besten Weine der Balagne und Korsikas"
    ],
    "en": [
      "Ce Qui Nous Lie organizes tours and wine tastings in the vineyards, private lunches, tables with food/wine pairing in unexpected locations ...but also private tasting"
    ],
    "it": [
      "Esperienze uniche per scoprire i migliori vini della Balagne e della Corsica"
    ],
    "fr": [
      "Expériences uniques à la découverte des meilleurs vins de Balagne et de Corse"
    ],
    "nl": [
      "Unieke ervaringen om de beste wijnen van Balagne en Corsica te ontdekken"
    ],
    "es": [
      "Experiencias únicas para descubrir los mejores vinos de Balagne y Córcega"
    ]
  },
  "rdfs:label": {
    "fr": [
      "Ce Qui Nous Lie"
    ]
  },
  "hasBeenCreatedBy": {
    "@id": "https://data.datatourisme.fr/13/e4873aa9-a05c-35ed-8395-61d121516766",
    "dc:identifier": "1646",
    "schema:email": [
      "info@balagne-corsica.com"
    ],
    "schema:legalName": "Office de Tourisme Intercommunal Calvi - Balagne",
    "@type": [
      "schema:Organization",
      "foaf:Agent",
      "Agent"
    ],
    "foaf:homepage": [
      "https://www.balagne-corsica.com/"
    ]
  },
  "hasBeenPublishedBy": [
    {
      "@id": "https://data.datatourisme.fr/8a9feb4b-2cbd-3d2c-b507-bd6c6776b23b",
      "schema:legalName": "Apidae Tourisme Scic SA - source : Apidae Tourisme",
      "@type": [
        "schema:Organization",
        "foaf:Agent",
        "Agent"
      ],
      "foaf:homepage": [
        "https://www.apidae-tourisme.com/"
      ]
    }
  ],
  "hasContact": [
    {
      "@id": "https://data.datatourisme.fr/210a3715-2e2e-3e7b-936c-5e3fc5fb8b32",
      "schema:email": [
        "emiliecaner@gmail.com"
      ],
      "schema:telephone": [
        "+33 7 68 96 84 75"
      ],
      "@type": [
        "foaf:Agent",
        "Agent"
      ]
    }
  ],
  "hasDescription": [
    {
      "@id": "https://data.datatourisme.fr/8f1d584d-10de-3cdc-b056-3b6a1731daf9",
      "@type": [
        "Description"
      ],
      "hasTranslatedProperty": [
        {
          "@id": "https://data.datatourisme.fr/2356448f-0f4d-3ff6-bbf6-4da6eeeb0c1d",
          "dc:contributor": [
            "https://api.deepl.com/v2/translate"
          ],
          "rdf:language": [
            "de"
          ],
          "rdf:predicate": [
            "shortDescription"
          ]
        },
        {
          "@id": "https://data.datatourisme.fr/2e9e768b-7dc0-3f25-aa77-86b1d3790333",
          "dc:contributor": [
            "https://api.deepl.com/v2/translate"
          ],
          "rdf:language": [
            "es"
          ],
          "rdf:predicate": [
            "shortDescription"
          ]
        },
        {
          "@id": "https://data.datatourisme.fr/9f0ab8bd-b2d2-3730-b200-6551bae542ee",
          "dc:contributor": [
            "https://api.deepl.com/v2/translate"
          ],
          "rdf:language": [
            "nl"
          ],
          "rdf:predicate": [
            "shortDescription"
          ]
        }
      ],
      "shortDescription": {
        "de": [
          "Einzigartige Erlebnisse bei der Entdeckung der besten Weine der Balagne und Korsikas"
        ],
        "en": [
          "Ce Qui Nous Lie organizes tours and wine tastings in the vineyards, private lunches, tables with food/wine pairing in unexpected locations ...but also private tasting"
        ],
        "it": [
          "Esperienze uniche per scoprire i migliori vini della Balagne e della Corsica"
        ],
        "fr": [
          "Expériences uniques à la découverte des meilleurs vins de Balagne et de Corse"
        ],
        "nl": [
          "Unieke ervaringen om de beste wijnen van Balagne en Corsica te ontdekken"
        ],
        "es": [
          "Experiencias únicas para descubrir los mejores vinos de Balagne y Córcega"
        ]
      }
    }
  ],
  "hasTranslatedProperty": [
    {
      "@id": "https://data.datatourisme.fr/09f3c2d9-c163-3e40-bc67-07e4ac1dd077",
      "dc:contributor": [
        "https://api.deepl.com/v2/translate"
      ],
      "rdf:language": [
        "es"
      ],
      "rdf:predicate": [
        {
          "@id": "rdfs:comment"
        }
      ]
    },
    {
      "@id": "https://data.datatourisme.fr/7292ff94-73ab-3092-a766-6ae5368e4ec7",
      "dc:contributor": [
        "https://api.deepl.com/v2/translate"
      ],
      "rdf:language": [
        "nl"
      ],
      "rdf:predicate": [
        {
          "@id": "rdfs:comment"
        }
      ]
    },
    {
      "@id": "https://data.datatourisme.fr/e4506a31-1f8b-362a-828e-18dfc69165e0",
      "dc:contributor": [
        "https://api.deepl.com/v2/translate"
      ],
      "rdf:language": [
        "de"
      ],
      "rdf:predicate": [
        {
          "@id": "rdfs:comment"
        }
      ]
    }
  ],
  "isLocatedAt": [
    {
      "@id": "https://data.datatourisme.fr/cf579aa7-9b9e-34ce-bce5-68609f902c5c",
      "schema:address": [
        {
          "@id": "https://data.datatourisme.fr/fb11d4ad-2908-39dc-9cfc-a3389d1f3d87",
          "schema:addressLocality": "Calvi",
          "schema:postalCode": "20260",
          "@type": [
            "schema:PostalAddress",
            "PostalAddress"
          ],
          "hasAddressCity": {
            "@id": "kb:2B050",
            "@type": [
              "City"
            ],
            "rdfs:label": {
              "en": [
                "Calvi"
              ],
              "fr": [
                "Calvi"
              ]
            },
            "insee": "2B050",
            "isPartOfDepartment": {
              "@id": "kb:France942B",
              "@type": [
                "Department"
              ],
              "rdfs:label": {
                "en": [
                  "Haute-Corse"
                ],
                "fr": [
                  "Haute-Corse"
                ]
              },
              "insee": "2B",
              "isPartOfRegion": {
                "@id": "kb:France94",
                "@type": [
                  "Region"
                ],
                "rdfs:label": {
                  "en": [
                    "Corse"
                  ],
                  "fr": [
                    "Corse"
                  ]
                },
                "insee": "94",
                "isPartOfCountry": {
                  "@id": "kb:France",
                  "@type": [
                    "schema:Country"
                  ],
                  "rdfs:label": {
                    "de": [
                      "Frankreich"
                    ],
                    "pt": [
                      "França"
                    ],
                    "en": [
                      "France"
                    ],
                    "it": [
                      "Francia"
                    ],
                    "fr": [
                      "France"
                    ],
                    "nl": [
                      "Frankrijk"
                    ],
                    "es": [
                      "Francia"
                    ]
                  }
                }
              }
            }
          }
        }
      ],
      "schema:geo": {
        "@id": "https://data.datatourisme.fr/85ddf946-d408-39a1-801f-98230b4701da",
        "schema:latitude": "42.565096",
        "schema:longitude": "8.756323",
        "@type": [
          "schema:GeoCoordinates"
        ]
      },
      "schema:openingHoursSpecification": [
        {
          "@id": "https://data.datatourisme.fr/41391f0f-54b5-3ec9-8dfc-b34b6f4459cc",
          "schema:validFrom": "2023-01-01T00:00:00",
          "schema:validThrough": "2023-12-31T23:59:59",
          "@type": [
            "schema:OpeningHoursSpecification"
          ],
          "additionalInformation": {
            "de": [
              "Nur nach Terminvereinbarung und Reservierung"
            ],
            "en": [
              "By appointment and reservation only"
            ],
            "it": [
              "Solo su appuntamento e prenotazione"
            ],
            "fr": [
              "Sur rendez-vous et réservation uniquement"
            ],
            "es": [
              "Sólo con cita previa y reserva"
            ],
            "nl": [
              "Alleen op afspraak en reservering"
            ]
          },
          "hasTranslatedProperty": [
            {
              "@id": "https://data.datatourisme.fr/0ed891c7-9a22-3a9d-bda7-27fd7115bc57",
              "dc:contributor": [
                "https://api.deepl.com/v2/translate"
              ],
              "rdf:language": [
                "es"
              ],
              "rdf:predicate": [
                "additionalInformation"
              ]
            },
            {
              "@id": "https://data.datatourisme.fr/24f5dea8-2d08-3d94-aeb2-49cbdfb70639",
              "dc:contributor": [
                "https://api.deepl.com/v2/translate"
              ],
              "rdf:language": [
                "en"
              ],
              "rdf:predicate": [
                "additionalInformation"
              ]
            },
            {
              "@id": "https://data.datatourisme.fr/4024b0e6-83f1-30b4-8e67-fd998c768e15",
              "dc:contributor": [
                "https://api.deepl.com/v2/translate"
              ],
              "rdf:language": [
                "nl"
              ],
              "rdf:predicate": [
                "additionalInformation"
              ]
            },
            {
              "@id": "https://data.datatourisme.fr/b16e5bf7-cce5-303a-8294-ccc235398458",
              "dc:contributor": [
                "https://api.deepl.com/v2/translate"
              ],
              "rdf:language": [
                "it"
              ],
              "rdf:predicate": [
                "additionalInformation"
              ]
            },
            {
              "@id": "https://data.datatourisme.fr/ca3a3721-55f1-3406-9134-079b2fb7c864",
              "dc:contributor": [
                "https://api.deepl.com/v2/translate"
              ],
              "rdf:language": [
                "de"
              ],
              "rdf:predicate": [
                "additionalInformation"
              ]
            }
          ]
        }
      ],
      "@type": [
        "schema:Place",
        "Place"
      ]
    }
  ],
  "isOwnedBy": [
    {
      "@id": "https://data.datatourisme.fr/194c52e6-bbae-33dc-8464-caca97844fbb",
      "schema:email": [
        "info@balagne-corsica.com"
      ],
      "schema:legalName": "Office de Tourisme Intercommunal Calvi - Balagne",
      "@type": [
        "schema:Organization",
        "foaf:Agent",
        "Agent"
      ],
      "foaf:homepage": [
        "https://www.balagne-corsica.com/"
      ]
    }
  ],
  "lastUpdate": "2022-06-15",
  "lastUpdateDatatourisme": "2023-02-10T06:39:19.896Z",
  "offers": [
    {
      "@id": "https://data.datatourisme.fr/974437d9-0657-338d-bf7d-e747b6a4046a",
      "schema:priceSpecification": [
        {
          "@id": "https://data.datatourisme.fr/ea71064a-d4a1-39b1-8daf-8b28f517146c",
          "schema:minPrice": [
            "65"
          ],
          "schema:priceCurrency": "EUR",
          "@type": [
            "schema:PriceSpecification",
            "PriceSpecification"
          ],
          "appliesOnPeriod": [
            {
              "@id": "https://data.datatourisme.fr/0663ca4b-3470-3171-9053-39aa704e8f56",
              "@type": [
                "Period"
              ],
              "endDate": "2022-12-31",
              "startDate": "2022-01-01"
            }
          ]
        }
      ],
      "@type": [
        "schema:Offer",
        "Offer"
      ]
    }
  ]
}