{
  "@id": "https://data.datatourisme.fr/13/65359432-82c8-36ee-a3f0-f412261ed6e5",
  "dc:identifier": "4963765",
  "@type": [
    "schema:Accommodation",
    "schema:LodgingBusiness",
    "Accommodation",
    "CollectiveAccommodation",
    "HolidayResort",
    "PlaceOfInterest",
    "PointOfInterest"
  ],
  "rdfs:comment": {
    "de": [
      "Klimatisierte Standing Apartments in Calvi, direkt am Meer mit Terrasse und atemberaubendem Blick auf die Revellata.\r\n1 privater Parkplatz pro Wohnung. Versprechen einer Begegnung mit... Marie-Ange, Philippe und ihre Rezeptionistin Virginie"
    ],
    "en": [
      "Luxury air-conditioned apartments, located in Calvi, on the seafront with a terrace overlooking the Revellata.\r\n1 private parking space per apartment. Promise of a meeting with... Marie-Ange, Philippe and their receptionist Virginie"
    ],
    "it": [
      "Lussuosi appartamenti climatizzati, situati a Calvi, sul lungomare con terrazza e vista mozzafiato sulla Revellata.\r\n1 posto auto privato per appartamento. Promessa di un incontro con... Marie-Ange, Philippe e la loro receptionist Virginie"
    ],
    "fr": [
      "Appartements standing climatisés, situés à Calvi, en bord de mer avec terrasse  vue imprenable sur  la Revellata.\r\n1 place de parking privative par appartement. Promesse d'une rencontre avec... Marie-Ange, Philippe et leur réceptionniste Virginie"
    ],
    "es": [
      "Pisos de lujo con aire acondicionado, situados en Calvi, en primera línea de mar con terraza y una impresionante vista de la Revellata.\r\n1 plaza de aparcamiento privada por piso. La promesa de una reunión con... Marie-Ange, Philippe y su recepcionista Virginie"
    ],
    "nl": [
      "Luxe appartementen met airconditioning, gelegen in Calvi, aan zee met terras en een adembenemend uitzicht op de Revellata.\r\n1 privé parkeerplaats per appartement. Belofte van een ontmoeting met... Marie-Ange, Philippe en hun receptioniste Virginie"
    ]
  },
  "rdfs:label": {
    "en": [
      "Calvi Résidence"
    ],
    "fr": [
      "Calvi Résidence"
    ]
  },
  "hasBeenCreatedBy": {
    "@id": "https://data.datatourisme.fr/13/e4873aa9-a05c-35ed-8395-61d121516766",
    "dc:identifier": "1646",
    "schema:email": [
      "info@balagne-corsica.com"
    ],
    "schema:legalName": "Office de Tourisme Intercommunal Calvi - Balagne",
    "@type": [
      "schema:Organization",
      "foaf:Agent",
      "Agent"
    ],
    "foaf:homepage": [
      "https://www.balagne-corsica.com/"
    ]
  },
  "hasBeenPublishedBy": [
    {
      "@id": "https://data.datatourisme.fr/8a9feb4b-2cbd-3d2c-b507-bd6c6776b23b",
      "schema:legalName": "Apidae Tourisme Scic SA - source : Apidae Tourisme",
      "@type": [
        "schema:Organization",
        "foaf:Agent",
        "Agent"
      ],
      "foaf:homepage": [
        "https://www.apidae-tourisme.com/"
      ]
    }
  ],
  "hasContact": [
    {
      "@id": "https://data.datatourisme.fr/db2fd95a-c0f0-336b-a5cf-3dec66146e44",
      "schema:email": [
        "calvi-residence@calvi-location.fr"
      ],
      "schema:telephone": [
        "+33 4 95 37 73 49",
        "+33 4 95 65 26 95"
      ],
      "@type": [
        "foaf:Agent",
        "Agent"
      ],
      "foaf:homepage": [
        "https://www.calviresidence.com/"
      ]
    }
  ],
  "hasDescription": [
    {
      "@id": "https://data.datatourisme.fr/c55ce523-219b-3fe5-9add-0b0a91c1cc75",
      "@type": [
        "Description"
      ],
      "hasTranslatedProperty": [
        {
          "@id": "https://data.datatourisme.fr/1076b674-a133-3bfd-9faa-03dbd2e5d2d8",
          "dc:contributor": [
            "https://api.deepl.com/v2/translate"
          ],
          "rdf:language": [
            "it"
          ],
          "rdf:predicate": [
            "shortDescription"
          ]
        },
        {
          "@id": "https://data.datatourisme.fr/3ae76f39-d4d7-337c-8fe9-fff228af2057",
          "dc:contributor": [
            "https://api.deepl.com/v2/translate"
          ],
          "rdf:language": [
            "nl"
          ],
          "rdf:predicate": [
            "shortDescription"
          ]
        },
        {
          "@id": "https://data.datatourisme.fr/d5ea2dd5-71e6-3dd6-9e00-1addf874eb79",
          "dc:contributor": [
            "https://api.deepl.com/v2/translate"
          ],
          "rdf:language": [
            "es"
          ],
          "rdf:predicate": [
            "shortDescription"
          ]
        },
        {
          "@id": "https://data.datatourisme.fr/fbede0e5-2e0f-35a8-8354-36f78fa23509",
          "dc:contributor": [
            "https://api.deepl.com/v2/translate"
          ],
          "rdf:language": [
            "de"
          ],
          "rdf:predicate": [
            "shortDescription"
          ]
        }
      ],
      "shortDescription": {
        "de": [
          "Klimatisierte Standing Apartments in Calvi, direkt am Meer mit Terrasse und atemberaubendem Blick auf die Revellata.\r\n1 privater Parkplatz pro Wohnung. Versprechen einer Begegnung mit... Marie-Ange, Philippe und ihre Rezeptionistin Virginie"
        ],
        "en": [
          "Luxury air-conditioned apartments, located in Calvi, on the seafront with a terrace overlooking the Revellata.\r\n1 private parking space per apartment. Promise of a meeting with... Marie-Ange, Philippe and their receptionist Virginie"
        ],
        "it": [
          "Lussuosi appartamenti climatizzati, situati a Calvi, sul lungomare con terrazza e vista mozzafiato sulla Revellata.\r\n1 posto auto privato per appartamento. Promessa di un incontro con... Marie-Ange, Philippe e la loro receptionist Virginie"
        ],
        "fr": [
          "Appartements standing climatisés, situés à Calvi, en bord de mer avec terrasse  vue imprenable sur  la Revellata.\r\n1 place de parking privative par appartement. Promesse d'une rencontre avec... Marie-Ange, Philippe et leur réceptionniste Virginie"
        ],
        "es": [
          "Pisos de lujo con aire acondicionado, situados en Calvi, en primera línea de mar con terraza y una impresionante vista de la Revellata.\r\n1 plaza de aparcamiento privada por piso. La promesa de una reunión con... Marie-Ange, Philippe y su recepcionista Virginie"
        ],
        "nl": [
          "Luxe appartementen met airconditioning, gelegen in Calvi, aan zee met terras en een adembenemend uitzicht op de Revellata.\r\n1 privé parkeerplaats per appartement. Belofte van een ontmoeting met... Marie-Ange, Philippe en hun receptioniste Virginie"
        ]
      }
    }
  ],
  "hasTranslatedProperty": [
    {
      "@id": "https://data.datatourisme.fr/28335fa7-b2be-3ef4-9d7c-9a04816e990f",
      "dc:contributor": [
        "https://api.deepl.com/v2/translate"
      ],
      "rdf:language": [
        "it"
      ],
      "rdf:predicate": [
        {
          "@id": "rdfs:comment"
        }
      ]
    },
    {
      "@id": "https://data.datatourisme.fr/3a320db7-420b-3436-8aef-c886effb6a8a",
      "dc:contributor": [
        "https://api.deepl.com/v2/translate"
      ],
      "rdf:language": [
        "nl"
      ],
      "rdf:predicate": [
        {
          "@id": "rdfs:comment"
        }
      ]
    },
    {
      "@id": "https://data.datatourisme.fr/3bcfb78f-53fc-3187-95d6-e3a9a2d5e20d",
      "dc:contributor": [
        "https://api.deepl.com/v2/translate"
      ],
      "rdf:language": [
        "de"
      ],
      "rdf:predicate": [
        {
          "@id": "rdfs:comment"
        }
      ]
    },
    {
      "@id": "https://data.datatourisme.fr/773ab2a2-0e4e-3714-bd93-3b39e29dac89",
      "dc:contributor": [
        "https://api.deepl.com/v2/translate"
      ],
      "rdf:language": [
        "es"
      ],
      "rdf:predicate": [
        {
          "@id": "rdfs:comment"
        }
      ]
    }
  ],
  "isLocatedAt": [
    {
      "@id": "https://data.datatourisme.fr/178f4bdc-4373-352b-829b-89dc76a952bd",
      "schema:address": [
        {
          "@id": "https://data.datatourisme.fr/8fc0e226-1b93-395d-92e3-a8d207dd6f1f",
          "schema:addressLocality": "Calvi",
          "schema:postalCode": "20260",
          "schema:streetAddress": [
            "Route de Porto (par la côte)"
          ],
          "@type": [
            "schema:PostalAddress",
            "PostalAddress"
          ],
          "hasAddressCity": {
            "@id": "kb:2B050",
            "@type": [
              "City"
            ],
            "rdfs:label": {
              "en": [
                "Calvi"
              ],
              "fr": [
                "Calvi"
              ]
            },
            "insee": "2B050",
            "isPartOfDepartment": {
              "@id": "kb:France942B",
              "@type": [
                "Department"
              ],
              "rdfs:label": {
                "en": [
                  "Haute-Corse"
                ],
                "fr": [
                  "Haute-Corse"
                ]
              },
              "insee": "2B",
              "isPartOfRegion": {
                "@id": "kb:France94",
                "@type": [
                  "Region"
                ],
                "rdfs:label": {
                  "en": [
                    "Corse"
                  ],
                  "fr": [
                    "Corse"
                  ]
                },
                "insee": "94",
                "isPartOfCountry": {
                  "@id": "kb:France",
                  "@type": [
                    "schema:Country"
                  ],
                  "rdfs:label": {
                    "de": [
                      "Frankreich"
                    ],
                    "pt": [
                      "França"
                    ],
                    "en": [
                      "France"
                    ],
                    "it": [
                      "Francia"
                    ],
                    "fr": [
                      "France"
                    ],
                    "nl": [
                      "Frankrijk"
                    ],
                    "es": [
                      "Francia"
                    ]
                  }
                }
              }
            }
          }
        }
      ],
      "schema:geo": {
        "@id": "https://data.datatourisme.fr/0e716fb5-c935-3ff2-ba8c-a8df22e4c19a",
        "schema:latitude": "42.563953",
        "schema:longitude": "8.742781",
        "@type": [
          "schema:GeoCoordinates"
        ]
      },
      "schema:openingHoursSpecification": [
        {
          "@id": "https://data.datatourisme.fr/8d02dd9d-f141-31e6-91d1-102bea350188",
          "schema:validFrom": "2023-04-01T00:00:00",
          "schema:validThrough": "2023-11-30T23:59:59",
          "@type": [
            "schema:OpeningHoursSpecification"
          ],
          "additionalInformation": {
            "de": [
              "Unverbindliche Öffnungszeiten - genaue Daten werden noch bestätigt"
            ],
            "en": [
              "Indicative opening period - Precise dates to be confirmed"
            ],
            "it": [
              "Periodo di apertura indicativo - date precise da confermare"
            ],
            "fr": [
              "Période d'ouverture à titre indicatif - Dates précises à confirmer"
            ],
            "es": [
              "Periodo de apertura indicativo - fechas precisas por confirmar"
            ],
            "nl": [
              "Indicatieve openingsperiode - precieze data nog te bevestigen"
            ]
          },
          "hasTranslatedProperty": [
            {
              "@id": "https://data.datatourisme.fr/2bdcaa27-e21a-3bea-bc67-aeb03fb86188",
              "dc:contributor": [
                "https://api.deepl.com/v2/translate"
              ],
              "rdf:language": [
                "es"
              ],
              "rdf:predicate": [
                "additionalInformation"
              ]
            },
            {
              "@id": "https://data.datatourisme.fr/5abffc74-df92-34ec-8408-e932e7873c6d",
              "dc:contributor": [
                "https://api.deepl.com/v2/translate"
              ],
              "rdf:language": [
                "nl"
              ],
              "rdf:predicate": [
                "additionalInformation"
              ]
            },
            {
              "@id": "https://data.datatourisme.fr/65063639-6c2d-3afc-b3e4-6eca905429f5",
              "dc:contributor": [
                "https://api.deepl.com/v2/translate"
              ],
              "rdf:language": [
                "de"
              ],
              "rdf:predicate": [
                "additionalInformation"
              ]
            },
            {
              "@id": "https://data.datatourisme.fr/7e5721cb-5255-340a-8b71-0d751e6677ba",
              "dc:contributor": [
                "https://api.deepl.com/v2/translate"
              ],
              "rdf:language": [
                "it"
              ],
              "rdf:predicate": [
                "additionalInformation"
              ]
            },
            {
              "@id": "https://data.datatourisme.fr/f8027bb4-4918-3981-a1e8-cc319aec9ba9",
              "dc:contributor": [
                "https://api.deepl.com/v2/translate"
              ],
              "rdf:language": [
                "en"
              ],
              "rdf:predicate": [
                "additionalInformation"
              ]
            }
          ]
        }
      ],
      "@type": [
        "schema:Place",
        "Place"
      ]
    }
  ],
  "isOwnedBy": [
    {
      "@id": "https://data.datatourisme.fr/194c52e6-bbae-33dc-8464-caca97844fbb",
      "schema:email": [
        "info@balagne-corsica.com"
      ],
      "schema:legalName": "Office de Tourisme Intercommunal Calvi - Balagne",
      "@type": [
        "schema:Organization",
        "foaf:Agent",
        "Agent"
      ],
      "foaf:homepage": [
        "https://www.balagne-corsica.com/"
      ]
    }
  ],
  "lastUpdate": "2020-10-13",
  "lastUpdateDatatourisme": "2023-04-04T05:52:39.235Z",
  "offers": [
    {
      "@id": "https://data.datatourisme.fr/9cd9a1d0-0290-3b28-8193-a61119b82545",
      "schema:priceSpecification": [
        {
          "@id": "https://data.datatourisme.fr/d7d24210-9ccb-35e6-81b7-17141c330a2f",
          "schema:maxPrice": [
            "0.99",
            "1430",
            "214"
          ],
          "schema:minPrice": [
            "0.99",
            "470",
            "81.5"
          ],
          "schema:priceCurrency": "EUR",
          "@type": [
            "schema:PriceSpecification",
            "PriceSpecification"
          ],
          "appliesOnPeriod": [
            {
              "@id": "https://data.datatourisme.fr/ae1c9d49-eae7-36a4-8470-099b0d967fd1",
              "@type": [
                "Period"
              ],
              "endDate": "2020-11-30",
              "startDate": "2020-04-01"
            }
          ]
        }
      ],
      "@type": [
        "schema:Offer",
        "Offer"
      ]
    }
  ]
}