{
  "@id": "https://data.datatourisme.fr/13/6585dda6-9f64-3a90-9915-975aefe82d8c",
  "dc:identifier": "5687675",
  "@type": [
    "schema:FoodEstablishment",
    "FoodEstablishment",
    "PlaceOfInterest",
    "PointOfInterest"
  ],
  "rdfs:comment": {
    "de": [
      "In einer außergewöhnlichen Umgebung empfängt Sie Parad'Isula jeden Tag. Genießen Sie fangfrischen Fisch, Krustentiere, saftiges Fleisch, verschiedene Salate, die nach Sonne und Meer schmecken, und das alles in einer freundlichen, sommerlichen Atmosphäre!"
    ],
    "en": [
      "In an exceptional setting Parad'Isula welcomes you every day. Enjoy freshly caught fish, shellfish, succulent meats, various salads with a taste of the sun and the sea, all in a friendly and summery atmosphere!"
    ],
    "it": [
      "In un ambiente eccezionale, il Parad?Isula vi accoglie ogni giorno. Gustate pesce appena pescato, crostacei, carni succulente, insalate varie con il sapore del sole e del mare, il tutto in un'atmosfera amichevole ed estiva!"
    ],
    "fr": [
      "Dans un cadre exceptionnel Parad’Isula vous accueille tous les jours. Dégustez des poissons fraichement pêchés, des crustacés, des viandes succulentes, des salades variées au goût du soleil et de la mer, le tout dans une ambiance conviviale et estivale !"
    ],
    "nl": [
      "In een uitzonderlijke omgeving verwelkomt Parad'Isula u elke dag. Geniet van vers gevangen vis, schelpdieren, sappig vlees, diverse salades met de smaak van de zon en de zee, dit alles in een gezellige en zomerse sfeer!"
    ],
    "es": [
      "En un entorno excepcional, Parad?Isula le da la bienvenida cada día. Disfrute del pescado fresco, el marisco, las suculentas carnes y las diversas ensaladas con sabor a sol y mar, todo ello en un ambiente agradable y veraniego"
    ]
  },
  "rdfs:label": {
    "fr": [
      "Parad'Isula"
    ]
  },
  "hasBeenCreatedBy": {
    "@id": "https://data.datatourisme.fr/13/84c6494d-3085-3c63-a55c-db8cb047fadd",
    "dc:identifier": "1738",
    "schema:email": [
      "camillef.omt@gmail.com",
      "direction@destination-sudcorse.com",
      "gestion@destination-sudcorse.com",
      "promotion@destination-sudcorse.com",
      "webmaster@destination-sudcorse.com"
    ],
    "schema:legalName": "Porto Vecchio Tourisme",
    "@type": [
      "schema:Organization",
      "foaf:Agent",
      "Agent"
    ],
    "foaf:homepage": [
      "http://www.ot-portovecchio.com/"
    ]
  },
  "hasBeenPublishedBy": [
    {
      "@id": "https://data.datatourisme.fr/8a9feb4b-2cbd-3d2c-b507-bd6c6776b23b",
      "schema:legalName": "Apidae Tourisme Scic SA - source : Apidae Tourisme",
      "@type": [
        "schema:Organization",
        "foaf:Agent",
        "Agent"
      ],
      "foaf:homepage": [
        "https://www.apidae-tourisme.com/"
      ]
    }
  ],
  "hasContact": [
    {
      "@id": "https://data.datatourisme.fr/a8973b92-40a7-3124-9590-7e5766c8d6f9",
      "schema:email": [
        "paradisula20137@gmail.com"
      ],
      "schema:telephone": [
        "+33 6 28 60 99 75"
      ],
      "@type": [
        "foaf:Agent",
        "Agent"
      ],
      "foaf:homepage": [
        "http://www.paradisula.com/"
      ]
    }
  ],
  "hasDescription": [
    {
      "@id": "https://data.datatourisme.fr/d36fe065-8a6a-3629-8c27-0fef7d963356",
      "@type": [
        "Description"
      ],
      "hasTranslatedProperty": [
        {
          "@id": "https://data.datatourisme.fr/01cc6129-41eb-3af2-875d-126b64ead5a8",
          "dc:contributor": [
            "https://api.deepl.com/v2/translate"
          ],
          "rdf:language": [
            "es"
          ],
          "rdf:predicate": [
            "shortDescription"
          ]
        },
        {
          "@id": "https://data.datatourisme.fr/275b6723-814d-3ab1-ba32-922fae02a825",
          "dc:contributor": [
            "https://api.deepl.com/v2/translate"
          ],
          "rdf:language": [
            "en"
          ],
          "rdf:predicate": [
            "shortDescription"
          ]
        },
        {
          "@id": "https://data.datatourisme.fr/b4470d6b-6e1a-37f9-bd2f-7bce94a4059e",
          "dc:contributor": [
            "https://api.deepl.com/v2/translate"
          ],
          "rdf:language": [
            "nl"
          ],
          "rdf:predicate": [
            "shortDescription"
          ]
        },
        {
          "@id": "https://data.datatourisme.fr/bcd22226-b024-35f5-88b1-c73800d4d8fb",
          "dc:contributor": [
            "https://api.deepl.com/v2/translate"
          ],
          "rdf:language": [
            "it"
          ],
          "rdf:predicate": [
            "shortDescription"
          ]
        },
        {
          "@id": "https://data.datatourisme.fr/ea669259-6f76-3f51-9793-fe93ead06e29",
          "dc:contributor": [
            "https://api.deepl.com/v2/translate"
          ],
          "rdf:language": [
            "de"
          ],
          "rdf:predicate": [
            "shortDescription"
          ]
        }
      ],
      "shortDescription": {
        "de": [
          "In einer außergewöhnlichen Umgebung empfängt Sie Parad'Isula jeden Tag. Genießen Sie fangfrischen Fisch, Krustentiere, saftiges Fleisch, verschiedene Salate, die nach Sonne und Meer schmecken, und das alles in einer freundlichen, sommerlichen Atmosphäre!"
        ],
        "en": [
          "In an exceptional setting Parad'Isula welcomes you every day. Enjoy freshly caught fish, shellfish, succulent meats, various salads with a taste of the sun and the sea, all in a friendly and summery atmosphere!"
        ],
        "it": [
          "In un ambiente eccezionale, il Parad?Isula vi accoglie ogni giorno. Gustate pesce appena pescato, crostacei, carni succulente, insalate varie con il sapore del sole e del mare, il tutto in un'atmosfera amichevole ed estiva!"
        ],
        "fr": [
          "Dans un cadre exceptionnel Parad’Isula vous accueille tous les jours. Dégustez des poissons fraichement pêchés, des crustacés, des viandes succulentes, des salades variées au goût du soleil et de la mer, le tout dans une ambiance conviviale et estivale !"
        ],
        "nl": [
          "In een uitzonderlijke omgeving verwelkomt Parad'Isula u elke dag. Geniet van vers gevangen vis, schelpdieren, sappig vlees, diverse salades met de smaak van de zon en de zee, dit alles in een gezellige en zomerse sfeer!"
        ],
        "es": [
          "En un entorno excepcional, Parad?Isula le da la bienvenida cada día. Disfrute del pescado fresco, el marisco, las suculentas carnes y las diversas ensaladas con sabor a sol y mar, todo ello en un ambiente agradable y veraniego"
        ]
      }
    }
  ],
  "hasTheme": [
    {
      "@id": "kb:MediterraneanCuisine",
      "@type": [
        "CuisineCategory"
      ],
      "rdfs:label": {
        "de": [
          "Mediterrane Küche"
        ],
        "pt": [
          "Cozinha mediterrânica"
        ],
        "en": [
          "Mediterranean cuisine"
        ],
        "it": [
          "Cucina mediterranea"
        ],
        "fr": [
          "Cuisine méditerranéenne"
        ],
        "nl": [
          "Mediterrane keuken"
        ],
        "es": [
          "Cocina mediterránea"
        ]
      }
    }
  ],
  "hasTranslatedProperty": [
    {
      "@id": "https://data.datatourisme.fr/153058bf-93d8-3f2a-8967-b4dcaf7962e6",
      "dc:contributor": [
        "https://api.deepl.com/v2/translate"
      ],
      "rdf:language": [
        "de"
      ],
      "rdf:predicate": [
        {
          "@id": "rdfs:comment"
        }
      ]
    },
    {
      "@id": "https://data.datatourisme.fr/2aab4af3-754a-37ce-b0df-86cc55f65036",
      "dc:contributor": [
        "https://api.deepl.com/v2/translate"
      ],
      "rdf:language": [
        "nl"
      ],
      "rdf:predicate": [
        {
          "@id": "rdfs:comment"
        }
      ]
    },
    {
      "@id": "https://data.datatourisme.fr/337b52aa-0042-3768-8e2a-6cbff34bbbd0",
      "dc:contributor": [
        "https://api.deepl.com/v2/translate"
      ],
      "rdf:language": [
        "it"
      ],
      "rdf:predicate": [
        {
          "@id": "rdfs:comment"
        }
      ]
    },
    {
      "@id": "https://data.datatourisme.fr/91e32ad3-9335-3856-92c2-8965db8460e3",
      "dc:contributor": [
        "https://api.deepl.com/v2/translate"
      ],
      "rdf:language": [
        "es"
      ],
      "rdf:predicate": [
        {
          "@id": "rdfs:comment"
        }
      ]
    },
    {
      "@id": "https://data.datatourisme.fr/db917994-2464-3806-b66e-c63845fa4b18",
      "dc:contributor": [
        "https://api.deepl.com/v2/translate"
      ],
      "rdf:language": [
        "en"
      ],
      "rdf:predicate": [
        {
          "@id": "rdfs:comment"
        }
      ]
    }
  ],
  "isLocatedAt": [
    {
      "@id": "https://data.datatourisme.fr/5b39bde6-4d1a-3eaa-8fea-bb6deecc6110",
      "schema:address": [
        {
          "@id": "https://data.datatourisme.fr/c09468f6-be9c-3e59-b174-f9eaaf64c609",
          "schema:addressLocality": "Porto-Vecchio",
          "schema:postalCode": "20137",
          "schema:streetAddress": [
            "Baie de Santa Giulia",
            "route du moby dick"
          ],
          "@type": [
            "schema:PostalAddress",
            "PostalAddress"
          ],
          "hasAddressCity": {
            "@id": "kb:2A247",
            "@type": [
              "City"
            ],
            "rdfs:label": {
              "en": [
                "Porto-Vecchio"
              ],
              "fr": [
                "Porto-Vecchio"
              ]
            },
            "insee": "2A247",
            "isPartOfDepartment": {
              "@id": "kb:France942A",
              "@type": [
                "Department"
              ],
              "rdfs:label": {
                "en": [
                  "Corse-du-Sud"
                ],
                "fr": [
                  "Corse-du-Sud"
                ]
              },
              "insee": "2A",
              "isPartOfRegion": {
                "@id": "kb:France94",
                "@type": [
                  "Region"
                ],
                "rdfs:label": {
                  "en": [
                    "Corse"
                  ],
                  "fr": [
                    "Corse"
                  ]
                },
                "insee": "94",
                "isPartOfCountry": {
                  "@id": "kb:France",
                  "@type": [
                    "schema:Country"
                  ],
                  "rdfs:label": {
                    "de": [
                      "Frankreich"
                    ],
                    "pt": [
                      "França"
                    ],
                    "en": [
                      "France"
                    ],
                    "it": [
                      "Francia"
                    ],
                    "fr": [
                      "France"
                    ],
                    "nl": [
                      "Frankrijk"
                    ],
                    "es": [
                      "Francia"
                    ]
                  }
                }
              }
            }
          }
        }
      ],
      "schema:geo": {
        "@id": "https://data.datatourisme.fr/0f4476b4-f708-323f-9c04-fbe53486d815",
        "schema:latitude": "41.531603",
        "schema:longitude": "9.274132",
        "@type": [
          "schema:GeoCoordinates"
        ]
      },
      "schema:openingHoursSpecification": [
        {
          "@id": "https://data.datatourisme.fr/54ed0bbb-3ce5-3915-9df9-6f7b0be56c69",
          "schema:validFrom": "2023-03-26T00:00:00",
          "schema:validThrough": "2023-10-30T23:59:59",
          "@type": [
            "schema:OpeningHoursSpecification"
          ],
          "additionalInformation": {
            "de": [
              "Montag, Dienstag, Mittwoch, Donnerstag, Freitag, Samstag, Sonntag: offen"
            ],
            "en": [
              "Monday, Tuesday, Wednesday, Thursday, Friday, Saturday, Sunday: open"
            ],
            "it": [
              "Lunedì, martedì, mercoledì, giovedì, venerdì, sabato, domenica: aperto"
            ],
            "fr": [
              "Lundi, Mardi, Mercredi, Jeudi, Vendredi, Samedi, Dimanche : ouvert"
            ],
            "nl": [
              "Maandag, dinsdag, woensdag, donderdag, vrijdag, zaterdag, zondag: open"
            ],
            "es": [
              "Lunes, martes, miércoles, jueves, viernes, sábado y domingo: abierto"
            ]
          },
          "hasTranslatedProperty": [
            {
              "@id": "https://data.datatourisme.fr/394ac2bd-287b-3c63-957f-843e756c9708",
              "dc:contributor": [
                "https://api.deepl.com/v2/translate"
              ],
              "rdf:language": [
                "en"
              ],
              "rdf:predicate": [
                "additionalInformation"
              ]
            },
            {
              "@id": "https://data.datatourisme.fr/52adea1a-f3d8-36d4-a5a9-e2510b1f34a6",
              "dc:contributor": [
                "https://api.deepl.com/v2/translate"
              ],
              "rdf:language": [
                "nl"
              ],
              "rdf:predicate": [
                "additionalInformation"
              ]
            },
            {
              "@id": "https://data.datatourisme.fr/55350da7-76df-38cd-b57b-4360d71efe5f",
              "dc:contributor": [
                "https://api.deepl.com/v2/translate"
              ],
              "rdf:language": [
                "de"
              ],
              "rdf:predicate": [
                "additionalInformation"
              ]
            },
            {
              "@id": "https://data.datatourisme.fr/933799af-201f-31ee-8d20-3547f1ef7a09",
              "dc:contributor": [
                "https://api.deepl.com/v2/translate"
              ],
              "rdf:language": [
                "it"
              ],
              "rdf:predicate": [
                "additionalInformation"
              ]
            },
            {
              "@id": "https://data.datatourisme.fr/a756f9a0-ba5f-3fa2-8d21-b9da1312d649",
              "dc:contributor": [
                "https://api.deepl.com/v2/translate"
              ],
              "rdf:language": [
                "es"
              ],
              "rdf:predicate": [
                "additionalInformation"
              ]
            }
          ]
        }
      ],
      "@type": [
        "schema:Place",
        "Place"
      ]
    }
  ],
  "isOwnedBy": [
    {
      "@id": "https://data.datatourisme.fr/f5f950f9-5eec-32b4-a357-2c969ccf4068",
      "schema:email": [
        "camillef.omt@gmail.com",
        "direction@destination-sudcorse.com",
        "gestion@destination-sudcorse.com",
        "promotion@destination-sudcorse.com",
        "webmaster@destination-sudcorse.com"
      ],
      "schema:legalName": "Porto Vecchio Tourisme",
      "@type": [
        "schema:Organization",
        "foaf:Agent",
        "Agent"
      ],
      "foaf:homepage": [
        "http://www.ot-portovecchio.com/"
      ]
    }
  ],
  "lastUpdate": "2023-02-20",
  "lastUpdateDatatourisme": "2023-02-21T06:40:31.591Z",
  "offers": [
    {
      "@id": "https://data.datatourisme.fr/321cba97-b4c7-3ade-a6c5-691698c728c5",
      "schema:priceSpecification": [
        {
          "@id": "https://data.datatourisme.fr/d9880524-78ea-359e-ac1e-d51634fe3094",
          "schema:maxPrice": [
            "30"
          ],
          "schema:minPrice": [
            "12"
          ],
          "schema:priceCurrency": "EUR",
          "@type": [
            "schema:PriceSpecification",
            "PriceSpecification"
          ],
          "appliesOnPeriod": [
            {
              "@id": "https://data.datatourisme.fr/ff1fa260-54b8-39f0-8783-7b8f8363ed6a",
              "@type": [
                "Period"
              ],
              "endDate": "2023-10-30",
              "startDate": "2023-03-26"
            }
          ]
        }
      ],
      "@type": [
        "schema:Offer",
        "Offer"
      ]
    }
  ],
  "providesCuisineOfType": [
    {
      "@id": "kb:MediterraneanCuisine",
      "@type": [
        "CuisineCategory"
      ],
      "rdfs:label": {
        "de": [
          "Mediterrane Küche"
        ],
        "pt": [
          "Cozinha mediterrânica"
        ],
        "en": [
          "Mediterranean cuisine"
        ],
        "it": [
          "Cucina mediterranea"
        ],
        "fr": [
          "Cuisine méditerranéenne"
        ],
        "nl": [
          "Mediterrane keuken"
        ],
        "es": [
          "Cocina mediterránea"
        ]
      }
    }
  ]
}