{
  "@id": "https://data.datatourisme.fr/13/af2aff86-b2f8-338f-b3d2-a2140018952a",
  "dc:identifier": "4974612",
  "@type": [
    "schema:Accommodation",
    "schema:LodgingBusiness",
    "Accommodation",
    "CollectiveAccommodation",
    "HolidayResort",
    "PlaceOfInterest",
    "PointOfInterest"
  ],
  "rdfs:comment": {
    "de": [
      "Diese kleine Residenz bietet Ihnen voll ausgestattete und klimatisierte Wohnungen. Sie genießt eine ideale Lage in L'Ile-Rousse, in der Nähe des Stadtzentrums und 500 Meter von den Stränden und Geschäften entfernt.\r\nDie Wohnung verfügt über eine Ladestation für Elektroautos."
    ],
    "en": [
      "This small residence offers fully equipped and air-conditioned flats. It is ideally located in L'Ile-Rousse, near the town centre and 500 metres from the beaches and shops.\r\nIt has an electric charging point."
    ],
    "it": [
      "Questo piccolo residence offre appartamenti completamente attrezzati e climatizzati. È situato in posizione ideale a L'Ile-Rousse, vicino al centro della città e a 500 metri dalle spiagge e dai negozi.\r\nDispone di un punto di ricarica elettrica."
    ],
    "fr": [
      "Cette petite résidence vous propose des appartements entièrement équipés et climatisés. Elle bénéficie d'un emplacement idéal à L'Ile-Rousse, à proximité du centre ville et à 500 mètres des plages et des commerces.\r\nDisposant d'une borne de recharge elec."
    ],
    "es": [
      "Esta pequeña residencia ofrece pisos totalmente equipados y con aire acondicionado. Goza de una ubicación ideal en L'Ile-Rousse, cerca del centro de la ciudad y a 500 metros de las playas y los comercios.\r\nDispone de un punto de carga eléctrica."
    ],
    "nl": [
      "Deze kleine residentie biedt volledig uitgeruste appartementen met airconditioning. Het is ideaal gelegen in L'Ile-Rousse, vlakbij het stadscentrum en op 500 meter van de stranden en winkels.\r\nHet heeft een elektrisch oplaadpunt."
    ]
  },
  "rdfs:label": {
    "de": [
      "Motel Saint Michel"
    ],
    "ru": [
      "Motel Saint Michel"
    ],
    "en": [
      "Motel Saint Michel"
    ],
    "it": [
      "Motel Saint Michel"
    ],
    "fr": [
      "Résidence Saint Michel"
    ],
    "zh": [
      "Motel Saint Michel"
    ],
    "nl": [
      "Motel Saint Michel"
    ],
    "es": [
      "Motel Saint Michel"
    ]
  },
  "hasBeenCreatedBy": {
    "@id": "https://data.datatourisme.fr/13/8d420fa3-5754-31f1-8199-69c88780314d",
    "dc:identifier": "1647",
    "schema:email": [
      "web@ileroussetourisme.com"
    ],
    "schema:legalName": "Office de Tourisme Intercommunal de L'Ile Rousse-Balagne",
    "@type": [
      "schema:Organization",
      "foaf:Agent",
      "Agent"
    ],
    "foaf:homepage": [
      "https://www.balagne-corsica.com/"
    ]
  },
  "hasBeenPublishedBy": [
    {
      "@id": "https://data.datatourisme.fr/8a9feb4b-2cbd-3d2c-b507-bd6c6776b23b",
      "schema:legalName": "Apidae Tourisme Scic SA - source : Apidae Tourisme",
      "@type": [
        "schema:Organization",
        "foaf:Agent",
        "Agent"
      ],
      "foaf:homepage": [
        "https://www.apidae-tourisme.com/"
      ]
    }
  ],
  "hasContact": [
    {
      "@id": "https://data.datatourisme.fr/8a7b30a0-7b6a-38b9-8316-1092ca76e5c3",
      "schema:email": [
        "info@motelsaintmichel.fr"
      ],
      "schema:telephone": [
        "+33 4 95 60 55 19",
        "+33 6 80 96 24 27"
      ],
      "@type": [
        "foaf:Agent",
        "Agent"
      ],
      "foaf:homepage": [
        "http://www.motelsaintmichel.fr/"
      ]
    }
  ],
  "hasDescription": [
    {
      "@id": "https://data.datatourisme.fr/6144dafd-6232-3bf8-abc6-3be7035d89ed",
      "@type": [
        "Description"
      ],
      "hasTranslatedProperty": [
        {
          "@id": "https://data.datatourisme.fr/5e33abe4-3f18-388b-9784-45044f667cf2",
          "dc:contributor": [
            "https://api.deepl.com/v2/translate"
          ],
          "rdf:language": [
            "nl"
          ],
          "rdf:predicate": [
            "shortDescription"
          ]
        },
        {
          "@id": "https://data.datatourisme.fr/bf7a7cdb-a502-3648-bc8a-1468bfd8c5da",
          "dc:contributor": [
            "https://api.deepl.com/v2/translate"
          ],
          "rdf:language": [
            "es"
          ],
          "rdf:predicate": [
            "shortDescription"
          ]
        },
        {
          "@id": "https://data.datatourisme.fr/cd5386d1-f204-3d02-9521-0a7a8ccea1c9",
          "dc:contributor": [
            "https://api.deepl.com/v2/translate"
          ],
          "rdf:language": [
            "de"
          ],
          "rdf:predicate": [
            "shortDescription"
          ]
        }
      ],
      "shortDescription": {
        "de": [
          "Diese kleine Residenz bietet Ihnen voll ausgestattete und klimatisierte Wohnungen. Sie genießt eine ideale Lage in L'Ile-Rousse, in der Nähe des Stadtzentrums und 500 Meter von den Stränden und Geschäften entfernt.\r\nDie Wohnung verfügt über eine Ladestation für Elektroautos."
        ],
        "en": [
          "This small residence offers fully equipped and air-conditioned flats. It is ideally located in L'Ile-Rousse, near the town centre and 500 metres from the beaches and shops.\r\nIt has an electric charging point."
        ],
        "it": [
          "Questo piccolo residence offre appartamenti completamente attrezzati e climatizzati. È situato in posizione ideale a L'Ile-Rousse, vicino al centro della città e a 500 metri dalle spiagge e dai negozi.\r\nDispone di un punto di ricarica elettrica."
        ],
        "fr": [
          "Cette petite résidence vous propose des appartements entièrement équipés et climatisés. Elle bénéficie d'un emplacement idéal à L'Ile-Rousse, à proximité du centre ville et à 500 mètres des plages et des commerces.\r\nDisposant d'une borne de recharge elec."
        ],
        "es": [
          "Esta pequeña residencia ofrece pisos totalmente equipados y con aire acondicionado. Goza de una ubicación ideal en L'Ile-Rousse, cerca del centro de la ciudad y a 500 metros de las playas y los comercios.\r\nDispone de un punto de carga eléctrica."
        ],
        "nl": [
          "Deze kleine residentie biedt volledig uitgeruste appartementen met airconditioning. Het is ideaal gelegen in L'Ile-Rousse, vlakbij het stadscentrum en op 500 meter van de stranden en winkels.\r\nHet heeft een elektrisch oplaadpunt."
        ]
      }
    }
  ],
  "hasTranslatedProperty": [
    {
      "@id": "https://data.datatourisme.fr/b2ab82c0-2668-38c2-a957-a2707fba8cd3",
      "dc:contributor": [
        "https://api.deepl.com/v2/translate"
      ],
      "rdf:language": [
        "es"
      ],
      "rdf:predicate": [
        {
          "@id": "rdfs:comment"
        }
      ]
    },
    {
      "@id": "https://data.datatourisme.fr/b4013e7a-13c2-3bb3-a023-01ca2fd026ad",
      "dc:contributor": [
        "https://api.deepl.com/v2/translate"
      ],
      "rdf:language": [
        "de"
      ],
      "rdf:predicate": [
        {
          "@id": "rdfs:comment"
        }
      ]
    },
    {
      "@id": "https://data.datatourisme.fr/c824a6ab-0ffe-36e7-8980-885d943dbef1",
      "dc:contributor": [
        "https://api.deepl.com/v2/translate"
      ],
      "rdf:language": [
        "nl"
      ],
      "rdf:predicate": [
        {
          "@id": "rdfs:comment"
        }
      ]
    }
  ],
  "isLocatedAt": [
    {
      "@id": "https://data.datatourisme.fr/bb86c51b-7b1a-3a81-b667-5836aa118d84",
      "schema:address": [
        {
          "@id": "https://data.datatourisme.fr/9f6f0f36-3de8-3cf3-86b3-8e55a9dbb98b",
          "schema:addressLocality": "L'Île-Rousse",
          "schema:postalCode": "20220",
          "schema:streetAddress": [
            "16 Boulevard Pierre Pasquini"
          ],
          "@type": [
            "schema:PostalAddress",
            "PostalAddress"
          ],
          "hasAddressCity": {
            "@id": "kb:2B134",
            "@type": [
              "City"
            ],
            "rdfs:label": {
              "en": [
                "L'Île-Rousse"
              ],
              "fr": [
                "L'Île-Rousse"
              ]
            },
            "insee": "2B134",
            "isPartOfDepartment": {
              "@id": "kb:France942B",
              "@type": [
                "Department"
              ],
              "rdfs:label": {
                "en": [
                  "Haute-Corse"
                ],
                "fr": [
                  "Haute-Corse"
                ]
              },
              "insee": "2B",
              "isPartOfRegion": {
                "@id": "kb:France94",
                "@type": [
                  "Region"
                ],
                "rdfs:label": {
                  "en": [
                    "Corse"
                  ],
                  "fr": [
                    "Corse"
                  ]
                },
                "insee": "94",
                "isPartOfCountry": {
                  "@id": "kb:France",
                  "@type": [
                    "schema:Country"
                  ],
                  "rdfs:label": {
                    "de": [
                      "Frankreich"
                    ],
                    "pt": [
                      "França"
                    ],
                    "en": [
                      "France"
                    ],
                    "it": [
                      "Francia"
                    ],
                    "fr": [
                      "France"
                    ],
                    "nl": [
                      "Frankrijk"
                    ],
                    "es": [
                      "Francia"
                    ]
                  }
                }
              }
            }
          }
        }
      ],
      "schema:geo": {
        "@id": "https://data.datatourisme.fr/26b1278a-b63d-3129-b7c5-0bea333d39af",
        "schema:latitude": "42.632506",
        "schema:longitude": "8.931884",
        "@type": [
          "schema:GeoCoordinates"
        ]
      },
      "schema:openingHoursSpecification": [
        {
          "@id": "https://data.datatourisme.fr/f87e535a-636d-3343-ad63-8a03392e7511",
          "schema:validFrom": "2023-01-01T00:00:00",
          "schema:validThrough": "2023-12-31T23:59:59",
          "@type": [
            "schema:OpeningHoursSpecification"
          ]
        }
      ],
      "@type": [
        "schema:Place",
        "Place"
      ]
    }
  ],
  "isOwnedBy": [
    {
      "@id": "https://data.datatourisme.fr/252af22a-253d-33df-b9d7-204832749402",
      "schema:email": [
        "web@ileroussetourisme.com"
      ],
      "schema:legalName": "Office de Tourisme Intercommunal de L'Ile Rousse-Balagne",
      "@type": [
        "schema:Organization",
        "foaf:Agent",
        "Agent"
      ],
      "foaf:homepage": [
        "https://www.balagne-corsica.com/"
      ]
    }
  ],
  "lastUpdate": "2022-12-21",
  "lastUpdateDatatourisme": "2023-04-04T05:52:39.25Z",
  "offers": [
    {
      "@id": "https://data.datatourisme.fr/6726e114-5b3d-39d9-b05a-af9dea2b6304",
      "schema:priceSpecification": [
        {
          "@id": "https://data.datatourisme.fr/b0b4bafd-c595-3606-b7da-96e6993333ac",
          "schema:maxPrice": [
            "1230",
            "145",
            "1560",
            "870"
          ],
          "schema:minPrice": [
            "420",
            "570",
            "690",
            "75"
          ],
          "schema:priceCurrency": "EUR",
          "@type": [
            "schema:PriceSpecification",
            "PriceSpecification"
          ],
          "appliesOnPeriod": [
            {
              "@id": "https://data.datatourisme.fr/a425afdf-3594-300b-b55e-1858bafa3fd4",
              "@type": [
                "Period"
              ],
              "endDate": "2023-12-31",
              "startDate": "2023-01-01"
            }
          ]
        }
      ],
      "@type": [
        "schema:Offer",
        "Offer"
      ]
    }
  ]
}