{
  "@id": "https://data.datatourisme.fr/13/af995a4c-e616-3992-95a2-6a9b7df536cf",
  "dc:identifier": "5316631",
  "@type": [
    "schema:Accommodation",
    "schema:FoodEstablishment",
    "schema:Hotel",
    "schema:LodgingBusiness",
    "schema:Restaurant",
    "Accommodation",
    "FoodEstablishment",
    "Hotel",
    "HotelRestaurant",
    "HotelTrade",
    "PlaceOfInterest",
    "PointOfInterest",
    "Restaurant"
  ],
  "rdfs:comment": {
    "de": [
      "Die Villa Josephine liegt inmitten einer beruhigenden mediterranen Vegetation. In der Nähe des Stadtzentrums und der Strände können Sie die Privatsphäre und die Ruhe genießen, die das Hotel bietet. Das Hotel ist wie ein Familienhaus im Stil korsischer Gebäude gestaltet."
    ],
    "en": [
      "Nestled in a soothing lush garden full of mediterranean vegetation, Villa Josephine offers both privacy and tranquility, near the beach and town center. The hotel is as charming as an old corsican family home."
    ],
    "it": [
      "Villa Josephine è immersa in una rilassante vegetazione mediterranea. Vicino al centro città e alle spiagge, gode di privacy e tranquillità. Come una casa di famiglia, l'hotel presenta il vocabolario degli edifici corsi."
    ],
    "fr": [
      "La Villa Joséphine se situe dans une végétation méditerranéenne apaisante. À proximité du centre ville et des plages, savourez l’intimité et  la tranquillité qu’il offre. Telle une maison de famille, l'hôtel décline le vocabulaire des bâtisses corses."
    ],
    "nl": [
      "Villa Josephine ligt in een rustgevende mediterrane vegetatie. Dicht bij het centrum en de stranden, geniet van de privacy en rust die het biedt. Als een familiehuis heeft het hotel de woordenschat van Corsicaanse gebouwen."
    ],
    "es": [
      "La Villa Josephine está situada en una relajante vegetación mediterránea. Cerca del centro de la ciudad y de las playas, disfruta de la privacidad y la tranquilidad que ofrece. Como una casa familiar, el hotel presenta el vocabulario de los edificios corsos."
    ]
  },
  "rdfs:label": {
    "fr": [
      "Villa Joséphine"
    ]
  },
  "hasBeenCreatedBy": {
    "@id": "https://data.datatourisme.fr/13/8d420fa3-5754-31f1-8199-69c88780314d",
    "dc:identifier": "1647",
    "schema:email": [
      "web@ileroussetourisme.com"
    ],
    "schema:legalName": "Office de Tourisme Intercommunal de L'Ile Rousse-Balagne",
    "@type": [
      "schema:Organization",
      "foaf:Agent",
      "Agent"
    ],
    "foaf:homepage": [
      "https://www.balagne-corsica.com/"
    ]
  },
  "hasBeenPublishedBy": [
    {
      "@id": "https://data.datatourisme.fr/8a9feb4b-2cbd-3d2c-b507-bd6c6776b23b",
      "schema:legalName": "Apidae Tourisme Scic SA - source : Apidae Tourisme",
      "@type": [
        "schema:Organization",
        "foaf:Agent",
        "Agent"
      ],
      "foaf:homepage": [
        "https://www.apidae-tourisme.com/"
      ]
    }
  ],
  "hasContact": [
    {
      "@id": "https://data.datatourisme.fr/73e079eb-17a4-3e0c-a398-4b8393a62b2c",
      "schema:email": [
        "contact@villajosephine.corsica"
      ],
      "schema:telephone": [
        "+33 4 95 58 95 80"
      ],
      "@type": [
        "foaf:Agent",
        "Agent"
      ],
      "foaf:homepage": [
        "https://www.villajosephine.corsica/"
      ]
    }
  ],
  "hasDescription": [
    {
      "@id": "https://data.datatourisme.fr/ed608011-6de4-3cf8-abf6-7eda67781c11",
      "@type": [
        "Description"
      ],
      "hasTranslatedProperty": [
        {
          "@id": "https://data.datatourisme.fr/15a88ef4-55d9-3ea1-852c-1e247a641357",
          "dc:contributor": [
            "https://api.deepl.com/v2/translate"
          ],
          "rdf:language": [
            "es"
          ],
          "rdf:predicate": [
            "shortDescription"
          ]
        },
        {
          "@id": "https://data.datatourisme.fr/5b0ed4a9-41e7-3521-9cfc-bb1b21d7a8b1",
          "dc:contributor": [
            "https://api.deepl.com/v2/translate"
          ],
          "rdf:language": [
            "de"
          ],
          "rdf:predicate": [
            "shortDescription"
          ]
        },
        {
          "@id": "https://data.datatourisme.fr/79dd4db9-b91b-3c00-b7f1-f10bfc23dafa",
          "dc:contributor": [
            "https://api.deepl.com/v2/translate"
          ],
          "rdf:language": [
            "nl"
          ],
          "rdf:predicate": [
            "shortDescription"
          ]
        }
      ],
      "shortDescription": {
        "de": [
          "Die Villa Josephine liegt inmitten einer beruhigenden mediterranen Vegetation. In der Nähe des Stadtzentrums und der Strände können Sie die Privatsphäre und die Ruhe genießen, die das Hotel bietet. Das Hotel ist wie ein Familienhaus im Stil korsischer Gebäude gestaltet."
        ],
        "en": [
          "Nestled in a soothing lush garden full of mediterranean vegetation, Villa Josephine offers both privacy and tranquility, near the beach and town center. The hotel is as charming as an old corsican family home."
        ],
        "it": [
          "Villa Josephine è immersa in una rilassante vegetazione mediterranea. Vicino al centro città e alle spiagge, gode di privacy e tranquillità. Come una casa di famiglia, l'hotel presenta il vocabolario degli edifici corsi."
        ],
        "fr": [
          "La Villa Joséphine se situe dans une végétation méditerranéenne apaisante. À proximité du centre ville et des plages, savourez l’intimité et  la tranquillité qu’il offre. Telle une maison de famille, l'hôtel décline le vocabulaire des bâtisses corses."
        ],
        "nl": [
          "Villa Josephine ligt in een rustgevende mediterrane vegetatie. Dicht bij het centrum en de stranden, geniet van de privacy en rust die het biedt. Als een familiehuis heeft het hotel de woordenschat van Corsicaanse gebouwen."
        ],
        "es": [
          "La Villa Josephine está situada en una relajante vegetación mediterránea. Cerca del centro de la ciudad y de las playas, disfruta de la privacidad y la tranquilidad que ofrece. Como una casa familiar, el hotel presenta el vocabulario de los edificios corsos."
        ]
      }
    }
  ],
  "hasTranslatedProperty": [
    {
      "@id": "https://data.datatourisme.fr/1de15e24-0d3e-3f4c-b5cb-05eedb710e7f",
      "dc:contributor": [
        "https://api.deepl.com/v2/translate"
      ],
      "rdf:language": [
        "es"
      ],
      "rdf:predicate": [
        {
          "@id": "rdfs:comment"
        }
      ]
    },
    {
      "@id": "https://data.datatourisme.fr/b4fdb7b3-250c-3c96-a980-94489eb348f5",
      "dc:contributor": [
        "https://api.deepl.com/v2/translate"
      ],
      "rdf:language": [
        "de"
      ],
      "rdf:predicate": [
        {
          "@id": "rdfs:comment"
        }
      ]
    },
    {
      "@id": "https://data.datatourisme.fr/d735c52b-a05d-38cd-821c-2c52679716f6",
      "dc:contributor": [
        "https://api.deepl.com/v2/translate"
      ],
      "rdf:language": [
        "nl"
      ],
      "rdf:predicate": [
        {
          "@id": "rdfs:comment"
        }
      ]
    }
  ],
  "isLocatedAt": [
    {
      "@id": "https://data.datatourisme.fr/ecc7c9c5-7085-3517-b9a9-ffe01dd5aba1",
      "schema:address": [
        {
          "@id": "https://data.datatourisme.fr/25d76d35-d110-3f90-8991-8ece239c9e56",
          "schema:addressLocality": "L'Île-Rousse",
          "schema:postalCode": "20220",
          "schema:streetAddress": [
            "Lieu-dit Miratu Polu",
            "Rue Bisgambiglia"
          ],
          "@type": [
            "schema:PostalAddress",
            "PostalAddress"
          ],
          "hasAddressCity": {
            "@id": "kb:2B134",
            "@type": [
              "City"
            ],
            "rdfs:label": {
              "en": [
                "L'Île-Rousse"
              ],
              "fr": [
                "L'Île-Rousse"
              ]
            },
            "insee": "2B134",
            "isPartOfDepartment": {
              "@id": "kb:France942B",
              "@type": [
                "Department"
              ],
              "rdfs:label": {
                "en": [
                  "Haute-Corse"
                ],
                "fr": [
                  "Haute-Corse"
                ]
              },
              "insee": "2B",
              "isPartOfRegion": {
                "@id": "kb:France94",
                "@type": [
                  "Region"
                ],
                "rdfs:label": {
                  "en": [
                    "Corse"
                  ],
                  "fr": [
                    "Corse"
                  ]
                },
                "insee": "94",
                "isPartOfCountry": {
                  "@id": "kb:France",
                  "@type": [
                    "schema:Country"
                  ],
                  "rdfs:label": {
                    "de": [
                      "Frankreich"
                    ],
                    "pt": [
                      "França"
                    ],
                    "en": [
                      "France"
                    ],
                    "it": [
                      "Francia"
                    ],
                    "fr": [
                      "France"
                    ],
                    "nl": [
                      "Frankrijk"
                    ],
                    "es": [
                      "Francia"
                    ]
                  }
                }
              }
            }
          }
        }
      ],
      "schema:geo": {
        "@id": "https://data.datatourisme.fr/4c961c18-1c55-3546-b662-883ced72ddaf",
        "schema:latitude": "42.627661",
        "schema:longitude": "8.934496",
        "@type": [
          "schema:GeoCoordinates"
        ]
      },
      "schema:openingHoursSpecification": [
        {
          "@id": "https://data.datatourisme.fr/62e7c407-0711-3d9c-8559-11c94815f7bc",
          "schema:validFrom": "2023-04-06T00:00:00",
          "schema:validThrough": "2023-11-26T23:59:59",
          "@type": [
            "schema:OpeningHoursSpecification"
          ]
        }
      ],
      "@type": [
        "schema:Place",
        "Place"
      ]
    }
  ],
  "isOwnedBy": [
    {
      "@id": "https://data.datatourisme.fr/252af22a-253d-33df-b9d7-204832749402",
      "schema:email": [
        "web@ileroussetourisme.com"
      ],
      "schema:legalName": "Office de Tourisme Intercommunal de L'Ile Rousse-Balagne",
      "@type": [
        "schema:Organization",
        "foaf:Agent",
        "Agent"
      ],
      "foaf:homepage": [
        "https://www.balagne-corsica.com/"
      ]
    }
  ],
  "lastUpdate": "2023-02-15",
  "lastUpdateDatatourisme": "2023-04-04T05:52:39.27Z",
  "offers": [
    {
      "@id": "https://data.datatourisme.fr/b5518b17-4e2e-3f0b-86df-3c2c3e580e68",
      "schema:priceSpecification": [
        {
          "@id": "https://data.datatourisme.fr/35ad1c34-2c63-3bad-91a7-8820ff872a83",
          "schema:maxPrice": [
            "10",
            "18",
            "464"
          ],
          "schema:minPrice": [
            "10",
            "110",
            "18"
          ],
          "schema:priceCurrency": "EUR",
          "@type": [
            "schema:PriceSpecification",
            "PriceSpecification"
          ],
          "appliesOnPeriod": [
            {
              "@id": "https://data.datatourisme.fr/28a4c6a7-c21f-3c90-ab51-5fbb637f8b7b",
              "@type": [
                "Period"
              ],
              "endDate": "2023-11-26",
              "startDate": "2023-04-06"
            }
          ]
        }
      ],
      "@type": [
        "schema:Offer",
        "Offer"
      ]
    }
  ]
}