{
  "@id": "https://data.datatourisme.fr/13/75b8c612-0264-320a-874b-4e8f770061ff",
  "dc:identifier": "5324658",
  "@type": [
    "CityHeritage",
    "CulturalSite",
    "PlaceOfInterest",
    "PointOfInterest"
  ],
  "rdfs:comment": {
    "de": [
      "Entdecken Sie Belgodere, das sich stolz auf seinem Felsvorsprung über dem Tal des Reginu erhebt. Sein Viertel La Cima und sein Schloss Malaspina laden Sie dazu ein, ein farbenfrohes Dorf zu entdecken!"
    ],
    "en": [
      "Standing proudly on its rocky spur overlooking the Reginu valley, the vibrantly colourful village of Belgodere invites you to explore the district of La Cima and the Malaspina castle!"
    ],
    "it": [
      "Scoprite Belgodere, che si erge orgoglioso sul suo sperone roccioso che domina la valle del Reginu. Il suo quartiere Cima e il castello Malaspina vi invitano a scoprire un villaggio colorato!"
    ],
    "fr": [
      "Découvrez Belgodere, dressé fièrement sur son éperon rocheux dominant la vallée du Reginu. Son quartier de la Cima, son château Malaspina vous invitent à découvrir un village haut en couleur !"
    ],
    "nl": [
      "Ontdek Belgodere, dat trots op zijn rotsachtige uitloper over de Reginu-vallei uitkijkt. De wijk Cima en het kasteel Malaspina nodigen u uit om een kleurrijk dorp te ontdekken!"
    ],
    "es": [
      "Descubra Belgodere, orgulloso de su espolón rocoso que domina el valle del Reginu. Su barrio de Cima y el castillo de Malaspina le invitan a descubrir un pueblo lleno de color"
    ]
  },
  "rdfs:label": {
    "fr": [
      "Belgodere"
    ]
  },
  "owl:sameAs": [
    "http://www.wikidata.org/entity/Q3095945"
  ],
  "hasBeenCreatedBy": {
    "@id": "https://data.datatourisme.fr/13/8d420fa3-5754-31f1-8199-69c88780314d",
    "dc:identifier": "1647",
    "schema:email": [
      "web@ileroussetourisme.com"
    ],
    "schema:legalName": "Office de Tourisme Intercommunal de L'Ile Rousse-Balagne",
    "@type": [
      "schema:Organization",
      "foaf:Agent",
      "Agent"
    ],
    "foaf:homepage": [
      "https://www.balagne-corsica.com/"
    ]
  },
  "hasBeenPublishedBy": [
    {
      "@id": "https://data.datatourisme.fr/8a9feb4b-2cbd-3d2c-b507-bd6c6776b23b",
      "schema:legalName": "Apidae Tourisme Scic SA - source : Apidae Tourisme",
      "@type": [
        "schema:Organization",
        "foaf:Agent",
        "Agent"
      ],
      "foaf:homepage": [
        "https://www.apidae-tourisme.com/"
      ]
    }
  ],
  "hasContact": [
    {
      "@id": "https://data.datatourisme.fr/d22292a2-44c7-32e7-86b6-118e15e70f86",
      "schema:email": [
        "mairie.belgodere@orange.fr"
      ],
      "schema:telephone": [
        "+33 4 95 61 32 12"
      ],
      "@type": [
        "foaf:Agent",
        "Agent"
      ],
      "foaf:homepage": [
        "http://www.belgodere.fr/"
      ]
    }
  ],
  "hasDescription": [
    {
      "@id": "https://data.datatourisme.fr/1506af34-d869-33bb-9a98-51a9a3d46b24",
      "@type": [
        "Description"
      ],
      "hasTranslatedProperty": [
        {
          "@id": "https://data.datatourisme.fr/1b4e3e46-6e6d-37be-b983-fbe364a9b0d9",
          "dc:contributor": [
            "https://api.deepl.com/v2/translate"
          ],
          "rdf:language": [
            "es"
          ],
          "rdf:predicate": [
            "shortDescription"
          ]
        },
        {
          "@id": "https://data.datatourisme.fr/47d05512-d400-37a7-b59c-992175200656",
          "dc:contributor": [
            "https://api.deepl.com/v2/translate"
          ],
          "rdf:language": [
            "de"
          ],
          "rdf:predicate": [
            "shortDescription"
          ]
        },
        {
          "@id": "https://data.datatourisme.fr/cb6459c3-91ab-3170-9855-442bc5959670",
          "dc:contributor": [
            "https://api.deepl.com/v2/translate"
          ],
          "rdf:language": [
            "nl"
          ],
          "rdf:predicate": [
            "shortDescription"
          ]
        }
      ],
      "shortDescription": {
        "de": [
          "Entdecken Sie Belgodere, das sich stolz auf seinem Felsvorsprung über dem Tal des Reginu erhebt. Sein Viertel La Cima und sein Schloss Malaspina laden Sie dazu ein, ein farbenfrohes Dorf zu entdecken!"
        ],
        "en": [
          "Standing proudly on its rocky spur overlooking the Reginu valley, the vibrantly colourful village of Belgodere invites you to explore the district of La Cima and the Malaspina castle!"
        ],
        "it": [
          "Scoprite Belgodere, che si erge orgoglioso sul suo sperone roccioso che domina la valle del Reginu. Il suo quartiere Cima e il castello Malaspina vi invitano a scoprire un villaggio colorato!"
        ],
        "fr": [
          "Découvrez Belgodere, dressé fièrement sur son éperon rocheux dominant la vallée du Reginu. Son quartier de la Cima, son château Malaspina vous invitent à découvrir un village haut en couleur !"
        ],
        "nl": [
          "Ontdek Belgodere, dat trots op zijn rotsachtige uitloper over de Reginu-vallei uitkijkt. De wijk Cima en het kasteel Malaspina nodigen u uit om een kleurrijk dorp te ontdekken!"
        ],
        "es": [
          "Descubra Belgodere, orgulloso de su espolón rocoso que domina el valle del Reginu. Su barrio de Cima y el castillo de Malaspina le invitan a descubrir un pueblo lleno de color"
        ]
      }
    }
  ],
  "hasTheme": [
    {
      "@id": "kb:Culture",
      "@type": [
        "CulturalTheme"
      ],
      "rdfs:label": {
        "de": [
          "Kultur"
        ],
        "pt": [
          "Cultura"
        ],
        "en": [
          "Culture"
        ],
        "it": [
          "Cultura"
        ],
        "fr": [
          "Culture"
        ],
        "nl": [
          "Cultuur"
        ],
        "es": [
          "Cultura"
        ]
      }
    }
  ],
  "hasTranslatedProperty": [
    {
      "@id": "https://data.datatourisme.fr/401b118c-4a45-3acb-801c-08c94176d219",
      "dc:contributor": [
        "https://api.deepl.com/v2/translate"
      ],
      "rdf:language": [
        "de"
      ],
      "rdf:predicate": [
        {
          "@id": "rdfs:comment"
        }
      ]
    },
    {
      "@id": "https://data.datatourisme.fr/55547d68-4b9f-389c-96e7-c166821731c8",
      "dc:contributor": [
        "https://api.deepl.com/v2/translate"
      ],
      "rdf:language": [
        "es"
      ],
      "rdf:predicate": [
        {
          "@id": "rdfs:comment"
        }
      ]
    },
    {
      "@id": "https://data.datatourisme.fr/f465c0fb-eb65-31a0-b554-ed6763834150",
      "dc:contributor": [
        "https://api.deepl.com/v2/translate"
      ],
      "rdf:language": [
        "nl"
      ],
      "rdf:predicate": [
        {
          "@id": "rdfs:comment"
        }
      ]
    }
  ],
  "isLocatedAt": [
    {
      "@id": "https://data.datatourisme.fr/24c0d0ac-5395-36df-912a-8d7b46ed73ea",
      "schema:address": [
        {
          "@id": "https://data.datatourisme.fr/d525b42b-ccbf-3ff0-a449-1f84d5a9e87a",
          "schema:addressLocality": "Belgodère",
          "schema:postalCode": "20226",
          "@type": [
            "schema:PostalAddress",
            "PostalAddress"
          ],
          "hasAddressCity": {
            "@id": "kb:2B034",
            "@type": [
              "City"
            ],
            "rdfs:label": {
              "en": [
                "Belgodère"
              ],
              "fr": [
                "Belgodère"
              ]
            },
            "insee": "2B034",
            "isPartOfDepartment": {
              "@id": "kb:France942B",
              "@type": [
                "Department"
              ],
              "rdfs:label": {
                "en": [
                  "Haute-Corse"
                ],
                "fr": [
                  "Haute-Corse"
                ]
              },
              "insee": "2B",
              "isPartOfRegion": {
                "@id": "kb:France94",
                "@type": [
                  "Region"
                ],
                "rdfs:label": {
                  "en": [
                    "Corse"
                  ],
                  "fr": [
                    "Corse"
                  ]
                },
                "insee": "94",
                "isPartOfCountry": {
                  "@id": "kb:France",
                  "@type": [
                    "schema:Country"
                  ],
                  "rdfs:label": {
                    "de": [
                      "Frankreich"
                    ],
                    "pt": [
                      "França"
                    ],
                    "en": [
                      "France"
                    ],
                    "it": [
                      "Francia"
                    ],
                    "fr": [
                      "France"
                    ],
                    "nl": [
                      "Frankrijk"
                    ],
                    "es": [
                      "Francia"
                    ]
                  }
                }
              }
            }
          }
        }
      ],
      "schema:geo": {
        "@id": "https://data.datatourisme.fr/f41b4ebe-89ce-3722-bf83-0a5eacfc41ca",
        "schema:latitude": "42.58584",
        "schema:longitude": "9.017958",
        "@type": [
          "schema:GeoCoordinates"
        ]
      },
      "schema:openingHoursSpecification": [
        {
          "@id": "https://data.datatourisme.fr/f87e535a-636d-3343-ad63-8a03392e7511",
          "schema:validFrom": "2023-01-01T00:00:00",
          "schema:validThrough": "2023-12-31T23:59:59",
          "@type": [
            "schema:OpeningHoursSpecification"
          ]
        }
      ],
      "@type": [
        "schema:Place",
        "Place"
      ]
    }
  ],
  "isOwnedBy": [
    {
      "@id": "https://data.datatourisme.fr/252af22a-253d-33df-b9d7-204832749402",
      "schema:email": [
        "web@ileroussetourisme.com"
      ],
      "schema:legalName": "Office de Tourisme Intercommunal de L'Ile Rousse-Balagne",
      "@type": [
        "schema:Organization",
        "foaf:Agent",
        "Agent"
      ],
      "foaf:homepage": [
        "https://www.balagne-corsica.com/"
      ]
    }
  ],
  "lastUpdate": "2022-07-11",
  "lastUpdateDatatourisme": "2023-02-22T06:42:37.739Z"
}