{
  "@id": "https://data.datatourisme.fr/13/ae248c88-f838-39fd-bdf6-8f6c71ff4d2c",
  "dc:identifier": "4975896",
  "@type": [
    "schema:LocalBusiness",
    "ActivityProvider",
    "PlaceOfInterest",
    "PointOfInterest",
    "Store"
  ],
  "rdfs:comment": {
    "de": [
      "Ihre Reitaktivität in Calvi, Balagne auf Korsika - Reitzentrum: Kurse - Ausritte - Schwimmen Pony-Club - Praktika - Ablegen von Prüfungen während der Praktika in der Nebensaison.\r\nKleine Tour für Kinder ab 3 Jahren.\r\nMJS-Zulassung Nr. 02B97ET0019"
    ],
    "en": [
      "Equestrian fun in Galvi, Balagne in Corsica - Riding stables: tuition - hacking - bathing with the ponies - courses - exam courses organised in low season.\r\nShort pony rides for children aged 3 and up.\r\nMJS certification no. 02B97ET0019"
    ],
    "it": [
      "La vostra attività equestre a Calvi, Balagne in Corsica - Centro equestre: lezioni - passeggiate - pony club di nuoto - corsi - esami durante i corsi fuori stagione.\r\nPiccolo tour per bambini a partire da 3 anni.\r\nApprovazione MJS n° 02B97ET0019"
    ],
    "fr": [
      "Votre activité équestre à Calvi, Balagne en Corse - Centre équestre : cours - promenade - baignade poney club -  stages - passage d'examens lors des stages hors-saison.\r\nPetit tour pour les enfants à partir de 3 ans.\r\nAgrément MJS n° 02B97ET0019"
    ],
    "nl": [
      "Uw ruiteractiviteit in Calvi, Balagne op Corsica - Manege: lessen - ritten - ponyclub zwemmen - cursussen - examens buiten het seizoen.\r\nKleine rondleiding voor kinderen vanaf 3 jaar.\r\nMJS-goedkeuring nr. 02B97ET0019"
    ],
    "es": [
      "Su actividad ecuestre en Calvi, Balagne en Córcega - Centro ecuestre: clases - paseos - natación en el pony club - cursos - exámenes durante los cursos fuera de temporada.\r\nPequeño recorrido para niños a partir de 3 años.\r\nAprobación MJS n° 02B97ET0019"
    ]
  },
  "rdfs:label": {
    "en": [
      "A Cavallu"
    ],
    "fr": [
      "A Cavallu"
    ]
  },
  "hasBeenCreatedBy": {
    "@id": "https://data.datatourisme.fr/13/e4873aa9-a05c-35ed-8395-61d121516766",
    "dc:identifier": "1646",
    "schema:email": [
      "info@balagne-corsica.com"
    ],
    "schema:legalName": "Office de Tourisme Intercommunal Calvi - Balagne",
    "@type": [
      "schema:Organization",
      "foaf:Agent",
      "Agent"
    ],
    "foaf:homepage": [
      "https://www.balagne-corsica.com/"
    ]
  },
  "hasBeenPublishedBy": [
    {
      "@id": "https://data.datatourisme.fr/8a9feb4b-2cbd-3d2c-b507-bd6c6776b23b",
      "schema:legalName": "Apidae Tourisme Scic SA - source : Apidae Tourisme",
      "@type": [
        "schema:Organization",
        "foaf:Agent",
        "Agent"
      ],
      "foaf:homepage": [
        "https://www.apidae-tourisme.com/"
      ]
    }
  ],
  "hasContact": [
    {
      "@id": "https://data.datatourisme.fr/a65e382a-abab-3331-8977-a0849d683bb9",
      "schema:telephone": [
        "+33 4 95 65 22 22",
        "+33 6 70 74 13 05"
      ],
      "@type": [
        "foaf:Agent",
        "Agent"
      ]
    }
  ],
  "hasDescription": [
    {
      "@id": "https://data.datatourisme.fr/61e85156-da04-367d-b7d5-2b8533a6bac4",
      "@type": [
        "Description"
      ],
      "hasTranslatedProperty": [
        {
          "@id": "https://data.datatourisme.fr/43ad4d6c-ca63-3913-a139-f4d23c886808",
          "dc:contributor": [
            "https://api.deepl.com/v2/translate"
          ],
          "rdf:language": [
            "it"
          ],
          "rdf:predicate": [
            "shortDescription"
          ]
        },
        {
          "@id": "https://data.datatourisme.fr/72c9bf17-da9c-362b-b2a1-73288ce3d26f",
          "dc:contributor": [
            "https://api.deepl.com/v2/translate"
          ],
          "rdf:language": [
            "de"
          ],
          "rdf:predicate": [
            "shortDescription"
          ]
        },
        {
          "@id": "https://data.datatourisme.fr/c6225a79-73e2-30a7-a4d4-851bd043d639",
          "dc:contributor": [
            "https://api.deepl.com/v2/translate"
          ],
          "rdf:language": [
            "es"
          ],
          "rdf:predicate": [
            "shortDescription"
          ]
        },
        {
          "@id": "https://data.datatourisme.fr/e9597c8a-c77d-3393-aaa6-cd912644471e",
          "dc:contributor": [
            "https://api.deepl.com/v2/translate"
          ],
          "rdf:language": [
            "nl"
          ],
          "rdf:predicate": [
            "shortDescription"
          ]
        }
      ],
      "shortDescription": {
        "de": [
          "Ihre Reitaktivität in Calvi, Balagne auf Korsika - Reitzentrum: Kurse - Ausritte - Schwimmen Pony-Club - Praktika - Ablegen von Prüfungen während der Praktika in der Nebensaison.\r\nKleine Tour für Kinder ab 3 Jahren.\r\nMJS-Zulassung Nr. 02B97ET0019"
        ],
        "en": [
          "Equestrian fun in Galvi, Balagne in Corsica - Riding stables: tuition - hacking - bathing with the ponies - courses - exam courses organised in low season.\r\nShort pony rides for children aged 3 and up.\r\nMJS certification no. 02B97ET0019"
        ],
        "it": [
          "La vostra attività equestre a Calvi, Balagne in Corsica - Centro equestre: lezioni - passeggiate - pony club di nuoto - corsi - esami durante i corsi fuori stagione.\r\nPiccolo tour per bambini a partire da 3 anni.\r\nApprovazione MJS n° 02B97ET0019"
        ],
        "fr": [
          "Votre activité équestre à Calvi, Balagne en Corse - Centre équestre : cours - promenade - baignade poney club -  stages - passage d'examens lors des stages hors-saison.\r\nPetit tour pour les enfants à partir de 3 ans.\r\nAgrément MJS n° 02B97ET0019"
        ],
        "nl": [
          "Uw ruiteractiviteit in Calvi, Balagne op Corsica - Manege: lessen - ritten - ponyclub zwemmen - cursussen - examens buiten het seizoen.\r\nKleine rondleiding voor kinderen vanaf 3 jaar.\r\nMJS-goedkeuring nr. 02B97ET0019"
        ],
        "es": [
          "Su actividad ecuestre en Calvi, Balagne en Córcega - Centro ecuestre: clases - paseos - natación en el pony club - cursos - exámenes durante los cursos fuera de temporada.\r\nPequeño recorrido para niños a partir de 3 años.\r\nAprobación MJS n° 02B97ET0019"
        ]
      }
    }
  ],
  "hasTheme": [
    {
      "@id": "kb:PonyRide",
      "@type": [
        "SportsTheme"
      ],
      "rdfs:label": {
        "de": [
          "Ponyreiten"
        ],
        "pt": [
          "Passeio de pónei"
        ],
        "en": [
          "Pony ride"
        ],
        "it": [
          "Giro in pony"
        ],
        "fr": [
          "Balade à poney"
        ],
        "nl": [
          "Ponyrit"
        ],
        "es": [
          "Paseo en poni"
        ]
      }
    },
    {
      "@id": "kb:Riding",
      "@type": [
        "SportsTheme"
      ],
      "rdfs:label": {
        "de": [
          "Reiten"
        ],
        "pt": [
          "Equitação"
        ],
        "en": [
          "Riding"
        ],
        "it": [
          "Equitazione"
        ],
        "fr": [
          "Equitation"
        ],
        "nl": [
          "Paardrijden"
        ],
        "es": [
          "Equitación"
        ]
      }
    }
  ],
  "hasTranslatedProperty": [
    {
      "@id": "https://data.datatourisme.fr/7e0cd8cb-df1f-3478-abc6-4b5a10ac9ee2",
      "dc:contributor": [
        "https://api.deepl.com/v2/translate"
      ],
      "rdf:language": [
        "es"
      ],
      "rdf:predicate": [
        {
          "@id": "rdfs:comment"
        }
      ]
    },
    {
      "@id": "https://data.datatourisme.fr/8a3cab94-a54b-32dc-9803-8679411a55b8",
      "dc:contributor": [
        "https://api.deepl.com/v2/translate"
      ],
      "rdf:language": [
        "nl"
      ],
      "rdf:predicate": [
        {
          "@id": "rdfs:comment"
        }
      ]
    },
    {
      "@id": "https://data.datatourisme.fr/a062cb37-989a-3ccb-8819-f4d76200b445",
      "dc:contributor": [
        "https://api.deepl.com/v2/translate"
      ],
      "rdf:language": [
        "de"
      ],
      "rdf:predicate": [
        {
          "@id": "rdfs:comment"
        }
      ]
    },
    {
      "@id": "https://data.datatourisme.fr/ee443eef-4838-39fe-a3dc-ae32769bee2f",
      "dc:contributor": [
        "https://api.deepl.com/v2/translate"
      ],
      "rdf:language": [
        "it"
      ],
      "rdf:predicate": [
        {
          "@id": "rdfs:comment"
        }
      ]
    }
  ],
  "isLocatedAt": [
    {
      "@id": "https://data.datatourisme.fr/cb133c5b-271a-3c5f-8bdc-3c80049b58ba",
      "schema:address": [
        {
          "@id": "https://data.datatourisme.fr/a0344167-7002-337a-bd0f-ecdb9dd70664",
          "schema:addressLocality": "Calvi",
          "schema:postalCode": "20260",
          "schema:streetAddress": [
            "RT 30"
          ],
          "@type": [
            "schema:PostalAddress",
            "PostalAddress"
          ],
          "hasAddressCity": {
            "@id": "kb:2B050",
            "@type": [
              "City"
            ],
            "rdfs:label": {
              "en": [
                "Calvi"
              ],
              "fr": [
                "Calvi"
              ]
            },
            "insee": "2B050",
            "isPartOfDepartment": {
              "@id": "kb:France942B",
              "@type": [
                "Department"
              ],
              "rdfs:label": {
                "en": [
                  "Haute-Corse"
                ],
                "fr": [
                  "Haute-Corse"
                ]
              },
              "insee": "2B",
              "isPartOfRegion": {
                "@id": "kb:France94",
                "@type": [
                  "Region"
                ],
                "rdfs:label": {
                  "en": [
                    "Corse"
                  ],
                  "fr": [
                    "Corse"
                  ]
                },
                "insee": "94",
                "isPartOfCountry": {
                  "@id": "kb:France",
                  "@type": [
                    "schema:Country"
                  ],
                  "rdfs:label": {
                    "de": [
                      "Frankreich"
                    ],
                    "pt": [
                      "França"
                    ],
                    "en": [
                      "France"
                    ],
                    "it": [
                      "Francia"
                    ],
                    "fr": [
                      "France"
                    ],
                    "nl": [
                      "Frankrijk"
                    ],
                    "es": [
                      "Francia"
                    ]
                  }
                }
              }
            }
          }
        }
      ],
      "schema:geo": {
        "@id": "https://data.datatourisme.fr/bb0355f0-5a71-36b4-bfe4-f0849bca384a",
        "schema:latitude": "42.55121",
        "schema:longitude": "8.779444",
        "@type": [
          "schema:GeoCoordinates"
        ]
      },
      "schema:openingHoursSpecification": [
        {
          "@id": "https://data.datatourisme.fr/f87e535a-636d-3343-ad63-8a03392e7511",
          "schema:validFrom": "2023-01-01T00:00:00",
          "schema:validThrough": "2023-12-31T23:59:59",
          "@type": [
            "schema:OpeningHoursSpecification"
          ]
        }
      ],
      "@type": [
        "schema:Place",
        "Place"
      ]
    }
  ],
  "isOwnedBy": [
    {
      "@id": "https://data.datatourisme.fr/194c52e6-bbae-33dc-8464-caca97844fbb",
      "schema:email": [
        "info@balagne-corsica.com"
      ],
      "schema:legalName": "Office de Tourisme Intercommunal Calvi - Balagne",
      "@type": [
        "schema:Organization",
        "foaf:Agent",
        "Agent"
      ],
      "foaf:homepage": [
        "https://www.balagne-corsica.com/"
      ]
    }
  ],
  "lastUpdate": "2020-03-03",
  "lastUpdateDatatourisme": "2023-02-11T06:38:48.997Z"
}