{
  "@id": "https://data.datatourisme.fr/13/ae972c78-d94a-3e01-bb2d-66e87d83e6bf",
  "dc:identifier": "5608053",
  "@type": [
    "schema:LocalBusiness",
    "ActivityProvider",
    "PlaceOfInterest",
    "PointOfInterest",
    "Store"
  ],
  "rdfs:comment": {
    "de": [
      "Der Verein SCOPRE auf Korsika umfasst ein Team von staatlich geprüften Fremdenführern, die gleichzeitig Vortragende und Bergbegleiter sind. Sie sind von ihrem Beruf begeistert und lieben Korsika. Sie lassen Sie an seiner Authentizität, seinen Werten und seiner Geschichte teilhaben."
    ],
    "en": [
      "The SCOPRE association in Corsica brings together a team of state-certified guides, both lecturers and mountain guides. Passionate about their profession and in love with Corsica, they share with you its authenticity, values ​​and history."
    ],
    "it": [
      "L'associazione SCOPRE in Corsica riunisce un team di guide qualificate dallo Stato, sia docenti che accompagnatori di montagna. Appassionati della loro professione e innamorati della Corsica, ne condivideranno con voi l'autenticità, i valori e la storia."
    ],
    "fr": [
      "L’association SCOPRE en Corse regroupe une équipe de guides diplômés d'Etat, à la fois conférenciers et accompagnateurs en montagne. Passionnés par leur métier et amoureux de la Corse, ils vous font partager son authenticité, ses valeurs et son histoire."
    ],
    "es": [
      "La asociación SCOPRE de Córcega reúne a un equipo de guías cualificados por el Estado, tanto profesores como guías de montaña. Apasionados por su profesión y enamorados de Córcega, compartirán con usted su autenticidad, sus valores y su historia."
    ],
    "nl": [
      "De vereniging SCOPRE op Corsica verenigt een team van staatsgediplomeerde gidsen, zowel docenten als bergleiders. Gepassioneerd door hun beroep en verliefd op Corsica, zullen zij met u de authenticiteit, de waarden en de geschiedenis van Corsica delen."
    ]
  },
  "rdfs:label": {
    "fr": [
      "Association de guides Scopre"
    ]
  },
  "hasBeenCreatedBy": {
    "@id": "https://data.datatourisme.fr/13/e4873aa9-a05c-35ed-8395-61d121516766",
    "dc:identifier": "1646",
    "schema:email": [
      "info@balagne-corsica.com"
    ],
    "schema:legalName": "Office de Tourisme Intercommunal Calvi - Balagne",
    "@type": [
      "schema:Organization",
      "foaf:Agent",
      "Agent"
    ],
    "foaf:homepage": [
      "https://www.balagne-corsica.com/"
    ]
  },
  "hasBeenPublishedBy": [
    {
      "@id": "https://data.datatourisme.fr/8a9feb4b-2cbd-3d2c-b507-bd6c6776b23b",
      "schema:legalName": "Apidae Tourisme Scic SA - source : Apidae Tourisme",
      "@type": [
        "schema:Organization",
        "foaf:Agent",
        "Agent"
      ],
      "foaf:homepage": [
        "https://www.apidae-tourisme.com/"
      ]
    }
  ],
  "hasContact": [
    {
      "@id": "https://data.datatourisme.fr/f5f175c9-fe65-3c21-a3d4-480ac0f29b42",
      "schema:telephone": [
        "+33 4 95 65 92 90",
        "+33 6 12 05 72 10"
      ],
      "@type": [
        "foaf:Agent",
        "Agent"
      ]
    }
  ],
  "hasDescription": [
    {
      "@id": "https://data.datatourisme.fr/2aecbed0-bfea-3be2-8f30-3181a887af3e",
      "@type": [
        "Description"
      ],
      "hasTranslatedProperty": [
        {
          "@id": "https://data.datatourisme.fr/1eed1dd7-f2bb-37e9-9f82-43cd49ac3621",
          "dc:contributor": [
            "https://api.deepl.com/v2/translate"
          ],
          "rdf:language": [
            "nl"
          ],
          "rdf:predicate": [
            "shortDescription"
          ]
        },
        {
          "@id": "https://data.datatourisme.fr/20433ea8-80bd-37fb-a48f-6e672e7eb41d",
          "dc:contributor": [
            "https://api.deepl.com/v2/translate"
          ],
          "rdf:language": [
            "it"
          ],
          "rdf:predicate": [
            "shortDescription"
          ]
        },
        {
          "@id": "https://data.datatourisme.fr/7bfe3f8f-0712-3641-bc6b-4340e4f59b0f",
          "dc:contributor": [
            "https://api.deepl.com/v2/translate"
          ],
          "rdf:language": [
            "es"
          ],
          "rdf:predicate": [
            "shortDescription"
          ]
        },
        {
          "@id": "https://data.datatourisme.fr/d623d6a5-0dfd-3013-a918-b90818742927",
          "dc:contributor": [
            "https://api.deepl.com/v2/translate"
          ],
          "rdf:language": [
            "de"
          ],
          "rdf:predicate": [
            "shortDescription"
          ]
        }
      ],
      "shortDescription": {
        "de": [
          "Der Verein SCOPRE auf Korsika umfasst ein Team von staatlich geprüften Fremdenführern, die gleichzeitig Vortragende und Bergbegleiter sind. Sie sind von ihrem Beruf begeistert und lieben Korsika. Sie lassen Sie an seiner Authentizität, seinen Werten und seiner Geschichte teilhaben."
        ],
        "en": [
          "The SCOPRE association in Corsica brings together a team of state-certified guides, both lecturers and mountain guides. Passionate about their profession and in love with Corsica, they share with you its authenticity, values ​​and history."
        ],
        "it": [
          "L'associazione SCOPRE in Corsica riunisce un team di guide qualificate dallo Stato, sia docenti che accompagnatori di montagna. Appassionati della loro professione e innamorati della Corsica, ne condivideranno con voi l'autenticità, i valori e la storia."
        ],
        "fr": [
          "L’association SCOPRE en Corse regroupe une équipe de guides diplômés d'Etat, à la fois conférenciers et accompagnateurs en montagne. Passionnés par leur métier et amoureux de la Corse, ils vous font partager son authenticité, ses valeurs et son histoire."
        ],
        "es": [
          "La asociación SCOPRE de Córcega reúne a un equipo de guías cualificados por el Estado, tanto profesores como guías de montaña. Apasionados por su profesión y enamorados de Córcega, compartirán con usted su autenticidad, sus valores y su historia."
        ],
        "nl": [
          "De vereniging SCOPRE op Corsica verenigt een team van staatsgediplomeerde gidsen, zowel docenten als bergleiders. Gepassioneerd door hun beroep en verliefd op Corsica, zullen zij met u de authenticiteit, de waarden en de geschiedenis van Corsica delen."
        ]
      }
    }
  ],
  "hasTheme": [
    {
      "@id": "kb:Hiking",
      "@type": [
        "SportsTheme"
      ],
      "rdfs:label": {
        "de": [
          "Wanderung"
        ],
        "pt": [
          "Caminhada"
        ],
        "en": [
          "Hiking"
        ],
        "it": [
          "Escursione"
        ],
        "fr": [
          "Randonnée"
        ],
        "nl": [
          "Wandelen"
        ],
        "es": [
          "Senderismo"
        ]
      }
    },
    {
      "@id": "kb:Orienteering",
      "@type": [
        "SportsTheme"
      ],
      "rdfs:label": {
        "de": [
          "Ausrichtung"
        ],
        "pt": [
          "Orientação"
        ],
        "en": [
          "Orienteering"
        ],
        "it": [
          "Orientamento"
        ],
        "fr": [
          "Orientation"
        ],
        "es": [
          "Orientación"
        ],
        "nl": [
          "Oriëntatie"
        ]
      }
    }
  ],
  "hasTranslatedProperty": [
    {
      "@id": "https://data.datatourisme.fr/0a24e9ac-9bd8-32d8-b112-855e8040d55a",
      "dc:contributor": [
        "https://api.deepl.com/v2/translate"
      ],
      "rdf:language": [
        "it"
      ],
      "rdf:predicate": [
        {
          "@id": "rdfs:comment"
        }
      ]
    },
    {
      "@id": "https://data.datatourisme.fr/15f47252-6cc5-3bbe-9e98-73b0bc88fd5d",
      "dc:contributor": [
        "https://api.deepl.com/v2/translate"
      ],
      "rdf:language": [
        "de"
      ],
      "rdf:predicate": [
        {
          "@id": "rdfs:comment"
        }
      ]
    },
    {
      "@id": "https://data.datatourisme.fr/218a01f4-ae46-3411-b7dd-6a484d3e06c2",
      "dc:contributor": [
        "https://api.deepl.com/v2/translate"
      ],
      "rdf:language": [
        "es"
      ],
      "rdf:predicate": [
        {
          "@id": "rdfs:comment"
        }
      ]
    },
    {
      "@id": "https://data.datatourisme.fr/9a4999b1-eb78-3699-9c66-ccee79321d5e",
      "dc:contributor": [
        "https://api.deepl.com/v2/translate"
      ],
      "rdf:language": [
        "nl"
      ],
      "rdf:predicate": [
        {
          "@id": "rdfs:comment"
        }
      ]
    }
  ],
  "isLocatedAt": [
    {
      "@id": "https://data.datatourisme.fr/60356421-0153-3731-97e8-8457d13a7b1d",
      "schema:address": [
        {
          "@id": "https://data.datatourisme.fr/8091dc6a-d8b6-3293-b71c-be5015c44d05",
          "schema:addressLocality": "Corte",
          "schema:postalCode": "20096",
          "schema:streetAddress": [
            "Carrefour Jean Nicoli",
            "Résidence Perru - Bâtiment I"
          ],
          "@type": [
            "schema:PostalAddress",
            "PostalAddress"
          ],
          "hasAddressCity": {
            "@id": "kb:2B096",
            "@type": [
              "City"
            ],
            "rdfs:label": {
              "en": [
                "Corte"
              ],
              "fr": [
                "Corte"
              ]
            },
            "insee": "2B096",
            "isPartOfDepartment": {
              "@id": "kb:France942B",
              "@type": [
                "Department"
              ],
              "rdfs:label": {
                "en": [
                  "Haute-Corse"
                ],
                "fr": [
                  "Haute-Corse"
                ]
              },
              "insee": "2B",
              "isPartOfRegion": {
                "@id": "kb:France94",
                "@type": [
                  "Region"
                ],
                "rdfs:label": {
                  "en": [
                    "Corse"
                  ],
                  "fr": [
                    "Corse"
                  ]
                },
                "insee": "94",
                "isPartOfCountry": {
                  "@id": "kb:France",
                  "@type": [
                    "schema:Country"
                  ],
                  "rdfs:label": {
                    "de": [
                      "Frankreich"
                    ],
                    "pt": [
                      "França"
                    ],
                    "en": [
                      "France"
                    ],
                    "it": [
                      "Francia"
                    ],
                    "fr": [
                      "France"
                    ],
                    "nl": [
                      "Frankrijk"
                    ],
                    "es": [
                      "Francia"
                    ]
                  }
                }
              }
            }
          }
        }
      ],
      "schema:geo": {
        "@id": "https://data.datatourisme.fr/f47fe5cf-f474-3b33-8324-ea49c323fcd3",
        "schema:latitude": "42.30004",
        "schema:longitude": "9.150075",
        "@type": [
          "schema:GeoCoordinates"
        ]
      },
      "schema:openingHoursSpecification": [
        {
          "@id": "https://data.datatourisme.fr/f87e535a-636d-3343-ad63-8a03392e7511",
          "schema:validFrom": "2023-01-01T00:00:00",
          "schema:validThrough": "2023-12-31T23:59:59",
          "@type": [
            "schema:OpeningHoursSpecification"
          ]
        }
      ],
      "@type": [
        "schema:Place",
        "Place"
      ]
    }
  ],
  "isOwnedBy": [
    {
      "@id": "https://data.datatourisme.fr/194c52e6-bbae-33dc-8464-caca97844fbb",
      "schema:email": [
        "info@balagne-corsica.com"
      ],
      "schema:legalName": "Office de Tourisme Intercommunal Calvi - Balagne",
      "@type": [
        "schema:Organization",
        "foaf:Agent",
        "Agent"
      ],
      "foaf:homepage": [
        "https://www.balagne-corsica.com/"
      ]
    }
  ],
  "lastUpdate": "2021-03-31",
  "lastUpdateDatatourisme": "2023-02-10T06:39:19.904Z"
}