{
  "@id": "https://data.datatourisme.fr/13/1411b8c8-5fa9-3391-a00b-ac2c249e4201",
  "dc:identifier": "6428942",
  "@type": [
    "schema:FoodEstablishment",
    "FoodEstablishment",
    "PlaceOfInterest",
    "PointOfInterest"
  ],
  "rdfs:comment": {
    "de": [
      "Machen Sie einen Feinschmeckerstopp am Hafen von Calvi in der Balagne auf Korsika!\r\nDieses Familienrestaurant freut sich, Sie das ganze Jahr über begrüßen zu dürfen"
    ],
    "en": [
      "Make a gourmet stop on the port of Calvi in Balagne in Corsica!\r\nThis family restaurant will be delighted to welcome you all year round"
    ],
    "it": [
      "Concedetevi una pausa gastronomica al porto di Calvi, nella regione della Balagne, in Corsica!\r\nQuesto ristorante a conduzione familiare sarà lieto di accogliervi tutto l'anno."
    ],
    "fr": [
      "Faites une halte gourmande sur le port de Calvi en Balagne en Corse !\r\nCe restaurant familial sera ravi de vous y accueillir toute l'année"
    ],
    "nl": [
      "Neem een gastronomische pauze in de haven van Calvi in de regio Balagne op Corsica!\r\nDit familierestaurant zal u het hele jaar door met plezier ontvangen"
    ],
    "es": [
      "Disfrute de una pausa gastronómica en el puerto de Calvi, en la región de Balagne (Córcega)\r\nEste restaurante familiar estará encantado de recibirle durante todo el año"
    ]
  },
  "rdfs:label": {
    "fr": [
      "La Ciucciarella"
    ]
  },
  "hasBeenCreatedBy": {
    "@id": "https://data.datatourisme.fr/13/e4873aa9-a05c-35ed-8395-61d121516766",
    "dc:identifier": "1646",
    "schema:email": [
      "info@balagne-corsica.com"
    ],
    "schema:legalName": "Office de Tourisme Intercommunal Calvi - Balagne",
    "@type": [
      "schema:Organization",
      "foaf:Agent",
      "Agent"
    ],
    "foaf:homepage": [
      "https://www.balagne-corsica.com/"
    ]
  },
  "hasBeenPublishedBy": [
    {
      "@id": "https://data.datatourisme.fr/8a9feb4b-2cbd-3d2c-b507-bd6c6776b23b",
      "schema:legalName": "Apidae Tourisme Scic SA - source : Apidae Tourisme",
      "@type": [
        "schema:Organization",
        "foaf:Agent",
        "Agent"
      ],
      "foaf:homepage": [
        "https://www.apidae-tourisme.com/"
      ]
    }
  ],
  "hasContact": [
    {
      "@id": "https://data.datatourisme.fr/eb620aac-e2c4-3513-a55a-b71f0fddcdf4",
      "schema:email": [
        "ciucciarella.calvi@gmail.com"
      ],
      "schema:telephone": [
        "+33 6 77 53 64 68"
      ],
      "@type": [
        "foaf:Agent",
        "Agent"
      ]
    }
  ],
  "hasDescription": [
    {
      "@id": "https://data.datatourisme.fr/8207dd23-c4f1-3519-899c-f27c659ee070",
      "@type": [
        "Description"
      ],
      "hasTranslatedProperty": [
        {
          "@id": "https://data.datatourisme.fr/8081a606-756f-31c4-8cc2-11bd689cf1ea",
          "dc:contributor": [
            "https://api.deepl.com/v2/translate"
          ],
          "rdf:language": [
            "es"
          ],
          "rdf:predicate": [
            "shortDescription"
          ]
        },
        {
          "@id": "https://data.datatourisme.fr/a6107101-71bf-39bb-82f4-a90adadf1c19",
          "dc:contributor": [
            "https://api.deepl.com/v2/translate"
          ],
          "rdf:language": [
            "nl"
          ],
          "rdf:predicate": [
            "shortDescription"
          ]
        },
        {
          "@id": "https://data.datatourisme.fr/c3bb7460-4182-3ebc-8c99-c78339673e72",
          "dc:contributor": [
            "https://api.deepl.com/v2/translate"
          ],
          "rdf:language": [
            "de"
          ],
          "rdf:predicate": [
            "shortDescription"
          ]
        }
      ],
      "shortDescription": {
        "de": [
          "Machen Sie einen Feinschmeckerstopp am Hafen von Calvi in der Balagne auf Korsika!\r\nDieses Familienrestaurant freut sich, Sie das ganze Jahr über begrüßen zu dürfen"
        ],
        "en": [
          "Make a gourmet stop on the port of Calvi in Balagne in Corsica!\r\nThis family restaurant will be delighted to welcome you all year round"
        ],
        "it": [
          "Concedetevi una pausa gastronomica al porto di Calvi, nella regione della Balagne, in Corsica!\r\nQuesto ristorante a conduzione familiare sarà lieto di accogliervi tutto l'anno."
        ],
        "fr": [
          "Faites une halte gourmande sur le port de Calvi en Balagne en Corse !\r\nCe restaurant familial sera ravi de vous y accueillir toute l'année"
        ],
        "nl": [
          "Neem een gastronomische pauze in de haven van Calvi in de regio Balagne op Corsica!\r\nDit familierestaurant zal u het hele jaar door met plezier ontvangen"
        ],
        "es": [
          "Disfrute de una pausa gastronómica en el puerto de Calvi, en la región de Balagne (Córcega)\r\nEste restaurante familiar estará encantado de recibirle durante todo el año"
        ]
      }
    }
  ],
  "hasTheme": [
    {
      "@id": "kb:MediterraneanCuisine",
      "@type": [
        "CuisineCategory"
      ],
      "rdfs:label": {
        "de": [
          "Mediterrane Küche"
        ],
        "pt": [
          "Cozinha mediterrânica"
        ],
        "en": [
          "Mediterranean cuisine"
        ],
        "it": [
          "Cucina mediterranea"
        ],
        "fr": [
          "Cuisine méditerranéenne"
        ],
        "nl": [
          "Mediterrane keuken"
        ],
        "es": [
          "Cocina mediterránea"
        ]
      }
    }
  ],
  "hasTranslatedProperty": [
    {
      "@id": "https://data.datatourisme.fr/46280b1a-29bf-353c-99c5-82c3a84b760b",
      "dc:contributor": [
        "https://api.deepl.com/v2/translate"
      ],
      "rdf:language": [
        "nl"
      ],
      "rdf:predicate": [
        {
          "@id": "rdfs:comment"
        }
      ]
    },
    {
      "@id": "https://data.datatourisme.fr/a0fd4633-d782-3c35-93d9-a1eb7962ef6b",
      "dc:contributor": [
        "https://api.deepl.com/v2/translate"
      ],
      "rdf:language": [
        "de"
      ],
      "rdf:predicate": [
        {
          "@id": "rdfs:comment"
        }
      ]
    },
    {
      "@id": "https://data.datatourisme.fr/be8f3f40-991e-38b6-a5c6-27b55455f4f4",
      "dc:contributor": [
        "https://api.deepl.com/v2/translate"
      ],
      "rdf:language": [
        "es"
      ],
      "rdf:predicate": [
        {
          "@id": "rdfs:comment"
        }
      ]
    }
  ],
  "isLocatedAt": [
    {
      "@id": "https://data.datatourisme.fr/75446f19-a51a-3387-b056-6ab331729e5e",
      "schema:address": [
        {
          "@id": "https://data.datatourisme.fr/03383dee-a170-370e-82ad-b8136ea596fc",
          "schema:addressLocality": "Calvi",
          "schema:postalCode": "20260",
          "schema:streetAddress": [
            "Quai Landry"
          ],
          "@type": [
            "schema:PostalAddress",
            "PostalAddress"
          ],
          "hasAddressCity": {
            "@id": "kb:2B050",
            "@type": [
              "City"
            ],
            "rdfs:label": {
              "en": [
                "Calvi"
              ],
              "fr": [
                "Calvi"
              ]
            },
            "insee": "2B050",
            "isPartOfDepartment": {
              "@id": "kb:France942B",
              "@type": [
                "Department"
              ],
              "rdfs:label": {
                "en": [
                  "Haute-Corse"
                ],
                "fr": [
                  "Haute-Corse"
                ]
              },
              "insee": "2B",
              "isPartOfRegion": {
                "@id": "kb:France94",
                "@type": [
                  "Region"
                ],
                "rdfs:label": {
                  "en": [
                    "Corse"
                  ],
                  "fr": [
                    "Corse"
                  ]
                },
                "insee": "94",
                "isPartOfCountry": {
                  "@id": "kb:France",
                  "@type": [
                    "schema:Country"
                  ],
                  "rdfs:label": {
                    "de": [
                      "Frankreich"
                    ],
                    "pt": [
                      "França"
                    ],
                    "en": [
                      "France"
                    ],
                    "it": [
                      "Francia"
                    ],
                    "fr": [
                      "France"
                    ],
                    "nl": [
                      "Frankrijk"
                    ],
                    "es": [
                      "Francia"
                    ]
                  }
                }
              }
            }
          }
        }
      ],
      "schema:geo": {
        "@id": "https://data.datatourisme.fr/3042db3f-69fa-35c6-a1c7-e3d8c49f991a",
        "schema:latitude": "42.566181",
        "schema:longitude": "8.757845",
        "@type": [
          "schema:GeoCoordinates"
        ]
      },
      "schema:openingHoursSpecification": [
        {
          "@id": "https://data.datatourisme.fr/766318bb-1dfa-37de-9f82-37031a6b978a",
          "schema:validFrom": "2023-03-01T00:00:00",
          "schema:validThrough": "2023-12-15T23:59:59",
          "@type": [
            "schema:OpeningHoursSpecification"
          ],
          "additionalInformation": {
            "de": [
              "Zeitraum zur Orientierung - genaue Daten werden noch bestätigt"
            ],
            "en": [
              "Indicative period - Specific dates to be confirmed"
            ],
            "it": [
              "Periodo indicativo - date precise da confermare"
            ],
            "fr": [
              "Période à titre indicatif - Dates précises à confirmer"
            ],
            "es": [
              "Periodo indicativo - fechas precisas por confirmar"
            ],
            "nl": [
              "Indicatieve periode - precieze data nog te bevestigen"
            ]
          },
          "hasTranslatedProperty": [
            {
              "@id": "https://data.datatourisme.fr/52882f2a-6ab9-36a5-812e-e7cbfac43676",
              "dc:contributor": [
                "https://api.deepl.com/v2/translate"
              ],
              "rdf:language": [
                "nl"
              ],
              "rdf:predicate": [
                "additionalInformation"
              ]
            },
            {
              "@id": "https://data.datatourisme.fr/773b7564-cc5d-3e5d-9b83-2fd487212914",
              "dc:contributor": [
                "https://api.deepl.com/v2/translate"
              ],
              "rdf:language": [
                "en"
              ],
              "rdf:predicate": [
                "additionalInformation"
              ]
            },
            {
              "@id": "https://data.datatourisme.fr/8ecaa917-fc7d-33d3-b63a-6050a6991390",
              "dc:contributor": [
                "https://api.deepl.com/v2/translate"
              ],
              "rdf:language": [
                "es"
              ],
              "rdf:predicate": [
                "additionalInformation"
              ]
            },
            {
              "@id": "https://data.datatourisme.fr/dd3e3ac2-8fb9-3355-85d0-69ed1af753fc",
              "dc:contributor": [
                "https://api.deepl.com/v2/translate"
              ],
              "rdf:language": [
                "it"
              ],
              "rdf:predicate": [
                "additionalInformation"
              ]
            },
            {
              "@id": "https://data.datatourisme.fr/f40e6754-e1fc-332b-a25b-a1f5eeb8d43b",
              "dc:contributor": [
                "https://api.deepl.com/v2/translate"
              ],
              "rdf:language": [
                "de"
              ],
              "rdf:predicate": [
                "additionalInformation"
              ]
            }
          ]
        }
      ],
      "@type": [
        "schema:Place",
        "Place"
      ]
    }
  ],
  "isOwnedBy": [
    {
      "@id": "https://data.datatourisme.fr/194c52e6-bbae-33dc-8464-caca97844fbb",
      "schema:email": [
        "info@balagne-corsica.com"
      ],
      "schema:legalName": "Office de Tourisme Intercommunal Calvi - Balagne",
      "@type": [
        "schema:Organization",
        "foaf:Agent",
        "Agent"
      ],
      "foaf:homepage": [
        "https://www.balagne-corsica.com/"
      ]
    }
  ],
  "lastUpdate": "2023-02-27",
  "lastUpdateDatatourisme": "2023-04-01T05:50:20.155Z",
  "providesCuisineOfType": [
    {
      "@id": "kb:MediterraneanCuisine",
      "@type": [
        "CuisineCategory"
      ],
      "rdfs:label": {
        "de": [
          "Mediterrane Küche"
        ],
        "pt": [
          "Cozinha mediterrânica"
        ],
        "en": [
          "Mediterranean cuisine"
        ],
        "it": [
          "Cucina mediterranea"
        ],
        "fr": [
          "Cuisine méditerranéenne"
        ],
        "nl": [
          "Mediterrane keuken"
        ],
        "es": [
          "Cocina mediterránea"
        ]
      }
    }
  ]
}