{
  "@id": "https://data.datatourisme.fr/13/11dc3aee-fce9-3940-a670-ca8b18a3a313",
  "dc:identifier": "6411048",
  "@type": [
    "schema:LocalBusiness",
    "ActivityProvider",
    "PlaceOfInterest",
    "PointOfInterest",
    "Store"
  ],
  "rdfs:comment": {
    "de": [
      "Tauchzentrum im Herzen des Naturschutzgebiets der Cerbicale-Inseln. Schnuppertauchen, Ausbildung, Erkundung des Reservats und eines Wracks. Für alle Altersgruppen zugänglich.\r\nTäglich geöffnet."
    ],
    "en": [
      "Diving center located in the heart of the Natural Reserve of the Cerbicale Islands. Baptism, training, exploration of the reserve and of a wreck. Accessible to all public.\r\nOpen every day."
    ],
    "it": [
      "Centro immersioni situato nel cuore della Riserva Naturale delle Isole Cerbicali. Battesimo, formazione, esplorazione della riserva e di un relitto. Accessibile a tutti.\r\nAperto tutti i giorni."
    ],
    "fr": [
      "Centre de plongée situé au cœur de la Réserve Naturelle des îles Cerbicale. Baptême, formation, exploration de la réserve et d’une épave. Accessible à tout public. \r\nOuvert tous les jours."
    ],
    "nl": [
      "Duikcentrum gelegen in het hart van het natuurreservaat van de Cerbicale-eilanden. Doop, opleiding, verkenning van het reservaat en van een wrak. Toegankelijk voor iedereen.\r\nElke dag open."
    ],
    "es": [
      "Centro de buceo situado en el corazón de la Reserva Natural de las Islas Cerbicale. Bautismo, formación, exploración de la reserva y de un naufragio. Accesible para todos.\r\nAbierto todos los días."
    ]
  },
  "rdfs:label": {
    "fr": [
      "Hippocampe"
    ]
  },
  "hasBeenCreatedBy": {
    "@id": "https://data.datatourisme.fr/13/84c6494d-3085-3c63-a55c-db8cb047fadd",
    "dc:identifier": "1738",
    "schema:email": [
      "camillef.omt@gmail.com",
      "direction@destination-sudcorse.com",
      "gestion@destination-sudcorse.com",
      "promotion@destination-sudcorse.com",
      "webmaster@destination-sudcorse.com"
    ],
    "schema:legalName": "Porto Vecchio Tourisme",
    "@type": [
      "schema:Organization",
      "foaf:Agent",
      "Agent"
    ],
    "foaf:homepage": [
      "http://www.ot-portovecchio.com/"
    ]
  },
  "hasBeenPublishedBy": [
    {
      "@id": "https://data.datatourisme.fr/8a9feb4b-2cbd-3d2c-b507-bd6c6776b23b",
      "schema:legalName": "Apidae Tourisme Scic SA - source : Apidae Tourisme",
      "@type": [
        "schema:Organization",
        "foaf:Agent",
        "Agent"
      ],
      "foaf:homepage": [
        "https://www.apidae-tourisme.com/"
      ]
    }
  ],
  "hasContact": [
    {
      "@id": "https://data.datatourisme.fr/79b47b70-2e18-3179-a788-81d8a0f86eab",
      "schema:email": [
        "dive@hippocampe.de"
      ],
      "schema:telephone": [
        "+33 7 50 27 49 56",
        "+33 7 75 21 68 43"
      ],
      "@type": [
        "foaf:Agent",
        "Agent"
      ],
      "foaf:homepage": [
        "http://www.hippocampe.de/"
      ]
    }
  ],
  "hasDescription": [
    {
      "@id": "https://data.datatourisme.fr/d8541d70-96ed-3049-aa16-55db6d2af1eb",
      "@type": [
        "Description"
      ],
      "hasTranslatedProperty": [
        {
          "@id": "https://data.datatourisme.fr/2bf93eab-af4e-3199-be2d-b20c054fb437",
          "dc:contributor": [
            "https://api.deepl.com/v2/translate"
          ],
          "rdf:language": [
            "nl"
          ],
          "rdf:predicate": [
            "shortDescription"
          ]
        },
        {
          "@id": "https://data.datatourisme.fr/8a5dfb15-bbd9-39aa-99ec-194ea47af0fe",
          "dc:contributor": [
            "https://api.deepl.com/v2/translate"
          ],
          "rdf:language": [
            "de"
          ],
          "rdf:predicate": [
            "shortDescription"
          ]
        },
        {
          "@id": "https://data.datatourisme.fr/90a1ec25-e6a7-38d9-8cfe-9008ab484527",
          "dc:contributor": [
            "https://api.deepl.com/v2/translate"
          ],
          "rdf:language": [
            "es"
          ],
          "rdf:predicate": [
            "shortDescription"
          ]
        },
        {
          "@id": "https://data.datatourisme.fr/c1cd6b52-e1b7-3748-8b23-3d9f5255a953",
          "dc:contributor": [
            "https://api.deepl.com/v2/translate"
          ],
          "rdf:language": [
            "it"
          ],
          "rdf:predicate": [
            "shortDescription"
          ]
        },
        {
          "@id": "https://data.datatourisme.fr/db4b1de0-e3c6-3ea8-baa9-9719b69f1fc4",
          "dc:contributor": [
            "https://api.deepl.com/v2/translate"
          ],
          "rdf:language": [
            "en"
          ],
          "rdf:predicate": [
            "shortDescription"
          ]
        }
      ],
      "shortDescription": {
        "de": [
          "Tauchzentrum im Herzen des Naturschutzgebiets der Cerbicale-Inseln. Schnuppertauchen, Ausbildung, Erkundung des Reservats und eines Wracks. Für alle Altersgruppen zugänglich.\r\nTäglich geöffnet."
        ],
        "en": [
          "Diving center located in the heart of the Natural Reserve of the Cerbicale Islands. Baptism, training, exploration of the reserve and of a wreck. Accessible to all public.\r\nOpen every day."
        ],
        "it": [
          "Centro immersioni situato nel cuore della Riserva Naturale delle Isole Cerbicali. Battesimo, formazione, esplorazione della riserva e di un relitto. Accessibile a tutti.\r\nAperto tutti i giorni."
        ],
        "fr": [
          "Centre de plongée situé au cœur de la Réserve Naturelle des îles Cerbicale. Baptême, formation, exploration de la réserve et d’une épave. Accessible à tout public. \r\nOuvert tous les jours."
        ],
        "nl": [
          "Duikcentrum gelegen in het hart van het natuurreservaat van de Cerbicale-eilanden. Doop, opleiding, verkenning van het reservaat en van een wrak. Toegankelijk voor iedereen.\r\nElke dag open."
        ],
        "es": [
          "Centro de buceo situado en el corazón de la Reserva Natural de las Islas Cerbicale. Bautismo, formación, exploración de la reserva y de un naufragio. Accesible para todos.\r\nAbierto todos los días."
        ]
      }
    }
  ],
  "hasTheme": [
    {
      "@id": "kb:Diving",
      "@type": [
        "SportsTheme"
      ],
      "rdfs:label": {
        "de": [
          "Tauchen"
        ],
        "pt": [
          "Mergulho"
        ],
        "en": [
          "Diving"
        ],
        "it": [
          "Immersione"
        ],
        "fr": [
          "Plongée"
        ],
        "nl": [
          "Duiken"
        ],
        "es": [
          "Buceo"
        ]
      }
    }
  ],
  "hasTranslatedProperty": [
    {
      "@id": "https://data.datatourisme.fr/29100da1-f95b-365c-b536-ac8991bab626",
      "dc:contributor": [
        "https://api.deepl.com/v2/translate"
      ],
      "rdf:language": [
        "it"
      ],
      "rdf:predicate": [
        {
          "@id": "rdfs:comment"
        }
      ]
    },
    {
      "@id": "https://data.datatourisme.fr/86f39b08-7ce6-3213-9da1-2f1f71514ecd",
      "dc:contributor": [
        "https://api.deepl.com/v2/translate"
      ],
      "rdf:language": [
        "en"
      ],
      "rdf:predicate": [
        {
          "@id": "rdfs:comment"
        }
      ]
    },
    {
      "@id": "https://data.datatourisme.fr/c9a1097e-e95d-3877-8dba-9295a92cf8f3",
      "dc:contributor": [
        "https://api.deepl.com/v2/translate"
      ],
      "rdf:language": [
        "de"
      ],
      "rdf:predicate": [
        {
          "@id": "rdfs:comment"
        }
      ]
    },
    {
      "@id": "https://data.datatourisme.fr/d230f500-2e45-354b-babb-71d48e695a84",
      "dc:contributor": [
        "https://api.deepl.com/v2/translate"
      ],
      "rdf:language": [
        "es"
      ],
      "rdf:predicate": [
        {
          "@id": "rdfs:comment"
        }
      ]
    },
    {
      "@id": "https://data.datatourisme.fr/e6032f36-a2ca-3e8a-983a-704ffd7e7325",
      "dc:contributor": [
        "https://api.deepl.com/v2/translate"
      ],
      "rdf:language": [
        "nl"
      ],
      "rdf:predicate": [
        {
          "@id": "rdfs:comment"
        }
      ]
    }
  ],
  "isLocatedAt": [
    {
      "@id": "https://data.datatourisme.fr/27574c76-97d4-333e-9dd6-b660c9d7eecd",
      "schema:address": [
        {
          "@id": "https://data.datatourisme.fr/dd89bbf5-6e14-3807-99e0-3084a179fde8",
          "schema:addressLocality": "Porto-Vecchio",
          "schema:postalCode": "20137",
          "schema:streetAddress": [
            "La Chiappa"
          ],
          "@type": [
            "schema:PostalAddress",
            "PostalAddress"
          ],
          "hasAddressCity": {
            "@id": "kb:2A247",
            "@type": [
              "City"
            ],
            "rdfs:label": {
              "en": [
                "Porto-Vecchio"
              ],
              "fr": [
                "Porto-Vecchio"
              ]
            },
            "insee": "2A247",
            "isPartOfDepartment": {
              "@id": "kb:France942A",
              "@type": [
                "Department"
              ],
              "rdfs:label": {
                "en": [
                  "Corse-du-Sud"
                ],
                "fr": [
                  "Corse-du-Sud"
                ]
              },
              "insee": "2A",
              "isPartOfRegion": {
                "@id": "kb:France94",
                "@type": [
                  "Region"
                ],
                "rdfs:label": {
                  "en": [
                    "Corse"
                  ],
                  "fr": [
                    "Corse"
                  ]
                },
                "insee": "94",
                "isPartOfCountry": {
                  "@id": "kb:France",
                  "@type": [
                    "schema:Country"
                  ],
                  "rdfs:label": {
                    "de": [
                      "Frankreich"
                    ],
                    "pt": [
                      "França"
                    ],
                    "en": [
                      "France"
                    ],
                    "it": [
                      "Francia"
                    ],
                    "fr": [
                      "France"
                    ],
                    "nl": [
                      "Frankrijk"
                    ],
                    "es": [
                      "Francia"
                    ]
                  }
                }
              }
            }
          }
        }
      ],
      "schema:geo": {
        "@id": "https://data.datatourisme.fr/124e3073-f320-306b-a78f-0bac93839181",
        "schema:latitude": "41.591347",
        "schema:longitude": "9.363683",
        "@type": [
          "schema:GeoCoordinates"
        ]
      },
      "schema:openingHoursSpecification": [
        {
          "@id": "https://data.datatourisme.fr/f87e535a-636d-3343-ad63-8a03392e7511",
          "schema:validFrom": "2023-01-01T00:00:00",
          "schema:validThrough": "2023-12-31T23:59:59",
          "@type": [
            "schema:OpeningHoursSpecification"
          ]
        }
      ],
      "@type": [
        "schema:Place",
        "Place"
      ]
    }
  ],
  "isOwnedBy": [
    {
      "@id": "https://data.datatourisme.fr/f5f950f9-5eec-32b4-a357-2c969ccf4068",
      "schema:email": [
        "camillef.omt@gmail.com",
        "direction@destination-sudcorse.com",
        "gestion@destination-sudcorse.com",
        "promotion@destination-sudcorse.com",
        "webmaster@destination-sudcorse.com"
      ],
      "schema:legalName": "Porto Vecchio Tourisme",
      "@type": [
        "schema:Organization",
        "foaf:Agent",
        "Agent"
      ],
      "foaf:homepage": [
        "http://www.ot-portovecchio.com/"
      ]
    }
  ],
  "lastUpdate": "2023-02-15",
  "lastUpdateDatatourisme": "2023-02-16T06:39:41.931Z",
  "offers": [
    {
      "@id": "https://data.datatourisme.fr/36de79b3-ab49-3639-b9a6-97ea92ccc60f",
      "schema:priceSpecification": [
        {
          "@id": "https://data.datatourisme.fr/04c93787-9cd0-3da5-a358-6617b7944461",
          "schema:minPrice": [
            "40"
          ],
          "schema:priceCurrency": "EUR",
          "@type": [
            "schema:PriceSpecification",
            "PriceSpecification"
          ],
          "appliesOnPeriod": [
            {
              "@id": "https://data.datatourisme.fr/a425afdf-3594-300b-b55e-1858bafa3fd4",
              "@type": [
                "Period"
              ],
              "endDate": "2023-12-31",
              "startDate": "2023-01-01"
            }
          ]
        }
      ],
      "@type": [
        "schema:Offer",
        "Offer"
      ]
    }
  ]
}