{
  "@id": "https://data.datatourisme.fr/13/861eaad1-129d-3c01-8c58-fe4b290d9024",
  "dc:identifier": "5698878",
  "@type": [
    "schema:Accommodation",
    "schema:LodgingBusiness",
    "Accommodation",
    "PlaceOfInterest",
    "PointOfInterest"
  ],
  "rdfs:comment": {
    "de": [
      "Residenz mit den Füßen im Wasser am Golf von Porto-Vecchio mit 2 beheizten Schwimmbädern.\r\nVillen, Appartements oder Studios mit allem Komfort und Klimaanlage, weniger als 40 m von unserem Strand entfernt, im Herzen einer Anlage mit üppiger Vegetation gelegen."
    ],
    "en": [
      "Waterfront residence on the Gulf of Porto-Vecchio with 2 heated swimming pools.\r\nVillas, apartments or studios with all comforts and air conditioning less than 40 meters from our beach, located in the heart of an area with lush vegetation."
    ],
    "it": [
      "Residenza fronte mare sul Golfo di Porto-Vecchio con 2 piscine riscaldate.\r\nVille, appartamenti o monolocali dotati di tutti i comfort e di aria condizionata a meno di 40 metri dalla nostra spiaggia, situati nel cuore di una tenuta con una vegetazione lussureggiante."
    ],
    "fr": [
      "Résidence pieds dans l'eau sur le golfe de Porto-Vecchio avec 2 piscines chauffées.\r\nVillas, appartements ou studios tout confort et climatisés à moins de 40 mètres de notre plage, situés en plein cœur d’un domaine à la végétation luxuriante."
    ],
    "nl": [
      "Residentie aan het water aan de Golf van Porto-Vecchio met 2 verwarmde zwembaden.\r\nVilla's, appartementen of studio's met alle comfort en airconditioning op minder dan 40 meter van ons strand, gelegen in het hart van een landgoed met weelderige vegetatie."
    ],
    "es": [
      "Residencia frente al mar en el Golfo de Porto-Vecchio con 2 piscinas climatizadas.\r\nVillas, pisos o estudios con todo el confort y aire acondicionado a menos de 40 metros de nuestra playa, ubicados en el corazón de una finca con exuberante vegetación."
    ]
  },
  "rdfs:label": {
    "fr": [
      "Maranatha Corse"
    ]
  },
  "hasBeenCreatedBy": {
    "@id": "https://data.datatourisme.fr/13/84c6494d-3085-3c63-a55c-db8cb047fadd",
    "dc:identifier": "1738",
    "schema:email": [
      "camillef.omt@gmail.com",
      "direction@destination-sudcorse.com",
      "gestion@destination-sudcorse.com",
      "promotion@destination-sudcorse.com",
      "webmaster@destination-sudcorse.com"
    ],
    "schema:legalName": "Porto Vecchio Tourisme",
    "@type": [
      "schema:Organization",
      "foaf:Agent",
      "Agent"
    ],
    "foaf:homepage": [
      "http://www.ot-portovecchio.com/"
    ]
  },
  "hasBeenPublishedBy": [
    {
      "@id": "https://data.datatourisme.fr/8a9feb4b-2cbd-3d2c-b507-bd6c6776b23b",
      "schema:legalName": "Apidae Tourisme Scic SA - source : Apidae Tourisme",
      "@type": [
        "schema:Organization",
        "foaf:Agent",
        "Agent"
      ],
      "foaf:homepage": [
        "https://www.apidae-tourisme.com/"
      ]
    }
  ],
  "hasContact": [
    {
      "@id": "https://data.datatourisme.fr/31407197-a5ae-3177-aa9b-c91a8fbe9522",
      "schema:email": [
        "maranathacorse@gmail.com"
      ],
      "schema:telephone": [
        "+33 6 13 57 89 47"
      ],
      "@type": [
        "foaf:Agent",
        "Agent"
      ],
      "foaf:homepage": [
        "https://www.maranathacorse.com/"
      ]
    }
  ],
  "hasDescription": [
    {
      "@id": "https://data.datatourisme.fr/db788de5-e8e5-3fad-a4e2-79c021f5fe0c",
      "@type": [
        "Description"
      ],
      "hasTranslatedProperty": [
        {
          "@id": "https://data.datatourisme.fr/11397141-b2e1-3a9f-9eb3-530698f6a17e",
          "dc:contributor": [
            "https://api.deepl.com/v2/translate"
          ],
          "rdf:language": [
            "en"
          ],
          "rdf:predicate": [
            "shortDescription"
          ]
        },
        {
          "@id": "https://data.datatourisme.fr/51a61972-0fa7-37c9-8edb-0dc98f25628b",
          "dc:contributor": [
            "https://api.deepl.com/v2/translate"
          ],
          "rdf:language": [
            "es"
          ],
          "rdf:predicate": [
            "shortDescription"
          ]
        },
        {
          "@id": "https://data.datatourisme.fr/7e971003-3de7-30d0-a653-72fef58138a2",
          "dc:contributor": [
            "https://api.deepl.com/v2/translate"
          ],
          "rdf:language": [
            "de"
          ],
          "rdf:predicate": [
            "shortDescription"
          ]
        },
        {
          "@id": "https://data.datatourisme.fr/ac208847-9480-3987-acfc-d3a99e2c7d8b",
          "dc:contributor": [
            "https://api.deepl.com/v2/translate"
          ],
          "rdf:language": [
            "nl"
          ],
          "rdf:predicate": [
            "shortDescription"
          ]
        },
        {
          "@id": "https://data.datatourisme.fr/f327b285-d819-3ec8-8f03-0a0664834c89",
          "dc:contributor": [
            "https://api.deepl.com/v2/translate"
          ],
          "rdf:language": [
            "it"
          ],
          "rdf:predicate": [
            "shortDescription"
          ]
        }
      ],
      "shortDescription": {
        "de": [
          "Residenz mit den Füßen im Wasser am Golf von Porto-Vecchio mit 2 beheizten Schwimmbädern.\r\nVillen, Appartements oder Studios mit allem Komfort und Klimaanlage, weniger als 40 m von unserem Strand entfernt, im Herzen einer Anlage mit üppiger Vegetation gelegen."
        ],
        "en": [
          "Waterfront residence on the Gulf of Porto-Vecchio with 2 heated swimming pools.\r\nVillas, apartments or studios with all comforts and air conditioning less than 40 meters from our beach, located in the heart of an area with lush vegetation."
        ],
        "it": [
          "Residenza fronte mare sul Golfo di Porto-Vecchio con 2 piscine riscaldate.\r\nVille, appartamenti o monolocali dotati di tutti i comfort e di aria condizionata a meno di 40 metri dalla nostra spiaggia, situati nel cuore di una tenuta con una vegetazione lussureggiante."
        ],
        "fr": [
          "Résidence pieds dans l'eau sur le golfe de Porto-Vecchio avec 2 piscines chauffées.\r\nVillas, appartements ou studios tout confort et climatisés à moins de 40 mètres de notre plage, situés en plein cœur d’un domaine à la végétation luxuriante."
        ],
        "nl": [
          "Residentie aan het water aan de Golf van Porto-Vecchio met 2 verwarmde zwembaden.\r\nVilla's, appartementen of studio's met alle comfort en airconditioning op minder dan 40 meter van ons strand, gelegen in het hart van een landgoed met weelderige vegetatie."
        ],
        "es": [
          "Residencia frente al mar en el Golfo de Porto-Vecchio con 2 piscinas climatizadas.\r\nVillas, pisos o estudios con todo el confort y aire acondicionado a menos de 40 metros de nuestra playa, ubicados en el corazón de una finca con exuberante vegetación."
        ]
      }
    }
  ],
  "hasTranslatedProperty": [
    {
      "@id": "https://data.datatourisme.fr/77872eb4-702a-3699-8826-0a4724188ace",
      "dc:contributor": [
        "https://api.deepl.com/v2/translate"
      ],
      "rdf:language": [
        "es"
      ],
      "rdf:predicate": [
        {
          "@id": "rdfs:comment"
        }
      ]
    },
    {
      "@id": "https://data.datatourisme.fr/92b95c68-a2c9-31c7-9fe6-25d8913d6a9b",
      "dc:contributor": [
        "https://api.deepl.com/v2/translate"
      ],
      "rdf:language": [
        "it"
      ],
      "rdf:predicate": [
        {
          "@id": "rdfs:comment"
        }
      ]
    },
    {
      "@id": "https://data.datatourisme.fr/ae69111c-9b38-3cc5-9cea-178cc4d682a6",
      "dc:contributor": [
        "https://api.deepl.com/v2/translate"
      ],
      "rdf:language": [
        "en"
      ],
      "rdf:predicate": [
        {
          "@id": "rdfs:comment"
        }
      ]
    },
    {
      "@id": "https://data.datatourisme.fr/c8b3be20-d23d-353f-b6d0-3aac572083b0",
      "dc:contributor": [
        "https://api.deepl.com/v2/translate"
      ],
      "rdf:language": [
        "nl"
      ],
      "rdf:predicate": [
        {
          "@id": "rdfs:comment"
        }
      ]
    },
    {
      "@id": "https://data.datatourisme.fr/daff37ae-acbb-3197-902e-727cd30016b6",
      "dc:contributor": [
        "https://api.deepl.com/v2/translate"
      ],
      "rdf:language": [
        "de"
      ],
      "rdf:predicate": [
        {
          "@id": "rdfs:comment"
        }
      ]
    }
  ],
  "isLocatedAt": [
    {
      "@id": "https://data.datatourisme.fr/0af0ebf1-35b9-33f2-9e4e-2a702f069f2f",
      "schema:address": [
        {
          "@id": "https://data.datatourisme.fr/cca8aa52-ba49-3ba3-872b-e0cb821384d2",
          "schema:addressLocality": "Porto-Vecchio",
          "schema:postalCode": "20137",
          "schema:streetAddress": [
            "Route de Piccovaggia"
          ],
          "@type": [
            "schema:PostalAddress",
            "PostalAddress"
          ],
          "hasAddressCity": {
            "@id": "kb:2A247",
            "@type": [
              "City"
            ],
            "rdfs:label": {
              "en": [
                "Porto-Vecchio"
              ],
              "fr": [
                "Porto-Vecchio"
              ]
            },
            "insee": "2A247",
            "isPartOfDepartment": {
              "@id": "kb:France942A",
              "@type": [
                "Department"
              ],
              "rdfs:label": {
                "en": [
                  "Corse-du-Sud"
                ],
                "fr": [
                  "Corse-du-Sud"
                ]
              },
              "insee": "2A",
              "isPartOfRegion": {
                "@id": "kb:France94",
                "@type": [
                  "Region"
                ],
                "rdfs:label": {
                  "en": [
                    "Corse"
                  ],
                  "fr": [
                    "Corse"
                  ]
                },
                "insee": "94",
                "isPartOfCountry": {
                  "@id": "kb:France",
                  "@type": [
                    "schema:Country"
                  ],
                  "rdfs:label": {
                    "de": [
                      "Frankreich"
                    ],
                    "pt": [
                      "França"
                    ],
                    "en": [
                      "France"
                    ],
                    "it": [
                      "Francia"
                    ],
                    "fr": [
                      "France"
                    ],
                    "nl": [
                      "Frankrijk"
                    ],
                    "es": [
                      "Francia"
                    ]
                  }
                }
              }
            }
          }
        }
      ],
      "schema:geo": {
        "@id": "https://data.datatourisme.fr/895c78d1-beda-32ae-a7bb-4d5f832ddea3",
        "schema:latitude": "41.587314",
        "schema:longitude": "9.299883",
        "@type": [
          "schema:GeoCoordinates"
        ]
      },
      "schema:openingHoursSpecification": [
        {
          "@id": "https://data.datatourisme.fr/62803bb3-d86b-3cb6-bba3-4bb920692d09",
          "schema:validFrom": "2023-01-01T00:00:00",
          "schema:validThrough": "2023-12-31T23:59:59",
          "@type": [
            "schema:OpeningHoursSpecification"
          ],
          "additionalInformation": {
            "de": [
              "24 Stunden am Tag geöffnet.\n\nMontag, Dienstag, Mittwoch, Donnerstag, Freitag, Samstag, Sonntag: ganzjährig geöffnet, Anreise von 15:00 bis 18:00 Uhr, Abreise bis 10:30 Uhr."
            ],
            "en": [
              "Open 24 hours a day.\n\nMonday, Tuesday, Wednesday, Thursday, Friday, Saturday, Sunday: open all year round, arrivals are from 3pm to 6pm and departures before 10:30am."
            ],
            "it": [
              "Aperto 24 ore su 24.\n\nLunedì, martedì, mercoledì, giovedì, venerdì, sabato, domenica: aperto tutto l'anno, arrivi dalle 15:00 alle 18:00 e partenze prima delle 10:30."
            ],
            "fr": [
              "Ouvert 24h/24.\n\nLundi, Mardi, Mercredi, Jeudi, Vendredi, Samedi, Dimanche : ouvert toute l'année, les arrivées se font de 15h à 18h et les départs avant 10h30."
            ],
            "es": [
              "Abierto 24 horas.\n\nLunes, martes, miércoles, jueves, viernes, sábado y domingo: abierto todo el año, llegadas de 15:00 a 18:00 y salidas antes de las 10:30."
            ],
            "nl": [
              "24 uur open.\n\nMaandag, dinsdag, woensdag, donderdag, vrijdag, zaterdag, zondag: het hele jaar geopend, aankomst van 15.00 tot 18.00 uur en vertrek voor 10.30 uur."
            ]
          },
          "hasTranslatedProperty": [
            {
              "@id": "https://data.datatourisme.fr/25605212-6f21-3f8b-8164-11ad5163e7fc",
              "dc:contributor": [
                "https://api.deepl.com/v2/translate"
              ],
              "rdf:language": [
                "nl"
              ],
              "rdf:predicate": [
                "additionalInformation"
              ]
            },
            {
              "@id": "https://data.datatourisme.fr/3f74ee13-5174-30f9-80d9-79cb12509246",
              "dc:contributor": [
                "https://api.deepl.com/v2/translate"
              ],
              "rdf:language": [
                "it"
              ],
              "rdf:predicate": [
                "additionalInformation"
              ]
            },
            {
              "@id": "https://data.datatourisme.fr/6edb95a6-f770-3658-b374-194625a358a6",
              "dc:contributor": [
                "https://api.deepl.com/v2/translate"
              ],
              "rdf:language": [
                "de"
              ],
              "rdf:predicate": [
                "additionalInformation"
              ]
            },
            {
              "@id": "https://data.datatourisme.fr/ad5e26f8-5d51-3920-b165-3867040f1b3a",
              "dc:contributor": [
                "https://api.deepl.com/v2/translate"
              ],
              "rdf:language": [
                "es"
              ],
              "rdf:predicate": [
                "additionalInformation"
              ]
            },
            {
              "@id": "https://data.datatourisme.fr/c0ff2ed7-2aa0-3643-8bec-eed9d5e3e4fe",
              "dc:contributor": [
                "https://api.deepl.com/v2/translate"
              ],
              "rdf:language": [
                "en"
              ],
              "rdf:predicate": [
                "additionalInformation"
              ]
            }
          ]
        }
      ],
      "@type": [
        "schema:Place",
        "Place"
      ]
    }
  ],
  "isOwnedBy": [
    {
      "@id": "https://data.datatourisme.fr/f5f950f9-5eec-32b4-a357-2c969ccf4068",
      "schema:email": [
        "camillef.omt@gmail.com",
        "direction@destination-sudcorse.com",
        "gestion@destination-sudcorse.com",
        "promotion@destination-sudcorse.com",
        "webmaster@destination-sudcorse.com"
      ],
      "schema:legalName": "Porto Vecchio Tourisme",
      "@type": [
        "schema:Organization",
        "foaf:Agent",
        "Agent"
      ],
      "foaf:homepage": [
        "http://www.ot-portovecchio.com/"
      ]
    }
  ],
  "lastUpdate": "2023-02-06",
  "lastUpdateDatatourisme": "2023-04-04T05:52:39.253Z",
  "offers": [
    {
      "@id": "https://data.datatourisme.fr/495bf829-b0f5-3765-8e86-45f9d79dc254",
      "schema:priceSpecification": [
        {
          "@id": "https://data.datatourisme.fr/a0b12e0c-b791-3d48-a6e2-c07270cc3787",
          "schema:maxPrice": [
            "1000",
            "17"
          ],
          "schema:minPrice": [
            "100",
            "17"
          ],
          "schema:priceCurrency": "EUR",
          "@type": [
            "schema:PriceSpecification",
            "PriceSpecification"
          ],
          "appliesOnPeriod": [
            {
              "@id": "https://data.datatourisme.fr/a425afdf-3594-300b-b55e-1858bafa3fd4",
              "@type": [
                "Period"
              ],
              "endDate": "2023-12-31",
              "startDate": "2023-01-01"
            }
          ]
        }
      ],
      "@type": [
        "schema:Offer",
        "Offer"
      ]
    }
  ]
}