{
  "@id": "https://data.datatourisme.fr/13/8627fd30-4220-3745-838c-eaada3fe2f3e",
  "dc:identifier": "5212836",
  "@type": [
    "schema:LocalBusiness",
    "ActivityProvider",
    "PlaceOfInterest",
    "PointOfInterest",
    "Store"
  ],
  "rdfs:comment": {
    "de": [
      "Erster korsischer Bergführer mit staatlichem Diplom."
    ],
    "en": [
      "First high mountain guide of Corsica with a state diploma."
    ],
    "it": [
      "Prima guida alpina corsa con diploma statale."
    ],
    "fr": [
      "1er Guide de Haute Montagne de Corse diplômé d'État. Randonnées pédestres toute l’année. Canyon : A Purcaraccia, le plus spectaculaire - A Vacca, le plus sauvage - U Pulischellu, le plus aquatique. Sorties tous les jours. GR20 du sud au nord de mai à oct."
    ],
    "nl": [
      "Eerste Corsicaanse berggids met een staatsdiploma."
    ],
    "es": [
      "1er Guía de Alta Montaña de Córcega con diploma del Estado. Senderismo todo el año. Cañones : A Purcaraccia, el más espectacular - A Vacca, el más salvaje - U Pulischellu, el más acuático. Salidas todos los días. GR20 de sur a norte de mayo a octubre."
    ]
  },
  "rdfs:label": {
    "fr": [
      "Jean-Paul Quilici"
    ]
  },
  "hasBeenCreatedBy": {
    "@id": "https://data.datatourisme.fr/13/84c6494d-3085-3c63-a55c-db8cb047fadd",
    "dc:identifier": "1738",
    "schema:email": [
      "camillef.omt@gmail.com",
      "direction@destination-sudcorse.com",
      "gestion@destination-sudcorse.com",
      "promotion@destination-sudcorse.com",
      "webmaster@destination-sudcorse.com"
    ],
    "schema:legalName": "Porto Vecchio Tourisme",
    "@type": [
      "schema:Organization",
      "foaf:Agent",
      "Agent"
    ],
    "foaf:homepage": [
      "http://www.ot-portovecchio.com/"
    ]
  },
  "hasBeenPublishedBy": [
    {
      "@id": "https://data.datatourisme.fr/8a9feb4b-2cbd-3d2c-b507-bd6c6776b23b",
      "schema:legalName": "Apidae Tourisme Scic SA - source : Apidae Tourisme",
      "@type": [
        "schema:Organization",
        "foaf:Agent",
        "Agent"
      ],
      "foaf:homepage": [
        "https://www.apidae-tourisme.com/"
      ]
    }
  ],
  "hasContact": [
    {
      "@id": "https://data.datatourisme.fr/b740da76-49de-344f-9b08-937d0e419e72",
      "schema:email": [
        "corserandocanyon@gmail.com"
      ],
      "schema:telephone": [
        "+33 6 16 41 18 53"
      ],
      "@type": [
        "foaf:Agent",
        "Agent"
      ],
      "foaf:homepage": [
        "https://corserandocanyon.com/"
      ]
    }
  ],
  "hasDescription": [
    {
      "@id": "https://data.datatourisme.fr/83c65408-ed6a-3218-b7ec-ae4f045f184a",
      "@type": [
        "Description"
      ],
      "hasTranslatedProperty": [
        {
          "@id": "https://data.datatourisme.fr/10697ec6-2a7f-363b-b30b-b2aaaf06a0d5",
          "dc:contributor": [
            "https://api.deepl.com/v2/translate"
          ],
          "rdf:language": [
            "es"
          ],
          "rdf:predicate": [
            "shortDescription"
          ]
        }
      ],
      "shortDescription": {
        "de": [
          "Erster korsischer Bergführer mit staatlichem Diplom."
        ],
        "en": [
          "First high mountain guide of Corsica with a state diploma."
        ],
        "it": [
          "Prima guida alpina corsa con diploma statale."
        ],
        "fr": [
          "1er Guide de Haute Montagne de Corse diplômé d'État. Randonnées pédestres toute l’année. Canyon : A Purcaraccia, le plus spectaculaire - A Vacca, le plus sauvage - U Pulischellu, le plus aquatique. Sorties tous les jours. GR20 du sud au nord de mai à oct."
        ],
        "nl": [
          "Eerste Corsicaanse berggids met een staatsdiploma."
        ],
        "es": [
          "1er Guía de Alta Montaña de Córcega con diploma del Estado. Senderismo todo el año. Cañones : A Purcaraccia, el más espectacular - A Vacca, el más salvaje - U Pulischellu, el más acuático. Salidas todos los días. GR20 de sur a norte de mayo a octubre."
        ]
      }
    }
  ],
  "hasTheme": [
    {
      "@id": "kb:Canyoning",
      "@type": [
        "SportsTheme"
      ],
      "rdfs:label": {
        "de": [
          "Canyoning"
        ],
        "pt": [
          "Canoagem"
        ],
        "en": [
          "Canyoning"
        ],
        "it": [
          "Canyoning"
        ],
        "fr": [
          "Canyoning"
        ],
        "es": [
          "Piragüismo"
        ],
        "nl": [
          "Canyoning"
        ]
      }
    },
    {
      "@id": "kb:Hiking",
      "@type": [
        "SportsTheme"
      ],
      "rdfs:label": {
        "de": [
          "Wanderung"
        ],
        "pt": [
          "Caminhada"
        ],
        "en": [
          "Hiking"
        ],
        "it": [
          "Escursione"
        ],
        "fr": [
          "Randonnée"
        ],
        "nl": [
          "Wandelen"
        ],
        "es": [
          "Senderismo"
        ]
      }
    },
    {
      "@id": "kb:Snowshoes",
      "@type": [
        "SportsTheme"
      ],
      "rdfs:label": {
        "de": [
          "Schneeschuhe"
        ],
        "pt": [
          "Raquetas"
        ],
        "en": [
          "Snowshoes"
        ],
        "it": [
          "Racchette da neve"
        ],
        "fr": [
          "Raquettes"
        ],
        "nl": [
          "Sneeuwschoenen"
        ],
        "es": [
          "Raquetas"
        ]
      }
    },
    {
      "@id": "kb:ViaFerrata",
      "@type": [
        "SportsTheme"
      ],
      "rdfs:label": {
        "de": [
          "Klettersteig"
        ],
        "pt": [
          "Via ferrata"
        ],
        "en": [
          "Via ferrata"
        ],
        "it": [
          "Via ferrata"
        ],
        "fr": [
          "Via ferrata"
        ],
        "nl": [
          "Via ferrata"
        ],
        "es": [
          "Vía ferrata"
        ]
      }
    },
    {
      "@id": "kb:Wintersports",
      "@type": [
        "SportsTheme"
      ],
      "rdfs:label": {
        "de": [
          "Wintersport"
        ],
        "pt": [
          "Desportos de inverno"
        ],
        "en": [
          "Winter sports"
        ],
        "it": [
          "Sport invernali"
        ],
        "fr": [
          "Sports d'hiver"
        ],
        "nl": [
          "Wintersport"
        ],
        "es": [
          "Deportes de invierno"
        ]
      }
    }
  ],
  "hasTranslatedProperty": [
    {
      "@id": "https://data.datatourisme.fr/f342f31b-001a-3e4c-9a5e-5b0e3a54fb51",
      "dc:contributor": [
        "https://api.deepl.com/v2/translate"
      ],
      "rdf:language": [
        "es"
      ],
      "rdf:predicate": [
        {
          "@id": "rdfs:comment"
        }
      ]
    }
  ],
  "isLocatedAt": [
    {
      "@id": "https://data.datatourisme.fr/1774cc39-fc0b-36ef-824f-50f234064a81",
      "schema:address": [
        {
          "@id": "https://data.datatourisme.fr/9b860e3a-aeda-3dcc-bfa9-e67c92beb211",
          "schema:addressLocality": "Sari-Solenzara",
          "schema:postalCode": "20145",
          "schema:streetAddress": [
            "U Suartu"
          ],
          "@type": [
            "schema:PostalAddress",
            "PostalAddress"
          ],
          "hasAddressCity": {
            "@id": "kb:2A269",
            "@type": [
              "City"
            ],
            "rdfs:label": {
              "en": [
                "Sari-Solenzara"
              ],
              "fr": [
                "Sari-Solenzara"
              ]
            },
            "insee": "2A269",
            "isPartOfDepartment": {
              "@id": "kb:France942A",
              "@type": [
                "Department"
              ],
              "rdfs:label": {
                "en": [
                  "Corse-du-Sud"
                ],
                "fr": [
                  "Corse-du-Sud"
                ]
              },
              "insee": "2A",
              "isPartOfRegion": {
                "@id": "kb:France94",
                "@type": [
                  "Region"
                ],
                "rdfs:label": {
                  "en": [
                    "Corse"
                  ],
                  "fr": [
                    "Corse"
                  ]
                },
                "insee": "94",
                "isPartOfCountry": {
                  "@id": "kb:France",
                  "@type": [
                    "schema:Country"
                  ],
                  "rdfs:label": {
                    "de": [
                      "Frankreich"
                    ],
                    "pt": [
                      "França"
                    ],
                    "en": [
                      "France"
                    ],
                    "it": [
                      "Francia"
                    ],
                    "fr": [
                      "France"
                    ],
                    "nl": [
                      "Frankrijk"
                    ],
                    "es": [
                      "Francia"
                    ]
                  }
                }
              }
            }
          }
        }
      ],
      "schema:geo": {
        "@id": "https://data.datatourisme.fr/3e3b317a-7cd4-3299-a4df-6415099d1ccd",
        "schema:latitude": "41.836",
        "schema:longitude": "9.3728",
        "@type": [
          "schema:GeoCoordinates"
        ]
      },
      "schema:openingHoursSpecification": [
        {
          "@id": "https://data.datatourisme.fr/f87e535a-636d-3343-ad63-8a03392e7511",
          "schema:validFrom": "2023-01-01T00:00:00",
          "schema:validThrough": "2023-12-31T23:59:59",
          "@type": [
            "schema:OpeningHoursSpecification"
          ]
        }
      ],
      "@type": [
        "schema:Place",
        "Place"
      ]
    }
  ],
  "isOwnedBy": [
    {
      "@id": "https://data.datatourisme.fr/f5f950f9-5eec-32b4-a357-2c969ccf4068",
      "schema:email": [
        "camillef.omt@gmail.com",
        "direction@destination-sudcorse.com",
        "gestion@destination-sudcorse.com",
        "promotion@destination-sudcorse.com",
        "webmaster@destination-sudcorse.com"
      ],
      "schema:legalName": "Porto Vecchio Tourisme",
      "@type": [
        "schema:Organization",
        "foaf:Agent",
        "Agent"
      ],
      "foaf:homepage": [
        "http://www.ot-portovecchio.com/"
      ]
    }
  ],
  "lastUpdate": "2023-02-15",
  "lastUpdateDatatourisme": "2023-02-16T06:39:41.936Z",
  "offers": [
    {
      "@id": "https://data.datatourisme.fr/12960d40-0022-364d-a966-5a365502044a",
      "schema:priceSpecification": [
        {
          "@id": "https://data.datatourisme.fr/e7c5208b-c65e-3a13-9939-dc3237ae3418",
          "schema:maxPrice": [
            "80"
          ],
          "schema:minPrice": [
            "55"
          ],
          "schema:priceCurrency": "EUR",
          "@type": [
            "schema:PriceSpecification",
            "PriceSpecification"
          ],
          "appliesOnPeriod": [
            {
              "@id": "https://data.datatourisme.fr/a425afdf-3594-300b-b55e-1858bafa3fd4",
              "@type": [
                "Period"
              ],
              "endDate": "2023-12-31",
              "startDate": "2023-01-01"
            }
          ]
        }
      ],
      "@type": [
        "schema:Offer",
        "Offer"
      ]
    }
  ]
}