{
  "@id": "https://data.datatourisme.fr/13/869a01e7-deea-3715-aa86-ad8e49859e4b",
  "dc:identifier": "4939473",
  "@type": [
    "schema:Accommodation",
    "schema:FoodEstablishment",
    "schema:Hotel",
    "schema:LodgingBusiness",
    "schema:Restaurant",
    "Accommodation",
    "FoodEstablishment",
    "Hotel",
    "HotelRestaurant",
    "HotelTrade",
    "PlaceOfInterest",
    "PointOfInterest",
    "Restaurant"
  ],
  "rdfs:comment": {
    "de": [
      "A Casa di Mà, ein 4-Sterne-Hotel in Lumio, 5 Minuten von Calvi, dem Dorf der Schönheit, entfernt, auf halbem Weg zwischen Meer und Bergen, bietet seinen zahlreichen Besuchern eines der schönsten Panoramen der Balagne."
    ],
    "en": [
      "A Casa di Mà, 4 star hotel located in Lumio, 5 minutes from Calvi, beauty village, halfway to the sea and the mountain, offers to its many visitors one of the most beautiful panoramas of Balagne."
    ],
    "it": [
      "A Casa di Mà, un hotel 4 stelle situato a Lumio, a 5 minuti da Calvi, un villaggio di bellezza, a metà strada tra il mare e la montagna, offre ai suoi numerosi visitatori uno dei più bei panorami della Balagna."
    ],
    "fr": [
      "A Casa di Mà, hôtel 4 étoiles situé à Lumio, à 5 minutes de Calvi, village de beauté, à mi chemin de la mer et de la montagne, offre à ses nombreux visiteurs l'un des panoramas les plus beaux de Balagne."
    ],
    "es": [
      "A Casa di Mà, un hotel de 4 estrellas situado en Lumio, a 5 minutos de Calvi, un pueblo de belleza, a medio camino entre el mar y la montaña, ofrece a sus numerosos visitantes uno de los más bellos panoramas de Balagne."
    ],
    "nl": [
      "A Casa di Mà, een 4-sterren hotel gelegen in Lumio, op 5 minuten van Calvi, een dorp van schoonheid, halverwege tussen de zee en de bergen, biedt zijn vele bezoekers een van de mooiste panorama's van Balagne."
    ]
  },
  "rdfs:label": {
    "fr": [
      "A Casa di Mà"
    ]
  },
  "hasBeenCreatedBy": {
    "@id": "https://data.datatourisme.fr/13/e4873aa9-a05c-35ed-8395-61d121516766",
    "dc:identifier": "1646",
    "schema:email": [
      "info@balagne-corsica.com"
    ],
    "schema:legalName": "Office de Tourisme Intercommunal Calvi - Balagne",
    "@type": [
      "schema:Organization",
      "foaf:Agent",
      "Agent"
    ],
    "foaf:homepage": [
      "https://www.balagne-corsica.com/"
    ]
  },
  "hasBeenPublishedBy": [
    {
      "@id": "https://data.datatourisme.fr/8a9feb4b-2cbd-3d2c-b507-bd6c6776b23b",
      "schema:legalName": "Apidae Tourisme Scic SA - source : Apidae Tourisme",
      "@type": [
        "schema:Organization",
        "foaf:Agent",
        "Agent"
      ],
      "foaf:homepage": [
        "https://www.apidae-tourisme.com/"
      ]
    }
  ],
  "hasContact": [
    {
      "@id": "https://data.datatourisme.fr/bae966df-efc5-37e9-8c20-5873918ab258",
      "schema:email": [
        "contact@acasadima.com"
      ],
      "schema:telephone": [
        "+33 4 95 60 61 71",
        "+33 6 11 38 48 16"
      ],
      "@type": [
        "foaf:Agent",
        "Agent"
      ],
      "foaf:homepage": [
        "https://www.acasadima.com/"
      ]
    }
  ],
  "hasDescription": [
    {
      "@id": "https://data.datatourisme.fr/ad37c4fe-3019-3510-a066-71c7edd31991",
      "@type": [
        "Description"
      ],
      "hasTranslatedProperty": [
        {
          "@id": "https://data.datatourisme.fr/1458ad30-c9fa-31b2-bb02-5e9fdbe44407",
          "dc:contributor": [
            "https://api.deepl.com/v2/translate"
          ],
          "rdf:language": [
            "es"
          ],
          "rdf:predicate": [
            "shortDescription"
          ]
        },
        {
          "@id": "https://data.datatourisme.fr/1884c85e-d47d-3df2-9a6c-4d69743524c0",
          "dc:contributor": [
            "https://api.deepl.com/v2/translate"
          ],
          "rdf:language": [
            "de"
          ],
          "rdf:predicate": [
            "shortDescription"
          ]
        },
        {
          "@id": "https://data.datatourisme.fr/53916ac6-3ccb-3358-84fd-78e514e26e80",
          "dc:contributor": [
            "https://api.deepl.com/v2/translate"
          ],
          "rdf:language": [
            "nl"
          ],
          "rdf:predicate": [
            "shortDescription"
          ]
        }
      ],
      "shortDescription": {
        "de": [
          "A Casa di Mà, ein 4-Sterne-Hotel in Lumio, 5 Minuten von Calvi, dem Dorf der Schönheit, entfernt, auf halbem Weg zwischen Meer und Bergen, bietet seinen zahlreichen Besuchern eines der schönsten Panoramen der Balagne."
        ],
        "en": [
          "A Casa di Mà, 4 star hotel located in Lumio, 5 minutes from Calvi, beauty village, halfway to the sea and the mountain, offers to its many visitors one of the most beautiful panoramas of Balagne."
        ],
        "it": [
          "A Casa di Mà, un hotel 4 stelle situato a Lumio, a 5 minuti da Calvi, un villaggio di bellezza, a metà strada tra il mare e la montagna, offre ai suoi numerosi visitatori uno dei più bei panorami della Balagna."
        ],
        "fr": [
          "A Casa di Mà, hôtel 4 étoiles situé à Lumio, à 5 minutes de Calvi, village de beauté, à mi chemin de la mer et de la montagne, offre à ses nombreux visiteurs l'un des panoramas les plus beaux de Balagne."
        ],
        "es": [
          "A Casa di Mà, un hotel de 4 estrellas situado en Lumio, a 5 minutos de Calvi, un pueblo de belleza, a medio camino entre el mar y la montaña, ofrece a sus numerosos visitantes uno de los más bellos panoramas de Balagne."
        ],
        "nl": [
          "A Casa di Mà, een 4-sterren hotel gelegen in Lumio, op 5 minuten van Calvi, een dorp van schoonheid, halverwege tussen de zee en de bergen, biedt zijn vele bezoekers een van de mooiste panorama's van Balagne."
        ]
      }
    }
  ],
  "hasTranslatedProperty": [
    {
      "@id": "https://data.datatourisme.fr/145b79d9-b870-3161-a2c4-e2f150c82360",
      "dc:contributor": [
        "https://api.deepl.com/v2/translate"
      ],
      "rdf:language": [
        "de"
      ],
      "rdf:predicate": [
        {
          "@id": "rdfs:comment"
        }
      ]
    },
    {
      "@id": "https://data.datatourisme.fr/41188c1b-9768-35ce-b13c-5582c1d6398d",
      "dc:contributor": [
        "https://api.deepl.com/v2/translate"
      ],
      "rdf:language": [
        "nl"
      ],
      "rdf:predicate": [
        {
          "@id": "rdfs:comment"
        }
      ]
    },
    {
      "@id": "https://data.datatourisme.fr/5fced002-36fe-33d8-b3bf-1f8a7095c2bc",
      "dc:contributor": [
        "https://api.deepl.com/v2/translate"
      ],
      "rdf:language": [
        "es"
      ],
      "rdf:predicate": [
        {
          "@id": "rdfs:comment"
        }
      ]
    }
  ],
  "isLocatedAt": [
    {
      "@id": "https://data.datatourisme.fr/c35b3793-ced6-3aaf-abb4-4c0d1a3d681f",
      "schema:address": [
        {
          "@id": "https://data.datatourisme.fr/9ba13ce5-fee9-36b1-956b-7143c274cff0",
          "schema:addressLocality": "Lumio",
          "schema:postalCode": "20260",
          "schema:streetAddress": [
            "Village - RT 30"
          ],
          "@type": [
            "schema:PostalAddress",
            "PostalAddress"
          ],
          "hasAddressCity": {
            "@id": "kb:2B150",
            "@type": [
              "City"
            ],
            "rdfs:label": {
              "en": [
                "Lumio"
              ],
              "fr": [
                "Lumio"
              ]
            },
            "insee": "2B150",
            "isPartOfDepartment": {
              "@id": "kb:France942B",
              "@type": [
                "Department"
              ],
              "rdfs:label": {
                "en": [
                  "Haute-Corse"
                ],
                "fr": [
                  "Haute-Corse"
                ]
              },
              "insee": "2B",
              "isPartOfRegion": {
                "@id": "kb:France94",
                "@type": [
                  "Region"
                ],
                "rdfs:label": {
                  "en": [
                    "Corse"
                  ],
                  "fr": [
                    "Corse"
                  ]
                },
                "insee": "94",
                "isPartOfCountry": {
                  "@id": "kb:France",
                  "@type": [
                    "schema:Country"
                  ],
                  "rdfs:label": {
                    "de": [
                      "Frankreich"
                    ],
                    "pt": [
                      "França"
                    ],
                    "en": [
                      "France"
                    ],
                    "it": [
                      "Francia"
                    ],
                    "fr": [
                      "France"
                    ],
                    "nl": [
                      "Frankrijk"
                    ],
                    "es": [
                      "Francia"
                    ]
                  }
                }
              }
            }
          }
        }
      ],
      "schema:geo": {
        "@id": "https://data.datatourisme.fr/d90fc782-0c62-38ec-86b5-3cd9a392d714",
        "schema:latitude": "42.58108",
        "schema:longitude": "8.832131",
        "@type": [
          "schema:GeoCoordinates"
        ]
      },
      "schema:openingHoursSpecification": [
        {
          "@id": "https://data.datatourisme.fr/2a233a55-ad88-3001-a956-e29e6eac9824",
          "schema:validFrom": "2023-04-27T00:00:00",
          "schema:validThrough": "2023-10-30T23:59:59",
          "@type": [
            "schema:OpeningHoursSpecification"
          ],
          "additionalInformation": {
            "de": [
              "Zeitraum nur zur Orientierung."
            ],
            "en": [
              "Period for information only."
            ],
            "it": [
              "Periodo indicativo."
            ],
            "fr": [
              "Période à titre indicatif."
            ],
            "es": [
              "Periodo indicativo."
            ],
            "nl": [
              "Indicatieve periode."
            ]
          },
          "hasTranslatedProperty": [
            {
              "@id": "https://data.datatourisme.fr/00cddee2-57a4-3b54-9ab2-33d111b39c8a",
              "dc:contributor": [
                "https://api.deepl.com/v2/translate"
              ],
              "rdf:language": [
                "es"
              ],
              "rdf:predicate": [
                "additionalInformation"
              ]
            },
            {
              "@id": "https://data.datatourisme.fr/15130cc3-0f88-3a53-a471-291c9260727e",
              "dc:contributor": [
                "https://api.deepl.com/v2/translate"
              ],
              "rdf:language": [
                "de"
              ],
              "rdf:predicate": [
                "additionalInformation"
              ]
            },
            {
              "@id": "https://data.datatourisme.fr/5327e864-677a-3bd5-89bd-9d2fd9b2416a",
              "dc:contributor": [
                "https://api.deepl.com/v2/translate"
              ],
              "rdf:language": [
                "it"
              ],
              "rdf:predicate": [
                "additionalInformation"
              ]
            },
            {
              "@id": "https://data.datatourisme.fr/7c3beebf-01ea-33b8-b2bf-a153cb47df78",
              "dc:contributor": [
                "https://api.deepl.com/v2/translate"
              ],
              "rdf:language": [
                "nl"
              ],
              "rdf:predicate": [
                "additionalInformation"
              ]
            },
            {
              "@id": "https://data.datatourisme.fr/96dd1b6c-d6c6-3988-8822-7f11a6b8cdb0",
              "dc:contributor": [
                "https://api.deepl.com/v2/translate"
              ],
              "rdf:language": [
                "en"
              ],
              "rdf:predicate": [
                "additionalInformation"
              ]
            }
          ]
        }
      ],
      "@type": [
        "schema:Place",
        "Place"
      ]
    }
  ],
  "isOwnedBy": [
    {
      "@id": "https://data.datatourisme.fr/194c52e6-bbae-33dc-8464-caca97844fbb",
      "schema:email": [
        "info@balagne-corsica.com"
      ],
      "schema:legalName": "Office de Tourisme Intercommunal Calvi - Balagne",
      "@type": [
        "schema:Organization",
        "foaf:Agent",
        "Agent"
      ],
      "foaf:homepage": [
        "https://www.balagne-corsica.com/"
      ]
    }
  ],
  "lastUpdate": "2023-03-31",
  "lastUpdateDatatourisme": "2023-04-04T05:52:39.3Z",
  "offers": [
    {
      "@id": "https://data.datatourisme.fr/38f5ee59-f9d8-3150-a6d7-ba102a680332",
      "schema:priceSpecification": [
        {
          "@id": "https://data.datatourisme.fr/605ff32b-03b3-3f50-b3de-02f235880af0",
          "schema:maxPrice": [
            "1.9",
            "19.5"
          ],
          "schema:minPrice": [
            "1.9",
            "130",
            "19.5",
            "90"
          ],
          "schema:priceCurrency": "EUR",
          "@type": [
            "schema:PriceSpecification",
            "PriceSpecification"
          ],
          "appliesOnPeriod": [
            {
              "@id": "https://data.datatourisme.fr/641a1320-62b7-3f7c-91cd-97fe98a2af9b",
              "@type": [
                "Period"
              ],
              "endDate": "2023-10-30",
              "startDate": "2023-04-27"
            }
          ]
        }
      ],
      "@type": [
        "schema:Offer",
        "Offer"
      ]
    }
  ]
}