{
  "@id": "https://data.datatourisme.fr/13/5fe1eb10-9591-33a7-9167-cfd967dd3366",
  "dc:identifier": "5027601",
  "@type": [
    "schema:FoodEstablishment",
    "FoodEstablishment",
    "PlaceOfInterest",
    "PointOfInterest"
  ],
  "rdfs:comment": {
    "de": [
      "Das Acula Marina empfängt Sie in idealer Lage mit Blick auf den Strand von Caruchettu in L'Ile-Rousse in der Balagne."
    ],
    "en": [
      "Ideally located on Caruchettu beach, Restaurant L'Acula Marina welcomes you on the seaside."
    ],
    "it": [
      "Acula Marina vi accoglie in una posizione ideale con vista sulla spiaggia di Caruchettu a L'Ile-Rousse, in Balagne."
    ],
    "fr": [
      "L'Acula Marina vous accueille dans un emplacement idéal surplombant la plage de Caruchettu de L'Ile-Rousse en Balagne."
    ],
    "nl": [
      "Acula Marina verwelkomt u op een ideale locatie met uitzicht op het strand van Caruchettu in L'Ile-Rousse, Balagne."
    ],
    "es": [
      "Acula Marina le da la bienvenida en una ubicación ideal con vistas a la playa de Caruchettu en L'Ile-Rousse, Balagne."
    ]
  },
  "rdfs:label": {
    "fr": [
      "L'Acula Marina"
    ]
  },
  "hasBeenCreatedBy": {
    "@id": "https://data.datatourisme.fr/13/8d420fa3-5754-31f1-8199-69c88780314d",
    "dc:identifier": "1647",
    "schema:email": [
      "web@ileroussetourisme.com"
    ],
    "schema:legalName": "Office de Tourisme Intercommunal de L'Ile Rousse-Balagne",
    "@type": [
      "schema:Organization",
      "foaf:Agent",
      "Agent"
    ],
    "foaf:homepage": [
      "https://www.balagne-corsica.com/"
    ]
  },
  "hasBeenPublishedBy": [
    {
      "@id": "https://data.datatourisme.fr/8a9feb4b-2cbd-3d2c-b507-bd6c6776b23b",
      "schema:legalName": "Apidae Tourisme Scic SA - source : Apidae Tourisme",
      "@type": [
        "schema:Organization",
        "foaf:Agent",
        "Agent"
      ],
      "foaf:homepage": [
        "https://www.apidae-tourisme.com/"
      ]
    }
  ],
  "hasContact": [
    {
      "@id": "https://data.datatourisme.fr/0a6efafd-42f0-38f9-9e34-bd4bb4f6c690",
      "schema:email": [
        "laculamarinaplage@gmail.com"
      ],
      "schema:telephone": [
        "+33 4 95 60 34 59"
      ],
      "@type": [
        "foaf:Agent",
        "Agent"
      ]
    }
  ],
  "hasDescription": [
    {
      "@id": "https://data.datatourisme.fr/65609017-b0ae-369c-a4fa-7ebdcc92a341",
      "@type": [
        "Description"
      ],
      "hasTranslatedProperty": [
        {
          "@id": "https://data.datatourisme.fr/0c96a541-a22f-318a-8724-0b7751e9447a",
          "dc:contributor": [
            "https://api.deepl.com/v2/translate"
          ],
          "rdf:language": [
            "nl"
          ],
          "rdf:predicate": [
            "shortDescription"
          ]
        },
        {
          "@id": "https://data.datatourisme.fr/6f04bee6-00e9-378b-b40c-28abeff396db",
          "dc:contributor": [
            "https://api.deepl.com/v2/translate"
          ],
          "rdf:language": [
            "it"
          ],
          "rdf:predicate": [
            "shortDescription"
          ]
        },
        {
          "@id": "https://data.datatourisme.fr/7ed3c40f-2e78-3869-a352-de923bdc85df",
          "dc:contributor": [
            "https://api.deepl.com/v2/translate"
          ],
          "rdf:language": [
            "es"
          ],
          "rdf:predicate": [
            "shortDescription"
          ]
        },
        {
          "@id": "https://data.datatourisme.fr/a694d5e6-c968-3ae4-a99c-9f3cf98c8e11",
          "dc:contributor": [
            "https://api.deepl.com/v2/translate"
          ],
          "rdf:language": [
            "de"
          ],
          "rdf:predicate": [
            "shortDescription"
          ]
        }
      ],
      "shortDescription": {
        "de": [
          "Das Acula Marina empfängt Sie in idealer Lage mit Blick auf den Strand von Caruchettu in L'Ile-Rousse in der Balagne."
        ],
        "en": [
          "Ideally located on Caruchettu beach, Restaurant L'Acula Marina welcomes you on the seaside."
        ],
        "it": [
          "Acula Marina vi accoglie in una posizione ideale con vista sulla spiaggia di Caruchettu a L'Ile-Rousse, in Balagne."
        ],
        "fr": [
          "L'Acula Marina vous accueille dans un emplacement idéal surplombant la plage de Caruchettu de L'Ile-Rousse en Balagne."
        ],
        "nl": [
          "Acula Marina verwelkomt u op een ideale locatie met uitzicht op het strand van Caruchettu in L'Ile-Rousse, Balagne."
        ],
        "es": [
          "Acula Marina le da la bienvenida en una ubicación ideal con vistas a la playa de Caruchettu en L'Ile-Rousse, Balagne."
        ]
      }
    }
  ],
  "hasTheme": [
    {
      "@id": "kb:MediterraneanCuisine",
      "@type": [
        "CuisineCategory"
      ],
      "rdfs:label": {
        "de": [
          "Mediterrane Küche"
        ],
        "pt": [
          "Cozinha mediterrânica"
        ],
        "en": [
          "Mediterranean cuisine"
        ],
        "it": [
          "Cucina mediterranea"
        ],
        "fr": [
          "Cuisine méditerranéenne"
        ],
        "nl": [
          "Mediterrane keuken"
        ],
        "es": [
          "Cocina mediterránea"
        ]
      }
    }
  ],
  "hasTranslatedProperty": [
    {
      "@id": "https://data.datatourisme.fr/03c37ff5-14e4-3b3a-a3bf-9499aaf77563",
      "dc:contributor": [
        "https://api.deepl.com/v2/translate"
      ],
      "rdf:language": [
        "es"
      ],
      "rdf:predicate": [
        {
          "@id": "rdfs:comment"
        }
      ]
    },
    {
      "@id": "https://data.datatourisme.fr/0cd0ea82-01b5-32f6-af62-323867e0c8f0",
      "dc:contributor": [
        "https://api.deepl.com/v2/translate"
      ],
      "rdf:language": [
        "it"
      ],
      "rdf:predicate": [
        {
          "@id": "rdfs:comment"
        }
      ]
    },
    {
      "@id": "https://data.datatourisme.fr/1a78c9f9-846e-3425-940a-be68e9aab033",
      "dc:contributor": [
        "https://api.deepl.com/v2/translate"
      ],
      "rdf:language": [
        "nl"
      ],
      "rdf:predicate": [
        {
          "@id": "rdfs:comment"
        }
      ]
    },
    {
      "@id": "https://data.datatourisme.fr/ddd65073-da10-39da-a560-477bcd4c1b97",
      "dc:contributor": [
        "https://api.deepl.com/v2/translate"
      ],
      "rdf:language": [
        "de"
      ],
      "rdf:predicate": [
        {
          "@id": "rdfs:comment"
        }
      ]
    }
  ],
  "isLocatedAt": [
    {
      "@id": "https://data.datatourisme.fr/b357c42e-4e2f-3917-b355-88443770bf71",
      "schema:address": [
        {
          "@id": "https://data.datatourisme.fr/7789311d-92e8-37ee-b3d2-4c2b1a843b14",
          "schema:addressLocality": "L'Île-Rousse",
          "schema:postalCode": "20220",
          "schema:streetAddress": [
            "Plage d'Ile-Rousse"
          ],
          "@type": [
            "schema:PostalAddress",
            "PostalAddress"
          ],
          "hasAddressCity": {
            "@id": "kb:2B134",
            "@type": [
              "City"
            ],
            "rdfs:label": {
              "en": [
                "L'Île-Rousse"
              ],
              "fr": [
                "L'Île-Rousse"
              ]
            },
            "insee": "2B134",
            "isPartOfDepartment": {
              "@id": "kb:France942B",
              "@type": [
                "Department"
              ],
              "rdfs:label": {
                "en": [
                  "Haute-Corse"
                ],
                "fr": [
                  "Haute-Corse"
                ]
              },
              "insee": "2B",
              "isPartOfRegion": {
                "@id": "kb:France94",
                "@type": [
                  "Region"
                ],
                "rdfs:label": {
                  "en": [
                    "Corse"
                  ],
                  "fr": [
                    "Corse"
                  ]
                },
                "insee": "94",
                "isPartOfCountry": {
                  "@id": "kb:France",
                  "@type": [
                    "schema:Country"
                  ],
                  "rdfs:label": {
                    "de": [
                      "Frankreich"
                    ],
                    "pt": [
                      "França"
                    ],
                    "en": [
                      "France"
                    ],
                    "it": [
                      "Francia"
                    ],
                    "fr": [
                      "France"
                    ],
                    "nl": [
                      "Frankrijk"
                    ],
                    "es": [
                      "Francia"
                    ]
                  }
                }
              }
            }
          }
        }
      ],
      "schema:geo": {
        "@id": "https://data.datatourisme.fr/e5af5a51-52d8-35a8-8af7-657e2362a1c7",
        "schema:latitude": "42.633535",
        "schema:longitude": "8.945521",
        "@type": [
          "schema:GeoCoordinates"
        ]
      },
      "schema:openingHoursSpecification": [
        {
          "@id": "https://data.datatourisme.fr/7f9601a1-3edc-3266-a371-720276e12167",
          "schema:validFrom": "2023-05-01T00:00:00",
          "schema:validThrough": "2023-09-30T23:59:59",
          "@type": [
            "schema:OpeningHoursSpecification"
          ]
        }
      ],
      "@type": [
        "schema:Place",
        "Place"
      ]
    }
  ],
  "isOwnedBy": [
    {
      "@id": "https://data.datatourisme.fr/252af22a-253d-33df-b9d7-204832749402",
      "schema:email": [
        "web@ileroussetourisme.com"
      ],
      "schema:legalName": "Office de Tourisme Intercommunal de L'Ile Rousse-Balagne",
      "@type": [
        "schema:Organization",
        "foaf:Agent",
        "Agent"
      ],
      "foaf:homepage": [
        "https://www.balagne-corsica.com/"
      ]
    }
  ],
  "lastUpdate": "2022-01-07",
  "lastUpdateDatatourisme": "2023-02-01T18:07:35.899Z",
  "offers": [
    {
      "@id": "https://data.datatourisme.fr/8e875860-bbb5-3a7f-9d2f-40267cf77b6e",
      "schema:priceSpecification": [
        {
          "@id": "https://data.datatourisme.fr/b9b8994a-5b5d-3be8-b396-72b2920f031f",
          "@type": [
            "schema:PriceSpecification",
            "PriceSpecification"
          ],
          "appliesOnPeriod": [
            {
              "@id": "https://data.datatourisme.fr/b5ff347a-c8f9-3156-b2c3-d6a2c214d0a7",
              "@type": [
                "Period"
              ],
              "endDate": "2022-09-30",
              "startDate": "2022-05-01"
            }
          ]
        }
      ],
      "@type": [
        "schema:Offer",
        "Offer"
      ]
    }
  ],
  "providesCuisineOfType": [
    {
      "@id": "kb:MediterraneanCuisine",
      "@type": [
        "CuisineCategory"
      ],
      "rdfs:label": {
        "de": [
          "Mediterrane Küche"
        ],
        "pt": [
          "Cozinha mediterrânica"
        ],
        "en": [
          "Mediterranean cuisine"
        ],
        "it": [
          "Cucina mediterranea"
        ],
        "fr": [
          "Cuisine méditerranéenne"
        ],
        "nl": [
          "Mediterrane keuken"
        ],
        "es": [
          "Cocina mediterránea"
        ]
      }
    }
  ]
}