{
  "@id": "https://data.datatourisme.fr/13/24d8f50b-73e1-336a-b9bf-173609e43eef",
  "dc:identifier": "5009700",
  "@type": [
    "schema:Accommodation",
    "schema:LodgingBusiness",
    "Accommodation",
    "CollectiveAccommodation",
    "HolidayResort",
    "PlaceOfInterest",
    "PointOfInterest"
  ],
  "rdfs:comment": {
    "de": [
      "Mit einer erstklassigen Lage in der Balagne befindet sich die Ferienresidenz Les Castors nur wenige Meter vom Sandstrand von Calvi entfernt und bietet Ihnen den Vorteil, dass Sie alles erreichen können, ohne auf Ihr Fahrzeug angewiesen zu sein ."
    ],
    "en": [
      "With a prime location in Balagne, the Les Castors holiday residence is only a few meters from the sandy beach of Calvi and offers you the advantage of being able to access everything without needing your vehicle."
    ],
    "it": [
      "Con una posizione privilegiata nella regione della Balagne, il residence Les Castors si trova a pochi metri dalla spiaggia di sabbia fine di Calvi e offre il vantaggio di poter accedere a tutto senza dover usare l'auto."
    ],
    "fr": [
      "Avec un emplacement de premier ordre en Balagne, la résidence de vacances Les Castors se trouve seulement à quelques mètres de la plage de sable fin de Calvi et vous offre l'avantage de pouvoir accéder à tout sans avoir besoin de votre véhicule ."
    ],
    "nl": [
      "Het vakantieverblijf Les Castors ligt op een toplocatie in de regio Balagne, op slechts enkele meters van het fijne zandstrand van Calvi en biedt u het voordeel dat u alles kunt bereiken zonder een auto nodig te hebben."
    ],
    "es": [
      "Con una ubicación privilegiada en la región de Balagne, la residencia de vacaciones Les Castors está a sólo unos metros de la playa de arena fina de Calvi y le ofrece la ventaja de poder acceder a todo sin necesidad de un coche."
    ]
  },
  "rdfs:label": {
    "en": [
      "Les Castors Residence"
    ],
    "fr": [
      "Résidence Les Castors"
    ]
  },
  "hasBeenCreatedBy": {
    "@id": "https://data.datatourisme.fr/13/e4873aa9-a05c-35ed-8395-61d121516766",
    "dc:identifier": "1646",
    "schema:email": [
      "info@balagne-corsica.com"
    ],
    "schema:legalName": "Office de Tourisme Intercommunal Calvi - Balagne",
    "@type": [
      "schema:Organization",
      "foaf:Agent",
      "Agent"
    ],
    "foaf:homepage": [
      "https://www.balagne-corsica.com/"
    ]
  },
  "hasBeenPublishedBy": [
    {
      "@id": "https://data.datatourisme.fr/8a9feb4b-2cbd-3d2c-b507-bd6c6776b23b",
      "schema:legalName": "Apidae Tourisme Scic SA - source : Apidae Tourisme",
      "@type": [
        "schema:Organization",
        "foaf:Agent",
        "Agent"
      ],
      "foaf:homepage": [
        "https://www.apidae-tourisme.com/"
      ]
    }
  ],
  "hasContact": [
    {
      "@id": "https://data.datatourisme.fr/89f7c429-4337-339a-bee5-36cf37de21f1",
      "schema:email": [
        "resa@sejoya.fr"
      ],
      "schema:telephone": [
        "+33 4 20 19 00 90"
      ],
      "@type": [
        "foaf:Agent",
        "Agent"
      ],
      "foaf:homepage": [
        "https://residence-castors.fr/"
      ]
    }
  ],
  "hasDescription": [
    {
      "@id": "https://data.datatourisme.fr/097257d2-4681-34ce-9c89-21a0173c69c1",
      "@type": [
        "Description"
      ],
      "hasTranslatedProperty": [
        {
          "@id": "https://data.datatourisme.fr/6438586d-6bef-3ed8-b0f2-0a7c47d7cc90",
          "dc:contributor": [
            "https://api.deepl.com/v2/translate"
          ],
          "rdf:language": [
            "es"
          ],
          "rdf:predicate": [
            "shortDescription"
          ]
        },
        {
          "@id": "https://data.datatourisme.fr/739a3e72-9e5d-3ba6-b5c8-a5b81cd5b752",
          "dc:contributor": [
            "https://api.deepl.com/v2/translate"
          ],
          "rdf:language": [
            "nl"
          ],
          "rdf:predicate": [
            "shortDescription"
          ]
        },
        {
          "@id": "https://data.datatourisme.fr/e8ecc67f-0611-3296-b529-fe96f6841c77",
          "dc:contributor": [
            "https://api.deepl.com/v2/translate"
          ],
          "rdf:language": [
            "de"
          ],
          "rdf:predicate": [
            "shortDescription"
          ]
        }
      ],
      "shortDescription": {
        "de": [
          "Mit einer erstklassigen Lage in der Balagne befindet sich die Ferienresidenz Les Castors nur wenige Meter vom Sandstrand von Calvi entfernt und bietet Ihnen den Vorteil, dass Sie alles erreichen können, ohne auf Ihr Fahrzeug angewiesen zu sein ."
        ],
        "en": [
          "With a prime location in Balagne, the Les Castors holiday residence is only a few meters from the sandy beach of Calvi and offers you the advantage of being able to access everything without needing your vehicle."
        ],
        "it": [
          "Con una posizione privilegiata nella regione della Balagne, il residence Les Castors si trova a pochi metri dalla spiaggia di sabbia fine di Calvi e offre il vantaggio di poter accedere a tutto senza dover usare l'auto."
        ],
        "fr": [
          "Avec un emplacement de premier ordre en Balagne, la résidence de vacances Les Castors se trouve seulement à quelques mètres de la plage de sable fin de Calvi et vous offre l'avantage de pouvoir accéder à tout sans avoir besoin de votre véhicule ."
        ],
        "nl": [
          "Het vakantieverblijf Les Castors ligt op een toplocatie in de regio Balagne, op slechts enkele meters van het fijne zandstrand van Calvi en biedt u het voordeel dat u alles kunt bereiken zonder een auto nodig te hebben."
        ],
        "es": [
          "Con una ubicación privilegiada en la región de Balagne, la residencia de vacaciones Les Castors está a sólo unos metros de la playa de arena fina de Calvi y le ofrece la ventaja de poder acceder a todo sin necesidad de un coche."
        ]
      }
    }
  ],
  "hasTranslatedProperty": [
    {
      "@id": "https://data.datatourisme.fr/5924244e-0a75-3c1d-807a-81641910f170",
      "dc:contributor": [
        "https://api.deepl.com/v2/translate"
      ],
      "rdf:language": [
        "de"
      ],
      "rdf:predicate": [
        {
          "@id": "rdfs:comment"
        }
      ]
    },
    {
      "@id": "https://data.datatourisme.fr/909edf01-9288-3bfc-816d-b46c8c058548",
      "dc:contributor": [
        "https://api.deepl.com/v2/translate"
      ],
      "rdf:language": [
        "es"
      ],
      "rdf:predicate": [
        {
          "@id": "rdfs:comment"
        }
      ]
    },
    {
      "@id": "https://data.datatourisme.fr/a652b908-d751-3a7f-a429-675271e74c12",
      "dc:contributor": [
        "https://api.deepl.com/v2/translate"
      ],
      "rdf:language": [
        "nl"
      ],
      "rdf:predicate": [
        {
          "@id": "rdfs:comment"
        }
      ]
    }
  ],
  "isLocatedAt": [
    {
      "@id": "https://data.datatourisme.fr/c8735d29-b3ed-3ae9-9fa0-71b76ed21988",
      "schema:address": [
        {
          "@id": "https://data.datatourisme.fr/fb11d4ad-2908-39dc-9cfc-a3389d1f3d87",
          "schema:addressLocality": "Calvi",
          "schema:postalCode": "20260",
          "@type": [
            "schema:PostalAddress",
            "PostalAddress"
          ],
          "hasAddressCity": {
            "@id": "kb:2B050",
            "@type": [
              "City"
            ],
            "rdfs:label": {
              "en": [
                "Calvi"
              ],
              "fr": [
                "Calvi"
              ]
            },
            "insee": "2B050",
            "isPartOfDepartment": {
              "@id": "kb:France942B",
              "@type": [
                "Department"
              ],
              "rdfs:label": {
                "en": [
                  "Haute-Corse"
                ],
                "fr": [
                  "Haute-Corse"
                ]
              },
              "insee": "2B",
              "isPartOfRegion": {
                "@id": "kb:France94",
                "@type": [
                  "Region"
                ],
                "rdfs:label": {
                  "en": [
                    "Corse"
                  ],
                  "fr": [
                    "Corse"
                  ]
                },
                "insee": "94",
                "isPartOfCountry": {
                  "@id": "kb:France",
                  "@type": [
                    "schema:Country"
                  ],
                  "rdfs:label": {
                    "de": [
                      "Frankreich"
                    ],
                    "pt": [
                      "França"
                    ],
                    "en": [
                      "France"
                    ],
                    "it": [
                      "Francia"
                    ],
                    "fr": [
                      "France"
                    ],
                    "nl": [
                      "Frankrijk"
                    ],
                    "es": [
                      "Francia"
                    ]
                  }
                }
              }
            }
          }
        }
      ],
      "schema:geo": {
        "@id": "https://data.datatourisme.fr/6cc6ce16-89c0-3b5c-818e-a6b1d5018204",
        "schema:latitude": "42.557256",
        "schema:longitude": "8.75607",
        "@type": [
          "schema:GeoCoordinates"
        ]
      },
      "schema:openingHoursSpecification": [
        {
          "@id": "https://data.datatourisme.fr/41e4a67b-4263-3122-9f5d-d9592ce38288",
          "schema:validFrom": "2023-04-06T00:00:00",
          "schema:validThrough": "2023-10-08T23:59:59",
          "@type": [
            "schema:OpeningHoursSpecification"
          ],
          "additionalInformation": {
            "de": [
              "Unverbindliche Öffnungszeiten"
            ],
            "en": [
              "Indicative opening period"
            ],
            "it": [
              "Periodo di apertura indicativo"
            ],
            "fr": [
              "Période d'ouverture à titre indicatif"
            ],
            "es": [
              "Periodo de apertura indicativo"
            ],
            "nl": [
              "Indicatieve openingsperiode"
            ]
          },
          "hasTranslatedProperty": [
            {
              "@id": "https://data.datatourisme.fr/2f4aaaf4-ef2d-3bfe-a657-d3934d529470",
              "dc:contributor": [
                "https://api.deepl.com/v2/translate"
              ],
              "rdf:language": [
                "nl"
              ],
              "rdf:predicate": [
                "additionalInformation"
              ]
            },
            {
              "@id": "https://data.datatourisme.fr/5caae19c-23ee-3567-8ab3-d03111df0bbb",
              "dc:contributor": [
                "https://api.deepl.com/v2/translate"
              ],
              "rdf:language": [
                "de"
              ],
              "rdf:predicate": [
                "additionalInformation"
              ]
            },
            {
              "@id": "https://data.datatourisme.fr/c0268646-e523-3d8f-b5a6-c247593146db",
              "dc:contributor": [
                "https://api.deepl.com/v2/translate"
              ],
              "rdf:language": [
                "it"
              ],
              "rdf:predicate": [
                "additionalInformation"
              ]
            },
            {
              "@id": "https://data.datatourisme.fr/c88ac332-cea2-3b3d-ad3c-6c000f9e815a",
              "dc:contributor": [
                "https://api.deepl.com/v2/translate"
              ],
              "rdf:language": [
                "es"
              ],
              "rdf:predicate": [
                "additionalInformation"
              ]
            },
            {
              "@id": "https://data.datatourisme.fr/fd51dfe9-a548-3e04-a5a0-7aae057f3fc9",
              "dc:contributor": [
                "https://api.deepl.com/v2/translate"
              ],
              "rdf:language": [
                "en"
              ],
              "rdf:predicate": [
                "additionalInformation"
              ]
            }
          ]
        }
      ],
      "@type": [
        "schema:Place",
        "Place"
      ]
    }
  ],
  "isOwnedBy": [
    {
      "@id": "https://data.datatourisme.fr/194c52e6-bbae-33dc-8464-caca97844fbb",
      "schema:email": [
        "info@balagne-corsica.com"
      ],
      "schema:legalName": "Office de Tourisme Intercommunal Calvi - Balagne",
      "@type": [
        "schema:Organization",
        "foaf:Agent",
        "Agent"
      ],
      "foaf:homepage": [
        "https://www.balagne-corsica.com/"
      ]
    }
  ],
  "lastUpdate": "2023-01-16",
  "lastUpdateDatatourisme": "2023-04-04T05:52:39.3Z",
  "offers": [
    {
      "@id": "https://data.datatourisme.fr/f424c421-020d-39b9-8bf5-e8a9decf3289",
      "schema:priceSpecification": [
        {
          "@id": "https://data.datatourisme.fr/076a31c8-bd8a-3349-b016-d9246252c432",
          "schema:maxPrice": [
            "1",
            "1225",
            "1855",
            "875",
            "910"
          ],
          "schema:minPrice": [
            "1",
            "315",
            "350",
            "385",
            "630"
          ],
          "schema:priceCurrency": "EUR",
          "@type": [
            "schema:PriceSpecification",
            "PriceSpecification"
          ],
          "appliesOnPeriod": [
            {
              "@id": "https://data.datatourisme.fr/a109a231-796b-3e2b-acf9-417e8e908065",
              "@type": [
                "Period"
              ],
              "endDate": "2023-10-08",
              "startDate": "2023-04-06"
            }
          ]
        }
      ],
      "@type": [
        "schema:Offer",
        "Offer"
      ]
    }
  ]
}