{
  "@id": "https://data.datatourisme.fr/13/2492a664-cb8d-3d27-9b86-6485b2146bd2",
  "dc:identifier": "4985124",
  "@type": [
    "schema:Library",
    "CulturalSite",
    "Library",
    "PlaceOfInterest",
    "PointOfInterest",
    "SportsAndLeisurePlace"
  ],
  "rdfs:comment": {
    "de": [
      "In der Mediathek von Calvi werden Ihnen Ausstellungen, Treffen mit Autoren, Teestunden mit Philo, Kalligraphie-Workshops sowie Märchen-Workshops angeboten. Versprechen einer Begegnung mit... Chantal, Eric und Laurent"
    ],
    "en": [
      "Exhibitions, meetings with authors, philo-cafes, calligraphy workshops and story-telling sessions, all at Calvi Multimedia Library, where you're sure to meet... Chantal, Eric and Laurent"
    ],
    "it": [
      "Mostre, incontri con autori, snack filosofici, laboratori di calligrafia e laboratori di narrazione sono offerti alla Mediateca di Calvi. Promessa di un incontro con... Chantal, Eric e Laurent"
    ],
    "fr": [
      "Des expositions, des rencontres avec des auteurs, des goûters philo, des ateliers de calligraphie ainsi que des ateliers de conte vous sont proposés à la Médiathèque de Calvi. Promesse d'une rencontre avec... Chantal, Eric et Laurent"
    ],
    "nl": [
      "In de mediatheek van Calvi worden tentoonstellingen, ontmoetingen met auteurs, filosofiehapjes, workshops kalligrafie en workshops verhalen vertellen aangeboden. Belofte van een ontmoeting met... Chantal, Eric en Laurent"
    ],
    "es": [
      "En la Mediateca de Calvi se ofrecen exposiciones, encuentros con autores, meriendas filosóficas, talleres de caligrafía y de cuentacuentos. La promesa de una reunión con... Chantal, Eric y Laurent"
    ]
  },
  "rdfs:label": {
    "en": [
      "Municipal media library"
    ],
    "fr": [
      "Médiathèque Municipale"
    ]
  },
  "hasBeenCreatedBy": {
    "@id": "https://data.datatourisme.fr/13/e4873aa9-a05c-35ed-8395-61d121516766",
    "dc:identifier": "1646",
    "schema:email": [
      "info@balagne-corsica.com"
    ],
    "schema:legalName": "Office de Tourisme Intercommunal Calvi - Balagne",
    "@type": [
      "schema:Organization",
      "foaf:Agent",
      "Agent"
    ],
    "foaf:homepage": [
      "https://www.balagne-corsica.com/"
    ]
  },
  "hasBeenPublishedBy": [
    {
      "@id": "https://data.datatourisme.fr/8a9feb4b-2cbd-3d2c-b507-bd6c6776b23b",
      "schema:legalName": "Apidae Tourisme Scic SA - source : Apidae Tourisme",
      "@type": [
        "schema:Organization",
        "foaf:Agent",
        "Agent"
      ],
      "foaf:homepage": [
        "https://www.apidae-tourisme.com/"
      ]
    }
  ],
  "hasContact": [
    {
      "@id": "https://data.datatourisme.fr/5b1ea9d8-8068-31c2-b957-c3841d598ecd",
      "schema:email": [
        "bibliotheque@ville-calvi.fr"
      ],
      "schema:telephone": [
        "+33 4 95 32 24 18"
      ],
      "@type": [
        "foaf:Agent",
        "Agent"
      ]
    }
  ],
  "hasDescription": [
    {
      "@id": "https://data.datatourisme.fr/ad01c413-d7b4-3f55-87a3-f3b51894a78b",
      "@type": [
        "Description"
      ],
      "hasTranslatedProperty": [
        {
          "@id": "https://data.datatourisme.fr/8c7acd1f-21d7-3ff7-8ae5-b52faba740f5",
          "dc:contributor": [
            "https://api.deepl.com/v2/translate"
          ],
          "rdf:language": [
            "es"
          ],
          "rdf:predicate": [
            "shortDescription"
          ]
        },
        {
          "@id": "https://data.datatourisme.fr/abd6b4a4-0b5e-3c12-b80e-3fb2f6440e2c",
          "dc:contributor": [
            "https://api.deepl.com/v2/translate"
          ],
          "rdf:language": [
            "de"
          ],
          "rdf:predicate": [
            "shortDescription"
          ]
        },
        {
          "@id": "https://data.datatourisme.fr/df012bf8-5bea-3980-965a-1eb803e3df7a",
          "dc:contributor": [
            "https://api.deepl.com/v2/translate"
          ],
          "rdf:language": [
            "nl"
          ],
          "rdf:predicate": [
            "shortDescription"
          ]
        }
      ],
      "shortDescription": {
        "de": [
          "In der Mediathek von Calvi werden Ihnen Ausstellungen, Treffen mit Autoren, Teestunden mit Philo, Kalligraphie-Workshops sowie Märchen-Workshops angeboten. Versprechen einer Begegnung mit... Chantal, Eric und Laurent"
        ],
        "en": [
          "Exhibitions, meetings with authors, philo-cafes, calligraphy workshops and story-telling sessions, all at Calvi Multimedia Library, where you're sure to meet... Chantal, Eric and Laurent"
        ],
        "it": [
          "Mostre, incontri con autori, snack filosofici, laboratori di calligrafia e laboratori di narrazione sono offerti alla Mediateca di Calvi. Promessa di un incontro con... Chantal, Eric e Laurent"
        ],
        "fr": [
          "Des expositions, des rencontres avec des auteurs, des goûters philo, des ateliers de calligraphie ainsi que des ateliers de conte vous sont proposés à la Médiathèque de Calvi. Promesse d'une rencontre avec... Chantal, Eric et Laurent"
        ],
        "nl": [
          "In de mediatheek van Calvi worden tentoonstellingen, ontmoetingen met auteurs, filosofiehapjes, workshops kalligrafie en workshops verhalen vertellen aangeboden. Belofte van een ontmoeting met... Chantal, Eric en Laurent"
        ],
        "es": [
          "En la Mediateca de Calvi se ofrecen exposiciones, encuentros con autores, meriendas filosóficas, talleres de caligrafía y de cuentacuentos. La promesa de una reunión con... Chantal, Eric y Laurent"
        ]
      }
    }
  ],
  "hasTranslatedProperty": [
    {
      "@id": "https://data.datatourisme.fr/12872b71-a8b4-3b95-b350-6e3f68f3b2c3",
      "dc:contributor": [
        "https://api.deepl.com/v2/translate"
      ],
      "rdf:language": [
        "nl"
      ],
      "rdf:predicate": [
        {
          "@id": "rdfs:comment"
        }
      ]
    },
    {
      "@id": "https://data.datatourisme.fr/44f7f12c-47e6-33ce-8577-e7d91e3cf185",
      "dc:contributor": [
        "https://api.deepl.com/v2/translate"
      ],
      "rdf:language": [
        "de"
      ],
      "rdf:predicate": [
        {
          "@id": "rdfs:comment"
        }
      ]
    },
    {
      "@id": "https://data.datatourisme.fr/a1b390f3-1067-3450-83a9-2ad729b45701",
      "dc:contributor": [
        "https://api.deepl.com/v2/translate"
      ],
      "rdf:language": [
        "es"
      ],
      "rdf:predicate": [
        {
          "@id": "rdfs:comment"
        }
      ]
    }
  ],
  "isLocatedAt": [
    {
      "@id": "https://data.datatourisme.fr/87a092cc-785c-3ff6-9df1-1574cd4c4cce",
      "schema:address": [
        {
          "@id": "https://data.datatourisme.fr/1526ac6f-cec3-3d7e-bfe5-d7b7df9f920d",
          "schema:addressLocality": "Calvi",
          "schema:postalCode": "20260",
          "schema:streetAddress": [
            "Centre Social Cardellu",
            "Route de Santore"
          ],
          "@type": [
            "schema:PostalAddress",
            "PostalAddress"
          ],
          "hasAddressCity": {
            "@id": "kb:2B050",
            "@type": [
              "City"
            ],
            "rdfs:label": {
              "en": [
                "Calvi"
              ],
              "fr": [
                "Calvi"
              ]
            },
            "insee": "2B050",
            "isPartOfDepartment": {
              "@id": "kb:France942B",
              "@type": [
                "Department"
              ],
              "rdfs:label": {
                "en": [
                  "Haute-Corse"
                ],
                "fr": [
                  "Haute-Corse"
                ]
              },
              "insee": "2B",
              "isPartOfRegion": {
                "@id": "kb:France94",
                "@type": [
                  "Region"
                ],
                "rdfs:label": {
                  "en": [
                    "Corse"
                  ],
                  "fr": [
                    "Corse"
                  ]
                },
                "insee": "94",
                "isPartOfCountry": {
                  "@id": "kb:France",
                  "@type": [
                    "schema:Country"
                  ],
                  "rdfs:label": {
                    "de": [
                      "Frankreich"
                    ],
                    "pt": [
                      "França"
                    ],
                    "en": [
                      "France"
                    ],
                    "it": [
                      "Francia"
                    ],
                    "fr": [
                      "France"
                    ],
                    "nl": [
                      "Frankrijk"
                    ],
                    "es": [
                      "Francia"
                    ]
                  }
                }
              }
            }
          }
        }
      ],
      "schema:geo": {
        "@id": "https://data.datatourisme.fr/7e83367b-2901-3f39-85a1-4d85a54f89b7",
        "schema:latitude": "42.559432",
        "schema:longitude": "8.750876",
        "@type": [
          "schema:GeoCoordinates"
        ]
      },
      "schema:openingHoursSpecification": [
        {
          "@id": "https://data.datatourisme.fr/ec46dc05-b527-36ec-a11d-0e4e21c354a5",
          "schema:validFrom": "2023-01-01T00:00:00",
          "schema:validThrough": "2023-12-31T23:59:59",
          "@type": [
            "schema:OpeningHoursSpecification"
          ],
          "additionalInformation": {
            "de": [
              "Montag bis Freitag von 9:00 bis 12:00 Uhr und von 14:00 bis 18:30 Uhr\r\nSamstags von 9.00 bis 12.00 Uhr und von 14.00 bis 18.00 Uhr\r\nSonntag geschlossen"
            ],
            "en": [
              "Monday to Friday from 9:00 to 12:00 and from 14:00 to 18:30\r\nSaturdays from 9:00 to 12:00 and from 14:00 to 18:00\r\nClosed Sunday"
            ],
            "it": [
              "Dal lunedì al venerdì dalle 9:00 alle 12:00 e dalle 14:00 alle 18:30\r\nSabato dalle 9.00 alle 12.00 e dalle 14.00 alle 18.00\r\nChiuso la domenica"
            ],
            "fr": [
              "Du Lundi au Vendredi de 9h00 à 12h00 et de 14h00 à 18h30 \r\nLe Samedi de 9h00 à 12h00 et de 14h00 à 18h00\r\nFermé Dimanche"
            ],
            "nl": [
              "Maandag tot vrijdag van 9:00 tot 12:00 uur en van 14:00 tot 18:30 uur\r\nZaterdag van 9 tot 12 uur en van 14 tot 18 uur\r\nGesloten op zondag"
            ],
            "es": [
              "De lunes a viernes de 9:00 a 12:00 y de 14:00 a 18:30\r\nSábado de 9 a 12 horas y de 14 a 18 horas\r\nCerrado el domingo"
            ]
          },
          "hasTranslatedProperty": [
            {
              "@id": "https://data.datatourisme.fr/262863c6-c307-3d55-accf-f05028179bd8",
              "dc:contributor": [
                "https://api.deepl.com/v2/translate"
              ],
              "rdf:language": [
                "it"
              ],
              "rdf:predicate": [
                "additionalInformation"
              ]
            },
            {
              "@id": "https://data.datatourisme.fr/958d6529-6062-3743-9baf-e9e1e2f4d563",
              "dc:contributor": [
                "https://api.deepl.com/v2/translate"
              ],
              "rdf:language": [
                "en"
              ],
              "rdf:predicate": [
                "additionalInformation"
              ]
            },
            {
              "@id": "https://data.datatourisme.fr/a8a05923-2465-33c3-9d84-79d8c09a7e9b",
              "dc:contributor": [
                "https://api.deepl.com/v2/translate"
              ],
              "rdf:language": [
                "es"
              ],
              "rdf:predicate": [
                "additionalInformation"
              ]
            },
            {
              "@id": "https://data.datatourisme.fr/ae19a5b3-314e-300c-acf2-1a7c6b9b7a21",
              "dc:contributor": [
                "https://api.deepl.com/v2/translate"
              ],
              "rdf:language": [
                "nl"
              ],
              "rdf:predicate": [
                "additionalInformation"
              ]
            },
            {
              "@id": "https://data.datatourisme.fr/fdd4e2dc-c1b4-3aef-a272-74284eafa8c8",
              "dc:contributor": [
                "https://api.deepl.com/v2/translate"
              ],
              "rdf:language": [
                "de"
              ],
              "rdf:predicate": [
                "additionalInformation"
              ]
            }
          ]
        }
      ],
      "@type": [
        "schema:Place",
        "Place"
      ]
    }
  ],
  "isOwnedBy": [
    {
      "@id": "https://data.datatourisme.fr/194c52e6-bbae-33dc-8464-caca97844fbb",
      "schema:email": [
        "info@balagne-corsica.com"
      ],
      "schema:legalName": "Office de Tourisme Intercommunal Calvi - Balagne",
      "@type": [
        "schema:Organization",
        "foaf:Agent",
        "Agent"
      ],
      "foaf:homepage": [
        "https://www.balagne-corsica.com/"
      ]
    }
  ],
  "lastUpdate": "2022-03-29",
  "lastUpdateDatatourisme": "2023-02-01T18:07:36.166Z",
  "offers": [
    {
      "@id": "https://data.datatourisme.fr/56b17bb6-436a-3f61-9b83-8458de972344",
      "schema:priceSpecification": [
        {
          "@id": "https://data.datatourisme.fr/d1260f25-14ba-3cec-822c-49c9ad3fa286",
          "schema:maxPrice": [
            "10"
          ],
          "schema:minPrice": [
            "10"
          ],
          "schema:priceCurrency": "EUR",
          "@type": [
            "schema:PriceSpecification",
            "PriceSpecification"
          ],
          "appliesOnPeriod": [
            {
              "@id": "https://data.datatourisme.fr/0663ca4b-3470-3171-9053-39aa704e8f56",
              "@type": [
                "Period"
              ],
              "endDate": "2022-12-31",
              "startDate": "2022-01-01"
            }
          ]
        }
      ],
      "@type": [
        "schema:Offer",
        "Offer"
      ]
    }
  ]
}