{
  "@id": "https://data.datatourisme.fr/13/4f6eb124-bc4b-30e1-b24a-cc4ea1c9c63b",
  "dc:identifier": "5164496",
  "@type": [
    "schema:Accommodation",
    "schema:LodgingBusiness",
    "Accommodation",
    "PlaceOfInterest",
    "PointOfInterest"
  ],
  "rdfs:comment": {
    "de": [
      "Sind Sie auf der Suche nach einer Unterkunft, die für Ihren nächsten Aufenthalt in Porto-Vecchio zum Auftanken geeignet ist? Entdecken Sie die Domaine San Sebastiano, eine Ferienanlage im Herzen der korsischen Natur."
    ],
    "en": [
      "Are you looking for an ideal location for your next stay in Porto-Vecchio? Discover the Domaine San Sebastiano, a vacation residence in the heart of Corsican nature."
    ],
    "it": [
      "Siete alla ricerca di un luogo ideale per il vostro prossimo soggiorno a Porto-Vecchio? Scoprite il Domaine San Sebastiano, una residenza per vacanze nel cuore della natura corsa."
    ],
    "fr": [
      "Vous êtes à la recherche d’une location propice au ressourcement pour votre prochain séjour à Porto-Vecchio ? Découvrez le Domaine San Sebastiano, une résidence de vacances au cœur de la nature corse."
    ],
    "es": [
      "¿Está buscando un lugar ideal para su próxima estancia en Porto-Vecchio? Descubra el Domaine San Sebastiano, una residencia de vacaciones en plena naturaleza corsa."
    ],
    "nl": [
      "Ben je op zoek naar een ideale locatie voor je volgende verblijf in Porto-Vecchio? Ontdek het Domaine San Sebastiano, een vakantieverblijf in het hart van de Corsicaanse natuur."
    ]
  },
  "rdfs:label": {
    "fr": [
      "Domaine de San Sebastiano"
    ]
  },
  "hasBeenCreatedBy": {
    "@id": "https://data.datatourisme.fr/13/84c6494d-3085-3c63-a55c-db8cb047fadd",
    "dc:identifier": "1738",
    "schema:email": [
      "camillef.omt@gmail.com",
      "direction@destination-sudcorse.com",
      "gestion@destination-sudcorse.com",
      "promotion@destination-sudcorse.com",
      "webmaster@destination-sudcorse.com"
    ],
    "schema:legalName": "Porto Vecchio Tourisme",
    "@type": [
      "schema:Organization",
      "foaf:Agent",
      "Agent"
    ],
    "foaf:homepage": [
      "http://www.ot-portovecchio.com/"
    ]
  },
  "hasBeenPublishedBy": [
    {
      "@id": "https://data.datatourisme.fr/8a9feb4b-2cbd-3d2c-b507-bd6c6776b23b",
      "schema:legalName": "Apidae Tourisme Scic SA - source : Apidae Tourisme",
      "@type": [
        "schema:Organization",
        "foaf:Agent",
        "Agent"
      ],
      "foaf:homepage": [
        "https://www.apidae-tourisme.com/"
      ]
    }
  ],
  "hasContact": [
    {
      "@id": "https://data.datatourisme.fr/169a2814-11c6-3de9-91db-8db0e7245717",
      "schema:email": [
        "info@domaine-san-sebastiano.com"
      ],
      "schema:telephone": [
        "+33 4 95 70 34 07",
        "+33 6 09 79 60 98"
      ],
      "@type": [
        "foaf:Agent",
        "Agent"
      ],
      "foaf:homepage": [
        "http://www.domaine-san-sebastiano.com/"
      ]
    }
  ],
  "hasDescription": [
    {
      "@id": "https://data.datatourisme.fr/52cd86d6-2acd-3f73-9ab2-fb54d47be685",
      "@type": [
        "Description"
      ],
      "hasTranslatedProperty": [
        {
          "@id": "https://data.datatourisme.fr/151e0c2f-bf30-34dc-b703-19841f4bce7a",
          "dc:contributor": [
            "https://api.deepl.com/v2/translate"
          ],
          "rdf:language": [
            "es"
          ],
          "rdf:predicate": [
            "shortDescription"
          ]
        },
        {
          "@id": "https://data.datatourisme.fr/304ae865-aae1-3b80-936b-3e03c0e929ea",
          "dc:contributor": [
            "https://api.deepl.com/v2/translate"
          ],
          "rdf:language": [
            "en"
          ],
          "rdf:predicate": [
            "shortDescription"
          ]
        },
        {
          "@id": "https://data.datatourisme.fr/362e47d1-4046-3fac-ad83-c553c6c76e4c",
          "dc:contributor": [
            "https://api.deepl.com/v2/translate"
          ],
          "rdf:language": [
            "nl"
          ],
          "rdf:predicate": [
            "shortDescription"
          ]
        },
        {
          "@id": "https://data.datatourisme.fr/b720031c-5bfe-3317-86cd-58b987708c13",
          "dc:contributor": [
            "https://api.deepl.com/v2/translate"
          ],
          "rdf:language": [
            "de"
          ],
          "rdf:predicate": [
            "shortDescription"
          ]
        },
        {
          "@id": "https://data.datatourisme.fr/e1e00968-2e87-3fc2-8fa7-fa3588f9e4b4",
          "dc:contributor": [
            "https://api.deepl.com/v2/translate"
          ],
          "rdf:language": [
            "it"
          ],
          "rdf:predicate": [
            "shortDescription"
          ]
        }
      ],
      "shortDescription": {
        "de": [
          "Sind Sie auf der Suche nach einer Unterkunft, die für Ihren nächsten Aufenthalt in Porto-Vecchio zum Auftanken geeignet ist? Entdecken Sie die Domaine San Sebastiano, eine Ferienanlage im Herzen der korsischen Natur."
        ],
        "en": [
          "Are you looking for an ideal location for your next stay in Porto-Vecchio? Discover the Domaine San Sebastiano, a vacation residence in the heart of Corsican nature."
        ],
        "it": [
          "Siete alla ricerca di un luogo ideale per il vostro prossimo soggiorno a Porto-Vecchio? Scoprite il Domaine San Sebastiano, una residenza per vacanze nel cuore della natura corsa."
        ],
        "fr": [
          "Vous êtes à la recherche d’une location propice au ressourcement pour votre prochain séjour à Porto-Vecchio ? Découvrez le Domaine San Sebastiano, une résidence de vacances au cœur de la nature corse."
        ],
        "es": [
          "¿Está buscando un lugar ideal para su próxima estancia en Porto-Vecchio? Descubra el Domaine San Sebastiano, una residencia de vacaciones en plena naturaleza corsa."
        ],
        "nl": [
          "Ben je op zoek naar een ideale locatie voor je volgende verblijf in Porto-Vecchio? Ontdek het Domaine San Sebastiano, een vakantieverblijf in het hart van de Corsicaanse natuur."
        ]
      }
    }
  ],
  "hasTranslatedProperty": [
    {
      "@id": "https://data.datatourisme.fr/04e8e0b7-cc55-38c9-97a9-7878725180a2",
      "dc:contributor": [
        "https://api.deepl.com/v2/translate"
      ],
      "rdf:language": [
        "en"
      ],
      "rdf:predicate": [
        {
          "@id": "rdfs:comment"
        }
      ]
    },
    {
      "@id": "https://data.datatourisme.fr/0e7fe3b3-fbf2-3bd9-b0ec-67212438bf46",
      "dc:contributor": [
        "https://api.deepl.com/v2/translate"
      ],
      "rdf:language": [
        "it"
      ],
      "rdf:predicate": [
        {
          "@id": "rdfs:comment"
        }
      ]
    },
    {
      "@id": "https://data.datatourisme.fr/6a4d4b95-fbb4-37bd-b191-3d094a892ec0",
      "dc:contributor": [
        "https://api.deepl.com/v2/translate"
      ],
      "rdf:language": [
        "nl"
      ],
      "rdf:predicate": [
        {
          "@id": "rdfs:comment"
        }
      ]
    },
    {
      "@id": "https://data.datatourisme.fr/89abc498-97d7-3307-ac77-63f573e6317d",
      "dc:contributor": [
        "https://api.deepl.com/v2/translate"
      ],
      "rdf:language": [
        "de"
      ],
      "rdf:predicate": [
        {
          "@id": "rdfs:comment"
        }
      ]
    },
    {
      "@id": "https://data.datatourisme.fr/8ae4e649-57a7-3722-823e-10099f845ede",
      "dc:contributor": [
        "https://api.deepl.com/v2/translate"
      ],
      "rdf:language": [
        "es"
      ],
      "rdf:predicate": [
        {
          "@id": "rdfs:comment"
        }
      ]
    }
  ],
  "isLocatedAt": [
    {
      "@id": "https://data.datatourisme.fr/b07e1f8f-5489-33d2-94d3-031cb7be67bb",
      "schema:address": [
        {
          "@id": "https://data.datatourisme.fr/88a58ef5-74c4-36f2-ab7e-ec606c4427d5",
          "schema:addressLocality": "Porto-Vecchio",
          "schema:postalCode": "20137",
          "schema:streetAddress": [
            "La Trinité",
            "Lieu dit Benciugno"
          ],
          "@type": [
            "schema:PostalAddress",
            "PostalAddress"
          ],
          "hasAddressCity": {
            "@id": "kb:2A247",
            "@type": [
              "City"
            ],
            "rdfs:label": {
              "en": [
                "Porto-Vecchio"
              ],
              "fr": [
                "Porto-Vecchio"
              ]
            },
            "insee": "2A247",
            "isPartOfDepartment": {
              "@id": "kb:France942A",
              "@type": [
                "Department"
              ],
              "rdfs:label": {
                "en": [
                  "Corse-du-Sud"
                ],
                "fr": [
                  "Corse-du-Sud"
                ]
              },
              "insee": "2A",
              "isPartOfRegion": {
                "@id": "kb:France94",
                "@type": [
                  "Region"
                ],
                "rdfs:label": {
                  "en": [
                    "Corse"
                  ],
                  "fr": [
                    "Corse"
                  ]
                },
                "insee": "94",
                "isPartOfCountry": {
                  "@id": "kb:France",
                  "@type": [
                    "schema:Country"
                  ],
                  "rdfs:label": {
                    "de": [
                      "Frankreich"
                    ],
                    "pt": [
                      "França"
                    ],
                    "en": [
                      "France"
                    ],
                    "it": [
                      "Francia"
                    ],
                    "fr": [
                      "France"
                    ],
                    "nl": [
                      "Frankrijk"
                    ],
                    "es": [
                      "Francia"
                    ]
                  }
                }
              }
            }
          }
        }
      ],
      "schema:geo": {
        "@id": "https://data.datatourisme.fr/945de2ff-9d6b-38e8-98b5-d27876c3874b",
        "schema:latitude": "41.631859",
        "schema:longitude": "9.281451",
        "@type": [
          "schema:GeoCoordinates"
        ]
      },
      "schema:openingHoursSpecification": [
        {
          "@id": "https://data.datatourisme.fr/b2a59669-652c-384f-a6a8-3b3f637c5bd1",
          "schema:validFrom": "2023-04-29T00:00:00",
          "schema:validThrough": "2023-10-01T23:59:59",
          "@type": [
            "schema:OpeningHoursSpecification"
          ],
          "additionalInformation": {
            "de": [
              "Montag, Dienstag, Mittwoch, Donnerstag, Freitag, Samstag, Sonntag: offen"
            ],
            "en": [
              "Monday, Tuesday, Wednesday, Thursday, Friday, Saturday, Sunday: open"
            ],
            "it": [
              "Lunedì, martedì, mercoledì, giovedì, venerdì, sabato, domenica: aperto"
            ],
            "fr": [
              "Lundi, Mardi, Mercredi, Jeudi, Vendredi, Samedi, Dimanche : ouvert"
            ],
            "nl": [
              "Maandag, dinsdag, woensdag, donderdag, vrijdag, zaterdag, zondag: open"
            ],
            "es": [
              "Lunes, martes, miércoles, jueves, viernes, sábado y domingo: abierto"
            ]
          },
          "hasTranslatedProperty": [
            {
              "@id": "https://data.datatourisme.fr/017e6268-d7f7-3c24-85f0-1b8816e4e65b",
              "dc:contributor": [
                "https://api.deepl.com/v2/translate"
              ],
              "rdf:language": [
                "es"
              ],
              "rdf:predicate": [
                "additionalInformation"
              ]
            },
            {
              "@id": "https://data.datatourisme.fr/44fcece3-efbb-352b-8be0-5f8f371cbc46",
              "dc:contributor": [
                "https://api.deepl.com/v2/translate"
              ],
              "rdf:language": [
                "en"
              ],
              "rdf:predicate": [
                "additionalInformation"
              ]
            },
            {
              "@id": "https://data.datatourisme.fr/95d8e0d9-c179-3f78-8a99-d0ab76d29785",
              "dc:contributor": [
                "https://api.deepl.com/v2/translate"
              ],
              "rdf:language": [
                "it"
              ],
              "rdf:predicate": [
                "additionalInformation"
              ]
            },
            {
              "@id": "https://data.datatourisme.fr/9b9644fc-bcfa-3dd4-aa2f-6b3245788840",
              "dc:contributor": [
                "https://api.deepl.com/v2/translate"
              ],
              "rdf:language": [
                "nl"
              ],
              "rdf:predicate": [
                "additionalInformation"
              ]
            },
            {
              "@id": "https://data.datatourisme.fr/e49821a7-1b76-3b98-b4d5-00b71013da62",
              "dc:contributor": [
                "https://api.deepl.com/v2/translate"
              ],
              "rdf:language": [
                "de"
              ],
              "rdf:predicate": [
                "additionalInformation"
              ]
            }
          ]
        }
      ],
      "@type": [
        "schema:Place",
        "Place"
      ]
    }
  ],
  "isOwnedBy": [
    {
      "@id": "https://data.datatourisme.fr/f5f950f9-5eec-32b4-a357-2c969ccf4068",
      "schema:email": [
        "camillef.omt@gmail.com",
        "direction@destination-sudcorse.com",
        "gestion@destination-sudcorse.com",
        "promotion@destination-sudcorse.com",
        "webmaster@destination-sudcorse.com"
      ],
      "schema:legalName": "Porto Vecchio Tourisme",
      "@type": [
        "schema:Organization",
        "foaf:Agent",
        "Agent"
      ],
      "foaf:homepage": [
        "http://www.ot-portovecchio.com/"
      ]
    }
  ],
  "lastUpdate": "2023-01-31",
  "lastUpdateDatatourisme": "2023-02-04T06:37:31.909Z",
  "offers": [
    {
      "@id": "https://data.datatourisme.fr/523d8d18-c524-389e-af1f-ebac60013a8e",
      "schema:priceSpecification": [
        {
          "@id": "https://data.datatourisme.fr/ebd6b834-eae4-3293-b5ff-4ef6aaea6f39",
          "@type": [
            "schema:PriceSpecification",
            "PriceSpecification"
          ],
          "appliesOnPeriod": [
            {
              "@id": "https://data.datatourisme.fr/11740300-b463-3622-ba93-30ec46349ce3",
              "@type": [
                "Period"
              ],
              "endDate": "2023-10-01",
              "startDate": "2023-04-29"
            }
          ]
        }
      ],
      "@type": [
        "schema:Offer",
        "Offer"
      ]
    }
  ]
}