{
  "@id": "https://data.datatourisme.fr/13/04e6e5e4-03d2-3044-a891-95e20ceb42f5",
  "dc:identifier": "5778135",
  "@type": [
    "schema:LocalBusiness",
    "ActivityProvider",
    "PlaceOfInterest",
    "PointOfInterest",
    "Store"
  ],
  "rdfs:comment": {
    "de": [
      "Während der Ferien bietet das Fremdenverkehrsamt von L'Ile-Rousse jeden Dienstag eine Schatzsuche an, bei der Sie die Stadt besichtigen können. Dank der Hinweise und der Ratschläge der Fremdenführerin und Referentin werden die Kinder zu Historikern. Ein spielerischer Moment, den Sie mit anderen teilen können."
    ],
    "en": [
      "During the vacations, every Tuesday, the Tourist Office of L'Ile-Rousse proposes a treasure discovery to visit the city. Thanks to the clues and the advices of the guide-lecturer, the children become historians. A playful moment to share."
    ],
    "it": [
      "Durante le vacanze, ogni martedì, l'Ufficio del Turismo di L'Ile-Rousse propone un indagine per visitare la città. Grazie agli indizi e ai consigli della guida, i ragazzi diventano storici. Un momento divertente da condividere."
    ],
    "fr": [
      "Pendant les vacances, chaque mardi, l'Office de Tourisme de L'Ile-Rousse vous propose une chasse au trésor pour visiter la ville. Grâce aux indices et aux conseils de la guide-conférencière, les enfants deviennent historiens. Un moment ludique à partager."
    ],
    "nl": [
      "Tijdens de vakantie stelt de Dienst voor Toerisme van L'Ile-Rousse elke dinsdag een schattenjacht voor. Dankzij de aanwijzingen en het advies van de gids-docent worden de kinderen historici. Een leuk moment om te delen."
    ],
    "es": [
      "Durante las vacaciones, todos los martes, la Oficina de Turismo de L'Ile-Rousse propone una búsqueda del tesoro para visitar la ciudad. Gracias a las pistas y a los consejos del guía-conductor, los niños se convierten en historiadores. Un momento divertido para compartir."
    ]
  },
  "rdfs:label": {
    "en": [
      "Treasure discovery in L'Ile-Rousse for children"
    ],
    "it": [
      "Indagine per i raggazzi in L'Ile-Rousse"
    ],
    "fr": [
      "Chasse au trésor dans L'Ile-Rousse pour les enfants"
    ]
  },
  "hasBeenCreatedBy": {
    "@id": "https://data.datatourisme.fr/13/8d420fa3-5754-31f1-8199-69c88780314d",
    "dc:identifier": "1647",
    "schema:email": [
      "web@ileroussetourisme.com"
    ],
    "schema:legalName": "Office de Tourisme Intercommunal de L'Ile Rousse-Balagne",
    "@type": [
      "schema:Organization",
      "foaf:Agent",
      "Agent"
    ],
    "foaf:homepage": [
      "https://www.balagne-corsica.com/"
    ]
  },
  "hasBeenPublishedBy": [
    {
      "@id": "https://data.datatourisme.fr/8a9feb4b-2cbd-3d2c-b507-bd6c6776b23b",
      "schema:legalName": "Apidae Tourisme Scic SA - source : Apidae Tourisme",
      "@type": [
        "schema:Organization",
        "foaf:Agent",
        "Agent"
      ],
      "foaf:homepage": [
        "https://www.apidae-tourisme.com/"
      ]
    }
  ],
  "hasContact": [
    {
      "@id": "https://data.datatourisme.fr/a5e0ec64-9678-3d98-a8c1-195550f929b5",
      "schema:email": [
        "resa@ileroussetourisme.com"
      ],
      "schema:telephone": [
        "+33 4 95 60 80 14"
      ],
      "@type": [
        "foaf:Agent",
        "Agent"
      ]
    }
  ],
  "hasDescription": [
    {
      "@id": "https://data.datatourisme.fr/901b2027-fa99-3425-9d6d-4ecaa3491b16",
      "@type": [
        "Description"
      ],
      "hasTranslatedProperty": [
        {
          "@id": "https://data.datatourisme.fr/1e60a97f-4a7c-3075-b196-3880e87f0ea4",
          "dc:contributor": [
            "https://api.deepl.com/v2/translate"
          ],
          "rdf:language": [
            "nl"
          ],
          "rdf:predicate": [
            "shortDescription"
          ]
        },
        {
          "@id": "https://data.datatourisme.fr/44d16de4-9665-3ff0-aabc-cc8e854a0d04",
          "dc:contributor": [
            "https://api.deepl.com/v2/translate"
          ],
          "rdf:language": [
            "de"
          ],
          "rdf:predicate": [
            "shortDescription"
          ]
        },
        {
          "@id": "https://data.datatourisme.fr/ea2e5231-4358-3794-9873-812333088cb0",
          "dc:contributor": [
            "https://api.deepl.com/v2/translate"
          ],
          "rdf:language": [
            "es"
          ],
          "rdf:predicate": [
            "shortDescription"
          ]
        }
      ],
      "shortDescription": {
        "de": [
          "Während der Ferien bietet das Fremdenverkehrsamt von L'Ile-Rousse jeden Dienstag eine Schatzsuche an, bei der Sie die Stadt besichtigen können. Dank der Hinweise und der Ratschläge der Fremdenführerin und Referentin werden die Kinder zu Historikern. Ein spielerischer Moment, den Sie mit anderen teilen können."
        ],
        "en": [
          "During the vacations, every Tuesday, the Tourist Office of L'Ile-Rousse proposes a treasure discovery to visit the city. Thanks to the clues and the advices of the guide-lecturer, the children become historians. A playful moment to share."
        ],
        "it": [
          "Durante le vacanze, ogni martedì, l'Ufficio del Turismo di L'Ile-Rousse propone un indagine per visitare la città. Grazie agli indizi e ai consigli della guida, i ragazzi diventano storici. Un momento divertente da condividere."
        ],
        "fr": [
          "Pendant les vacances, chaque mardi, l'Office de Tourisme de L'Ile-Rousse vous propose une chasse au trésor pour visiter la ville. Grâce aux indices et aux conseils de la guide-conférencière, les enfants deviennent historiens. Un moment ludique à partager."
        ],
        "nl": [
          "Tijdens de vakantie stelt de Dienst voor Toerisme van L'Ile-Rousse elke dinsdag een schattenjacht voor. Dankzij de aanwijzingen en het advies van de gids-docent worden de kinderen historici. Een leuk moment om te delen."
        ],
        "es": [
          "Durante las vacaciones, todos los martes, la Oficina de Turismo de L'Ile-Rousse propone una búsqueda del tesoro para visitar la ciudad. Gracias a las pistas y a los consejos del guía-conductor, los niños se convierten en historiadores. Un momento divertido para compartir."
        ]
      }
    }
  ],
  "hasTranslatedProperty": [
    {
      "@id": "https://data.datatourisme.fr/2e5f6a48-6a9e-30e0-ab9c-34b3b4b25af7",
      "dc:contributor": [
        "https://api.deepl.com/v2/translate"
      ],
      "rdf:language": [
        "es"
      ],
      "rdf:predicate": [
        {
          "@id": "rdfs:comment"
        }
      ]
    },
    {
      "@id": "https://data.datatourisme.fr/72d76239-0fd5-3e9b-bcc4-6346534e2dc7",
      "dc:contributor": [
        "https://api.deepl.com/v2/translate"
      ],
      "rdf:language": [
        "nl"
      ],
      "rdf:predicate": [
        {
          "@id": "rdfs:comment"
        }
      ]
    },
    {
      "@id": "https://data.datatourisme.fr/95a1b620-cf59-34a8-988b-e59499be02f6",
      "dc:contributor": [
        "https://api.deepl.com/v2/translate"
      ],
      "rdf:language": [
        "de"
      ],
      "rdf:predicate": [
        {
          "@id": "rdfs:comment"
        }
      ]
    }
  ],
  "isLocatedAt": [
    {
      "@id": "https://data.datatourisme.fr/c6994f66-a4d7-3faf-85ef-d0802b8efe0a",
      "schema:address": [
        {
          "@id": "https://data.datatourisme.fr/8ddc2e33-1f1f-384f-b526-6efa248ebbc2",
          "schema:addressLocality": "L'Île-Rousse",
          "schema:postalCode": "20220",
          "schema:streetAddress": [
            "Avenue Calizi"
          ],
          "@type": [
            "schema:PostalAddress",
            "PostalAddress"
          ],
          "hasAddressCity": {
            "@id": "kb:2B134",
            "@type": [
              "City"
            ],
            "rdfs:label": {
              "en": [
                "L'Île-Rousse"
              ],
              "fr": [
                "L'Île-Rousse"
              ]
            },
            "insee": "2B134",
            "isPartOfDepartment": {
              "@id": "kb:France942B",
              "@type": [
                "Department"
              ],
              "rdfs:label": {
                "en": [
                  "Haute-Corse"
                ],
                "fr": [
                  "Haute-Corse"
                ]
              },
              "insee": "2B",
              "isPartOfRegion": {
                "@id": "kb:France94",
                "@type": [
                  "Region"
                ],
                "rdfs:label": {
                  "en": [
                    "Corse"
                  ],
                  "fr": [
                    "Corse"
                  ]
                },
                "insee": "94",
                "isPartOfCountry": {
                  "@id": "kb:France",
                  "@type": [
                    "schema:Country"
                  ],
                  "rdfs:label": {
                    "de": [
                      "Frankreich"
                    ],
                    "pt": [
                      "França"
                    ],
                    "en": [
                      "France"
                    ],
                    "it": [
                      "Francia"
                    ],
                    "fr": [
                      "France"
                    ],
                    "nl": [
                      "Frankrijk"
                    ],
                    "es": [
                      "Francia"
                    ]
                  }
                }
              }
            }
          }
        }
      ],
      "schema:geo": {
        "@id": "https://data.datatourisme.fr/29445a45-e5ab-3123-9228-cb2f85003d0c",
        "schema:latitude": "42.633765",
        "schema:longitude": "8.940127",
        "@type": [
          "schema:GeoCoordinates"
        ]
      },
      "schema:openingHoursSpecification": [
        {
          "@id": "https://data.datatourisme.fr/135e7506-24cc-3478-b758-6f191c2f0bd8",
          "schema:closes": "12:00:00",
          "schema:opens": "09:30:00",
          "schema:validFrom": "2023-07-11T00:00:00",
          "schema:validThrough": "2023-08-29T23:59:59",
          "@type": [
            "schema:OpeningHoursSpecification"
          ],
          "additionalInformation": {
            "de": [
              "Führungen können ohne Vorankündigung geändert werden"
            ],
            "en": [
              "Guided tour subject to change without notice"
            ],
            "it": [
              "Visita guidata soggetta a modifiche senza preavviso"
            ],
            "fr": [
              "Visite guidée soumise à modification sans préavis"
            ],
            "es": [
              "Visita guiada sujeta a cambios sin previo aviso"
            ],
            "nl": [
              "Rondleiding kan zonder kennisgeving worden gewijzigd"
            ]
          },
          "hasTranslatedProperty": [
            {
              "@id": "https://data.datatourisme.fr/003b04bf-f14d-3272-a107-e35c97138120",
              "dc:contributor": [
                "https://api.deepl.com/v2/translate"
              ],
              "rdf:language": [
                "en"
              ],
              "rdf:predicate": [
                "additionalInformation"
              ]
            },
            {
              "@id": "https://data.datatourisme.fr/04d3547d-5bc3-32c2-8a6e-2a4466343e6a",
              "dc:contributor": [
                "https://api.deepl.com/v2/translate"
              ],
              "rdf:language": [
                "nl"
              ],
              "rdf:predicate": [
                "additionalInformation"
              ]
            },
            {
              "@id": "https://data.datatourisme.fr/1f7f0254-516b-39bb-9e16-dc1569ab269e",
              "dc:contributor": [
                "https://api.deepl.com/v2/translate"
              ],
              "rdf:language": [
                "de"
              ],
              "rdf:predicate": [
                "additionalInformation"
              ]
            },
            {
              "@id": "https://data.datatourisme.fr/acc6a382-514f-3b86-a761-985bcbe40bcd",
              "dc:contributor": [
                "https://api.deepl.com/v2/translate"
              ],
              "rdf:language": [
                "es"
              ],
              "rdf:predicate": [
                "additionalInformation"
              ]
            },
            {
              "@id": "https://data.datatourisme.fr/dd1f80a0-53b5-38d3-95cb-7b2fa4a41cb6",
              "dc:contributor": [
                "https://api.deepl.com/v2/translate"
              ],
              "rdf:language": [
                "it"
              ],
              "rdf:predicate": [
                "additionalInformation"
              ]
            }
          ]
        },
        {
          "@id": "https://data.datatourisme.fr/92726606-7e37-3bc0-b4ab-d0609df18b10",
          "schema:closes": "12:00:00",
          "schema:opens": "09:30:00",
          "schema:validFrom": "2023-04-17T00:00:00",
          "schema:validThrough": "2023-05-02T23:59:59",
          "@type": [
            "schema:OpeningHoursSpecification"
          ],
          "additionalInformation": {
            "de": [
              "Führungen können ohne Vorankündigung geändert werden"
            ],
            "en": [
              "Guided tour subject to change without notice"
            ],
            "it": [
              "Visita guidata soggetta a modifiche senza preavviso"
            ],
            "fr": [
              "Visite guidée soumise à modification sans préavis"
            ],
            "es": [
              "Visita guiada sujeta a cambios sin previo aviso"
            ],
            "nl": [
              "Rondleiding kan zonder kennisgeving worden gewijzigd"
            ]
          },
          "hasTranslatedProperty": [
            {
              "@id": "https://data.datatourisme.fr/59a20382-e2b4-347f-898c-90876b809535",
              "dc:contributor": [
                "https://api.deepl.com/v2/translate"
              ],
              "rdf:language": [
                "de"
              ],
              "rdf:predicate": [
                "additionalInformation"
              ]
            },
            {
              "@id": "https://data.datatourisme.fr/601e71cd-aea0-3c64-814f-bea27cc100dc",
              "dc:contributor": [
                "https://api.deepl.com/v2/translate"
              ],
              "rdf:language": [
                "es"
              ],
              "rdf:predicate": [
                "additionalInformation"
              ]
            },
            {
              "@id": "https://data.datatourisme.fr/83b83bae-7930-3181-8de3-981bd4751444",
              "dc:contributor": [
                "https://api.deepl.com/v2/translate"
              ],
              "rdf:language": [
                "it"
              ],
              "rdf:predicate": [
                "additionalInformation"
              ]
            },
            {
              "@id": "https://data.datatourisme.fr/c3d69d27-5020-387d-a9a5-cc0c89cc2190",
              "dc:contributor": [
                "https://api.deepl.com/v2/translate"
              ],
              "rdf:language": [
                "nl"
              ],
              "rdf:predicate": [
                "additionalInformation"
              ]
            },
            {
              "@id": "https://data.datatourisme.fr/eff4f600-9b0b-3653-919a-6b96b83956b4",
              "dc:contributor": [
                "https://api.deepl.com/v2/translate"
              ],
              "rdf:language": [
                "en"
              ],
              "rdf:predicate": [
                "additionalInformation"
              ]
            }
          ]
        },
        {
          "@id": "https://data.datatourisme.fr/e825b8d3-db1d-3d6b-a82d-883f480bb657",
          "schema:closes": "12:00:00",
          "schema:opens": "09:30:00",
          "schema:validFrom": "2023-10-23T00:00:00",
          "schema:validThrough": "2023-10-31T23:59:59",
          "@type": [
            "schema:OpeningHoursSpecification"
          ],
          "additionalInformation": {
            "de": [
              "Führungen können ohne Vorankündigung geändert werden"
            ],
            "en": [
              "Guided tour subject to change without notice"
            ],
            "it": [
              "Visita guidata soggetta a modifiche senza preavviso"
            ],
            "fr": [
              "Visite guidée soumise à modification sans préavis"
            ],
            "es": [
              "Visita guiada sujeta a cambios sin previo aviso"
            ],
            "nl": [
              "Rondleiding kan zonder kennisgeving worden gewijzigd"
            ]
          },
          "hasTranslatedProperty": [
            {
              "@id": "https://data.datatourisme.fr/054831e9-8b12-347e-b442-283cb6ddb698",
              "dc:contributor": [
                "https://api.deepl.com/v2/translate"
              ],
              "rdf:language": [
                "it"
              ],
              "rdf:predicate": [
                "additionalInformation"
              ]
            },
            {
              "@id": "https://data.datatourisme.fr/29a3e6b4-c751-38f3-adca-ecc11c6b7837",
              "dc:contributor": [
                "https://api.deepl.com/v2/translate"
              ],
              "rdf:language": [
                "de"
              ],
              "rdf:predicate": [
                "additionalInformation"
              ]
            },
            {
              "@id": "https://data.datatourisme.fr/3cec7707-d6c8-39dc-82c4-27437f84f1b9",
              "dc:contributor": [
                "https://api.deepl.com/v2/translate"
              ],
              "rdf:language": [
                "nl"
              ],
              "rdf:predicate": [
                "additionalInformation"
              ]
            },
            {
              "@id": "https://data.datatourisme.fr/5241f6bd-68b9-3b02-a40d-44e8f92f6eea",
              "dc:contributor": [
                "https://api.deepl.com/v2/translate"
              ],
              "rdf:language": [
                "en"
              ],
              "rdf:predicate": [
                "additionalInformation"
              ]
            },
            {
              "@id": "https://data.datatourisme.fr/77c8f8af-b26a-33cb-926a-b98b54eedc32",
              "dc:contributor": [
                "https://api.deepl.com/v2/translate"
              ],
              "rdf:language": [
                "es"
              ],
              "rdf:predicate": [
                "additionalInformation"
              ]
            }
          ]
        }
      ],
      "@type": [
        "schema:Place",
        "Place"
      ]
    }
  ],
  "isOwnedBy": [
    {
      "@id": "https://data.datatourisme.fr/252af22a-253d-33df-b9d7-204832749402",
      "schema:email": [
        "web@ileroussetourisme.com"
      ],
      "schema:legalName": "Office de Tourisme Intercommunal de L'Ile Rousse-Balagne",
      "@type": [
        "schema:Organization",
        "foaf:Agent",
        "Agent"
      ],
      "foaf:homepage": [
        "https://www.balagne-corsica.com/"
      ]
    }
  ],
  "lastUpdate": "2023-03-27",
  "lastUpdateDatatourisme": "2023-03-28T07:19:57.619Z"
}