{
  "@id": "https://data.datatourisme.fr/13/04e98648-8b26-3ec3-ba1b-2668c8f91467",
  "dc:identifier": "5323558",
  "@type": [
    "CityHeritage",
    "CulturalSite",
    "PlaceOfInterest",
    "PointOfInterest"
  ],
  "rdfs:comment": {
    "de": [
      "Pietralba liegt an den Toren der Balagne, in der Pieve du Canale, und ist das erste Dorf, das Sie in der Balagne willkommen heißt. Pietralba besteht aus den Ortsteilen Teto und Pedano und überragt das Tal und den Strand von Ostriconi."
    ],
    "en": [
      "Located at the gateway to Balagne, in the parish of Le Canale, Pietralba is the first village to welcome you to Balagne. Pietralba comprises the hamlets of Le Teto and Pedano, and overlooks the Ostriconi valley and beach."
    ],
    "it": [
      "Situato alle porte della Balagne, nella pieve di Canale, Pietralba è il primo paese ad accogliervi nella Balagne. Composta dalle frazioni di Teto e Pedano, Pietralba si affaccia sulla valle e sulla spiaggia di Ostriconi."
    ],
    "fr": [
      "Situé aux portes de la Balagne, dans la pieve du Canale,  Pietralba est le premier village qui vous accueille en Balagne. Constitué des hameaux du Teto et de Pedano, Pietralba surplombe la vallée et la plage de l’Ostriconi."
    ],
    "es": [
      "Situado a las puertas de la Balagne, en la pieve de Canale, Pietralba es el primer pueblo que le da la bienvenida a la Balagne. Formada por las aldeas de Teto y Pedano, Pietralba domina el valle y la playa de Ostriconi."
    ],
    "nl": [
      "Pietralba, gelegen aan de poorten van de Balagne, in de pieve van Canale, is het eerste dorp dat u verwelkomt in de Balagne. Pietralba bestaat uit de gehuchten Teto en Pedano en kijkt uit over de vallei en het strand van Ostriconi."
    ]
  },
  "rdfs:label": {
    "fr": [
      "Pietralba"
    ]
  },
  "owl:sameAs": [
    "http://www.wikidata.org/entity/Q631214"
  ],
  "hasBeenCreatedBy": {
    "@id": "https://data.datatourisme.fr/13/8d420fa3-5754-31f1-8199-69c88780314d",
    "dc:identifier": "1647",
    "schema:email": [
      "web@ileroussetourisme.com"
    ],
    "schema:legalName": "Office de Tourisme Intercommunal de L'Ile Rousse-Balagne",
    "@type": [
      "schema:Organization",
      "foaf:Agent",
      "Agent"
    ],
    "foaf:homepage": [
      "https://www.balagne-corsica.com/"
    ]
  },
  "hasBeenPublishedBy": [
    {
      "@id": "https://data.datatourisme.fr/8a9feb4b-2cbd-3d2c-b507-bd6c6776b23b",
      "schema:legalName": "Apidae Tourisme Scic SA - source : Apidae Tourisme",
      "@type": [
        "schema:Organization",
        "foaf:Agent",
        "Agent"
      ],
      "foaf:homepage": [
        "https://www.apidae-tourisme.com/"
      ]
    }
  ],
  "hasContact": [
    {
      "@id": "https://data.datatourisme.fr/e068e1e9-fe0c-3c84-8358-1ecc3420f715",
      "schema:email": [
        "mairie-de-pietralba@wanadoo.fr"
      ],
      "schema:telephone": [
        "+33 4 95 48 20 07"
      ],
      "@type": [
        "foaf:Agent",
        "Agent"
      ]
    }
  ],
  "hasDescription": [
    {
      "@id": "https://data.datatourisme.fr/b499c4df-512c-32fe-8e3d-99e878ac2d7c",
      "@type": [
        "Description"
      ],
      "hasTranslatedProperty": [
        {
          "@id": "https://data.datatourisme.fr/51833a59-4610-3b3b-acfa-f6509bae5360",
          "dc:contributor": [
            "https://api.deepl.com/v2/translate"
          ],
          "rdf:language": [
            "de"
          ],
          "rdf:predicate": [
            "shortDescription"
          ]
        },
        {
          "@id": "https://data.datatourisme.fr/8505722b-8dfa-372a-bf2d-c485cfa908c5",
          "dc:contributor": [
            "https://api.deepl.com/v2/translate"
          ],
          "rdf:language": [
            "nl"
          ],
          "rdf:predicate": [
            "shortDescription"
          ]
        },
        {
          "@id": "https://data.datatourisme.fr/921fea64-57b4-375e-9d42-6074edf1e440",
          "dc:contributor": [
            "https://api.deepl.com/v2/translate"
          ],
          "rdf:language": [
            "es"
          ],
          "rdf:predicate": [
            "shortDescription"
          ]
        },
        {
          "@id": "https://data.datatourisme.fr/e08bd7a0-19b8-30bc-9a30-4fd5f25c33cd",
          "dc:contributor": [
            "https://api.deepl.com/v2/translate"
          ],
          "rdf:language": [
            "it"
          ],
          "rdf:predicate": [
            "shortDescription"
          ]
        }
      ],
      "shortDescription": {
        "de": [
          "Pietralba liegt an den Toren der Balagne, in der Pieve du Canale, und ist das erste Dorf, das Sie in der Balagne willkommen heißt. Pietralba besteht aus den Ortsteilen Teto und Pedano und überragt das Tal und den Strand von Ostriconi."
        ],
        "en": [
          "Located at the gateway to Balagne, in the parish of Le Canale, Pietralba is the first village to welcome you to Balagne. Pietralba comprises the hamlets of Le Teto and Pedano, and overlooks the Ostriconi valley and beach."
        ],
        "it": [
          "Situato alle porte della Balagne, nella pieve di Canale, Pietralba è il primo paese ad accogliervi nella Balagne. Composta dalle frazioni di Teto e Pedano, Pietralba si affaccia sulla valle e sulla spiaggia di Ostriconi."
        ],
        "fr": [
          "Situé aux portes de la Balagne, dans la pieve du Canale,  Pietralba est le premier village qui vous accueille en Balagne. Constitué des hameaux du Teto et de Pedano, Pietralba surplombe la vallée et la plage de l’Ostriconi."
        ],
        "es": [
          "Situado a las puertas de la Balagne, en la pieve de Canale, Pietralba es el primer pueblo que le da la bienvenida a la Balagne. Formada por las aldeas de Teto y Pedano, Pietralba domina el valle y la playa de Ostriconi."
        ],
        "nl": [
          "Pietralba, gelegen aan de poorten van de Balagne, in de pieve van Canale, is het eerste dorp dat u verwelkomt in de Balagne. Pietralba bestaat uit de gehuchten Teto en Pedano en kijkt uit over de vallei en het strand van Ostriconi."
        ]
      }
    }
  ],
  "hasRepresentation": [
    {
      "@id": "https://data.datatourisme.fr/5e363cee-1f78-3ebb-8263-09bb41caa2ae",
      "ebucore:hasAnnotation": [
        {
          "@id": "https://data.datatourisme.fr/a347aaac-bbc7-3c04-9273-0b2d6017253b",
          "ebucore:isCoveredBy": "CC BY-SA 3.0",
          "ebucore:title": [
            "Pietralba-village"
          ],
          "@type": [
            "ebucore:Annotation"
          ],
          "credits": [
            "Pierre Bona (https://commons.wikimedia.org/wiki/User:Pierre_Bona)"
          ]
        }
      ],
      "ebucore:hasRelatedResource": [
        {
          "@id": "https://data.datatourisme.fr/97abfe44-5760-3711-99c0-eb7d759f72ca",
          "ebucore:fileSize": [
            6899030
          ],
          "ebucore:hasMimeType": [
            {
              "@id": "kb:JPEG",
              "@type": [
                "ebucore:MimeType"
              ],
              "rdfs:comment": {
                "de": [
                  "JPEG-Bild"
                ],
                "pt": [
                  "Imagem JPEG"
                ],
                "en": [
                  "JPEG image file"
                ],
                "it": [
                  "Immagine JPEG"
                ],
                "fr": [
                  "Image JPEG"
                ],
                "nl": [
                  "JPEG-afbeelding"
                ],
                "es": [
                  "Imagen JPEG"
                ]
              },
              "rdfs:label": {
                "de": [
                  "image/jpeg"
                ],
                "pt": [
                  "image/jpeg"
                ],
                "en": [
                  "image/jpeg"
                ],
                "it": [
                  "image/jpeg"
                ],
                "fr": [
                  "image/jpeg"
                ],
                "nl": [
                  "image/jpeg"
                ],
                "es": [
                  "image/jpeg"
                ]
              }
            }
          ],
          "ebucore:height": 2352,
          "ebucore:locator": [
            "https://upload.wikimedia.org/wikipedia/commons/7/73/Pietralba-village.jpg"
          ],
          "ebucore:width": 3136,
          "@type": [
            "ebucore:Resource"
          ]
        }
      ],
      "@type": [
        "ebucore:EditorialObject"
      ]
    }
  ],
  "hasTheme": [
    {
      "@id": "kb:Culture",
      "@type": [
        "CulturalTheme"
      ],
      "rdfs:label": {
        "de": [
          "Kultur"
        ],
        "pt": [
          "Cultura"
        ],
        "en": [
          "Culture"
        ],
        "it": [
          "Cultura"
        ],
        "fr": [
          "Culture"
        ],
        "nl": [
          "Cultuur"
        ],
        "es": [
          "Cultura"
        ]
      }
    }
  ],
  "hasTranslatedProperty": [
    {
      "@id": "https://data.datatourisme.fr/0ebd743d-e248-3f70-a851-322d0725e965",
      "dc:contributor": [
        "https://api.deepl.com/v2/translate"
      ],
      "rdf:language": [
        "de"
      ],
      "rdf:predicate": [
        {
          "@id": "rdfs:comment"
        }
      ]
    },
    {
      "@id": "https://data.datatourisme.fr/1c42dbf8-a619-349b-ae24-589a37bf49db",
      "dc:contributor": [
        "https://api.deepl.com/v2/translate"
      ],
      "rdf:language": [
        "es"
      ],
      "rdf:predicate": [
        {
          "@id": "rdfs:comment"
        }
      ]
    },
    {
      "@id": "https://data.datatourisme.fr/7c49bfb9-bc92-3590-ac9c-1ecb11659374",
      "dc:contributor": [
        "https://api.deepl.com/v2/translate"
      ],
      "rdf:language": [
        "it"
      ],
      "rdf:predicate": [
        {
          "@id": "rdfs:comment"
        }
      ]
    },
    {
      "@id": "https://data.datatourisme.fr/9172f0e7-3973-3985-becb-39e082870cd8",
      "dc:contributor": [
        "https://api.deepl.com/v2/translate"
      ],
      "rdf:language": [
        "nl"
      ],
      "rdf:predicate": [
        {
          "@id": "rdfs:comment"
        }
      ]
    }
  ],
  "isLocatedAt": [
    {
      "@id": "https://data.datatourisme.fr/60958201-8902-3de0-aed0-18198ad57f29",
      "schema:address": [
        {
          "@id": "https://data.datatourisme.fr/52ad4a9d-b50d-3fd4-8aee-d9cabf47c857",
          "schema:addressLocality": "Pietralba",
          "schema:postalCode": "20218",
          "schema:streetAddress": [
            "Village"
          ],
          "@type": [
            "schema:PostalAddress",
            "PostalAddress"
          ],
          "hasAddressCity": {
            "@id": "kb:2B223",
            "@type": [
              "City"
            ],
            "rdfs:label": {
              "en": [
                "Pietralba"
              ],
              "fr": [
                "Pietralba"
              ]
            },
            "insee": "2B223",
            "isPartOfDepartment": {
              "@id": "kb:France942B",
              "@type": [
                "Department"
              ],
              "rdfs:label": {
                "en": [
                  "Haute-Corse"
                ],
                "fr": [
                  "Haute-Corse"
                ]
              },
              "insee": "2B",
              "isPartOfRegion": {
                "@id": "kb:France94",
                "@type": [
                  "Region"
                ],
                "rdfs:label": {
                  "en": [
                    "Corse"
                  ],
                  "fr": [
                    "Corse"
                  ]
                },
                "insee": "94",
                "isPartOfCountry": {
                  "@id": "kb:France",
                  "@type": [
                    "schema:Country"
                  ],
                  "rdfs:label": {
                    "de": [
                      "Frankreich"
                    ],
                    "pt": [
                      "França"
                    ],
                    "en": [
                      "France"
                    ],
                    "it": [
                      "Francia"
                    ],
                    "fr": [
                      "France"
                    ],
                    "nl": [
                      "Frankrijk"
                    ],
                    "es": [
                      "Francia"
                    ]
                  }
                }
              }
            }
          }
        }
      ],
      "schema:geo": {
        "@id": "https://data.datatourisme.fr/503a3c26-519b-3de7-a5e2-3131518420cf",
        "schema:latitude": "42.545647",
        "schema:longitude": "9.185779",
        "@type": [
          "schema:GeoCoordinates"
        ]
      },
      "schema:openingHoursSpecification": [
        {
          "@id": "https://data.datatourisme.fr/f87e535a-636d-3343-ad63-8a03392e7511",
          "schema:validFrom": "2023-01-01T00:00:00",
          "schema:validThrough": "2023-12-31T23:59:59",
          "@type": [
            "schema:OpeningHoursSpecification"
          ]
        }
      ],
      "@type": [
        "schema:Place",
        "Place"
      ]
    }
  ],
  "isOwnedBy": [
    {
      "@id": "https://data.datatourisme.fr/252af22a-253d-33df-b9d7-204832749402",
      "schema:email": [
        "web@ileroussetourisme.com"
      ],
      "schema:legalName": "Office de Tourisme Intercommunal de L'Ile Rousse-Balagne",
      "@type": [
        "schema:Organization",
        "foaf:Agent",
        "Agent"
      ],
      "foaf:homepage": [
        "https://www.balagne-corsica.com/"
      ]
    }
  ],
  "lastUpdate": "2021-01-06",
  "lastUpdateDatatourisme": "2023-02-22T06:42:37.909Z"
}