{
  "@id": "https://data.datatourisme.fr/13/049ce2bc-8084-362e-9106-a0207123c0dd",
  "dc:identifier": "4983138",
  "@type": [
    "schema:Accommodation",
    "schema:LodgingBusiness",
    "Accommodation",
    "Camping",
    "CampingAndCaravanning",
    "PlaceOfInterest",
    "PointOfInterest"
  ],
  "rdfs:comment": {
    "de": [
      "Für Ihren Campingurlaub in der Balagne bietet Ihnen Cantarettu einen idealen Aufenthalt inmitten von 5 Hektar Steineichen und zahlreichen Aktivitäten für die ganze Familie. Außerdem können Sie das Restaurant und seine Spezialitäten unter den Eukalyptusbäumen genießen."
    ],
    "en": [
      "A wonderful camping holiday in the heart of an estate covering 5 hectares on which holly oaks grow. Plenty of activities for the whole family.\r\nIn addition you will taste delicious specialties in its restaurant nestled under the eucalyptus trees."
    ],
    "it": [
      "Per il vostro soggiorno in campeggio in Balagne, Cantarettu vi offre un soggiorno ideale nel cuore di 5 ettari di lecci e numerose attività per tutta la famiglia. Inoltre, il ristorante e le sue specialità da gustare sotto gli eucalipti."
    ],
    "fr": [
      "Pour votre séjour en camping en Balagne, Cantarettu vous propose un séjour idéal au cœur de 5 hectares de chênes verts et de nombreuses activités pour toute la famille. En plus, le restaurant et ses spécialités à déguster sous les eucalyptus."
    ],
    "nl": [
      "Voor uw verblijf op de camping in Balagne biedt Cantarettu u een ideaal verblijf in het hart van 5 hectare steeneiken en vele activiteiten voor het hele gezin. Bovendien is het restaurant en zijn specialiteiten te proeven onder de eucalyptus."
    ],
    "es": [
      "Para su estancia en camping en Balagne, Cantarettu le ofrece una estancia ideal en el corazón de 5 hectáreas de encinas y numerosas actividades para toda la familia. Además, el restaurante y sus especialidades para degustar bajo los eucaliptos."
    ]
  },
  "rdfs:label": {
    "fr": [
      "Camping Ranch Cantarettu"
    ]
  },
  "hasBeenCreatedBy": {
    "@id": "https://data.datatourisme.fr/13/8d420fa3-5754-31f1-8199-69c88780314d",
    "dc:identifier": "1647",
    "schema:email": [
      "web@ileroussetourisme.com"
    ],
    "schema:legalName": "Office de Tourisme Intercommunal de L'Ile Rousse-Balagne",
    "@type": [
      "schema:Organization",
      "foaf:Agent",
      "Agent"
    ],
    "foaf:homepage": [
      "https://www.balagne-corsica.com/"
    ]
  },
  "hasBeenPublishedBy": [
    {
      "@id": "https://data.datatourisme.fr/8a9feb4b-2cbd-3d2c-b507-bd6c6776b23b",
      "schema:legalName": "Apidae Tourisme Scic SA - source : Apidae Tourisme",
      "@type": [
        "schema:Organization",
        "foaf:Agent",
        "Agent"
      ],
      "foaf:homepage": [
        "https://www.apidae-tourisme.com/"
      ]
    }
  ],
  "hasContact": [
    {
      "@id": "https://data.datatourisme.fr/4b95aa79-ecaf-36a4-96a1-ab2c32207b64",
      "schema:email": [
        "martelli.antoine@wanadoo.fr"
      ],
      "schema:telephone": [
        "+33 6 11 43 51 86",
        "+33 6 15 21 07 20"
      ],
      "@type": [
        "foaf:Agent",
        "Agent"
      ],
      "foaf:homepage": [
        "http://www.camping-location-ranch.com/"
      ]
    }
  ],
  "hasDescription": [
    {
      "@id": "https://data.datatourisme.fr/638fde1f-4eab-3ad7-88de-9aa60bdbc1d7",
      "@type": [
        "Description"
      ],
      "hasTranslatedProperty": [
        {
          "@id": "https://data.datatourisme.fr/0d1736ce-f58a-3109-a826-2789928627e1",
          "dc:contributor": [
            "https://api.deepl.com/v2/translate"
          ],
          "rdf:language": [
            "es"
          ],
          "rdf:predicate": [
            "shortDescription"
          ]
        },
        {
          "@id": "https://data.datatourisme.fr/6058494e-cd77-3b99-9b93-157a3403cd97",
          "dc:contributor": [
            "https://api.deepl.com/v2/translate"
          ],
          "rdf:language": [
            "de"
          ],
          "rdf:predicate": [
            "shortDescription"
          ]
        },
        {
          "@id": "https://data.datatourisme.fr/b6b5f706-8e54-3efc-a04d-d47f6502a97a",
          "dc:contributor": [
            "https://api.deepl.com/v2/translate"
          ],
          "rdf:language": [
            "nl"
          ],
          "rdf:predicate": [
            "shortDescription"
          ]
        }
      ],
      "shortDescription": {
        "de": [
          "Für Ihren Campingurlaub in der Balagne bietet Ihnen Cantarettu einen idealen Aufenthalt inmitten von 5 Hektar Steineichen und zahlreichen Aktivitäten für die ganze Familie. Außerdem können Sie das Restaurant und seine Spezialitäten unter den Eukalyptusbäumen genießen."
        ],
        "en": [
          "A wonderful camping holiday in the heart of an estate covering 5 hectares on which holly oaks grow. Plenty of activities for the whole family.\r\nIn addition you will taste delicious specialties in its restaurant nestled under the eucalyptus trees."
        ],
        "it": [
          "Per il vostro soggiorno in campeggio in Balagne, Cantarettu vi offre un soggiorno ideale nel cuore di 5 ettari di lecci e numerose attività per tutta la famiglia. Inoltre, il ristorante e le sue specialità da gustare sotto gli eucalipti."
        ],
        "fr": [
          "Pour votre séjour en camping en Balagne, Cantarettu vous propose un séjour idéal au cœur de 5 hectares de chênes verts et de nombreuses activités pour toute la famille. En plus, le restaurant et ses spécialités à déguster sous les eucalyptus."
        ],
        "nl": [
          "Voor uw verblijf op de camping in Balagne biedt Cantarettu u een ideaal verblijf in het hart van 5 hectare steeneiken en vele activiteiten voor het hele gezin. Bovendien is het restaurant en zijn specialiteiten te proeven onder de eucalyptus."
        ],
        "es": [
          "Para su estancia en camping en Balagne, Cantarettu le ofrece una estancia ideal en el corazón de 5 hectáreas de encinas y numerosas actividades para toda la familia. Además, el restaurante y sus especialidades para degustar bajo los eucaliptos."
        ]
      }
    }
  ],
  "hasTranslatedProperty": [
    {
      "@id": "https://data.datatourisme.fr/349ae4de-9601-3ca5-8903-5e26161a0f1e",
      "dc:contributor": [
        "https://api.deepl.com/v2/translate"
      ],
      "rdf:language": [
        "es"
      ],
      "rdf:predicate": [
        {
          "@id": "rdfs:comment"
        }
      ]
    },
    {
      "@id": "https://data.datatourisme.fr/6ad0b6d9-4ca3-3a29-b02c-808c64dab86f",
      "dc:contributor": [
        "https://api.deepl.com/v2/translate"
      ],
      "rdf:language": [
        "de"
      ],
      "rdf:predicate": [
        {
          "@id": "rdfs:comment"
        }
      ]
    },
    {
      "@id": "https://data.datatourisme.fr/aed58441-f051-3ab3-8ec0-872aaee04430",
      "dc:contributor": [
        "https://api.deepl.com/v2/translate"
      ],
      "rdf:language": [
        "nl"
      ],
      "rdf:predicate": [
        {
          "@id": "rdfs:comment"
        }
      ]
    }
  ],
  "isLocatedAt": [
    {
      "@id": "https://data.datatourisme.fr/46330c50-c90e-391b-80a9-041f7a340ead",
      "schema:address": [
        {
          "@id": "https://data.datatourisme.fr/6c3e423f-10d5-30bb-91a4-f29e561e65f2",
          "schema:addressLocality": "Aregno",
          "schema:postalCode": "20220",
          "schema:streetAddress": [
            "Plaine de Pigna",
            "Route de Calvi"
          ],
          "@type": [
            "schema:PostalAddress",
            "PostalAddress"
          ],
          "hasAddressCity": {
            "@id": "kb:2B020",
            "@type": [
              "City"
            ],
            "rdfs:label": {
              "en": [
                "Aregno"
              ],
              "fr": [
                "Aregno"
              ]
            },
            "insee": "2B020",
            "isPartOfDepartment": {
              "@id": "kb:France942B",
              "@type": [
                "Department"
              ],
              "rdfs:label": {
                "en": [
                  "Haute-Corse"
                ],
                "fr": [
                  "Haute-Corse"
                ]
              },
              "insee": "2B",
              "isPartOfRegion": {
                "@id": "kb:France94",
                "@type": [
                  "Region"
                ],
                "rdfs:label": {
                  "en": [
                    "Corse"
                  ],
                  "fr": [
                    "Corse"
                  ]
                },
                "insee": "94",
                "isPartOfCountry": {
                  "@id": "kb:France",
                  "@type": [
                    "schema:Country"
                  ],
                  "rdfs:label": {
                    "de": [
                      "Frankreich"
                    ],
                    "pt": [
                      "França"
                    ],
                    "en": [
                      "France"
                    ],
                    "it": [
                      "Francia"
                    ],
                    "fr": [
                      "France"
                    ],
                    "nl": [
                      "Frankrijk"
                    ],
                    "es": [
                      "Francia"
                    ]
                  }
                }
              }
            }
          }
        }
      ],
      "schema:geo": {
        "@id": "https://data.datatourisme.fr/11ff5dc3-eece-36a3-9a86-788fb3d6c3ac",
        "schema:latitude": "42.603158",
        "schema:longitude": "8.884512",
        "@type": [
          "schema:GeoCoordinates"
        ]
      },
      "schema:openingHoursSpecification": [
        {
          "@id": "https://data.datatourisme.fr/ac1b1610-628a-355c-b97d-8d3479da6b15",
          "schema:validFrom": "2023-04-01T00:00:00",
          "schema:validThrough": "2023-09-30T23:59:59",
          "@type": [
            "schema:OpeningHoursSpecification"
          ]
        }
      ],
      "@type": [
        "schema:Place",
        "Place"
      ]
    }
  ],
  "isOwnedBy": [
    {
      "@id": "https://data.datatourisme.fr/252af22a-253d-33df-b9d7-204832749402",
      "schema:email": [
        "web@ileroussetourisme.com"
      ],
      "schema:legalName": "Office de Tourisme Intercommunal de L'Ile Rousse-Balagne",
      "@type": [
        "schema:Organization",
        "foaf:Agent",
        "Agent"
      ],
      "foaf:homepage": [
        "https://www.balagne-corsica.com/"
      ]
    }
  ],
  "lastUpdate": "2023-03-13",
  "lastUpdateDatatourisme": "2023-03-14T06:39:05.389Z"
}