{
  "@id": "https://data.datatourisme.fr/13/c0695133-f600-38c9-97ab-1eca3b9fe9ca",
  "dc:identifier": "4998401",
  "@type": [
    "schema:MovieTheater",
    "Cinema",
    "PlaceOfInterest",
    "PointOfInterest",
    "SportsAndLeisurePlace"
  ],
  "rdfs:comment": {
    "de": [
      "Das Kino Le Fogata, das einzige in der Balagne, steht Ihnen das ganze Jahr über zur Verfügung, um Ihnen die neuesten Filme aus dem aktuellen Kinoprogramm zu zeigen. Sie können auch Konzerte oder Theateraufführungen besuchen."
    ],
    "en": [
      "Unique in Balagne, Fogata Cinema opens to the public all year round to present the latest items on the film scene. The venue also hosts various concerts and plays."
    ],
    "it": [
      "Il Cinema le Fogata, unico in Balagne, è a vostra disposizione tutto l'anno per proiettare gli ultimi film. È inoltre possibile assistere a concerti e spettacoli teatrali."
    ],
    "fr": [
      "Le Cinéma le Fogata, unique en Balagne, est à voter disposition toute l'année pour vous présenter les derniers films de l'actualité cinématographique. Vous pourrez également assister à des concerts ou des représentations de théâtre."
    ],
    "es": [
      "El Cinema le Fogata, único en Balagne, está a su disposición todo el año para proyectar las últimas películas. También puede asistir a conciertos y representaciones teatrales."
    ],
    "nl": [
      "De Cinema le Fogata, uniek in Balagne, staat het hele jaar ter beschikking om u de nieuwste films te tonen. U kunt ook concerten en theatervoorstellingen bijwonen."
    ]
  },
  "rdfs:label": {
    "fr": [
      "Cinéma le Fogata"
    ]
  },
  "hasBeenCreatedBy": {
    "@id": "https://data.datatourisme.fr/13/8d420fa3-5754-31f1-8199-69c88780314d",
    "dc:identifier": "1647",
    "schema:email": [
      "web@ileroussetourisme.com"
    ],
    "schema:legalName": "Office de Tourisme Intercommunal de L'Ile Rousse-Balagne",
    "@type": [
      "schema:Organization",
      "foaf:Agent",
      "Agent"
    ],
    "foaf:homepage": [
      "https://www.balagne-corsica.com/"
    ]
  },
  "hasBeenPublishedBy": [
    {
      "@id": "https://data.datatourisme.fr/8a9feb4b-2cbd-3d2c-b507-bd6c6776b23b",
      "schema:legalName": "Apidae Tourisme Scic SA - source : Apidae Tourisme",
      "@type": [
        "schema:Organization",
        "foaf:Agent",
        "Agent"
      ],
      "foaf:homepage": [
        "https://www.apidae-tourisme.com/"
      ]
    }
  ],
  "hasContact": [
    {
      "@id": "https://data.datatourisme.fr/0a2ea849-46ed-3eae-83fa-ad190f61a2b6",
      "schema:email": [
        "cinemalefogata@yahoo.fr"
      ],
      "@type": [
        "foaf:Agent",
        "Agent"
      ],
      "foaf:homepage": [
        "http://www.cinema-fogata.com/"
      ]
    }
  ],
  "hasDescription": [
    {
      "@id": "https://data.datatourisme.fr/1906ec98-3a3f-3994-8d8f-af3eb9ae8e83",
      "@type": [
        "Description"
      ],
      "hasTranslatedProperty": [
        {
          "@id": "https://data.datatourisme.fr/17e8bab4-2992-3c63-8e91-a64cf7c3f68f",
          "dc:contributor": [
            "https://api.deepl.com/v2/translate"
          ],
          "rdf:language": [
            "nl"
          ],
          "rdf:predicate": [
            "shortDescription"
          ]
        },
        {
          "@id": "https://data.datatourisme.fr/24317c9d-7010-3420-83ed-419b01622e3e",
          "dc:contributor": [
            "https://api.deepl.com/v2/translate"
          ],
          "rdf:language": [
            "es"
          ],
          "rdf:predicate": [
            "shortDescription"
          ]
        },
        {
          "@id": "https://data.datatourisme.fr/ad26dc57-4b19-3f0a-b683-7659c285ec5e",
          "dc:contributor": [
            "https://api.deepl.com/v2/translate"
          ],
          "rdf:language": [
            "de"
          ],
          "rdf:predicate": [
            "shortDescription"
          ]
        }
      ],
      "shortDescription": {
        "de": [
          "Das Kino Le Fogata, das einzige in der Balagne, steht Ihnen das ganze Jahr über zur Verfügung, um Ihnen die neuesten Filme aus dem aktuellen Kinoprogramm zu zeigen. Sie können auch Konzerte oder Theateraufführungen besuchen."
        ],
        "en": [
          "Unique in Balagne, Fogata Cinema opens to the public all year round to present the latest items on the film scene. The venue also hosts various concerts and plays."
        ],
        "it": [
          "Il Cinema le Fogata, unico in Balagne, è a vostra disposizione tutto l'anno per proiettare gli ultimi film. È inoltre possibile assistere a concerti e spettacoli teatrali."
        ],
        "fr": [
          "Le Cinéma le Fogata, unique en Balagne, est à voter disposition toute l'année pour vous présenter les derniers films de l'actualité cinématographique. Vous pourrez également assister à des concerts ou des représentations de théâtre."
        ],
        "es": [
          "El Cinema le Fogata, único en Balagne, está a su disposición todo el año para proyectar las últimas películas. También puede asistir a conciertos y representaciones teatrales."
        ],
        "nl": [
          "De Cinema le Fogata, uniek in Balagne, staat het hele jaar ter beschikking om u de nieuwste films te tonen. U kunt ook concerten en theatervoorstellingen bijwonen."
        ]
      }
    }
  ],
  "hasTranslatedProperty": [
    {
      "@id": "https://data.datatourisme.fr/241498a4-f40c-3a58-991d-86f0db58d1f1",
      "dc:contributor": [
        "https://api.deepl.com/v2/translate"
      ],
      "rdf:language": [
        "de"
      ],
      "rdf:predicate": [
        {
          "@id": "rdfs:comment"
        }
      ]
    },
    {
      "@id": "https://data.datatourisme.fr/2e7ef9e3-4b9a-33a8-88f4-1bcb846772f7",
      "dc:contributor": [
        "https://api.deepl.com/v2/translate"
      ],
      "rdf:language": [
        "es"
      ],
      "rdf:predicate": [
        {
          "@id": "rdfs:comment"
        }
      ]
    },
    {
      "@id": "https://data.datatourisme.fr/4c027f7c-3ddc-3ef4-b3f4-7ea0ea559ff6",
      "dc:contributor": [
        "https://api.deepl.com/v2/translate"
      ],
      "rdf:language": [
        "nl"
      ],
      "rdf:predicate": [
        {
          "@id": "rdfs:comment"
        }
      ]
    }
  ],
  "isLocatedAt": [
    {
      "@id": "https://data.datatourisme.fr/d2d704a4-89f4-3609-8179-39349c49cef3",
      "schema:address": [
        {
          "@id": "https://data.datatourisme.fr/afef2160-707b-36ed-a170-4f7360e5b74d",
          "schema:addressLocality": "L'Île-Rousse",
          "schema:postalCode": "20220",
          "schema:streetAddress": [
            "Col de Fogata"
          ],
          "@type": [
            "schema:PostalAddress",
            "PostalAddress"
          ],
          "hasAddressCity": {
            "@id": "kb:2B134",
            "@type": [
              "City"
            ],
            "rdfs:label": {
              "en": [
                "L'Île-Rousse"
              ],
              "fr": [
                "L'Île-Rousse"
              ]
            },
            "insee": "2B134",
            "isPartOfDepartment": {
              "@id": "kb:France942B",
              "@type": [
                "Department"
              ],
              "rdfs:label": {
                "en": [
                  "Haute-Corse"
                ],
                "fr": [
                  "Haute-Corse"
                ]
              },
              "insee": "2B",
              "isPartOfRegion": {
                "@id": "kb:France94",
                "@type": [
                  "Region"
                ],
                "rdfs:label": {
                  "en": [
                    "Corse"
                  ],
                  "fr": [
                    "Corse"
                  ]
                },
                "insee": "94",
                "isPartOfCountry": {
                  "@id": "kb:France",
                  "@type": [
                    "schema:Country"
                  ],
                  "rdfs:label": {
                    "de": [
                      "Frankreich"
                    ],
                    "pt": [
                      "França"
                    ],
                    "en": [
                      "France"
                    ],
                    "it": [
                      "Francia"
                    ],
                    "fr": [
                      "France"
                    ],
                    "nl": [
                      "Frankrijk"
                    ],
                    "es": [
                      "Francia"
                    ]
                  }
                }
              }
            }
          }
        }
      ],
      "schema:geo": {
        "@id": "https://data.datatourisme.fr/abaac188-1e5b-38ff-93a3-e4df5a24d037",
        "schema:latitude": "42.627771",
        "schema:longitude": "8.921979",
        "@type": [
          "schema:GeoCoordinates"
        ]
      },
      "schema:openingHoursSpecification": [
        {
          "@id": "https://data.datatourisme.fr/f87e535a-636d-3343-ad63-8a03392e7511",
          "schema:validFrom": "2023-01-01T00:00:00",
          "schema:validThrough": "2023-12-31T23:59:59",
          "@type": [
            "schema:OpeningHoursSpecification"
          ]
        }
      ],
      "@type": [
        "schema:Place",
        "Place"
      ]
    }
  ],
  "isOwnedBy": [
    {
      "@id": "https://data.datatourisme.fr/252af22a-253d-33df-b9d7-204832749402",
      "schema:email": [
        "web@ileroussetourisme.com"
      ],
      "schema:legalName": "Office de Tourisme Intercommunal de L'Ile Rousse-Balagne",
      "@type": [
        "schema:Organization",
        "foaf:Agent",
        "Agent"
      ],
      "foaf:homepage": [
        "https://www.balagne-corsica.com/"
      ]
    }
  ],
  "lastUpdate": "2022-09-26",
  "lastUpdateDatatourisme": "2023-02-01T18:07:35.936Z",
  "offers": [
    {
      "@id": "https://data.datatourisme.fr/2d351100-f11f-3710-99d8-e2031e8e5c77",
      "schema:priceSpecification": [
        {
          "@id": "https://data.datatourisme.fr/55d322e4-89f4-37ea-bced-3c8c33f9883f",
          "schema:maxPrice": [
            "8"
          ],
          "schema:minPrice": [
            "8"
          ],
          "schema:priceCurrency": "EUR",
          "@type": [
            "schema:PriceSpecification",
            "PriceSpecification"
          ],
          "appliesOnPeriod": [
            {
              "@id": "https://data.datatourisme.fr/0663ca4b-3470-3171-9053-39aa704e8f56",
              "@type": [
                "Period"
              ],
              "endDate": "2022-12-31",
              "startDate": "2022-01-01"
            }
          ]
        }
      ],
      "@type": [
        "schema:Offer",
        "Offer"
      ]
    }
  ]
}