{
  "@id": "https://data.datatourisme.fr/13/c0dc53b4-6410-32a0-979c-ba6359f431bf",
  "dc:identifier": "4969546",
  "@type": [
    "schema:Accommodation",
    "schema:LodgingBusiness",
    "Accommodation",
    "Camping",
    "CampingAndCaravanning",
    "PlaceOfInterest",
    "PointOfInterest"
  ],
  "rdfs:comment": {
    "de": [
      "Der Camping de la Plage in Algajola, in der Balagne zwischen Ile-Rousse und Calvi, liegt an einem der schönsten Strände Korsikas, der seinen blonden Sand mit dem Schatten des Pinien- und Eukalyptuswaldes verbindet.\r\nTreffen Sie uns mit... Karine und ihr ganzes Team"
    ],
    "en": [
      "The Camping de la Plage, located in Algajola, in Balagne, between Ile-Rousse and Calvi, skirts one of the most beautiful beaches in Corsica, marrying its blond sand with the shade of the forest of pines and eucalyptus.\r\nMeeting with... Karine and her team"
    ],
    "it": [
      "Il Camping de la Plage, situato ad Algajola, nella regione della Balagne, tra Ile-Rousse e Calvi, confina con una delle più belle spiagge della Corsica, che unisce la sua sabbia dorata all'ombra della foresta di pini ed eucalipti.\r\nIncontro con... Karine e il suo team"
    ],
    "fr": [
      "Le Camping de la Plage, situé à Algajola, en Balagne, entre Ile-Rousse et Calvi, longe l’une des plus belles plages de Corse, mariant son sable blond à l’ombrage de la forêt de pins parasols et d’eucalyptus.\r\nRencontre avec... Karine et toute son équipe"
    ],
    "es": [
      "El Camping de la Plage, situado en Algajola, en la región de Balagne, entre Ile-Rousse y Calvi, bordea una de las playas más bellas de Córcega, combinando su arena dorada con la sombra del bosque de pinos y eucaliptos.\r\nReunión con... Karine y su equipo"
    ],
    "nl": [
      "Camping de la Plage, gelegen in Algajola, in de regio Balagne, tussen Ile-Rousse en Calvi, grenst aan een van de mooiste stranden van Corsica, waar het gouden zand wordt gecombineerd met de schaduw van het overkoepelende dennen- en eucalyptusbos.\r\nOntmoeting met... Karine en haar team"
    ]
  },
  "rdfs:label": {
    "en": [
      "Camping de la Plage"
    ],
    "fr": [
      "Camping de la Plage"
    ]
  },
  "hasBeenCreatedBy": {
    "@id": "https://data.datatourisme.fr/13/e4873aa9-a05c-35ed-8395-61d121516766",
    "dc:identifier": "1646",
    "schema:email": [
      "info@balagne-corsica.com"
    ],
    "schema:legalName": "Office de Tourisme Intercommunal Calvi - Balagne",
    "@type": [
      "schema:Organization",
      "foaf:Agent",
      "Agent"
    ],
    "foaf:homepage": [
      "https://www.balagne-corsica.com/"
    ]
  },
  "hasBeenPublishedBy": [
    {
      "@id": "https://data.datatourisme.fr/8a9feb4b-2cbd-3d2c-b507-bd6c6776b23b",
      "schema:legalName": "Apidae Tourisme Scic SA - source : Apidae Tourisme",
      "@type": [
        "schema:Organization",
        "foaf:Agent",
        "Agent"
      ],
      "foaf:homepage": [
        "https://www.apidae-tourisme.com/"
      ]
    }
  ],
  "hasContact": [
    {
      "@id": "https://data.datatourisme.fr/289144e8-137a-3c5d-9a5c-1a820db3720e",
      "schema:email": [
        "campingalgajola@wanadoo.fr"
      ],
      "schema:telephone": [
        "+33 4 95 60 71 76",
        "+33 6 16 28 69 15"
      ],
      "@type": [
        "foaf:Agent",
        "Agent"
      ],
      "foaf:homepage": [
        "http://www.camping-de-la-plage-en-balagne.com/"
      ]
    }
  ],
  "hasDescription": [
    {
      "@id": "https://data.datatourisme.fr/38df9a17-a353-3ded-9689-1a267b568e17",
      "@type": [
        "Description"
      ],
      "hasTranslatedProperty": [
        {
          "@id": "https://data.datatourisme.fr/097bb849-edc8-3828-990a-ccf1d86e67f2",
          "dc:contributor": [
            "https://api.deepl.com/v2/translate"
          ],
          "rdf:language": [
            "de"
          ],
          "rdf:predicate": [
            "shortDescription"
          ]
        },
        {
          "@id": "https://data.datatourisme.fr/32032939-71fc-3687-91c3-563d76e39044",
          "dc:contributor": [
            "https://api.deepl.com/v2/translate"
          ],
          "rdf:language": [
            "es"
          ],
          "rdf:predicate": [
            "shortDescription"
          ]
        },
        {
          "@id": "https://data.datatourisme.fr/9f647041-aa30-32e0-b8d6-4f39fe04222a",
          "dc:contributor": [
            "https://api.deepl.com/v2/translate"
          ],
          "rdf:language": [
            "nl"
          ],
          "rdf:predicate": [
            "shortDescription"
          ]
        },
        {
          "@id": "https://data.datatourisme.fr/bc58f0eb-d785-3698-b358-f9ff7e0e3566",
          "dc:contributor": [
            "https://api.deepl.com/v2/translate"
          ],
          "rdf:language": [
            "it"
          ],
          "rdf:predicate": [
            "shortDescription"
          ]
        }
      ],
      "shortDescription": {
        "de": [
          "Der Camping de la Plage in Algajola, in der Balagne zwischen Ile-Rousse und Calvi, liegt an einem der schönsten Strände Korsikas, der seinen blonden Sand mit dem Schatten des Pinien- und Eukalyptuswaldes verbindet.\r\nTreffen Sie uns mit... Karine und ihr ganzes Team"
        ],
        "en": [
          "The Camping de la Plage, located in Algajola, in Balagne, between Ile-Rousse and Calvi, skirts one of the most beautiful beaches in Corsica, marrying its blond sand with the shade of the forest of pines and eucalyptus.\r\nMeeting with... Karine and her team"
        ],
        "it": [
          "Il Camping de la Plage, situato ad Algajola, nella regione della Balagne, tra Ile-Rousse e Calvi, confina con una delle più belle spiagge della Corsica, che unisce la sua sabbia dorata all'ombra della foresta di pini ed eucalipti.\r\nIncontro con... Karine e il suo team"
        ],
        "fr": [
          "Le Camping de la Plage, situé à Algajola, en Balagne, entre Ile-Rousse et Calvi, longe l’une des plus belles plages de Corse, mariant son sable blond à l’ombrage de la forêt de pins parasols et d’eucalyptus.\r\nRencontre avec... Karine et toute son équipe"
        ],
        "es": [
          "El Camping de la Plage, situado en Algajola, en la región de Balagne, entre Ile-Rousse y Calvi, bordea una de las playas más bellas de Córcega, combinando su arena dorada con la sombra del bosque de pinos y eucaliptos.\r\nReunión con... Karine y su equipo"
        ],
        "nl": [
          "Camping de la Plage, gelegen in Algajola, in de regio Balagne, tussen Ile-Rousse en Calvi, grenst aan een van de mooiste stranden van Corsica, waar het gouden zand wordt gecombineerd met de schaduw van het overkoepelende dennen- en eucalyptusbos.\r\nOntmoeting met... Karine en haar team"
        ]
      }
    }
  ],
  "hasTranslatedProperty": [
    {
      "@id": "https://data.datatourisme.fr/48fc3719-4917-3745-a134-77e06dd04e9a",
      "dc:contributor": [
        "https://api.deepl.com/v2/translate"
      ],
      "rdf:language": [
        "nl"
      ],
      "rdf:predicate": [
        {
          "@id": "rdfs:comment"
        }
      ]
    },
    {
      "@id": "https://data.datatourisme.fr/613b3cf9-e6dc-3706-a590-85d15e4d8457",
      "dc:contributor": [
        "https://api.deepl.com/v2/translate"
      ],
      "rdf:language": [
        "de"
      ],
      "rdf:predicate": [
        {
          "@id": "rdfs:comment"
        }
      ]
    },
    {
      "@id": "https://data.datatourisme.fr/958e7553-4060-3a2a-a8d8-230dfbc7b52f",
      "dc:contributor": [
        "https://api.deepl.com/v2/translate"
      ],
      "rdf:language": [
        "es"
      ],
      "rdf:predicate": [
        {
          "@id": "rdfs:comment"
        }
      ]
    },
    {
      "@id": "https://data.datatourisme.fr/bc1ab955-d689-3711-9532-1ad6b57810df",
      "dc:contributor": [
        "https://api.deepl.com/v2/translate"
      ],
      "rdf:language": [
        "it"
      ],
      "rdf:predicate": [
        {
          "@id": "rdfs:comment"
        }
      ]
    }
  ],
  "isLocatedAt": [
    {
      "@id": "https://data.datatourisme.fr/2c604d3b-5987-36bf-b1ce-2d98ee2bf646",
      "schema:address": [
        {
          "@id": "https://data.datatourisme.fr/9ecda9c2-c45e-330b-b85a-372a168fa7ad",
          "schema:addressLocality": "Algajola",
          "schema:postalCode": "20220",
          "schema:streetAddress": [
            "RT30"
          ],
          "@type": [
            "schema:PostalAddress",
            "PostalAddress"
          ],
          "hasAddressCity": {
            "@id": "kb:2B010",
            "@type": [
              "City"
            ],
            "rdfs:label": {
              "en": [
                "Algajola"
              ],
              "fr": [
                "Algajola"
              ]
            },
            "insee": "2B010",
            "isPartOfDepartment": {
              "@id": "kb:France942B",
              "@type": [
                "Department"
              ],
              "rdfs:label": {
                "en": [
                  "Haute-Corse"
                ],
                "fr": [
                  "Haute-Corse"
                ]
              },
              "insee": "2B",
              "isPartOfRegion": {
                "@id": "kb:France94",
                "@type": [
                  "Region"
                ],
                "rdfs:label": {
                  "en": [
                    "Corse"
                  ],
                  "fr": [
                    "Corse"
                  ]
                },
                "insee": "94",
                "isPartOfCountry": {
                  "@id": "kb:France",
                  "@type": [
                    "schema:Country"
                  ],
                  "rdfs:label": {
                    "de": [
                      "Frankreich"
                    ],
                    "pt": [
                      "França"
                    ],
                    "en": [
                      "France"
                    ],
                    "it": [
                      "Francia"
                    ],
                    "fr": [
                      "France"
                    ],
                    "nl": [
                      "Frankrijk"
                    ],
                    "es": [
                      "Francia"
                    ]
                  }
                }
              }
            }
          }
        }
      ],
      "schema:geo": {
        "@id": "https://data.datatourisme.fr/74d60657-d344-3c84-bade-eb5cdb0a3e40",
        "schema:latitude": "42.608492",
        "schema:longitude": "8.873847",
        "@type": [
          "schema:GeoCoordinates"
        ]
      },
      "schema:openingHoursSpecification": [
        {
          "@id": "https://data.datatourisme.fr/c3a5bf0b-bb66-32e6-b766-0325a93ea7fd",
          "schema:validFrom": "2023-04-15T00:00:00",
          "schema:validThrough": "2023-10-15T23:59:59",
          "@type": [
            "schema:OpeningHoursSpecification"
          ],
          "additionalInformation": {
            "de": [
              "Unverbindliche Öffnungszeiten - genaue Daten werden noch bestätigt"
            ],
            "en": [
              "Indicative opening period - Precise dates to be confirmed"
            ],
            "it": [
              "Periodo di apertura indicativo - date precise da confermare"
            ],
            "fr": [
              "Période d'ouverture à titre indicatif - Dates précises à confirmer"
            ],
            "es": [
              "Periodo de apertura indicativo - fechas precisas por confirmar"
            ],
            "nl": [
              "Indicatieve openingsperiode - precieze data nog te bevestigen"
            ]
          },
          "hasTranslatedProperty": [
            {
              "@id": "https://data.datatourisme.fr/0eec3e1c-6752-3af0-b334-ed57906c2bea",
              "dc:contributor": [
                "https://api.deepl.com/v2/translate"
              ],
              "rdf:language": [
                "it"
              ],
              "rdf:predicate": [
                "additionalInformation"
              ]
            },
            {
              "@id": "https://data.datatourisme.fr/7feb3727-597b-3e82-89ae-11faaba024c0",
              "dc:contributor": [
                "https://api.deepl.com/v2/translate"
              ],
              "rdf:language": [
                "de"
              ],
              "rdf:predicate": [
                "additionalInformation"
              ]
            },
            {
              "@id": "https://data.datatourisme.fr/99c8797e-b871-37fd-9f3d-2f72a2df3a6d",
              "dc:contributor": [
                "https://api.deepl.com/v2/translate"
              ],
              "rdf:language": [
                "nl"
              ],
              "rdf:predicate": [
                "additionalInformation"
              ]
            },
            {
              "@id": "https://data.datatourisme.fr/bb5cbf45-246b-3d5e-8a45-65b195f33bdf",
              "dc:contributor": [
                "https://api.deepl.com/v2/translate"
              ],
              "rdf:language": [
                "en"
              ],
              "rdf:predicate": [
                "additionalInformation"
              ]
            },
            {
              "@id": "https://data.datatourisme.fr/e4e2dacd-84af-3909-8e1d-589d7cf45c4e",
              "dc:contributor": [
                "https://api.deepl.com/v2/translate"
              ],
              "rdf:language": [
                "es"
              ],
              "rdf:predicate": [
                "additionalInformation"
              ]
            }
          ]
        }
      ],
      "@type": [
        "schema:Place",
        "Place"
      ]
    }
  ],
  "isOwnedBy": [
    {
      "@id": "https://data.datatourisme.fr/194c52e6-bbae-33dc-8464-caca97844fbb",
      "schema:email": [
        "info@balagne-corsica.com"
      ],
      "schema:legalName": "Office de Tourisme Intercommunal Calvi - Balagne",
      "@type": [
        "schema:Organization",
        "foaf:Agent",
        "Agent"
      ],
      "foaf:homepage": [
        "https://www.balagne-corsica.com/"
      ]
    }
  ],
  "lastUpdate": "2020-01-20",
  "lastUpdateDatatourisme": "2023-02-01T18:07:35.748Z",
  "offers": [
    {
      "@id": "https://data.datatourisme.fr/382e4562-ccbd-3c28-9b6c-60dcca279a92",
      "schema:priceSpecification": [
        {
          "@id": "https://data.datatourisme.fr/358f894e-41f7-3e40-ab33-2dd2b035fb46",
          "schema:maxPrice": [
            "0.5"
          ],
          "schema:minPrice": [
            "0.5"
          ],
          "schema:priceCurrency": "EUR",
          "@type": [
            "schema:PriceSpecification",
            "PriceSpecification"
          ],
          "appliesOnPeriod": [
            {
              "@id": "https://data.datatourisme.fr/bf5ce606-ff00-3db8-a1f2-d9e0eb6e6e8b",
              "@type": [
                "Period"
              ],
              "endDate": "2020-10-15",
              "startDate": "2020-04-15"
            }
          ]
        }
      ],
      "@type": [
        "schema:Offer",
        "Offer"
      ]
    }
  ]
}