{
  "@id": "https://data.datatourisme.fr/13/c0d978bc-6957-3633-a4ca-f134918bf390",
  "dc:identifier": "4999610",
  "@type": [
    "schema:LocalBusiness",
    "schema:Museum",
    "CulturalSite",
    "Museum",
    "PlaceOfInterest",
    "PointOfInterest"
  ],
  "rdfs:comment": {
    "de": [
      "Während Ihres Aufenthalts in L'Ile-Rousse und in der Balagne können Sie Guy Savelli kennenlernen. Dieser Geschichtsliebhaber wird Ihnen die Geschichte der Balagne und Korsikas anhand einer reichen Sammlung verschiedener alter Gegenstände erzählen."
    ],
    "en": [
      "During your stay in L'Ile-Rousse and Balagne, meet Guy Savelli, this history buff who will retrace the history of Balagne and Corsica through a rich collection of various and ancient objects. ."
    ],
    "it": [
      "Durante il vostro soggiorno a L'Ile-Rousse e a Balagne, incontrate Guy Savelli, un appassionato di storia che vi racconterà la storia di Balagne e della Corsica attraverso una ricca collezione di vari oggetti antichi."
    ],
    "fr": [
      "Pendant votre séjour à L'Ile-Rousse et en Balagne, partez à la rencontre de Guy Savelli, ce passionné d'histoire qui vous retracera l'histoire de la Balagne et de la Corse à travers une collection riche d'objets divers et anciens."
    ],
    "nl": [
      "Maak tijdens uw verblijf in L'Ile-Rousse en in Balagne kennis met Guy Savelli, een geschiedenisliefhebber die u over de geschiedenis van Balagne en Corsica zal vertellen aan de hand van een rijke verzameling van diverse oude voorwerpen."
    ],
    "es": [
      "Durante su estancia en L'Ile-Rousse y en Balagne, conozca a Guy Savelli, un apasionado de la historia que le contará la historia de Balagne y de Córcega a través de una rica colección de diversos objetos antiguos."
    ]
  },
  "rdfs:label": {
    "fr": [
      "Musée privé de Guy Savelli"
    ]
  },
  "hasBeenCreatedBy": {
    "@id": "https://data.datatourisme.fr/13/8d420fa3-5754-31f1-8199-69c88780314d",
    "dc:identifier": "1647",
    "schema:email": [
      "web@ileroussetourisme.com"
    ],
    "schema:legalName": "Office de Tourisme Intercommunal de L'Ile Rousse-Balagne",
    "@type": [
      "schema:Organization",
      "foaf:Agent",
      "Agent"
    ],
    "foaf:homepage": [
      "https://www.balagne-corsica.com/"
    ]
  },
  "hasBeenPublishedBy": [
    {
      "@id": "https://data.datatourisme.fr/8a9feb4b-2cbd-3d2c-b507-bd6c6776b23b",
      "schema:legalName": "Apidae Tourisme Scic SA - source : Apidae Tourisme",
      "@type": [
        "schema:Organization",
        "foaf:Agent",
        "Agent"
      ],
      "foaf:homepage": [
        "https://www.apidae-tourisme.com/"
      ]
    }
  ],
  "hasContact": [
    {
      "@id": "https://data.datatourisme.fr/911dcfb0-3968-335c-8fbc-0b1b54269c9a",
      "schema:telephone": [
        "+33 4 95 60 06 65"
      ],
      "@type": [
        "foaf:Agent",
        "Agent"
      ]
    }
  ],
  "hasDescription": [
    {
      "@id": "https://data.datatourisme.fr/34edb9ef-ef59-3618-8a69-f509a8ed5037",
      "@type": [
        "Description"
      ],
      "hasTranslatedProperty": [
        {
          "@id": "https://data.datatourisme.fr/03416fb1-8754-3cde-8af0-8e0443527fd4",
          "dc:contributor": [
            "https://api.deepl.com/v2/translate"
          ],
          "rdf:language": [
            "nl"
          ],
          "rdf:predicate": [
            "shortDescription"
          ]
        },
        {
          "@id": "https://data.datatourisme.fr/39bf3e0e-0a78-3d3b-af41-1c20eacee997",
          "dc:contributor": [
            "https://api.deepl.com/v2/translate"
          ],
          "rdf:language": [
            "es"
          ],
          "rdf:predicate": [
            "shortDescription"
          ]
        },
        {
          "@id": "https://data.datatourisme.fr/3ca6bd4a-c42a-39f4-9f4e-93bad3fabcfb",
          "dc:contributor": [
            "https://api.deepl.com/v2/translate"
          ],
          "rdf:language": [
            "it"
          ],
          "rdf:predicate": [
            "shortDescription"
          ]
        },
        {
          "@id": "https://data.datatourisme.fr/a50c099d-1f37-330d-99fb-b086fdb410fa",
          "dc:contributor": [
            "https://api.deepl.com/v2/translate"
          ],
          "rdf:language": [
            "de"
          ],
          "rdf:predicate": [
            "shortDescription"
          ]
        }
      ],
      "shortDescription": {
        "de": [
          "Während Ihres Aufenthalts in L'Ile-Rousse und in der Balagne können Sie Guy Savelli kennenlernen. Dieser Geschichtsliebhaber wird Ihnen die Geschichte der Balagne und Korsikas anhand einer reichen Sammlung verschiedener alter Gegenstände erzählen."
        ],
        "en": [
          "During your stay in L'Ile-Rousse and Balagne, meet Guy Savelli, this history buff who will retrace the history of Balagne and Corsica through a rich collection of various and ancient objects. ."
        ],
        "it": [
          "Durante il vostro soggiorno a L'Ile-Rousse e a Balagne, incontrate Guy Savelli, un appassionato di storia che vi racconterà la storia di Balagne e della Corsica attraverso una ricca collezione di vari oggetti antichi."
        ],
        "fr": [
          "Pendant votre séjour à L'Ile-Rousse et en Balagne, partez à la rencontre de Guy Savelli, ce passionné d'histoire qui vous retracera l'histoire de la Balagne et de la Corse à travers une collection riche d'objets divers et anciens."
        ],
        "nl": [
          "Maak tijdens uw verblijf in L'Ile-Rousse en in Balagne kennis met Guy Savelli, een geschiedenisliefhebber die u over de geschiedenis van Balagne en Corsica zal vertellen aan de hand van een rijke verzameling van diverse oude voorwerpen."
        ],
        "es": [
          "Durante su estancia en L'Ile-Rousse y en Balagne, conozca a Guy Savelli, un apasionado de la historia que le contará la historia de Balagne y de Córcega a través de una rica colección de diversos objetos antiguos."
        ]
      }
    }
  ],
  "hasTheme": [
    {
      "@id": "kb:Culture",
      "@type": [
        "CulturalTheme"
      ],
      "rdfs:label": {
        "de": [
          "Kultur"
        ],
        "pt": [
          "Cultura"
        ],
        "en": [
          "Culture"
        ],
        "it": [
          "Cultura"
        ],
        "fr": [
          "Culture"
        ],
        "nl": [
          "Cultuur"
        ],
        "es": [
          "Cultura"
        ]
      }
    }
  ],
  "hasTranslatedProperty": [
    {
      "@id": "https://data.datatourisme.fr/061346ef-7945-3330-ae9f-731dd5033033",
      "dc:contributor": [
        "https://api.deepl.com/v2/translate"
      ],
      "rdf:language": [
        "nl"
      ],
      "rdf:predicate": [
        {
          "@id": "rdfs:comment"
        }
      ]
    },
    {
      "@id": "https://data.datatourisme.fr/b664a783-6ca9-34a1-8db4-19c6226a5b6a",
      "dc:contributor": [
        "https://api.deepl.com/v2/translate"
      ],
      "rdf:language": [
        "es"
      ],
      "rdf:predicate": [
        {
          "@id": "rdfs:comment"
        }
      ]
    },
    {
      "@id": "https://data.datatourisme.fr/d27d5a5f-b6e2-3ad7-824e-6ea62ce7e01b",
      "dc:contributor": [
        "https://api.deepl.com/v2/translate"
      ],
      "rdf:language": [
        "it"
      ],
      "rdf:predicate": [
        {
          "@id": "rdfs:comment"
        }
      ]
    },
    {
      "@id": "https://data.datatourisme.fr/fd2d2b9c-043b-3633-863d-ae6e48ffa16c",
      "dc:contributor": [
        "https://api.deepl.com/v2/translate"
      ],
      "rdf:language": [
        "de"
      ],
      "rdf:predicate": [
        {
          "@id": "rdfs:comment"
        }
      ]
    }
  ],
  "isLocatedAt": [
    {
      "@id": "https://data.datatourisme.fr/59c2ef21-ef20-3637-aea3-9a5b9e6ef1ad",
      "schema:address": [
        {
          "@id": "https://data.datatourisme.fr/04ed2c75-2bf0-3a0c-9093-de0e1d7e99b8",
          "schema:addressLocality": "Corbara",
          "schema:postalCode": "20220",
          "schema:streetAddress": [
            "Place de l'église"
          ],
          "@type": [
            "schema:PostalAddress",
            "PostalAddress"
          ],
          "hasAddressCity": {
            "@id": "kb:2B093",
            "@type": [
              "City"
            ],
            "rdfs:label": {
              "en": [
                "Corbara"
              ],
              "fr": [
                "Corbara"
              ]
            },
            "insee": "2B093",
            "isPartOfDepartment": {
              "@id": "kb:France942B",
              "@type": [
                "Department"
              ],
              "rdfs:label": {
                "en": [
                  "Haute-Corse"
                ],
                "fr": [
                  "Haute-Corse"
                ]
              },
              "insee": "2B",
              "isPartOfRegion": {
                "@id": "kb:France94",
                "@type": [
                  "Region"
                ],
                "rdfs:label": {
                  "en": [
                    "Corse"
                  ],
                  "fr": [
                    "Corse"
                  ]
                },
                "insee": "94",
                "isPartOfCountry": {
                  "@id": "kb:France",
                  "@type": [
                    "schema:Country"
                  ],
                  "rdfs:label": {
                    "de": [
                      "Frankreich"
                    ],
                    "pt": [
                      "França"
                    ],
                    "en": [
                      "France"
                    ],
                    "it": [
                      "Francia"
                    ],
                    "fr": [
                      "France"
                    ],
                    "nl": [
                      "Frankrijk"
                    ],
                    "es": [
                      "Francia"
                    ]
                  }
                }
              }
            }
          }
        }
      ],
      "schema:geo": {
        "@id": "https://data.datatourisme.fr/79a8092b-ce76-38c4-bfa6-ebf6a34fccbc",
        "schema:latitude": "42.614937",
        "schema:longitude": "8.905802",
        "@type": [
          "schema:GeoCoordinates"
        ]
      },
      "schema:openingHoursSpecification": [
        {
          "@id": "https://data.datatourisme.fr/9fb1e50b-7fa9-3ef6-8523-0a9b39e3ad0d",
          "schema:validFrom": "2023-04-10T00:00:00",
          "schema:validThrough": "2023-10-02T23:59:59",
          "@type": [
            "schema:OpeningHoursSpecification"
          ],
          "additionalInformation": {
            "de": [
              "Juli August 16h 19h\r\nApril- Mai-Juni- 15h 18h"
            ],
            "en": [
              "July-August- 4pm-7pm\r\nApril- May- June- 3pm 6pm"
            ],
            "it": [
              "Luglio-Agosto - 16:00-19:00\r\nAprile - Maggio - Giugno - 15.00 - 18.00"
            ],
            "fr": [
              "Juillet août 16h 19h\r\nAvril- mai-juin- 15h 18h"
            ],
            "es": [
              "Julio-agosto- 16:00-19:00\r\nAbril - Mayo - Junio - 15h-18h"
            ],
            "nl": [
              "Juli-augustus- 16u-19u\r\nApril - mei - juni - 15.00 - 18.00 uur"
            ]
          },
          "hasTranslatedProperty": [
            {
              "@id": "https://data.datatourisme.fr/11607868-79e3-3e85-b78c-eb13c15e32d9",
              "dc:contributor": [
                "https://api.deepl.com/v2/translate"
              ],
              "rdf:language": [
                "de"
              ],
              "rdf:predicate": [
                "additionalInformation"
              ]
            },
            {
              "@id": "https://data.datatourisme.fr/238551b1-f899-356b-8856-be7474b082fe",
              "dc:contributor": [
                "https://api.deepl.com/v2/translate"
              ],
              "rdf:language": [
                "es"
              ],
              "rdf:predicate": [
                "additionalInformation"
              ]
            },
            {
              "@id": "https://data.datatourisme.fr/7d162189-fe46-331a-8f6f-68964fcfad12",
              "dc:contributor": [
                "https://api.deepl.com/v2/translate"
              ],
              "rdf:language": [
                "nl"
              ],
              "rdf:predicate": [
                "additionalInformation"
              ]
            },
            {
              "@id": "https://data.datatourisme.fr/7e900131-7b42-31c9-9de8-8d76d6c841c4",
              "dc:contributor": [
                "https://api.deepl.com/v2/translate"
              ],
              "rdf:language": [
                "it"
              ],
              "rdf:predicate": [
                "additionalInformation"
              ]
            },
            {
              "@id": "https://data.datatourisme.fr/beecb70d-eea3-3dbf-8640-4e2cd9f2f65d",
              "dc:contributor": [
                "https://api.deepl.com/v2/translate"
              ],
              "rdf:language": [
                "en"
              ],
              "rdf:predicate": [
                "additionalInformation"
              ]
            }
          ]
        }
      ],
      "@type": [
        "schema:Place",
        "Place"
      ]
    }
  ],
  "isOwnedBy": [
    {
      "@id": "https://data.datatourisme.fr/252af22a-253d-33df-b9d7-204832749402",
      "schema:email": [
        "web@ileroussetourisme.com"
      ],
      "schema:legalName": "Office de Tourisme Intercommunal de L'Ile Rousse-Balagne",
      "@type": [
        "schema:Organization",
        "foaf:Agent",
        "Agent"
      ],
      "foaf:homepage": [
        "https://www.balagne-corsica.com/"
      ]
    }
  ],
  "lastUpdate": "2023-02-22",
  "lastUpdateDatatourisme": "2023-02-23T06:39:42.667Z"
}