{
  "@id": "https://data.datatourisme.fr/13/b1228fbe-a44e-3b2a-b14c-afb3a41413b0",
  "dc:identifier": "5431993",
  "@type": [
    "schema:Accommodation",
    "schema:LodgingBusiness",
    "Accommodation",
    "Camping",
    "CampingAndCaravanning",
    "PlaceOfInterest",
    "PointOfInterest"
  ],
  "rdfs:comment": {
    "de": [
      "Kleiner Familiencampingplatz auf einem schattigen Gelände mit Eichen, Eukalyptusbäumen, Weiden und Mimosen, 1 km Luftlinie vom wunderschönen Sandstrand von Algajola entfernt. Sehr beliebt wegen seines Schattens und seiner geräumigen Stellplätze."
    ],
    "en": [
      "This small family-owned campsite is nestled in the shade of oak trees, eucalyptus  willows and mimosa. Located 1 km from the stunning fine sandy beach of Algajola, it is much appreciated for its cool shade and spacious camp places."
    ],
    "it": [
      "Piccolo campeggio familiare situato in una zona ombreggiata da querce, eucalipti, salici e mimose, a 1 km dalla magnifica spiaggia di sabbia di Algajola. Molto apprezzato per l'ombra e le piazzole spaziose."
    ],
    "fr": [
      "Petit camping familial situé sur un terrain ombragé de chênes, d'eucalyptus, de saules et de mimosas, à 1 km à vole d'oiseau de la magnifique plage de sable fin d'Algajola. Très apprécié pour son ombrage et ses emplacements spacieux."
    ],
    "es": [
      "Pequeño camping familiar situado en una zona sombreada con robles, eucaliptos, sauces y mimosas, a 1 km de la magnífica playa de arena de Algajola. Muy apreciado por su sombra y sus amplias parcelas."
    ],
    "nl": [
      "Kleine familiecamping gelegen in een schaduwrijk gebied met eiken, eucalyptus, wilgen en mimosa bomen, op 1 km van het prachtige zandstrand van Algajola. Zeer gewaardeerd vanwege de schaduw en de ruime plaatsen."
    ]
  },
  "rdfs:label": {
    "fr": [
      "Balanea"
    ]
  },
  "hasBeenCreatedBy": {
    "@id": "https://data.datatourisme.fr/13/8d420fa3-5754-31f1-8199-69c88780314d",
    "dc:identifier": "1647",
    "schema:email": [
      "web@ileroussetourisme.com"
    ],
    "schema:legalName": "Office de Tourisme Intercommunal de L'Ile Rousse-Balagne",
    "@type": [
      "schema:Organization",
      "foaf:Agent",
      "Agent"
    ],
    "foaf:homepage": [
      "https://www.balagne-corsica.com/"
    ]
  },
  "hasBeenPublishedBy": [
    {
      "@id": "https://data.datatourisme.fr/8a9feb4b-2cbd-3d2c-b507-bd6c6776b23b",
      "schema:legalName": "Apidae Tourisme Scic SA - source : Apidae Tourisme",
      "@type": [
        "schema:Organization",
        "foaf:Agent",
        "Agent"
      ],
      "foaf:homepage": [
        "https://www.apidae-tourisme.com/"
      ]
    }
  ],
  "hasContact": [
    {
      "@id": "https://data.datatourisme.fr/87dec907-d85c-33ac-b717-2a9ffc92c007",
      "schema:email": [
        "contact@balanea.net"
      ],
      "schema:telephone": [
        "+33 4 95 60 11 77",
        "+33 6 88 94 12 16"
      ],
      "@type": [
        "foaf:Agent",
        "Agent"
      ],
      "foaf:homepage": [
        "http://www.balanea.net/"
      ]
    }
  ],
  "hasDescription": [
    {
      "@id": "https://data.datatourisme.fr/ce7c8727-498f-3a2d-bda2-a5313440300c",
      "@type": [
        "Description"
      ],
      "hasTranslatedProperty": [
        {
          "@id": "https://data.datatourisme.fr/65bf1e7a-4edf-3e70-a8de-cae8ed88f824",
          "dc:contributor": [
            "https://api.deepl.com/v2/translate"
          ],
          "rdf:language": [
            "es"
          ],
          "rdf:predicate": [
            "shortDescription"
          ]
        },
        {
          "@id": "https://data.datatourisme.fr/9639b956-996a-3782-bed0-548e4f78d1c7",
          "dc:contributor": [
            "https://api.deepl.com/v2/translate"
          ],
          "rdf:language": [
            "nl"
          ],
          "rdf:predicate": [
            "shortDescription"
          ]
        },
        {
          "@id": "https://data.datatourisme.fr/9eb1bd5a-a03a-3f7a-b7e9-fed9adcd6097",
          "dc:contributor": [
            "https://api.deepl.com/v2/translate"
          ],
          "rdf:language": [
            "de"
          ],
          "rdf:predicate": [
            "shortDescription"
          ]
        }
      ],
      "shortDescription": {
        "de": [
          "Kleiner Familiencampingplatz auf einem schattigen Gelände mit Eichen, Eukalyptusbäumen, Weiden und Mimosen, 1 km Luftlinie vom wunderschönen Sandstrand von Algajola entfernt. Sehr beliebt wegen seines Schattens und seiner geräumigen Stellplätze."
        ],
        "en": [
          "This small family-owned campsite is nestled in the shade of oak trees, eucalyptus  willows and mimosa. Located 1 km from the stunning fine sandy beach of Algajola, it is much appreciated for its cool shade and spacious camp places."
        ],
        "it": [
          "Piccolo campeggio familiare situato in una zona ombreggiata da querce, eucalipti, salici e mimose, a 1 km dalla magnifica spiaggia di sabbia di Algajola. Molto apprezzato per l'ombra e le piazzole spaziose."
        ],
        "fr": [
          "Petit camping familial situé sur un terrain ombragé de chênes, d'eucalyptus, de saules et de mimosas, à 1 km à vole d'oiseau de la magnifique plage de sable fin d'Algajola. Très apprécié pour son ombrage et ses emplacements spacieux."
        ],
        "es": [
          "Pequeño camping familiar situado en una zona sombreada con robles, eucaliptos, sauces y mimosas, a 1 km de la magnífica playa de arena de Algajola. Muy apreciado por su sombra y sus amplias parcelas."
        ],
        "nl": [
          "Kleine familiecamping gelegen in een schaduwrijk gebied met eiken, eucalyptus, wilgen en mimosa bomen, op 1 km van het prachtige zandstrand van Algajola. Zeer gewaardeerd vanwege de schaduw en de ruime plaatsen."
        ]
      }
    }
  ],
  "hasTranslatedProperty": [
    {
      "@id": "https://data.datatourisme.fr/56dd26ab-83d3-309e-9476-d333e1e8ef7b",
      "dc:contributor": [
        "https://api.deepl.com/v2/translate"
      ],
      "rdf:language": [
        "nl"
      ],
      "rdf:predicate": [
        {
          "@id": "rdfs:comment"
        }
      ]
    },
    {
      "@id": "https://data.datatourisme.fr/8e170c52-649c-39d8-a8d8-992cf1109705",
      "dc:contributor": [
        "https://api.deepl.com/v2/translate"
      ],
      "rdf:language": [
        "de"
      ],
      "rdf:predicate": [
        {
          "@id": "rdfs:comment"
        }
      ]
    },
    {
      "@id": "https://data.datatourisme.fr/d93c9954-e133-3cc3-9bf0-2a8584934d43",
      "dc:contributor": [
        "https://api.deepl.com/v2/translate"
      ],
      "rdf:language": [
        "es"
      ],
      "rdf:predicate": [
        {
          "@id": "rdfs:comment"
        }
      ]
    }
  ],
  "isLocatedAt": [
    {
      "@id": "https://data.datatourisme.fr/07e749f8-d225-3f9e-845e-fad887c6345e",
      "schema:address": [
        {
          "@id": "https://data.datatourisme.fr/cfe1eb27-f7d3-3aad-a82f-19004cfcbd93",
          "schema:addressLocality": "Corbara",
          "schema:postalCode": "20256",
          "schema:streetAddress": [
            "Route d'Algajola"
          ],
          "@type": [
            "schema:PostalAddress",
            "PostalAddress"
          ],
          "hasAddressCity": {
            "@id": "kb:2B093",
            "@type": [
              "City"
            ],
            "rdfs:label": {
              "en": [
                "Corbara"
              ],
              "fr": [
                "Corbara"
              ]
            },
            "insee": "2B093",
            "isPartOfDepartment": {
              "@id": "kb:France942B",
              "@type": [
                "Department"
              ],
              "rdfs:label": {
                "en": [
                  "Haute-Corse"
                ],
                "fr": [
                  "Haute-Corse"
                ]
              },
              "insee": "2B",
              "isPartOfRegion": {
                "@id": "kb:France94",
                "@type": [
                  "Region"
                ],
                "rdfs:label": {
                  "en": [
                    "Corse"
                  ],
                  "fr": [
                    "Corse"
                  ]
                },
                "insee": "94",
                "isPartOfCountry": {
                  "@id": "kb:France",
                  "@type": [
                    "schema:Country"
                  ],
                  "rdfs:label": {
                    "de": [
                      "Frankreich"
                    ],
                    "pt": [
                      "França"
                    ],
                    "en": [
                      "France"
                    ],
                    "it": [
                      "Francia"
                    ],
                    "fr": [
                      "France"
                    ],
                    "nl": [
                      "Frankrijk"
                    ],
                    "es": [
                      "Francia"
                    ]
                  }
                }
              }
            }
          }
        }
      ],
      "schema:geo": {
        "@id": "https://data.datatourisme.fr/7ba37c9a-7c47-3ddc-aee2-e820f126a0b7",
        "schema:latitude": "42.607562",
        "schema:longitude": "8.888071",
        "@type": [
          "schema:GeoCoordinates"
        ]
      },
      "schema:openingHoursSpecification": [
        {
          "@id": "https://data.datatourisme.fr/c000d68b-d813-374c-b156-814141070d69",
          "schema:closes": "20:00:00",
          "schema:opens": "08:00:00",
          "schema:validFrom": "2023-05-15T00:00:00",
          "schema:validThrough": "2023-09-30T23:59:59",
          "@type": [
            "schema:OpeningHoursSpecification"
          ]
        }
      ],
      "@type": [
        "schema:Place",
        "Place"
      ]
    }
  ],
  "isOwnedBy": [
    {
      "@id": "https://data.datatourisme.fr/252af22a-253d-33df-b9d7-204832749402",
      "schema:email": [
        "web@ileroussetourisme.com"
      ],
      "schema:legalName": "Office de Tourisme Intercommunal de L'Ile Rousse-Balagne",
      "@type": [
        "schema:Organization",
        "foaf:Agent",
        "Agent"
      ],
      "foaf:homepage": [
        "https://www.balagne-corsica.com/"
      ]
    }
  ],
  "lastUpdate": "2022-07-13",
  "lastUpdateDatatourisme": "2023-04-04T05:52:39.246Z",
  "offers": [
    {
      "@id": "https://data.datatourisme.fr/f95ef968-972b-38f5-9872-0c45f94ed98a",
      "schema:priceSpecification": [
        {
          "@id": "https://data.datatourisme.fr/d1234843-860d-3970-b7ce-a9cec1ce7c91",
          "schema:maxPrice": [
            "2.5",
            "25",
            "5",
            "7",
            "810"
          ],
          "schema:minPrice": [
            "1.5",
            "1.75",
            "17.5",
            "3.5",
            "310",
            "4.9"
          ],
          "schema:priceCurrency": "EUR",
          "@type": [
            "schema:PriceSpecification",
            "PriceSpecification"
          ],
          "appliesOnPeriod": [
            {
              "@id": "https://data.datatourisme.fr/6042d16f-e711-319c-8535-12f84c8aa8be",
              "@type": [
                "Period"
              ],
              "endDate": "2021-09-30",
              "startDate": "2021-05-15"
            }
          ]
        }
      ],
      "@type": [
        "schema:Offer",
        "Offer"
      ]
    }
  ]
}