{
  "@id": "https://data.datatourisme.fr/13/5459c52c-416c-36fc-87cc-8cb6349efe92",
  "dc:identifier": "5022734",
  "@type": [
    "schema:FoodEstablishment",
    "FoodEstablishment",
    "PlaceOfInterest",
    "PointOfInterest"
  ],
  "rdfs:comment": {
    "de": [
      "Das Restaurant Chez Paco befindet sich im Herzen der Altstadt und empfängt Sie seit über 45 Jahren in einem familiären und herzlichen Rahmen. Hier genießen Sie vor allem seine Paëlla-, Bouillabaisse- und Fischspezialitäten."
    ],
    "en": [
      "Set in the heart of the old town, Restaurant Chez Paco has been open for over 45 years and welcomes its guests in a warm family setting. Among all their delicious dishes you will enjoy tasting paella, bouillabaisse and fish."
    ],
    "it": [
      "Situato nel cuore del centro storico, il ristorante Chez Paco è aperto da oltre 45 anni e accoglie i suoi ospiti in un caldo ambiente familiare. Tra i suoi deliziosi piatti potrete assaggiare la paella, la bouillabaisse e il pesce."
    ],
    "fr": [
      "Situé au coeur de la vieille ville, le restaurant Chez Paco vous accueille depuis plus de 45 ans dans un cadre familial et chaleureux. Vous y apprécierez notamment ses spécialités de paëlla, bouillabaisse et poissons."
    ],
    "es": [
      "Situado en el corazón del casco antiguo, el restaurante Chez Paco le acoge desde hace más de 45 años en un ambiente cálido y familiar. Apreciará sus especialidades de paella, bullabesa y pescado."
    ],
    "nl": [
      "Het restaurant Chez Paco, gelegen in het hart van de oude stad, ontvangt u al meer dan 45 jaar in een warme en familiale sfeer. U zult zijn specialiteiten van paella, bouillabaisse en vis waarderen."
    ]
  },
  "rdfs:label": {
    "fr": [
      "Chez Paco"
    ]
  },
  "hasBeenCreatedBy": {
    "@id": "https://data.datatourisme.fr/13/8d420fa3-5754-31f1-8199-69c88780314d",
    "dc:identifier": "1647",
    "schema:email": [
      "web@ileroussetourisme.com"
    ],
    "schema:legalName": "Office de Tourisme Intercommunal de L'Ile Rousse-Balagne",
    "@type": [
      "schema:Organization",
      "foaf:Agent",
      "Agent"
    ],
    "foaf:homepage": [
      "https://www.balagne-corsica.com/"
    ]
  },
  "hasBeenPublishedBy": [
    {
      "@id": "https://data.datatourisme.fr/8a9feb4b-2cbd-3d2c-b507-bd6c6776b23b",
      "schema:legalName": "Apidae Tourisme Scic SA - source : Apidae Tourisme",
      "@type": [
        "schema:Organization",
        "foaf:Agent",
        "Agent"
      ],
      "foaf:homepage": [
        "https://www.apidae-tourisme.com/"
      ]
    }
  ],
  "hasContact": [
    {
      "@id": "https://data.datatourisme.fr/1ee86831-eb84-33d2-a795-6c920d830d98",
      "schema:email": [
        "alexcachard@gmail.com"
      ],
      "schema:telephone": [
        "+33 4 95 60 03 76"
      ],
      "@type": [
        "foaf:Agent",
        "Agent"
      ]
    }
  ],
  "hasDescription": [
    {
      "@id": "https://data.datatourisme.fr/98371946-3aa2-3555-8395-af33736a438f",
      "@type": [
        "Description"
      ],
      "hasTranslatedProperty": [
        {
          "@id": "https://data.datatourisme.fr/2793b703-7d99-3fd8-bb3f-647ee4cfa317",
          "dc:contributor": [
            "https://api.deepl.com/v2/translate"
          ],
          "rdf:language": [
            "nl"
          ],
          "rdf:predicate": [
            "shortDescription"
          ]
        },
        {
          "@id": "https://data.datatourisme.fr/56372320-163e-3688-9bb2-c4669cee7f37",
          "dc:contributor": [
            "https://api.deepl.com/v2/translate"
          ],
          "rdf:language": [
            "de"
          ],
          "rdf:predicate": [
            "shortDescription"
          ]
        },
        {
          "@id": "https://data.datatourisme.fr/9fb492c1-e220-3249-802a-4a17663779c3",
          "dc:contributor": [
            "https://api.deepl.com/v2/translate"
          ],
          "rdf:language": [
            "es"
          ],
          "rdf:predicate": [
            "shortDescription"
          ]
        }
      ],
      "shortDescription": {
        "de": [
          "Das Restaurant Chez Paco befindet sich im Herzen der Altstadt und empfängt Sie seit über 45 Jahren in einem familiären und herzlichen Rahmen. Hier genießen Sie vor allem seine Paëlla-, Bouillabaisse- und Fischspezialitäten."
        ],
        "en": [
          "Set in the heart of the old town, Restaurant Chez Paco has been open for over 45 years and welcomes its guests in a warm family setting. Among all their delicious dishes you will enjoy tasting paella, bouillabaisse and fish."
        ],
        "it": [
          "Situato nel cuore del centro storico, il ristorante Chez Paco è aperto da oltre 45 anni e accoglie i suoi ospiti in un caldo ambiente familiare. Tra i suoi deliziosi piatti potrete assaggiare la paella, la bouillabaisse e il pesce."
        ],
        "fr": [
          "Situé au coeur de la vieille ville, le restaurant Chez Paco vous accueille depuis plus de 45 ans dans un cadre familial et chaleureux. Vous y apprécierez notamment ses spécialités de paëlla, bouillabaisse et poissons."
        ],
        "es": [
          "Situado en el corazón del casco antiguo, el restaurante Chez Paco le acoge desde hace más de 45 años en un ambiente cálido y familiar. Apreciará sus especialidades de paella, bullabesa y pescado."
        ],
        "nl": [
          "Het restaurant Chez Paco, gelegen in het hart van de oude stad, ontvangt u al meer dan 45 jaar in een warme en familiale sfeer. U zult zijn specialiteiten van paella, bouillabaisse en vis waarderen."
        ]
      }
    }
  ],
  "hasTheme": [
    {
      "@id": "kb:MediterraneanCuisine",
      "@type": [
        "CuisineCategory"
      ],
      "rdfs:label": {
        "de": [
          "Mediterrane Küche"
        ],
        "pt": [
          "Cozinha mediterrânica"
        ],
        "en": [
          "Mediterranean cuisine"
        ],
        "it": [
          "Cucina mediterranea"
        ],
        "fr": [
          "Cuisine méditerranéenne"
        ],
        "nl": [
          "Mediterrane keuken"
        ],
        "es": [
          "Cocina mediterránea"
        ]
      }
    }
  ],
  "hasTranslatedProperty": [
    {
      "@id": "https://data.datatourisme.fr/610fb121-7d0b-3f7c-8137-fde0d53ff48f",
      "dc:contributor": [
        "https://api.deepl.com/v2/translate"
      ],
      "rdf:language": [
        "nl"
      ],
      "rdf:predicate": [
        {
          "@id": "rdfs:comment"
        }
      ]
    },
    {
      "@id": "https://data.datatourisme.fr/8e4d9644-4e05-310d-9ac2-1f498fabdde3",
      "dc:contributor": [
        "https://api.deepl.com/v2/translate"
      ],
      "rdf:language": [
        "de"
      ],
      "rdf:predicate": [
        {
          "@id": "rdfs:comment"
        }
      ]
    },
    {
      "@id": "https://data.datatourisme.fr/dd292bba-e5bd-3042-8257-22b5b0b6ff33",
      "dc:contributor": [
        "https://api.deepl.com/v2/translate"
      ],
      "rdf:language": [
        "es"
      ],
      "rdf:predicate": [
        {
          "@id": "rdfs:comment"
        }
      ]
    }
  ],
  "isLocatedAt": [
    {
      "@id": "https://data.datatourisme.fr/6e197aa6-089e-309d-baa9-b6e4c97f0f20",
      "schema:address": [
        {
          "@id": "https://data.datatourisme.fr/7844a7ca-4d43-3423-a0c0-57a5c81072a8",
          "schema:addressLocality": "L'Île-Rousse",
          "schema:postalCode": "20220",
          "schema:streetAddress": [
            "18 Rue Napoléon"
          ],
          "@type": [
            "schema:PostalAddress",
            "PostalAddress"
          ],
          "hasAddressCity": {
            "@id": "kb:2B134",
            "@type": [
              "City"
            ],
            "rdfs:label": {
              "en": [
                "L'Île-Rousse"
              ],
              "fr": [
                "L'Île-Rousse"
              ]
            },
            "insee": "2B134",
            "isPartOfDepartment": {
              "@id": "kb:France942B",
              "@type": [
                "Department"
              ],
              "rdfs:label": {
                "en": [
                  "Haute-Corse"
                ],
                "fr": [
                  "Haute-Corse"
                ]
              },
              "insee": "2B",
              "isPartOfRegion": {
                "@id": "kb:France94",
                "@type": [
                  "Region"
                ],
                "rdfs:label": {
                  "en": [
                    "Corse"
                  ],
                  "fr": [
                    "Corse"
                  ]
                },
                "insee": "94",
                "isPartOfCountry": {
                  "@id": "kb:France",
                  "@type": [
                    "schema:Country"
                  ],
                  "rdfs:label": {
                    "de": [
                      "Frankreich"
                    ],
                    "pt": [
                      "França"
                    ],
                    "en": [
                      "France"
                    ],
                    "it": [
                      "Francia"
                    ],
                    "fr": [
                      "France"
                    ],
                    "nl": [
                      "Frankrijk"
                    ],
                    "es": [
                      "Francia"
                    ]
                  }
                }
              }
            }
          }
        }
      ],
      "schema:geo": {
        "@id": "https://data.datatourisme.fr/a3edd201-f714-3248-9fdb-e9d186ca69b8",
        "schema:latitude": "42.636188",
        "schema:longitude": "8.938003",
        "@type": [
          "schema:GeoCoordinates"
        ]
      },
      "schema:openingHoursSpecification": [
        {
          "@id": "https://data.datatourisme.fr/1e51bbe8-b10b-3c5d-9c8b-52f5cf2b13fc",
          "schema:validFrom": "2023-01-20T00:00:00",
          "schema:validThrough": "2023-10-31T23:59:59",
          "@type": [
            "schema:OpeningHoursSpecification"
          ]
        }
      ],
      "@type": [
        "schema:Place",
        "Place"
      ]
    }
  ],
  "isOwnedBy": [
    {
      "@id": "https://data.datatourisme.fr/252af22a-253d-33df-b9d7-204832749402",
      "schema:email": [
        "web@ileroussetourisme.com"
      ],
      "schema:legalName": "Office de Tourisme Intercommunal de L'Ile Rousse-Balagne",
      "@type": [
        "schema:Organization",
        "foaf:Agent",
        "Agent"
      ],
      "foaf:homepage": [
        "https://www.balagne-corsica.com/"
      ]
    }
  ],
  "lastUpdate": "2022-12-20",
  "lastUpdateDatatourisme": "2023-02-05T06:36:58.518Z",
  "providesCuisineOfType": [
    {
      "@id": "kb:MediterraneanCuisine",
      "@type": [
        "CuisineCategory"
      ],
      "rdfs:label": {
        "de": [
          "Mediterrane Küche"
        ],
        "pt": [
          "Cozinha mediterrânica"
        ],
        "en": [
          "Mediterranean cuisine"
        ],
        "it": [
          "Cucina mediterranea"
        ],
        "fr": [
          "Cuisine méditerranéenne"
        ],
        "nl": [
          "Mediterrane keuken"
        ],
        "es": [
          "Cocina mediterránea"
        ]
      }
    }
  ]
}