{
  "@id": "https://data.datatourisme.fr/13/5435b940-d400-3ab9-8842-75e7b3457818",
  "dc:identifier": "5981632",
  "@type": [
    "schema:Accommodation",
    "schema:FoodEstablishment",
    "schema:Hotel",
    "schema:LodgingBusiness",
    "schema:Restaurant",
    "Accommodation",
    "FoodEstablishment",
    "Hotel",
    "HotelRestaurant",
    "HotelTrade",
    "PlaceOfInterest",
    "PointOfInterest",
    "Restaurant"
  ],
  "rdfs:comment": {
    "de": [
      "Wie eine Ode an das Nichtstun und das Wohlbefinden erblickte das Son De Mar im Frühjahr 2022 das Licht der Welt. Im Herzen des Meeresdorfes San Ciprianu, nur wenige Schritte vom Wasser entfernt.\r\nDas Spa und das Essen vervollständigen das Erlebnis eines einzigartigen Aufenthalts zwischen Einfachheit und Raffinesse."
    ],
    "en": [
      "Like an ode to relaxation and well-being, the Son De Mar was born in the spring of 2022. In the heart of the marine village of San Ciprianu, a stone's throw from the water.\r\nThe spa and the restaurant complete the experience of a unique stay, between simplicity and refinement."
    ],
    "it": [
      "Come un'ode all'ozio e al benessere, Son De Mar è stato inaugurato nella primavera del 2022. Nel cuore del villaggio marino di San Ciprianu, a due passi dall'acqua.\r\nLa spa e il ristorante completano l'esperienza di un soggiorno unico, tra semplicità e raffinatezza."
    ],
    "fr": [
      "Comme une ode au farniente et au bien être, le Son De Mar a vu le jour au printemps 2022. Au cœur du village marin de San Ciprianu, à deux pas de l'eau. \r\nLe spa et la table complètent l'expérience d'un séjour unique, entre simplicité et raffinement."
    ],
    "es": [
      "Como una oda al ocio y al bienestar, el Son De Mar se inauguró en la primavera de 2022. En el corazón del pueblo marinero de San Ciprianu, a un paso del agua\r\nEl spa y el restaurante completan la experiencia de una estancia única, entre la sencillez y el refinamiento."
    ],
    "nl": [
      "Als een ode aan luiheid en welzijn werd Son De Mar in het voorjaar van 2022 geopend. In het hart van het zeedorp San Ciprianu, op een steenworp afstand van het water.\r\nDe spa en het restaurant completeren de ervaring van een uniek verblijf, tussen eenvoud en verfijning."
    ]
  },
  "rdfs:label": {
    "fr": [
      "Son De Mar"
    ]
  },
  "hasBeenCreatedBy": {
    "@id": "https://data.datatourisme.fr/13/84c6494d-3085-3c63-a55c-db8cb047fadd",
    "dc:identifier": "1738",
    "schema:email": [
      "camillef.omt@gmail.com",
      "direction@destination-sudcorse.com",
      "gestion@destination-sudcorse.com",
      "promotion@destination-sudcorse.com",
      "webmaster@destination-sudcorse.com"
    ],
    "schema:legalName": "Porto Vecchio Tourisme",
    "@type": [
      "schema:Organization",
      "foaf:Agent",
      "Agent"
    ],
    "foaf:homepage": [
      "http://www.ot-portovecchio.com/"
    ]
  },
  "hasBeenPublishedBy": [
    {
      "@id": "https://data.datatourisme.fr/8a9feb4b-2cbd-3d2c-b507-bd6c6776b23b",
      "schema:legalName": "Apidae Tourisme Scic SA - source : Apidae Tourisme",
      "@type": [
        "schema:Organization",
        "foaf:Agent",
        "Agent"
      ],
      "foaf:homepage": [
        "https://www.apidae-tourisme.com/"
      ]
    }
  ],
  "hasContact": [
    {
      "@id": "https://data.datatourisme.fr/3859e739-c652-3685-9a64-a9446005885d",
      "schema:email": [
        "front@sondemar.fr"
      ],
      "schema:telephone": [
        "+33 4 20 19 03 35"
      ],
      "@type": [
        "foaf:Agent",
        "Agent"
      ],
      "foaf:homepage": [
        "https://sondemar.fr/"
      ]
    }
  ],
  "hasDescription": [
    {
      "@id": "https://data.datatourisme.fr/52ba19ff-0ac8-30d5-9641-f7c0764f91f6",
      "@type": [
        "Description"
      ],
      "hasTranslatedProperty": [
        {
          "@id": "https://data.datatourisme.fr/07d1ef0e-3638-302b-aaca-c7cf8f51c879",
          "dc:contributor": [
            "https://api.deepl.com/v2/translate"
          ],
          "rdf:language": [
            "es"
          ],
          "rdf:predicate": [
            "shortDescription"
          ]
        }
      ],
      "shortDescription": {
        "de": [
          "Wie eine Ode an das Nichtstun und das Wohlbefinden erblickte das Son De Mar im Frühjahr 2022 das Licht der Welt. Im Herzen des Meeresdorfes San Ciprianu, nur wenige Schritte vom Wasser entfernt.\r\nDas Spa und das Essen vervollständigen das Erlebnis eines einzigartigen Aufenthalts zwischen Einfachheit und Raffinesse."
        ],
        "en": [
          "Like an ode to relaxation and well-being, the Son De Mar was born in the spring of 2022. In the heart of the marine village of San Ciprianu, a stone's throw from the water.\r\nThe spa and the restaurant complete the experience of a unique stay, between simplicity and refinement."
        ],
        "it": [
          "Come un'ode all'ozio e al benessere, Son De Mar è stato inaugurato nella primavera del 2022. Nel cuore del villaggio marino di San Ciprianu, a due passi dall'acqua.\r\nLa spa e il ristorante completano l'esperienza di un soggiorno unico, tra semplicità e raffinatezza."
        ],
        "fr": [
          "Comme une ode au farniente et au bien être, le Son De Mar a vu le jour au printemps 2022. Au cœur du village marin de San Ciprianu, à deux pas de l'eau. \r\nLe spa et la table complètent l'expérience d'un séjour unique, entre simplicité et raffinement."
        ],
        "es": [
          "Como una oda al ocio y al bienestar, el Son De Mar se inauguró en la primavera de 2022. En el corazón del pueblo marinero de San Ciprianu, a un paso del agua\r\nEl spa y el restaurante completan la experiencia de una estancia única, entre la sencillez y el refinamiento."
        ],
        "nl": [
          "Als een ode aan luiheid en welzijn werd Son De Mar in het voorjaar van 2022 geopend. In het hart van het zeedorp San Ciprianu, op een steenworp afstand van het water.\r\nDe spa en het restaurant completeren de ervaring van een uniek verblijf, tussen eenvoud en verfijning."
        ]
      }
    }
  ],
  "hasTranslatedProperty": [
    {
      "@id": "https://data.datatourisme.fr/357f0256-0e18-3b29-98e8-fac5431b6300",
      "dc:contributor": [
        "https://api.deepl.com/v2/translate"
      ],
      "rdf:language": [
        "es"
      ],
      "rdf:predicate": [
        {
          "@id": "rdfs:comment"
        }
      ]
    }
  ],
  "isLocatedAt": [
    {
      "@id": "https://data.datatourisme.fr/7acfc949-2aba-3e8e-8cc7-d5241b1f16f1",
      "schema:address": [
        {
          "@id": "https://data.datatourisme.fr/6258a86e-0e28-3b7c-a597-aa0ff2336ce8",
          "schema:addressLocality": "Lecci",
          "schema:postalCode": "20137",
          "schema:streetAddress": [
            "27 Corsu Napoleonu San Ciprianu"
          ],
          "@type": [
            "schema:PostalAddress",
            "PostalAddress"
          ],
          "hasAddressCity": {
            "@id": "kb:2A139",
            "@type": [
              "City"
            ],
            "rdfs:label": {
              "en": [
                "Lecci"
              ],
              "fr": [
                "Lecci"
              ]
            },
            "insee": "2A139",
            "isPartOfDepartment": {
              "@id": "kb:France942A",
              "@type": [
                "Department"
              ],
              "rdfs:label": {
                "en": [
                  "Corse-du-Sud"
                ],
                "fr": [
                  "Corse-du-Sud"
                ]
              },
              "insee": "2A",
              "isPartOfRegion": {
                "@id": "kb:France94",
                "@type": [
                  "Region"
                ],
                "rdfs:label": {
                  "en": [
                    "Corse"
                  ],
                  "fr": [
                    "Corse"
                  ]
                },
                "insee": "94",
                "isPartOfCountry": {
                  "@id": "kb:France",
                  "@type": [
                    "schema:Country"
                  ],
                  "rdfs:label": {
                    "de": [
                      "Frankreich"
                    ],
                    "pt": [
                      "França"
                    ],
                    "en": [
                      "France"
                    ],
                    "it": [
                      "Francia"
                    ],
                    "fr": [
                      "France"
                    ],
                    "nl": [
                      "Frankrijk"
                    ],
                    "es": [
                      "Francia"
                    ]
                  }
                }
              }
            }
          }
        }
      ],
      "schema:geo": {
        "@id": "https://data.datatourisme.fr/9a83f234-ee03-3ac1-9dbc-c68cb35d5408",
        "schema:latitude": "41.638498",
        "schema:longitude": "9.346679",
        "@type": [
          "schema:GeoCoordinates"
        ]
      },
      "schema:openingHoursSpecification": [
        {
          "@id": "https://data.datatourisme.fr/94bd848b-07c2-321f-9ffd-6f295d5f8ffa",
          "schema:validFrom": "2023-04-28T00:00:00",
          "schema:validThrough": "2023-10-31T23:59:59",
          "@type": [
            "schema:OpeningHoursSpecification"
          ],
          "additionalInformation": {
            "de": [
              "24 Stunden am Tag geöffnet.\n\n24-Stunden-Rezeption geöffnet"
            ],
            "en": [
              "Open 24 hours a day.\n\nReception open 24 hours"
            ],
            "it": [
              "Aperto 24 ore su 24.\n\nReception aperta 24 ore su 24"
            ],
            "fr": [
              "Ouvert 24h/24.\n\nRéception ouverte 24h/24"
            ],
            "es": [
              "Abierto las 24 horas.\n\nRecepción abierta las 24 horas"
            ],
            "nl": [
              "24 uur open.\n\nReceptie 24 uur geopend"
            ]
          },
          "hasTranslatedProperty": [
            {
              "@id": "https://data.datatourisme.fr/0fe9d789-e780-3313-abc0-70b59dd8f011",
              "dc:contributor": [
                "https://api.deepl.com/v2/translate"
              ],
              "rdf:language": [
                "nl"
              ],
              "rdf:predicate": [
                "additionalInformation"
              ]
            },
            {
              "@id": "https://data.datatourisme.fr/15ec289c-222b-3433-a8a5-5d2679feb79c",
              "dc:contributor": [
                "https://api.deepl.com/v2/translate"
              ],
              "rdf:language": [
                "en"
              ],
              "rdf:predicate": [
                "additionalInformation"
              ]
            },
            {
              "@id": "https://data.datatourisme.fr/1e075216-5deb-3046-84d6-1f02d4488ce7",
              "dc:contributor": [
                "https://api.deepl.com/v2/translate"
              ],
              "rdf:language": [
                "it"
              ],
              "rdf:predicate": [
                "additionalInformation"
              ]
            },
            {
              "@id": "https://data.datatourisme.fr/6565c90d-0338-3056-9924-6cc77fbe2c6c",
              "dc:contributor": [
                "https://api.deepl.com/v2/translate"
              ],
              "rdf:language": [
                "de"
              ],
              "rdf:predicate": [
                "additionalInformation"
              ]
            },
            {
              "@id": "https://data.datatourisme.fr/cd87f286-34ea-3353-80d6-0285a29e6fc0",
              "dc:contributor": [
                "https://api.deepl.com/v2/translate"
              ],
              "rdf:language": [
                "es"
              ],
              "rdf:predicate": [
                "additionalInformation"
              ]
            }
          ]
        }
      ],
      "@type": [
        "schema:Place",
        "Place"
      ]
    }
  ],
  "isOwnedBy": [
    {
      "@id": "https://data.datatourisme.fr/f5f950f9-5eec-32b4-a357-2c969ccf4068",
      "schema:email": [
        "camillef.omt@gmail.com",
        "direction@destination-sudcorse.com",
        "gestion@destination-sudcorse.com",
        "promotion@destination-sudcorse.com",
        "webmaster@destination-sudcorse.com"
      ],
      "schema:legalName": "Porto Vecchio Tourisme",
      "@type": [
        "schema:Organization",
        "foaf:Agent",
        "Agent"
      ],
      "foaf:homepage": [
        "http://www.ot-portovecchio.com/"
      ]
    }
  ],
  "lastUpdate": "2023-03-10",
  "lastUpdateDatatourisme": "2023-03-16T06:56:31.264Z"
}