{
  "@id": "https://data.datatourisme.fr/13/7753444e-b173-3c2c-b854-abc278641455",
  "dc:identifier": "6412562",
  "schema:endDate": [
    "2023-06-05"
  ],
  "schema:startDate": [
    "2023-06-01"
  ],
  "@type": [
    "schema:Event",
    "schema:SportsEvent",
    "EntertainmentAndEvent",
    "PointOfInterest",
    "SportsCompetition",
    "SportsEvent"
  ],
  "rdfs:comment": {
    "de": [
      "Der Corsica Raid Femina ist ein Abenteuerrennen für Frauen, das umweltfreundlich und solidarisch ist und von der Wohltätigkeitsorganisation La Marie Do auf Korsika organisiert wird!\r\nKommen Sie, um sich 5 Tage lang in der Balagne selbst zu übertreffen, davon 3 1/2 Tage lang im Rennen!"
    ],
    "en": [
      "The Corsica Raid Femina is an adventure race 100% female, eco-responsible and united organized by the charity La Marie Do in Corsica!"
    ],
    "it": [
      "Il Corsica Raid Femina è una corsa d'avventura 100% femminile, eco-responsabile e solidale dell'associazione La Marie Do in Corsica!"
    ],
    "fr": [
      "La Corsica Raid Femina est une course aventure 100% féminine, éco-responsable et solidaire de l’association caritative La Marie Do en Corse !\r\nVenez vous surpasser durant 5 jours en Balagne dont 3 jours 1/2 de course !"
    ],
    "es": [
      "El Corsica Raid Femina es una carrera de aventura 100% femenina, eco-responsable y solidaria con la asociación benéfica La Marie Do de Córcega\r\nVenid a superaros durante 5 días en Balagne, ¡incluyendo 3 días y medio de carreras!"
    ],
    "nl": [
      "De Corsica Raid Femina is een 100% vrouwelijke adventure race, eco-verantwoord en solidair met het goede doel La Marie Do in Corsica!\r\nKom en overtref jezelf gedurende 5 dagen in Balagne, inclusief 3 1/2 dag racen!"
    ]
  },
  "rdfs:label": {
    "fr": [
      "Corsica Raid Femina"
    ]
  },
  "hasBeenCreatedBy": {
    "@id": "https://data.datatourisme.fr/13/8d420fa3-5754-31f1-8199-69c88780314d",
    "dc:identifier": "1647",
    "schema:email": [
      "web@ileroussetourisme.com"
    ],
    "schema:legalName": "Office de Tourisme Intercommunal de L'Ile Rousse-Balagne",
    "@type": [
      "schema:Organization",
      "foaf:Agent",
      "Agent"
    ],
    "foaf:homepage": [
      "https://www.balagne-corsica.com/"
    ]
  },
  "hasBeenPublishedBy": [
    {
      "@id": "https://data.datatourisme.fr/8a9feb4b-2cbd-3d2c-b507-bd6c6776b23b",
      "schema:legalName": "Apidae Tourisme Scic SA - source : Apidae Tourisme",
      "@type": [
        "schema:Organization",
        "foaf:Agent",
        "Agent"
      ],
      "foaf:homepage": [
        "https://www.apidae-tourisme.com/"
      ]
    }
  ],
  "hasContact": [
    {
      "@id": "https://data.datatourisme.fr/c2f71b27-43d5-335d-bc2b-c73fd886dba3",
      "schema:email": [
        "femina@corsicaraid.com"
      ],
      "schema:telephone": [
        "+33 6 73 01 84 48"
      ],
      "@type": [
        "foaf:Agent",
        "Agent"
      ],
      "foaf:homepage": [
        "https://www.corsicaraidfemina.com/"
      ]
    }
  ],
  "hasDescription": [
    {
      "@id": "https://data.datatourisme.fr/4ced9e5d-e8ce-38fa-9298-9b64fd9aab27",
      "@type": [
        "Description"
      ],
      "hasTranslatedProperty": [
        {
          "@id": "https://data.datatourisme.fr/020e0a85-7b35-3630-ae6e-1802a59d968a",
          "dc:contributor": [
            "https://api.deepl.com/v2/translate"
          ],
          "rdf:language": [
            "nl"
          ],
          "rdf:predicate": [
            "shortDescription"
          ]
        },
        {
          "@id": "https://data.datatourisme.fr/a363e431-5961-371b-9169-6aedff26d38d",
          "dc:contributor": [
            "https://api.deepl.com/v2/translate"
          ],
          "rdf:language": [
            "es"
          ],
          "rdf:predicate": [
            "shortDescription"
          ]
        },
        {
          "@id": "https://data.datatourisme.fr/cf386f1f-159e-39ca-91fa-43f821584414",
          "dc:contributor": [
            "https://api.deepl.com/v2/translate"
          ],
          "rdf:language": [
            "de"
          ],
          "rdf:predicate": [
            "shortDescription"
          ]
        }
      ],
      "shortDescription": {
        "de": [
          "Der Corsica Raid Femina ist ein Abenteuerrennen für Frauen, das umweltfreundlich und solidarisch ist und von der Wohltätigkeitsorganisation La Marie Do auf Korsika organisiert wird!\r\nKommen Sie, um sich 5 Tage lang in der Balagne selbst zu übertreffen, davon 3 1/2 Tage lang im Rennen!"
        ],
        "en": [
          "The Corsica Raid Femina is an adventure race 100% female, eco-responsible and united organized by the charity La Marie Do in Corsica!"
        ],
        "it": [
          "Il Corsica Raid Femina è una corsa d'avventura 100% femminile, eco-responsabile e solidale dell'associazione La Marie Do in Corsica!"
        ],
        "fr": [
          "La Corsica Raid Femina est une course aventure 100% féminine, éco-responsable et solidaire de l’association caritative La Marie Do en Corse !\r\nVenez vous surpasser durant 5 jours en Balagne dont 3 jours 1/2 de course !"
        ],
        "es": [
          "El Corsica Raid Femina es una carrera de aventura 100% femenina, eco-responsable y solidaria con la asociación benéfica La Marie Do de Córcega\r\nVenid a superaros durante 5 días en Balagne, ¡incluyendo 3 días y medio de carreras!"
        ],
        "nl": [
          "De Corsica Raid Femina is een 100% vrouwelijke adventure race, eco-verantwoord en solidair met het goede doel La Marie Do in Corsica!\r\nKom en overtref jezelf gedurende 5 dagen in Balagne, inclusief 3 1/2 dag racen!"
        ]
      }
    }
  ],
  "hasTranslatedProperty": [
    {
      "@id": "https://data.datatourisme.fr/097b5ce7-bc5b-3c3a-9fca-fa0b2da3dafd",
      "dc:contributor": [
        "https://api.deepl.com/v2/translate"
      ],
      "rdf:language": [
        "de"
      ],
      "rdf:predicate": [
        {
          "@id": "rdfs:comment"
        }
      ]
    },
    {
      "@id": "https://data.datatourisme.fr/6378ce86-3d28-3386-a284-a09da5cd4812",
      "dc:contributor": [
        "https://api.deepl.com/v2/translate"
      ],
      "rdf:language": [
        "nl"
      ],
      "rdf:predicate": [
        {
          "@id": "rdfs:comment"
        }
      ]
    },
    {
      "@id": "https://data.datatourisme.fr/82b9b737-444a-3294-bd6e-a9882e38a3fb",
      "dc:contributor": [
        "https://api.deepl.com/v2/translate"
      ],
      "rdf:language": [
        "es"
      ],
      "rdf:predicate": [
        {
          "@id": "rdfs:comment"
        }
      ]
    }
  ],
  "isLocatedAt": [
    {
      "@id": "https://data.datatourisme.fr/f57ac2a4-6080-3abb-afa2-e00be8580c3b",
      "schema:address": [
        {
          "@id": "https://data.datatourisme.fr/126b7729-f3ee-322a-b75d-d22a4c72c50c",
          "schema:addressLocality": "Belgodère",
          "schema:postalCode": "20226",
          "schema:streetAddress": [
            "L'Osari",
            "Village vacances Belambra"
          ],
          "@type": [
            "schema:PostalAddress",
            "PostalAddress"
          ],
          "hasAddressCity": {
            "@id": "kb:2B034",
            "@type": [
              "City"
            ],
            "rdfs:label": {
              "en": [
                "Belgodère"
              ],
              "fr": [
                "Belgodère"
              ]
            },
            "insee": "2B034",
            "isPartOfDepartment": {
              "@id": "kb:France942B",
              "@type": [
                "Department"
              ],
              "rdfs:label": {
                "en": [
                  "Haute-Corse"
                ],
                "fr": [
                  "Haute-Corse"
                ]
              },
              "insee": "2B",
              "isPartOfRegion": {
                "@id": "kb:France94",
                "@type": [
                  "Region"
                ],
                "rdfs:label": {
                  "en": [
                    "Corse"
                  ],
                  "fr": [
                    "Corse"
                  ]
                },
                "insee": "94",
                "isPartOfCountry": {
                  "@id": "kb:France",
                  "@type": [
                    "schema:Country"
                  ],
                  "rdfs:label": {
                    "de": [
                      "Frankreich"
                    ],
                    "pt": [
                      "França"
                    ],
                    "en": [
                      "France"
                    ],
                    "it": [
                      "Francia"
                    ],
                    "fr": [
                      "France"
                    ],
                    "nl": [
                      "Frankrijk"
                    ],
                    "es": [
                      "Francia"
                    ]
                  }
                }
              }
            }
          }
        }
      ],
      "schema:geo": {
        "@id": "https://data.datatourisme.fr/ff741a91-4cab-38da-a435-988f7ba21d28",
        "schema:latitude": "42.639238",
        "schema:longitude": "9.021217",
        "@type": [
          "schema:GeoCoordinates"
        ]
      },
      "schema:openingHoursSpecification": [
        {
          "@id": "https://data.datatourisme.fr/b560211b-ea3b-3834-bcfe-48a0a784e827",
          "schema:validFrom": "2023-06-01T00:00:00",
          "schema:validThrough": "2023-06-05T23:59:59",
          "@type": [
            "schema:OpeningHoursSpecification"
          ]
        }
      ],
      "@type": [
        "schema:Place",
        "Place"
      ]
    }
  ],
  "isOwnedBy": [
    {
      "@id": "https://data.datatourisme.fr/252af22a-253d-33df-b9d7-204832749402",
      "schema:email": [
        "web@ileroussetourisme.com"
      ],
      "schema:legalName": "Office de Tourisme Intercommunal de L'Ile Rousse-Balagne",
      "@type": [
        "schema:Organization",
        "foaf:Agent",
        "Agent"
      ],
      "foaf:homepage": [
        "https://www.balagne-corsica.com/"
      ]
    }
  ],
  "lastUpdate": "2023-02-14",
  "lastUpdateDatatourisme": "2023-02-15T06:38:06.985Z",
  "takesPlaceAt": [
    {
      "@id": "https://data.datatourisme.fr/36c85106-fd2c-3c00-8bde-6c19768b4d2c",
      "@type": [
        "Period"
      ],
      "endDate": "2023-06-05",
      "startDate": "2023-06-01"
    }
  ]
}