{
  "@id": "https://data.datatourisme.fr/13/02a62a16-35f5-3f66-a2e9-e9867fc058c8",
  "dc:identifier": "4973596",
  "@type": [
    "schema:Accommodation",
    "schema:LodgingBusiness",
    "Accommodation",
    "CollectiveAccommodation",
    "HolidayResort",
    "PlaceOfInterest",
    "PointOfInterest"
  ],
  "rdfs:comment": {
    "de": [
      "Die Residenz Capra Scorsa liegt nur 500 m vom wunderschönen Strand von Losari entfernt und bietet Ihnen voll ausgestattete und klimatisierte Apartments. Der Pool lädt zum Entspannen mit der Familie ein."
    ],
    "en": [
      "Located only 500 metres from the magnificent beach of Losari, Capra Scorsa offers you fully equipped, air conditionned apartments. You will enjoy moments of family relaxation by the pool."
    ],
    "it": [
      "Situato a 500 metri dalla splendida spiaggia di Losari, il Capra Scorsa offre appartamenti completamente attrezzati e climatizzati. Potrete usufruire della piscina per trascorrere momenti di relax con la vostra famiglia."
    ],
    "fr": [
      "Situé à 500m de la magnifique plage de Losari, la résidence Capra Scorsa vous propose des appartements entièrement équipés et climatisés. Vous profiterez de la piscine pour vos moment de détente en famille."
    ],
    "es": [
      "Situado a 500 metros de la hermosa playa de Losari, Capra Scorsa ofrece apartamentos totalmente equipados y con aire acondicionado. Podrá disfrutar de la piscina para pasar momentos de relax con su familia."
    ],
    "nl": [
      "Capra Scorsa ligt op 500 meter van het prachtige strand van Losari en biedt volledig uitgeruste appartementen met airconditioning. U kunt genieten van het zwembad voor ontspannende momenten met uw gezin."
    ]
  },
  "rdfs:label": {
    "fr": [
      "Résidence Capra Scorsa"
    ]
  },
  "hasBeenCreatedBy": {
    "@id": "https://data.datatourisme.fr/13/8d420fa3-5754-31f1-8199-69c88780314d",
    "dc:identifier": "1647",
    "schema:email": [
      "web@ileroussetourisme.com"
    ],
    "schema:legalName": "Office de Tourisme Intercommunal de L'Ile Rousse-Balagne",
    "@type": [
      "schema:Organization",
      "foaf:Agent",
      "Agent"
    ],
    "foaf:homepage": [
      "https://www.balagne-corsica.com/"
    ]
  },
  "hasBeenPublishedBy": [
    {
      "@id": "https://data.datatourisme.fr/8a9feb4b-2cbd-3d2c-b507-bd6c6776b23b",
      "schema:legalName": "Apidae Tourisme Scic SA - source : Apidae Tourisme",
      "@type": [
        "schema:Organization",
        "foaf:Agent",
        "Agent"
      ],
      "foaf:homepage": [
        "https://www.apidae-tourisme.com/"
      ]
    }
  ],
  "hasContact": [
    {
      "@id": "https://data.datatourisme.fr/72b01108-205b-317b-b996-263cb5060771",
      "schema:email": [
        "corsalys.vacances@orange.fr"
      ],
      "schema:telephone": [
        "+33 4 95 36 13 87",
        "+33 9 62 05 99 52"
      ],
      "@type": [
        "foaf:Agent",
        "Agent"
      ],
      "foaf:homepage": [
        "http://www.odalys-vacances.com/"
      ]
    }
  ],
  "hasDescription": [
    {
      "@id": "https://data.datatourisme.fr/eb6f1d28-1c40-3503-b055-005a73b5fd7a",
      "@type": [
        "Description"
      ],
      "hasTranslatedProperty": [
        {
          "@id": "https://data.datatourisme.fr/10374f19-33ca-308f-84f8-12106d55706e",
          "dc:contributor": [
            "https://api.deepl.com/v2/translate"
          ],
          "rdf:language": [
            "de"
          ],
          "rdf:predicate": [
            "shortDescription"
          ]
        },
        {
          "@id": "https://data.datatourisme.fr/4e18f308-7dc2-37c1-a633-f6c842b52b98",
          "dc:contributor": [
            "https://api.deepl.com/v2/translate"
          ],
          "rdf:language": [
            "es"
          ],
          "rdf:predicate": [
            "shortDescription"
          ]
        },
        {
          "@id": "https://data.datatourisme.fr/6d789a59-da31-3b10-a5d5-625884590c68",
          "dc:contributor": [
            "https://api.deepl.com/v2/translate"
          ],
          "rdf:language": [
            "nl"
          ],
          "rdf:predicate": [
            "shortDescription"
          ]
        }
      ],
      "shortDescription": {
        "de": [
          "Die Residenz Capra Scorsa liegt nur 500 m vom wunderschönen Strand von Losari entfernt und bietet Ihnen voll ausgestattete und klimatisierte Apartments. Der Pool lädt zum Entspannen mit der Familie ein."
        ],
        "en": [
          "Located only 500 metres from the magnificent beach of Losari, Capra Scorsa offers you fully equipped, air conditionned apartments. You will enjoy moments of family relaxation by the pool."
        ],
        "it": [
          "Situato a 500 metri dalla splendida spiaggia di Losari, il Capra Scorsa offre appartamenti completamente attrezzati e climatizzati. Potrete usufruire della piscina per trascorrere momenti di relax con la vostra famiglia."
        ],
        "fr": [
          "Situé à 500m de la magnifique plage de Losari, la résidence Capra Scorsa vous propose des appartements entièrement équipés et climatisés. Vous profiterez de la piscine pour vos moment de détente en famille."
        ],
        "es": [
          "Situado a 500 metros de la hermosa playa de Losari, Capra Scorsa ofrece apartamentos totalmente equipados y con aire acondicionado. Podrá disfrutar de la piscina para pasar momentos de relax con su familia."
        ],
        "nl": [
          "Capra Scorsa ligt op 500 meter van het prachtige strand van Losari en biedt volledig uitgeruste appartementen met airconditioning. U kunt genieten van het zwembad voor ontspannende momenten met uw gezin."
        ]
      }
    }
  ],
  "hasTranslatedProperty": [
    {
      "@id": "https://data.datatourisme.fr/094e87ae-fb11-3fcf-9539-f0e2377381c3",
      "dc:contributor": [
        "https://api.deepl.com/v2/translate"
      ],
      "rdf:language": [
        "nl"
      ],
      "rdf:predicate": [
        {
          "@id": "rdfs:comment"
        }
      ]
    },
    {
      "@id": "https://data.datatourisme.fr/274a82ab-ea53-31c5-9158-d0d0359745cb",
      "dc:contributor": [
        "https://api.deepl.com/v2/translate"
      ],
      "rdf:language": [
        "es"
      ],
      "rdf:predicate": [
        {
          "@id": "rdfs:comment"
        }
      ]
    },
    {
      "@id": "https://data.datatourisme.fr/bdae2d3e-d25b-36a6-b4d0-489cf38d1162",
      "dc:contributor": [
        "https://api.deepl.com/v2/translate"
      ],
      "rdf:language": [
        "de"
      ],
      "rdf:predicate": [
        {
          "@id": "rdfs:comment"
        }
      ]
    }
  ],
  "isLocatedAt": [
    {
      "@id": "https://data.datatourisme.fr/0401455f-8a39-3724-9f21-066c5fa6dfcf",
      "schema:address": [
        {
          "@id": "https://data.datatourisme.fr/d11b95a0-dfc0-3561-a4bb-e87ed1e856ba",
          "schema:addressLocality": "Belgodère",
          "schema:postalCode": "20226",
          "schema:streetAddress": [
            "Losari"
          ],
          "@type": [
            "schema:PostalAddress",
            "PostalAddress"
          ],
          "hasAddressCity": {
            "@id": "kb:2B034",
            "@type": [
              "City"
            ],
            "rdfs:label": {
              "en": [
                "Belgodère"
              ],
              "fr": [
                "Belgodère"
              ]
            },
            "insee": "2B034",
            "isPartOfDepartment": {
              "@id": "kb:France942B",
              "@type": [
                "Department"
              ],
              "rdfs:label": {
                "en": [
                  "Haute-Corse"
                ],
                "fr": [
                  "Haute-Corse"
                ]
              },
              "insee": "2B",
              "isPartOfRegion": {
                "@id": "kb:France94",
                "@type": [
                  "Region"
                ],
                "rdfs:label": {
                  "en": [
                    "Corse"
                  ],
                  "fr": [
                    "Corse"
                  ]
                },
                "insee": "94",
                "isPartOfCountry": {
                  "@id": "kb:France",
                  "@type": [
                    "schema:Country"
                  ],
                  "rdfs:label": {
                    "de": [
                      "Frankreich"
                    ],
                    "pt": [
                      "França"
                    ],
                    "en": [
                      "France"
                    ],
                    "it": [
                      "Francia"
                    ],
                    "fr": [
                      "France"
                    ],
                    "nl": [
                      "Frankrijk"
                    ],
                    "es": [
                      "Francia"
                    ]
                  }
                }
              }
            }
          }
        }
      ],
      "schema:geo": {
        "@id": "https://data.datatourisme.fr/380e6044-5cb2-3226-adee-fc0535feeb5b",
        "schema:latitude": "42.635161",
        "schema:longitude": "9.019568",
        "@type": [
          "schema:GeoCoordinates"
        ]
      },
      "schema:openingHoursSpecification": [
        {
          "@id": "https://data.datatourisme.fr/f87e535a-636d-3343-ad63-8a03392e7511",
          "schema:validFrom": "2023-01-01T00:00:00",
          "schema:validThrough": "2023-12-31T23:59:59",
          "@type": [
            "schema:OpeningHoursSpecification"
          ]
        }
      ],
      "@type": [
        "schema:Place",
        "Place"
      ]
    }
  ],
  "isOwnedBy": [
    {
      "@id": "https://data.datatourisme.fr/252af22a-253d-33df-b9d7-204832749402",
      "schema:email": [
        "web@ileroussetourisme.com"
      ],
      "schema:legalName": "Office de Tourisme Intercommunal de L'Ile Rousse-Balagne",
      "@type": [
        "schema:Organization",
        "foaf:Agent",
        "Agent"
      ],
      "foaf:homepage": [
        "https://www.balagne-corsica.com/"
      ]
    }
  ],
  "lastUpdate": "2022-08-10",
  "lastUpdateDatatourisme": "2023-02-20T06:39:26.595Z"
}