{
  "@id": "https://data.datatourisme.fr/13/0278689c-4ed8-3c84-8877-0e9a86826f8e",
  "dc:identifier": "5162838",
  "@type": [
    "schema:Accommodation",
    "schema:LodgingBusiness",
    "Accommodation",
    "CollectiveAccommodation",
    "HolidayResort",
    "PlaceOfInterest",
    "PointOfInterest"
  ],
  "rdfs:comment": {
    "de": [
      "900 Meter vom Strand von Palombaggia entfernt, Residenz mit 16 Mini-Villen:\r\nFür 2 Personen - 55m² - 1 klimatisiertes Schlafzimmer und 1 Badezimmer ;\r\nFür 4 Personen - 65m² - 2 klimatisierte Schlafzimmer und 2 Badezimmer."
    ],
    "en": [
      "At 900 meters from the beach of Palombaggia, residence of 16 mini-villas:\r\nFor 2 persons - 55m² - 1 air-conditioned room and 1 bathroom;\r\nFor 4 persons - 65m² - 2 air-conditioned bedrooms and 2 bathrooms."
    ],
    "it": [
      "A 900 metri dalla spiaggia di Palombaggia, residence di 16 mini-ville:\r\nPer 2 persone - 55 m² - 1 camera da letto climatizzata e 1 bagno;\r\nPer 4 persone - 65 m² - 2 camere da letto con aria condizionata e 2 bagni."
    ],
    "fr": [
      "A 900 mètres de la plage de Palombaggia, résidence de 16 mini-villas :\r\nPour 2 personnes - 55m² - 1 chambre climatisée et 1 salle d'eau ;\r\nPour 4 personnes - 65m² - 2 chambres climatisées et 2 salles d'eau."
    ],
    "nl": [
      "Op 900 meter van het strand van Palombaggia, residentie van 16 mini-villa's:\r\nVoor 2 personen - 55m² - 1 kamer met airconditioning en 1 douchekamer;\r\nVoor 4 personen - 65m² - 2 kamers met airconditioning en 2 badkamers."
    ],
    "es": [
      "A 900 metros de la playa de Palombaggia, residencia de 16 minivillas:\r\nPara 2 personas - 55m² - 1 habitación con aire acondicionado y 1 cuarto de ducha;\r\nPara 4 personas - 65m² - 2 habitaciones con aire acondicionado y 2 baños."
    ]
  },
  "rdfs:label": {
    "fr": [
      "Belvédère de Palombaggia"
    ]
  },
  "hasBeenCreatedBy": {
    "@id": "https://data.datatourisme.fr/13/84c6494d-3085-3c63-a55c-db8cb047fadd",
    "dc:identifier": "1738",
    "schema:email": [
      "camillef.omt@gmail.com",
      "direction@destination-sudcorse.com",
      "gestion@destination-sudcorse.com",
      "promotion@destination-sudcorse.com",
      "webmaster@destination-sudcorse.com"
    ],
    "schema:legalName": "Porto Vecchio Tourisme",
    "@type": [
      "schema:Organization",
      "foaf:Agent",
      "Agent"
    ],
    "foaf:homepage": [
      "http://www.ot-portovecchio.com/"
    ]
  },
  "hasBeenPublishedBy": [
    {
      "@id": "https://data.datatourisme.fr/8a9feb4b-2cbd-3d2c-b507-bd6c6776b23b",
      "schema:legalName": "Apidae Tourisme Scic SA - source : Apidae Tourisme",
      "@type": [
        "schema:Organization",
        "foaf:Agent",
        "Agent"
      ],
      "foaf:homepage": [
        "https://www.apidae-tourisme.com/"
      ]
    }
  ],
  "hasContact": [
    {
      "@id": "https://data.datatourisme.fr/6d5b8580-42f1-3ec7-8981-6ccb8f1da905",
      "schema:email": [
        "infopalombaggia@gmail.com"
      ],
      "schema:telephone": [
        "+33 4 95 70 95 70"
      ],
      "@type": [
        "foaf:Agent",
        "Agent"
      ],
      "foaf:homepage": [
        "http://www.palombaggia.com/"
      ]
    }
  ],
  "hasDescription": [
    {
      "@id": "https://data.datatourisme.fr/6a7692f9-df41-3c8d-997f-f091e6241057",
      "@type": [
        "Description"
      ],
      "hasTranslatedProperty": [
        {
          "@id": "https://data.datatourisme.fr/09fc5317-e24a-3a11-86de-2e58e6839905",
          "dc:contributor": [
            "https://api.deepl.com/v2/translate"
          ],
          "rdf:language": [
            "de"
          ],
          "rdf:predicate": [
            "shortDescription"
          ]
        },
        {
          "@id": "https://data.datatourisme.fr/486011ea-b7f1-3b94-967d-b6211246202d",
          "dc:contributor": [
            "https://api.deepl.com/v2/translate"
          ],
          "rdf:language": [
            "en"
          ],
          "rdf:predicate": [
            "shortDescription"
          ]
        },
        {
          "@id": "https://data.datatourisme.fr/8abdb838-d4a3-3bf2-8573-1066aff67b6e",
          "dc:contributor": [
            "https://api.deepl.com/v2/translate"
          ],
          "rdf:language": [
            "es"
          ],
          "rdf:predicate": [
            "shortDescription"
          ]
        },
        {
          "@id": "https://data.datatourisme.fr/99f59e92-d692-3a03-8948-32d8229cfd77",
          "dc:contributor": [
            "https://api.deepl.com/v2/translate"
          ],
          "rdf:language": [
            "nl"
          ],
          "rdf:predicate": [
            "shortDescription"
          ]
        },
        {
          "@id": "https://data.datatourisme.fr/b20535ec-147c-334b-ada3-f25b15806979",
          "dc:contributor": [
            "https://api.deepl.com/v2/translate"
          ],
          "rdf:language": [
            "it"
          ],
          "rdf:predicate": [
            "shortDescription"
          ]
        }
      ],
      "shortDescription": {
        "de": [
          "900 Meter vom Strand von Palombaggia entfernt, Residenz mit 16 Mini-Villen:\r\nFür 2 Personen - 55m² - 1 klimatisiertes Schlafzimmer und 1 Badezimmer ;\r\nFür 4 Personen - 65m² - 2 klimatisierte Schlafzimmer und 2 Badezimmer."
        ],
        "en": [
          "At 900 meters from the beach of Palombaggia, residence of 16 mini-villas:\r\nFor 2 persons - 55m² - 1 air-conditioned room and 1 bathroom;\r\nFor 4 persons - 65m² - 2 air-conditioned bedrooms and 2 bathrooms."
        ],
        "it": [
          "A 900 metri dalla spiaggia di Palombaggia, residence di 16 mini-ville:\r\nPer 2 persone - 55 m² - 1 camera da letto climatizzata e 1 bagno;\r\nPer 4 persone - 65 m² - 2 camere da letto con aria condizionata e 2 bagni."
        ],
        "fr": [
          "A 900 mètres de la plage de Palombaggia, résidence de 16 mini-villas :\r\nPour 2 personnes - 55m² - 1 chambre climatisée et 1 salle d'eau ;\r\nPour 4 personnes - 65m² - 2 chambres climatisées et 2 salles d'eau."
        ],
        "nl": [
          "Op 900 meter van het strand van Palombaggia, residentie van 16 mini-villa's:\r\nVoor 2 personen - 55m² - 1 kamer met airconditioning en 1 douchekamer;\r\nVoor 4 personen - 65m² - 2 kamers met airconditioning en 2 badkamers."
        ],
        "es": [
          "A 900 metros de la playa de Palombaggia, residencia de 16 minivillas:\r\nPara 2 personas - 55m² - 1 habitación con aire acondicionado y 1 cuarto de ducha;\r\nPara 4 personas - 65m² - 2 habitaciones con aire acondicionado y 2 baños."
        ]
      }
    }
  ],
  "hasTranslatedProperty": [
    {
      "@id": "https://data.datatourisme.fr/239cdc00-4958-344c-9106-b78d4cf30dc1",
      "dc:contributor": [
        "https://api.deepl.com/v2/translate"
      ],
      "rdf:language": [
        "en"
      ],
      "rdf:predicate": [
        {
          "@id": "rdfs:comment"
        }
      ]
    },
    {
      "@id": "https://data.datatourisme.fr/9bf1ee4e-dc7b-3af3-9d89-2f4b63d51d2f",
      "dc:contributor": [
        "https://api.deepl.com/v2/translate"
      ],
      "rdf:language": [
        "it"
      ],
      "rdf:predicate": [
        {
          "@id": "rdfs:comment"
        }
      ]
    },
    {
      "@id": "https://data.datatourisme.fr/b513a2e2-ead9-3e0b-a56f-9f60a261d88a",
      "dc:contributor": [
        "https://api.deepl.com/v2/translate"
      ],
      "rdf:language": [
        "de"
      ],
      "rdf:predicate": [
        {
          "@id": "rdfs:comment"
        }
      ]
    },
    {
      "@id": "https://data.datatourisme.fr/d6bfb5d2-3e42-300b-ad69-9a3349d1b9f2",
      "dc:contributor": [
        "https://api.deepl.com/v2/translate"
      ],
      "rdf:language": [
        "es"
      ],
      "rdf:predicate": [
        {
          "@id": "rdfs:comment"
        }
      ]
    },
    {
      "@id": "https://data.datatourisme.fr/f8b94eeb-2153-39dc-8520-22f1608ec8aa",
      "dc:contributor": [
        "https://api.deepl.com/v2/translate"
      ],
      "rdf:language": [
        "nl"
      ],
      "rdf:predicate": [
        {
          "@id": "rdfs:comment"
        }
      ]
    }
  ],
  "isLocatedAt": [
    {
      "@id": "https://data.datatourisme.fr/e64583b8-0bdb-3131-a6b3-2691e5c17cb4",
      "schema:address": [
        {
          "@id": "https://data.datatourisme.fr/50191b46-a3a4-3d9f-99fa-479da0be2a5e",
          "schema:addressLocality": "Porto-Vecchio",
          "schema:postalCode": "20137",
          "schema:streetAddress": [
            "Route de Palombaggia"
          ],
          "@type": [
            "schema:PostalAddress",
            "PostalAddress"
          ],
          "hasAddressCity": {
            "@id": "kb:2A247",
            "@type": [
              "City"
            ],
            "rdfs:label": {
              "en": [
                "Porto-Vecchio"
              ],
              "fr": [
                "Porto-Vecchio"
              ]
            },
            "insee": "2A247",
            "isPartOfDepartment": {
              "@id": "kb:France942A",
              "@type": [
                "Department"
              ],
              "rdfs:label": {
                "en": [
                  "Corse-du-Sud"
                ],
                "fr": [
                  "Corse-du-Sud"
                ]
              },
              "insee": "2A",
              "isPartOfRegion": {
                "@id": "kb:France94",
                "@type": [
                  "Region"
                ],
                "rdfs:label": {
                  "en": [
                    "Corse"
                  ],
                  "fr": [
                    "Corse"
                  ]
                },
                "insee": "94",
                "isPartOfCountry": {
                  "@id": "kb:France",
                  "@type": [
                    "schema:Country"
                  ],
                  "rdfs:label": {
                    "de": [
                      "Frankreich"
                    ],
                    "pt": [
                      "França"
                    ],
                    "en": [
                      "France"
                    ],
                    "it": [
                      "Francia"
                    ],
                    "fr": [
                      "France"
                    ],
                    "nl": [
                      "Frankrijk"
                    ],
                    "es": [
                      "Francia"
                    ]
                  }
                }
              }
            }
          }
        }
      ],
      "schema:geo": {
        "@id": "https://data.datatourisme.fr/f9f6d2fb-fab8-33c9-bfb5-36cbd888bbab",
        "schema:latitude": "41.564",
        "schema:longitude": "9.3193",
        "@type": [
          "schema:GeoCoordinates"
        ]
      },
      "schema:openingHoursSpecification": [
        {
          "@id": "https://data.datatourisme.fr/d45f8007-4c1b-35b0-acbb-e7e86ab8f3a9",
          "schema:validFrom": "2023-04-07T00:00:00",
          "schema:validThrough": "2023-11-05T23:59:59",
          "@type": [
            "schema:OpeningHoursSpecification"
          ],
          "additionalInformation": {
            "de": [
              "Montag, Dienstag, Mittwoch: 09h - 12h\r\nDonnerstag: 09h-12h - 16h-19h\r\nFreitag, Samstag, Sonntag: 08h-12h - 14h-19h"
            ],
            "en": [
              "Monday, Tuesday, Wednesday: 09h - 12h\r\nThursday : 09h-12h - 16h-19h\r\nFriday, Saturday, Sunday: 08h-12h - 14h-19h"
            ],
            "it": [
              "Lunedì, martedì, mercoledì: 9.00-12.00\r\nGiovedì: 09h-12h - 16h-19h\r\nVenerdì, sabato, domenica: 08h-12h - 14h-19h"
            ],
            "fr": [
              "Lundi, Mardi, Mercredi : 09h - 12h\r\nJeudi : 09h-12h - 16h-19h\r\nVendredi, Samedi, Dimanche : 08h-12h - 14h-19h"
            ],
            "nl": [
              "Maandag, dinsdag, woensdag: 9.00 - 12.00 uur\r\nDonderdag: 09u-12u - 16u-19u\r\nVrijdag, zaterdag, zondag: 08u-12u - 14u-19u"
            ],
            "es": [
              "Lunes, martes y miércoles: de 9 a 12 horas\r\nJueves: 09h-12h - 16h-19h\r\nViernes, sábado y domingo: 08h-12h - 14h-19h"
            ]
          },
          "hasTranslatedProperty": [
            {
              "@id": "https://data.datatourisme.fr/23e43400-ac07-3044-9a77-09e6addabc1e",
              "dc:contributor": [
                "https://api.deepl.com/v2/translate"
              ],
              "rdf:language": [
                "de"
              ],
              "rdf:predicate": [
                "additionalInformation"
              ]
            },
            {
              "@id": "https://data.datatourisme.fr/350333d1-3650-32dc-a1e6-df04100638da",
              "dc:contributor": [
                "https://api.deepl.com/v2/translate"
              ],
              "rdf:language": [
                "nl"
              ],
              "rdf:predicate": [
                "additionalInformation"
              ]
            },
            {
              "@id": "https://data.datatourisme.fr/a7d4bf96-1228-3c10-9d2e-5234cd045d0c",
              "dc:contributor": [
                "https://api.deepl.com/v2/translate"
              ],
              "rdf:language": [
                "es"
              ],
              "rdf:predicate": [
                "additionalInformation"
              ]
            },
            {
              "@id": "https://data.datatourisme.fr/ed823a1a-cd67-39c1-ae62-d5ce469473d6",
              "dc:contributor": [
                "https://api.deepl.com/v2/translate"
              ],
              "rdf:language": [
                "en"
              ],
              "rdf:predicate": [
                "additionalInformation"
              ]
            },
            {
              "@id": "https://data.datatourisme.fr/faa718b8-a24c-3d49-a697-ea148ac2df7e",
              "dc:contributor": [
                "https://api.deepl.com/v2/translate"
              ],
              "rdf:language": [
                "it"
              ],
              "rdf:predicate": [
                "additionalInformation"
              ]
            }
          ]
        }
      ],
      "@type": [
        "schema:Place",
        "Place"
      ]
    }
  ],
  "isOwnedBy": [
    {
      "@id": "https://data.datatourisme.fr/f5f950f9-5eec-32b4-a357-2c969ccf4068",
      "schema:email": [
        "camillef.omt@gmail.com",
        "direction@destination-sudcorse.com",
        "gestion@destination-sudcorse.com",
        "promotion@destination-sudcorse.com",
        "webmaster@destination-sudcorse.com"
      ],
      "schema:legalName": "Porto Vecchio Tourisme",
      "@type": [
        "schema:Organization",
        "foaf:Agent",
        "Agent"
      ],
      "foaf:homepage": [
        "http://www.ot-portovecchio.com/"
      ]
    }
  ],
  "lastUpdate": "2023-02-06",
  "lastUpdateDatatourisme": "2023-02-07T06:39:35.054Z",
  "offers": [
    {
      "@id": "https://data.datatourisme.fr/f178e405-d9d3-3295-9e6f-7f7ec9782732",
      "schema:priceSpecification": [
        {
          "@id": "https://data.datatourisme.fr/1ac70b9f-3dd7-3c02-91d0-06257fdb16d1",
          "schema:minPrice": [
            "2170"
          ],
          "schema:priceCurrency": "EUR",
          "@type": [
            "schema:PriceSpecification",
            "PriceSpecification"
          ],
          "appliesOnPeriod": [
            {
              "@id": "https://data.datatourisme.fr/a5ae611a-4c90-3fbc-9975-089fc94ec198",
              "@type": [
                "Period"
              ],
              "endDate": "2023-08-25",
              "startDate": "2023-07-29"
            }
          ]
        },
        {
          "@id": "https://data.datatourisme.fr/2b047421-b1a9-3cc9-bb58-686184c72f05",
          "schema:minPrice": [
            "770"
          ],
          "schema:priceCurrency": "EUR",
          "@type": [
            "schema:PriceSpecification",
            "PriceSpecification"
          ],
          "appliesOnPeriod": [
            {
              "@id": "https://data.datatourisme.fr/c708df2b-b3b1-32aa-88a9-4c19798f2e5d",
              "@type": [
                "Period"
              ],
              "endDate": "2023-11-05",
              "startDate": "2023-09-30"
            }
          ]
        },
        {
          "@id": "https://data.datatourisme.fr/3d42ebd8-726e-3ee0-9a40-2a9d9416c100",
          "schema:minPrice": [
            "1890"
          ],
          "schema:priceCurrency": "EUR",
          "@type": [
            "schema:PriceSpecification",
            "PriceSpecification"
          ],
          "appliesOnPeriod": [
            {
              "@id": "https://data.datatourisme.fr/66166dea-03d5-381e-98e9-f8f46da01fe6",
              "@type": [
                "Period"
              ],
              "endDate": "2023-07-28",
              "startDate": "2023-07-08"
            }
          ]
        },
        {
          "@id": "https://data.datatourisme.fr/b71c03ed-5965-34c1-9249-976d4b70409d",
          "schema:minPrice": [
            "1785"
          ],
          "schema:priceCurrency": "EUR",
          "@type": [
            "schema:PriceSpecification",
            "PriceSpecification"
          ],
          "appliesOnPeriod": [
            {
              "@id": "https://data.datatourisme.fr/e034e50a-a42e-31d6-8506-07fb5b857b3d",
              "@type": [
                "Period"
              ],
              "endDate": "2023-07-07",
              "startDate": "2023-06-24"
            }
          ]
        },
        {
          "@id": "https://data.datatourisme.fr/c9ffe759-50db-3f30-a099-8b12eb8d1230",
          "schema:minPrice": [
            "952"
          ],
          "schema:priceCurrency": "EUR",
          "@type": [
            "schema:PriceSpecification",
            "PriceSpecification"
          ],
          "appliesOnPeriod": [
            {
              "@id": "https://data.datatourisme.fr/38629e35-11d5-387f-a8ae-a6e6831b7527",
              "@type": [
                "Period"
              ],
              "endDate": "2023-09-29",
              "startDate": "2023-09-16"
            }
          ]
        },
        {
          "@id": "https://data.datatourisme.fr/e97e6b59-e019-311d-9a06-e73a0d7a9fd8",
          "schema:minPrice": [
            "875"
          ],
          "schema:priceCurrency": "EUR",
          "@type": [
            "schema:PriceSpecification",
            "PriceSpecification"
          ],
          "appliesOnPeriod": [
            {
              "@id": "https://data.datatourisme.fr/43b729e5-e478-301d-9c3f-9c59822b5eef",
              "@type": [
                "Period"
              ],
              "endDate": "2023-06-02",
              "startDate": "2023-05-13"
            }
          ]
        },
        {
          "@id": "https://data.datatourisme.fr/edf37fa6-1482-31a8-8f5b-d211845e473b",
          "schema:minPrice": [
            "1470"
          ],
          "schema:priceCurrency": "EUR",
          "@type": [
            "schema:PriceSpecification",
            "PriceSpecification"
          ],
          "appliesOnPeriod": [
            {
              "@id": "https://data.datatourisme.fr/2f91461f-88ad-3653-a2e7-81730084ba65",
              "@type": [
                "Period"
              ],
              "endDate": "2023-09-15",
              "startDate": "2023-08-26"
            }
          ]
        },
        {
          "@id": "https://data.datatourisme.fr/f59b40fe-be2d-3630-b7d6-ed3778726f63",
          "schema:minPrice": [
            "693"
          ],
          "schema:priceCurrency": "EUR",
          "@type": [
            "schema:PriceSpecification",
            "PriceSpecification"
          ],
          "appliesOnPeriod": [
            {
              "@id": "https://data.datatourisme.fr/35e09e66-abd9-3880-866f-4657603a8577",
              "@type": [
                "Period"
              ],
              "endDate": "2023-05-12",
              "startDate": "2023-04-07"
            }
          ]
        },
        {
          "@id": "https://data.datatourisme.fr/f633d917-0507-357d-8dd3-f8e26acc0297",
          "schema:minPrice": [
            "1393"
          ],
          "schema:priceCurrency": "EUR",
          "@type": [
            "schema:PriceSpecification",
            "PriceSpecification"
          ],
          "appliesOnPeriod": [
            {
              "@id": "https://data.datatourisme.fr/0ca0cdba-94d8-3250-99e4-6eed45232e19",
              "@type": [
                "Period"
              ],
              "endDate": "2023-06-23",
              "startDate": "2023-06-03"
            }
          ]
        }
      ],
      "@type": [
        "schema:Offer",
        "Offer"
      ]
    }
  ]
}