{
  "@id": "https://data.datatourisme.fr/13/30c51114-388f-3a96-819c-d0addaf6fb55",
  "dc:identifier": "4968734",
  "@type": [
    "schema:Accommodation",
    "schema:LodgingBusiness",
    "Accommodation",
    "Camping",
    "CampingAndCaravanning",
    "PlaceOfInterest",
    "PointOfInterest"
  ],
  "rdfs:comment": {
    "de": [
      "Der Campingplatz Bella Vista befindet sich in Calvi, in der Balagne, in einem 7 ha großen Park mit Bäumen und Blumen. Sie werden seine Ruhe, seinen Komfort und seinen herzlichen Empfang für einen angenehmen Campingaufenthalt auf Korsika schätzen."
    ],
    "en": [
      "Bella Vista campsite is located in Calvi, in Balagne, in a park of 7 ha of trees and flowers. You will appreciate its calm, its comfort, its warm welcome for a pleasant camping stay in Corsica."
    ],
    "it": [
      "Il campeggio Bella Vista si trova a Calvi, in Balagne, in un parco di 7 ettari di alberi e fiori. Apprezzerai la sua calma, il suo comfort, la sua calorosa accoglienza per un piacevole soggiorno in campeggio in Corsica."
    ],
    "fr": [
      "Le camping Bella Vista est situé à Calvi, en Balagne, dans un parc de 7 ha d'arbres et de fleurs. Vous apprécierez son calme, son confort, son accueil chaleureux pour un agréable séjour camping en Corse ."
    ],
    "es": [
      "El camping Bella Vista está situado en Calvi, en la región de Balagne, en un parque de 7 hectáreas de árboles y flores. Apreciará su tranquilidad, su comodidad y su cálida acogida para una agradable estancia en camping en Córcega."
    ],
    "nl": [
      "Camping Bella Vista ligt in Calvi, in de regio Balagne, in een park van 7 hectare met bomen en bloemen. U zult de rust, het comfort en het warme onthaal waarderen voor een aangenaam verblijf op de camping in Corsica."
    ]
  },
  "rdfs:label": {
    "fr": [
      "Bella Vista"
    ]
  },
  "hasBeenCreatedBy": {
    "@id": "https://data.datatourisme.fr/13/e4873aa9-a05c-35ed-8395-61d121516766",
    "dc:identifier": "1646",
    "schema:email": [
      "info@balagne-corsica.com"
    ],
    "schema:legalName": "Office de Tourisme Intercommunal Calvi - Balagne",
    "@type": [
      "schema:Organization",
      "foaf:Agent",
      "Agent"
    ],
    "foaf:homepage": [
      "https://www.balagne-corsica.com/"
    ]
  },
  "hasBeenPublishedBy": [
    {
      "@id": "https://data.datatourisme.fr/8a9feb4b-2cbd-3d2c-b507-bd6c6776b23b",
      "schema:legalName": "Apidae Tourisme Scic SA - source : Apidae Tourisme",
      "@type": [
        "schema:Organization",
        "foaf:Agent",
        "Agent"
      ],
      "foaf:homepage": [
        "https://www.apidae-tourisme.com/"
      ]
    }
  ],
  "hasContact": [
    {
      "@id": "https://data.datatourisme.fr/7a7777a8-d960-3561-8dd5-f8873212e1a9",
      "schema:email": [
        "resa@sejoya.fr"
      ],
      "schema:telephone": [
        "+33 4 20 19 00 90"
      ],
      "@type": [
        "foaf:Agent",
        "Agent"
      ],
      "foaf:homepage": [
        "https://www.camping-bellavista.com/"
      ]
    }
  ],
  "hasDescription": [
    {
      "@id": "https://data.datatourisme.fr/b5b962be-4352-3591-b0bb-cb1e901154fa",
      "@type": [
        "Description"
      ],
      "hasTranslatedProperty": [
        {
          "@id": "https://data.datatourisme.fr/8ad4b104-c719-3965-abbe-8f5ff0cd2d11",
          "dc:contributor": [
            "https://api.deepl.com/v2/translate"
          ],
          "rdf:language": [
            "es"
          ],
          "rdf:predicate": [
            "shortDescription"
          ]
        },
        {
          "@id": "https://data.datatourisme.fr/cb544536-4544-3a79-a9ec-61f633aa7869",
          "dc:contributor": [
            "https://api.deepl.com/v2/translate"
          ],
          "rdf:language": [
            "de"
          ],
          "rdf:predicate": [
            "shortDescription"
          ]
        },
        {
          "@id": "https://data.datatourisme.fr/ee671811-db0e-3bde-8f55-a11c626762ff",
          "dc:contributor": [
            "https://api.deepl.com/v2/translate"
          ],
          "rdf:language": [
            "nl"
          ],
          "rdf:predicate": [
            "shortDescription"
          ]
        }
      ],
      "shortDescription": {
        "de": [
          "Der Campingplatz Bella Vista befindet sich in Calvi, in der Balagne, in einem 7 ha großen Park mit Bäumen und Blumen. Sie werden seine Ruhe, seinen Komfort und seinen herzlichen Empfang für einen angenehmen Campingaufenthalt auf Korsika schätzen."
        ],
        "en": [
          "Bella Vista campsite is located in Calvi, in Balagne, in a park of 7 ha of trees and flowers. You will appreciate its calm, its comfort, its warm welcome for a pleasant camping stay in Corsica."
        ],
        "it": [
          "Il campeggio Bella Vista si trova a Calvi, in Balagne, in un parco di 7 ettari di alberi e fiori. Apprezzerai la sua calma, il suo comfort, la sua calorosa accoglienza per un piacevole soggiorno in campeggio in Corsica."
        ],
        "fr": [
          "Le camping Bella Vista est situé à Calvi, en Balagne, dans un parc de 7 ha d'arbres et de fleurs. Vous apprécierez son calme, son confort, son accueil chaleureux pour un agréable séjour camping en Corse ."
        ],
        "es": [
          "El camping Bella Vista está situado en Calvi, en la región de Balagne, en un parque de 7 hectáreas de árboles y flores. Apreciará su tranquilidad, su comodidad y su cálida acogida para una agradable estancia en camping en Córcega."
        ],
        "nl": [
          "Camping Bella Vista ligt in Calvi, in de regio Balagne, in een park van 7 hectare met bomen en bloemen. U zult de rust, het comfort en het warme onthaal waarderen voor een aangenaam verblijf op de camping in Corsica."
        ]
      }
    }
  ],
  "hasTranslatedProperty": [
    {
      "@id": "https://data.datatourisme.fr/051bf80b-a3e7-3311-8267-d4f5eb8fc912",
      "dc:contributor": [
        "https://api.deepl.com/v2/translate"
      ],
      "rdf:language": [
        "de"
      ],
      "rdf:predicate": [
        {
          "@id": "rdfs:comment"
        }
      ]
    },
    {
      "@id": "https://data.datatourisme.fr/b3dbf6c9-7aa5-309d-a537-caa2771fbdbc",
      "dc:contributor": [
        "https://api.deepl.com/v2/translate"
      ],
      "rdf:language": [
        "es"
      ],
      "rdf:predicate": [
        {
          "@id": "rdfs:comment"
        }
      ]
    },
    {
      "@id": "https://data.datatourisme.fr/f37744c3-27d9-3fd8-9b87-9e719eda1a18",
      "dc:contributor": [
        "https://api.deepl.com/v2/translate"
      ],
      "rdf:language": [
        "nl"
      ],
      "rdf:predicate": [
        {
          "@id": "rdfs:comment"
        }
      ]
    }
  ],
  "isLocatedAt": [
    {
      "@id": "https://data.datatourisme.fr/8a2794ae-f7da-3bcd-bd91-36bd963e0bf2",
      "schema:address": [
        {
          "@id": "https://data.datatourisme.fr/803077b4-54fd-3bef-87b9-2b72a1c209de",
          "schema:addressLocality": "Calvi",
          "schema:postalCode": "20260",
          "schema:streetAddress": [
            "Route de Pietramaggiore"
          ],
          "@type": [
            "schema:PostalAddress",
            "PostalAddress"
          ],
          "hasAddressCity": {
            "@id": "kb:2B050",
            "@type": [
              "City"
            ],
            "rdfs:label": {
              "en": [
                "Calvi"
              ],
              "fr": [
                "Calvi"
              ]
            },
            "insee": "2B050",
            "isPartOfDepartment": {
              "@id": "kb:France942B",
              "@type": [
                "Department"
              ],
              "rdfs:label": {
                "en": [
                  "Haute-Corse"
                ],
                "fr": [
                  "Haute-Corse"
                ]
              },
              "insee": "2B",
              "isPartOfRegion": {
                "@id": "kb:France94",
                "@type": [
                  "Region"
                ],
                "rdfs:label": {
                  "en": [
                    "Corse"
                  ],
                  "fr": [
                    "Corse"
                  ]
                },
                "insee": "94",
                "isPartOfCountry": {
                  "@id": "kb:France",
                  "@type": [
                    "schema:Country"
                  ],
                  "rdfs:label": {
                    "de": [
                      "Frankreich"
                    ],
                    "pt": [
                      "França"
                    ],
                    "en": [
                      "France"
                    ],
                    "it": [
                      "Francia"
                    ],
                    "fr": [
                      "France"
                    ],
                    "nl": [
                      "Frankrijk"
                    ],
                    "es": [
                      "Francia"
                    ]
                  }
                }
              }
            }
          }
        }
      ],
      "schema:geo": {
        "@id": "https://data.datatourisme.fr/366de7f3-80cc-30cf-9f9a-1acae0eabe2a",
        "schema:latitude": "42.552492",
        "schema:longitude": "8.756453",
        "@type": [
          "schema:GeoCoordinates"
        ]
      },
      "schema:openingHoursSpecification": [
        {
          "@id": "https://data.datatourisme.fr/87e97fff-12f1-3ac9-ae59-f8acd3fb0610",
          "schema:validFrom": "2023-05-01T00:00:00",
          "schema:validThrough": "2023-09-30T23:59:59",
          "@type": [
            "schema:OpeningHoursSpecification"
          ],
          "additionalInformation": {
            "de": [
              "Unverbindliche Öffnungszeiten ."
            ],
            "en": [
              "Indicative opening period ."
            ],
            "it": [
              "Periodo di apertura indicativo ."
            ],
            "fr": [
              "Période d'ouverture à titre indicatif ."
            ],
            "es": [
              "Periodo de apertura indicativo ."
            ],
            "nl": [
              "Indicatieve openingsperiode ."
            ]
          },
          "hasTranslatedProperty": [
            {
              "@id": "https://data.datatourisme.fr/07e3de1b-b975-3cd4-a955-45cc8803eb0b",
              "dc:contributor": [
                "https://api.deepl.com/v2/translate"
              ],
              "rdf:language": [
                "de"
              ],
              "rdf:predicate": [
                "additionalInformation"
              ]
            },
            {
              "@id": "https://data.datatourisme.fr/4ea4b9ef-524d-373c-ad4e-449f83b3918b",
              "dc:contributor": [
                "https://api.deepl.com/v2/translate"
              ],
              "rdf:language": [
                "en"
              ],
              "rdf:predicate": [
                "additionalInformation"
              ]
            },
            {
              "@id": "https://data.datatourisme.fr/bc084c20-6850-3799-a49b-a8ea7eb9759d",
              "dc:contributor": [
                "https://api.deepl.com/v2/translate"
              ],
              "rdf:language": [
                "nl"
              ],
              "rdf:predicate": [
                "additionalInformation"
              ]
            },
            {
              "@id": "https://data.datatourisme.fr/c893f9c4-3fe9-330f-b149-3bba324846bf",
              "dc:contributor": [
                "https://api.deepl.com/v2/translate"
              ],
              "rdf:language": [
                "es"
              ],
              "rdf:predicate": [
                "additionalInformation"
              ]
            },
            {
              "@id": "https://data.datatourisme.fr/d8b9462c-f074-3ae4-9289-2418c66bb4fd",
              "dc:contributor": [
                "https://api.deepl.com/v2/translate"
              ],
              "rdf:language": [
                "it"
              ],
              "rdf:predicate": [
                "additionalInformation"
              ]
            }
          ]
        }
      ],
      "@type": [
        "schema:Place",
        "Place"
      ]
    }
  ],
  "isOwnedBy": [
    {
      "@id": "https://data.datatourisme.fr/194c52e6-bbae-33dc-8464-caca97844fbb",
      "schema:email": [
        "info@balagne-corsica.com"
      ],
      "schema:legalName": "Office de Tourisme Intercommunal Calvi - Balagne",
      "@type": [
        "schema:Organization",
        "foaf:Agent",
        "Agent"
      ],
      "foaf:homepage": [
        "https://www.balagne-corsica.com/"
      ]
    }
  ],
  "lastUpdate": "2023-01-17",
  "lastUpdateDatatourisme": "2023-04-04T05:52:39.396Z",
  "offers": [
    {
      "@id": "https://data.datatourisme.fr/a4e51fb4-7523-3116-a86b-9b19b31f6a7c",
      "schema:priceSpecification": [
        {
          "@id": "https://data.datatourisme.fr/771e6e5f-1e94-358d-bbf8-e955b8ddc41e",
          "schema:maxPrice": [
            "0.6",
            "13",
            "1344",
            "14",
            "6",
            "7"
          ],
          "schema:minPrice": [
            "0.6",
            "2",
            "3",
            "332",
            "7"
          ],
          "schema:priceCurrency": "EUR",
          "@type": [
            "schema:PriceSpecification",
            "PriceSpecification"
          ],
          "appliesOnPeriod": [
            {
              "@id": "https://data.datatourisme.fr/528e7585-932a-3749-b12e-00a8be8dbdd8",
              "@type": [
                "Period"
              ],
              "endDate": "2023-09-30",
              "startDate": "2023-05-01"
            }
          ]
        }
      ],
      "@type": [
        "schema:Offer",
        "Offer"
      ]
    }
  ]
}