{
  "@id": "https://data.datatourisme.fr/13/0a3cc8e9-bd2f-386a-90e3-f17ef057aacb",
  "dc:identifier": "5052724",
  "@type": [
    "schema:LocalBusiness",
    "schema:TouristInformationCenter",
    "LocalTouristOffice",
    "PlaceOfInterest",
    "PointOfInterest",
    "Store",
    "TouristInformationCenter"
  ],
  "rdfs:comment": {
    "de": [
      "Unsere Dienstleistungen ... Empfang - Information - Reservierung von Unterkünften - Verkauf von Wanderkarten - Eintrittskarten für Konzerte und Aufführungen - Eintrittskarten für den Zug"
    ],
    "en": [
      "Our services... Assistance - Information - Accommodation bookings - Hiking guide sheet sales - Ticket sales for concerts & shows - Train tickets"
    ],
    "it": [
      "I nostri servizi ... Accoglienza - Informazioni - Prenotazione di alloggi - Vendita di mappe escursionistiche - Biglietti per concerti e spettacoli - Biglietti del treno"
    ],
    "fr": [
      "Nos services … Accueil – Information – Réservation hébergement – vente de fiches randonnées – Billetterie concerts et spectacle – Billetterie train"
    ],
    "es": [
      "¿Nuestros servicios? Inicio ? ¿Información? Reserva de alojamiento ? Venta de mapas de senderismo ? Entradas para conciertos y espectáculos ? Billetes de tren"
    ],
    "nl": [
      "Onze diensten ... Receptie - Informatie - Reservering van accommodatie - verkoop van wandelkaarten - Kaartjes voor concerten en voorstellingen - Treinkaartjes"
    ]
  },
  "rdfs:label": {
    "en": [
      "Tourist Information Office of Algajola"
    ],
    "it": [
      "Ufficio turistico di Algajola"
    ],
    "fr": [
      "Bureau d'Information Touristique d'Algajola"
    ]
  },
  "hasBeenCreatedBy": {
    "@id": "https://data.datatourisme.fr/13/e4873aa9-a05c-35ed-8395-61d121516766",
    "dc:identifier": "1646",
    "schema:email": [
      "info@balagne-corsica.com"
    ],
    "schema:legalName": "Office de Tourisme Intercommunal Calvi - Balagne",
    "@type": [
      "schema:Organization",
      "foaf:Agent",
      "Agent"
    ],
    "foaf:homepage": [
      "https://www.balagne-corsica.com/"
    ]
  },
  "hasBeenPublishedBy": [
    {
      "@id": "https://data.datatourisme.fr/8a9feb4b-2cbd-3d2c-b507-bd6c6776b23b",
      "schema:legalName": "Apidae Tourisme Scic SA - source : Apidae Tourisme",
      "@type": [
        "schema:Organization",
        "foaf:Agent",
        "Agent"
      ],
      "foaf:homepage": [
        "https://www.apidae-tourisme.com/"
      ]
    }
  ],
  "hasContact": [
    {
      "@id": "https://data.datatourisme.fr/8943b355-5c02-333a-815b-a44aa97d99d1",
      "schema:email": [
        "tourisme@balagne-corsica.com"
      ],
      "schema:telephone": [
        "+33 4 95 65 16 67"
      ],
      "@type": [
        "foaf:Agent",
        "Agent"
      ],
      "foaf:homepage": [
        "https://www.balagne-corsica.com/"
      ]
    }
  ],
  "hasDescription": [
    {
      "@id": "https://data.datatourisme.fr/830e609e-7c6f-375f-86b5-558f1a9523da",
      "@type": [
        "Description"
      ],
      "hasTranslatedProperty": [
        {
          "@id": "https://data.datatourisme.fr/338f65e6-9353-3411-9478-d59fc954f2f8",
          "dc:contributor": [
            "https://api.deepl.com/v2/translate"
          ],
          "rdf:language": [
            "es"
          ],
          "rdf:predicate": [
            "shortDescription"
          ]
        },
        {
          "@id": "https://data.datatourisme.fr/a2d0f42a-6e0c-3e2a-a964-f32250f35690",
          "dc:contributor": [
            "https://api.deepl.com/v2/translate"
          ],
          "rdf:language": [
            "nl"
          ],
          "rdf:predicate": [
            "shortDescription"
          ]
        },
        {
          "@id": "https://data.datatourisme.fr/aeda39d7-ada4-3102-9592-0bdced2cfd42",
          "dc:contributor": [
            "https://api.deepl.com/v2/translate"
          ],
          "rdf:language": [
            "de"
          ],
          "rdf:predicate": [
            "shortDescription"
          ]
        }
      ],
      "shortDescription": {
        "de": [
          "Unsere Dienstleistungen ... Empfang - Information - Reservierung von Unterkünften - Verkauf von Wanderkarten - Eintrittskarten für Konzerte und Aufführungen - Eintrittskarten für den Zug"
        ],
        "en": [
          "Our services... Assistance - Information - Accommodation bookings - Hiking guide sheet sales - Ticket sales for concerts & shows - Train tickets"
        ],
        "it": [
          "I nostri servizi ... Accoglienza - Informazioni - Prenotazione di alloggi - Vendita di mappe escursionistiche - Biglietti per concerti e spettacoli - Biglietti del treno"
        ],
        "fr": [
          "Nos services … Accueil – Information – Réservation hébergement – vente de fiches randonnées – Billetterie concerts et spectacle – Billetterie train"
        ],
        "es": [
          "¿Nuestros servicios? Inicio ? ¿Información? Reserva de alojamiento ? Venta de mapas de senderismo ? Entradas para conciertos y espectáculos ? Billetes de tren"
        ],
        "nl": [
          "Onze diensten ... Receptie - Informatie - Reservering van accommodatie - verkoop van wandelkaarten - Kaartjes voor concerten en voorstellingen - Treinkaartjes"
        ]
      }
    }
  ],
  "hasTranslatedProperty": [
    {
      "@id": "https://data.datatourisme.fr/496fff5c-475f-3106-88ce-40657bf7b8f3",
      "dc:contributor": [
        "https://api.deepl.com/v2/translate"
      ],
      "rdf:language": [
        "nl"
      ],
      "rdf:predicate": [
        {
          "@id": "rdfs:comment"
        }
      ]
    },
    {
      "@id": "https://data.datatourisme.fr/849aa130-40f0-3a34-a245-d42197e53b74",
      "dc:contributor": [
        "https://api.deepl.com/v2/translate"
      ],
      "rdf:language": [
        "de"
      ],
      "rdf:predicate": [
        {
          "@id": "rdfs:comment"
        }
      ]
    },
    {
      "@id": "https://data.datatourisme.fr/e8b4aa40-88fd-33b1-bcde-b57325876cd9",
      "dc:contributor": [
        "https://api.deepl.com/v2/translate"
      ],
      "rdf:language": [
        "es"
      ],
      "rdf:predicate": [
        {
          "@id": "rdfs:comment"
        }
      ]
    }
  ],
  "isLocatedAt": [
    {
      "@id": "https://data.datatourisme.fr/7b46df23-b524-3cab-97f3-e916a0dc0c2b",
      "schema:address": [
        {
          "@id": "https://data.datatourisme.fr/ef0495af-e624-3f83-b78d-0b366acc811d",
          "schema:addressLocality": "Algajola",
          "schema:postalCode": "20220",
          "schema:streetAddress": [
            "Gare d'Algajola"
          ],
          "@type": [
            "schema:PostalAddress",
            "PostalAddress"
          ],
          "hasAddressCity": {
            "@id": "kb:2B010",
            "@type": [
              "City"
            ],
            "rdfs:label": {
              "en": [
                "Algajola"
              ],
              "fr": [
                "Algajola"
              ]
            },
            "insee": "2B010",
            "isPartOfDepartment": {
              "@id": "kb:France942B",
              "@type": [
                "Department"
              ],
              "rdfs:label": {
                "en": [
                  "Haute-Corse"
                ],
                "fr": [
                  "Haute-Corse"
                ]
              },
              "insee": "2B",
              "isPartOfRegion": {
                "@id": "kb:France94",
                "@type": [
                  "Region"
                ],
                "rdfs:label": {
                  "en": [
                    "Corse"
                  ],
                  "fr": [
                    "Corse"
                  ]
                },
                "insee": "94",
                "isPartOfCountry": {
                  "@id": "kb:France",
                  "@type": [
                    "schema:Country"
                  ],
                  "rdfs:label": {
                    "de": [
                      "Frankreich"
                    ],
                    "pt": [
                      "França"
                    ],
                    "en": [
                      "France"
                    ],
                    "it": [
                      "Francia"
                    ],
                    "fr": [
                      "France"
                    ],
                    "nl": [
                      "Frankrijk"
                    ],
                    "es": [
                      "Francia"
                    ]
                  }
                }
              }
            }
          }
        }
      ],
      "schema:geo": {
        "@id": "https://data.datatourisme.fr/d8430671-c314-3725-8f38-f915a6e65048",
        "schema:latitude": "42.608405",
        "schema:longitude": "8.860407",
        "@type": [
          "schema:GeoCoordinates"
        ]
      },
      "schema:openingHoursSpecification": [
        {
          "@id": "https://data.datatourisme.fr/e0918e87-c049-39ff-b7f9-7a2b81beecc4",
          "schema:validFrom": "2023-06-15T00:00:00",
          "schema:validThrough": "2023-08-31T23:59:59",
          "@type": [
            "schema:OpeningHoursSpecification"
          ]
        }
      ],
      "@type": [
        "schema:Place",
        "Place"
      ]
    }
  ],
  "isOwnedBy": [
    {
      "@id": "https://data.datatourisme.fr/194c52e6-bbae-33dc-8464-caca97844fbb",
      "schema:email": [
        "info@balagne-corsica.com"
      ],
      "schema:legalName": "Office de Tourisme Intercommunal Calvi - Balagne",
      "@type": [
        "schema:Organization",
        "foaf:Agent",
        "Agent"
      ],
      "foaf:homepage": [
        "https://www.balagne-corsica.com/"
      ]
    }
  ],
  "lastUpdate": "2022-06-02",
  "lastUpdateDatatourisme": "2023-02-01T18:07:35.987Z"
}