{
  "@id": "https://data.datatourisme.fr/13/9db3aa79-4eed-34dd-ba68-79360ed37774",
  "dc:identifier": "5005589",
  "@type": [
    "schema:LocalBusiness",
    "ActivityProvider",
    "PlaceOfInterest",
    "PointOfInterest",
    "Store"
  ],
  "rdfs:comment": {
    "de": [
      "Entdecken Sie Korsika als 4x4-Version. Von der Macchia bis zur Agriate, vom Land bis zum Meer, All Road Emotion 4x4 bringt Sie ins Herz des wilden Korsikas. Abwechslung und Atmosphäre garantiert!"
    ],
    "en": [
      "Come and explore Corsica the 4x4 way. From the heart of the maquis to the Agriate region, from the turf to the surf, All Road Emotion 4x4 takes you deep into the Corsican wilderness. A change of scene and a great atmosphere!"
    ],
    "it": [
      "Venite a scoprire la Corsica in versione 4x4. Dalle profondità della macchia all'Agriate, dalla terra al mare, All Road Emotion 4x4 vi porta nel cuore della Corsica selvaggia. Un cambio di scenario e di atmosfera garantito!"
    ],
    "fr": [
      "Venez découvrir la Corse version 4x4. Du fond du maquis jusqu'à l'Agriate, de la terre à la mer, All Road Emotion 4x4 vous emmène au cœur de la Corse sauvage. Dépaysement et ambiance assurés !"
    ],
    "es": [
      "Venga a descubrir Córcega en versión 4x4. De las profundidades del maquis al Agriate, de la tierra al mar, All Road Emotion 4x4 te lleva al corazón de la Córcega salvaje. Un cambio de escenario y de ambiente garantizado"
    ],
    "nl": [
      "Kom en ontdek Corsica in een 4x4 versie. Van de diepten van het maquis tot de Agriate, van het land tot de zee, All Road Emotion 4x4 neemt u mee naar het hart van het wilde Corsica. Een verandering van omgeving en sfeer gegarandeerd!"
    ]
  },
  "rdfs:label": {
    "en": [
      "All Road Emotions"
    ],
    "fr": [
      "All Road Emotions"
    ]
  },
  "hasBeenCreatedBy": {
    "@id": "https://data.datatourisme.fr/13/e4873aa9-a05c-35ed-8395-61d121516766",
    "dc:identifier": "1646",
    "schema:email": [
      "info@balagne-corsica.com"
    ],
    "schema:legalName": "Office de Tourisme Intercommunal Calvi - Balagne",
    "@type": [
      "schema:Organization",
      "foaf:Agent",
      "Agent"
    ],
    "foaf:homepage": [
      "https://www.balagne-corsica.com/"
    ]
  },
  "hasBeenPublishedBy": [
    {
      "@id": "https://data.datatourisme.fr/8a9feb4b-2cbd-3d2c-b507-bd6c6776b23b",
      "schema:legalName": "Apidae Tourisme Scic SA - source : Apidae Tourisme",
      "@type": [
        "schema:Organization",
        "foaf:Agent",
        "Agent"
      ],
      "foaf:homepage": [
        "https://www.apidae-tourisme.com/"
      ]
    }
  ],
  "hasContact": [
    {
      "@id": "https://data.datatourisme.fr/2c3deaac-2ba4-3902-b252-5fdfa89c620e",
      "schema:email": [
        "contact@naturacorsa.net"
      ],
      "schema:telephone": [
        "+33 6 44 21 03 41",
        "+33 7 68 27 84 00"
      ],
      "@type": [
        "foaf:Agent",
        "Agent"
      ],
      "foaf:homepage": [
        "https://www.allroademotions.fr/"
      ]
    }
  ],
  "hasDescription": [
    {
      "@id": "https://data.datatourisme.fr/c0e0d2aa-93cb-3654-8f7f-6a888472a33d",
      "@type": [
        "Description"
      ],
      "hasTranslatedProperty": [
        {
          "@id": "https://data.datatourisme.fr/2016c75e-4597-3794-9d1c-7f7e04ff6bea",
          "dc:contributor": [
            "https://api.deepl.com/v2/translate"
          ],
          "rdf:language": [
            "de"
          ],
          "rdf:predicate": [
            "shortDescription"
          ]
        },
        {
          "@id": "https://data.datatourisme.fr/25ceffc2-7697-3164-85b3-dfd7bec216d0",
          "dc:contributor": [
            "https://api.deepl.com/v2/translate"
          ],
          "rdf:language": [
            "es"
          ],
          "rdf:predicate": [
            "shortDescription"
          ]
        },
        {
          "@id": "https://data.datatourisme.fr/fb9f0c77-01ea-38b5-aca0-caac776888e0",
          "dc:contributor": [
            "https://api.deepl.com/v2/translate"
          ],
          "rdf:language": [
            "nl"
          ],
          "rdf:predicate": [
            "shortDescription"
          ]
        }
      ],
      "shortDescription": {
        "de": [
          "Entdecken Sie Korsika als 4x4-Version. Von der Macchia bis zur Agriate, vom Land bis zum Meer, All Road Emotion 4x4 bringt Sie ins Herz des wilden Korsikas. Abwechslung und Atmosphäre garantiert!"
        ],
        "en": [
          "Come and explore Corsica the 4x4 way. From the heart of the maquis to the Agriate region, from the turf to the surf, All Road Emotion 4x4 takes you deep into the Corsican wilderness. A change of scene and a great atmosphere!"
        ],
        "it": [
          "Venite a scoprire la Corsica in versione 4x4. Dalle profondità della macchia all'Agriate, dalla terra al mare, All Road Emotion 4x4 vi porta nel cuore della Corsica selvaggia. Un cambio di scenario e di atmosfera garantito!"
        ],
        "fr": [
          "Venez découvrir la Corse version 4x4. Du fond du maquis jusqu'à l'Agriate, de la terre à la mer, All Road Emotion 4x4 vous emmène au cœur de la Corse sauvage. Dépaysement et ambiance assurés !"
        ],
        "es": [
          "Venga a descubrir Córcega en versión 4x4. De las profundidades del maquis al Agriate, de la tierra al mar, All Road Emotion 4x4 te lleva al corazón de la Córcega salvaje. Un cambio de escenario y de ambiente garantizado"
        ],
        "nl": [
          "Kom en ontdek Corsica in een 4x4 versie. Van de diepten van het maquis tot de Agriate, van het land tot de zee, All Road Emotion 4x4 neemt u mee naar het hart van het wilde Corsica. Een verandering van omgeving en sfeer gegarandeerd!"
        ]
      }
    }
  ],
  "hasTheme": [
    {
      "@id": "kb:FourWheelDrive",
      "@type": [
        "SportsTheme"
      ],
      "rdfs:label": {
        "de": [
          "4 × 4"
        ],
        "pt": [
          "4 X 4"
        ],
        "en": [
          "Four-wheel drive"
        ],
        "it": [
          "4 × 4"
        ],
        "fr": [
          "4 x 4"
        ],
        "nl": [
          "4 × 4"
        ],
        "es": [
          "4 x 4"
        ]
      }
    }
  ],
  "hasTranslatedProperty": [
    {
      "@id": "https://data.datatourisme.fr/256b1439-999f-3e73-b18c-76ae0acbfa03",
      "dc:contributor": [
        "https://api.deepl.com/v2/translate"
      ],
      "rdf:language": [
        "es"
      ],
      "rdf:predicate": [
        {
          "@id": "rdfs:comment"
        }
      ]
    },
    {
      "@id": "https://data.datatourisme.fr/d0c6805b-d812-340c-b11f-88c848f999b7",
      "dc:contributor": [
        "https://api.deepl.com/v2/translate"
      ],
      "rdf:language": [
        "nl"
      ],
      "rdf:predicate": [
        {
          "@id": "rdfs:comment"
        }
      ]
    },
    {
      "@id": "https://data.datatourisme.fr/ffd97f1f-f426-3387-ac68-d4dc361df6d1",
      "dc:contributor": [
        "https://api.deepl.com/v2/translate"
      ],
      "rdf:language": [
        "de"
      ],
      "rdf:predicate": [
        {
          "@id": "rdfs:comment"
        }
      ]
    }
  ],
  "isLocatedAt": [
    {
      "@id": "https://data.datatourisme.fr/a36356e5-2975-3f55-881a-9ca393210fe8",
      "schema:address": [
        {
          "@id": "https://data.datatourisme.fr/1fcc97d1-f6e7-3411-9f10-5884235fe877",
          "schema:addressLocality": "Moncale",
          "schema:postalCode": "20214",
          "schema:streetAddress": [
            "Lieu dit Terrazzone",
            "Route de la Figarella"
          ],
          "@type": [
            "schema:PostalAddress",
            "PostalAddress"
          ],
          "hasAddressCity": {
            "@id": "kb:2B165",
            "@type": [
              "City"
            ],
            "rdfs:label": {
              "en": [
                "Moncale"
              ],
              "fr": [
                "Moncale"
              ]
            },
            "insee": "2B165",
            "isPartOfDepartment": {
              "@id": "kb:France942B",
              "@type": [
                "Department"
              ],
              "rdfs:label": {
                "en": [
                  "Haute-Corse"
                ],
                "fr": [
                  "Haute-Corse"
                ]
              },
              "insee": "2B",
              "isPartOfRegion": {
                "@id": "kb:France94",
                "@type": [
                  "Region"
                ],
                "rdfs:label": {
                  "en": [
                    "Corse"
                  ],
                  "fr": [
                    "Corse"
                  ]
                },
                "insee": "94",
                "isPartOfCountry": {
                  "@id": "kb:France",
                  "@type": [
                    "schema:Country"
                  ],
                  "rdfs:label": {
                    "de": [
                      "Frankreich"
                    ],
                    "pt": [
                      "França"
                    ],
                    "en": [
                      "France"
                    ],
                    "it": [
                      "Francia"
                    ],
                    "fr": [
                      "France"
                    ],
                    "nl": [
                      "Frankrijk"
                    ],
                    "es": [
                      "Francia"
                    ]
                  }
                }
              }
            }
          }
        }
      ],
      "schema:geo": {
        "@id": "https://data.datatourisme.fr/c5cc2dee-68a8-35a4-9208-da8e539ab567",
        "schema:latitude": "42.500524",
        "schema:longitude": "8.808603",
        "@type": [
          "schema:GeoCoordinates"
        ]
      },
      "schema:openingHoursSpecification": [
        {
          "@id": "https://data.datatourisme.fr/6a3db407-38c9-324e-b544-69373accc40b",
          "schema:validFrom": "2023-01-01T00:00:00",
          "schema:validThrough": "2023-12-31T23:59:59",
          "@type": [
            "schema:OpeningHoursSpecification"
          ],
          "additionalInformation": {
            "de": [
              "GEÖFFNET\r\nTäglich ab März und ganzjährig auf Anfrage"
            ],
            "en": [
              "OPEN\r\nDaily from March and all year round on request"
            ],
            "it": [
              "APERTO\r\nTutti i giorni a partire da marzo e tutto l'anno su richiesta"
            ],
            "fr": [
              "OUVERT\r\nTous les jours à partir de mars et toute l'année sur demande"
            ],
            "nl": [
              "OPEN\r\nElke dag vanaf maart en het hele jaar door op aanvraag"
            ],
            "es": [
              "ABIERTO\r\nTodos los días a partir de marzo y todo el año bajo petición"
            ]
          },
          "hasTranslatedProperty": [
            {
              "@id": "https://data.datatourisme.fr/010a59ce-9407-30d6-b92d-2c43cd6e1f52",
              "dc:contributor": [
                "https://api.deepl.com/v2/translate"
              ],
              "rdf:language": [
                "de"
              ],
              "rdf:predicate": [
                "additionalInformation"
              ]
            },
            {
              "@id": "https://data.datatourisme.fr/3468bce5-2b1b-3318-ac03-40257c0efa58",
              "dc:contributor": [
                "https://api.deepl.com/v2/translate"
              ],
              "rdf:language": [
                "es"
              ],
              "rdf:predicate": [
                "additionalInformation"
              ]
            },
            {
              "@id": "https://data.datatourisme.fr/45a3cba1-9daf-3b37-9b55-2b6d5ab5b6a0",
              "dc:contributor": [
                "https://api.deepl.com/v2/translate"
              ],
              "rdf:language": [
                "en"
              ],
              "rdf:predicate": [
                "additionalInformation"
              ]
            },
            {
              "@id": "https://data.datatourisme.fr/9917b8fb-4f6b-3929-98c3-fc00f16f1be2",
              "dc:contributor": [
                "https://api.deepl.com/v2/translate"
              ],
              "rdf:language": [
                "it"
              ],
              "rdf:predicate": [
                "additionalInformation"
              ]
            },
            {
              "@id": "https://data.datatourisme.fr/b7a365ae-639d-34c9-a63e-d0de15322821",
              "dc:contributor": [
                "https://api.deepl.com/v2/translate"
              ],
              "rdf:language": [
                "nl"
              ],
              "rdf:predicate": [
                "additionalInformation"
              ]
            }
          ]
        }
      ],
      "@type": [
        "schema:Place",
        "Place"
      ]
    }
  ],
  "isOwnedBy": [
    {
      "@id": "https://data.datatourisme.fr/194c52e6-bbae-33dc-8464-caca97844fbb",
      "schema:email": [
        "info@balagne-corsica.com"
      ],
      "schema:legalName": "Office de Tourisme Intercommunal Calvi - Balagne",
      "@type": [
        "schema:Organization",
        "foaf:Agent",
        "Agent"
      ],
      "foaf:homepage": [
        "https://www.balagne-corsica.com/"
      ]
    }
  ],
  "lastUpdate": "2022-05-31",
  "lastUpdateDatatourisme": "2023-02-10T06:39:19.932Z"
}