{
  "@id": "https://data.datatourisme.fr/13/36b54936-8e2e-3f00-973c-b961ee6681c4",
  "dc:identifier": "5141219",
  "@type": [
    "schema:LocalBusiness",
    "PlaceOfInterest",
    "PointOfInterest",
    "ServiceProvider",
    "SportsAndLeisurePlace",
    "Store",
    "TouristBus",
    "Transporter"
  ],
  "rdfs:comment": {
    "de": [
      "Die Mariani-Busse laden Sie dazu ein, die 5 Wunder Korsikas, die alten Dörfer der Balagne, das Cap Corse und Bastia sowie die Stadt Corte zu entdecken. Gehen Sie in Calvi oder L'Ile-Rousse an Bord."
    ],
    "en": [
      "Mariani coaches invite you on a discovery of the 5 wonders of Corsica, the villages of Balagne, Cap Corse and Bastia, not forgetting the town of Corte.\r\nDepartures from Calvi and L'Ile-Rousse."
    ],
    "it": [
      "I pullman Mariani vi invitano a scoprire le 5 meraviglie della Corsica, gli antichi villaggi di Balagne, Cap Corse e Bastia e la città di Corte. Imbarco a Calvi o a L'Ile-Rousse."
    ],
    "fr": [
      "Les autocars Mariani vous invitent à découvrir les 5 merveilles de Corse, les vieux villages de Balagne, le Cap Corse et Bastia ainsi que la ville de Corte. Embarquez à Calvi ou à L'Ile-Rousse."
    ],
    "nl": [
      "Mariani coaches nodigen u uit om de 5 wonderen van Corsica te ontdekken, de oude dorpen Balagne, Cap Corse en Bastia en de stad Corte. Inschepen in Calvi of L'Ile-Rousse."
    ],
    "es": [
      "Los autocares Mariani le invitan a descubrir las 5 maravillas de Córcega, los antiguos pueblos de Balagne, Cap Corse y Bastia, así como la ciudad de Corte. Embarque en Calvi o L'Ile-Rousse."
    ]
  },
  "rdfs:label": {
    "en": [
      "Mariani Bus Tours from L'Ile-Rousse"
    ],
    "fr": [
      "Mariani Excursions en Bus au départ de L'Ile-Rousse"
    ]
  },
  "hasBeenCreatedBy": {
    "@id": "https://data.datatourisme.fr/13/e4873aa9-a05c-35ed-8395-61d121516766",
    "dc:identifier": "1646",
    "schema:email": [
      "info@balagne-corsica.com"
    ],
    "schema:legalName": "Office de Tourisme Intercommunal Calvi - Balagne",
    "@type": [
      "schema:Organization",
      "foaf:Agent",
      "Agent"
    ],
    "foaf:homepage": [
      "https://www.balagne-corsica.com/"
    ]
  },
  "hasBeenPublishedBy": [
    {
      "@id": "https://data.datatourisme.fr/8a9feb4b-2cbd-3d2c-b507-bd6c6776b23b",
      "schema:legalName": "Apidae Tourisme Scic SA - source : Apidae Tourisme",
      "@type": [
        "schema:Organization",
        "foaf:Agent",
        "Agent"
      ],
      "foaf:homepage": [
        "https://www.apidae-tourisme.com/"
      ]
    }
  ],
  "hasContact": [
    {
      "@id": "https://data.datatourisme.fr/cddb8c11-0513-3743-8e2d-9e5d60bf0b4d",
      "schema:email": [
        "garage@autocarsmariani.com"
      ],
      "schema:telephone": [
        "+33 4 95 65 00 47",
        "+33 4 95 65 04 72"
      ],
      "@type": [
        "foaf:Agent",
        "Agent"
      ],
      "foaf:homepage": [
        "https://www.autocarsmariani.com/"
      ]
    }
  ],
  "hasDescription": [
    {
      "@id": "https://data.datatourisme.fr/02e85c2b-c28e-352e-92a4-5599debaa631",
      "@type": [
        "Description"
      ],
      "hasTranslatedProperty": [
        {
          "@id": "https://data.datatourisme.fr/1455d120-d48b-3804-ae0c-1e18d38c373f",
          "dc:contributor": [
            "https://api.deepl.com/v2/translate"
          ],
          "rdf:language": [
            "es"
          ],
          "rdf:predicate": [
            "shortDescription"
          ]
        },
        {
          "@id": "https://data.datatourisme.fr/8174f681-b716-38da-926b-1b0b64f44bff",
          "dc:contributor": [
            "https://api.deepl.com/v2/translate"
          ],
          "rdf:language": [
            "de"
          ],
          "rdf:predicate": [
            "shortDescription"
          ]
        },
        {
          "@id": "https://data.datatourisme.fr/97b1f5ce-e3f3-3ae2-b8e8-8d214cb07b3c",
          "dc:contributor": [
            "https://api.deepl.com/v2/translate"
          ],
          "rdf:language": [
            "nl"
          ],
          "rdf:predicate": [
            "shortDescription"
          ]
        },
        {
          "@id": "https://data.datatourisme.fr/a858d2ac-b04b-30f1-b05b-1b56a5cef547",
          "dc:contributor": [
            "https://api.deepl.com/v2/translate"
          ],
          "rdf:language": [
            "it"
          ],
          "rdf:predicate": [
            "shortDescription"
          ]
        }
      ],
      "shortDescription": {
        "de": [
          "Die Mariani-Busse laden Sie dazu ein, die 5 Wunder Korsikas, die alten Dörfer der Balagne, das Cap Corse und Bastia sowie die Stadt Corte zu entdecken. Gehen Sie in Calvi oder L'Ile-Rousse an Bord."
        ],
        "en": [
          "Mariani coaches invite you on a discovery of the 5 wonders of Corsica, the villages of Balagne, Cap Corse and Bastia, not forgetting the town of Corte.\r\nDepartures from Calvi and L'Ile-Rousse."
        ],
        "it": [
          "I pullman Mariani vi invitano a scoprire le 5 meraviglie della Corsica, gli antichi villaggi di Balagne, Cap Corse e Bastia e la città di Corte. Imbarco a Calvi o a L'Ile-Rousse."
        ],
        "fr": [
          "Les autocars Mariani vous invitent à découvrir les 5 merveilles de Corse, les vieux villages de Balagne, le Cap Corse et Bastia ainsi que la ville de Corte. Embarquez à Calvi ou à L'Ile-Rousse."
        ],
        "nl": [
          "Mariani coaches nodigen u uit om de 5 wonderen van Corsica te ontdekken, de oude dorpen Balagne, Cap Corse en Bastia en de stad Corte. Inschepen in Calvi of L'Ile-Rousse."
        ],
        "es": [
          "Los autocares Mariani le invitan a descubrir las 5 maravillas de Córcega, los antiguos pueblos de Balagne, Cap Corse y Bastia, así como la ciudad de Corte. Embarque en Calvi o L'Ile-Rousse."
        ]
      }
    }
  ],
  "hasTranslatedProperty": [
    {
      "@id": "https://data.datatourisme.fr/137a2213-2361-34a8-9311-5b149be52130",
      "dc:contributor": [
        "https://api.deepl.com/v2/translate"
      ],
      "rdf:language": [
        "es"
      ],
      "rdf:predicate": [
        {
          "@id": "rdfs:comment"
        }
      ]
    },
    {
      "@id": "https://data.datatourisme.fr/4753cc4a-f0cd-339e-ab72-f07998aaf725",
      "dc:contributor": [
        "https://api.deepl.com/v2/translate"
      ],
      "rdf:language": [
        "nl"
      ],
      "rdf:predicate": [
        {
          "@id": "rdfs:comment"
        }
      ]
    },
    {
      "@id": "https://data.datatourisme.fr/91b6ff1d-989c-36d6-95d1-e45641d77b1b",
      "dc:contributor": [
        "https://api.deepl.com/v2/translate"
      ],
      "rdf:language": [
        "it"
      ],
      "rdf:predicate": [
        {
          "@id": "rdfs:comment"
        }
      ]
    },
    {
      "@id": "https://data.datatourisme.fr/afa12683-e532-3e28-9644-9049d7908018",
      "dc:contributor": [
        "https://api.deepl.com/v2/translate"
      ],
      "rdf:language": [
        "de"
      ],
      "rdf:predicate": [
        {
          "@id": "rdfs:comment"
        }
      ]
    }
  ],
  "isLocatedAt": [
    {
      "@id": "https://data.datatourisme.fr/0e2baee5-370f-3de0-857c-3ec0fe9fbced",
      "schema:address": [
        {
          "@id": "https://data.datatourisme.fr/142793ea-4f43-366b-8435-d2b6b84932a9",
          "schema:addressLocality": "Calvi",
          "schema:postalCode": "20260",
          "schema:streetAddress": [
            "Lieu-dit Val al Legno",
            "RT 30"
          ],
          "@type": [
            "schema:PostalAddress",
            "PostalAddress"
          ],
          "hasAddressCity": {
            "@id": "kb:2B050",
            "@type": [
              "City"
            ],
            "rdfs:label": {
              "en": [
                "Calvi"
              ],
              "fr": [
                "Calvi"
              ]
            },
            "insee": "2B050",
            "isPartOfDepartment": {
              "@id": "kb:France942B",
              "@type": [
                "Department"
              ],
              "rdfs:label": {
                "en": [
                  "Haute-Corse"
                ],
                "fr": [
                  "Haute-Corse"
                ]
              },
              "insee": "2B",
              "isPartOfRegion": {
                "@id": "kb:France94",
                "@type": [
                  "Region"
                ],
                "rdfs:label": {
                  "en": [
                    "Corse"
                  ],
                  "fr": [
                    "Corse"
                  ]
                },
                "insee": "94",
                "isPartOfCountry": {
                  "@id": "kb:France",
                  "@type": [
                    "schema:Country"
                  ],
                  "rdfs:label": {
                    "de": [
                      "Frankreich"
                    ],
                    "pt": [
                      "França"
                    ],
                    "en": [
                      "France"
                    ],
                    "it": [
                      "Francia"
                    ],
                    "fr": [
                      "France"
                    ],
                    "nl": [
                      "Frankrijk"
                    ],
                    "es": [
                      "Francia"
                    ]
                  }
                }
              }
            }
          }
        }
      ],
      "schema:geo": {
        "@id": "https://data.datatourisme.fr/3af93ce8-a220-3464-8efe-a2f73f8fc938",
        "schema:latitude": "42.568",
        "schema:longitude": "8.7586",
        "@type": [
          "schema:GeoCoordinates"
        ]
      },
      "schema:openingHoursSpecification": [
        {
          "@id": "https://data.datatourisme.fr/f87e535a-636d-3343-ad63-8a03392e7511",
          "schema:validFrom": "2023-01-01T00:00:00",
          "schema:validThrough": "2023-12-31T23:59:59",
          "@type": [
            "schema:OpeningHoursSpecification"
          ]
        }
      ],
      "@type": [
        "schema:Place",
        "Place"
      ]
    }
  ],
  "isOwnedBy": [
    {
      "@id": "https://data.datatourisme.fr/194c52e6-bbae-33dc-8464-caca97844fbb",
      "schema:email": [
        "info@balagne-corsica.com"
      ],
      "schema:legalName": "Office de Tourisme Intercommunal Calvi - Balagne",
      "@type": [
        "schema:Organization",
        "foaf:Agent",
        "Agent"
      ],
      "foaf:homepage": [
        "https://www.balagne-corsica.com/"
      ]
    }
  ],
  "lastUpdate": "2021-06-29",
  "lastUpdateDatatourisme": "2023-02-01T18:07:35.936Z"
}