{
  "@id": "https://data.datatourisme.fr/13/a7a3ed66-d06d-3d42-bb65-96d8a3d240c2",
  "dc:identifier": "5052743",
  "@type": [
    "schema:LocalBusiness",
    "schema:TouristInformationCenter",
    "LocalTouristOffice",
    "PlaceOfInterest",
    "PointOfInterest",
    "Store",
    "TouristInformationCenter"
  ],
  "rdfs:comment": {
    "de": [
      "Unsere Dienstleistungen ... Empfang - Information - Reservierung Unterkunft"
    ],
    "en": [
      "Our services... Assistance - Information - Accommodation bookings"
    ],
    "it": [
      "I nostri servizi ... Accoglienza - Informazioni - Prenotazione alloggio"
    ],
    "fr": [
      "Nos services … Accueil – Information – Réservation hébergement"
    ],
    "es": [
      "¿Nuestros servicios? Inicio ? ¿Información? Reserva de alojamiento"
    ],
    "nl": [
      "Onze diensten ... Receptie - Informatie - Reservering accommodatie"
    ]
  },
  "rdfs:label": {
    "en": [
      "Tourist Information Office of Galeria"
    ],
    "it": [
      "Ufficio turistico di Galeria-Falasorma"
    ],
    "fr": [
      "Bureau d'Information Touristique Galeria-Falasorma"
    ]
  },
  "hasBeenCreatedBy": {
    "@id": "https://data.datatourisme.fr/13/e4873aa9-a05c-35ed-8395-61d121516766",
    "dc:identifier": "1646",
    "schema:email": [
      "info@balagne-corsica.com"
    ],
    "schema:legalName": "Office de Tourisme Intercommunal Calvi - Balagne",
    "@type": [
      "schema:Organization",
      "foaf:Agent",
      "Agent"
    ],
    "foaf:homepage": [
      "https://www.balagne-corsica.com/"
    ]
  },
  "hasBeenPublishedBy": [
    {
      "@id": "https://data.datatourisme.fr/8a9feb4b-2cbd-3d2c-b507-bd6c6776b23b",
      "schema:legalName": "Apidae Tourisme Scic SA - source : Apidae Tourisme",
      "@type": [
        "schema:Organization",
        "foaf:Agent",
        "Agent"
      ],
      "foaf:homepage": [
        "https://www.apidae-tourisme.com/"
      ]
    }
  ],
  "hasContact": [
    {
      "@id": "https://data.datatourisme.fr/20902ea4-0030-322c-9272-c3a860000c76",
      "schema:email": [
        "tourisme@balagne-corsica.com"
      ],
      "schema:telephone": [
        "+33 4 95 65 02 27",
        "+33 4 95 65 16 67"
      ],
      "@type": [
        "foaf:Agent",
        "Agent"
      ],
      "foaf:homepage": [
        "https://www.balagne-corsica.com/"
      ]
    }
  ],
  "hasDescription": [
    {
      "@id": "https://data.datatourisme.fr/ddc1be1f-0ba1-3cd9-b562-21827ddf372c",
      "@type": [
        "Description"
      ],
      "hasTranslatedProperty": [
        {
          "@id": "https://data.datatourisme.fr/610e7fa6-34e8-3715-921a-6e30c83f3731",
          "dc:contributor": [
            "https://api.deepl.com/v2/translate"
          ],
          "rdf:language": [
            "es"
          ],
          "rdf:predicate": [
            "shortDescription"
          ]
        },
        {
          "@id": "https://data.datatourisme.fr/7290364b-4b0a-36d2-9b69-d48456bbfff8",
          "dc:contributor": [
            "https://api.deepl.com/v2/translate"
          ],
          "rdf:language": [
            "de"
          ],
          "rdf:predicate": [
            "shortDescription"
          ]
        },
        {
          "@id": "https://data.datatourisme.fr/a68167d6-1165-360a-a732-d88bd506c0cd",
          "dc:contributor": [
            "https://api.deepl.com/v2/translate"
          ],
          "rdf:language": [
            "nl"
          ],
          "rdf:predicate": [
            "shortDescription"
          ]
        }
      ],
      "shortDescription": {
        "de": [
          "Unsere Dienstleistungen ... Empfang - Information - Reservierung Unterkunft"
        ],
        "en": [
          "Our services... Assistance - Information - Accommodation bookings"
        ],
        "it": [
          "I nostri servizi ... Accoglienza - Informazioni - Prenotazione alloggio"
        ],
        "fr": [
          "Nos services … Accueil – Information – Réservation hébergement"
        ],
        "es": [
          "¿Nuestros servicios? Inicio ? ¿Información? Reserva de alojamiento"
        ],
        "nl": [
          "Onze diensten ... Receptie - Informatie - Reservering accommodatie"
        ]
      }
    }
  ],
  "hasTranslatedProperty": [
    {
      "@id": "https://data.datatourisme.fr/17d3ce27-d15a-3be0-baa6-4b26d3ff7e67",
      "dc:contributor": [
        "https://api.deepl.com/v2/translate"
      ],
      "rdf:language": [
        "es"
      ],
      "rdf:predicate": [
        {
          "@id": "rdfs:comment"
        }
      ]
    },
    {
      "@id": "https://data.datatourisme.fr/932989b5-f07e-3230-98d6-032d63b8e58f",
      "dc:contributor": [
        "https://api.deepl.com/v2/translate"
      ],
      "rdf:language": [
        "nl"
      ],
      "rdf:predicate": [
        {
          "@id": "rdfs:comment"
        }
      ]
    },
    {
      "@id": "https://data.datatourisme.fr/f1992d51-3156-3b33-9029-01e2ab560ca0",
      "dc:contributor": [
        "https://api.deepl.com/v2/translate"
      ],
      "rdf:language": [
        "de"
      ],
      "rdf:predicate": [
        {
          "@id": "rdfs:comment"
        }
      ]
    }
  ],
  "isLocatedAt": [
    {
      "@id": "https://data.datatourisme.fr/d2e09bfe-a351-3cce-a13d-34b9b9df5980",
      "schema:address": [
        {
          "@id": "https://data.datatourisme.fr/6f67ec85-7e8c-33f4-a156-120a74d28557",
          "schema:addressLocality": "Galéria",
          "schema:postalCode": "20245",
          "schema:streetAddress": [
            "Carrefour des Cinque Arcate"
          ],
          "@type": [
            "schema:PostalAddress",
            "PostalAddress"
          ],
          "hasAddressCity": {
            "@id": "kb:2B121",
            "@type": [
              "City"
            ],
            "rdfs:label": {
              "en": [
                "Galéria"
              ],
              "fr": [
                "Galéria"
              ]
            },
            "insee": "2B121",
            "isPartOfDepartment": {
              "@id": "kb:France942B",
              "@type": [
                "Department"
              ],
              "rdfs:label": {
                "en": [
                  "Haute-Corse"
                ],
                "fr": [
                  "Haute-Corse"
                ]
              },
              "insee": "2B",
              "isPartOfRegion": {
                "@id": "kb:France94",
                "@type": [
                  "Region"
                ],
                "rdfs:label": {
                  "en": [
                    "Corse"
                  ],
                  "fr": [
                    "Corse"
                  ]
                },
                "insee": "94",
                "isPartOfCountry": {
                  "@id": "kb:France",
                  "@type": [
                    "schema:Country"
                  ],
                  "rdfs:label": {
                    "de": [
                      "Frankreich"
                    ],
                    "pt": [
                      "França"
                    ],
                    "en": [
                      "France"
                    ],
                    "it": [
                      "Francia"
                    ],
                    "fr": [
                      "France"
                    ],
                    "nl": [
                      "Frankrijk"
                    ],
                    "es": [
                      "Francia"
                    ]
                  }
                }
              }
            }
          }
        }
      ],
      "schema:geo": {
        "@id": "https://data.datatourisme.fr/ab931d3a-6b7f-335b-8f3f-b9272cfb3ea0",
        "schema:latitude": "42.411478",
        "schema:longitude": "8.681614",
        "@type": [
          "schema:GeoCoordinates"
        ]
      },
      "schema:openingHoursSpecification": [
        {
          "@id": "https://data.datatourisme.fr/5b68fbe8-1dcf-3e63-b8cd-ecb453b87b95",
          "schema:validFrom": "2023-05-30T00:00:00",
          "schema:validThrough": "2023-09-16T23:59:59",
          "@type": [
            "schema:OpeningHoursSpecification"
          ],
          "additionalInformation": {
            "de": [
              "von 9:00 bis 13:00 Uhr und von 13:30 bis 16:30 Uhr"
            ],
            "en": [
              "from 9:00 to 13:00 and from 13:30 to 16:30"
            ],
            "it": [
              "dalle 9:00 alle 13:00 e dalle 13:30 alle 16:30"
            ],
            "fr": [
              "de 9:00 à 13:00 et de 13:30 à 16:30"
            ],
            "nl": [
              "van 9:00 tot 13:00 en van 13:30 tot 16:30"
            ],
            "es": [
              "de 9:00 a 13:00 y de 13:30 a 16:30"
            ]
          },
          "hasTranslatedProperty": [
            {
              "@id": "https://data.datatourisme.fr/1b44d4d7-70aa-347f-82a3-0f7b471857cb",
              "dc:contributor": [
                "https://api.deepl.com/v2/translate"
              ],
              "rdf:language": [
                "es"
              ],
              "rdf:predicate": [
                "additionalInformation"
              ]
            },
            {
              "@id": "https://data.datatourisme.fr/67e2a674-c885-3e68-ae4e-95c84b8daeaa",
              "dc:contributor": [
                "https://api.deepl.com/v2/translate"
              ],
              "rdf:language": [
                "de"
              ],
              "rdf:predicate": [
                "additionalInformation"
              ]
            },
            {
              "@id": "https://data.datatourisme.fr/718f6b71-8459-3c86-aebe-beba5c526f1b",
              "dc:contributor": [
                "https://api.deepl.com/v2/translate"
              ],
              "rdf:language": [
                "nl"
              ],
              "rdf:predicate": [
                "additionalInformation"
              ]
            },
            {
              "@id": "https://data.datatourisme.fr/9e2e222f-8e29-3fbc-9ae5-e03b1b7d1900",
              "dc:contributor": [
                "https://api.deepl.com/v2/translate"
              ],
              "rdf:language": [
                "it"
              ],
              "rdf:predicate": [
                "additionalInformation"
              ]
            },
            {
              "@id": "https://data.datatourisme.fr/f23d95bc-732d-31e8-a76d-309d673c6c35",
              "dc:contributor": [
                "https://api.deepl.com/v2/translate"
              ],
              "rdf:language": [
                "en"
              ],
              "rdf:predicate": [
                "additionalInformation"
              ]
            }
          ]
        }
      ],
      "@type": [
        "schema:Place",
        "Place"
      ]
    }
  ],
  "isOwnedBy": [
    {
      "@id": "https://data.datatourisme.fr/194c52e6-bbae-33dc-8464-caca97844fbb",
      "schema:email": [
        "info@balagne-corsica.com"
      ],
      "schema:legalName": "Office de Tourisme Intercommunal Calvi - Balagne",
      "@type": [
        "schema:Organization",
        "foaf:Agent",
        "Agent"
      ],
      "foaf:homepage": [
        "https://www.balagne-corsica.com/"
      ]
    }
  ],
  "lastUpdate": "2022-08-17",
  "lastUpdateDatatourisme": "2023-02-01T18:07:36.112Z"
}