{
  "@id": "https://data.datatourisme.fr/13/171f6579-2c51-39dc-8d8e-f408d6d831f9",
  "dc:identifier": "5216012",
  "@type": [
    "schema:LocalBusiness",
    "ActivityProvider",
    "PlaceOfInterest",
    "PointOfInterest",
    "Store"
  ],
  "rdfs:comment": {
    "de": [
      "Tauchen im Naturreservat der Cerbicale Inseln und der Lavezzi Inseln."
    ],
    "en": [
      "Diving in the Natural Reserve of the Cerbicale Islands and the Lavezzi Islands."
    ],
    "it": [
      "Immersioni nella Riserva Naturale delle Isole Cerbicale e delle Isole Lavezzi."
    ],
    "fr": [
      "Plongez au sein de la Réserve Naturelle des îles Cerbicale et des îles Lavezzi. Baptêmes, explorations, formations FFESSM, ANMP, PADI. Accessible à tous.\r\nEnfants à partir de 8 ans. Randonnée palmée aux îles."
    ],
    "nl": [
      "Duiken in het Natuurreservaat van de Cerbicale Eilanden en de Lavezzi Eilanden."
    ],
    "es": [
      "Bucee en la Reserva Natural de las islas Cerbicale y Lavezzi. Primeras inmersiones, exploraciones, FFESSM, ANMP, formación PADI. Accesible para todos.\r\nNiños a partir de 8 años. Buceo en las islas."
    ]
  },
  "rdfs:label": {
    "fr": [
      "Dolfinu Biancu"
    ]
  },
  "hasBeenCreatedBy": {
    "@id": "https://data.datatourisme.fr/13/84c6494d-3085-3c63-a55c-db8cb047fadd",
    "dc:identifier": "1738",
    "schema:email": [
      "camillef.omt@gmail.com",
      "direction@destination-sudcorse.com",
      "gestion@destination-sudcorse.com",
      "promotion@destination-sudcorse.com",
      "webmaster@destination-sudcorse.com"
    ],
    "schema:legalName": "Porto Vecchio Tourisme",
    "@type": [
      "schema:Organization",
      "foaf:Agent",
      "Agent"
    ],
    "foaf:homepage": [
      "http://www.ot-portovecchio.com/"
    ]
  },
  "hasBeenPublishedBy": [
    {
      "@id": "https://data.datatourisme.fr/8a9feb4b-2cbd-3d2c-b507-bd6c6776b23b",
      "schema:legalName": "Apidae Tourisme Scic SA - source : Apidae Tourisme",
      "@type": [
        "schema:Organization",
        "foaf:Agent",
        "Agent"
      ],
      "foaf:homepage": [
        "https://www.apidae-tourisme.com/"
      ]
    }
  ],
  "hasContact": [
    {
      "@id": "https://data.datatourisme.fr/7b4f0cce-0d9a-39ae-9f6c-6469b14fb247",
      "schema:email": [
        "dolfinu.biancu@wanadoo.fr"
      ],
      "schema:telephone": [
        "+33 6 21 46 71 49"
      ],
      "@type": [
        "foaf:Agent",
        "Agent"
      ],
      "foaf:homepage": [
        "http://www.dolfinu-biancu.fr/"
      ]
    }
  ],
  "hasDescription": [
    {
      "@id": "https://data.datatourisme.fr/f8ae7638-7467-3c78-be15-6eb17dbac0e8",
      "@type": [
        "Description"
      ],
      "hasTranslatedProperty": [
        {
          "@id": "https://data.datatourisme.fr/b0031723-3e41-3aa3-b549-793f242bb41f",
          "dc:contributor": [
            "https://api.deepl.com/v2/translate"
          ],
          "rdf:language": [
            "es"
          ],
          "rdf:predicate": [
            "shortDescription"
          ]
        }
      ],
      "shortDescription": {
        "de": [
          "Tauchen im Naturreservat der Cerbicale Inseln und der Lavezzi Inseln."
        ],
        "en": [
          "Diving in the Natural Reserve of the Cerbicale Islands and the Lavezzi Islands."
        ],
        "it": [
          "Immersioni nella Riserva Naturale delle Isole Cerbicale e delle Isole Lavezzi."
        ],
        "fr": [
          "Plongez au sein de la Réserve Naturelle des îles Cerbicale et des îles Lavezzi. Baptêmes, explorations, formations FFESSM, ANMP, PADI. Accessible à tous.\r\nEnfants à partir de 8 ans. Randonnée palmée aux îles."
        ],
        "nl": [
          "Duiken in het Natuurreservaat van de Cerbicale Eilanden en de Lavezzi Eilanden."
        ],
        "es": [
          "Bucee en la Reserva Natural de las islas Cerbicale y Lavezzi. Primeras inmersiones, exploraciones, FFESSM, ANMP, formación PADI. Accesible para todos.\r\nNiños a partir de 8 años. Buceo en las islas."
        ]
      }
    }
  ],
  "hasTheme": [
    {
      "@id": "kb:Diving",
      "@type": [
        "SportsTheme"
      ],
      "rdfs:label": {
        "de": [
          "Tauchen"
        ],
        "pt": [
          "Mergulho"
        ],
        "en": [
          "Diving"
        ],
        "it": [
          "Immersione"
        ],
        "fr": [
          "Plongée"
        ],
        "nl": [
          "Duiken"
        ],
        "es": [
          "Buceo"
        ]
      }
    },
    {
      "@id": "kb:Snorkeling",
      "@type": [
        "SportsTheme"
      ],
      "rdfs:label": {
        "de": [
          "Schnorcheln"
        ],
        "pt": [
          "Snorkling"
        ],
        "en": [
          "Snorkeling"
        ],
        "it": [
          "Snorkeling"
        ],
        "fr": [
          "Randonnée palmée"
        ],
        "nl": [
          "Snorkelen"
        ],
        "es": [
          "Esnórquel"
        ]
      }
    }
  ],
  "hasTranslatedProperty": [
    {
      "@id": "https://data.datatourisme.fr/5061a945-7d6e-3aab-b659-191f31419be0",
      "dc:contributor": [
        "https://api.deepl.com/v2/translate"
      ],
      "rdf:language": [
        "es"
      ],
      "rdf:predicate": [
        {
          "@id": "rdfs:comment"
        }
      ]
    }
  ],
  "isLocatedAt": [
    {
      "@id": "https://data.datatourisme.fr/a6213076-f867-3097-a490-6d6d38dde5eb",
      "schema:address": [
        {
          "@id": "https://data.datatourisme.fr/72f534b2-1779-344a-8147-b198010d58a2",
          "schema:addressLocality": "Porto-Vecchio",
          "schema:postalCode": "20137",
          "schema:streetAddress": [
            "Asciaghju",
            "Plage de la Folacca- Asciaghju"
          ],
          "@type": [
            "schema:PostalAddress",
            "PostalAddress"
          ],
          "hasAddressCity": {
            "@id": "kb:2A247",
            "@type": [
              "City"
            ],
            "rdfs:label": {
              "en": [
                "Porto-Vecchio"
              ],
              "fr": [
                "Porto-Vecchio"
              ]
            },
            "insee": "2A247",
            "isPartOfDepartment": {
              "@id": "kb:France942A",
              "@type": [
                "Department"
              ],
              "rdfs:label": {
                "en": [
                  "Corse-du-Sud"
                ],
                "fr": [
                  "Corse-du-Sud"
                ]
              },
              "insee": "2A",
              "isPartOfRegion": {
                "@id": "kb:France94",
                "@type": [
                  "Region"
                ],
                "rdfs:label": {
                  "en": [
                    "Corse"
                  ],
                  "fr": [
                    "Corse"
                  ]
                },
                "insee": "94",
                "isPartOfCountry": {
                  "@id": "kb:France",
                  "@type": [
                    "schema:Country"
                  ],
                  "rdfs:label": {
                    "de": [
                      "Frankreich"
                    ],
                    "pt": [
                      "França"
                    ],
                    "en": [
                      "France"
                    ],
                    "it": [
                      "Francia"
                    ],
                    "fr": [
                      "France"
                    ],
                    "nl": [
                      "Frankrijk"
                    ],
                    "es": [
                      "Francia"
                    ]
                  }
                }
              }
            }
          }
        }
      ],
      "schema:geo": {
        "@id": "https://data.datatourisme.fr/f0379d91-fe08-3f12-95a8-80491e1e0fe2",
        "schema:latitude": "41.548323",
        "schema:longitude": "9.307772",
        "@type": [
          "schema:GeoCoordinates"
        ]
      },
      "schema:openingHoursSpecification": [
        {
          "@id": "https://data.datatourisme.fr/b4c825f6-5630-3332-88ad-accbfdf21f33",
          "schema:validFrom": "2023-06-01T00:00:00",
          "schema:validThrough": "2023-09-30T23:59:59",
          "@type": [
            "schema:OpeningHoursSpecification"
          ],
          "additionalInformation": {
            "de": [
              "Montag, Dienstag, Mittwoch, Donnerstag, Freitag, Samstag, Sonntag: offen"
            ],
            "en": [
              "Monday, Tuesday, Wednesday, Thursday, Friday, Saturday, Sunday: open"
            ],
            "it": [
              "Lunedì, martedì, mercoledì, giovedì, venerdì, sabato, domenica: aperto"
            ],
            "fr": [
              "Lundi, Mardi, Mercredi, Jeudi, Vendredi, Samedi, Dimanche : ouvert"
            ],
            "nl": [
              "Maandag, dinsdag, woensdag, donderdag, vrijdag, zaterdag, zondag: open"
            ],
            "es": [
              "Lunes, martes, miércoles, jueves, viernes, sábado y domingo: abierto"
            ]
          },
          "hasTranslatedProperty": [
            {
              "@id": "https://data.datatourisme.fr/1c4714fe-80a6-3f01-98b4-aad000b969c3",
              "dc:contributor": [
                "https://api.deepl.com/v2/translate"
              ],
              "rdf:language": [
                "en"
              ],
              "rdf:predicate": [
                "additionalInformation"
              ]
            },
            {
              "@id": "https://data.datatourisme.fr/628a361f-5aa5-3fbf-80fb-3564598c1e63",
              "dc:contributor": [
                "https://api.deepl.com/v2/translate"
              ],
              "rdf:language": [
                "de"
              ],
              "rdf:predicate": [
                "additionalInformation"
              ]
            },
            {
              "@id": "https://data.datatourisme.fr/d4e60ddd-867d-3be0-b19d-ea42a20505ab",
              "dc:contributor": [
                "https://api.deepl.com/v2/translate"
              ],
              "rdf:language": [
                "it"
              ],
              "rdf:predicate": [
                "additionalInformation"
              ]
            },
            {
              "@id": "https://data.datatourisme.fr/e3c368f0-f54c-342e-a67e-28b9828f5c80",
              "dc:contributor": [
                "https://api.deepl.com/v2/translate"
              ],
              "rdf:language": [
                "nl"
              ],
              "rdf:predicate": [
                "additionalInformation"
              ]
            },
            {
              "@id": "https://data.datatourisme.fr/f093e857-7511-32b3-8885-0aae3281aa73",
              "dc:contributor": [
                "https://api.deepl.com/v2/translate"
              ],
              "rdf:language": [
                "es"
              ],
              "rdf:predicate": [
                "additionalInformation"
              ]
            }
          ]
        }
      ],
      "@type": [
        "schema:Place",
        "Place"
      ]
    }
  ],
  "isOwnedBy": [
    {
      "@id": "https://data.datatourisme.fr/f5f950f9-5eec-32b4-a357-2c969ccf4068",
      "schema:email": [
        "camillef.omt@gmail.com",
        "direction@destination-sudcorse.com",
        "gestion@destination-sudcorse.com",
        "promotion@destination-sudcorse.com",
        "webmaster@destination-sudcorse.com"
      ],
      "schema:legalName": "Porto Vecchio Tourisme",
      "@type": [
        "schema:Organization",
        "foaf:Agent",
        "Agent"
      ],
      "foaf:homepage": [
        "http://www.ot-portovecchio.com/"
      ]
    }
  ],
  "lastUpdate": "2023-02-15",
  "lastUpdateDatatourisme": "2023-02-16T06:39:41.863Z",
  "offers": [
    {
      "@id": "https://data.datatourisme.fr/30093bba-1df0-3a2e-821d-6acaccc94096",
      "schema:priceSpecification": [
        {
          "@id": "https://data.datatourisme.fr/ab1bcfef-019a-3034-945e-bcd25749f6c3",
          "schema:minPrice": [
            "50"
          ],
          "schema:priceCurrency": "EUR",
          "@type": [
            "schema:PriceSpecification",
            "PriceSpecification"
          ],
          "appliesOnPeriod": [
            {
              "@id": "https://data.datatourisme.fr/84cd7cce-5293-3953-99c6-48b032496c70",
              "@type": [
                "Period"
              ],
              "endDate": "2023-09-30",
              "startDate": "2023-06-01"
            }
          ]
        }
      ],
      "@type": [
        "schema:Offer",
        "Offer"
      ]
    }
  ]
}