{
  "@id": "https://data.datatourisme.fr/13/a4422c50-6ce5-328a-b4c7-6a987687a235",
  "dc:identifier": "4962764",
  "@type": [
    "schema:FoodEstablishment",
    "FoodEstablishment",
    "PlaceOfInterest",
    "PointOfInterest"
  ],
  "rdfs:comment": {
    "de": [
      "La Casa Musicale empfängt Sie im Herzen des Dorfes Pigna in einer entspannten und herzlichen Atmosphäre. Hier genießen Sie korsische Küche auf einer Terrasse im alten Stil mit einem herrlichen Blick auf das Aregno-Tal und das Meer."
    ],
    "en": [
      "Casa Musicale welcomes you in the heart of the village of Pigna in a relaxed and warm atmosphere. You will enjoy Corsican cuisine on an old style terrace with a magnificent view of the Aregno valley and the sea."
    ],
    "it": [
      "La Casa Musicale vi accoglie nel cuore del paese di Pigna in un'atmosfera rilassata e calorosa. Potrete gustare la cucina corsa su una terrazza in stile antico con una magnifica vista sulla valle dell'Aregno e sul mare."
    ],
    "fr": [
      "La Casa Musicale vous accueille au cœur du village de Pigna dans une ambiance décontractée et chaleureuse. Vous y dégusterez une cuisine corse sur une terrasse au style ancien avec une vue magnifique sur la vallée d'Aregno et sur la mer."
    ],
    "nl": [
      "La Casa Musicale verwelkomt u in het hart van het dorp Pigna in een ontspannen en warme sfeer. U kunt genieten van de Corsicaanse keuken op een terras in oude stijl met een prachtig uitzicht op de Aregno vallei en de zee."
    ],
    "es": [
      "La Casa Musicale le da la bienvenida en el corazón del pueblo de Pigna en un ambiente relajado y cálido. Disfrute de la cocina corsa en la terraza de estilo antiguo con una magnífica vista del valle de Aregno y del mar."
    ]
  },
  "rdfs:label": {
    "fr": [
      "Casa Musicale"
    ]
  },
  "hasBeenCreatedBy": {
    "@id": "https://data.datatourisme.fr/13/8d420fa3-5754-31f1-8199-69c88780314d",
    "dc:identifier": "1647",
    "schema:email": [
      "web@ileroussetourisme.com"
    ],
    "schema:legalName": "Office de Tourisme Intercommunal de L'Ile Rousse-Balagne",
    "@type": [
      "schema:Organization",
      "foaf:Agent",
      "Agent"
    ],
    "foaf:homepage": [
      "https://www.balagne-corsica.com/"
    ]
  },
  "hasBeenPublishedBy": [
    {
      "@id": "https://data.datatourisme.fr/8a9feb4b-2cbd-3d2c-b507-bd6c6776b23b",
      "schema:legalName": "Apidae Tourisme Scic SA - source : Apidae Tourisme",
      "@type": [
        "schema:Organization",
        "foaf:Agent",
        "Agent"
      ],
      "foaf:homepage": [
        "https://www.apidae-tourisme.com/"
      ]
    }
  ],
  "hasContact": [
    {
      "@id": "https://data.datatourisme.fr/0de5476b-7c45-39e7-a1f4-c65388fcf482",
      "schema:email": [
        "info@casa-musicale.org"
      ],
      "schema:telephone": [
        "+33 4 95 61 77 31"
      ],
      "@type": [
        "foaf:Agent",
        "Agent"
      ],
      "foaf:homepage": [
        "http://www.casa-musicale.corsica/"
      ]
    }
  ],
  "hasDescription": [
    {
      "@id": "https://data.datatourisme.fr/5ec373d1-bae3-3941-b27f-4860e42178e6",
      "@type": [
        "Description"
      ],
      "hasTranslatedProperty": [
        {
          "@id": "https://data.datatourisme.fr/624de7e0-61d1-3c52-8189-9da40c87578e",
          "dc:contributor": [
            "https://api.deepl.com/v2/translate"
          ],
          "rdf:language": [
            "de"
          ],
          "rdf:predicate": [
            "shortDescription"
          ]
        },
        {
          "@id": "https://data.datatourisme.fr/e40884f9-cfbd-3de2-b001-cfffed1869a6",
          "dc:contributor": [
            "https://api.deepl.com/v2/translate"
          ],
          "rdf:language": [
            "nl"
          ],
          "rdf:predicate": [
            "shortDescription"
          ]
        },
        {
          "@id": "https://data.datatourisme.fr/ed563250-4565-3ba9-80ba-39d24a52aa4a",
          "dc:contributor": [
            "https://api.deepl.com/v2/translate"
          ],
          "rdf:language": [
            "es"
          ],
          "rdf:predicate": [
            "shortDescription"
          ]
        }
      ],
      "shortDescription": {
        "de": [
          "La Casa Musicale empfängt Sie im Herzen des Dorfes Pigna in einer entspannten und herzlichen Atmosphäre. Hier genießen Sie korsische Küche auf einer Terrasse im alten Stil mit einem herrlichen Blick auf das Aregno-Tal und das Meer."
        ],
        "en": [
          "Casa Musicale welcomes you in the heart of the village of Pigna in a relaxed and warm atmosphere. You will enjoy Corsican cuisine on an old style terrace with a magnificent view of the Aregno valley and the sea."
        ],
        "it": [
          "La Casa Musicale vi accoglie nel cuore del paese di Pigna in un'atmosfera rilassata e calorosa. Potrete gustare la cucina corsa su una terrazza in stile antico con una magnifica vista sulla valle dell'Aregno e sul mare."
        ],
        "fr": [
          "La Casa Musicale vous accueille au cœur du village de Pigna dans une ambiance décontractée et chaleureuse. Vous y dégusterez une cuisine corse sur une terrasse au style ancien avec une vue magnifique sur la vallée d'Aregno et sur la mer."
        ],
        "nl": [
          "La Casa Musicale verwelkomt u in het hart van het dorp Pigna in een ontspannen en warme sfeer. U kunt genieten van de Corsicaanse keuken op een terras in oude stijl met een prachtig uitzicht op de Aregno vallei en de zee."
        ],
        "es": [
          "La Casa Musicale le da la bienvenida en el corazón del pueblo de Pigna en un ambiente relajado y cálido. Disfrute de la cocina corsa en la terraza de estilo antiguo con una magnífica vista del valle de Aregno y del mar."
        ]
      }
    }
  ],
  "hasTheme": [
    {
      "@id": "kb:MediterraneanCuisine",
      "@type": [
        "CuisineCategory"
      ],
      "rdfs:label": {
        "de": [
          "Mediterrane Küche"
        ],
        "pt": [
          "Cozinha mediterrânica"
        ],
        "en": [
          "Mediterranean cuisine"
        ],
        "it": [
          "Cucina mediterranea"
        ],
        "fr": [
          "Cuisine méditerranéenne"
        ],
        "nl": [
          "Mediterrane keuken"
        ],
        "es": [
          "Cocina mediterránea"
        ]
      }
    }
  ],
  "hasTranslatedProperty": [
    {
      "@id": "https://data.datatourisme.fr/6bfdb5ca-a01d-39b7-9199-7d20b411e1c5",
      "dc:contributor": [
        "https://api.deepl.com/v2/translate"
      ],
      "rdf:language": [
        "de"
      ],
      "rdf:predicate": [
        {
          "@id": "rdfs:comment"
        }
      ]
    },
    {
      "@id": "https://data.datatourisme.fr/d4bf1a0b-80a9-3d40-8c99-3f858bbb53aa",
      "dc:contributor": [
        "https://api.deepl.com/v2/translate"
      ],
      "rdf:language": [
        "es"
      ],
      "rdf:predicate": [
        {
          "@id": "rdfs:comment"
        }
      ]
    },
    {
      "@id": "https://data.datatourisme.fr/ea062ae9-52ec-3f5d-ac90-75923f08549a",
      "dc:contributor": [
        "https://api.deepl.com/v2/translate"
      ],
      "rdf:language": [
        "nl"
      ],
      "rdf:predicate": [
        {
          "@id": "rdfs:comment"
        }
      ]
    }
  ],
  "isLocatedAt": [
    {
      "@id": "https://data.datatourisme.fr/589e9893-539b-3123-b227-23ee9e3411fd",
      "schema:address": [
        {
          "@id": "https://data.datatourisme.fr/3127a71a-1b8a-30bf-ac6f-523758f94d18",
          "schema:addressLocality": "Pigna",
          "schema:postalCode": "20220",
          "schema:streetAddress": [
            "Fondu di u paese"
          ],
          "@type": [
            "schema:PostalAddress",
            "PostalAddress"
          ],
          "hasAddressCity": {
            "@id": "kb:2B231",
            "@type": [
              "City"
            ],
            "rdfs:label": {
              "en": [
                "Pigna"
              ],
              "fr": [
                "Pigna"
              ]
            },
            "insee": "2B231",
            "isPartOfDepartment": {
              "@id": "kb:France942B",
              "@type": [
                "Department"
              ],
              "rdfs:label": {
                "en": [
                  "Haute-Corse"
                ],
                "fr": [
                  "Haute-Corse"
                ]
              },
              "insee": "2B",
              "isPartOfRegion": {
                "@id": "kb:France94",
                "@type": [
                  "Region"
                ],
                "rdfs:label": {
                  "en": [
                    "Corse"
                  ],
                  "fr": [
                    "Corse"
                  ]
                },
                "insee": "94",
                "isPartOfCountry": {
                  "@id": "kb:France",
                  "@type": [
                    "schema:Country"
                  ],
                  "rdfs:label": {
                    "de": [
                      "Frankreich"
                    ],
                    "pt": [
                      "França"
                    ],
                    "en": [
                      "France"
                    ],
                    "it": [
                      "Francia"
                    ],
                    "fr": [
                      "France"
                    ],
                    "nl": [
                      "Frankrijk"
                    ],
                    "es": [
                      "Francia"
                    ]
                  }
                }
              }
            }
          }
        }
      ],
      "schema:geo": {
        "@id": "https://data.datatourisme.fr/e606ae0c-f99a-33d0-a384-fc503ecf1b77",
        "schema:latitude": "42.598951",
        "schema:longitude": "8.902056",
        "@type": [
          "schema:GeoCoordinates"
        ]
      },
      "schema:openingHoursSpecification": [
        {
          "@id": "https://data.datatourisme.fr/62da20a6-6322-38d3-9ecc-5fd1ec931d9b",
          "schema:validFrom": "2023-02-15T00:00:00",
          "schema:validThrough": "2023-12-31T23:59:59",
          "@type": [
            "schema:OpeningHoursSpecification"
          ]
        }
      ],
      "@type": [
        "schema:Place",
        "Place"
      ]
    }
  ],
  "isOwnedBy": [
    {
      "@id": "https://data.datatourisme.fr/252af22a-253d-33df-b9d7-204832749402",
      "schema:email": [
        "web@ileroussetourisme.com"
      ],
      "schema:legalName": "Office de Tourisme Intercommunal de L'Ile Rousse-Balagne",
      "@type": [
        "schema:Organization",
        "foaf:Agent",
        "Agent"
      ],
      "foaf:homepage": [
        "https://www.balagne-corsica.com/"
      ]
    }
  ],
  "lastUpdate": "2022-07-13",
  "lastUpdateDatatourisme": "2023-02-01T18:07:35.782Z",
  "providesCuisineOfType": [
    {
      "@id": "kb:MediterraneanCuisine",
      "@type": [
        "CuisineCategory"
      ],
      "rdfs:label": {
        "de": [
          "Mediterrane Küche"
        ],
        "pt": [
          "Cozinha mediterrânica"
        ],
        "en": [
          "Mediterranean cuisine"
        ],
        "it": [
          "Cucina mediterranea"
        ],
        "fr": [
          "Cuisine méditerranéenne"
        ],
        "nl": [
          "Mediterrane keuken"
        ],
        "es": [
          "Cocina mediterránea"
        ]
      }
    }
  ]
}