{
  "@id": "https://data.datatourisme.fr/13/a496be91-c564-30ad-a60f-83aed067cdac",
  "dc:identifier": "6332348",
  "@type": [
    "MiniGolf",
    "PlaceOfInterest",
    "PointOfInterest",
    "SportsAndLeisurePlace"
  ],
  "rdfs:comment": {
    "de": [
      "Müssen Sie Ihrer Familie oder Ihren Freunden Ihre Geschicklichkeit beweisen? Testen Sie den Minigolfplatz von Rateau Bavoir!\r\nEin 18-Loch-Parcours in einem Garten mit Bäumen und Blumen sorgt für einen spielerischen und zugleich sportlichen Moment!"
    ],
    "en": [
      "Need to prove your skills to your family or friends? Come and try the miniature golf course at Rateau Bavoir!\r\nAn 18-hole course, in a garden full of trees and flowers, for a fun and sporty moment at the same time!"
    ],
    "it": [
      "Avete bisogno di dimostrare le vostre capacità alla famiglia o agli amici? Venite a provare il minigolf di Rateau Bavoir!\r\nUn percorso a 18 buche, in un giardino alberato e fiorito, per un momento divertente e sportivo allo stesso tempo!"
    ],
    "fr": [
      "Besoin de prouver votre adresse à votre famille ou vos amis ? Venez tester le mini-golf du Rateau Bavoir !\r\nUn parcours de 18 trous, dans un jardin arboré et fleuri, pour un moment ludique et sportif à la fois !"
    ],
    "es": [
      "¿Necesita demostrar sus habilidades a su familia o amigos? Venga a probar el minigolf de Rateau Bavoir\r\nUn campo de 18 hoyos, en un jardín lleno de árboles y flores, para pasar un rato divertido y deportivo"
    ],
    "nl": [
      "Moet u uw vaardigheden bewijzen aan uw familie of vrienden? Kom de minigolfbaan van Rateau Bavoir uitproberen!\r\nEen baan met 18 holes, in een tuin vol bomen en bloemen, voor een leuke en sportieve tijd!"
    ]
  },
  "rdfs:label": {
    "fr": [
      "Mini Golf"
    ]
  },
  "hasBeenCreatedBy": {
    "@id": "https://data.datatourisme.fr/13/e4873aa9-a05c-35ed-8395-61d121516766",
    "dc:identifier": "1646",
    "schema:email": [
      "info@balagne-corsica.com"
    ],
    "schema:legalName": "Office de Tourisme Intercommunal Calvi - Balagne",
    "@type": [
      "schema:Organization",
      "foaf:Agent",
      "Agent"
    ],
    "foaf:homepage": [
      "https://www.balagne-corsica.com/"
    ]
  },
  "hasBeenPublishedBy": [
    {
      "@id": "https://data.datatourisme.fr/8a9feb4b-2cbd-3d2c-b507-bd6c6776b23b",
      "schema:legalName": "Apidae Tourisme Scic SA - source : Apidae Tourisme",
      "@type": [
        "schema:Organization",
        "foaf:Agent",
        "Agent"
      ],
      "foaf:homepage": [
        "https://www.apidae-tourisme.com/"
      ]
    }
  ],
  "hasContact": [
    {
      "@id": "https://data.datatourisme.fr/6d5ed9d1-8c49-35cd-9b69-f34d0a2415a5",
      "schema:email": [
        "info@rateau-bavoir.com"
      ],
      "schema:telephone": [
        "+33 4 95 65 01 40",
        "+33 6 89 54 93 69"
      ],
      "@type": [
        "foaf:Agent",
        "Agent"
      ],
      "foaf:homepage": [
        "http://www.rateau-bavoir.com/mini-golf/"
      ]
    }
  ],
  "hasDescription": [
    {
      "@id": "https://data.datatourisme.fr/d0d20a5a-4aee-3e53-b4f9-bcf6906315d1",
      "@type": [
        "Description"
      ],
      "hasTranslatedProperty": [
        {
          "@id": "https://data.datatourisme.fr/62fa5717-92fa-35b0-aa88-3e6faead4a81",
          "dc:contributor": [
            "https://api.deepl.com/v2/translate"
          ],
          "rdf:language": [
            "de"
          ],
          "rdf:predicate": [
            "shortDescription"
          ]
        },
        {
          "@id": "https://data.datatourisme.fr/d8cd528b-7dae-3cc1-9967-b2a12d7c7692",
          "dc:contributor": [
            "https://api.deepl.com/v2/translate"
          ],
          "rdf:language": [
            "es"
          ],
          "rdf:predicate": [
            "shortDescription"
          ]
        },
        {
          "@id": "https://data.datatourisme.fr/e08f0fff-91bd-3191-ada9-b2c80f791887",
          "dc:contributor": [
            "https://api.deepl.com/v2/translate"
          ],
          "rdf:language": [
            "nl"
          ],
          "rdf:predicate": [
            "shortDescription"
          ]
        }
      ],
      "shortDescription": {
        "de": [
          "Müssen Sie Ihrer Familie oder Ihren Freunden Ihre Geschicklichkeit beweisen? Testen Sie den Minigolfplatz von Rateau Bavoir!\r\nEin 18-Loch-Parcours in einem Garten mit Bäumen und Blumen sorgt für einen spielerischen und zugleich sportlichen Moment!"
        ],
        "en": [
          "Need to prove your skills to your family or friends? Come and try the miniature golf course at Rateau Bavoir!\r\nAn 18-hole course, in a garden full of trees and flowers, for a fun and sporty moment at the same time!"
        ],
        "it": [
          "Avete bisogno di dimostrare le vostre capacità alla famiglia o agli amici? Venite a provare il minigolf di Rateau Bavoir!\r\nUn percorso a 18 buche, in un giardino alberato e fiorito, per un momento divertente e sportivo allo stesso tempo!"
        ],
        "fr": [
          "Besoin de prouver votre adresse à votre famille ou vos amis ? Venez tester le mini-golf du Rateau Bavoir !\r\nUn parcours de 18 trous, dans un jardin arboré et fleuri, pour un moment ludique et sportif à la fois !"
        ],
        "es": [
          "¿Necesita demostrar sus habilidades a su familia o amigos? Venga a probar el minigolf de Rateau Bavoir\r\nUn campo de 18 hoyos, en un jardín lleno de árboles y flores, para pasar un rato divertido y deportivo"
        ],
        "nl": [
          "Moet u uw vaardigheden bewijzen aan uw familie of vrienden? Kom de minigolfbaan van Rateau Bavoir uitproberen!\r\nEen baan met 18 holes, in een tuin vol bomen en bloemen, voor een leuke en sportieve tijd!"
        ]
      }
    }
  ],
  "hasTheme": [
    {
      "@id": "kb:MiniGolf",
      "@type": [
        "CommonAmenity",
        "SportsTheme"
      ],
      "rdfs:label": {
        "de": [
          "Minigolf"
        ],
        "pt": [
          "Minigolfe"
        ],
        "en": [
          "Mini golf"
        ],
        "it": [
          "Minigolf"
        ],
        "fr": [
          "Mini-golf"
        ],
        "nl": [
          "Minigolf"
        ],
        "es": [
          "Minigolf"
        ]
      }
    }
  ],
  "hasTranslatedProperty": [
    {
      "@id": "https://data.datatourisme.fr/0bc31a8a-ffdf-360c-9cc5-03434b51a759",
      "dc:contributor": [
        "https://api.deepl.com/v2/translate"
      ],
      "rdf:language": [
        "nl"
      ],
      "rdf:predicate": [
        {
          "@id": "rdfs:comment"
        }
      ]
    },
    {
      "@id": "https://data.datatourisme.fr/2cb12444-075f-33be-974a-cdd45444a8a0",
      "dc:contributor": [
        "https://api.deepl.com/v2/translate"
      ],
      "rdf:language": [
        "es"
      ],
      "rdf:predicate": [
        {
          "@id": "rdfs:comment"
        }
      ]
    },
    {
      "@id": "https://data.datatourisme.fr/ec5370cd-f1ad-3045-b585-57a4cf8a6ee3",
      "dc:contributor": [
        "https://api.deepl.com/v2/translate"
      ],
      "rdf:language": [
        "de"
      ],
      "rdf:predicate": [
        {
          "@id": "rdfs:comment"
        }
      ]
    }
  ],
  "isLocatedAt": [
    {
      "@id": "https://data.datatourisme.fr/7c7e76f1-4dc0-3ff5-8379-11d9dd64dee3",
      "schema:address": [
        {
          "@id": "https://data.datatourisme.fr/c6aa023b-a55f-34b8-9dd9-5e9c71963a45",
          "schema:addressLocality": "Calvi",
          "schema:postalCode": "20260",
          "schema:streetAddress": [
            "Avenue Christophe Colomb",
            "Le Rateau Bavoir"
          ],
          "@type": [
            "schema:PostalAddress",
            "PostalAddress"
          ],
          "hasAddressCity": {
            "@id": "kb:2B050",
            "@type": [
              "City"
            ],
            "rdfs:label": {
              "en": [
                "Calvi"
              ],
              "fr": [
                "Calvi"
              ]
            },
            "insee": "2B050",
            "isPartOfDepartment": {
              "@id": "kb:France942B",
              "@type": [
                "Department"
              ],
              "rdfs:label": {
                "en": [
                  "Haute-Corse"
                ],
                "fr": [
                  "Haute-Corse"
                ]
              },
              "insee": "2B",
              "isPartOfRegion": {
                "@id": "kb:France94",
                "@type": [
                  "Region"
                ],
                "rdfs:label": {
                  "en": [
                    "Corse"
                  ],
                  "fr": [
                    "Corse"
                  ]
                },
                "insee": "94",
                "isPartOfCountry": {
                  "@id": "kb:France",
                  "@type": [
                    "schema:Country"
                  ],
                  "rdfs:label": {
                    "de": [
                      "Frankreich"
                    ],
                    "pt": [
                      "França"
                    ],
                    "en": [
                      "France"
                    ],
                    "it": [
                      "Francia"
                    ],
                    "fr": [
                      "France"
                    ],
                    "nl": [
                      "Frankrijk"
                    ],
                    "es": [
                      "Francia"
                    ]
                  }
                }
              }
            }
          }
        }
      ],
      "schema:geo": {
        "@id": "https://data.datatourisme.fr/383ecd6e-274b-33e3-9093-16b9c341bb77",
        "schema:latitude": "42.556132",
        "schema:longitude": "8.759886",
        "@type": [
          "schema:GeoCoordinates"
        ]
      },
      "schema:openingHoursSpecification": [
        {
          "@id": "https://data.datatourisme.fr/fe3b0c8a-e748-3c76-94b9-45a7f6e9995b",
          "schema:validFrom": "2023-04-01T00:00:00",
          "schema:validThrough": "2023-10-31T23:59:59",
          "@type": [
            "schema:OpeningHoursSpecification"
          ]
        }
      ],
      "@type": [
        "schema:Place",
        "Place"
      ]
    }
  ],
  "isOwnedBy": [
    {
      "@id": "https://data.datatourisme.fr/194c52e6-bbae-33dc-8464-caca97844fbb",
      "schema:email": [
        "info@balagne-corsica.com"
      ],
      "schema:legalName": "Office de Tourisme Intercommunal Calvi - Balagne",
      "@type": [
        "schema:Organization",
        "foaf:Agent",
        "Agent"
      ],
      "foaf:homepage": [
        "https://www.balagne-corsica.com/"
      ]
    }
  ],
  "lastUpdate": "2022-11-21",
  "lastUpdateDatatourisme": "2023-02-09T06:39:55.573Z",
  "offers": [
    {
      "@id": "https://data.datatourisme.fr/ff5670e6-329a-3c37-a384-5a59e7be352e",
      "schema:priceSpecification": [
        {
          "@id": "https://data.datatourisme.fr/4d672293-543c-34ce-9326-566d89fbbad3",
          "schema:maxPrice": [
            "6"
          ],
          "schema:minPrice": [
            "6"
          ],
          "schema:priceCurrency": "EUR",
          "@type": [
            "schema:PriceSpecification",
            "PriceSpecification"
          ],
          "appliesOnPeriod": [
            {
              "@id": "https://data.datatourisme.fr/c18eaf92-4ed3-33aa-8117-05a6fe461fb2",
              "@type": [
                "Period"
              ],
              "endDate": "2023-10-31",
              "startDate": "2023-04-01"
            }
          ]
        }
      ],
      "@type": [
        "schema:Offer",
        "Offer"
      ]
    }
  ]
}