{
  "@id": "https://data.datatourisme.fr/13/a4bd23a0-0e44-3840-a28a-e718cd6929f9",
  "dc:identifier": "4957019",
  "@type": [
    "schema:Accommodation",
    "schema:LodgingBusiness",
    "Accommodation",
    "CollectiveAccommodation",
    "HolidayResort",
    "PlaceOfInterest",
    "PointOfInterest"
  ],
  "rdfs:comment": {
    "de": [
      "Die Résidence Saletta Casale empfängt Sie im Herzen von L'Île-Rousse, nur wenige Schritte vom Meer entfernt. Sie wohnen in einer luxuriösen Residenz mit Swimmingpools, modernen, klimatisierten und voll ausgestatteten Apartments. Zahlreiche Serviceleistungen stehen Ihnen zur Verfügung."
    ],
    "en": [
      "Résidence Saletta welcomes you in the heart of L'Ile Rousse, close to the sea.\r\nA luxury residence with swimming pools, modern air-conditioned and fully equipped apartments. \r\nPlenty of services available."
    ],
    "it": [
      "Il Residence Saletta Casale vi accoglie nel cuore di L'Île-Rousse, a pochi passi dal mare. Soggiornerete in un residence di lusso con piscine, appartamenti moderni, climatizzati e completamente attrezzati. Molti servizi a disposizione"
    ],
    "fr": [
      "La Résidence Saletta Casale vous accueille au cœur de L'Île-Rousse, à quelques pas de la mer. Vous séjournerez dans une résidence de standing avec piscines, des appartements modernes, climatisés et entièrement équipés. De nombreux services à disposition."
    ],
    "nl": [
      "Residence Saletta Casale verwelkomt u in het hart van L'Île-Rousse, op een steenworp afstand van de zee. U verblijft in een luxe residentie met zwembaden, moderne appartementen met airconditioning en volledige uitrusting. Er zijn veel diensten beschikbaar."
    ],
    "es": [
      "Residence Saletta Casale le da la bienvenida en el corazón de L'Île-Rousse, a pocos pasos del mar. Se alojará en una residencia de lujo con piscinas, pisos modernos, climatizados y totalmente equipados. Hay muchos servicios disponibles."
    ]
  },
  "rdfs:label": {
    "fr": [
      "Résidence Saletta Casale"
    ]
  },
  "hasBeenCreatedBy": {
    "@id": "https://data.datatourisme.fr/13/8d420fa3-5754-31f1-8199-69c88780314d",
    "dc:identifier": "1647",
    "schema:email": [
      "web@ileroussetourisme.com"
    ],
    "schema:legalName": "Office de Tourisme Intercommunal de L'Ile Rousse-Balagne",
    "@type": [
      "schema:Organization",
      "foaf:Agent",
      "Agent"
    ],
    "foaf:homepage": [
      "https://www.balagne-corsica.com/"
    ]
  },
  "hasBeenPublishedBy": [
    {
      "@id": "https://data.datatourisme.fr/8a9feb4b-2cbd-3d2c-b507-bd6c6776b23b",
      "schema:legalName": "Apidae Tourisme Scic SA - source : Apidae Tourisme",
      "@type": [
        "schema:Organization",
        "foaf:Agent",
        "Agent"
      ],
      "foaf:homepage": [
        "https://www.apidae-tourisme.com/"
      ]
    }
  ],
  "hasContact": [
    {
      "@id": "https://data.datatourisme.fr/d1b32c57-bca9-3d31-9253-112e3364609c",
      "schema:email": [
        "reservation@residence-saletta.com"
      ],
      "schema:telephone": [
        "+33 4 95 31 21 06"
      ],
      "@type": [
        "foaf:Agent",
        "Agent"
      ],
      "foaf:homepage": [
        "http://www.residences-saletta.com/"
      ]
    }
  ],
  "hasDescription": [
    {
      "@id": "https://data.datatourisme.fr/1a0d874a-c001-34b8-bf65-69630d2ae86d",
      "@type": [
        "Description"
      ],
      "hasTranslatedProperty": [
        {
          "@id": "https://data.datatourisme.fr/24c8e6db-414c-3aa8-a920-9d382d7f84a4",
          "dc:contributor": [
            "https://api.deepl.com/v2/translate"
          ],
          "rdf:language": [
            "nl"
          ],
          "rdf:predicate": [
            "shortDescription"
          ]
        },
        {
          "@id": "https://data.datatourisme.fr/56591ccd-7e5a-32d2-ba79-581343f6107d",
          "dc:contributor": [
            "https://api.deepl.com/v2/translate"
          ],
          "rdf:language": [
            "es"
          ],
          "rdf:predicate": [
            "shortDescription"
          ]
        },
        {
          "@id": "https://data.datatourisme.fr/62df0d17-3d62-388e-913c-5841ab76eae6",
          "dc:contributor": [
            "https://api.deepl.com/v2/translate"
          ],
          "rdf:language": [
            "de"
          ],
          "rdf:predicate": [
            "shortDescription"
          ]
        }
      ],
      "shortDescription": {
        "de": [
          "Die Résidence Saletta Casale empfängt Sie im Herzen von L'Île-Rousse, nur wenige Schritte vom Meer entfernt. Sie wohnen in einer luxuriösen Residenz mit Swimmingpools, modernen, klimatisierten und voll ausgestatteten Apartments. Zahlreiche Serviceleistungen stehen Ihnen zur Verfügung."
        ],
        "en": [
          "Résidence Saletta welcomes you in the heart of L'Ile Rousse, close to the sea.\r\nA luxury residence with swimming pools, modern air-conditioned and fully equipped apartments. \r\nPlenty of services available."
        ],
        "it": [
          "Il Residence Saletta Casale vi accoglie nel cuore di L'Île-Rousse, a pochi passi dal mare. Soggiornerete in un residence di lusso con piscine, appartamenti moderni, climatizzati e completamente attrezzati. Molti servizi a disposizione"
        ],
        "fr": [
          "La Résidence Saletta Casale vous accueille au cœur de L'Île-Rousse, à quelques pas de la mer. Vous séjournerez dans une résidence de standing avec piscines, des appartements modernes, climatisés et entièrement équipés. De nombreux services à disposition."
        ],
        "nl": [
          "Residence Saletta Casale verwelkomt u in het hart van L'Île-Rousse, op een steenworp afstand van de zee. U verblijft in een luxe residentie met zwembaden, moderne appartementen met airconditioning en volledige uitrusting. Er zijn veel diensten beschikbaar."
        ],
        "es": [
          "Residence Saletta Casale le da la bienvenida en el corazón de L'Île-Rousse, a pocos pasos del mar. Se alojará en una residencia de lujo con piscinas, pisos modernos, climatizados y totalmente equipados. Hay muchos servicios disponibles."
        ]
      }
    }
  ],
  "hasTranslatedProperty": [
    {
      "@id": "https://data.datatourisme.fr/0640ba73-7172-3ca8-9355-d07b1a404ad9",
      "dc:contributor": [
        "https://api.deepl.com/v2/translate"
      ],
      "rdf:language": [
        "de"
      ],
      "rdf:predicate": [
        {
          "@id": "rdfs:comment"
        }
      ]
    },
    {
      "@id": "https://data.datatourisme.fr/7ba71bd6-dea5-3507-9d50-52a18215e3a2",
      "dc:contributor": [
        "https://api.deepl.com/v2/translate"
      ],
      "rdf:language": [
        "nl"
      ],
      "rdf:predicate": [
        {
          "@id": "rdfs:comment"
        }
      ]
    },
    {
      "@id": "https://data.datatourisme.fr/90b0b0a4-c76e-3950-8961-612b50eb7505",
      "dc:contributor": [
        "https://api.deepl.com/v2/translate"
      ],
      "rdf:language": [
        "es"
      ],
      "rdf:predicate": [
        {
          "@id": "rdfs:comment"
        }
      ]
    }
  ],
  "isLocatedAt": [
    {
      "@id": "https://data.datatourisme.fr/e195cac2-2711-3f32-b7e1-961663a1b48a",
      "schema:address": [
        {
          "@id": "https://data.datatourisme.fr/03e33b85-36c0-3b34-b1f7-72971be5c186",
          "schema:addressLocality": "L'Île-Rousse",
          "schema:postalCode": "20220",
          "schema:streetAddress": [
            "Boulevard Jean Lançon"
          ],
          "@type": [
            "schema:PostalAddress",
            "PostalAddress"
          ],
          "hasAddressCity": {
            "@id": "kb:2B134",
            "@type": [
              "City"
            ],
            "rdfs:label": {
              "en": [
                "L'Île-Rousse"
              ],
              "fr": [
                "L'Île-Rousse"
              ]
            },
            "insee": "2B134",
            "isPartOfDepartment": {
              "@id": "kb:France942B",
              "@type": [
                "Department"
              ],
              "rdfs:label": {
                "en": [
                  "Haute-Corse"
                ],
                "fr": [
                  "Haute-Corse"
                ]
              },
              "insee": "2B",
              "isPartOfRegion": {
                "@id": "kb:France94",
                "@type": [
                  "Region"
                ],
                "rdfs:label": {
                  "en": [
                    "Corse"
                  ],
                  "fr": [
                    "Corse"
                  ]
                },
                "insee": "94",
                "isPartOfCountry": {
                  "@id": "kb:France",
                  "@type": [
                    "schema:Country"
                  ],
                  "rdfs:label": {
                    "de": [
                      "Frankreich"
                    ],
                    "pt": [
                      "França"
                    ],
                    "en": [
                      "France"
                    ],
                    "it": [
                      "Francia"
                    ],
                    "fr": [
                      "France"
                    ],
                    "nl": [
                      "Frankrijk"
                    ],
                    "es": [
                      "Francia"
                    ]
                  }
                }
              }
            }
          }
        }
      ],
      "schema:geo": {
        "@id": "https://data.datatourisme.fr/7a5d351f-9b56-3966-8d07-6ae99daccaa5",
        "schema:latitude": "42.63617",
        "schema:longitude": "8.936168",
        "@type": [
          "schema:GeoCoordinates"
        ]
      },
      "schema:openingHoursSpecification": [
        {
          "@id": "https://data.datatourisme.fr/5de81860-0f96-3cca-8df3-bacf095a4657",
          "schema:validFrom": "2023-01-01T00:00:00",
          "schema:validThrough": "2023-03-31T23:59:59",
          "@type": [
            "schema:OpeningHoursSpecification"
          ]
        }
      ],
      "@type": [
        "schema:Place",
        "Place"
      ]
    }
  ],
  "isOwnedBy": [
    {
      "@id": "https://data.datatourisme.fr/252af22a-253d-33df-b9d7-204832749402",
      "schema:email": [
        "web@ileroussetourisme.com"
      ],
      "schema:legalName": "Office de Tourisme Intercommunal de L'Ile Rousse-Balagne",
      "@type": [
        "schema:Organization",
        "foaf:Agent",
        "Agent"
      ],
      "foaf:homepage": [
        "https://www.balagne-corsica.com/"
      ]
    }
  ],
  "lastUpdate": "2022-12-22",
  "lastUpdateDatatourisme": "2023-02-01T18:07:36.129Z",
  "offers": [
    {
      "@id": "https://data.datatourisme.fr/cee0feec-25c7-3c65-8de5-fd97189413c4",
      "schema:priceSpecification": [
        {
          "@id": "https://data.datatourisme.fr/6f02cb1a-ac18-36ee-9110-7c81ecca22f3",
          "schema:maxPrice": [
            "3304"
          ],
          "schema:minPrice": [
            "651"
          ],
          "schema:priceCurrency": "EUR",
          "@type": [
            "schema:PriceSpecification",
            "PriceSpecification"
          ],
          "appliesOnPeriod": [
            {
              "@id": "https://data.datatourisme.fr/fd41cd34-62ff-325b-b405-bab948628dfb",
              "@type": [
                "Period"
              ],
              "endDate": "2024-03-31",
              "startDate": "2023-01-01"
            }
          ]
        }
      ],
      "@type": [
        "schema:Offer",
        "Offer"
      ]
    }
  ]
}