{
  "@id": "https://data.datatourisme.fr/13/a44ba21a-9426-3c0d-8389-84c4959201d9",
  "dc:identifier": "4932790",
  "@type": [
    "schema:Accommodation",
    "schema:FoodEstablishment",
    "schema:Hotel",
    "schema:LodgingBusiness",
    "schema:Restaurant",
    "Accommodation",
    "FoodEstablishment",
    "Hotel",
    "HotelRestaurant",
    "HotelTrade",
    "PlaceOfInterest",
    "PointOfInterest",
    "Restaurant"
  ],
  "rdfs:comment": {
    "de": [
      "Im Herzen von Calvi, der Stadt Semper Fidelis, begrüßen wir Sie in unserem charmanten Hotel. Dieses Herrenhaus aus dem letzten Jahrhundert wird Sie mit seiner romantischen Dekoration und seinem schönen Innenhof mit florentinischem Touch im Schatten einer hundertjährigen Magnolie begeistern."
    ],
    "en": [
      "In the heart of Calvi, the city of Semper Fidelis, this mansion of master of the last century has been made \"One of you of the beautiful era\" in Balagne.\r\nIts entrance and its garden with a Florentine touch, will tell you that this is not a traditional hotel."
    ],
    "it": [
      "Nel cuore di Calvi, la città dei Semper Fidelis, vi diamo il benvenuto nel nostro hotel di charme. Questo palazzo del secolo scorso vi sedurrà con la sua decorazione romantica e il suo bel patio con un tocco fiorentino, all'ombra di una magnolia centenaria."
    ],
    "fr": [
      "Au cœur de Calvi, la cité Semper Fidelis, nous vous accueillons dans notre hôtel de charme. Cette maison de maître du siècle dernier vous séduira par sa décoration romantique et son beau patio à la touche florentine, à l'ombre d'un magnolia centenaire."
    ],
    "nl": [
      "In het hart van Calvi, de Semper Fidelis stad, verwelkomen wij u in ons charmante hotel. Dit herenhuis uit de vorige eeuw zal u verleiden met zijn romantische inrichting en zijn prachtige patio met een Florentijns tintje, in de schaduw van een honderd jaar oude magnoliaboom."
    ],
    "es": [
      "En el corazón de Calvi, la ciudad Semper Fidelis, le damos la bienvenida a nuestro encantador hotel. Esta mansión del siglo pasado le seducirá con su decoración romántica y su hermoso patio con un toque florentino, a la sombra de un magnolio centenario."
    ]
  },
  "rdfs:label": {
    "fr": [
      "Le Magnolia"
    ]
  },
  "hasBeenCreatedBy": {
    "@id": "https://data.datatourisme.fr/13/e4873aa9-a05c-35ed-8395-61d121516766",
    "dc:identifier": "1646",
    "schema:email": [
      "info@balagne-corsica.com"
    ],
    "schema:legalName": "Office de Tourisme Intercommunal Calvi - Balagne",
    "@type": [
      "schema:Organization",
      "foaf:Agent",
      "Agent"
    ],
    "foaf:homepage": [
      "https://www.balagne-corsica.com/"
    ]
  },
  "hasBeenPublishedBy": [
    {
      "@id": "https://data.datatourisme.fr/8a9feb4b-2cbd-3d2c-b507-bd6c6776b23b",
      "schema:legalName": "Apidae Tourisme Scic SA - source : Apidae Tourisme",
      "@type": [
        "schema:Organization",
        "foaf:Agent",
        "Agent"
      ],
      "foaf:homepage": [
        "https://www.apidae-tourisme.com/"
      ]
    }
  ],
  "hasContact": [
    {
      "@id": "https://data.datatourisme.fr/eff3be17-24e2-3f21-b797-d9c0638b6cc6",
      "schema:email": [
        "hotel.magnolia@orange.fr"
      ],
      "schema:telephone": [
        "+33 4 95 65 19 16"
      ],
      "@type": [
        "foaf:Agent",
        "Agent"
      ],
      "foaf:homepage": [
        "http://www.hotel-le-magnolia.com/"
      ]
    }
  ],
  "hasDescription": [
    {
      "@id": "https://data.datatourisme.fr/0ec7acdd-7212-390d-aff4-df1cb77f1954",
      "@type": [
        "Description"
      ],
      "hasTranslatedProperty": [
        {
          "@id": "https://data.datatourisme.fr/10e8c78f-ea30-366f-83be-6c30d989d0e4",
          "dc:contributor": [
            "https://api.deepl.com/v2/translate"
          ],
          "rdf:language": [
            "es"
          ],
          "rdf:predicate": [
            "shortDescription"
          ]
        },
        {
          "@id": "https://data.datatourisme.fr/1c6f6123-7833-3ab0-bae9-647957fdec59",
          "dc:contributor": [
            "https://api.deepl.com/v2/translate"
          ],
          "rdf:language": [
            "nl"
          ],
          "rdf:predicate": [
            "shortDescription"
          ]
        },
        {
          "@id": "https://data.datatourisme.fr/2eb67a88-9d80-3cb2-8e8e-459fe4a1f7ac",
          "dc:contributor": [
            "https://api.deepl.com/v2/translate"
          ],
          "rdf:language": [
            "de"
          ],
          "rdf:predicate": [
            "shortDescription"
          ]
        }
      ],
      "shortDescription": {
        "de": [
          "Im Herzen von Calvi, der Stadt Semper Fidelis, begrüßen wir Sie in unserem charmanten Hotel. Dieses Herrenhaus aus dem letzten Jahrhundert wird Sie mit seiner romantischen Dekoration und seinem schönen Innenhof mit florentinischem Touch im Schatten einer hundertjährigen Magnolie begeistern."
        ],
        "en": [
          "In the heart of Calvi, the city of Semper Fidelis, this mansion of master of the last century has been made \"One of you of the beautiful era\" in Balagne.\r\nIts entrance and its garden with a Florentine touch, will tell you that this is not a traditional hotel."
        ],
        "it": [
          "Nel cuore di Calvi, la città dei Semper Fidelis, vi diamo il benvenuto nel nostro hotel di charme. Questo palazzo del secolo scorso vi sedurrà con la sua decorazione romantica e il suo bel patio con un tocco fiorentino, all'ombra di una magnolia centenaria."
        ],
        "fr": [
          "Au cœur de Calvi, la cité Semper Fidelis, nous vous accueillons dans notre hôtel de charme. Cette maison de maître du siècle dernier vous séduira par sa décoration romantique et son beau patio à la touche florentine, à l'ombre d'un magnolia centenaire."
        ],
        "nl": [
          "In het hart van Calvi, de Semper Fidelis stad, verwelkomen wij u in ons charmante hotel. Dit herenhuis uit de vorige eeuw zal u verleiden met zijn romantische inrichting en zijn prachtige patio met een Florentijns tintje, in de schaduw van een honderd jaar oude magnoliaboom."
        ],
        "es": [
          "En el corazón de Calvi, la ciudad Semper Fidelis, le damos la bienvenida a nuestro encantador hotel. Esta mansión del siglo pasado le seducirá con su decoración romántica y su hermoso patio con un toque florentino, a la sombra de un magnolio centenario."
        ]
      }
    }
  ],
  "hasTranslatedProperty": [
    {
      "@id": "https://data.datatourisme.fr/49da7e74-6315-3e7c-8fe2-4806777b11eb",
      "dc:contributor": [
        "https://api.deepl.com/v2/translate"
      ],
      "rdf:language": [
        "de"
      ],
      "rdf:predicate": [
        {
          "@id": "rdfs:comment"
        }
      ]
    },
    {
      "@id": "https://data.datatourisme.fr/6512d26a-df45-3022-899e-a177127b2a89",
      "dc:contributor": [
        "https://api.deepl.com/v2/translate"
      ],
      "rdf:language": [
        "nl"
      ],
      "rdf:predicate": [
        {
          "@id": "rdfs:comment"
        }
      ]
    },
    {
      "@id": "https://data.datatourisme.fr/dfea1b91-6a4d-3e78-956a-fe1a3a6adaeb",
      "dc:contributor": [
        "https://api.deepl.com/v2/translate"
      ],
      "rdf:language": [
        "es"
      ],
      "rdf:predicate": [
        {
          "@id": "rdfs:comment"
        }
      ]
    }
  ],
  "isLocatedAt": [
    {
      "@id": "https://data.datatourisme.fr/3749c659-cfb1-3032-b8e7-05f54a94b169",
      "schema:address": [
        {
          "@id": "https://data.datatourisme.fr/48bc7a7b-0ea3-3a77-b3c5-8e8da5d22538",
          "schema:addressLocality": "Calvi",
          "schema:postalCode": "20260",
          "schema:streetAddress": [
            "Place du marché",
            "Rue Alsace Lorraine"
          ],
          "@type": [
            "schema:PostalAddress",
            "PostalAddress"
          ],
          "hasAddressCity": {
            "@id": "kb:2B050",
            "@type": [
              "City"
            ],
            "rdfs:label": {
              "en": [
                "Calvi"
              ],
              "fr": [
                "Calvi"
              ]
            },
            "insee": "2B050",
            "isPartOfDepartment": {
              "@id": "kb:France942B",
              "@type": [
                "Department"
              ],
              "rdfs:label": {
                "en": [
                  "Haute-Corse"
                ],
                "fr": [
                  "Haute-Corse"
                ]
              },
              "insee": "2B",
              "isPartOfRegion": {
                "@id": "kb:France94",
                "@type": [
                  "Region"
                ],
                "rdfs:label": {
                  "en": [
                    "Corse"
                  ],
                  "fr": [
                    "Corse"
                  ]
                },
                "insee": "94",
                "isPartOfCountry": {
                  "@id": "kb:France",
                  "@type": [
                    "schema:Country"
                  ],
                  "rdfs:label": {
                    "de": [
                      "Frankreich"
                    ],
                    "pt": [
                      "França"
                    ],
                    "en": [
                      "France"
                    ],
                    "it": [
                      "Francia"
                    ],
                    "fr": [
                      "France"
                    ],
                    "nl": [
                      "Frankrijk"
                    ],
                    "es": [
                      "Francia"
                    ]
                  }
                }
              }
            }
          }
        }
      ],
      "schema:geo": {
        "@id": "https://data.datatourisme.fr/1f8994f6-cd7d-3518-8302-cad194eb5dc6",
        "schema:latitude": "42.566729",
        "schema:longitude": "8.757881",
        "@type": [
          "schema:GeoCoordinates"
        ]
      },
      "schema:openingHoursSpecification": [
        {
          "@id": "https://data.datatourisme.fr/def75211-66fb-3fdf-8757-0b3d00e66e07",
          "schema:validFrom": "2023-04-01T00:00:00",
          "schema:validThrough": "2023-10-29T23:59:59",
          "@type": [
            "schema:OpeningHoursSpecification"
          ]
        }
      ],
      "@type": [
        "schema:Place",
        "Place"
      ]
    }
  ],
  "isOwnedBy": [
    {
      "@id": "https://data.datatourisme.fr/194c52e6-bbae-33dc-8464-caca97844fbb",
      "schema:email": [
        "info@balagne-corsica.com"
      ],
      "schema:legalName": "Office de Tourisme Intercommunal Calvi - Balagne",
      "@type": [
        "schema:Organization",
        "foaf:Agent",
        "Agent"
      ],
      "foaf:homepage": [
        "https://www.balagne-corsica.com/"
      ]
    }
  ],
  "lastUpdate": "2023-01-24",
  "lastUpdateDatatourisme": "2023-04-04T05:52:39.235Z",
  "offers": [
    {
      "@id": "https://data.datatourisme.fr/03c73f7b-c95a-3f43-a7d4-e7209409d3ac",
      "schema:priceSpecification": [
        {
          "@id": "https://data.datatourisme.fr/90f06da8-9398-33cc-90a0-381fabc38b2f",
          "schema:maxPrice": [
            "1.35",
            "14",
            "223",
            "314",
            "347"
          ],
          "schema:minPrice": [
            "1.35",
            "138",
            "14",
            "156",
            "42",
            "82"
          ],
          "schema:priceCurrency": "EUR",
          "@type": [
            "schema:PriceSpecification",
            "PriceSpecification"
          ],
          "appliesOnPeriod": [
            {
              "@id": "https://data.datatourisme.fr/655d1335-e078-3f32-add3-c5c3ce317b8f",
              "@type": [
                "Period"
              ],
              "endDate": "2023-10-29",
              "startDate": "2023-04-01"
            }
          ]
        }
      ],
      "@type": [
        "schema:Offer",
        "Offer"
      ]
    }
  ]
}