{
  "@id": "https://data.datatourisme.fr/13/67dd2a9f-c6b8-36a8-b7a5-70e1d372c4f2",
  "dc:identifier": "5269988",
  "@type": [
    "schema:LocalBusiness",
    "ArtGalleryOrExhibitionGallery",
    "PlaceOfInterest",
    "PointOfInterest",
    "SportsAndLeisurePlace",
    "Store"
  ],
  "rdfs:comment": {
    "de": [
      "32-jähriges Jubiläum der Galerie in Porto-Vecchio."
    ],
    "en": [
      "32nd anniversary of the Gallery in Porto-Vecchio."
    ],
    "it": [
      "32° anniversario della Galleria di Porto-Vecchio."
    ],
    "fr": [
      "34 ème anniversaire de la Galerie à Porto-Vecchio. 20 Peintres cotés : Castan, Novarino, Della Giustina Biancheri... Sculpteur : Arman.\r\nOuvert en juillet-août, de 10h à 13h et de 17h à minuit et 21h les autres mois ou sur rendez-vous."
    ],
    "es": [
      "34º aniversario de la Galería de Porto-Vecchio. 20 pintores inscritos: Castan, Novarino, Della Giustina Biancheri... Escultor : Arman.\r\nAbierto en julio y agosto, de 10:00 a 13:00 y de 17:00 a 24:00 y 21:00 los demás meses o con cita previa."
    ],
    "nl": [
      "32ste verjaardag van de Galerij in Porto-Vecchio."
    ]
  },
  "rdfs:label": {
    "fr": [
      "Galerie Ranaldi"
    ]
  },
  "hasBeenCreatedBy": {
    "@id": "https://data.datatourisme.fr/13/84c6494d-3085-3c63-a55c-db8cb047fadd",
    "dc:identifier": "1738",
    "schema:email": [
      "camillef.omt@gmail.com",
      "direction@destination-sudcorse.com",
      "gestion@destination-sudcorse.com",
      "promotion@destination-sudcorse.com",
      "webmaster@destination-sudcorse.com"
    ],
    "schema:legalName": "Porto Vecchio Tourisme",
    "@type": [
      "schema:Organization",
      "foaf:Agent",
      "Agent"
    ],
    "foaf:homepage": [
      "http://www.ot-portovecchio.com/"
    ]
  },
  "hasBeenPublishedBy": [
    {
      "@id": "https://data.datatourisme.fr/8a9feb4b-2cbd-3d2c-b507-bd6c6776b23b",
      "schema:legalName": "Apidae Tourisme Scic SA - source : Apidae Tourisme",
      "@type": [
        "schema:Organization",
        "foaf:Agent",
        "Agent"
      ],
      "foaf:homepage": [
        "https://www.apidae-tourisme.com/"
      ]
    }
  ],
  "hasContact": [
    {
      "@id": "https://data.datatourisme.fr/52ea78ac-b608-3fc1-bb0e-2cafd3c6aad8",
      "schema:email": [
        "viviane.ranaldi@hotmail.fr"
      ],
      "schema:telephone": [
        "+33 6 07 90 73 30"
      ],
      "@type": [
        "foaf:Agent",
        "Agent"
      ],
      "foaf:homepage": [
        "https://www.galerieranaldi.fr/"
      ]
    }
  ],
  "hasDescription": [
    {
      "@id": "https://data.datatourisme.fr/6d4c6a67-6710-3cf2-9589-9ebe8cf2efad",
      "@type": [
        "Description"
      ],
      "hasTranslatedProperty": [
        {
          "@id": "https://data.datatourisme.fr/12397480-3438-35aa-bb1b-6dd5f8a38e26",
          "dc:contributor": [
            "https://api.deepl.com/v2/translate"
          ],
          "rdf:language": [
            "es"
          ],
          "rdf:predicate": [
            "shortDescription"
          ]
        }
      ],
      "shortDescription": {
        "de": [
          "32-jähriges Jubiläum der Galerie in Porto-Vecchio."
        ],
        "en": [
          "32nd anniversary of the Gallery in Porto-Vecchio."
        ],
        "it": [
          "32° anniversario della Galleria di Porto-Vecchio."
        ],
        "fr": [
          "34 ème anniversaire de la Galerie à Porto-Vecchio. 20 Peintres cotés : Castan, Novarino, Della Giustina Biancheri... Sculpteur : Arman.\r\nOuvert en juillet-août, de 10h à 13h et de 17h à minuit et 21h les autres mois ou sur rendez-vous."
        ],
        "es": [
          "34º aniversario de la Galería de Porto-Vecchio. 20 pintores inscritos: Castan, Novarino, Della Giustina Biancheri... Escultor : Arman.\r\nAbierto en julio y agosto, de 10:00 a 13:00 y de 17:00 a 24:00 y 21:00 los demás meses o con cita previa."
        ],
        "nl": [
          "32ste verjaardag van de Galerij in Porto-Vecchio."
        ]
      }
    }
  ],
  "hasTranslatedProperty": [
    {
      "@id": "https://data.datatourisme.fr/77b46f7e-5c07-382d-8f82-05ffc637bb16",
      "dc:contributor": [
        "https://api.deepl.com/v2/translate"
      ],
      "rdf:language": [
        "es"
      ],
      "rdf:predicate": [
        {
          "@id": "rdfs:comment"
        }
      ]
    }
  ],
  "isLocatedAt": [
    {
      "@id": "https://data.datatourisme.fr/3a803517-654b-3c40-ab01-2ceb79d213a2",
      "schema:address": [
        {
          "@id": "https://data.datatourisme.fr/5e172874-5e0e-30af-b847-afe09584c7ad",
          "schema:addressLocality": "Porto-Vecchio",
          "schema:postalCode": "20137",
          "schema:streetAddress": [
            "(à côté de la porte génoise)",
            "47 rue Borgo"
          ],
          "@type": [
            "schema:PostalAddress",
            "PostalAddress"
          ],
          "hasAddressCity": {
            "@id": "kb:2A247",
            "@type": [
              "City"
            ],
            "rdfs:label": {
              "en": [
                "Porto-Vecchio"
              ],
              "fr": [
                "Porto-Vecchio"
              ]
            },
            "insee": "2A247",
            "isPartOfDepartment": {
              "@id": "kb:France942A",
              "@type": [
                "Department"
              ],
              "rdfs:label": {
                "en": [
                  "Corse-du-Sud"
                ],
                "fr": [
                  "Corse-du-Sud"
                ]
              },
              "insee": "2A",
              "isPartOfRegion": {
                "@id": "kb:France94",
                "@type": [
                  "Region"
                ],
                "rdfs:label": {
                  "en": [
                    "Corse"
                  ],
                  "fr": [
                    "Corse"
                  ]
                },
                "insee": "94",
                "isPartOfCountry": {
                  "@id": "kb:France",
                  "@type": [
                    "schema:Country"
                  ],
                  "rdfs:label": {
                    "de": [
                      "Frankreich"
                    ],
                    "pt": [
                      "França"
                    ],
                    "en": [
                      "France"
                    ],
                    "it": [
                      "Francia"
                    ],
                    "fr": [
                      "France"
                    ],
                    "nl": [
                      "Frankrijk"
                    ],
                    "es": [
                      "Francia"
                    ]
                  }
                }
              }
            }
          }
        }
      ],
      "schema:geo": {
        "@id": "https://data.datatourisme.fr/dc16a0a2-2041-3a8e-9fd8-a7e09e62ef79",
        "schema:latitude": "41.590104",
        "schema:longitude": "9.279588",
        "@type": [
          "schema:GeoCoordinates"
        ]
      },
      "schema:openingHoursSpecification": [
        {
          "@id": "https://data.datatourisme.fr/278a3772-a81a-39e3-9bfb-8ed709772b75",
          "schema:validFrom": "2023-04-10T00:00:00",
          "schema:validThrough": "2023-10-15T23:59:59",
          "@type": [
            "schema:OpeningHoursSpecification"
          ],
          "additionalInformation": {
            "de": [
              "Montag, Dienstag, Mittwoch, Donnerstag, Freitag, Samstag, Sonntag: offen"
            ],
            "en": [
              "Monday, Tuesday, Wednesday, Thursday, Friday, Saturday, Sunday: open"
            ],
            "it": [
              "Lunedì, martedì, mercoledì, giovedì, venerdì, sabato, domenica: aperto"
            ],
            "fr": [
              "Lundi, Mardi, Mercredi, Jeudi, Vendredi, Samedi, Dimanche : ouvert"
            ],
            "nl": [
              "Maandag, dinsdag, woensdag, donderdag, vrijdag, zaterdag, zondag: open"
            ],
            "es": [
              "Lunes, martes, miércoles, jueves, viernes, sábado y domingo: abierto"
            ]
          },
          "hasTranslatedProperty": [
            {
              "@id": "https://data.datatourisme.fr/03a70037-0455-3846-8441-e21ac4183a81",
              "dc:contributor": [
                "https://api.deepl.com/v2/translate"
              ],
              "rdf:language": [
                "de"
              ],
              "rdf:predicate": [
                "additionalInformation"
              ]
            },
            {
              "@id": "https://data.datatourisme.fr/16c1c5f7-e7e2-3826-a3fa-4f82a318b6df",
              "dc:contributor": [
                "https://api.deepl.com/v2/translate"
              ],
              "rdf:language": [
                "nl"
              ],
              "rdf:predicate": [
                "additionalInformation"
              ]
            },
            {
              "@id": "https://data.datatourisme.fr/90003a57-81e7-3ffc-b011-fd1623a965c8",
              "dc:contributor": [
                "https://api.deepl.com/v2/translate"
              ],
              "rdf:language": [
                "en"
              ],
              "rdf:predicate": [
                "additionalInformation"
              ]
            },
            {
              "@id": "https://data.datatourisme.fr/c11e5cea-1e32-3869-856e-e61d0e529767",
              "dc:contributor": [
                "https://api.deepl.com/v2/translate"
              ],
              "rdf:language": [
                "es"
              ],
              "rdf:predicate": [
                "additionalInformation"
              ]
            },
            {
              "@id": "https://data.datatourisme.fr/e736259f-cbda-3793-a962-e5b0f8d942df",
              "dc:contributor": [
                "https://api.deepl.com/v2/translate"
              ],
              "rdf:language": [
                "it"
              ],
              "rdf:predicate": [
                "additionalInformation"
              ]
            }
          ]
        }
      ],
      "@type": [
        "schema:Place",
        "Place"
      ]
    }
  ],
  "isOwnedBy": [
    {
      "@id": "https://data.datatourisme.fr/f5f950f9-5eec-32b4-a357-2c969ccf4068",
      "schema:email": [
        "camillef.omt@gmail.com",
        "direction@destination-sudcorse.com",
        "gestion@destination-sudcorse.com",
        "promotion@destination-sudcorse.com",
        "webmaster@destination-sudcorse.com"
      ],
      "schema:legalName": "Porto Vecchio Tourisme",
      "@type": [
        "schema:Organization",
        "foaf:Agent",
        "Agent"
      ],
      "foaf:homepage": [
        "http://www.ot-portovecchio.com/"
      ]
    }
  ],
  "lastUpdate": "2023-02-20",
  "lastUpdateDatatourisme": "2023-02-21T06:40:31.595Z"
}