{
  "@id": "https://data.datatourisme.fr/13/67d6a796-a60f-3ae4-95ee-6756130501b3",
  "dc:identifier": "4974523",
  "@type": [
    "schema:Landform",
    "Beach",
    "NaturalHeritage",
    "PlaceOfInterest",
    "PointOfInterest",
    "SportsAndLeisurePlace"
  ],
  "rdfs:comment": {
    "de": [
      "Der Strand von Calvi... einer der schönsten Strände und Golf von Korsika\r\nDer 5 km lange weiße Sandstrand von Calvi bildet einen natürlichen Bogen und offenbart dem Besucher einen atemberaubenden Blick auf die genuesische Zitadelle und die Stadt Calvi\r\nvon Christoph Kolumbus."
    ],
    "en": [
      "Calvi beach... one of Corsica's best, in one of the island's most beautiful bays.\r\nCalvi beach boasts 5 km of white sand forming a natural crescent to offer visitors an uninterrupted view of the Genoese citadel and the town of Christopher Columbus."
    ],
    "it": [
      "La spiaggia sabbiosa di Calvi… una delle spiagge più belle e del Golfo di Corsica\r\nI 5 km di sabbia bianca della spiaggia di Calvi formano un arco naturale e rivelano al visitatore una vista mozzafiato sulla cittadella genovese e sulla città.\r\ndi Cristoforo Colombo."
    ],
    "fr": [
      "La plage de Calvi… l’une des plus belles plages et golfe de Corse\r\nLes 5 km de sable blanc de la plage de Calvi forment un arc de cercle naturel et dévoilent au visiteur une vue imprenable sur la citadelle génoise et la Cité\r\nde Christophe Colomb."
    ],
    "es": [
      "La playa de Calvi... una de las más bellas playas y el golfo de Córcega\r\nLos 5 km de arena blanca de la playa de Calvi forman un arco natural y revelan al visitante una vista inexpugnable sobre la ciudadela genovesa y la Ciudad\r\nde Cristóbal Colón."
    ],
    "nl": [
      "Calvi strand... een van de mooiste stranden en de golf van Corsica\r\nDe 5 km wit zand van het strand van Calvi vormen een natuurlijke boog en onthullen de bezoeker een onneembaar uitzicht op de Genuese citadel en de stad\r\nvan Christoffel Columbus."
    ]
  },
  "rdfs:label": {
    "en": [
      "Calvi sandy beach"
    ],
    "it": [
      "Spiaggia di sabbia di Calvi"
    ],
    "fr": [
      "Plage de Calvi"
    ]
  },
  "hasBeenCreatedBy": {
    "@id": "https://data.datatourisme.fr/13/e4873aa9-a05c-35ed-8395-61d121516766",
    "dc:identifier": "1646",
    "schema:email": [
      "info@balagne-corsica.com"
    ],
    "schema:legalName": "Office de Tourisme Intercommunal Calvi - Balagne",
    "@type": [
      "schema:Organization",
      "foaf:Agent",
      "Agent"
    ],
    "foaf:homepage": [
      "https://www.balagne-corsica.com/"
    ]
  },
  "hasBeenPublishedBy": [
    {
      "@id": "https://data.datatourisme.fr/8a9feb4b-2cbd-3d2c-b507-bd6c6776b23b",
      "schema:legalName": "Apidae Tourisme Scic SA - source : Apidae Tourisme",
      "@type": [
        "schema:Organization",
        "foaf:Agent",
        "Agent"
      ],
      "foaf:homepage": [
        "https://www.apidae-tourisme.com/"
      ]
    }
  ],
  "hasContact": [
    {
      "@id": "https://data.datatourisme.fr/37c95013-e929-3d22-88e5-f517a3990f7d",
      "schema:telephone": [
        "+33 4 95 47 07 21",
        "+33 4 95 65 16 67",
        "+33 4 95 65 82 00",
        "+33 6 48 01 24 27"
      ],
      "@type": [
        "foaf:Agent",
        "Agent"
      ]
    }
  ],
  "hasDescription": [
    {
      "@id": "https://data.datatourisme.fr/02e1cfa0-c8c5-3cde-b203-2d5f63217122",
      "@type": [
        "Description"
      ],
      "hasTranslatedProperty": [
        {
          "@id": "https://data.datatourisme.fr/65320b85-4bba-3ba9-ba96-7ab4bfb1ca99",
          "dc:contributor": [
            "https://api.deepl.com/v2/translate"
          ],
          "rdf:language": [
            "nl"
          ],
          "rdf:predicate": [
            "shortDescription"
          ]
        },
        {
          "@id": "https://data.datatourisme.fr/d7c72432-1ae8-32f2-b136-6d7ae3356f39",
          "dc:contributor": [
            "https://api.deepl.com/v2/translate"
          ],
          "rdf:language": [
            "de"
          ],
          "rdf:predicate": [
            "shortDescription"
          ]
        },
        {
          "@id": "https://data.datatourisme.fr/e706f169-48bf-3fd9-b797-1bcc3cc30f48",
          "dc:contributor": [
            "https://api.deepl.com/v2/translate"
          ],
          "rdf:language": [
            "es"
          ],
          "rdf:predicate": [
            "shortDescription"
          ]
        }
      ],
      "shortDescription": {
        "de": [
          "Der Strand von Calvi... einer der schönsten Strände und Golf von Korsika\r\nDer 5 km lange weiße Sandstrand von Calvi bildet einen natürlichen Bogen und offenbart dem Besucher einen atemberaubenden Blick auf die genuesische Zitadelle und die Stadt Calvi\r\nvon Christoph Kolumbus."
        ],
        "en": [
          "Calvi beach... one of Corsica's best, in one of the island's most beautiful bays.\r\nCalvi beach boasts 5 km of white sand forming a natural crescent to offer visitors an uninterrupted view of the Genoese citadel and the town of Christopher Columbus."
        ],
        "it": [
          "La spiaggia sabbiosa di Calvi… una delle spiagge più belle e del Golfo di Corsica\r\nI 5 km di sabbia bianca della spiaggia di Calvi formano un arco naturale e rivelano al visitatore una vista mozzafiato sulla cittadella genovese e sulla città.\r\ndi Cristoforo Colombo."
        ],
        "fr": [
          "La plage de Calvi… l’une des plus belles plages et golfe de Corse\r\nLes 5 km de sable blanc de la plage de Calvi forment un arc de cercle naturel et dévoilent au visiteur une vue imprenable sur la citadelle génoise et la Cité\r\nde Christophe Colomb."
        ],
        "es": [
          "La playa de Calvi... una de las más bellas playas y el golfo de Córcega\r\nLos 5 km de arena blanca de la playa de Calvi forman un arco natural y revelan al visitante una vista inexpugnable sobre la ciudadela genovesa y la Ciudad\r\nde Cristóbal Colón."
        ],
        "nl": [
          "Calvi strand... een van de mooiste stranden en de golf van Corsica\r\nDe 5 km wit zand van het strand van Calvi vormen een natuurlijke boog en onthullen de bezoeker een onneembaar uitzicht op de Genuese citadel en de stad\r\nvan Christoffel Columbus."
        ]
      }
    }
  ],
  "hasTheme": [
    {
      "@id": "kb:Bathing",
      "@type": [
        "AccommodationAmenity",
        "SportsTheme"
      ],
      "rdfs:label": {
        "de": [
          "Baden"
        ],
        "pt": [
          "Banho"
        ],
        "en": [
          "Bathing"
        ],
        "it": [
          "Bagno"
        ],
        "fr": [
          "Baignade"
        ],
        "nl": [
          "Zwemmen"
        ],
        "es": [
          "Baño"
        ]
      }
    },
    {
      "@id": "kb:PowerBoating",
      "@type": [
        "SportsTheme"
      ],
      "rdfs:label": {
        "de": [
          "Motorbootfahren"
        ],
        "pt": [
          "Motonáutica"
        ],
        "en": [
          "Power boating"
        ],
        "it": [
          "Motonautica"
        ],
        "fr": [
          "Motonautisme"
        ],
        "nl": [
          "Powerbootracing"
        ],
        "es": [
          "Navegación a motor"
        ]
      }
    },
    {
      "@id": "kb:SeaKayaking",
      "@type": [
        "SportsTheme"
      ],
      "rdfs:label": {
        "de": [
          "Seekajak"
        ],
        "pt": [
          "Caiaque marítimo"
        ],
        "en": [
          "Sea kayaking"
        ],
        "it": [
          "Kayak da mare"
        ],
        "fr": [
          "Kayak de mer"
        ],
        "nl": [
          "Zeekajakken"
        ],
        "es": [
          "Kayak de mar"
        ]
      }
    },
    {
      "@id": "kb:SportSailing",
      "@type": [
        "SportsTheme"
      ],
      "rdfs:label": {
        "de": [
          "Segelsport"
        ],
        "pt": [
          "Desporto à vela"
        ],
        "en": [
          "Sport sailing"
        ],
        "it": [
          "Sport di vela"
        ],
        "fr": [
          "Sport à voile"
        ],
        "nl": [
          "Zeilsport"
        ],
        "es": [
          "Deportes de vela"
        ]
      }
    },
    {
      "@id": "kb:StandupPaddleboarding",
      "@type": [
        "SportsTheme"
      ],
      "rdfs:label": {
        "de": [
          "Stand-up Paddle (SUP)"
        ],
        "pt": [
          "Paddle de pé (SUP)"
        ],
        "en": [
          "Standup paddleboarding"
        ],
        "it": [
          "Stand up paddle (SUP)"
        ],
        "fr": [
          "Stand up paddle sup"
        ],
        "es": [
          "Tabla de pádel surf"
        ],
        "nl": [
          "Suppen"
        ]
      }
    },
    {
      "@id": "kb:Swimming",
      "@type": [
        "SportsTheme"
      ],
      "rdfs:label": {
        "de": [
          "Schwimmen"
        ],
        "pt": [
          "Natação"
        ],
        "en": [
          "Swimming"
        ],
        "it": [
          "Nuoto"
        ],
        "fr": [
          "Natation"
        ],
        "nl": [
          "Zwemmen"
        ],
        "es": [
          "Natación"
        ]
      }
    },
    {
      "@id": "kb:TowableTube",
      "@type": [
        "SportsTheme"
      ],
      "rdfs:label": {
        "de": [
          "Banana Boat"
        ],
        "pt": [
          "Boia de tração"
        ],
        "en": [
          "Towable tube"
        ],
        "it": [
          "Ciambella trainata"
        ],
        "fr": [
          "Bouée tractée"
        ],
        "nl": [
          "Tubing"
        ],
        "es": [
          "Skibus náutico"
        ]
      }
    },
    {
      "@id": "kb:Wakeboarding",
      "@type": [
        "SportsTheme"
      ],
      "rdfs:label": {
        "de": [
          "Wake Board"
        ],
        "pt": [
          "Wakeboard"
        ],
        "en": [
          "Wakeboarding"
        ],
        "it": [
          "Wakeboard"
        ],
        "fr": [
          "Wake board"
        ],
        "nl": [
          "Wakeboarden"
        ],
        "es": [
          "Wake board"
        ]
      }
    },
    {
      "@id": "kb:Windsurfing",
      "@type": [
        "SportsTheme"
      ],
      "rdfs:label": {
        "de": [
          "Windsurfen"
        ],
        "pt": [
          "Prancha à vela"
        ],
        "en": [
          "Windsurfing"
        ],
        "it": [
          "Windsurf"
        ],
        "fr": [
          "Planche à voile"
        ],
        "es": [
          "Tabla de windsurf"
        ],
        "nl": [
          "Surfplank"
        ]
      }
    }
  ],
  "hasTranslatedProperty": [
    {
      "@id": "https://data.datatourisme.fr/185c3446-f08b-368d-8e12-f07c8ebe2976",
      "dc:contributor": [
        "https://api.deepl.com/v2/translate"
      ],
      "rdf:language": [
        "es"
      ],
      "rdf:predicate": [
        {
          "@id": "rdfs:comment"
        }
      ]
    },
    {
      "@id": "https://data.datatourisme.fr/c3001ef7-591d-3e52-995e-0f290cdad449",
      "dc:contributor": [
        "https://api.deepl.com/v2/translate"
      ],
      "rdf:language": [
        "de"
      ],
      "rdf:predicate": [
        {
          "@id": "rdfs:comment"
        }
      ]
    },
    {
      "@id": "https://data.datatourisme.fr/e8453695-4c4d-357f-b3ec-0fc4a2f0845f",
      "dc:contributor": [
        "https://api.deepl.com/v2/translate"
      ],
      "rdf:language": [
        "nl"
      ],
      "rdf:predicate": [
        {
          "@id": "rdfs:comment"
        }
      ]
    }
  ],
  "isLocatedAt": [
    {
      "@id": "https://data.datatourisme.fr/8686ea2c-00db-30d4-8326-21f9338c8e86",
      "schema:address": [
        {
          "@id": "https://data.datatourisme.fr/fb11d4ad-2908-39dc-9cfc-a3389d1f3d87",
          "schema:addressLocality": "Calvi",
          "schema:postalCode": "20260",
          "@type": [
            "schema:PostalAddress",
            "PostalAddress"
          ],
          "hasAddressCity": {
            "@id": "kb:2B050",
            "@type": [
              "City"
            ],
            "rdfs:label": {
              "en": [
                "Calvi"
              ],
              "fr": [
                "Calvi"
              ]
            },
            "insee": "2B050",
            "isPartOfDepartment": {
              "@id": "kb:France942B",
              "@type": [
                "Department"
              ],
              "rdfs:label": {
                "en": [
                  "Haute-Corse"
                ],
                "fr": [
                  "Haute-Corse"
                ]
              },
              "insee": "2B",
              "isPartOfRegion": {
                "@id": "kb:France94",
                "@type": [
                  "Region"
                ],
                "rdfs:label": {
                  "en": [
                    "Corse"
                  ],
                  "fr": [
                    "Corse"
                  ]
                },
                "insee": "94",
                "isPartOfCountry": {
                  "@id": "kb:France",
                  "@type": [
                    "schema:Country"
                  ],
                  "rdfs:label": {
                    "de": [
                      "Frankreich"
                    ],
                    "pt": [
                      "França"
                    ],
                    "en": [
                      "France"
                    ],
                    "it": [
                      "Francia"
                    ],
                    "fr": [
                      "France"
                    ],
                    "nl": [
                      "Frankrijk"
                    ],
                    "es": [
                      "Francia"
                    ]
                  }
                }
              }
            }
          }
        }
      ],
      "schema:geo": {
        "@id": "https://data.datatourisme.fr/d5acd2a2-3b95-3b8f-833a-26370fab5dd0",
        "schema:latitude": "42.562343",
        "schema:longitude": "8.756381",
        "@type": [
          "schema:GeoCoordinates"
        ]
      },
      "schema:openingHoursSpecification": [
        {
          "@id": "https://data.datatourisme.fr/f87e535a-636d-3343-ad63-8a03392e7511",
          "schema:validFrom": "2023-01-01T00:00:00",
          "schema:validThrough": "2023-12-31T23:59:59",
          "@type": [
            "schema:OpeningHoursSpecification"
          ]
        }
      ],
      "@type": [
        "schema:Place",
        "Place"
      ]
    }
  ],
  "isOwnedBy": [
    {
      "@id": "https://data.datatourisme.fr/194c52e6-bbae-33dc-8464-caca97844fbb",
      "schema:email": [
        "info@balagne-corsica.com"
      ],
      "schema:legalName": "Office de Tourisme Intercommunal Calvi - Balagne",
      "@type": [
        "schema:Organization",
        "foaf:Agent",
        "Agent"
      ],
      "foaf:homepage": [
        "https://www.balagne-corsica.com/"
      ]
    }
  ],
  "lastUpdate": "2022-06-16",
  "lastUpdateDatatourisme": "2023-02-22T06:42:37.873Z"
}