{
  "@id": "https://data.datatourisme.fr/13/67672c80-bfd2-39b2-bf43-575dd094a6b6",
  "dc:identifier": "6093450",
  "@type": [
    "schema:Landform",
    "Beach",
    "NaturalHeritage",
    "PlaceOfInterest",
    "PointOfInterest",
    "SportsAndLeisurePlace"
  ],
  "rdfs:comment": {
    "de": [
      "In diesem kleinen Golf befindet sich ein wunderschöner Strand, der vom Teich von Arasu gesäumt wird.\r\nEin genuesischer Turm dominiert diesen Ort und zahlreiche Überreste wurden in der Nähe der Mündung des Osu entdeckt."
    ],
    "en": [
      "This small gulf contains a magnificent beach bordered by the pond of Arasu.\r\nA Genoese tower dominates this site and many vestiges have been discovered near the mouth of the Osu."
    ],
    "it": [
      "Questo piccolo golfo contiene una magnifica spiaggia delimitata dallo stagno di Arasu.\r\nUna torre genovese domina questo sito e numerosi resti sono stati scoperti vicino alla foce dell'Osu."
    ],
    "fr": [
      "Ce petit golfe renferme une magnifique plage bordée par l’étang d’Arasu.\r\nUne tour génoise domine ce site et de nombreux vestiges ont été découvert à proximité de l’embouchure de l’Osu."
    ],
    "es": [
      "Este pequeño golfo contiene una magnífica playa bordeada por el estanque de Arasu.\r\nUna torre genovesa domina este lugar y se han descubierto numerosos restos cerca de la desembocadura del Osu."
    ],
    "nl": [
      "Deze kleine golf bevat een prachtig strand dat grenst aan de vijver van Arasu.\r\nEen Genuese toren domineert deze plek en bij de monding van de Osu zijn vele overblijfselen ontdekt."
    ]
  },
  "rdfs:label": {
    "fr": [
      "La plage de Saint Cyprien"
    ]
  },
  "hasBeenCreatedBy": {
    "@id": "https://data.datatourisme.fr/13/84c6494d-3085-3c63-a55c-db8cb047fadd",
    "dc:identifier": "1738",
    "schema:email": [
      "camillef.omt@gmail.com",
      "direction@destination-sudcorse.com",
      "gestion@destination-sudcorse.com",
      "promotion@destination-sudcorse.com",
      "webmaster@destination-sudcorse.com"
    ],
    "schema:legalName": "Porto Vecchio Tourisme",
    "@type": [
      "schema:Organization",
      "foaf:Agent",
      "Agent"
    ],
    "foaf:homepage": [
      "http://www.ot-portovecchio.com/"
    ]
  },
  "hasBeenPublishedBy": [
    {
      "@id": "https://data.datatourisme.fr/8a9feb4b-2cbd-3d2c-b507-bd6c6776b23b",
      "schema:legalName": "Apidae Tourisme Scic SA - source : Apidae Tourisme",
      "@type": [
        "schema:Organization",
        "foaf:Agent",
        "Agent"
      ],
      "foaf:homepage": [
        "https://www.apidae-tourisme.com/"
      ]
    }
  ],
  "hasContact": [
    {
      "@id": "https://data.datatourisme.fr/552ff804-74cf-3250-9be9-6d8b6d38c56d",
      "schema:telephone": [
        "+33 4 95 71 05 75"
      ],
      "@type": [
        "foaf:Agent",
        "Agent"
      ]
    }
  ],
  "hasDescription": [
    {
      "@id": "https://data.datatourisme.fr/7f716504-02ff-32fc-9451-29c35e525d02",
      "@type": [
        "Description"
      ],
      "hasTranslatedProperty": [
        {
          "@id": "https://data.datatourisme.fr/34ccb022-47e3-3ada-abed-4c615ad220f0",
          "dc:contributor": [
            "https://api.deepl.com/v2/translate"
          ],
          "rdf:language": [
            "es"
          ],
          "rdf:predicate": [
            "shortDescription"
          ]
        },
        {
          "@id": "https://data.datatourisme.fr/74bff721-d3d8-367b-844c-8e8855d44ad8",
          "dc:contributor": [
            "https://api.deepl.com/v2/translate"
          ],
          "rdf:language": [
            "nl"
          ],
          "rdf:predicate": [
            "shortDescription"
          ]
        },
        {
          "@id": "https://data.datatourisme.fr/9fa143dc-b257-3061-8117-c526ef854622",
          "dc:contributor": [
            "https://api.deepl.com/v2/translate"
          ],
          "rdf:language": [
            "en"
          ],
          "rdf:predicate": [
            "shortDescription"
          ]
        },
        {
          "@id": "https://data.datatourisme.fr/b2fd173a-8436-37d2-9192-da3b3be1ab7f",
          "dc:contributor": [
            "https://api.deepl.com/v2/translate"
          ],
          "rdf:language": [
            "de"
          ],
          "rdf:predicate": [
            "shortDescription"
          ]
        },
        {
          "@id": "https://data.datatourisme.fr/dc0385f3-2e5a-3dbe-a5b9-f3ed340ba648",
          "dc:contributor": [
            "https://api.deepl.com/v2/translate"
          ],
          "rdf:language": [
            "it"
          ],
          "rdf:predicate": [
            "shortDescription"
          ]
        }
      ],
      "shortDescription": {
        "de": [
          "In diesem kleinen Golf befindet sich ein wunderschöner Strand, der vom Teich von Arasu gesäumt wird.\r\nEin genuesischer Turm dominiert diesen Ort und zahlreiche Überreste wurden in der Nähe der Mündung des Osu entdeckt."
        ],
        "en": [
          "This small gulf contains a magnificent beach bordered by the pond of Arasu.\r\nA Genoese tower dominates this site and many vestiges have been discovered near the mouth of the Osu."
        ],
        "it": [
          "Questo piccolo golfo contiene una magnifica spiaggia delimitata dallo stagno di Arasu.\r\nUna torre genovese domina questo sito e numerosi resti sono stati scoperti vicino alla foce dell'Osu."
        ],
        "fr": [
          "Ce petit golfe renferme une magnifique plage bordée par l’étang d’Arasu.\r\nUne tour génoise domine ce site et de nombreux vestiges ont été découvert à proximité de l’embouchure de l’Osu."
        ],
        "es": [
          "Este pequeño golfo contiene una magnífica playa bordeada por el estanque de Arasu.\r\nUna torre genovesa domina este lugar y se han descubierto numerosos restos cerca de la desembocadura del Osu."
        ],
        "nl": [
          "Deze kleine golf bevat een prachtig strand dat grenst aan de vijver van Arasu.\r\nEen Genuese toren domineert deze plek en bij de monding van de Osu zijn vele overblijfselen ontdekt."
        ]
      }
    }
  ],
  "hasTheme": [
    {
      "@id": "kb:Bathing",
      "@type": [
        "AccommodationAmenity",
        "SportsTheme"
      ],
      "rdfs:label": {
        "de": [
          "Baden"
        ],
        "pt": [
          "Banho"
        ],
        "en": [
          "Bathing"
        ],
        "it": [
          "Bagno"
        ],
        "fr": [
          "Baignade"
        ],
        "nl": [
          "Zwemmen"
        ],
        "es": [
          "Baño"
        ]
      }
    }
  ],
  "hasTranslatedProperty": [
    {
      "@id": "https://data.datatourisme.fr/9ea7b558-6ecc-3709-8477-786b92c5dd45",
      "dc:contributor": [
        "https://api.deepl.com/v2/translate"
      ],
      "rdf:language": [
        "en"
      ],
      "rdf:predicate": [
        {
          "@id": "rdfs:comment"
        }
      ]
    },
    {
      "@id": "https://data.datatourisme.fr/acef8cdc-99ff-3efd-a4e9-25976c40f01a",
      "dc:contributor": [
        "https://api.deepl.com/v2/translate"
      ],
      "rdf:language": [
        "nl"
      ],
      "rdf:predicate": [
        {
          "@id": "rdfs:comment"
        }
      ]
    },
    {
      "@id": "https://data.datatourisme.fr/ced4ec78-8b31-366a-9659-02a7315fa94e",
      "dc:contributor": [
        "https://api.deepl.com/v2/translate"
      ],
      "rdf:language": [
        "de"
      ],
      "rdf:predicate": [
        {
          "@id": "rdfs:comment"
        }
      ]
    },
    {
      "@id": "https://data.datatourisme.fr/e41563c7-c878-38b5-8304-2473f145e4f9",
      "dc:contributor": [
        "https://api.deepl.com/v2/translate"
      ],
      "rdf:language": [
        "es"
      ],
      "rdf:predicate": [
        {
          "@id": "rdfs:comment"
        }
      ]
    },
    {
      "@id": "https://data.datatourisme.fr/e461ba72-5642-358d-852e-80c435023f8e",
      "dc:contributor": [
        "https://api.deepl.com/v2/translate"
      ],
      "rdf:language": [
        "it"
      ],
      "rdf:predicate": [
        {
          "@id": "rdfs:comment"
        }
      ]
    }
  ],
  "isLocatedAt": [
    {
      "@id": "https://data.datatourisme.fr/b3bf5428-f0f9-3ddf-86bf-3526a04b2a82",
      "schema:address": [
        {
          "@id": "https://data.datatourisme.fr/cc0a7c46-a135-32a7-acdd-4cf9011fc705",
          "schema:addressLocality": "Lecci",
          "schema:postalCode": "20137",
          "schema:streetAddress": [
            "Saint Cyprien"
          ],
          "@type": [
            "schema:PostalAddress",
            "PostalAddress"
          ],
          "hasAddressCity": {
            "@id": "kb:2A139",
            "@type": [
              "City"
            ],
            "rdfs:label": {
              "en": [
                "Lecci"
              ],
              "fr": [
                "Lecci"
              ]
            },
            "insee": "2A139",
            "isPartOfDepartment": {
              "@id": "kb:France942A",
              "@type": [
                "Department"
              ],
              "rdfs:label": {
                "en": [
                  "Corse-du-Sud"
                ],
                "fr": [
                  "Corse-du-Sud"
                ]
              },
              "insee": "2A",
              "isPartOfRegion": {
                "@id": "kb:France94",
                "@type": [
                  "Region"
                ],
                "rdfs:label": {
                  "en": [
                    "Corse"
                  ],
                  "fr": [
                    "Corse"
                  ]
                },
                "insee": "94",
                "isPartOfCountry": {
                  "@id": "kb:France",
                  "@type": [
                    "schema:Country"
                  ],
                  "rdfs:label": {
                    "de": [
                      "Frankreich"
                    ],
                    "pt": [
                      "França"
                    ],
                    "en": [
                      "France"
                    ],
                    "it": [
                      "Francia"
                    ],
                    "fr": [
                      "France"
                    ],
                    "nl": [
                      "Frankrijk"
                    ],
                    "es": [
                      "Francia"
                    ]
                  }
                }
              }
            }
          }
        }
      ],
      "schema:geo": {
        "@id": "https://data.datatourisme.fr/22f5ce0c-c345-39ad-9abe-14562b858143",
        "schema:latitude": "41.632348",
        "schema:longitude": "9.345355",
        "@type": [
          "schema:GeoCoordinates"
        ]
      },
      "schema:openingHoursSpecification": [
        {
          "@id": "https://data.datatourisme.fr/f87e535a-636d-3343-ad63-8a03392e7511",
          "schema:validFrom": "2023-01-01T00:00:00",
          "schema:validThrough": "2023-12-31T23:59:59",
          "@type": [
            "schema:OpeningHoursSpecification"
          ]
        }
      ],
      "@type": [
        "schema:Place",
        "Place"
      ]
    }
  ],
  "isOwnedBy": [
    {
      "@id": "https://data.datatourisme.fr/f5f950f9-5eec-32b4-a357-2c969ccf4068",
      "schema:email": [
        "camillef.omt@gmail.com",
        "direction@destination-sudcorse.com",
        "gestion@destination-sudcorse.com",
        "promotion@destination-sudcorse.com",
        "webmaster@destination-sudcorse.com"
      ],
      "schema:legalName": "Porto Vecchio Tourisme",
      "@type": [
        "schema:Organization",
        "foaf:Agent",
        "Agent"
      ],
      "foaf:homepage": [
        "http://www.ot-portovecchio.com/"
      ]
    }
  ],
  "lastUpdate": "2022-09-30",
  "lastUpdateDatatourisme": "2023-02-11T06:38:49.036Z"
}