{
  "@id": "https://data.datatourisme.fr/13/67c36de7-d88f-39c1-81ff-fe839c61cd9c",
  "dc:identifier": "5980437",
  "@type": [
    "schema:FoodEstablishment",
    "FoodEstablishment",
    "PlaceOfInterest",
    "PointOfInterest"
  ],
  "rdfs:comment": {
    "de": [
      "Von 6 bis 22 Uhr nonstop - Frühstück - Mittagsservice (Salate, Burger, Tagesgerichte), Brunch jeden Sonntag. Große Auswahl an Bieren aus aller Welt - Teestube. Durchgehender Service."
    ],
    "en": [
      "From 6am to 10pm non stop - breakfast - lunch service (salads, burgers, daily specials), brunch every Sunday. Large selection of beers from around the world - Tea room. Continuous service."
    ],
    "it": [
      "Dalle 6.00 alle 22.00, colazione, pranzo (insalate, hamburger, specialità del giorno), brunch ogni domenica. Ampia selezione di birre da tutto il mondo - Sala da tè. Servizio continuo."
    ],
    "fr": [
      "De 6h à 22h non stop - petit déjeuner - service du midi (salades, burgers, plats du jour), brunch tous les dimanches. Grand choix de bières du monde - Salon de thé. Service continu."
    ],
    "nl": [
      "Van 6 tot 22 uur non-stop - ontbijt - lunch service (salades, hamburgers, dagelijkse specials), brunch elke zondag. Grote selectie van bieren uit de hele wereld - Tearoom. Continue dienst."
    ],
    "es": [
      "Desde las 6 de la mañana hasta las 10 de la noche sin interrupción - desayuno - servicio de almuerzo (ensaladas, hamburguesas, platos del día), brunch todos los domingos. Gran selección de cervezas de todo el mundo. Servicio continuo."
    ]
  },
  "rdfs:label": {
    "fr": [
      "Ghisoni's Coffee House"
    ]
  },
  "hasBeenCreatedBy": {
    "@id": "https://data.datatourisme.fr/13/84c6494d-3085-3c63-a55c-db8cb047fadd",
    "dc:identifier": "1738",
    "schema:email": [
      "camillef.omt@gmail.com",
      "direction@destination-sudcorse.com",
      "gestion@destination-sudcorse.com",
      "promotion@destination-sudcorse.com",
      "webmaster@destination-sudcorse.com"
    ],
    "schema:legalName": "Porto Vecchio Tourisme",
    "@type": [
      "schema:Organization",
      "foaf:Agent",
      "Agent"
    ],
    "foaf:homepage": [
      "http://www.ot-portovecchio.com/"
    ]
  },
  "hasBeenPublishedBy": [
    {
      "@id": "https://data.datatourisme.fr/8a9feb4b-2cbd-3d2c-b507-bd6c6776b23b",
      "schema:legalName": "Apidae Tourisme Scic SA - source : Apidae Tourisme",
      "@type": [
        "schema:Organization",
        "foaf:Agent",
        "Agent"
      ],
      "foaf:homepage": [
        "https://www.apidae-tourisme.com/"
      ]
    }
  ],
  "hasContact": [
    {
      "@id": "https://data.datatourisme.fr/d8cfb4c4-6533-3cdb-a534-844ba22d496b",
      "schema:email": [
        "contact@ghisoni-mariotti.com"
      ],
      "schema:telephone": [
        "+33 4 95 25 96 91"
      ],
      "@type": [
        "foaf:Agent",
        "Agent"
      ],
      "foaf:homepage": [
        "https://ghisoni-mariotti.com/"
      ]
    }
  ],
  "hasDescription": [
    {
      "@id": "https://data.datatourisme.fr/1aae031d-8933-33d2-996d-550e4651de79",
      "@type": [
        "Description"
      ],
      "hasTranslatedProperty": [
        {
          "@id": "https://data.datatourisme.fr/162231aa-cd24-3ef2-b064-f99653d2c947",
          "dc:contributor": [
            "https://api.deepl.com/v2/translate"
          ],
          "rdf:language": [
            "es"
          ],
          "rdf:predicate": [
            "shortDescription"
          ]
        },
        {
          "@id": "https://data.datatourisme.fr/5471478d-09a5-3057-b6a8-db2b0e2ad8e0",
          "dc:contributor": [
            "https://api.deepl.com/v2/translate"
          ],
          "rdf:language": [
            "en"
          ],
          "rdf:predicate": [
            "shortDescription"
          ]
        },
        {
          "@id": "https://data.datatourisme.fr/7ccab268-5354-37f4-b703-55178851c97c",
          "dc:contributor": [
            "https://api.deepl.com/v2/translate"
          ],
          "rdf:language": [
            "de"
          ],
          "rdf:predicate": [
            "shortDescription"
          ]
        },
        {
          "@id": "https://data.datatourisme.fr/8d188b1a-6477-329c-b69e-d4faf1696644",
          "dc:contributor": [
            "https://api.deepl.com/v2/translate"
          ],
          "rdf:language": [
            "nl"
          ],
          "rdf:predicate": [
            "shortDescription"
          ]
        },
        {
          "@id": "https://data.datatourisme.fr/b0c0af96-37c9-3c21-a1e7-f0b73da73ee6",
          "dc:contributor": [
            "https://api.deepl.com/v2/translate"
          ],
          "rdf:language": [
            "it"
          ],
          "rdf:predicate": [
            "shortDescription"
          ]
        }
      ],
      "shortDescription": {
        "de": [
          "Von 6 bis 22 Uhr nonstop - Frühstück - Mittagsservice (Salate, Burger, Tagesgerichte), Brunch jeden Sonntag. Große Auswahl an Bieren aus aller Welt - Teestube. Durchgehender Service."
        ],
        "en": [
          "From 6am to 10pm non stop - breakfast - lunch service (salads, burgers, daily specials), brunch every Sunday. Large selection of beers from around the world - Tea room. Continuous service."
        ],
        "it": [
          "Dalle 6.00 alle 22.00, colazione, pranzo (insalate, hamburger, specialità del giorno), brunch ogni domenica. Ampia selezione di birre da tutto il mondo - Sala da tè. Servizio continuo."
        ],
        "fr": [
          "De 6h à 22h non stop - petit déjeuner - service du midi (salades, burgers, plats du jour), brunch tous les dimanches. Grand choix de bières du monde - Salon de thé. Service continu."
        ],
        "nl": [
          "Van 6 tot 22 uur non-stop - ontbijt - lunch service (salades, hamburgers, dagelijkse specials), brunch elke zondag. Grote selectie van bieren uit de hele wereld - Tearoom. Continue dienst."
        ],
        "es": [
          "Desde las 6 de la mañana hasta las 10 de la noche sin interrupción - desayuno - servicio de almuerzo (ensaladas, hamburguesas, platos del día), brunch todos los domingos. Gran selección de cervezas de todo el mundo. Servicio continuo."
        ]
      }
    }
  ],
  "hasTranslatedProperty": [
    {
      "@id": "https://data.datatourisme.fr/0332d776-6a10-3e83-86da-caf9e8aaf504",
      "dc:contributor": [
        "https://api.deepl.com/v2/translate"
      ],
      "rdf:language": [
        "it"
      ],
      "rdf:predicate": [
        {
          "@id": "rdfs:comment"
        }
      ]
    },
    {
      "@id": "https://data.datatourisme.fr/074e51ad-8738-3733-9e42-03da6cff6356",
      "dc:contributor": [
        "https://api.deepl.com/v2/translate"
      ],
      "rdf:language": [
        "en"
      ],
      "rdf:predicate": [
        {
          "@id": "rdfs:comment"
        }
      ]
    },
    {
      "@id": "https://data.datatourisme.fr/1254fdf4-603a-3448-90e4-c0b0bd95a431",
      "dc:contributor": [
        "https://api.deepl.com/v2/translate"
      ],
      "rdf:language": [
        "es"
      ],
      "rdf:predicate": [
        {
          "@id": "rdfs:comment"
        }
      ]
    },
    {
      "@id": "https://data.datatourisme.fr/94a5c5f1-2e53-345f-86b2-c04c8d83f69b",
      "dc:contributor": [
        "https://api.deepl.com/v2/translate"
      ],
      "rdf:language": [
        "de"
      ],
      "rdf:predicate": [
        {
          "@id": "rdfs:comment"
        }
      ]
    },
    {
      "@id": "https://data.datatourisme.fr/e60ebd2c-9bba-31f5-9c06-caa6eaf0cbed",
      "dc:contributor": [
        "https://api.deepl.com/v2/translate"
      ],
      "rdf:language": [
        "nl"
      ],
      "rdf:predicate": [
        {
          "@id": "rdfs:comment"
        }
      ]
    }
  ],
  "isLocatedAt": [
    {
      "@id": "https://data.datatourisme.fr/3abd1b11-1c2e-3184-a502-9f45f696d553",
      "schema:address": [
        {
          "@id": "https://data.datatourisme.fr/9a03752f-7c5b-3af6-8a18-4abb5524469f",
          "schema:addressLocality": "Lecci",
          "schema:postalCode": "20137",
          "schema:streetAddress": [
            "Lieu dit Ciaccone",
            "Pont de l'Oso"
          ],
          "@type": [
            "schema:PostalAddress",
            "PostalAddress"
          ],
          "hasAddressCity": {
            "@id": "kb:2A139",
            "@type": [
              "City"
            ],
            "rdfs:label": {
              "en": [
                "Lecci"
              ],
              "fr": [
                "Lecci"
              ]
            },
            "insee": "2A139",
            "isPartOfDepartment": {
              "@id": "kb:France942A",
              "@type": [
                "Department"
              ],
              "rdfs:label": {
                "en": [
                  "Corse-du-Sud"
                ],
                "fr": [
                  "Corse-du-Sud"
                ]
              },
              "insee": "2A",
              "isPartOfRegion": {
                "@id": "kb:France94",
                "@type": [
                  "Region"
                ],
                "rdfs:label": {
                  "en": [
                    "Corse"
                  ],
                  "fr": [
                    "Corse"
                  ]
                },
                "insee": "94",
                "isPartOfCountry": {
                  "@id": "kb:France",
                  "@type": [
                    "schema:Country"
                  ],
                  "rdfs:label": {
                    "de": [
                      "Frankreich"
                    ],
                    "pt": [
                      "França"
                    ],
                    "en": [
                      "France"
                    ],
                    "it": [
                      "Francia"
                    ],
                    "fr": [
                      "France"
                    ],
                    "nl": [
                      "Frankrijk"
                    ],
                    "es": [
                      "Francia"
                    ]
                  }
                }
              }
            }
          }
        }
      ],
      "schema:geo": {
        "@id": "https://data.datatourisme.fr/d5c8f858-2a62-3656-b62e-2404cd1130f0",
        "schema:latitude": "41.666977",
        "schema:longitude": "9.30719",
        "@type": [
          "schema:GeoCoordinates"
        ]
      },
      "schema:openingHoursSpecification": [
        {
          "@id": "https://data.datatourisme.fr/f87e535a-636d-3343-ad63-8a03392e7511",
          "schema:validFrom": "2023-01-01T00:00:00",
          "schema:validThrough": "2023-12-31T23:59:59",
          "@type": [
            "schema:OpeningHoursSpecification"
          ]
        }
      ],
      "@type": [
        "schema:Place",
        "Place"
      ]
    }
  ],
  "isOwnedBy": [
    {
      "@id": "https://data.datatourisme.fr/f5f950f9-5eec-32b4-a357-2c969ccf4068",
      "schema:email": [
        "camillef.omt@gmail.com",
        "direction@destination-sudcorse.com",
        "gestion@destination-sudcorse.com",
        "promotion@destination-sudcorse.com",
        "webmaster@destination-sudcorse.com"
      ],
      "schema:legalName": "Porto Vecchio Tourisme",
      "@type": [
        "schema:Organization",
        "foaf:Agent",
        "Agent"
      ],
      "foaf:homepage": [
        "http://www.ot-portovecchio.com/"
      ]
    }
  ],
  "lastUpdate": "2023-02-14",
  "lastUpdateDatatourisme": "2023-02-15T06:38:07.086Z"
}