{
  "@id": "https://data.datatourisme.fr/13/671c1128-3245-39e6-b2fb-1a4edc7b8fe7",
  "dc:identifier": "5240396",
  "@type": [
    "schema:FoodEstablishment",
    "FoodEstablishment",
    "PlaceOfInterest",
    "PointOfInterest"
  ],
  "rdfs:comment": {
    "de": [
      "Ein obligatorischer Halt in diesem 1971 gegründeten ausgezeichneten Lokal mit einer AUTHENTISCHEN und ABORTABILEN korsischen Küche."
    ],
    "en": [
      "Obligatory stop in this excellent establishment created in 1971 with an AUTHENTIC and ABORDABLE Corsican cuisine."
    ],
    "it": [
      "Una tappa obbligata in questo eccellente locale creato nel 1971 con una cucina corsa AUTENTICA e ABORDABILE."
    ],
    "fr": [
      "Halte obligatoire dans cet excellent établissement créé en 1971. Une cuisine corse authentique élaborée à partir de produits du terroir de qualité, faits maison ! Situé à 15 min de Porto-Vecchio, dans un cadre calme avec une agréable terrasse extérieure."
    ],
    "es": [
      "Una parada obligatoria en este excelente establecimiento creado en 1971. Auténtica cocina corsa elaborada con productos locales de calidad, ¡caseros! Situado a 15 minutos de Porto-Vecchio, en un entorno tranquilo con una agradable terraza exterior."
    ],
    "nl": [
      "Een verplichte halte in dit uitstekende etablissement dat in 1971 werd opgericht met een AUTHENTIEKE en ABORDABELE Corsicaanse keuken."
    ]
  },
  "rdfs:label": {
    "fr": [
      "Le Relais"
    ]
  },
  "hasBeenCreatedBy": {
    "@id": "https://data.datatourisme.fr/13/84c6494d-3085-3c63-a55c-db8cb047fadd",
    "dc:identifier": "1738",
    "schema:email": [
      "camillef.omt@gmail.com",
      "direction@destination-sudcorse.com",
      "gestion@destination-sudcorse.com",
      "promotion@destination-sudcorse.com",
      "webmaster@destination-sudcorse.com"
    ],
    "schema:legalName": "Porto Vecchio Tourisme",
    "@type": [
      "schema:Organization",
      "foaf:Agent",
      "Agent"
    ],
    "foaf:homepage": [
      "http://www.ot-portovecchio.com/"
    ]
  },
  "hasBeenPublishedBy": [
    {
      "@id": "https://data.datatourisme.fr/8a9feb4b-2cbd-3d2c-b507-bd6c6776b23b",
      "schema:legalName": "Apidae Tourisme Scic SA - source : Apidae Tourisme",
      "@type": [
        "schema:Organization",
        "foaf:Agent",
        "Agent"
      ],
      "foaf:homepage": [
        "https://www.apidae-tourisme.com/"
      ]
    }
  ],
  "hasContact": [
    {
      "@id": "https://data.datatourisme.fr/f0ce6a5e-4fa4-3219-88a6-531e65a0f371",
      "schema:email": [
        "lerelaissotta@gmail.com"
      ],
      "schema:telephone": [
        "+33 4 95 20 80 21"
      ],
      "@type": [
        "foaf:Agent",
        "Agent"
      ]
    }
  ],
  "hasDescription": [
    {
      "@id": "https://data.datatourisme.fr/a149e6d7-360b-3c55-b0d3-ac7218f0e8e0",
      "@type": [
        "Description"
      ],
      "hasTranslatedProperty": [
        {
          "@id": "https://data.datatourisme.fr/09f918c4-8134-3526-b4ab-b55250681999",
          "dc:contributor": [
            "https://api.deepl.com/v2/translate"
          ],
          "rdf:language": [
            "es"
          ],
          "rdf:predicate": [
            "shortDescription"
          ]
        }
      ],
      "shortDescription": {
        "de": [
          "Ein obligatorischer Halt in diesem 1971 gegründeten ausgezeichneten Lokal mit einer AUTHENTISCHEN und ABORTABILEN korsischen Küche."
        ],
        "en": [
          "Obligatory stop in this excellent establishment created in 1971 with an AUTHENTIC and ABORDABLE Corsican cuisine."
        ],
        "it": [
          "Una tappa obbligata in questo eccellente locale creato nel 1971 con una cucina corsa AUTENTICA e ABORDABILE."
        ],
        "fr": [
          "Halte obligatoire dans cet excellent établissement créé en 1971. Une cuisine corse authentique élaborée à partir de produits du terroir de qualité, faits maison ! Situé à 15 min de Porto-Vecchio, dans un cadre calme avec une agréable terrasse extérieure."
        ],
        "es": [
          "Una parada obligatoria en este excelente establecimiento creado en 1971. Auténtica cocina corsa elaborada con productos locales de calidad, ¡caseros! Situado a 15 minutos de Porto-Vecchio, en un entorno tranquilo con una agradable terraza exterior."
        ],
        "nl": [
          "Een verplichte halte in dit uitstekende etablissement dat in 1971 werd opgericht met een AUTHENTIEKE en ABORDABELE Corsicaanse keuken."
        ]
      }
    }
  ],
  "hasTranslatedProperty": [
    {
      "@id": "https://data.datatourisme.fr/bc805732-d608-3dc8-91fe-f6b3923ba1a2",
      "dc:contributor": [
        "https://api.deepl.com/v2/translate"
      ],
      "rdf:language": [
        "es"
      ],
      "rdf:predicate": [
        {
          "@id": "rdfs:comment"
        }
      ]
    }
  ],
  "isLocatedAt": [
    {
      "@id": "https://data.datatourisme.fr/af441e1e-ff93-3b6e-b272-17e34f5ff342",
      "schema:address": [
        {
          "@id": "https://data.datatourisme.fr/ddc7dd6b-bc37-3ab6-a77b-e576da848366",
          "schema:addressLocality": "Sotta",
          "schema:postalCode": "20146",
          "schema:streetAddress": [
            "Village de Sotta"
          ],
          "@type": [
            "schema:PostalAddress",
            "PostalAddress"
          ],
          "hasAddressCity": {
            "@id": "kb:2A288",
            "@type": [
              "City"
            ],
            "rdfs:label": {
              "en": [
                "Sotta"
              ],
              "fr": [
                "Sotta"
              ]
            },
            "insee": "2A288",
            "isPartOfDepartment": {
              "@id": "kb:France942A",
              "@type": [
                "Department"
              ],
              "rdfs:label": {
                "en": [
                  "Corse-du-Sud"
                ],
                "fr": [
                  "Corse-du-Sud"
                ]
              },
              "insee": "2A",
              "isPartOfRegion": {
                "@id": "kb:France94",
                "@type": [
                  "Region"
                ],
                "rdfs:label": {
                  "en": [
                    "Corse"
                  ],
                  "fr": [
                    "Corse"
                  ]
                },
                "insee": "94",
                "isPartOfCountry": {
                  "@id": "kb:France",
                  "@type": [
                    "schema:Country"
                  ],
                  "rdfs:label": {
                    "de": [
                      "Frankreich"
                    ],
                    "pt": [
                      "França"
                    ],
                    "en": [
                      "France"
                    ],
                    "it": [
                      "Francia"
                    ],
                    "fr": [
                      "France"
                    ],
                    "nl": [
                      "Frankrijk"
                    ],
                    "es": [
                      "Francia"
                    ]
                  }
                }
              }
            }
          }
        }
      ],
      "schema:geo": {
        "@id": "https://data.datatourisme.fr/2dd572be-4c2d-3e69-a070-0f15b7f3f8e2",
        "schema:latitude": "41.545",
        "schema:longitude": "9.1962",
        "@type": [
          "schema:GeoCoordinates"
        ]
      },
      "schema:openingHoursSpecification": [
        {
          "@id": "https://data.datatourisme.fr/5f5b3d0e-b8a1-3532-8302-7818726e16b3",
          "schema:validFrom": "2023-01-01T00:00:00",
          "schema:validThrough": "2023-12-17T23:59:59",
          "@type": [
            "schema:OpeningHoursSpecification"
          ]
        }
      ],
      "@type": [
        "schema:Place",
        "Place"
      ]
    }
  ],
  "isOwnedBy": [
    {
      "@id": "https://data.datatourisme.fr/f5f950f9-5eec-32b4-a357-2c969ccf4068",
      "schema:email": [
        "camillef.omt@gmail.com",
        "direction@destination-sudcorse.com",
        "gestion@destination-sudcorse.com",
        "promotion@destination-sudcorse.com",
        "webmaster@destination-sudcorse.com"
      ],
      "schema:legalName": "Porto Vecchio Tourisme",
      "@type": [
        "schema:Organization",
        "foaf:Agent",
        "Agent"
      ],
      "foaf:homepage": [
        "http://www.ot-portovecchio.com/"
      ]
    }
  ],
  "lastUpdate": "2023-02-15",
  "lastUpdateDatatourisme": "2023-02-24T06:40:40.245Z",
  "offers": [
    {
      "@id": "https://data.datatourisme.fr/79c3f758-561f-3af7-8aeb-d7554ba2317e",
      "schema:priceSpecification": [
        {
          "@id": "https://data.datatourisme.fr/ae488bc9-be9f-3419-8b0f-3382e9b4059d",
          "schema:maxPrice": [
            "34"
          ],
          "schema:minPrice": [
            "14"
          ],
          "schema:priceCurrency": "EUR",
          "@type": [
            "schema:PriceSpecification",
            "PriceSpecification"
          ],
          "appliesOnPeriod": [
            {
              "@id": "https://data.datatourisme.fr/bf103b84-48c1-3c6f-b80f-f7b748978f42",
              "@type": [
                "Period"
              ],
              "endDate": "2023-12-17",
              "startDate": "2023-01-01"
            }
          ]
        }
      ],
      "@type": [
        "schema:Offer",
        "Offer"
      ]
    }
  ]
}