{
  "@id": "https://data.datatourisme.fr/13/6a7f705c-2164-3b62-8578-fed40102c355",
  "dc:identifier": "5502820",
  "@type": [
    "schema:FoodEstablishment",
    "FoodEstablishment",
    "PlaceOfInterest",
    "PointOfInterest"
  ],
  "rdfs:comment": {
    "de": [
      "Ein herzlicher Empfang wird Ihnen für eine angenehme Zeit in Cala Rossa bereitet. Lassen Sie sich von einem diskreten und aufmerksamen Service beraten und mitreißen."
    ],
    "en": [
      "A warm welcome will be reserved for you for a pleasant moment in Cala Rossa. Settled under the lentisks, at the seaside with the sea and the relief as the only horizon, let yourself be advised and carried away by a discreet and attentive service."
    ],
    "it": [
      "Un caloroso benvenuto vi attende per un piacevole momento a Cala Rossa. Sistemati sotto i lentischi, in riva al mare, con il mare e le colline come unico orizzonte, lasciatevi consigliare e trasportare da un servizio discreto e attento."
    ],
    "fr": [
      "Un accueil chaleureux vous sera réservé pour un agréable moment à Cala Rossa. Installés sous les lentisques, au bord de mer avec pour seul horizon la mer et les reliefs, laissez vous conseiller et emporter par un service discret et attentionné."
    ],
    "es": [
      "Una cálida bienvenida le espera para pasar un momento agradable en Cala Rossa. Instalado bajo los lentiscos, a orillas del mar con el mar y las colinas como único horizonte, déjese aconsejar y llevar por un servicio discreto y atento."
    ],
    "nl": [
      "Een warm welkom wacht op u voor een aangenaam moment in Cala Rossa. Genesteld onder de lentisken, aan zee met de zee en de heuvels als enige horizon, laat u zich adviseren en meeslepen door een discrete en attente bediening."
    ]
  },
  "rdfs:label": {
    "fr": [
      "Ranch'O Plage"
    ]
  },
  "hasBeenCreatedBy": {
    "@id": "https://data.datatourisme.fr/13/84c6494d-3085-3c63-a55c-db8cb047fadd",
    "dc:identifier": "1738",
    "schema:email": [
      "camillef.omt@gmail.com",
      "direction@destination-sudcorse.com",
      "gestion@destination-sudcorse.com",
      "promotion@destination-sudcorse.com",
      "webmaster@destination-sudcorse.com"
    ],
    "schema:legalName": "Porto Vecchio Tourisme",
    "@type": [
      "schema:Organization",
      "foaf:Agent",
      "Agent"
    ],
    "foaf:homepage": [
      "http://www.ot-portovecchio.com/"
    ]
  },
  "hasBeenPublishedBy": [
    {
      "@id": "https://data.datatourisme.fr/8a9feb4b-2cbd-3d2c-b507-bd6c6776b23b",
      "schema:legalName": "Apidae Tourisme Scic SA - source : Apidae Tourisme",
      "@type": [
        "schema:Organization",
        "foaf:Agent",
        "Agent"
      ],
      "foaf:homepage": [
        "https://www.apidae-tourisme.com/"
      ]
    }
  ],
  "hasContact": [
    {
      "@id": "https://data.datatourisme.fr/3894b106-fe68-3133-92bb-0456bee689f3",
      "schema:email": [
        "ranchoplage@gmail.com"
      ],
      "schema:telephone": [
        "+33 4 95 71 62 67"
      ],
      "@type": [
        "foaf:Agent",
        "Agent"
      ],
      "foaf:homepage": [
        "http://www.ranchoplage.com/"
      ]
    }
  ],
  "hasDescription": [
    {
      "@id": "https://data.datatourisme.fr/b7e21ca9-0d84-3e00-8d46-ffb839b9f3ee",
      "@type": [
        "Description"
      ],
      "hasTranslatedProperty": [
        {
          "@id": "https://data.datatourisme.fr/7ee82147-fd2e-3a64-a901-c162a3ddb648",
          "dc:contributor": [
            "https://api.deepl.com/v2/translate"
          ],
          "rdf:language": [
            "es"
          ],
          "rdf:predicate": [
            "shortDescription"
          ]
        },
        {
          "@id": "https://data.datatourisme.fr/80bf9859-00e0-3a40-a52d-138a1347e490",
          "dc:contributor": [
            "https://api.deepl.com/v2/translate"
          ],
          "rdf:language": [
            "de"
          ],
          "rdf:predicate": [
            "shortDescription"
          ]
        },
        {
          "@id": "https://data.datatourisme.fr/80ce03e9-0637-3a1a-a98b-836ea4a3ccdf",
          "dc:contributor": [
            "https://api.deepl.com/v2/translate"
          ],
          "rdf:language": [
            "en"
          ],
          "rdf:predicate": [
            "shortDescription"
          ]
        },
        {
          "@id": "https://data.datatourisme.fr/e8710e3c-2ab8-394a-ade0-99604cf3ed9a",
          "dc:contributor": [
            "https://api.deepl.com/v2/translate"
          ],
          "rdf:language": [
            "it"
          ],
          "rdf:predicate": [
            "shortDescription"
          ]
        },
        {
          "@id": "https://data.datatourisme.fr/f6ddaa2f-9178-31a7-af53-553bcf6c022f",
          "dc:contributor": [
            "https://api.deepl.com/v2/translate"
          ],
          "rdf:language": [
            "nl"
          ],
          "rdf:predicate": [
            "shortDescription"
          ]
        }
      ],
      "shortDescription": {
        "de": [
          "Ein herzlicher Empfang wird Ihnen für eine angenehme Zeit in Cala Rossa bereitet. Lassen Sie sich von einem diskreten und aufmerksamen Service beraten und mitreißen."
        ],
        "en": [
          "A warm welcome will be reserved for you for a pleasant moment in Cala Rossa. Settled under the lentisks, at the seaside with the sea and the relief as the only horizon, let yourself be advised and carried away by a discreet and attentive service."
        ],
        "it": [
          "Un caloroso benvenuto vi attende per un piacevole momento a Cala Rossa. Sistemati sotto i lentischi, in riva al mare, con il mare e le colline come unico orizzonte, lasciatevi consigliare e trasportare da un servizio discreto e attento."
        ],
        "fr": [
          "Un accueil chaleureux vous sera réservé pour un agréable moment à Cala Rossa. Installés sous les lentisques, au bord de mer avec pour seul horizon la mer et les reliefs, laissez vous conseiller et emporter par un service discret et attentionné."
        ],
        "es": [
          "Una cálida bienvenida le espera para pasar un momento agradable en Cala Rossa. Instalado bajo los lentiscos, a orillas del mar con el mar y las colinas como único horizonte, déjese aconsejar y llevar por un servicio discreto y atento."
        ],
        "nl": [
          "Een warm welkom wacht op u voor een aangenaam moment in Cala Rossa. Genesteld onder de lentisken, aan zee met de zee en de heuvels als enige horizon, laat u zich adviseren en meeslepen door een discrete en attente bediening."
        ]
      }
    }
  ],
  "hasTranslatedProperty": [
    {
      "@id": "https://data.datatourisme.fr/0b8983c4-7290-342b-9651-4b20146e3a1d",
      "dc:contributor": [
        "https://api.deepl.com/v2/translate"
      ],
      "rdf:language": [
        "nl"
      ],
      "rdf:predicate": [
        {
          "@id": "rdfs:comment"
        }
      ]
    },
    {
      "@id": "https://data.datatourisme.fr/0c17c69c-6532-3c4d-a817-b83f8a4dbfac",
      "dc:contributor": [
        "https://api.deepl.com/v2/translate"
      ],
      "rdf:language": [
        "en"
      ],
      "rdf:predicate": [
        {
          "@id": "rdfs:comment"
        }
      ]
    },
    {
      "@id": "https://data.datatourisme.fr/6b8c4ecc-5973-3087-8f23-c2cd43e45e43",
      "dc:contributor": [
        "https://api.deepl.com/v2/translate"
      ],
      "rdf:language": [
        "de"
      ],
      "rdf:predicate": [
        {
          "@id": "rdfs:comment"
        }
      ]
    },
    {
      "@id": "https://data.datatourisme.fr/eab8c3b6-d73d-33aa-a136-94d39ae98987",
      "dc:contributor": [
        "https://api.deepl.com/v2/translate"
      ],
      "rdf:language": [
        "es"
      ],
      "rdf:predicate": [
        {
          "@id": "rdfs:comment"
        }
      ]
    },
    {
      "@id": "https://data.datatourisme.fr/faf70646-ea89-3abb-bc72-9c477c852e15",
      "dc:contributor": [
        "https://api.deepl.com/v2/translate"
      ],
      "rdf:language": [
        "it"
      ],
      "rdf:predicate": [
        {
          "@id": "rdfs:comment"
        }
      ]
    }
  ],
  "isLocatedAt": [
    {
      "@id": "https://data.datatourisme.fr/3b42cdf9-3af7-3a22-85db-fe4a14af3974",
      "schema:address": [
        {
          "@id": "https://data.datatourisme.fr/8cf5ceea-da78-34f4-82c2-308d157bf1e5",
          "schema:addressLocality": "Lecci",
          "schema:postalCode": "20137",
          "schema:streetAddress": [
            "Plage de Cala Rossa"
          ],
          "@type": [
            "schema:PostalAddress",
            "PostalAddress"
          ],
          "hasAddressCity": {
            "@id": "kb:2A139",
            "@type": [
              "City"
            ],
            "rdfs:label": {
              "en": [
                "Lecci"
              ],
              "fr": [
                "Lecci"
              ]
            },
            "insee": "2A139",
            "isPartOfDepartment": {
              "@id": "kb:France942A",
              "@type": [
                "Department"
              ],
              "rdfs:label": {
                "en": [
                  "Corse-du-Sud"
                ],
                "fr": [
                  "Corse-du-Sud"
                ]
              },
              "insee": "2A",
              "isPartOfRegion": {
                "@id": "kb:France94",
                "@type": [
                  "Region"
                ],
                "rdfs:label": {
                  "en": [
                    "Corse"
                  ],
                  "fr": [
                    "Corse"
                  ]
                },
                "insee": "94",
                "isPartOfCountry": {
                  "@id": "kb:France",
                  "@type": [
                    "schema:Country"
                  ],
                  "rdfs:label": {
                    "de": [
                      "Frankreich"
                    ],
                    "pt": [
                      "França"
                    ],
                    "en": [
                      "France"
                    ],
                    "it": [
                      "Francia"
                    ],
                    "fr": [
                      "France"
                    ],
                    "nl": [
                      "Frankrijk"
                    ],
                    "es": [
                      "Francia"
                    ]
                  }
                }
              }
            }
          }
        }
      ],
      "schema:geo": {
        "@id": "https://data.datatourisme.fr/53eab1ad-a84d-3cc6-866a-e9badf288668",
        "schema:latitude": "41.620784",
        "schema:longitude": "9.33265",
        "@type": [
          "schema:GeoCoordinates"
        ]
      },
      "schema:openingHoursSpecification": [
        {
          "@id": "https://data.datatourisme.fr/0aed6874-88ac-38c4-baa9-1489db53b14e",
          "schema:validFrom": "2023-05-06T00:00:00",
          "schema:validThrough": "2023-10-08T23:59:59",
          "@type": [
            "schema:OpeningHoursSpecification"
          ],
          "additionalInformation": {
            "de": [
              "Montag, Dienstag, Mittwoch, Donnerstag, Freitag, Samstag, Sonntag: offen\n\nMontag, Dienstag, Mittwoch, Donnerstag, Freitag, Samstag, Sonntag: 12:00 bis 15:00 Uhr, 19:30 bis 00:00 Uhr"
            ],
            "en": [
              "Monday, Tuesday, Wednesday, Thursday, Friday, Saturday, Sunday: open\n\nMonday, Tuesday, Wednesday, Thursday, Friday, Saturday, Sunday: 12pm to 3pm, 7:30pm to 12am"
            ],
            "it": [
              "Lunedì, martedì, mercoledì, giovedì, venerdì, sabato, domenica: aperto\n\nLunedì, martedì, mercoledì, giovedì, venerdì, sabato, domenica: dalle 12:00 alle 15:00, dalle 19:30 alle 24:00"
            ],
            "fr": [
              "Lundi, Mardi, Mercredi, Jeudi, Vendredi, Samedi, Dimanche : ouvert\n\nLundi, Mardi, Mercredi, Jeudi, Vendredi, Samedi, Dimanche : 12h à 15h, 19h30 à 00h"
            ],
            "nl": [
              "Maandag, dinsdag, woensdag, donderdag, vrijdag, zaterdag, zondag: open\n\nMaandag, dinsdag, woensdag, donderdag, vrijdag, zaterdag, zondag: 12u tot 15u, 19u30 tot 12u"
            ],
            "es": [
              "Lunes, martes, miércoles, jueves, viernes, sábado y domingo: abierto\n\nLunes, martes, miércoles, jueves, viernes, sábado y domingo: de 12.00 a 15.00 horas y de 19.30 a 24.00 horas"
            ]
          },
          "hasTranslatedProperty": [
            {
              "@id": "https://data.datatourisme.fr/27517b10-d8cd-3f96-9118-f426c5b65bf8",
              "dc:contributor": [
                "https://api.deepl.com/v2/translate"
              ],
              "rdf:language": [
                "en"
              ],
              "rdf:predicate": [
                "additionalInformation"
              ]
            },
            {
              "@id": "https://data.datatourisme.fr/37a87036-e0b1-3067-8f67-c9a2319c9556",
              "dc:contributor": [
                "https://api.deepl.com/v2/translate"
              ],
              "rdf:language": [
                "nl"
              ],
              "rdf:predicate": [
                "additionalInformation"
              ]
            },
            {
              "@id": "https://data.datatourisme.fr/7069a789-46f0-30e6-94c6-4985b413485c",
              "dc:contributor": [
                "https://api.deepl.com/v2/translate"
              ],
              "rdf:language": [
                "it"
              ],
              "rdf:predicate": [
                "additionalInformation"
              ]
            },
            {
              "@id": "https://data.datatourisme.fr/db1112b6-5e5c-3fa5-ba14-8e204ca1f59d",
              "dc:contributor": [
                "https://api.deepl.com/v2/translate"
              ],
              "rdf:language": [
                "de"
              ],
              "rdf:predicate": [
                "additionalInformation"
              ]
            },
            {
              "@id": "https://data.datatourisme.fr/ee3a104c-2b54-37a9-bb5d-1fc3d507dc54",
              "dc:contributor": [
                "https://api.deepl.com/v2/translate"
              ],
              "rdf:language": [
                "es"
              ],
              "rdf:predicate": [
                "additionalInformation"
              ]
            }
          ]
        }
      ],
      "@type": [
        "schema:Place",
        "Place"
      ]
    }
  ],
  "isOwnedBy": [
    {
      "@id": "https://data.datatourisme.fr/f5f950f9-5eec-32b4-a357-2c969ccf4068",
      "schema:email": [
        "camillef.omt@gmail.com",
        "direction@destination-sudcorse.com",
        "gestion@destination-sudcorse.com",
        "promotion@destination-sudcorse.com",
        "webmaster@destination-sudcorse.com"
      ],
      "schema:legalName": "Porto Vecchio Tourisme",
      "@type": [
        "schema:Organization",
        "foaf:Agent",
        "Agent"
      ],
      "foaf:homepage": [
        "http://www.ot-portovecchio.com/"
      ]
    }
  ],
  "lastUpdate": "2022-12-30",
  "lastUpdateDatatourisme": "2023-02-28T06:40:59.536Z",
  "offers": [
    {
      "@id": "https://data.datatourisme.fr/2177e6c4-a6ed-3c3a-bfac-68be22aa1ce4",
      "schema:priceSpecification": [
        {
          "@id": "https://data.datatourisme.fr/54a8d32a-3c93-3ea2-a358-d5a60be93792",
          "schema:maxPrice": [
            "40"
          ],
          "schema:minPrice": [
            "15"
          ],
          "schema:priceCurrency": "EUR",
          "@type": [
            "schema:PriceSpecification",
            "PriceSpecification"
          ],
          "appliesOnPeriod": [
            {
              "@id": "https://data.datatourisme.fr/1552b803-324c-3883-9cfc-8fbdf921e771",
              "@type": [
                "Period"
              ],
              "endDate": "2023-10-08",
              "startDate": "2023-05-06"
            }
          ]
        }
      ],
      "@type": [
        "schema:Offer",
        "Offer"
      ]
    }
  ]
}