{
  "@id": "https://data.datatourisme.fr/13/6de8dd9a-f534-3861-9e2e-52effed64b56",
  "dc:identifier": "5087472",
  "@type": [
    "Convent",
    "CulturalSite",
    "PlaceOfInterest",
    "PointOfInterest",
    "ReligiousSite"
  ],
  "rdfs:comment": {
    "de": [
      "Das Kloster Saint-Dominique wurde 1456 von zwei Franziskanermönchen des Observantenordens gegründet. Nachdem es während der Revolution zerstört worden war, bauten die Dominikaner es als Studienort wieder auf. Es wird von der Johannesgemeinschaft bewohnt."
    ],
    "en": [
      "Saint-Dominique convent was founded in 1456 by two Franciscan priests of the Observantine Order. After being destroyed during the Revolution, the Dominicans rebuilt it as a place of study. It is now occupied by the community of Saint John."
    ],
    "it": [
      "Il convento di San Domenico fu fondato nel 1456 da due monaci francescani dell'Ordine Osservante. Dopo essere stato distrutto durante la Rivoluzione, i domenicani lo ricostruirono come luogo di studio. Oggi è occupato dalla comunità di San Giovanni."
    ],
    "fr": [
      "Le couvent de Saint-Dominique fondé en 1456 par deux religieux Franciscains de l’Ordre des Observantins. Après avoir été détruit lors de la Révolution, les Dominicains le reconstruisent en lieu d’étude. Il est occupé par la communauté de Saint-Jean."
    ],
    "nl": [
      "Het klooster van Sint Dominicus werd in 1456 gesticht door twee Franciscaner monniken van de Observantijnse Orde. Na te zijn verwoest tijdens de Revolutie, herbouwden de Dominicanen het als studieplek. Het wordt nu bewoond door de gemeenschap van Sint Jan."
    ],
    "es": [
      "El convento de Santo Domingo fue fundado en 1456 por dos monjes franciscanos de la Orden Observante. Tras ser destruido durante la Revolución, los dominicos lo reconstruyeron como lugar de estudio. Ahora está ocupada por la comunidad de San Juan."
    ]
  },
  "rdfs:label": {
    "fr": [
      "Couvent Saint Dominique"
    ]
  },
  "owl:sameAs": [
    "http://www.wikidata.org/entity/Q22996394"
  ],
  "hasBeenCreatedBy": {
    "@id": "https://data.datatourisme.fr/13/8d420fa3-5754-31f1-8199-69c88780314d",
    "dc:identifier": "1647",
    "schema:email": [
      "web@ileroussetourisme.com"
    ],
    "schema:legalName": "Office de Tourisme Intercommunal de L'Ile Rousse-Balagne",
    "@type": [
      "schema:Organization",
      "foaf:Agent",
      "Agent"
    ],
    "foaf:homepage": [
      "https://www.balagne-corsica.com/"
    ]
  },
  "hasBeenPublishedBy": [
    {
      "@id": "https://data.datatourisme.fr/8a9feb4b-2cbd-3d2c-b507-bd6c6776b23b",
      "schema:legalName": "Apidae Tourisme Scic SA - source : Apidae Tourisme",
      "@type": [
        "schema:Organization",
        "foaf:Agent",
        "Agent"
      ],
      "foaf:homepage": [
        "https://www.apidae-tourisme.com/"
      ]
    }
  ],
  "hasDescription": [
    {
      "@id": "https://data.datatourisme.fr/3dc257d4-ecd3-361a-a85f-0dbbe52e65f8",
      "@type": [
        "Description"
      ],
      "hasTranslatedProperty": [
        {
          "@id": "https://data.datatourisme.fr/06e04e17-bde2-3986-a253-a2f7c0218636",
          "dc:contributor": [
            "https://api.deepl.com/v2/translate"
          ],
          "rdf:language": [
            "nl"
          ],
          "rdf:predicate": [
            "shortDescription"
          ]
        },
        {
          "@id": "https://data.datatourisme.fr/5f413002-7055-322f-bc7f-d02d03413d7d",
          "dc:contributor": [
            "https://api.deepl.com/v2/translate"
          ],
          "rdf:language": [
            "es"
          ],
          "rdf:predicate": [
            "shortDescription"
          ]
        },
        {
          "@id": "https://data.datatourisme.fr/84820422-350e-30ef-953e-f8064d0be077",
          "dc:contributor": [
            "https://api.deepl.com/v2/translate"
          ],
          "rdf:language": [
            "de"
          ],
          "rdf:predicate": [
            "shortDescription"
          ]
        }
      ],
      "shortDescription": {
        "de": [
          "Das Kloster Saint-Dominique wurde 1456 von zwei Franziskanermönchen des Observantenordens gegründet. Nachdem es während der Revolution zerstört worden war, bauten die Dominikaner es als Studienort wieder auf. Es wird von der Johannesgemeinschaft bewohnt."
        ],
        "en": [
          "Saint-Dominique convent was founded in 1456 by two Franciscan priests of the Observantine Order. After being destroyed during the Revolution, the Dominicans rebuilt it as a place of study. It is now occupied by the community of Saint John."
        ],
        "it": [
          "Il convento di San Domenico fu fondato nel 1456 da due monaci francescani dell'Ordine Osservante. Dopo essere stato distrutto durante la Rivoluzione, i domenicani lo ricostruirono come luogo di studio. Oggi è occupato dalla comunità di San Giovanni."
        ],
        "fr": [
          "Le couvent de Saint-Dominique fondé en 1456 par deux religieux Franciscains de l’Ordre des Observantins. Après avoir été détruit lors de la Révolution, les Dominicains le reconstruisent en lieu d’étude. Il est occupé par la communauté de Saint-Jean."
        ],
        "nl": [
          "Het klooster van Sint Dominicus werd in 1456 gesticht door twee Franciscaner monniken van de Observantijnse Orde. Na te zijn verwoest tijdens de Revolutie, herbouwden de Dominicanen het als studieplek. Het wordt nu bewoond door de gemeenschap van Sint Jan."
        ],
        "es": [
          "El convento de Santo Domingo fue fundado en 1456 por dos monjes franciscanos de la Orden Observante. Tras ser destruido durante la Revolución, los dominicos lo reconstruyeron como lugar de estudio. Ahora está ocupada por la comunidad de San Juan."
        ]
      }
    }
  ],
  "hasRepresentation": [
    {
      "@id": "https://data.datatourisme.fr/7eaee96b-e403-3844-a984-dd622d20fd8e",
      "ebucore:hasAnnotation": [
        {
          "@id": "https://data.datatourisme.fr/824a1054-9ecc-3096-94b7-f1658910e2df",
          "ebucore:isCoveredBy": "CC BY-SA 3.0",
          "ebucore:title": [
            "Corbara-couvent-3"
          ],
          "@type": [
            "ebucore:Annotation"
          ],
          "credits": [
            "Pierre Bona (https://commons.wikimedia.org/wiki/User:Pierre_Bona)"
          ]
        }
      ],
      "ebucore:hasRelatedResource": [
        {
          "@id": "https://data.datatourisme.fr/26ce969c-2e9e-3f0c-9ff0-e9cfaae59f5f",
          "ebucore:fileSize": [
            7426806
          ],
          "ebucore:hasMimeType": [
            {
              "@id": "kb:JPEG",
              "@type": [
                "ebucore:MimeType"
              ],
              "rdfs:comment": {
                "de": [
                  "JPEG-Bild"
                ],
                "pt": [
                  "Imagem JPEG"
                ],
                "en": [
                  "JPEG image file"
                ],
                "it": [
                  "Immagine JPEG"
                ],
                "fr": [
                  "Image JPEG"
                ],
                "nl": [
                  "JPEG-afbeelding"
                ],
                "es": [
                  "Imagen JPEG"
                ]
              },
              "rdfs:label": {
                "de": [
                  "image/jpeg"
                ],
                "pt": [
                  "image/jpeg"
                ],
                "en": [
                  "image/jpeg"
                ],
                "it": [
                  "image/jpeg"
                ],
                "fr": [
                  "image/jpeg"
                ],
                "nl": [
                  "image/jpeg"
                ],
                "es": [
                  "image/jpeg"
                ]
              }
            }
          ],
          "ebucore:height": 2352,
          "ebucore:locator": [
            "https://upload.wikimedia.org/wikipedia/commons/b/b4/Corbara-couvent-3.jpg"
          ],
          "ebucore:width": 3136,
          "@type": [
            "ebucore:Resource"
          ]
        }
      ],
      "@type": [
        "ebucore:EditorialObject"
      ]
    }
  ],
  "hasTheme": [
    {
      "@id": "kb:Culture",
      "@type": [
        "CulturalTheme"
      ],
      "rdfs:label": {
        "de": [
          "Kultur"
        ],
        "pt": [
          "Cultura"
        ],
        "en": [
          "Culture"
        ],
        "it": [
          "Cultura"
        ],
        "fr": [
          "Culture"
        ],
        "nl": [
          "Cultuur"
        ],
        "es": [
          "Cultura"
        ]
      }
    }
  ],
  "hasTranslatedProperty": [
    {
      "@id": "https://data.datatourisme.fr/68b0c674-50a5-3c7f-989e-60329776d62b",
      "dc:contributor": [
        "https://api.deepl.com/v2/translate"
      ],
      "rdf:language": [
        "es"
      ],
      "rdf:predicate": [
        {
          "@id": "rdfs:comment"
        }
      ]
    },
    {
      "@id": "https://data.datatourisme.fr/b17f5e77-291f-3480-959b-9f18e37d3ef3",
      "dc:contributor": [
        "https://api.deepl.com/v2/translate"
      ],
      "rdf:language": [
        "nl"
      ],
      "rdf:predicate": [
        {
          "@id": "rdfs:comment"
        }
      ]
    },
    {
      "@id": "https://data.datatourisme.fr/c649e946-f6d8-3d01-b605-e7801bc4a74e",
      "dc:contributor": [
        "https://api.deepl.com/v2/translate"
      ],
      "rdf:language": [
        "de"
      ],
      "rdf:predicate": [
        {
          "@id": "rdfs:comment"
        }
      ]
    }
  ],
  "isLocatedAt": [
    {
      "@id": "https://data.datatourisme.fr/dd0be3ec-c2d5-339e-b280-8ca132c8f8eb",
      "schema:address": [
        {
          "@id": "https://data.datatourisme.fr/83f361d2-cd6c-33e9-91d2-a4c219c9374e",
          "schema:addressLocality": "Corbara",
          "schema:postalCode": "20220",
          "@type": [
            "schema:PostalAddress",
            "PostalAddress"
          ],
          "hasAddressCity": {
            "@id": "kb:2B093",
            "@type": [
              "City"
            ],
            "rdfs:label": {
              "en": [
                "Corbara"
              ],
              "fr": [
                "Corbara"
              ]
            },
            "insee": "2B093",
            "isPartOfDepartment": {
              "@id": "kb:France942B",
              "@type": [
                "Department"
              ],
              "rdfs:label": {
                "en": [
                  "Haute-Corse"
                ],
                "fr": [
                  "Haute-Corse"
                ]
              },
              "insee": "2B",
              "isPartOfRegion": {
                "@id": "kb:France94",
                "@type": [
                  "Region"
                ],
                "rdfs:label": {
                  "en": [
                    "Corse"
                  ],
                  "fr": [
                    "Corse"
                  ]
                },
                "insee": "94",
                "isPartOfCountry": {
                  "@id": "kb:France",
                  "@type": [
                    "schema:Country"
                  ],
                  "rdfs:label": {
                    "de": [
                      "Frankreich"
                    ],
                    "pt": [
                      "França"
                    ],
                    "en": [
                      "France"
                    ],
                    "it": [
                      "Francia"
                    ],
                    "fr": [
                      "France"
                    ],
                    "nl": [
                      "Frankrijk"
                    ],
                    "es": [
                      "Francia"
                    ]
                  }
                }
              }
            }
          }
        }
      ],
      "schema:geo": {
        "@id": "https://data.datatourisme.fr/15ee0786-cf15-359f-a785-4b7ba9c4a48d",
        "schema:latitude": "42.603079",
        "schema:longitude": "8.91216",
        "@type": [
          "schema:GeoCoordinates"
        ]
      },
      "schema:openingHoursSpecification": [
        {
          "@id": "https://data.datatourisme.fr/f87e535a-636d-3343-ad63-8a03392e7511",
          "schema:validFrom": "2023-01-01T00:00:00",
          "schema:validThrough": "2023-12-31T23:59:59",
          "@type": [
            "schema:OpeningHoursSpecification"
          ]
        }
      ],
      "@type": [
        "schema:Place",
        "Place"
      ]
    }
  ],
  "isOwnedBy": [
    {
      "@id": "https://data.datatourisme.fr/252af22a-253d-33df-b9d7-204832749402",
      "schema:email": [
        "web@ileroussetourisme.com"
      ],
      "schema:legalName": "Office de Tourisme Intercommunal de L'Ile Rousse-Balagne",
      "@type": [
        "schema:Organization",
        "foaf:Agent",
        "Agent"
      ],
      "foaf:homepage": [
        "https://www.balagne-corsica.com/"
      ]
    }
  ],
  "lastUpdate": "2022-12-15",
  "lastUpdateDatatourisme": "2023-02-22T06:42:37.867Z"
}