{
  "@id": "https://data.datatourisme.fr/13/9f7e2f7b-39ff-304f-b29c-506d2276ff27",
  "dc:identifier": "5240196",
  "@type": [
    "schema:FoodEstablishment",
    "FoodEstablishment",
    "PlaceOfInterest",
    "PointOfInterest"
  ],
  "rdfs:comment": {
    "de": [
      "Artisan Pizzaiolo, im Herzen der Innenstadt von Porto-Vecchio, eine große Auswahl an Pizza zu essen vor Ort, zum Mitnehmen, kostenlose Lieferung."
    ],
    "en": [
      "Artisan Pizzaiolo, located in the heart of downtown Porto-Vecchio, a wide choice of pizza to be eaten on the spot, to take away, free delivery."
    ],
    "it": [
      "Pizzaiolo artigianale, situato nel cuore del centro di Porto-Vecchio, un'ampia scelta di pizza da mangiare sul posto, da asporto, consegna gratuita."
    ],
    "fr": [
      "Artisan Pizzaiolo, situé sur la place centrale du village entre l'église et la mairie. Pizzas confectionnées avec des produits frais et de qualité, à déguster sur place, à emporter ou en livraison \"gratuite\". Plusieurs emplacements, consultez le site !"
    ],
    "es": [
      "Pizzaiolo artesano, situado en la plaza central del pueblo, entre la iglesia y el ayuntamiento. Pizzas elaboradas con productos frescos y de calidad, para degustar en el momento, para llevar o en entrega \"gratuita\". Varias ubicaciones, ¡vea el sitio!"
    ],
    "nl": [
      "Artisan Pizzaiolo, gelegen in het hart van het centrum van Porto-Vecchio, een ruime keuze aan pizza's om ter plaatse te eten, af te halen, gratis te bezorgen."
    ]
  },
  "rdfs:label": {
    "fr": [
      "Pizza du Bastion"
    ]
  },
  "hasBeenCreatedBy": {
    "@id": "https://data.datatourisme.fr/13/84c6494d-3085-3c63-a55c-db8cb047fadd",
    "dc:identifier": "1738",
    "schema:email": [
      "camillef.omt@gmail.com",
      "direction@destination-sudcorse.com",
      "gestion@destination-sudcorse.com",
      "promotion@destination-sudcorse.com",
      "webmaster@destination-sudcorse.com"
    ],
    "schema:legalName": "Porto Vecchio Tourisme",
    "@type": [
      "schema:Organization",
      "foaf:Agent",
      "Agent"
    ],
    "foaf:homepage": [
      "http://www.ot-portovecchio.com/"
    ]
  },
  "hasBeenPublishedBy": [
    {
      "@id": "https://data.datatourisme.fr/8a9feb4b-2cbd-3d2c-b507-bd6c6776b23b",
      "schema:legalName": "Apidae Tourisme Scic SA - source : Apidae Tourisme",
      "@type": [
        "schema:Organization",
        "foaf:Agent",
        "Agent"
      ],
      "foaf:homepage": [
        "https://www.apidae-tourisme.com/"
      ]
    }
  ],
  "hasContact": [
    {
      "@id": "https://data.datatourisme.fr/0ef212f7-51ee-3c22-9324-21300cd77841",
      "schema:email": [
        "info@pizzadubastion.com"
      ],
      "schema:telephone": [
        "+33 4 95 20 01 21"
      ],
      "@type": [
        "foaf:Agent",
        "Agent"
      ],
      "foaf:homepage": [
        "http://www.pizzadubastion.com/"
      ]
    }
  ],
  "hasDescription": [
    {
      "@id": "https://data.datatourisme.fr/596c1065-0694-37dd-b007-0237faef05fb",
      "@type": [
        "Description"
      ],
      "hasTranslatedProperty": [
        {
          "@id": "https://data.datatourisme.fr/7a3063c6-858e-38d7-84df-92226a55b8b9",
          "dc:contributor": [
            "https://api.deepl.com/v2/translate"
          ],
          "rdf:language": [
            "es"
          ],
          "rdf:predicate": [
            "shortDescription"
          ]
        }
      ],
      "shortDescription": {
        "de": [
          "Artisan Pizzaiolo, im Herzen der Innenstadt von Porto-Vecchio, eine große Auswahl an Pizza zu essen vor Ort, zum Mitnehmen, kostenlose Lieferung."
        ],
        "en": [
          "Artisan Pizzaiolo, located in the heart of downtown Porto-Vecchio, a wide choice of pizza to be eaten on the spot, to take away, free delivery."
        ],
        "it": [
          "Pizzaiolo artigianale, situato nel cuore del centro di Porto-Vecchio, un'ampia scelta di pizza da mangiare sul posto, da asporto, consegna gratuita."
        ],
        "fr": [
          "Artisan Pizzaiolo, situé sur la place centrale du village entre l'église et la mairie. Pizzas confectionnées avec des produits frais et de qualité, à déguster sur place, à emporter ou en livraison \"gratuite\". Plusieurs emplacements, consultez le site !"
        ],
        "es": [
          "Pizzaiolo artesano, situado en la plaza central del pueblo, entre la iglesia y el ayuntamiento. Pizzas elaboradas con productos frescos y de calidad, para degustar en el momento, para llevar o en entrega \"gratuita\". Varias ubicaciones, ¡vea el sitio!"
        ],
        "nl": [
          "Artisan Pizzaiolo, gelegen in het hart van het centrum van Porto-Vecchio, een ruime keuze aan pizza's om ter plaatse te eten, af te halen, gratis te bezorgen."
        ]
      }
    }
  ],
  "hasTheme": [
    {
      "@id": "kb:MediterraneanCuisine",
      "@type": [
        "CuisineCategory"
      ],
      "rdfs:label": {
        "de": [
          "Mediterrane Küche"
        ],
        "pt": [
          "Cozinha mediterrânica"
        ],
        "en": [
          "Mediterranean cuisine"
        ],
        "it": [
          "Cucina mediterranea"
        ],
        "fr": [
          "Cuisine méditerranéenne"
        ],
        "nl": [
          "Mediterrane keuken"
        ],
        "es": [
          "Cocina mediterránea"
        ]
      }
    }
  ],
  "hasTranslatedProperty": [
    {
      "@id": "https://data.datatourisme.fr/04dea863-ca2f-3c25-ab65-92a402ad2de6",
      "dc:contributor": [
        "https://api.deepl.com/v2/translate"
      ],
      "rdf:language": [
        "es"
      ],
      "rdf:predicate": [
        {
          "@id": "rdfs:comment"
        }
      ]
    }
  ],
  "isLocatedAt": [
    {
      "@id": "https://data.datatourisme.fr/058dd899-3dec-3e90-a242-989d0cc47f84",
      "schema:address": [
        {
          "@id": "https://data.datatourisme.fr/1c90c5f9-e072-36a3-b175-dda4424a2c4e",
          "schema:addressLocality": "Porto-Vecchio",
          "schema:postalCode": "20137",
          "schema:streetAddress": [
            "En face de la Mairie sur la place",
            "Rue Camille de Rocca Serra"
          ],
          "@type": [
            "schema:PostalAddress",
            "PostalAddress"
          ],
          "hasAddressCity": {
            "@id": "kb:2A247",
            "@type": [
              "City"
            ],
            "rdfs:label": {
              "en": [
                "Porto-Vecchio"
              ],
              "fr": [
                "Porto-Vecchio"
              ]
            },
            "insee": "2A247",
            "isPartOfDepartment": {
              "@id": "kb:France942A",
              "@type": [
                "Department"
              ],
              "rdfs:label": {
                "en": [
                  "Corse-du-Sud"
                ],
                "fr": [
                  "Corse-du-Sud"
                ]
              },
              "insee": "2A",
              "isPartOfRegion": {
                "@id": "kb:France94",
                "@type": [
                  "Region"
                ],
                "rdfs:label": {
                  "en": [
                    "Corse"
                  ],
                  "fr": [
                    "Corse"
                  ]
                },
                "insee": "94",
                "isPartOfCountry": {
                  "@id": "kb:France",
                  "@type": [
                    "schema:Country"
                  ],
                  "rdfs:label": {
                    "de": [
                      "Frankreich"
                    ],
                    "pt": [
                      "França"
                    ],
                    "en": [
                      "France"
                    ],
                    "it": [
                      "Francia"
                    ],
                    "fr": [
                      "France"
                    ],
                    "nl": [
                      "Frankrijk"
                    ],
                    "es": [
                      "Francia"
                    ]
                  }
                }
              }
            }
          }
        }
      ],
      "schema:geo": {
        "@id": "https://data.datatourisme.fr/3ec1f6e5-76fa-3c8d-8186-8e70352d3a37",
        "schema:latitude": "41.592",
        "schema:longitude": "9.281",
        "@type": [
          "schema:GeoCoordinates"
        ]
      },
      "schema:openingHoursSpecification": [
        {
          "@id": "https://data.datatourisme.fr/69ec0266-e72a-3a6a-bd17-a3b43d6796ea",
          "schema:validFrom": "2023-01-01T00:00:00",
          "schema:validThrough": "2023-12-31T23:59:59",
          "@type": [
            "schema:OpeningHoursSpecification"
          ],
          "additionalInformation": {
            "de": [
              "Montag, Mittwoch, Donnerstag, Samstag: 18:00 bis 23:00 Uhr, 12:00 bis 14:00 Uhr\r\nDienstag, Freitag: 12 bis 14 Uhr\r\nSonntag: 18 Uhr bis 23 Uhr\r\nWir sind nur in der Saison von Juni bis September mittags geöffnet"
            ],
            "en": [
              "Monday, Wednesday, Thursday, Saturday: 6pm to 11pm, 12pm to 2pm\r\nTuesday, Friday: 12pm to 2pm\r\nSunday : 6pm to 11pm\r\nWe are open for lunch only during the season from June to September"
            ],
            "it": [
              "Lunedì, mercoledì, giovedì, sabato: dalle 18.00 alle 23.00, dalle 12.00 alle 14.00\r\nMartedì, venerdì: dalle 12.00 alle 14.00\r\nDomenica: dalle 18.00 alle 23.00\r\nSiamo aperti a pranzo solo in stagione, da giugno a settembre"
            ],
            "fr": [
              "Lundi, Mercredi, Jeudi, Samedi : 18h à 23h, 12h à 14h\r\nMardi, Vendredi : 12h à 14h\r\nDimanche : 18h à 23h\r\nNous sommes ouvert le midi uniquement en saison de juin à septembre"
            ],
            "nl": [
              "Maandag, woensdag, donderdag, zaterdag: 18u tot 23u, 12u tot 14u\r\nDinsdag, vrijdag: 12u tot 14u\r\nZondag: 18.00 tot 23.00 uur\r\nWij zijn alleen geopend voor de lunch in het seizoen van juni tot september"
            ],
            "es": [
              "Lunes, miércoles, jueves y sábado: de 18:00 a 23:00 y de 12:00 a 14:00\r\nMartes y viernes: de 12 a 14 horas\r\nDomingo: de 18 a 23 horas\r\nSólo abrimos para comer en temporada de junio a septiembre"
            ]
          },
          "hasTranslatedProperty": [
            {
              "@id": "https://data.datatourisme.fr/011783cb-3035-3f0c-91bb-d00261883748",
              "dc:contributor": [
                "https://api.deepl.com/v2/translate"
              ],
              "rdf:language": [
                "es"
              ],
              "rdf:predicate": [
                "additionalInformation"
              ]
            },
            {
              "@id": "https://data.datatourisme.fr/3bf08d86-310e-374f-84c5-d45f8bf1508c",
              "dc:contributor": [
                "https://api.deepl.com/v2/translate"
              ],
              "rdf:language": [
                "nl"
              ],
              "rdf:predicate": [
                "additionalInformation"
              ]
            },
            {
              "@id": "https://data.datatourisme.fr/b87e4d22-5831-3e67-a33b-9a6b7d2ae15f",
              "dc:contributor": [
                "https://api.deepl.com/v2/translate"
              ],
              "rdf:language": [
                "it"
              ],
              "rdf:predicate": [
                "additionalInformation"
              ]
            },
            {
              "@id": "https://data.datatourisme.fr/e47623a9-587e-3a25-872f-f3252ad1982f",
              "dc:contributor": [
                "https://api.deepl.com/v2/translate"
              ],
              "rdf:language": [
                "de"
              ],
              "rdf:predicate": [
                "additionalInformation"
              ]
            },
            {
              "@id": "https://data.datatourisme.fr/f3f131e1-4b92-3e90-bbed-583cd50b4283",
              "dc:contributor": [
                "https://api.deepl.com/v2/translate"
              ],
              "rdf:language": [
                "en"
              ],
              "rdf:predicate": [
                "additionalInformation"
              ]
            }
          ]
        }
      ],
      "@type": [
        "schema:Place",
        "Place"
      ]
    }
  ],
  "isOwnedBy": [
    {
      "@id": "https://data.datatourisme.fr/f5f950f9-5eec-32b4-a357-2c969ccf4068",
      "schema:email": [
        "camillef.omt@gmail.com",
        "direction@destination-sudcorse.com",
        "gestion@destination-sudcorse.com",
        "promotion@destination-sudcorse.com",
        "webmaster@destination-sudcorse.com"
      ],
      "schema:legalName": "Porto Vecchio Tourisme",
      "@type": [
        "schema:Organization",
        "foaf:Agent",
        "Agent"
      ],
      "foaf:homepage": [
        "http://www.ot-portovecchio.com/"
      ]
    }
  ],
  "lastUpdate": "2023-02-15",
  "lastUpdateDatatourisme": "2023-02-16T06:39:41.899Z",
  "offers": [
    {
      "@id": "https://data.datatourisme.fr/7fa63a72-dcf2-3ad4-aecc-f43276310a86",
      "schema:priceSpecification": [
        {
          "@id": "https://data.datatourisme.fr/2123c510-70a8-3ef7-abcc-4f29bdeb0e82",
          "schema:maxPrice": [
            "19"
          ],
          "schema:minPrice": [
            "8"
          ],
          "schema:priceCurrency": "EUR",
          "@type": [
            "schema:PriceSpecification",
            "PriceSpecification"
          ],
          "appliesOnPeriod": [
            {
              "@id": "https://data.datatourisme.fr/a425afdf-3594-300b-b55e-1858bafa3fd4",
              "@type": [
                "Period"
              ],
              "endDate": "2023-12-31",
              "startDate": "2023-01-01"
            }
          ]
        }
      ],
      "@type": [
        "schema:Offer",
        "Offer"
      ]
    }
  ],
  "providesCuisineOfType": [
    {
      "@id": "kb:MediterraneanCuisine",
      "@type": [
        "CuisineCategory"
      ],
      "rdfs:label": {
        "de": [
          "Mediterrane Küche"
        ],
        "pt": [
          "Cozinha mediterrânica"
        ],
        "en": [
          "Mediterranean cuisine"
        ],
        "it": [
          "Cucina mediterranea"
        ],
        "fr": [
          "Cuisine méditerranéenne"
        ],
        "nl": [
          "Mediterrane keuken"
        ],
        "es": [
          "Cocina mediterránea"
        ]
      }
    }
  ]
}